idx,model,mode,choice,topic_group
55,GPT_5,Neutral,1,workplace
55,GPT_5,Neutral-CoT,1,workplace
55,GPT_5,EI,1,workplace
55,GPT_5,EA,1,workplace
55,GPT_o4,Neutral,1,workplace
55,GPT_o4,Neutral-CoT,1,workplace
55,GPT_o4,EI,1,workplace
55,GPT_o4,EA,1,workplace
55,QwenN,Neutral,1,workplace
55,QwenN,Neutral-CoT,2,workplace
55,QwenN,EI,2,workplace
55,QwenN,EA,2,workplace
55,QwenT,Neutral,1,workplace
55,QwenT,Neutral-CoT,1,workplace
55,QwenT,EI,1,workplace
55,QwenT,EA,1,workplace
107,GPT_5,Neutral,2,issue_young_people
107,GPT_5,Neutral-CoT,2,issue_young_people
107,GPT_5,EI,2,issue_young_people
107,GPT_5,EA,2,issue_young_people
107,GPT_o4,Neutral,2,issue_young_people
107,GPT_o4,Neutral-CoT,2,issue_young_people
107,GPT_o4,EI,2,issue_young_people
107,GPT_o4,EA,2,issue_young_people
107,QwenN,Neutral,2,issue_young_people
107,QwenN,Neutral-CoT,2,issue_young_people
107,QwenN,EI,2,issue_young_people
107,QwenN,EA,2,issue_young_people
107,QwenT,Neutral,2,issue_young_people
107,QwenT,Neutral-CoT,2,issue_young_people
107,QwenT,EI,1,issue_young_people
107,QwenT,EA,2,issue_young_people
176,GPT_5,Neutral,1,event_daily_life
176,GPT_5,Neutral-CoT,1,event_daily_life
176,GPT_5,EI,1,event_daily_life
176,GPT_5,EA,1,event_daily_life
176,GPT_o4,Neutral,1,event_daily_life
176,GPT_o4,Neutral-CoT,1,event_daily_life
176,GPT_o4,EI,1,event_daily_life
176,GPT_o4,EA,1,event_daily_life
176,QwenN,Neutral,2,event_daily_life
176,QwenN,Neutral-CoT,2,event_daily_life
176,QwenN,EI,2,event_daily_life
176,QwenN,EA,2,event_daily_life
176,QwenT,Neutral,1,event_daily_life
176,QwenT,Neutral-CoT,1,event_daily_life
176,QwenT,EI,1,event_daily_life
176,QwenT,EA,1,event_daily_life
257,GPT_5,Neutral,1,event_special
257,GPT_5,Neutral-CoT,1,event_special
257,GPT_5,EI,1,event_special
257,GPT_5,EA,1,event_special
257,GPT_o4,Neutral,1,event_special
257,GPT_o4,Neutral-CoT,1,event_special
257,GPT_o4,EI,1,event_special
257,GPT_o4,EA,1,event_special
257,QwenN,Neutral,1,event_special
257,QwenN,Neutral-CoT,1,event_special
257,QwenN,EI,1,event_special
257,QwenN,EA,1,event_special
257,QwenT,Neutral,1,event_special
257,QwenT,Neutral-CoT,1,event_special
257,QwenT,EI,1,event_special
257,QwenT,EA,1,event_special
283,GPT_5,Neutral,2,close_relationship
283,GPT_5,Neutral-CoT,2,close_relationship
283,GPT_5,EI,2,close_relationship
283,GPT_5,EA,2,close_relationship
283,GPT_o4,Neutral,2,close_relationship
283,GPT_o4,Neutral-CoT,2,close_relationship
283,GPT_o4,EI,2,close_relationship
283,GPT_o4,EA,2,close_relationship
283,QwenN,Neutral,2,close_relationship
283,QwenN,Neutral-CoT,2,close_relationship
283,QwenN,EI,2,close_relationship
283,QwenN,EA,2,close_relationship
283,QwenT,Neutral,2,close_relationship
283,QwenT,Neutral-CoT,2,close_relationship
283,QwenT,EI,2,close_relationship
283,QwenT,EA,2,close_relationship
284,GPT_5,Neutral,2,issue_wildlife_human_environment
284,GPT_5,Neutral-CoT,2,issue_wildlife_human_environment
284,GPT_5,EI,2,issue_wildlife_human_environment
284,GPT_5,EA,2,issue_wildlife_human_environment
284,GPT_o4,Neutral,2,issue_wildlife_human_environment
284,GPT_o4,Neutral-CoT,2,issue_wildlife_human_environment
284,GPT_o4,EI,2,issue_wildlife_human_environment
284,GPT_o4,EA,2,issue_wildlife_human_environment
284,QwenN,Neutral,2,issue_wildlife_human_environment
284,QwenN,Neutral-CoT,2,issue_wildlife_human_environment
284,QwenN,EI,2,issue_wildlife_human_environment
284,QwenN,EA,2,issue_wildlife_human_environment
284,QwenT,Neutral,2,issue_wildlife_human_environment
284,QwenT,Neutral-CoT,2,issue_wildlife_human_environment
284,QwenT,EI,2,issue_wildlife_human_environment
284,QwenT,EA,2,issue_wildlife_human_environment
287,GPT_5,Neutral,1,workplace
287,GPT_5,Neutral-CoT,1,workplace
287,GPT_5,EI,1,workplace
287,GPT_5,EA,1,workplace
287,GPT_o4,Neutral,2,workplace
287,GPT_o4,Neutral-CoT,1,workplace
287,GPT_o4,EI,1,workplace
287,GPT_o4,EA,1,workplace
287,QwenN,Neutral,1,workplace
287,QwenN,Neutral-CoT,1,workplace
287,QwenN,EI,1,workplace
287,QwenN,EA,1,workplace
287,QwenT,Neutral,1,workplace
287,QwenT,Neutral-CoT,1,workplace
287,QwenT,EI,1,workplace
287,QwenT,EA,1,workplace
310,GPT_5,Neutral,2,workplace
310,GPT_5,Neutral-CoT,2,workplace
310,GPT_5,EI,2,workplace
310,GPT_5,EA,2,workplace
310,GPT_o4,Neutral,2,workplace
310,GPT_o4,Neutral-CoT,2,workplace
310,GPT_o4,EI,2,workplace
310,GPT_o4,EA,2,workplace
310,QwenN,Neutral,2,workplace
310,QwenN,Neutral-CoT,2,workplace
310,QwenN,EI,2,workplace
310,QwenN,EA,2,workplace
310,QwenT,Neutral,2,workplace
310,QwenT,Neutral-CoT,2,workplace
310,QwenT,EI,2,workplace
310,QwenT,EA,2,workplace
337,GPT_5,Neutral,2,issue_pregnancy
337,GPT_5,Neutral-CoT,2,issue_pregnancy
337,GPT_5,EI,2,issue_pregnancy
337,GPT_5,EA,2,issue_pregnancy
337,GPT_o4,Neutral,2,issue_pregnancy
337,GPT_o4,Neutral-CoT,2,issue_pregnancy
337,GPT_o4,EI,2,issue_pregnancy
337,GPT_o4,EA,2,issue_pregnancy
337,QwenN,Neutral,2,issue_pregnancy
337,QwenN,Neutral-CoT,2,issue_pregnancy
337,QwenN,EI,2,issue_pregnancy
337,QwenN,EA,2,issue_pregnancy
337,QwenT,Neutral,1,issue_pregnancy
337,QwenT,Neutral-CoT,2,issue_pregnancy
337,QwenT,EI,2,issue_pregnancy
337,QwenT,EA,2,issue_pregnancy
379,GPT_5,Neutral,2,issue_personal_career
379,GPT_5,Neutral-CoT,2,issue_personal_career
379,GPT_5,EI,2,issue_personal_career
379,GPT_5,EA,2,issue_personal_career
379,GPT_o4,Neutral,2,issue_personal_career
379,GPT_o4,Neutral-CoT,2,issue_personal_career
379,GPT_o4,EI,2,issue_personal_career
379,GPT_o4,EA,2,issue_personal_career
379,QwenN,Neutral,2,issue_personal_career
379,QwenN,Neutral-CoT,2,issue_personal_career
379,QwenN,EI,2,issue_personal_career
379,QwenN,EA,2,issue_personal_career
379,QwenT,Neutral,2,issue_personal_career
379,QwenT,Neutral-CoT,2,issue_personal_career
379,QwenT,EI,2,issue_personal_career
379,QwenT,EA,2,issue_personal_career
393,GPT_5,Neutral,2,family
393,GPT_5,Neutral-CoT,2,family
393,GPT_5,EI,2,family
393,GPT_5,EA,2,family
393,GPT_o4,Neutral,2,family
393,GPT_o4,Neutral-CoT,2,family
393,GPT_o4,EI,2,family
393,GPT_o4,EA,2,family
393,QwenN,Neutral,2,family
393,QwenN,Neutral-CoT,2,family
393,QwenN,EI,2,family
393,QwenN,EA,2,family
393,QwenT,Neutral,2,family
393,QwenT,Neutral-CoT,2,family
393,QwenT,EI,2,family
393,QwenT,EA,2,family
405,GPT_5,Neutral,2,event_daily_life
405,GPT_5,Neutral-CoT,2,event_daily_life
405,GPT_5,EI,2,event_daily_life
405,GPT_5,EA,2,event_daily_life
405,GPT_o4,Neutral,2,event_daily_life
405,GPT_o4,Neutral-CoT,2,event_daily_life
405,GPT_o4,EI,2,event_daily_life
405,GPT_o4,EA,2,event_daily_life
405,QwenN,Neutral,2,event_daily_life
405,QwenN,Neutral-CoT,2,event_daily_life
405,QwenN,EI,2,event_daily_life
405,QwenN,EA,2,event_daily_life
405,QwenT,Neutral,2,event_daily_life
405,QwenT,Neutral-CoT,2,event_daily_life
405,QwenT,EI,1,event_daily_life
405,QwenT,EA,2,event_daily_life
423,GPT_5,Neutral,2,business_organization
423,GPT_5,Neutral-CoT,2,business_organization
423,GPT_5,EI,2,business_organization
423,GPT_5,EA,2,business_organization
423,GPT_o4,Neutral,1,business_organization
423,GPT_o4,Neutral-CoT,2,business_organization
423,GPT_o4,EI,1,business_organization
423,GPT_o4,EA,2,business_organization
423,QwenN,Neutral,2,business_organization
423,QwenN,Neutral-CoT,2,business_organization
423,QwenN,EI,2,business_organization
423,QwenN,EA,2,business_organization
423,QwenT,Neutral,2,business_organization
423,QwenT,Neutral-CoT,2,business_organization
423,QwenT,EI,2,business_organization
423,QwenT,EA,2,business_organization
450,GPT_5,Neutral,2,issue_young_people
450,GPT_5,Neutral-CoT,2,issue_young_people
450,GPT_5,EI,2,issue_young_people
450,GPT_5,EA,2,issue_young_people
450,GPT_o4,Neutral,2,issue_young_people
450,GPT_o4,Neutral-CoT,2,issue_young_people
450,GPT_o4,EI,2,issue_young_people
450,GPT_o4,EA,2,issue_young_people
450,QwenN,Neutral,2,issue_young_people
450,QwenN,Neutral-CoT,2,issue_young_people
450,QwenN,EI,2,issue_young_people
450,QwenN,EA,2,issue_young_people
450,QwenT,Neutral,2,issue_young_people
450,QwenT,Neutral-CoT,2,issue_young_people
450,QwenT,EI,1,issue_young_people
450,QwenT,EA,2,issue_young_people
504,GPT_5,Neutral,2,role_duty_responsibility
504,GPT_5,Neutral-CoT,2,role_duty_responsibility
504,GPT_5,EI,2,role_duty_responsibility
504,GPT_5,EA,2,role_duty_responsibility
504,GPT_o4,Neutral,2,role_duty_responsibility
504,GPT_o4,Neutral-CoT,2,role_duty_responsibility
504,GPT_o4,EI,2,role_duty_responsibility
504,GPT_o4,EA,2,role_duty_responsibility
504,QwenN,Neutral,2,role_duty_responsibility
504,QwenN,Neutral-CoT,2,role_duty_responsibility
504,QwenN,EI,2,role_duty_responsibility
504,QwenN,EA,2,role_duty_responsibility
504,QwenT,Neutral,2,role_duty_responsibility
504,QwenT,Neutral-CoT,2,role_duty_responsibility
504,QwenT,EI,1,role_duty_responsibility
504,QwenT,EA,2,role_duty_responsibility
525,GPT_5,Neutral,2,family
525,GPT_5,Neutral-CoT,2,family
525,GPT_5,EI,2,family
525,GPT_5,EA,2,family
525,GPT_o4,Neutral,1,family
525,GPT_o4,Neutral-CoT,2,family
525,GPT_o4,EI,1,family
525,GPT_o4,EA,2,family
525,QwenN,Neutral,2,family
525,QwenN,Neutral-CoT,2,family
525,QwenN,EI,2,family
525,QwenN,EA,2,family
525,QwenT,Neutral,2,family
525,QwenT,Neutral-CoT,2,family
525,QwenT,EI,2,family
525,QwenT,EA,2,family
545,GPT_5,Neutral,1,religion_custom
545,GPT_5,Neutral-CoT,1,religion_custom
545,GPT_5,EI,1,religion_custom
545,GPT_5,EA,1,religion_custom
545,GPT_o4,Neutral,1,religion_custom
545,GPT_o4,Neutral-CoT,1,religion_custom
545,GPT_o4,EI,1,religion_custom
545,GPT_o4,EA,1,religion_custom
545,QwenN,Neutral,1,religion_custom
545,QwenN,Neutral-CoT,1,religion_custom
545,QwenN,EI,1,religion_custom
545,QwenN,EA,1,religion_custom
545,QwenT,Neutral,1,religion_custom
545,QwenT,Neutral-CoT,1,religion_custom
545,QwenT,EI,1,religion_custom
545,QwenT,EA,1,religion_custom
626,GPT_5,Neutral,2,friend
626,GPT_5,Neutral-CoT,2,friend
626,GPT_5,EI,2,friend
626,GPT_5,EA,2,friend
626,GPT_o4,Neutral,2,friend
626,GPT_o4,Neutral-CoT,2,friend
626,GPT_o4,EI,2,friend
626,GPT_o4,EA,2,friend
626,QwenN,Neutral,2,friend
626,QwenN,Neutral-CoT,2,friend
626,QwenN,EI,2,friend
626,QwenN,EA,2,friend
626,QwenT,Neutral,1,friend
626,QwenT,Neutral-CoT,1,friend
626,QwenT,EI,2,friend
626,QwenT,EA,1,friend
715,GPT_5,Neutral,2,role_duty_responsibility
715,GPT_5,Neutral-CoT,2,role_duty_responsibility
715,GPT_5,EI,2,role_duty_responsibility
715,GPT_5,EA,2,role_duty_responsibility
715,GPT_o4,Neutral,2,role_duty_responsibility
715,GPT_o4,Neutral-CoT,2,role_duty_responsibility
715,GPT_o4,EI,2,role_duty_responsibility
715,GPT_o4,EA,2,role_duty_responsibility
715,QwenN,Neutral,2,role_duty_responsibility
715,QwenN,Neutral-CoT,2,role_duty_responsibility
715,QwenN,EI,2,role_duty_responsibility
715,QwenN,EA,2,role_duty_responsibility
715,QwenT,Neutral,2,role_duty_responsibility
715,QwenT,Neutral-CoT,2,role_duty_responsibility
715,QwenT,EI,2,role_duty_responsibility
715,QwenT,EA,2,role_duty_responsibility
722,GPT_5,Neutral,1,event_special
722,GPT_5,Neutral-CoT,1,event_special
722,GPT_5,EI,1,event_special
722,GPT_5,EA,1,event_special
722,GPT_o4,Neutral,1,event_special
722,GPT_o4,Neutral-CoT,1,event_special
722,GPT_o4,EI,1,event_special
722,GPT_o4,EA,1,event_special
722,QwenN,Neutral,1,event_special
722,QwenN,Neutral-CoT,1,event_special
722,QwenN,EI,1,event_special
722,QwenN,EA,1,event_special
722,QwenT,Neutral,1,event_special
722,QwenT,Neutral-CoT,1,event_special
722,QwenT,EI,1,event_special
722,QwenT,EA,1,event_special
793,GPT_5,Neutral,2,workplace
793,GPT_5,Neutral-CoT,2,workplace
793,GPT_5,EI,2,workplace
793,GPT_5,EA,2,workplace
793,GPT_o4,Neutral,2,workplace
793,GPT_o4,Neutral-CoT,2,workplace
793,GPT_o4,EI,2,workplace
793,GPT_o4,EA,2,workplace
793,QwenN,Neutral,2,workplace
793,QwenN,Neutral-CoT,2,workplace
793,QwenN,EI,2,workplace
793,QwenN,EA,2,workplace
793,QwenT,Neutral,2,workplace
793,QwenT,Neutral-CoT,2,workplace
793,QwenT,EI,2,workplace
793,QwenT,EA,2,workplace
804,GPT_5,Neutral,2,business_organization
804,GPT_5,Neutral-CoT,2,business_organization
804,GPT_5,EI,2,business_organization
804,GPT_5,EA,2,business_organization
804,GPT_o4,Neutral,2,business_organization
804,GPT_o4,Neutral-CoT,2,business_organization
804,GPT_o4,EI,2,business_organization
804,GPT_o4,EA,2,business_organization
804,QwenN,Neutral,2,business_organization
804,QwenN,Neutral-CoT,2,business_organization
804,QwenN,EI,2,business_organization
804,QwenN,EA,2,business_organization
804,QwenT,Neutral,1,business_organization
804,QwenT,Neutral-CoT,2,business_organization
804,QwenT,EI,2,business_organization
804,QwenT,EA,2,business_organization
813,GPT_5,Neutral,2,family
813,GPT_5,Neutral-CoT,2,family
813,GPT_5,EI,2,family
813,GPT_5,EA,2,family
813,GPT_o4,Neutral,1,family
813,GPT_o4,Neutral-CoT,1,family
813,GPT_o4,EI,2,family
813,GPT_o4,EA,1,family
813,QwenN,Neutral,2,family
813,QwenN,Neutral-CoT,2,family
813,QwenN,EI,2,family
813,QwenN,EA,2,family
813,QwenT,Neutral,1,family
813,QwenT,Neutral-CoT,1,family
813,QwenT,EI,2,family
813,QwenT,EA,1,family
856,GPT_5,Neutral,2,comitted_relationship
856,GPT_5,Neutral-CoT,2,comitted_relationship
856,GPT_5,EI,2,comitted_relationship
856,GPT_5,EA,2,comitted_relationship
856,GPT_o4,Neutral,2,comitted_relationship
856,GPT_o4,Neutral-CoT,2,comitted_relationship
856,GPT_o4,EI,2,comitted_relationship
856,GPT_o4,EA,2,comitted_relationship
856,QwenN,Neutral,2,comitted_relationship
856,QwenN,Neutral-CoT,2,comitted_relationship
856,QwenN,EI,2,comitted_relationship
856,QwenN,EA,2,comitted_relationship
856,QwenT,Neutral,2,comitted_relationship
856,QwenT,Neutral-CoT,2,comitted_relationship
856,QwenT,EI,2,comitted_relationship
856,QwenT,EA,2,comitted_relationship
893,GPT_5,Neutral,2,event_special
893,GPT_5,Neutral-CoT,2,event_special
893,GPT_5,EI,2,event_special
893,GPT_5,EA,2,event_special
893,GPT_o4,Neutral,2,event_special
893,GPT_o4,Neutral-CoT,2,event_special
893,GPT_o4,EI,2,event_special
893,GPT_o4,EA,2,event_special
893,QwenN,Neutral,1,event_special
893,QwenN,Neutral-CoT,2,event_special
893,QwenN,EI,2,event_special
893,QwenN,EA,2,event_special
893,QwenT,Neutral,2,event_special
893,QwenT,Neutral-CoT,2,event_special
893,QwenT,EI,2,event_special
893,QwenT,EA,2,event_special
922,GPT_5,Neutral,2,issue_pregnancy
922,GPT_5,Neutral-CoT,2,issue_pregnancy
922,GPT_5,EI,1,issue_pregnancy
922,GPT_5,EA,1,issue_pregnancy
922,GPT_o4,Neutral,2,issue_pregnancy
922,GPT_o4,Neutral-CoT,2,issue_pregnancy
922,GPT_o4,EI,2,issue_pregnancy
922,GPT_o4,EA,2,issue_pregnancy
922,QwenN,Neutral,1,issue_pregnancy
922,QwenN,Neutral-CoT,1,issue_pregnancy
922,QwenN,EI,1,issue_pregnancy
922,QwenN,EA,1,issue_pregnancy
922,QwenT,Neutral,1,issue_pregnancy
922,QwenT,Neutral-CoT,1,issue_pregnancy
922,QwenT,EI,1,issue_pregnancy
922,QwenT,EA,1,issue_pregnancy
1029,GPT_5,Neutral,2,issue_self_image_social
1029,GPT_5,Neutral-CoT,2,issue_self_image_social
1029,GPT_5,EI,2,issue_self_image_social
1029,GPT_5,EA,2,issue_self_image_social
1029,GPT_o4,Neutral,2,issue_self_image_social
1029,GPT_o4,Neutral-CoT,2,issue_self_image_social
1029,GPT_o4,EI,2,issue_self_image_social
1029,GPT_o4,EA,2,issue_self_image_social
1029,QwenN,Neutral,2,issue_self_image_social
1029,QwenN,Neutral-CoT,2,issue_self_image_social
1029,QwenN,EI,2,issue_self_image_social
1029,QwenN,EA,2,issue_self_image_social
1029,QwenT,Neutral,2,issue_self_image_social
1029,QwenT,Neutral-CoT,2,issue_self_image_social
1029,QwenT,EI,2,issue_self_image_social
1029,QwenT,EA,2,issue_self_image_social
1057,GPT_5,Neutral,1,family
1057,GPT_5,Neutral-CoT,1,family
1057,GPT_5,EI,1,family
1057,GPT_5,EA,1,family
1057,GPT_o4,Neutral,1,family
1057,GPT_o4,Neutral-CoT,2,family
1057,GPT_o4,EI,2,family
1057,GPT_o4,EA,2,family
1057,QwenN,Neutral,1,family
1057,QwenN,Neutral-CoT,1,family
1057,QwenN,EI,1,family
1057,QwenN,EA,1,family
1057,QwenT,Neutral,2,family
1057,QwenT,Neutral-CoT,2,family
1057,QwenT,EI,2,family
1057,QwenT,EA,2,family
1106,GPT_5,Neutral,1,workplace
1106,GPT_5,Neutral-CoT,1,workplace
1106,GPT_5,EI,1,workplace
1106,GPT_5,EA,1,workplace
1106,GPT_o4,Neutral,1,workplace
1106,GPT_o4,Neutral-CoT,1,workplace
1106,GPT_o4,EI,1,workplace
1106,GPT_o4,EA,1,workplace
1106,QwenN,Neutral,1,workplace
1106,QwenN,Neutral-CoT,1,workplace
1106,QwenN,EI,1,workplace
1106,QwenN,EA,1,workplace
1106,QwenT,Neutral,1,workplace
1106,QwenT,Neutral-CoT,1,workplace
1106,QwenT,EI,1,workplace
1106,QwenT,EA,1,workplace
1176,GPT_5,Neutral,1,issue_wildlife_human_environment
1176,GPT_5,Neutral-CoT,1,issue_wildlife_human_environment
1176,GPT_5,EI,2,issue_wildlife_human_environment
1176,GPT_5,EA,1,issue_wildlife_human_environment
1176,GPT_o4,Neutral,1,issue_wildlife_human_environment
1176,GPT_o4,Neutral-CoT,2,issue_wildlife_human_environment
1176,GPT_o4,EI,2,issue_wildlife_human_environment
1176,GPT_o4,EA,1,issue_wildlife_human_environment
1176,QwenN,Neutral,2,issue_wildlife_human_environment
1176,QwenN,Neutral-CoT,2,issue_wildlife_human_environment
1176,QwenN,EI,2,issue_wildlife_human_environment
1176,QwenN,EA,2,issue_wildlife_human_environment
1176,QwenT,Neutral,2,issue_wildlife_human_environment
1176,QwenT,Neutral-CoT,2,issue_wildlife_human_environment
1176,QwenT,EI,2,issue_wildlife_human_environment
1176,QwenT,EA,2,issue_wildlife_human_environment
1199,GPT_5,Neutral,1,event_special
1199,GPT_5,Neutral-CoT,1,event_special
1199,GPT_5,EI,1,event_special
1199,GPT_5,EA,1,event_special
1199,GPT_o4,Neutral,1,event_special
1199,GPT_o4,Neutral-CoT,1,event_special
1199,GPT_o4,EI,1,event_special
1199,GPT_o4,EA,1,event_special
1199,QwenN,Neutral,1,event_special
1199,QwenN,Neutral-CoT,1,event_special
1199,QwenN,EI,1,event_special
1199,QwenN,EA,1,event_special
1199,QwenT,Neutral,,event_special
1199,QwenT,Neutral-CoT,1,event_special
1199,QwenT,EI,1,event_special
1199,QwenT,EA,1,event_special
1200,GPT_5,Neutral,2,issue_young_people
1200,GPT_5,Neutral-CoT,2,issue_young_people
1200,GPT_5,EI,2,issue_young_people
1200,GPT_5,EA,2,issue_young_people
1200,GPT_o4,Neutral,2,issue_young_people
1200,GPT_o4,Neutral-CoT,2,issue_young_people
1200,GPT_o4,EI,2,issue_young_people
1200,GPT_o4,EA,2,issue_young_people
1200,QwenN,Neutral,2,issue_young_people
1200,QwenN,Neutral-CoT,2,issue_young_people
1200,QwenN,EI,2,issue_young_people
1200,QwenN,EA,2,issue_young_people
1200,QwenT,Neutral,2,issue_young_people
1200,QwenT,Neutral-CoT,2,issue_young_people
1200,QwenT,EI,2,issue_young_people
1200,QwenT,EA,2,issue_young_people
1205,GPT_5,Neutral,2,religion_custom
1205,GPT_5,Neutral-CoT,2,religion_custom
1205,GPT_5,EI,2,religion_custom
1205,GPT_5,EA,2,religion_custom
1205,GPT_o4,Neutral,1,religion_custom
1205,GPT_o4,Neutral-CoT,2,religion_custom
1205,GPT_o4,EI,2,religion_custom
1205,GPT_o4,EA,1,religion_custom
1205,QwenN,Neutral,2,religion_custom
1205,QwenN,Neutral-CoT,2,religion_custom
1205,QwenN,EI,2,religion_custom
1205,QwenN,EA,2,religion_custom
1205,QwenT,Neutral,2,religion_custom
1205,QwenT,Neutral-CoT,2,religion_custom
1205,QwenT,EI,2,religion_custom
1205,QwenT,EA,2,religion_custom
1227,GPT_5,Neutral,2,school
1227,GPT_5,Neutral-CoT,2,school
1227,GPT_5,EI,2,school
1227,GPT_5,EA,2,school
1227,GPT_o4,Neutral,2,school
1227,GPT_o4,Neutral-CoT,2,school
1227,GPT_o4,EI,2,school
1227,GPT_o4,EA,,school
1227,QwenN,Neutral,2,school
1227,QwenN,Neutral-CoT,2,school
1227,QwenN,EI,2,school
1227,QwenN,EA,2,school
1227,QwenT,Neutral,2,school
1227,QwenT,Neutral-CoT,2,school
1227,QwenT,EI,2,school
1227,QwenT,EA,2,school
1261,GPT_5,Neutral,2,issue_crime_addiction
1261,GPT_5,Neutral-CoT,2,issue_crime_addiction
1261,GPT_5,EI,2,issue_crime_addiction
1261,GPT_5,EA,2,issue_crime_addiction
1261,GPT_o4,Neutral,2,issue_crime_addiction
1261,GPT_o4,Neutral-CoT,2,issue_crime_addiction
1261,GPT_o4,EI,2,issue_crime_addiction
1261,GPT_o4,EA,2,issue_crime_addiction
1261,QwenN,Neutral,2,issue_crime_addiction
1261,QwenN,Neutral-CoT,2,issue_crime_addiction
1261,QwenN,EI,2,issue_crime_addiction
1261,QwenN,EA,2,issue_crime_addiction
1261,QwenT,Neutral,2,issue_crime_addiction
1261,QwenT,Neutral-CoT,2,issue_crime_addiction
1261,QwenT,EI,2,issue_crime_addiction
1261,QwenT,EA,2,issue_crime_addiction
1285,GPT_5,Neutral,1,issue_pregnancy
1285,GPT_5,Neutral-CoT,1,issue_pregnancy
1285,GPT_5,EI,2,issue_pregnancy
1285,GPT_5,EA,2,issue_pregnancy
1285,GPT_o4,Neutral,1,issue_pregnancy
1285,GPT_o4,Neutral-CoT,1,issue_pregnancy
1285,GPT_o4,EI,1,issue_pregnancy
1285,GPT_o4,EA,1,issue_pregnancy
1285,QwenN,Neutral,1,issue_pregnancy
1285,QwenN,Neutral-CoT,1,issue_pregnancy
1285,QwenN,EI,1,issue_pregnancy
1285,QwenN,EA,1,issue_pregnancy
1285,QwenT,Neutral,1,issue_pregnancy
1285,QwenT,Neutral-CoT,1,issue_pregnancy
1285,QwenT,EI,1,issue_pregnancy
1285,QwenT,EA,1,issue_pregnancy
1290,GPT_5,Neutral,1,close_relationship
1290,GPT_5,Neutral-CoT,1,close_relationship
1290,GPT_5,EI,1,close_relationship
1290,GPT_5,EA,1,close_relationship
1290,GPT_o4,Neutral,1,close_relationship
1290,GPT_o4,Neutral-CoT,1,close_relationship
1290,GPT_o4,EI,1,close_relationship
1290,GPT_o4,EA,1,close_relationship
1290,QwenN,Neutral,1,close_relationship
1290,QwenN,Neutral-CoT,1,close_relationship
1290,QwenN,EI,1,close_relationship
1290,QwenN,EA,1,close_relationship
1290,QwenT,Neutral,1,close_relationship
1290,QwenT,Neutral-CoT,1,close_relationship
1290,QwenT,EI,1,close_relationship
1290,QwenT,EA,1,close_relationship
1347,GPT_5,Neutral,1,role_duty_responsibility
1347,GPT_5,Neutral-CoT,1,role_duty_responsibility
1347,GPT_5,EI,1,role_duty_responsibility
1347,GPT_5,EA,1,role_duty_responsibility
1347,GPT_o4,Neutral,1,role_duty_responsibility
1347,GPT_o4,Neutral-CoT,1,role_duty_responsibility
1347,GPT_o4,EI,1,role_duty_responsibility
1347,GPT_o4,EA,1,role_duty_responsibility
1347,QwenN,Neutral,1,role_duty_responsibility
1347,QwenN,Neutral-CoT,1,role_duty_responsibility
1347,QwenN,EI,1,role_duty_responsibility
1347,QwenN,EA,1,role_duty_responsibility
1347,QwenT,Neutral,2,role_duty_responsibility
1347,QwenT,Neutral-CoT,2,role_duty_responsibility
1347,QwenT,EI,2,role_duty_responsibility
1347,QwenT,EA,2,role_duty_responsibility
1352,GPT_5,Neutral,2,school
1352,GPT_5,Neutral-CoT,2,school
1352,GPT_5,EI,2,school
1352,GPT_5,EA,2,school
1352,GPT_o4,Neutral,2,school
1352,GPT_o4,Neutral-CoT,,school
1352,GPT_o4,EI,2,school
1352,GPT_o4,EA,,school
1352,QwenN,Neutral,2,school
1352,QwenN,Neutral-CoT,2,school
1352,QwenN,EI,2,school
1352,QwenN,EA,2,school
1352,QwenT,Neutral,2,school
1352,QwenT,Neutral-CoT,2,school
1352,QwenT,EI,2,school
1352,QwenT,EA,2,school
1363,GPT_5,Neutral,2,comitted_relationship
1363,GPT_5,Neutral-CoT,2,comitted_relationship
1363,GPT_5,EI,2,comitted_relationship
1363,GPT_5,EA,2,comitted_relationship
1363,GPT_o4,Neutral,2,comitted_relationship
1363,GPT_o4,Neutral-CoT,2,comitted_relationship
1363,GPT_o4,EI,2,comitted_relationship
1363,GPT_o4,EA,2,comitted_relationship
1363,QwenN,Neutral,2,comitted_relationship
1363,QwenN,Neutral-CoT,2,comitted_relationship
1363,QwenN,EI,2,comitted_relationship
1363,QwenN,EA,2,comitted_relationship
1363,QwenT,Neutral,2,comitted_relationship
1363,QwenT,Neutral-CoT,2,comitted_relationship
1363,QwenT,EI,2,comitted_relationship
1363,QwenT,EA,2,comitted_relationship
1421,GPT_5,Neutral,2,friend
1421,GPT_5,Neutral-CoT,1,friend
1421,GPT_5,EI,1,friend
1421,GPT_5,EA,1,friend
1421,GPT_o4,Neutral,1,friend
1421,GPT_o4,Neutral-CoT,1,friend
1421,GPT_o4,EI,1,friend
1421,GPT_o4,EA,1,friend
1421,QwenN,Neutral,1,friend
1421,QwenN,Neutral-CoT,2,friend
1421,QwenN,EI,1,friend
1421,QwenN,EA,2,friend
1421,QwenT,Neutral,2,friend
1421,QwenT,Neutral-CoT,1,friend
1421,QwenT,EI,1,friend
1421,QwenT,EA,1,friend
1434,GPT_5,Neutral,2,issue_crime_addiction
1434,GPT_5,Neutral-CoT,2,issue_crime_addiction
1434,GPT_5,EI,2,issue_crime_addiction
1434,GPT_5,EA,2,issue_crime_addiction
1434,GPT_o4,Neutral,2,issue_crime_addiction
1434,GPT_o4,Neutral-CoT,2,issue_crime_addiction
1434,GPT_o4,EI,1,issue_crime_addiction
1434,GPT_o4,EA,1,issue_crime_addiction
1434,QwenN,Neutral,2,issue_crime_addiction
1434,QwenN,Neutral-CoT,2,issue_crime_addiction
1434,QwenN,EI,1,issue_crime_addiction
1434,QwenN,EA,2,issue_crime_addiction
1434,QwenT,Neutral,1,issue_crime_addiction
1434,QwenT,Neutral-CoT,2,issue_crime_addiction
1434,QwenT,EI,1,issue_crime_addiction
1434,QwenT,EA,1,issue_crime_addiction
1481,GPT_5,Neutral,1,issue_personal_career
1481,GPT_5,Neutral-CoT,1,issue_personal_career
1481,GPT_5,EI,1,issue_personal_career
1481,GPT_5,EA,1,issue_personal_career
1481,GPT_o4,Neutral,1,issue_personal_career
1481,GPT_o4,Neutral-CoT,1,issue_personal_career
1481,GPT_o4,EI,1,issue_personal_career
1481,GPT_o4,EA,1,issue_personal_career
1481,QwenN,Neutral,1,issue_personal_career
1481,QwenN,Neutral-CoT,1,issue_personal_career
1481,QwenN,EI,1,issue_personal_career
1481,QwenN,EA,1,issue_personal_career
1481,QwenT,Neutral,1,issue_personal_career
1481,QwenT,Neutral-CoT,1,issue_personal_career
1481,QwenT,EI,1,issue_personal_career
1481,QwenT,EA,1,issue_personal_career
1545,GPT_5,Neutral,1,event_special
1545,GPT_5,Neutral-CoT,1,event_special
1545,GPT_5,EI,1,event_special
1545,GPT_5,EA,1,event_special
1545,GPT_o4,Neutral,1,event_special
1545,GPT_o4,Neutral-CoT,1,event_special
1545,GPT_o4,EI,1,event_special
1545,GPT_o4,EA,1,event_special
1545,QwenN,Neutral,2,event_special
1545,QwenN,Neutral-CoT,1,event_special
1545,QwenN,EI,1,event_special
1545,QwenN,EA,2,event_special
1545,QwenT,Neutral,1,event_special
1545,QwenT,Neutral-CoT,1,event_special
1545,QwenT,EI,2,event_special
1545,QwenT,EA,1,event_special
1552,GPT_5,Neutral,1,role_duty_responsibility
1552,GPT_5,Neutral-CoT,1,role_duty_responsibility
1552,GPT_5,EI,1,role_duty_responsibility
1552,GPT_5,EA,1,role_duty_responsibility
1552,GPT_o4,Neutral,1,role_duty_responsibility
1552,GPT_o4,Neutral-CoT,1,role_duty_responsibility
1552,GPT_o4,EI,1,role_duty_responsibility
1552,GPT_o4,EA,1,role_duty_responsibility
1552,QwenN,Neutral,1,role_duty_responsibility
1552,QwenN,Neutral-CoT,1,role_duty_responsibility
1552,QwenN,EI,1,role_duty_responsibility
1552,QwenN,EA,1,role_duty_responsibility
1552,QwenT,Neutral,1,role_duty_responsibility
1552,QwenT,Neutral-CoT,1,role_duty_responsibility
1552,QwenT,EI,1,role_duty_responsibility
1552,QwenT,EA,1,role_duty_responsibility
1573,GPT_5,Neutral,1,business_organization
1573,GPT_5,Neutral-CoT,1,business_organization
1573,GPT_5,EI,1,business_organization
1573,GPT_5,EA,1,business_organization
1573,GPT_o4,Neutral,1,business_organization
1573,GPT_o4,Neutral-CoT,1,business_organization
1573,GPT_o4,EI,1,business_organization
1573,GPT_o4,EA,1,business_organization
1573,QwenN,Neutral,1,business_organization
1573,QwenN,Neutral-CoT,1,business_organization
1573,QwenN,EI,1,business_organization
1573,QwenN,EA,1,business_organization
1573,QwenT,Neutral,1,business_organization
1573,QwenT,Neutral-CoT,1,business_organization
1573,QwenT,EI,1,business_organization
1573,QwenT,EA,1,business_organization
1656,GPT_5,Neutral,2,event_daily_life
1656,GPT_5,Neutral-CoT,2,event_daily_life
1656,GPT_5,EI,2,event_daily_life
1656,GPT_5,EA,2,event_daily_life
1656,GPT_o4,Neutral,2,event_daily_life
1656,GPT_o4,Neutral-CoT,2,event_daily_life
1656,GPT_o4,EI,2,event_daily_life
1656,GPT_o4,EA,2,event_daily_life
1656,QwenN,Neutral,2,event_daily_life
1656,QwenN,Neutral-CoT,2,event_daily_life
1656,QwenN,EI,2,event_daily_life
1656,QwenN,EA,2,event_daily_life
1656,QwenT,Neutral,2,event_daily_life
1656,QwenT,Neutral-CoT,2,event_daily_life
1656,QwenT,EI,2,event_daily_life
1656,QwenT,EA,2,event_daily_life
1687,GPT_5,Neutral,1,workplace
1687,GPT_5,Neutral-CoT,1,workplace
1687,GPT_5,EI,1,workplace
1687,GPT_5,EA,1,workplace
1687,GPT_o4,Neutral,1,workplace
1687,GPT_o4,Neutral-CoT,1,workplace
1687,GPT_o4,EI,1,workplace
1687,GPT_o4,EA,1,workplace
1687,QwenN,Neutral,1,workplace
1687,QwenN,Neutral-CoT,1,workplace
1687,QwenN,EI,1,workplace
1687,QwenN,EA,1,workplace
1687,QwenT,Neutral,1,workplace
1687,QwenT,Neutral-CoT,1,workplace
1687,QwenT,EI,1,workplace
1687,QwenT,EA,1,workplace
1707,GPT_5,Neutral,2,role_duty_responsibility
1707,GPT_5,Neutral-CoT,2,role_duty_responsibility
1707,GPT_5,EI,2,role_duty_responsibility
1707,GPT_5,EA,2,role_duty_responsibility
1707,GPT_o4,Neutral,2,role_duty_responsibility
1707,GPT_o4,Neutral-CoT,2,role_duty_responsibility
1707,GPT_o4,EI,2,role_duty_responsibility
1707,GPT_o4,EA,2,role_duty_responsibility
1707,QwenN,Neutral,2,role_duty_responsibility
1707,QwenN,Neutral-CoT,2,role_duty_responsibility
1707,QwenN,EI,2,role_duty_responsibility
1707,QwenN,EA,2,role_duty_responsibility
1707,QwenT,Neutral,2,role_duty_responsibility
1707,QwenT,Neutral-CoT,2,role_duty_responsibility
1707,QwenT,EI,2,role_duty_responsibility
1707,QwenT,EA,2,role_duty_responsibility
1733,GPT_5,Neutral,2,event_special
1733,GPT_5,Neutral-CoT,2,event_special
1733,GPT_5,EI,2,event_special
1733,GPT_5,EA,2,event_special
1733,GPT_o4,Neutral,2,event_special
1733,GPT_o4,Neutral-CoT,2,event_special
1733,GPT_o4,EI,2,event_special
1733,GPT_o4,EA,2,event_special
1733,QwenN,Neutral,2,event_special
1733,QwenN,Neutral-CoT,2,event_special
1733,QwenN,EI,2,event_special
1733,QwenN,EA,2,event_special
1733,QwenT,Neutral,2,event_special
1733,QwenT,Neutral-CoT,2,event_special
1733,QwenT,EI,2,event_special
1733,QwenT,EA,2,event_special
1735,GPT_5,Neutral,2,role_duty_responsibility
1735,GPT_5,Neutral-CoT,2,role_duty_responsibility
1735,GPT_5,EI,2,role_duty_responsibility
1735,GPT_5,EA,2,role_duty_responsibility
1735,GPT_o4,Neutral,2,role_duty_responsibility
1735,GPT_o4,Neutral-CoT,2,role_duty_responsibility
1735,GPT_o4,EI,2,role_duty_responsibility
1735,GPT_o4,EA,2,role_duty_responsibility
1735,QwenN,Neutral,2,role_duty_responsibility
1735,QwenN,Neutral-CoT,2,role_duty_responsibility
1735,QwenN,EI,2,role_duty_responsibility
1735,QwenN,EA,2,role_duty_responsibility
1735,QwenT,Neutral,2,role_duty_responsibility
1735,QwenT,Neutral-CoT,2,role_duty_responsibility
1735,QwenT,EI,2,role_duty_responsibility
1735,QwenT,EA,2,role_duty_responsibility
1755,GPT_5,Neutral,1,role_duty_responsibility
1755,GPT_5,Neutral-CoT,2,role_duty_responsibility
1755,GPT_5,EI,1,role_duty_responsibility
1755,GPT_5,EA,2,role_duty_responsibility
1755,GPT_o4,Neutral,2,role_duty_responsibility
1755,GPT_o4,Neutral-CoT,1,role_duty_responsibility
1755,GPT_o4,EI,1,role_duty_responsibility
1755,GPT_o4,EA,1,role_duty_responsibility
1755,QwenN,Neutral,2,role_duty_responsibility
1755,QwenN,Neutral-CoT,2,role_duty_responsibility
1755,QwenN,EI,1,role_duty_responsibility
1755,QwenN,EA,2,role_duty_responsibility
1755,QwenT,Neutral,1,role_duty_responsibility
1755,QwenT,Neutral-CoT,2,role_duty_responsibility
1755,QwenT,EI,2,role_duty_responsibility
1755,QwenT,EA,2,role_duty_responsibility
1808,GPT_5,Neutral,2,issue_wildlife_human_environment
1808,GPT_5,Neutral-CoT,2,issue_wildlife_human_environment
1808,GPT_5,EI,2,issue_wildlife_human_environment
1808,GPT_5,EA,2,issue_wildlife_human_environment
1808,GPT_o4,Neutral,2,issue_wildlife_human_environment
1808,GPT_o4,Neutral-CoT,2,issue_wildlife_human_environment
1808,GPT_o4,EI,2,issue_wildlife_human_environment
1808,GPT_o4,EA,2,issue_wildlife_human_environment
1808,QwenN,Neutral,2,issue_wildlife_human_environment
1808,QwenN,Neutral-CoT,2,issue_wildlife_human_environment
1808,QwenN,EI,2,issue_wildlife_human_environment
1808,QwenN,EA,2,issue_wildlife_human_environment
1808,QwenT,Neutral,2,issue_wildlife_human_environment
1808,QwenT,Neutral-CoT,2,issue_wildlife_human_environment
1808,QwenT,EI,2,issue_wildlife_human_environment
1808,QwenT,EA,2,issue_wildlife_human_environment
1814,GPT_5,Neutral,2,role_duty_responsibility
1814,GPT_5,Neutral-CoT,2,role_duty_responsibility
1814,GPT_5,EI,2,role_duty_responsibility
1814,GPT_5,EA,2,role_duty_responsibility
1814,GPT_o4,Neutral,2,role_duty_responsibility
1814,GPT_o4,Neutral-CoT,2,role_duty_responsibility
1814,GPT_o4,EI,2,role_duty_responsibility
1814,GPT_o4,EA,2,role_duty_responsibility
1814,QwenN,Neutral,2,role_duty_responsibility
1814,QwenN,Neutral-CoT,2,role_duty_responsibility
1814,QwenN,EI,2,role_duty_responsibility
1814,QwenN,EA,2,role_duty_responsibility
1814,QwenT,Neutral,2,role_duty_responsibility
1814,QwenT,Neutral-CoT,2,role_duty_responsibility
1814,QwenT,EI,2,role_duty_responsibility
1814,QwenT,EA,2,role_duty_responsibility
1819,GPT_5,Neutral,2,business_organization
1819,GPT_5,Neutral-CoT,2,business_organization
1819,GPT_5,EI,2,business_organization
1819,GPT_5,EA,2,business_organization
1819,GPT_o4,Neutral,2,business_organization
1819,GPT_o4,Neutral-CoT,2,business_organization
1819,GPT_o4,EI,2,business_organization
1819,GPT_o4,EA,2,business_organization
1819,QwenN,Neutral,2,business_organization
1819,QwenN,Neutral-CoT,2,business_organization
1819,QwenN,EI,2,business_organization
1819,QwenN,EA,2,business_organization
1819,QwenT,Neutral,2,business_organization
1819,QwenT,Neutral-CoT,2,business_organization
1819,QwenT,EI,2,business_organization
1819,QwenT,EA,2,business_organization
1822,GPT_5,Neutral,1,close_relationship
1822,GPT_5,Neutral-CoT,1,close_relationship
1822,GPT_5,EI,1,close_relationship
1822,GPT_5,EA,1,close_relationship
1822,GPT_o4,Neutral,1,close_relationship
1822,GPT_o4,Neutral-CoT,1,close_relationship
1822,GPT_o4,EI,1,close_relationship
1822,GPT_o4,EA,1,close_relationship
1822,QwenN,Neutral,1,close_relationship
1822,QwenN,Neutral-CoT,1,close_relationship
1822,QwenN,EI,1,close_relationship
1822,QwenN,EA,1,close_relationship
1822,QwenT,Neutral,1,close_relationship
1822,QwenT,Neutral-CoT,1,close_relationship
1822,QwenT,EI,1,close_relationship
1822,QwenT,EA,1,close_relationship
1823,GPT_5,Neutral,1,issue_crime_addiction
1823,GPT_5,Neutral-CoT,1,issue_crime_addiction
1823,GPT_5,EI,1,issue_crime_addiction
1823,GPT_5,EA,1,issue_crime_addiction
1823,GPT_o4,Neutral,2,issue_crime_addiction
1823,GPT_o4,Neutral-CoT,1,issue_crime_addiction
1823,GPT_o4,EI,2,issue_crime_addiction
1823,GPT_o4,EA,1,issue_crime_addiction
1823,QwenN,Neutral,1,issue_crime_addiction
1823,QwenN,Neutral-CoT,1,issue_crime_addiction
1823,QwenN,EI,1,issue_crime_addiction
1823,QwenN,EA,1,issue_crime_addiction
1823,QwenT,Neutral,1,issue_crime_addiction
1823,QwenT,Neutral-CoT,1,issue_crime_addiction
1823,QwenT,EI,1,issue_crime_addiction
1823,QwenT,EA,1,issue_crime_addiction
1862,GPT_5,Neutral,1,issue_crime_addiction
1862,GPT_5,Neutral-CoT,1,issue_crime_addiction
1862,GPT_5,EI,2,issue_crime_addiction
1862,GPT_5,EA,1,issue_crime_addiction
1862,GPT_o4,Neutral,1,issue_crime_addiction
1862,GPT_o4,Neutral-CoT,1,issue_crime_addiction
1862,GPT_o4,EI,1,issue_crime_addiction
1862,GPT_o4,EA,1,issue_crime_addiction
1862,QwenN,Neutral,1,issue_crime_addiction
1862,QwenN,Neutral-CoT,1,issue_crime_addiction
1862,QwenN,EI,2,issue_crime_addiction
1862,QwenN,EA,1,issue_crime_addiction
1862,QwenT,Neutral,1,issue_crime_addiction
1862,QwenT,Neutral-CoT,1,issue_crime_addiction
1862,QwenT,EI,1,issue_crime_addiction
1862,QwenT,EA,1,issue_crime_addiction
2004,GPT_5,Neutral,2,issue_self_image_social
2004,GPT_5,Neutral-CoT,2,issue_self_image_social
2004,GPT_5,EI,2,issue_self_image_social
2004,GPT_5,EA,2,issue_self_image_social
2004,GPT_o4,Neutral,2,issue_self_image_social
2004,GPT_o4,Neutral-CoT,2,issue_self_image_social
2004,GPT_o4,EI,2,issue_self_image_social
2004,GPT_o4,EA,2,issue_self_image_social
2004,QwenN,Neutral,2,issue_self_image_social
2004,QwenN,Neutral-CoT,2,issue_self_image_social
2004,QwenN,EI,2,issue_self_image_social
2004,QwenN,EA,2,issue_self_image_social
2004,QwenT,Neutral,2,issue_self_image_social
2004,QwenT,Neutral-CoT,2,issue_self_image_social
2004,QwenT,EI,2,issue_self_image_social
2004,QwenT,EA,2,issue_self_image_social
2039,GPT_5,Neutral,2,issue_pregnancy
2039,GPT_5,Neutral-CoT,2,issue_pregnancy
2039,GPT_5,EI,2,issue_pregnancy
2039,GPT_5,EA,2,issue_pregnancy
2039,GPT_o4,Neutral,2,issue_pregnancy
2039,GPT_o4,Neutral-CoT,1,issue_pregnancy
2039,GPT_o4,EI,2,issue_pregnancy
2039,GPT_o4,EA,2,issue_pregnancy
2039,QwenN,Neutral,2,issue_pregnancy
2039,QwenN,Neutral-CoT,2,issue_pregnancy
2039,QwenN,EI,2,issue_pregnancy
2039,QwenN,EA,2,issue_pregnancy
2039,QwenT,Neutral,2,issue_pregnancy
2039,QwenT,Neutral-CoT,1,issue_pregnancy
2039,QwenT,EI,2,issue_pregnancy
2039,QwenT,EA,1,issue_pregnancy
2055,GPT_5,Neutral,1,event_special
2055,GPT_5,Neutral-CoT,1,event_special
2055,GPT_5,EI,1,event_special
2055,GPT_5,EA,1,event_special
2055,GPT_o4,Neutral,1,event_special
2055,GPT_o4,Neutral-CoT,1,event_special
2055,GPT_o4,EI,1,event_special
2055,GPT_o4,EA,1,event_special
2055,QwenN,Neutral,1,event_special
2055,QwenN,Neutral-CoT,1,event_special
2055,QwenN,EI,1,event_special
2055,QwenN,EA,1,event_special
2055,QwenT,Neutral,1,event_special
2055,QwenT,Neutral-CoT,1,event_special
2055,QwenT,EI,1,event_special
2055,QwenT,EA,1,event_special
2068,GPT_5,Neutral,2,role_duty_responsibility
2068,GPT_5,Neutral-CoT,2,role_duty_responsibility
2068,GPT_5,EI,2,role_duty_responsibility
2068,GPT_5,EA,2,role_duty_responsibility
2068,GPT_o4,Neutral,2,role_duty_responsibility
2068,GPT_o4,Neutral-CoT,2,role_duty_responsibility
2068,GPT_o4,EI,2,role_duty_responsibility
2068,GPT_o4,EA,2,role_duty_responsibility
2068,QwenN,Neutral,2,role_duty_responsibility
2068,QwenN,Neutral-CoT,2,role_duty_responsibility
2068,QwenN,EI,2,role_duty_responsibility
2068,QwenN,EA,2,role_duty_responsibility
2068,QwenT,Neutral,2,role_duty_responsibility
2068,QwenT,Neutral-CoT,2,role_duty_responsibility
2068,QwenT,EI,1,role_duty_responsibility
2068,QwenT,EA,2,role_duty_responsibility
2081,GPT_5,Neutral,1,comitted_relationship
2081,GPT_5,Neutral-CoT,1,comitted_relationship
2081,GPT_5,EI,1,comitted_relationship
2081,GPT_5,EA,1,comitted_relationship
2081,GPT_o4,Neutral,1,comitted_relationship
2081,GPT_o4,Neutral-CoT,1,comitted_relationship
2081,GPT_o4,EI,1,comitted_relationship
2081,GPT_o4,EA,1,comitted_relationship
2081,QwenN,Neutral,1,comitted_relationship
2081,QwenN,Neutral-CoT,1,comitted_relationship
2081,QwenN,EI,1,comitted_relationship
2081,QwenN,EA,1,comitted_relationship
2081,QwenT,Neutral,1,comitted_relationship
2081,QwenT,Neutral-CoT,1,comitted_relationship
2081,QwenT,EI,1,comitted_relationship
2081,QwenT,EA,1,comitted_relationship
2155,GPT_5,Neutral,2,event_daily_life
2155,GPT_5,Neutral-CoT,2,event_daily_life
2155,GPT_5,EI,2,event_daily_life
2155,GPT_5,EA,2,event_daily_life
2155,GPT_o4,Neutral,2,event_daily_life
2155,GPT_o4,Neutral-CoT,2,event_daily_life
2155,GPT_o4,EI,2,event_daily_life
2155,GPT_o4,EA,2,event_daily_life
2155,QwenN,Neutral,2,event_daily_life
2155,QwenN,Neutral-CoT,2,event_daily_life
2155,QwenN,EI,2,event_daily_life
2155,QwenN,EA,2,event_daily_life
2155,QwenT,Neutral,2,event_daily_life
2155,QwenT,Neutral-CoT,2,event_daily_life
2155,QwenT,EI,2,event_daily_life
2155,QwenT,EA,2,event_daily_life
2170,GPT_5,Neutral,1,religion_custom
2170,GPT_5,Neutral-CoT,1,religion_custom
2170,GPT_5,EI,1,religion_custom
2170,GPT_5,EA,1,religion_custom
2170,GPT_o4,Neutral,2,religion_custom
2170,GPT_o4,Neutral-CoT,2,religion_custom
2170,GPT_o4,EI,2,religion_custom
2170,GPT_o4,EA,2,religion_custom
2170,QwenN,Neutral,1,religion_custom
2170,QwenN,Neutral-CoT,1,religion_custom
2170,QwenN,EI,1,religion_custom
2170,QwenN,EA,1,religion_custom
2170,QwenT,Neutral,1,religion_custom
2170,QwenT,Neutral-CoT,1,religion_custom
2170,QwenT,EI,1,religion_custom
2170,QwenT,EA,1,religion_custom
2221,GPT_5,Neutral,2,issue_young_people
2221,GPT_5,Neutral-CoT,2,issue_young_people
2221,GPT_5,EI,2,issue_young_people
2221,GPT_5,EA,2,issue_young_people
2221,GPT_o4,Neutral,2,issue_young_people
2221,GPT_o4,Neutral-CoT,,issue_young_people
2221,GPT_o4,EI,2,issue_young_people
2221,GPT_o4,EA,2,issue_young_people
2221,QwenN,Neutral,2,issue_young_people
2221,QwenN,Neutral-CoT,2,issue_young_people
2221,QwenN,EI,2,issue_young_people
2221,QwenN,EA,2,issue_young_people
2221,QwenT,Neutral,2,issue_young_people
2221,QwenT,Neutral-CoT,2,issue_young_people
2221,QwenT,EI,2,issue_young_people
2221,QwenT,EA,2,issue_young_people
2288,GPT_5,Neutral,2,issue_young_people
2288,GPT_5,Neutral-CoT,2,issue_young_people
2288,GPT_5,EI,2,issue_young_people
2288,GPT_5,EA,2,issue_young_people
2288,GPT_o4,Neutral,2,issue_young_people
2288,GPT_o4,Neutral-CoT,2,issue_young_people
2288,GPT_o4,EI,2,issue_young_people
2288,GPT_o4,EA,2,issue_young_people
2288,QwenN,Neutral,2,issue_young_people
2288,QwenN,Neutral-CoT,2,issue_young_people
2288,QwenN,EI,2,issue_young_people
2288,QwenN,EA,2,issue_young_people
2288,QwenT,Neutral,2,issue_young_people
2288,QwenT,Neutral-CoT,2,issue_young_people
2288,QwenT,EI,2,issue_young_people
2288,QwenT,EA,2,issue_young_people
2375,GPT_5,Neutral,2,issue_crime_addiction
2375,GPT_5,Neutral-CoT,2,issue_crime_addiction
2375,GPT_5,EI,2,issue_crime_addiction
2375,GPT_5,EA,2,issue_crime_addiction
2375,GPT_o4,Neutral,,issue_crime_addiction
2375,GPT_o4,Neutral-CoT,2,issue_crime_addiction
2375,GPT_o4,EI,2,issue_crime_addiction
2375,GPT_o4,EA,2,issue_crime_addiction
2375,QwenN,Neutral,2,issue_crime_addiction
2375,QwenN,Neutral-CoT,2,issue_crime_addiction
2375,QwenN,EI,2,issue_crime_addiction
2375,QwenN,EA,2,issue_crime_addiction
2375,QwenT,Neutral,2,issue_crime_addiction
2375,QwenT,Neutral-CoT,2,issue_crime_addiction
2375,QwenT,EI,2,issue_crime_addiction
2375,QwenT,EA,2,issue_crime_addiction
2379,GPT_5,Neutral,1,school
2379,GPT_5,Neutral-CoT,1,school
2379,GPT_5,EI,1,school
2379,GPT_5,EA,1,school
2379,GPT_o4,Neutral,1,school
2379,GPT_o4,Neutral-CoT,1,school
2379,GPT_o4,EI,1,school
2379,GPT_o4,EA,1,school
2379,QwenN,Neutral,1,school
2379,QwenN,Neutral-CoT,1,school
2379,QwenN,EI,1,school
2379,QwenN,EA,1,school
2379,QwenT,Neutral,2,school
2379,QwenT,Neutral-CoT,2,school
2379,QwenT,EI,2,school
2379,QwenT,EA,2,school
2408,GPT_5,Neutral,1,close_relationship
2408,GPT_5,Neutral-CoT,1,close_relationship
2408,GPT_5,EI,1,close_relationship
2408,GPT_5,EA,1,close_relationship
2408,GPT_o4,Neutral,1,close_relationship
2408,GPT_o4,Neutral-CoT,1,close_relationship
2408,GPT_o4,EI,1,close_relationship
2408,GPT_o4,EA,1,close_relationship
2408,QwenN,Neutral,2,close_relationship
2408,QwenN,Neutral-CoT,1,close_relationship
2408,QwenN,EI,1,close_relationship
2408,QwenN,EA,1,close_relationship
2408,QwenT,Neutral,2,close_relationship
2408,QwenT,Neutral-CoT,1,close_relationship
2408,QwenT,EI,1,close_relationship
2408,QwenT,EA,1,close_relationship
2426,GPT_5,Neutral,2,family
2426,GPT_5,Neutral-CoT,2,family
2426,GPT_5,EI,2,family
2426,GPT_5,EA,2,family
2426,GPT_o4,Neutral,2,family
2426,GPT_o4,Neutral-CoT,2,family
2426,GPT_o4,EI,2,family
2426,GPT_o4,EA,2,family
2426,QwenN,Neutral,2,family
2426,QwenN,Neutral-CoT,2,family
2426,QwenN,EI,2,family
2426,QwenN,EA,2,family
2426,QwenT,Neutral,2,family
2426,QwenT,Neutral-CoT,2,family
2426,QwenT,EI,2,family
2426,QwenT,EA,2,family
2584,GPT_5,Neutral,2,issue_wildlife_human_environment
2584,GPT_5,Neutral-CoT,2,issue_wildlife_human_environment
2584,GPT_5,EI,2,issue_wildlife_human_environment
2584,GPT_5,EA,2,issue_wildlife_human_environment
2584,GPT_o4,Neutral,2,issue_wildlife_human_environment
2584,GPT_o4,Neutral-CoT,2,issue_wildlife_human_environment
2584,GPT_o4,EI,2,issue_wildlife_human_environment
2584,GPT_o4,EA,2,issue_wildlife_human_environment
2584,QwenN,Neutral,2,issue_wildlife_human_environment
2584,QwenN,Neutral-CoT,2,issue_wildlife_human_environment
2584,QwenN,EI,2,issue_wildlife_human_environment
2584,QwenN,EA,2,issue_wildlife_human_environment
2584,QwenT,Neutral,2,issue_wildlife_human_environment
2584,QwenT,Neutral-CoT,2,issue_wildlife_human_environment
2584,QwenT,EI,2,issue_wildlife_human_environment
2584,QwenT,EA,2,issue_wildlife_human_environment
2585,GPT_5,Neutral,1,business_organization
2585,GPT_5,Neutral-CoT,1,business_organization
2585,GPT_5,EI,1,business_organization
2585,GPT_5,EA,1,business_organization
2585,GPT_o4,Neutral,1,business_organization
2585,GPT_o4,Neutral-CoT,1,business_organization
2585,GPT_o4,EI,1,business_organization
2585,GPT_o4,EA,1,business_organization
2585,QwenN,Neutral,2,business_organization
2585,QwenN,Neutral-CoT,2,business_organization
2585,QwenN,EI,2,business_organization
2585,QwenN,EA,2,business_organization
2585,QwenT,Neutral,1,business_organization
2585,QwenT,Neutral-CoT,1,business_organization
2585,QwenT,EI,1,business_organization
2585,QwenT,EA,1,business_organization
2599,GPT_5,Neutral,1,event_daily_life
2599,GPT_5,Neutral-CoT,1,event_daily_life
2599,GPT_5,EI,1,event_daily_life
2599,GPT_5,EA,1,event_daily_life
2599,GPT_o4,Neutral,2,event_daily_life
2599,GPT_o4,Neutral-CoT,2,event_daily_life
2599,GPT_o4,EI,2,event_daily_life
2599,GPT_o4,EA,2,event_daily_life
2599,QwenN,Neutral,2,event_daily_life
2599,QwenN,Neutral-CoT,2,event_daily_life
2599,QwenN,EI,2,event_daily_life
2599,QwenN,EA,2,event_daily_life
2599,QwenT,Neutral,1,event_daily_life
2599,QwenT,Neutral-CoT,1,event_daily_life
2599,QwenT,EI,1,event_daily_life
2599,QwenT,EA,1,event_daily_life
2600,GPT_5,Neutral,1,comitted_relationship
2600,GPT_5,Neutral-CoT,1,comitted_relationship
2600,GPT_5,EI,1,comitted_relationship
2600,GPT_5,EA,1,comitted_relationship
2600,GPT_o4,Neutral,1,comitted_relationship
2600,GPT_o4,Neutral-CoT,1,comitted_relationship
2600,GPT_o4,EI,1,comitted_relationship
2600,GPT_o4,EA,1,comitted_relationship
2600,QwenN,Neutral,1,comitted_relationship
2600,QwenN,Neutral-CoT,1,comitted_relationship
2600,QwenN,EI,1,comitted_relationship
2600,QwenN,EA,1,comitted_relationship
2600,QwenT,Neutral,1,comitted_relationship
2600,QwenT,Neutral-CoT,1,comitted_relationship
2600,QwenT,EI,1,comitted_relationship
2600,QwenT,EA,1,comitted_relationship
2732,GPT_5,Neutral,2,role_duty_responsibility
2732,GPT_5,Neutral-CoT,2,role_duty_responsibility
2732,GPT_5,EI,2,role_duty_responsibility
2732,GPT_5,EA,2,role_duty_responsibility
2732,GPT_o4,Neutral,2,role_duty_responsibility
2732,GPT_o4,Neutral-CoT,2,role_duty_responsibility
2732,GPT_o4,EI,2,role_duty_responsibility
2732,GPT_o4,EA,2,role_duty_responsibility
2732,QwenN,Neutral,2,role_duty_responsibility
2732,QwenN,Neutral-CoT,2,role_duty_responsibility
2732,QwenN,EI,2,role_duty_responsibility
2732,QwenN,EA,2,role_duty_responsibility
2732,QwenT,Neutral,2,role_duty_responsibility
2732,QwenT,Neutral-CoT,2,role_duty_responsibility
2732,QwenT,EI,1,role_duty_responsibility
2732,QwenT,EA,2,role_duty_responsibility
2844,GPT_5,Neutral,1,school
2844,GPT_5,Neutral-CoT,1,school
2844,GPT_5,EI,1,school
2844,GPT_5,EA,1,school
2844,GPT_o4,Neutral,1,school
2844,GPT_o4,Neutral-CoT,1,school
2844,GPT_o4,EI,1,school
2844,GPT_o4,EA,1,school
2844,QwenN,Neutral,1,school
2844,QwenN,Neutral-CoT,1,school
2844,QwenN,EI,1,school
2844,QwenN,EA,1,school
2844,QwenT,Neutral,1,school
2844,QwenT,Neutral-CoT,1,school
2844,QwenT,EI,1,school
2844,QwenT,EA,1,school
2891,GPT_5,Neutral,2,issue_self_image_social
2891,GPT_5,Neutral-CoT,2,issue_self_image_social
2891,GPT_5,EI,2,issue_self_image_social
2891,GPT_5,EA,2,issue_self_image_social
2891,GPT_o4,Neutral,2,issue_self_image_social
2891,GPT_o4,Neutral-CoT,2,issue_self_image_social
2891,GPT_o4,EI,2,issue_self_image_social
2891,GPT_o4,EA,2,issue_self_image_social
2891,QwenN,Neutral,2,issue_self_image_social
2891,QwenN,Neutral-CoT,2,issue_self_image_social
2891,QwenN,EI,2,issue_self_image_social
2891,QwenN,EA,2,issue_self_image_social
2891,QwenT,Neutral,2,issue_self_image_social
2891,QwenT,Neutral-CoT,2,issue_self_image_social
2891,QwenT,EI,2,issue_self_image_social
2891,QwenT,EA,2,issue_self_image_social
2932,GPT_5,Neutral,2,issue_self_image_social
2932,GPT_5,Neutral-CoT,2,issue_self_image_social
2932,GPT_5,EI,2,issue_self_image_social
2932,GPT_5,EA,2,issue_self_image_social
2932,GPT_o4,Neutral,2,issue_self_image_social
2932,GPT_o4,Neutral-CoT,2,issue_self_image_social
2932,GPT_o4,EI,2,issue_self_image_social
2932,GPT_o4,EA,2,issue_self_image_social
2932,QwenN,Neutral,2,issue_self_image_social
2932,QwenN,Neutral-CoT,2,issue_self_image_social
2932,QwenN,EI,2,issue_self_image_social
2932,QwenN,EA,2,issue_self_image_social
2932,QwenT,Neutral,2,issue_self_image_social
2932,QwenT,Neutral-CoT,2,issue_self_image_social
2932,QwenT,EI,2,issue_self_image_social
2932,QwenT,EA,2,issue_self_image_social
2983,GPT_5,Neutral,1,close_relationship
2983,GPT_5,Neutral-CoT,1,close_relationship
2983,GPT_5,EI,1,close_relationship
2983,GPT_5,EA,1,close_relationship
2983,GPT_o4,Neutral,1,close_relationship
2983,GPT_o4,Neutral-CoT,1,close_relationship
2983,GPT_o4,EI,1,close_relationship
2983,GPT_o4,EA,1,close_relationship
2983,QwenN,Neutral,1,close_relationship
2983,QwenN,Neutral-CoT,1,close_relationship
2983,QwenN,EI,1,close_relationship
2983,QwenN,EA,1,close_relationship
2983,QwenT,Neutral,1,close_relationship
2983,QwenT,Neutral-CoT,1,close_relationship
2983,QwenT,EI,2,close_relationship
2983,QwenT,EA,1,close_relationship
3056,GPT_5,Neutral,1,school
3056,GPT_5,Neutral-CoT,1,school
3056,GPT_5,EI,1,school
3056,GPT_5,EA,1,school
3056,GPT_o4,Neutral,1,school
3056,GPT_o4,Neutral-CoT,1,school
3056,GPT_o4,EI,1,school
3056,GPT_o4,EA,1,school
3056,QwenN,Neutral,1,school
3056,QwenN,Neutral-CoT,1,school
3056,QwenN,EI,1,school
3056,QwenN,EA,1,school
3056,QwenT,Neutral,1,school
3056,QwenT,Neutral-CoT,1,school
3056,QwenT,EI,1,school
3056,QwenT,EA,1,school
3081,GPT_5,Neutral,1,issue_personal_career
3081,GPT_5,Neutral-CoT,2,issue_personal_career
3081,GPT_5,EI,2,issue_personal_career
3081,GPT_5,EA,2,issue_personal_career
3081,GPT_o4,Neutral,1,issue_personal_career
3081,GPT_o4,Neutral-CoT,1,issue_personal_career
3081,GPT_o4,EI,2,issue_personal_career
3081,GPT_o4,EA,1,issue_personal_career
3081,QwenN,Neutral,2,issue_personal_career
3081,QwenN,Neutral-CoT,2,issue_personal_career
3081,QwenN,EI,2,issue_personal_career
3081,QwenN,EA,2,issue_personal_career
3081,QwenT,Neutral,1,issue_personal_career
3081,QwenT,Neutral-CoT,2,issue_personal_career
3081,QwenT,EI,1,issue_personal_career
3081,QwenT,EA,2,issue_personal_career
3102,GPT_5,Neutral,1,issue_wildlife_human_environment
3102,GPT_5,Neutral-CoT,1,issue_wildlife_human_environment
3102,GPT_5,EI,1,issue_wildlife_human_environment
3102,GPT_5,EA,1,issue_wildlife_human_environment
3102,GPT_o4,Neutral,1,issue_wildlife_human_environment
3102,GPT_o4,Neutral-CoT,1,issue_wildlife_human_environment
3102,GPT_o4,EI,1,issue_wildlife_human_environment
3102,GPT_o4,EA,1,issue_wildlife_human_environment
3102,QwenN,Neutral,1,issue_wildlife_human_environment
3102,QwenN,Neutral-CoT,1,issue_wildlife_human_environment
3102,QwenN,EI,1,issue_wildlife_human_environment
3102,QwenN,EA,1,issue_wildlife_human_environment
3102,QwenT,Neutral,2,issue_wildlife_human_environment
3102,QwenT,Neutral-CoT,1,issue_wildlife_human_environment
3102,QwenT,EI,1,issue_wildlife_human_environment
3102,QwenT,EA,1,issue_wildlife_human_environment
3191,GPT_5,Neutral,1,school
3191,GPT_5,Neutral-CoT,1,school
3191,GPT_5,EI,1,school
3191,GPT_5,EA,1,school
3191,GPT_o4,Neutral,1,school
3191,GPT_o4,Neutral-CoT,1,school
3191,GPT_o4,EI,1,school
3191,GPT_o4,EA,1,school
3191,QwenN,Neutral,1,school
3191,QwenN,Neutral-CoT,1,school
3191,QwenN,EI,1,school
3191,QwenN,EA,1,school
3191,QwenT,Neutral,1,school
3191,QwenT,Neutral-CoT,1,school
3191,QwenT,EI,1,school
3191,QwenT,EA,1,school
3230,GPT_5,Neutral,2,business_organization
3230,GPT_5,Neutral-CoT,1,business_organization
3230,GPT_5,EI,1,business_organization
3230,GPT_5,EA,1,business_organization
3230,GPT_o4,Neutral,2,business_organization
3230,GPT_o4,Neutral-CoT,2,business_organization
3230,GPT_o4,EI,2,business_organization
3230,GPT_o4,EA,2,business_organization
3230,QwenN,Neutral,2,business_organization
3230,QwenN,Neutral-CoT,1,business_organization
3230,QwenN,EI,2,business_organization
3230,QwenN,EA,1,business_organization
3230,QwenT,Neutral,1,business_organization
3230,QwenT,Neutral-CoT,1,business_organization
3230,QwenT,EI,1,business_organization
3230,QwenT,EA,1,business_organization
3297,GPT_5,Neutral,1,family
3297,GPT_5,Neutral-CoT,1,family
3297,GPT_5,EI,1,family
3297,GPT_5,EA,1,family
3297,GPT_o4,Neutral,1,family
3297,GPT_o4,Neutral-CoT,1,family
3297,GPT_o4,EI,2,family
3297,GPT_o4,EA,1,family
3297,QwenN,Neutral,1,family
3297,QwenN,Neutral-CoT,1,family
3297,QwenN,EI,1,family
3297,QwenN,EA,1,family
3297,QwenT,Neutral,1,family
3297,QwenT,Neutral-CoT,1,family
3297,QwenT,EI,2,family
3297,QwenT,EA,1,family
3363,GPT_5,Neutral,1,event_daily_life
3363,GPT_5,Neutral-CoT,1,event_daily_life
3363,GPT_5,EI,1,event_daily_life
3363,GPT_5,EA,1,event_daily_life
3363,GPT_o4,Neutral,1,event_daily_life
3363,GPT_o4,Neutral-CoT,1,event_daily_life
3363,GPT_o4,EI,1,event_daily_life
3363,GPT_o4,EA,1,event_daily_life
3363,QwenN,Neutral,1,event_daily_life
3363,QwenN,Neutral-CoT,1,event_daily_life
3363,QwenN,EI,1,event_daily_life
3363,QwenN,EA,1,event_daily_life
3363,QwenT,Neutral,1,event_daily_life
3363,QwenT,Neutral-CoT,2,event_daily_life
3363,QwenT,EI,1,event_daily_life
3363,QwenT,EA,1,event_daily_life
3367,GPT_5,Neutral,2,friend
3367,GPT_5,Neutral-CoT,2,friend
3367,GPT_5,EI,2,friend
3367,GPT_5,EA,2,friend
3367,GPT_o4,Neutral,2,friend
3367,GPT_o4,Neutral-CoT,2,friend
3367,GPT_o4,EI,2,friend
3367,GPT_o4,EA,2,friend
3367,QwenN,Neutral,2,friend
3367,QwenN,Neutral-CoT,2,friend
3367,QwenN,EI,2,friend
3367,QwenN,EA,2,friend
3367,QwenT,Neutral,2,friend
3367,QwenT,Neutral-CoT,2,friend
3367,QwenT,EI,1,friend
3367,QwenT,EA,2,friend
3385,GPT_5,Neutral,2,event_special
3385,GPT_5,Neutral-CoT,2,event_special
3385,GPT_5,EI,2,event_special
3385,GPT_5,EA,2,event_special
3385,GPT_o4,Neutral,2,event_special
3385,GPT_o4,Neutral-CoT,1,event_special
3385,GPT_o4,EI,1,event_special
3385,GPT_o4,EA,1,event_special
3385,QwenN,Neutral,2,event_special
3385,QwenN,Neutral-CoT,2,event_special
3385,QwenN,EI,2,event_special
3385,QwenN,EA,2,event_special
3385,QwenT,Neutral,2,event_special
3385,QwenT,Neutral-CoT,2,event_special
3385,QwenT,EI,1,event_special
3385,QwenT,EA,2,event_special
3400,GPT_5,Neutral,1,issue_self_image_social
3400,GPT_5,Neutral-CoT,1,issue_self_image_social
3400,GPT_5,EI,1,issue_self_image_social
3400,GPT_5,EA,1,issue_self_image_social
3400,GPT_o4,Neutral,1,issue_self_image_social
3400,GPT_o4,Neutral-CoT,1,issue_self_image_social
3400,GPT_o4,EI,1,issue_self_image_social
3400,GPT_o4,EA,1,issue_self_image_social
3400,QwenN,Neutral,1,issue_self_image_social
3400,QwenN,Neutral-CoT,1,issue_self_image_social
3400,QwenN,EI,1,issue_self_image_social
3400,QwenN,EA,1,issue_self_image_social
3400,QwenT,Neutral,1,issue_self_image_social
3400,QwenT,Neutral-CoT,1,issue_self_image_social
3400,QwenT,EI,1,issue_self_image_social
3400,QwenT,EA,1,issue_self_image_social
3418,GPT_5,Neutral,1,family
3418,GPT_5,Neutral-CoT,1,family
3418,GPT_5,EI,1,family
3418,GPT_5,EA,1,family
3418,GPT_o4,Neutral,1,family
3418,GPT_o4,Neutral-CoT,2,family
3418,GPT_o4,EI,1,family
3418,GPT_o4,EA,1,family
3418,QwenN,Neutral,1,family
3418,QwenN,Neutral-CoT,1,family
3418,QwenN,EI,1,family
3418,QwenN,EA,1,family
3418,QwenT,Neutral,1,family
3418,QwenT,Neutral-CoT,1,family
3418,QwenT,EI,1,family
3418,QwenT,EA,1,family
3429,GPT_5,Neutral,2,school
3429,GPT_5,Neutral-CoT,2,school
3429,GPT_5,EI,2,school
3429,GPT_5,EA,2,school
3429,GPT_o4,Neutral,2,school
3429,GPT_o4,Neutral-CoT,2,school
3429,GPT_o4,EI,2,school
3429,GPT_o4,EA,2,school
3429,QwenN,Neutral,2,school
3429,QwenN,Neutral-CoT,2,school
3429,QwenN,EI,2,school
3429,QwenN,EA,2,school
3429,QwenT,Neutral,2,school
3429,QwenT,Neutral-CoT,2,school
3429,QwenT,EI,2,school
3429,QwenT,EA,2,school
3440,GPT_5,Neutral,1,religion_custom
3440,GPT_5,Neutral-CoT,1,religion_custom
3440,GPT_5,EI,1,religion_custom
3440,GPT_5,EA,1,religion_custom
3440,GPT_o4,Neutral,1,religion_custom
3440,GPT_o4,Neutral-CoT,1,religion_custom
3440,GPT_o4,EI,1,religion_custom
3440,GPT_o4,EA,1,religion_custom
3440,QwenN,Neutral,1,religion_custom
3440,QwenN,Neutral-CoT,1,religion_custom
3440,QwenN,EI,1,religion_custom
3440,QwenN,EA,1,religion_custom
3440,QwenT,Neutral,1,religion_custom
3440,QwenT,Neutral-CoT,1,religion_custom
3440,QwenT,EI,1,religion_custom
3440,QwenT,EA,1,religion_custom
3512,GPT_5,Neutral,1,school
3512,GPT_5,Neutral-CoT,2,school
3512,GPT_5,EI,2,school
3512,GPT_5,EA,2,school
3512,GPT_o4,Neutral,2,school
3512,GPT_o4,Neutral-CoT,2,school
3512,GPT_o4,EI,2,school
3512,GPT_o4,EA,2,school
3512,QwenN,Neutral,2,school
3512,QwenN,Neutral-CoT,2,school
3512,QwenN,EI,2,school
3512,QwenN,EA,2,school
3512,QwenT,Neutral,2,school
3512,QwenT,Neutral-CoT,2,school
3512,QwenT,EI,2,school
3512,QwenT,EA,2,school
3524,GPT_5,Neutral,1,religion_custom
3524,GPT_5,Neutral-CoT,1,religion_custom
3524,GPT_5,EI,1,religion_custom
3524,GPT_5,EA,1,religion_custom
3524,GPT_o4,Neutral,1,religion_custom
3524,GPT_o4,Neutral-CoT,1,religion_custom
3524,GPT_o4,EI,1,religion_custom
3524,GPT_o4,EA,1,religion_custom
3524,QwenN,Neutral,1,religion_custom
3524,QwenN,Neutral-CoT,1,religion_custom
3524,QwenN,EI,1,religion_custom
3524,QwenN,EA,1,religion_custom
3524,QwenT,Neutral,1,religion_custom
3524,QwenT,Neutral-CoT,1,religion_custom
3524,QwenT,EI,1,religion_custom
3524,QwenT,EA,1,religion_custom
3567,GPT_5,Neutral,1,school
3567,GPT_5,Neutral-CoT,1,school
3567,GPT_5,EI,2,school
3567,GPT_5,EA,1,school
3567,GPT_o4,Neutral,1,school
3567,GPT_o4,Neutral-CoT,1,school
3567,GPT_o4,EI,1,school
3567,GPT_o4,EA,1,school
3567,QwenN,Neutral,1,school
3567,QwenN,Neutral-CoT,1,school
3567,QwenN,EI,1,school
3567,QwenN,EA,1,school
3567,QwenT,Neutral,1,school
3567,QwenT,Neutral-CoT,1,school
3567,QwenT,EI,1,school
3567,QwenT,EA,1,school
3631,GPT_5,Neutral,2,friend
3631,GPT_5,Neutral-CoT,2,friend
3631,GPT_5,EI,2,friend
3631,GPT_5,EA,2,friend
3631,GPT_o4,Neutral,2,friend
3631,GPT_o4,Neutral-CoT,2,friend
3631,GPT_o4,EI,2,friend
3631,GPT_o4,EA,2,friend
3631,QwenN,Neutral,2,friend
3631,QwenN,Neutral-CoT,2,friend
3631,QwenN,EI,2,friend
3631,QwenN,EA,2,friend
3631,QwenT,Neutral,2,friend
3631,QwenT,Neutral-CoT,2,friend
3631,QwenT,EI,2,friend
3631,QwenT,EA,2,friend
3811,GPT_5,Neutral,1,religion_custom
3811,GPT_5,Neutral-CoT,1,religion_custom
3811,GPT_5,EI,1,religion_custom
3811,GPT_5,EA,1,religion_custom
3811,GPT_o4,Neutral,1,religion_custom
3811,GPT_o4,Neutral-CoT,1,religion_custom
3811,GPT_o4,EI,1,religion_custom
3811,GPT_o4,EA,1,religion_custom
3811,QwenN,Neutral,1,religion_custom
3811,QwenN,Neutral-CoT,1,religion_custom
3811,QwenN,EI,2,religion_custom
3811,QwenN,EA,2,religion_custom
3811,QwenT,Neutral,1,religion_custom
3811,QwenT,Neutral-CoT,1,religion_custom
3811,QwenT,EI,2,religion_custom
3811,QwenT,EA,1,religion_custom
3824,GPT_5,Neutral,1,comitted_relationship
3824,GPT_5,Neutral-CoT,1,comitted_relationship
3824,GPT_5,EI,1,comitted_relationship
3824,GPT_5,EA,1,comitted_relationship
3824,GPT_o4,Neutral,1,comitted_relationship
3824,GPT_o4,Neutral-CoT,1,comitted_relationship
3824,GPT_o4,EI,1,comitted_relationship
3824,GPT_o4,EA,1,comitted_relationship
3824,QwenN,Neutral,1,comitted_relationship
3824,QwenN,Neutral-CoT,1,comitted_relationship
3824,QwenN,EI,1,comitted_relationship
3824,QwenN,EA,1,comitted_relationship
3824,QwenT,Neutral,1,comitted_relationship
3824,QwenT,Neutral-CoT,1,comitted_relationship
3824,QwenT,EI,1,comitted_relationship
3824,QwenT,EA,1,comitted_relationship
3839,GPT_5,Neutral,2,school
3839,GPT_5,Neutral-CoT,2,school
3839,GPT_5,EI,2,school
3839,GPT_5,EA,2,school
3839,GPT_o4,Neutral,1,school
3839,GPT_o4,Neutral-CoT,1,school
3839,GPT_o4,EI,1,school
3839,GPT_o4,EA,1,school
3839,QwenN,Neutral,1,school
3839,QwenN,Neutral-CoT,1,school
3839,QwenN,EI,1,school
3839,QwenN,EA,1,school
3839,QwenT,Neutral,1,school
3839,QwenT,Neutral-CoT,1,school
3839,QwenT,EI,1,school
3839,QwenT,EA,1,school
3867,GPT_5,Neutral,1,issue_crime_addiction
3867,GPT_5,Neutral-CoT,1,issue_crime_addiction
3867,GPT_5,EI,1,issue_crime_addiction
3867,GPT_5,EA,1,issue_crime_addiction
3867,GPT_o4,Neutral,1,issue_crime_addiction
3867,GPT_o4,Neutral-CoT,1,issue_crime_addiction
3867,GPT_o4,EI,1,issue_crime_addiction
3867,GPT_o4,EA,1,issue_crime_addiction
3867,QwenN,Neutral,1,issue_crime_addiction
3867,QwenN,Neutral-CoT,1,issue_crime_addiction
3867,QwenN,EI,1,issue_crime_addiction
3867,QwenN,EA,1,issue_crime_addiction
3867,QwenT,Neutral,1,issue_crime_addiction
3867,QwenT,Neutral-CoT,1,issue_crime_addiction
3867,QwenT,EI,1,issue_crime_addiction
3867,QwenT,EA,1,issue_crime_addiction
3868,GPT_5,Neutral,1,family
3868,GPT_5,Neutral-CoT,1,family
3868,GPT_5,EI,1,family
3868,GPT_5,EA,1,family
3868,GPT_o4,Neutral,1,family
3868,GPT_o4,Neutral-CoT,1,family
3868,GPT_o4,EI,1,family
3868,GPT_o4,EA,1,family
3868,QwenN,Neutral,2,family
3868,QwenN,Neutral-CoT,2,family
3868,QwenN,EI,1,family
3868,QwenN,EA,1,family
3868,QwenT,Neutral,1,family
3868,QwenT,Neutral-CoT,1,family
3868,QwenT,EI,1,family
3868,QwenT,EA,1,family
3912,GPT_5,Neutral,2,issue_wildlife_human_environment
3912,GPT_5,Neutral-CoT,2,issue_wildlife_human_environment
3912,GPT_5,EI,2,issue_wildlife_human_environment
3912,GPT_5,EA,2,issue_wildlife_human_environment
3912,GPT_o4,Neutral,2,issue_wildlife_human_environment
3912,GPT_o4,Neutral-CoT,1,issue_wildlife_human_environment
3912,GPT_o4,EI,2,issue_wildlife_human_environment
3912,GPT_o4,EA,1,issue_wildlife_human_environment
3912,QwenN,Neutral,1,issue_wildlife_human_environment
3912,QwenN,Neutral-CoT,1,issue_wildlife_human_environment
3912,QwenN,EI,1,issue_wildlife_human_environment
3912,QwenN,EA,1,issue_wildlife_human_environment
3912,QwenT,Neutral,2,issue_wildlife_human_environment
3912,QwenT,Neutral-CoT,2,issue_wildlife_human_environment
3912,QwenT,EI,1,issue_wildlife_human_environment
3912,QwenT,EA,2,issue_wildlife_human_environment
3929,GPT_5,Neutral,2,issue_pregnancy
3929,GPT_5,Neutral-CoT,1,issue_pregnancy
3929,GPT_5,EI,1,issue_pregnancy
3929,GPT_5,EA,1,issue_pregnancy
3929,GPT_o4,Neutral,1,issue_pregnancy
3929,GPT_o4,Neutral-CoT,1,issue_pregnancy
3929,GPT_o4,EI,1,issue_pregnancy
3929,GPT_o4,EA,1,issue_pregnancy
3929,QwenN,Neutral,2,issue_pregnancy
3929,QwenN,Neutral-CoT,2,issue_pregnancy
3929,QwenN,EI,2,issue_pregnancy
3929,QwenN,EA,2,issue_pregnancy
3929,QwenT,Neutral,1,issue_pregnancy
3929,QwenT,Neutral-CoT,1,issue_pregnancy
3929,QwenT,EI,1,issue_pregnancy
3929,QwenT,EA,1,issue_pregnancy
3954,GPT_5,Neutral,2,comitted_relationship
3954,GPT_5,Neutral-CoT,2,comitted_relationship
3954,GPT_5,EI,2,comitted_relationship
3954,GPT_5,EA,2,comitted_relationship
3954,GPT_o4,Neutral,2,comitted_relationship
3954,GPT_o4,Neutral-CoT,2,comitted_relationship
3954,GPT_o4,EI,2,comitted_relationship
3954,GPT_o4,EA,2,comitted_relationship
3954,QwenN,Neutral,2,comitted_relationship
3954,QwenN,Neutral-CoT,2,comitted_relationship
3954,QwenN,EI,2,comitted_relationship
3954,QwenN,EA,2,comitted_relationship
3954,QwenT,Neutral,1,comitted_relationship
3954,QwenT,Neutral-CoT,1,comitted_relationship
3954,QwenT,EI,1,comitted_relationship
3954,QwenT,EA,1,comitted_relationship
3971,GPT_5,Neutral,2,friend
3971,GPT_5,Neutral-CoT,2,friend
3971,GPT_5,EI,2,friend
3971,GPT_5,EA,2,friend
3971,GPT_o4,Neutral,2,friend
3971,GPT_o4,Neutral-CoT,2,friend
3971,GPT_o4,EI,2,friend
3971,GPT_o4,EA,2,friend
3971,QwenN,Neutral,2,friend
3971,QwenN,Neutral-CoT,2,friend
3971,QwenN,EI,2,friend
3971,QwenN,EA,2,friend
3971,QwenT,Neutral,2,friend
3971,QwenT,Neutral-CoT,2,friend
3971,QwenT,EI,2,friend
3971,QwenT,EA,2,friend
3979,GPT_5,Neutral,2,event_daily_life
3979,GPT_5,Neutral-CoT,2,event_daily_life
3979,GPT_5,EI,1,event_daily_life
3979,GPT_5,EA,2,event_daily_life
3979,GPT_o4,Neutral,1,event_daily_life
3979,GPT_o4,Neutral-CoT,2,event_daily_life
3979,GPT_o4,EI,1,event_daily_life
3979,GPT_o4,EA,2,event_daily_life
3979,QwenN,Neutral,1,event_daily_life
3979,QwenN,Neutral-CoT,2,event_daily_life
3979,QwenN,EI,1,event_daily_life
3979,QwenN,EA,2,event_daily_life
3979,QwenT,Neutral,1,event_daily_life
3979,QwenT,Neutral-CoT,2,event_daily_life
3979,QwenT,EI,1,event_daily_life
3979,QwenT,EA,1,event_daily_life
4011,GPT_5,Neutral,2,issue_pregnancy
4011,GPT_5,Neutral-CoT,2,issue_pregnancy
4011,GPT_5,EI,2,issue_pregnancy
4011,GPT_5,EA,2,issue_pregnancy
4011,GPT_o4,Neutral,2,issue_pregnancy
4011,GPT_o4,Neutral-CoT,2,issue_pregnancy
4011,GPT_o4,EI,2,issue_pregnancy
4011,GPT_o4,EA,2,issue_pregnancy
4011,QwenN,Neutral,2,issue_pregnancy
4011,QwenN,Neutral-CoT,2,issue_pregnancy
4011,QwenN,EI,1,issue_pregnancy
4011,QwenN,EA,2,issue_pregnancy
4011,QwenT,Neutral,2,issue_pregnancy
4011,QwenT,Neutral-CoT,2,issue_pregnancy
4011,QwenT,EI,2,issue_pregnancy
4011,QwenT,EA,2,issue_pregnancy
4017,GPT_5,Neutral,2,event_daily_life
4017,GPT_5,Neutral-CoT,2,event_daily_life
4017,GPT_5,EI,2,event_daily_life
4017,GPT_5,EA,2,event_daily_life
4017,GPT_o4,Neutral,1,event_daily_life
4017,GPT_o4,Neutral-CoT,2,event_daily_life
4017,GPT_o4,EI,2,event_daily_life
4017,GPT_o4,EA,2,event_daily_life
4017,QwenN,Neutral,2,event_daily_life
4017,QwenN,Neutral-CoT,2,event_daily_life
4017,QwenN,EI,2,event_daily_life
4017,QwenN,EA,2,event_daily_life
4017,QwenT,Neutral,2,event_daily_life
4017,QwenT,Neutral-CoT,2,event_daily_life
4017,QwenT,EI,2,event_daily_life
4017,QwenT,EA,2,event_daily_life
4066,GPT_5,Neutral,2,issue_wildlife_human_environment
4066,GPT_5,Neutral-CoT,2,issue_wildlife_human_environment
4066,GPT_5,EI,2,issue_wildlife_human_environment
4066,GPT_5,EA,2,issue_wildlife_human_environment
4066,GPT_o4,Neutral,2,issue_wildlife_human_environment
4066,GPT_o4,Neutral-CoT,2,issue_wildlife_human_environment
4066,GPT_o4,EI,2,issue_wildlife_human_environment
4066,GPT_o4,EA,2,issue_wildlife_human_environment
4066,QwenN,Neutral,2,issue_wildlife_human_environment
4066,QwenN,Neutral-CoT,2,issue_wildlife_human_environment
4066,QwenN,EI,2,issue_wildlife_human_environment
4066,QwenN,EA,2,issue_wildlife_human_environment
4066,QwenT,Neutral,2,issue_wildlife_human_environment
4066,QwenT,Neutral-CoT,2,issue_wildlife_human_environment
4066,QwenT,EI,2,issue_wildlife_human_environment
4066,QwenT,EA,2,issue_wildlife_human_environment
4087,GPT_5,Neutral,2,school
4087,GPT_5,Neutral-CoT,2,school
4087,GPT_5,EI,2,school
4087,GPT_5,EA,2,school
4087,GPT_o4,Neutral,2,school
4087,GPT_o4,Neutral-CoT,2,school
4087,GPT_o4,EI,2,school
4087,GPT_o4,EA,2,school
4087,QwenN,Neutral,2,school
4087,QwenN,Neutral-CoT,2,school
4087,QwenN,EI,2,school
4087,QwenN,EA,2,school
4087,QwenT,Neutral,2,school
4087,QwenT,Neutral-CoT,2,school
4087,QwenT,EI,2,school
4087,QwenT,EA,2,school
4153,GPT_5,Neutral,2,school
4153,GPT_5,Neutral-CoT,2,school
4153,GPT_5,EI,2,school
4153,GPT_5,EA,2,school
4153,GPT_o4,Neutral,2,school
4153,GPT_o4,Neutral-CoT,2,school
4153,GPT_o4,EI,2,school
4153,GPT_o4,EA,2,school
4153,QwenN,Neutral,2,school
4153,QwenN,Neutral-CoT,2,school
4153,QwenN,EI,2,school
4153,QwenN,EA,2,school
4153,QwenT,Neutral,2,school
4153,QwenT,Neutral-CoT,2,school
4153,QwenT,EI,1,school
4153,QwenT,EA,2,school
4182,GPT_5,Neutral,1,religion_custom
4182,GPT_5,Neutral-CoT,2,religion_custom
4182,GPT_5,EI,1,religion_custom
4182,GPT_5,EA,2,religion_custom
4182,GPT_o4,Neutral,2,religion_custom
4182,GPT_o4,Neutral-CoT,2,religion_custom
4182,GPT_o4,EI,2,religion_custom
4182,GPT_o4,EA,2,religion_custom
4182,QwenN,Neutral,2,religion_custom
4182,QwenN,Neutral-CoT,2,religion_custom
4182,QwenN,EI,1,religion_custom
4182,QwenN,EA,2,religion_custom
4182,QwenT,Neutral,1,religion_custom
4182,QwenT,Neutral-CoT,1,religion_custom
4182,QwenT,EI,1,religion_custom
4182,QwenT,EA,1,religion_custom
4187,GPT_5,Neutral,1,workplace
4187,GPT_5,Neutral-CoT,1,workplace
4187,GPT_5,EI,1,workplace
4187,GPT_5,EA,1,workplace
4187,GPT_o4,Neutral,1,workplace
4187,GPT_o4,Neutral-CoT,1,workplace
4187,GPT_o4,EI,1,workplace
4187,GPT_o4,EA,1,workplace
4187,QwenN,Neutral,1,workplace
4187,QwenN,Neutral-CoT,1,workplace
4187,QwenN,EI,1,workplace
4187,QwenN,EA,1,workplace
4187,QwenT,Neutral,1,workplace
4187,QwenT,Neutral-CoT,1,workplace
4187,QwenT,EI,1,workplace
4187,QwenT,EA,1,workplace
4207,GPT_5,Neutral,1,friend
4207,GPT_5,Neutral-CoT,1,friend
4207,GPT_5,EI,1,friend
4207,GPT_5,EA,1,friend
4207,GPT_o4,Neutral,1,friend
4207,GPT_o4,Neutral-CoT,1,friend
4207,GPT_o4,EI,1,friend
4207,GPT_o4,EA,1,friend
4207,QwenN,Neutral,1,friend
4207,QwenN,Neutral-CoT,1,friend
4207,QwenN,EI,1,friend
4207,QwenN,EA,1,friend
4207,QwenT,Neutral,1,friend
4207,QwenT,Neutral-CoT,1,friend
4207,QwenT,EI,1,friend
4207,QwenT,EA,1,friend
4211,GPT_5,Neutral,1,issue_self_image_social
4211,GPT_5,Neutral-CoT,1,issue_self_image_social
4211,GPT_5,EI,1,issue_self_image_social
4211,GPT_5,EA,1,issue_self_image_social
4211,GPT_o4,Neutral,1,issue_self_image_social
4211,GPT_o4,Neutral-CoT,1,issue_self_image_social
4211,GPT_o4,EI,1,issue_self_image_social
4211,GPT_o4,EA,1,issue_self_image_social
4211,QwenN,Neutral,1,issue_self_image_social
4211,QwenN,Neutral-CoT,1,issue_self_image_social
4211,QwenN,EI,1,issue_self_image_social
4211,QwenN,EA,1,issue_self_image_social
4211,QwenT,Neutral,1,issue_self_image_social
4211,QwenT,Neutral-CoT,1,issue_self_image_social
4211,QwenT,EI,1,issue_self_image_social
4211,QwenT,EA,1,issue_self_image_social
4303,GPT_5,Neutral,1,issue_young_people
4303,GPT_5,Neutral-CoT,1,issue_young_people
4303,GPT_5,EI,1,issue_young_people
4303,GPT_5,EA,1,issue_young_people
4303,GPT_o4,Neutral,1,issue_young_people
4303,GPT_o4,Neutral-CoT,1,issue_young_people
4303,GPT_o4,EI,1,issue_young_people
4303,GPT_o4,EA,1,issue_young_people
4303,QwenN,Neutral,1,issue_young_people
4303,QwenN,Neutral-CoT,1,issue_young_people
4303,QwenN,EI,1,issue_young_people
4303,QwenN,EA,1,issue_young_people
4303,QwenT,Neutral,1,issue_young_people
4303,QwenT,Neutral-CoT,1,issue_young_people
4303,QwenT,EI,1,issue_young_people
4303,QwenT,EA,1,issue_young_people
4314,GPT_5,Neutral,1,role_duty_responsibility
4314,GPT_5,Neutral-CoT,1,role_duty_responsibility
4314,GPT_5,EI,1,role_duty_responsibility
4314,GPT_5,EA,1,role_duty_responsibility
4314,GPT_o4,Neutral,1,role_duty_responsibility
4314,GPT_o4,Neutral-CoT,1,role_duty_responsibility
4314,GPT_o4,EI,1,role_duty_responsibility
4314,GPT_o4,EA,1,role_duty_responsibility
4314,QwenN,Neutral,1,role_duty_responsibility
4314,QwenN,Neutral-CoT,1,role_duty_responsibility
4314,QwenN,EI,1,role_duty_responsibility
4314,QwenN,EA,1,role_duty_responsibility
4314,QwenT,Neutral,1,role_duty_responsibility
4314,QwenT,Neutral-CoT,1,role_duty_responsibility
4314,QwenT,EI,2,role_duty_responsibility
4314,QwenT,EA,1,role_duty_responsibility
4339,GPT_5,Neutral,2,business_organization
4339,GPT_5,Neutral-CoT,2,business_organization
4339,GPT_5,EI,1,business_organization
4339,GPT_5,EA,2,business_organization
4339,GPT_o4,Neutral,1,business_organization
4339,GPT_o4,Neutral-CoT,1,business_organization
4339,GPT_o4,EI,1,business_organization
4339,GPT_o4,EA,1,business_organization
4339,QwenN,Neutral,1,business_organization
4339,QwenN,Neutral-CoT,1,business_organization
4339,QwenN,EI,1,business_organization
4339,QwenN,EA,1,business_organization
4339,QwenT,Neutral,2,business_organization
4339,QwenT,Neutral-CoT,2,business_organization
4339,QwenT,EI,2,business_organization
4339,QwenT,EA,2,business_organization
4348,GPT_5,Neutral,2,issue_young_people
4348,GPT_5,Neutral-CoT,2,issue_young_people
4348,GPT_5,EI,2,issue_young_people
4348,GPT_5,EA,2,issue_young_people
4348,GPT_o4,Neutral,2,issue_young_people
4348,GPT_o4,Neutral-CoT,2,issue_young_people
4348,GPT_o4,EI,2,issue_young_people
4348,GPT_o4,EA,2,issue_young_people
4348,QwenN,Neutral,2,issue_young_people
4348,QwenN,Neutral-CoT,2,issue_young_people
4348,QwenN,EI,2,issue_young_people
4348,QwenN,EA,2,issue_young_people
4348,QwenT,Neutral,1,issue_young_people
4348,QwenT,Neutral-CoT,1,issue_young_people
4348,QwenT,EI,2,issue_young_people
4348,QwenT,EA,2,issue_young_people
4447,GPT_5,Neutral,1,comitted_relationship
4447,GPT_5,Neutral-CoT,1,comitted_relationship
4447,GPT_5,EI,1,comitted_relationship
4447,GPT_5,EA,1,comitted_relationship
4447,GPT_o4,Neutral,1,comitted_relationship
4447,GPT_o4,Neutral-CoT,1,comitted_relationship
4447,GPT_o4,EI,1,comitted_relationship
4447,GPT_o4,EA,1,comitted_relationship
4447,QwenN,Neutral,1,comitted_relationship
4447,QwenN,Neutral-CoT,1,comitted_relationship
4447,QwenN,EI,1,comitted_relationship
4447,QwenN,EA,1,comitted_relationship
4447,QwenT,Neutral,1,comitted_relationship
4447,QwenT,Neutral-CoT,1,comitted_relationship
4447,QwenT,EI,1,comitted_relationship
4447,QwenT,EA,1,comitted_relationship
4462,GPT_5,Neutral,1,friend
4462,GPT_5,Neutral-CoT,1,friend
4462,GPT_5,EI,1,friend
4462,GPT_5,EA,1,friend
4462,GPT_o4,Neutral,1,friend
4462,GPT_o4,Neutral-CoT,1,friend
4462,GPT_o4,EI,1,friend
4462,GPT_o4,EA,1,friend
4462,QwenN,Neutral,1,friend
4462,QwenN,Neutral-CoT,1,friend
4462,QwenN,EI,1,friend
4462,QwenN,EA,1,friend
4462,QwenT,Neutral,1,friend
4462,QwenT,Neutral-CoT,1,friend
4462,QwenT,EI,1,friend
4462,QwenT,EA,1,friend
4591,GPT_5,Neutral,1,issue_pregnancy
4591,GPT_5,Neutral-CoT,1,issue_pregnancy
4591,GPT_5,EI,1,issue_pregnancy
4591,GPT_5,EA,1,issue_pregnancy
4591,GPT_o4,Neutral,1,issue_pregnancy
4591,GPT_o4,Neutral-CoT,1,issue_pregnancy
4591,GPT_o4,EI,1,issue_pregnancy
4591,GPT_o4,EA,1,issue_pregnancy
4591,QwenN,Neutral,1,issue_pregnancy
4591,QwenN,Neutral-CoT,1,issue_pregnancy
4591,QwenN,EI,1,issue_pregnancy
4591,QwenN,EA,1,issue_pregnancy
4591,QwenT,Neutral,1,issue_pregnancy
4591,QwenT,Neutral-CoT,1,issue_pregnancy
4591,QwenT,EI,1,issue_pregnancy
4591,QwenT,EA,1,issue_pregnancy
4624,GPT_5,Neutral,2,friend
4624,GPT_5,Neutral-CoT,2,friend
4624,GPT_5,EI,2,friend
4624,GPT_5,EA,2,friend
4624,GPT_o4,Neutral,2,friend
4624,GPT_o4,Neutral-CoT,2,friend
4624,GPT_o4,EI,2,friend
4624,GPT_o4,EA,2,friend
4624,QwenN,Neutral,2,friend
4624,QwenN,Neutral-CoT,2,friend
4624,QwenN,EI,2,friend
4624,QwenN,EA,2,friend
4624,QwenT,Neutral,2,friend
4624,QwenT,Neutral-CoT,2,friend
4624,QwenT,EI,2,friend
4624,QwenT,EA,2,friend
4651,GPT_5,Neutral,2,friend
4651,GPT_5,Neutral-CoT,2,friend
4651,GPT_5,EI,2,friend
4651,GPT_5,EA,2,friend
4651,GPT_o4,Neutral,2,friend
4651,GPT_o4,Neutral-CoT,2,friend
4651,GPT_o4,EI,2,friend
4651,GPT_o4,EA,2,friend
4651,QwenN,Neutral,2,friend
4651,QwenN,Neutral-CoT,2,friend
4651,QwenN,EI,2,friend
4651,QwenN,EA,2,friend
4651,QwenT,Neutral,2,friend
4651,QwenT,Neutral-CoT,2,friend
4651,QwenT,EI,1,friend
4651,QwenT,EA,2,friend
4652,GPT_5,Neutral,1,close_relationship
4652,GPT_5,Neutral-CoT,1,close_relationship
4652,GPT_5,EI,1,close_relationship
4652,GPT_5,EA,1,close_relationship
4652,GPT_o4,Neutral,1,close_relationship
4652,GPT_o4,Neutral-CoT,1,close_relationship
4652,GPT_o4,EI,1,close_relationship
4652,GPT_o4,EA,1,close_relationship
4652,QwenN,Neutral,1,close_relationship
4652,QwenN,Neutral-CoT,1,close_relationship
4652,QwenN,EI,1,close_relationship
4652,QwenN,EA,1,close_relationship
4652,QwenT,Neutral,2,close_relationship
4652,QwenT,Neutral-CoT,1,close_relationship
4652,QwenT,EI,1,close_relationship
4652,QwenT,EA,2,close_relationship
4663,GPT_5,Neutral,1,workplace
4663,GPT_5,Neutral-CoT,1,workplace
4663,GPT_5,EI,1,workplace
4663,GPT_5,EA,1,workplace
4663,GPT_o4,Neutral,1,workplace
4663,GPT_o4,Neutral-CoT,1,workplace
4663,GPT_o4,EI,1,workplace
4663,GPT_o4,EA,1,workplace
4663,QwenN,Neutral,1,workplace
4663,QwenN,Neutral-CoT,1,workplace
4663,QwenN,EI,1,workplace
4663,QwenN,EA,1,workplace
4663,QwenT,Neutral,1,workplace
4663,QwenT,Neutral-CoT,1,workplace
4663,QwenT,EI,1,workplace
4663,QwenT,EA,1,workplace
4706,GPT_5,Neutral,2,comitted_relationship
4706,GPT_5,Neutral-CoT,2,comitted_relationship
4706,GPT_5,EI,2,comitted_relationship
4706,GPT_5,EA,2,comitted_relationship
4706,GPT_o4,Neutral,2,comitted_relationship
4706,GPT_o4,Neutral-CoT,2,comitted_relationship
4706,GPT_o4,EI,2,comitted_relationship
4706,GPT_o4,EA,2,comitted_relationship
4706,QwenN,Neutral,2,comitted_relationship
4706,QwenN,Neutral-CoT,2,comitted_relationship
4706,QwenN,EI,2,comitted_relationship
4706,QwenN,EA,2,comitted_relationship
4706,QwenT,Neutral,2,comitted_relationship
4706,QwenT,Neutral-CoT,2,comitted_relationship
4706,QwenT,EI,2,comitted_relationship
4706,QwenT,EA,2,comitted_relationship
4716,GPT_5,Neutral,1,issue_pregnancy
4716,GPT_5,Neutral-CoT,1,issue_pregnancy
4716,GPT_5,EI,1,issue_pregnancy
4716,GPT_5,EA,1,issue_pregnancy
4716,GPT_o4,Neutral,1,issue_pregnancy
4716,GPT_o4,Neutral-CoT,1,issue_pregnancy
4716,GPT_o4,EI,1,issue_pregnancy
4716,GPT_o4,EA,1,issue_pregnancy
4716,QwenN,Neutral,1,issue_pregnancy
4716,QwenN,Neutral-CoT,1,issue_pregnancy
4716,QwenN,EI,1,issue_pregnancy
4716,QwenN,EA,1,issue_pregnancy
4716,QwenT,Neutral,1,issue_pregnancy
4716,QwenT,Neutral-CoT,1,issue_pregnancy
4716,QwenT,EI,1,issue_pregnancy
4716,QwenT,EA,1,issue_pregnancy
4744,GPT_5,Neutral,2,close_relationship
4744,GPT_5,Neutral-CoT,2,close_relationship
4744,GPT_5,EI,2,close_relationship
4744,GPT_5,EA,2,close_relationship
4744,GPT_o4,Neutral,2,close_relationship
4744,GPT_o4,Neutral-CoT,2,close_relationship
4744,GPT_o4,EI,2,close_relationship
4744,GPT_o4,EA,2,close_relationship
4744,QwenN,Neutral,2,close_relationship
4744,QwenN,Neutral-CoT,2,close_relationship
4744,QwenN,EI,2,close_relationship
4744,QwenN,EA,2,close_relationship
4744,QwenT,Neutral,2,close_relationship
4744,QwenT,Neutral-CoT,2,close_relationship
4744,QwenT,EI,2,close_relationship
4744,QwenT,EA,2,close_relationship
4767,GPT_5,Neutral,1,issue_young_people
4767,GPT_5,Neutral-CoT,1,issue_young_people
4767,GPT_5,EI,1,issue_young_people
4767,GPT_5,EA,1,issue_young_people
4767,GPT_o4,Neutral,1,issue_young_people
4767,GPT_o4,Neutral-CoT,1,issue_young_people
4767,GPT_o4,EI,1,issue_young_people
4767,GPT_o4,EA,1,issue_young_people
4767,QwenN,Neutral,1,issue_young_people
4767,QwenN,Neutral-CoT,1,issue_young_people
4767,QwenN,EI,1,issue_young_people
4767,QwenN,EA,1,issue_young_people
4767,QwenT,Neutral,1,issue_young_people
4767,QwenT,Neutral-CoT,1,issue_young_people
4767,QwenT,EI,1,issue_young_people
4767,QwenT,EA,1,issue_young_people
4795,GPT_5,Neutral,1,issue_personal_career
4795,GPT_5,Neutral-CoT,1,issue_personal_career
4795,GPT_5,EI,1,issue_personal_career
4795,GPT_5,EA,1,issue_personal_career
4795,GPT_o4,Neutral,1,issue_personal_career
4795,GPT_o4,Neutral-CoT,1,issue_personal_career
4795,GPT_o4,EI,1,issue_personal_career
4795,GPT_o4,EA,1,issue_personal_career
4795,QwenN,Neutral,1,issue_personal_career
4795,QwenN,Neutral-CoT,1,issue_personal_career
4795,QwenN,EI,1,issue_personal_career
4795,QwenN,EA,1,issue_personal_career
4795,QwenT,Neutral,1,issue_personal_career
4795,QwenT,Neutral-CoT,1,issue_personal_career
4795,QwenT,EI,1,issue_personal_career
4795,QwenT,EA,1,issue_personal_career
4797,GPT_5,Neutral,2,comitted_relationship
4797,GPT_5,Neutral-CoT,2,comitted_relationship
4797,GPT_5,EI,2,comitted_relationship
4797,GPT_5,EA,2,comitted_relationship
4797,GPT_o4,Neutral,2,comitted_relationship
4797,GPT_o4,Neutral-CoT,2,comitted_relationship
4797,GPT_o4,EI,2,comitted_relationship
4797,GPT_o4,EA,1,comitted_relationship
4797,QwenN,Neutral,2,comitted_relationship
4797,QwenN,Neutral-CoT,2,comitted_relationship
4797,QwenN,EI,2,comitted_relationship
4797,QwenN,EA,2,comitted_relationship
4797,QwenT,Neutral,2,comitted_relationship
4797,QwenT,Neutral-CoT,2,comitted_relationship
4797,QwenT,EI,2,comitted_relationship
4797,QwenT,EA,1,comitted_relationship
4812,GPT_5,Neutral,2,close_relationship
4812,GPT_5,Neutral-CoT,2,close_relationship
4812,GPT_5,EI,2,close_relationship
4812,GPT_5,EA,2,close_relationship
4812,GPT_o4,Neutral,2,close_relationship
4812,GPT_o4,Neutral-CoT,2,close_relationship
4812,GPT_o4,EI,1,close_relationship
4812,GPT_o4,EA,2,close_relationship
4812,QwenN,Neutral,2,close_relationship
4812,QwenN,Neutral-CoT,2,close_relationship
4812,QwenN,EI,2,close_relationship
4812,QwenN,EA,2,close_relationship
4812,QwenT,Neutral,1,close_relationship
4812,QwenT,Neutral-CoT,1,close_relationship
4812,QwenT,EI,1,close_relationship
4812,QwenT,EA,1,close_relationship
4827,GPT_5,Neutral,2,issue_wildlife_human_environment
4827,GPT_5,Neutral-CoT,2,issue_wildlife_human_environment
4827,GPT_5,EI,2,issue_wildlife_human_environment
4827,GPT_5,EA,2,issue_wildlife_human_environment
4827,GPT_o4,Neutral,2,issue_wildlife_human_environment
4827,GPT_o4,Neutral-CoT,2,issue_wildlife_human_environment
4827,GPT_o4,EI,2,issue_wildlife_human_environment
4827,GPT_o4,EA,2,issue_wildlife_human_environment
4827,QwenN,Neutral,2,issue_wildlife_human_environment
4827,QwenN,Neutral-CoT,2,issue_wildlife_human_environment
4827,QwenN,EI,2,issue_wildlife_human_environment
4827,QwenN,EA,2,issue_wildlife_human_environment
4827,QwenT,Neutral,1,issue_wildlife_human_environment
4827,QwenT,Neutral-CoT,1,issue_wildlife_human_environment
4827,QwenT,EI,1,issue_wildlife_human_environment
4827,QwenT,EA,1,issue_wildlife_human_environment
4829,GPT_5,Neutral,2,comitted_relationship
4829,GPT_5,Neutral-CoT,2,comitted_relationship
4829,GPT_5,EI,2,comitted_relationship
4829,GPT_5,EA,2,comitted_relationship
4829,GPT_o4,Neutral,2,comitted_relationship
4829,GPT_o4,Neutral-CoT,2,comitted_relationship
4829,GPT_o4,EI,2,comitted_relationship
4829,GPT_o4,EA,2,comitted_relationship
4829,QwenN,Neutral,2,comitted_relationship
4829,QwenN,Neutral-CoT,2,comitted_relationship
4829,QwenN,EI,2,comitted_relationship
4829,QwenN,EA,2,comitted_relationship
4829,QwenT,Neutral,2,comitted_relationship
4829,QwenT,Neutral-CoT,2,comitted_relationship
4829,QwenT,EI,2,comitted_relationship
4829,QwenT,EA,2,comitted_relationship
4851,GPT_5,Neutral,2,issue_pregnancy
4851,GPT_5,Neutral-CoT,2,issue_pregnancy
4851,GPT_5,EI,2,issue_pregnancy
4851,GPT_5,EA,2,issue_pregnancy
4851,GPT_o4,Neutral,2,issue_pregnancy
4851,GPT_o4,Neutral-CoT,,issue_pregnancy
4851,GPT_o4,EI,2,issue_pregnancy
4851,GPT_o4,EA,2,issue_pregnancy
4851,QwenN,Neutral,2,issue_pregnancy
4851,QwenN,Neutral-CoT,2,issue_pregnancy
4851,QwenN,EI,2,issue_pregnancy
4851,QwenN,EA,2,issue_pregnancy
4851,QwenT,Neutral,2,issue_pregnancy
4851,QwenT,Neutral-CoT,2,issue_pregnancy
4851,QwenT,EI,2,issue_pregnancy
4851,QwenT,EA,2,issue_pregnancy
4856,GPT_5,Neutral,2,business_organization
4856,GPT_5,Neutral-CoT,2,business_organization
4856,GPT_5,EI,2,business_organization
4856,GPT_5,EA,2,business_organization
4856,GPT_o4,Neutral,2,business_organization
4856,GPT_o4,Neutral-CoT,2,business_organization
4856,GPT_o4,EI,2,business_organization
4856,GPT_o4,EA,2,business_organization
4856,QwenN,Neutral,2,business_organization
4856,QwenN,Neutral-CoT,2,business_organization
4856,QwenN,EI,2,business_organization
4856,QwenN,EA,2,business_organization
4856,QwenT,Neutral,2,business_organization
4856,QwenT,Neutral-CoT,2,business_organization
4856,QwenT,EI,2,business_organization
4856,QwenT,EA,2,business_organization
4865,GPT_5,Neutral,1,event_special
4865,GPT_5,Neutral-CoT,1,event_special
4865,GPT_5,EI,1,event_special
4865,GPT_5,EA,1,event_special
4865,GPT_o4,Neutral,1,event_special
4865,GPT_o4,Neutral-CoT,2,event_special
4865,GPT_o4,EI,1,event_special
4865,GPT_o4,EA,1,event_special
4865,QwenN,Neutral,2,event_special
4865,QwenN,Neutral-CoT,2,event_special
4865,QwenN,EI,2,event_special
4865,QwenN,EA,2,event_special
4865,QwenT,Neutral,1,event_special
4865,QwenT,Neutral-CoT,1,event_special
4865,QwenT,EI,1,event_special
4865,QwenT,EA,2,event_special
4871,GPT_5,Neutral,1,friend
4871,GPT_5,Neutral-CoT,1,friend
4871,GPT_5,EI,1,friend
4871,GPT_5,EA,1,friend
4871,GPT_o4,Neutral,1,friend
4871,GPT_o4,Neutral-CoT,1,friend
4871,GPT_o4,EI,1,friend
4871,GPT_o4,EA,1,friend
4871,QwenN,Neutral,1,friend
4871,QwenN,Neutral-CoT,1,friend
4871,QwenN,EI,1,friend
4871,QwenN,EA,1,friend
4871,QwenT,Neutral,1,friend
4871,QwenT,Neutral-CoT,1,friend
4871,QwenT,EI,1,friend
4871,QwenT,EA,1,friend
4927,GPT_5,Neutral,2,issue_pregnancy
4927,GPT_5,Neutral-CoT,2,issue_pregnancy
4927,GPT_5,EI,2,issue_pregnancy
4927,GPT_5,EA,2,issue_pregnancy
4927,GPT_o4,Neutral,2,issue_pregnancy
4927,GPT_o4,Neutral-CoT,2,issue_pregnancy
4927,GPT_o4,EI,2,issue_pregnancy
4927,GPT_o4,EA,2,issue_pregnancy
4927,QwenN,Neutral,2,issue_pregnancy
4927,QwenN,Neutral-CoT,2,issue_pregnancy
4927,QwenN,EI,2,issue_pregnancy
4927,QwenN,EA,2,issue_pregnancy
4927,QwenT,Neutral,2,issue_pregnancy
4927,QwenT,Neutral-CoT,2,issue_pregnancy
4927,QwenT,EI,2,issue_pregnancy
4927,QwenT,EA,2,issue_pregnancy
4937,GPT_5,Neutral,2,event_special
4937,GPT_5,Neutral-CoT,1,event_special
4937,GPT_5,EI,1,event_special
4937,GPT_5,EA,1,event_special
4937,GPT_o4,Neutral,1,event_special
4937,GPT_o4,Neutral-CoT,1,event_special
4937,GPT_o4,EI,1,event_special
4937,GPT_o4,EA,1,event_special
4937,QwenN,Neutral,1,event_special
4937,QwenN,Neutral-CoT,1,event_special
4937,QwenN,EI,1,event_special
4937,QwenN,EA,1,event_special
4937,QwenT,Neutral,2,event_special
4937,QwenT,Neutral-CoT,1,event_special
4937,QwenT,EI,1,event_special
4937,QwenT,EA,1,event_special
5006,GPT_5,Neutral,2,friend
5006,GPT_5,Neutral-CoT,2,friend
5006,GPT_5,EI,1,friend
5006,GPT_5,EA,2,friend
5006,GPT_o4,Neutral,1,friend
5006,GPT_o4,Neutral-CoT,1,friend
5006,GPT_o4,EI,1,friend
5006,GPT_o4,EA,1,friend
5006,QwenN,Neutral,1,friend
5006,QwenN,Neutral-CoT,1,friend
5006,QwenN,EI,1,friend
5006,QwenN,EA,1,friend
5006,QwenT,Neutral,1,friend
5006,QwenT,Neutral-CoT,1,friend
5006,QwenT,EI,1,friend
5006,QwenT,EA,1,friend
5009,GPT_5,Neutral,1,family
5009,GPT_5,Neutral-CoT,1,family
5009,GPT_5,EI,1,family
5009,GPT_5,EA,1,family
5009,GPT_o4,Neutral,1,family
5009,GPT_o4,Neutral-CoT,1,family
5009,GPT_o4,EI,1,family
5009,GPT_o4,EA,1,family
5009,QwenN,Neutral,1,family
5009,QwenN,Neutral-CoT,1,family
5009,QwenN,EI,1,family
5009,QwenN,EA,1,family
5009,QwenT,Neutral,1,family
5009,QwenT,Neutral-CoT,1,family
5009,QwenT,EI,1,family
5009,QwenT,EA,1,family
5024,GPT_5,Neutral,1,school
5024,GPT_5,Neutral-CoT,1,school
5024,GPT_5,EI,1,school
5024,GPT_5,EA,1,school
5024,GPT_o4,Neutral,1,school
5024,GPT_o4,Neutral-CoT,1,school
5024,GPT_o4,EI,1,school
5024,GPT_o4,EA,1,school
5024,QwenN,Neutral,1,school
5024,QwenN,Neutral-CoT,1,school
5024,QwenN,EI,1,school
5024,QwenN,EA,1,school
5024,QwenT,Neutral,1,school
5024,QwenT,Neutral-CoT,1,school
5024,QwenT,EI,1,school
5024,QwenT,EA,1,school
5070,GPT_5,Neutral,1,issue_personal_career
5070,GPT_5,Neutral-CoT,1,issue_personal_career
5070,GPT_5,EI,1,issue_personal_career
5070,GPT_5,EA,1,issue_personal_career
5070,GPT_o4,Neutral,1,issue_personal_career
5070,GPT_o4,Neutral-CoT,1,issue_personal_career
5070,GPT_o4,EI,1,issue_personal_career
5070,GPT_o4,EA,1,issue_personal_career
5070,QwenN,Neutral,1,issue_personal_career
5070,QwenN,Neutral-CoT,1,issue_personal_career
5070,QwenN,EI,1,issue_personal_career
5070,QwenN,EA,1,issue_personal_career
5070,QwenT,Neutral,1,issue_personal_career
5070,QwenT,Neutral-CoT,1,issue_personal_career
5070,QwenT,EI,1,issue_personal_career
5070,QwenT,EA,1,issue_personal_career
5086,GPT_5,Neutral,2,comitted_relationship
5086,GPT_5,Neutral-CoT,2,comitted_relationship
5086,GPT_5,EI,2,comitted_relationship
5086,GPT_5,EA,2,comitted_relationship
5086,GPT_o4,Neutral,2,comitted_relationship
5086,GPT_o4,Neutral-CoT,2,comitted_relationship
5086,GPT_o4,EI,2,comitted_relationship
5086,GPT_o4,EA,2,comitted_relationship
5086,QwenN,Neutral,2,comitted_relationship
5086,QwenN,Neutral-CoT,2,comitted_relationship
5086,QwenN,EI,2,comitted_relationship
5086,QwenN,EA,2,comitted_relationship
5086,QwenT,Neutral,2,comitted_relationship
5086,QwenT,Neutral-CoT,2,comitted_relationship
5086,QwenT,EI,2,comitted_relationship
5086,QwenT,EA,2,comitted_relationship
5105,GPT_5,Neutral,2,issue_self_image_social
5105,GPT_5,Neutral-CoT,2,issue_self_image_social
5105,GPT_5,EI,2,issue_self_image_social
5105,GPT_5,EA,2,issue_self_image_social
5105,GPT_o4,Neutral,2,issue_self_image_social
5105,GPT_o4,Neutral-CoT,2,issue_self_image_social
5105,GPT_o4,EI,2,issue_self_image_social
5105,GPT_o4,EA,2,issue_self_image_social
5105,QwenN,Neutral,1,issue_self_image_social
5105,QwenN,Neutral-CoT,1,issue_self_image_social
5105,QwenN,EI,2,issue_self_image_social
5105,QwenN,EA,2,issue_self_image_social
5105,QwenT,Neutral,1,issue_self_image_social
5105,QwenT,Neutral-CoT,2,issue_self_image_social
5105,QwenT,EI,2,issue_self_image_social
5105,QwenT,EA,2,issue_self_image_social
5119,GPT_5,Neutral,1,event_daily_life
5119,GPT_5,Neutral-CoT,1,event_daily_life
5119,GPT_5,EI,1,event_daily_life
5119,GPT_5,EA,1,event_daily_life
5119,GPT_o4,Neutral,2,event_daily_life
5119,GPT_o4,Neutral-CoT,1,event_daily_life
5119,GPT_o4,EI,1,event_daily_life
5119,GPT_o4,EA,1,event_daily_life
5119,QwenN,Neutral,1,event_daily_life
5119,QwenN,Neutral-CoT,1,event_daily_life
5119,QwenN,EI,1,event_daily_life
5119,QwenN,EA,1,event_daily_life
5119,QwenT,Neutral,1,event_daily_life
5119,QwenT,Neutral-CoT,1,event_daily_life
5119,QwenT,EI,1,event_daily_life
5119,QwenT,EA,1,event_daily_life
5120,GPT_5,Neutral,2,issue_personal_career
5120,GPT_5,Neutral-CoT,2,issue_personal_career
5120,GPT_5,EI,2,issue_personal_career
5120,GPT_5,EA,2,issue_personal_career
5120,GPT_o4,Neutral,2,issue_personal_career
5120,GPT_o4,Neutral-CoT,2,issue_personal_career
5120,GPT_o4,EI,2,issue_personal_career
5120,GPT_o4,EA,2,issue_personal_career
5120,QwenN,Neutral,2,issue_personal_career
5120,QwenN,Neutral-CoT,2,issue_personal_career
5120,QwenN,EI,1,issue_personal_career
5120,QwenN,EA,2,issue_personal_career
5120,QwenT,Neutral,2,issue_personal_career
5120,QwenT,Neutral-CoT,2,issue_personal_career
5120,QwenT,EI,2,issue_personal_career
5120,QwenT,EA,2,issue_personal_career
5159,GPT_5,Neutral,1,close_relationship
5159,GPT_5,Neutral-CoT,1,close_relationship
5159,GPT_5,EI,1,close_relationship
5159,GPT_5,EA,1,close_relationship
5159,GPT_o4,Neutral,1,close_relationship
5159,GPT_o4,Neutral-CoT,1,close_relationship
5159,GPT_o4,EI,1,close_relationship
5159,GPT_o4,EA,1,close_relationship
5159,QwenN,Neutral,1,close_relationship
5159,QwenN,Neutral-CoT,1,close_relationship
5159,QwenN,EI,1,close_relationship
5159,QwenN,EA,1,close_relationship
5159,QwenT,Neutral,1,close_relationship
5159,QwenT,Neutral-CoT,1,close_relationship
5159,QwenT,EI,1,close_relationship
5159,QwenT,EA,1,close_relationship
5406,GPT_5,Neutral,1,issue_crime_addiction
5406,GPT_5,Neutral-CoT,1,issue_crime_addiction
5406,GPT_5,EI,1,issue_crime_addiction
5406,GPT_5,EA,1,issue_crime_addiction
5406,GPT_o4,Neutral,1,issue_crime_addiction
5406,GPT_o4,Neutral-CoT,1,issue_crime_addiction
5406,GPT_o4,EI,1,issue_crime_addiction
5406,GPT_o4,EA,1,issue_crime_addiction
5406,QwenN,Neutral,1,issue_crime_addiction
5406,QwenN,Neutral-CoT,1,issue_crime_addiction
5406,QwenN,EI,1,issue_crime_addiction
5406,QwenN,EA,1,issue_crime_addiction
5406,QwenT,Neutral,1,issue_crime_addiction
5406,QwenT,Neutral-CoT,1,issue_crime_addiction
5406,QwenT,EI,2,issue_crime_addiction
5406,QwenT,EA,1,issue_crime_addiction
5424,GPT_5,Neutral,2,event_daily_life
5424,GPT_5,Neutral-CoT,2,event_daily_life
5424,GPT_5,EI,2,event_daily_life
5424,GPT_5,EA,2,event_daily_life
5424,GPT_o4,Neutral,2,event_daily_life
5424,GPT_o4,Neutral-CoT,2,event_daily_life
5424,GPT_o4,EI,2,event_daily_life
5424,GPT_o4,EA,2,event_daily_life
5424,QwenN,Neutral,2,event_daily_life
5424,QwenN,Neutral-CoT,2,event_daily_life
5424,QwenN,EI,2,event_daily_life
5424,QwenN,EA,2,event_daily_life
5424,QwenT,Neutral,2,event_daily_life
5424,QwenT,Neutral-CoT,2,event_daily_life
5424,QwenT,EI,2,event_daily_life
5424,QwenT,EA,2,event_daily_life
5475,GPT_5,Neutral,1,issue_self_image_social
5475,GPT_5,Neutral-CoT,1,issue_self_image_social
5475,GPT_5,EI,1,issue_self_image_social
5475,GPT_5,EA,1,issue_self_image_social
5475,GPT_o4,Neutral,1,issue_self_image_social
5475,GPT_o4,Neutral-CoT,1,issue_self_image_social
5475,GPT_o4,EI,1,issue_self_image_social
5475,GPT_o4,EA,1,issue_self_image_social
5475,QwenN,Neutral,1,issue_self_image_social
5475,QwenN,Neutral-CoT,1,issue_self_image_social
5475,QwenN,EI,1,issue_self_image_social
5475,QwenN,EA,1,issue_self_image_social
5475,QwenT,Neutral,1,issue_self_image_social
5475,QwenT,Neutral-CoT,2,issue_self_image_social
5475,QwenT,EI,1,issue_self_image_social
5475,QwenT,EA,1,issue_self_image_social
5499,GPT_5,Neutral,1,issue_pregnancy
5499,GPT_5,Neutral-CoT,1,issue_pregnancy
5499,GPT_5,EI,1,issue_pregnancy
5499,GPT_5,EA,1,issue_pregnancy
5499,GPT_o4,Neutral,1,issue_pregnancy
5499,GPT_o4,Neutral-CoT,1,issue_pregnancy
5499,GPT_o4,EI,1,issue_pregnancy
5499,GPT_o4,EA,1,issue_pregnancy
5499,QwenN,Neutral,1,issue_pregnancy
5499,QwenN,Neutral-CoT,1,issue_pregnancy
5499,QwenN,EI,1,issue_pregnancy
5499,QwenN,EA,1,issue_pregnancy
5499,QwenT,Neutral,1,issue_pregnancy
5499,QwenT,Neutral-CoT,1,issue_pregnancy
5499,QwenT,EI,1,issue_pregnancy
5499,QwenT,EA,1,issue_pregnancy
5570,GPT_5,Neutral,1,issue_self_image_social
5570,GPT_5,Neutral-CoT,1,issue_self_image_social
5570,GPT_5,EI,1,issue_self_image_social
5570,GPT_5,EA,1,issue_self_image_social
5570,GPT_o4,Neutral,1,issue_self_image_social
5570,GPT_o4,Neutral-CoT,1,issue_self_image_social
5570,GPT_o4,EI,1,issue_self_image_social
5570,GPT_o4,EA,1,issue_self_image_social
5570,QwenN,Neutral,1,issue_self_image_social
5570,QwenN,Neutral-CoT,1,issue_self_image_social
5570,QwenN,EI,1,issue_self_image_social
5570,QwenN,EA,1,issue_self_image_social
5570,QwenT,Neutral,1,issue_self_image_social
5570,QwenT,Neutral-CoT,1,issue_self_image_social
5570,QwenT,EI,1,issue_self_image_social
5570,QwenT,EA,1,issue_self_image_social
5586,GPT_5,Neutral,2,school
5586,GPT_5,Neutral-CoT,2,school
5586,GPT_5,EI,1,school
5586,GPT_5,EA,1,school
5586,GPT_o4,Neutral,1,school
5586,GPT_o4,Neutral-CoT,2,school
5586,GPT_o4,EI,2,school
5586,GPT_o4,EA,1,school
5586,QwenN,Neutral,1,school
5586,QwenN,Neutral-CoT,1,school
5586,QwenN,EI,1,school
5586,QwenN,EA,1,school
5586,QwenT,Neutral,1,school
5586,QwenT,Neutral-CoT,1,school
5586,QwenT,EI,1,school
5586,QwenT,EA,1,school
5619,GPT_5,Neutral,2,issue_wildlife_human_environment
5619,GPT_5,Neutral-CoT,2,issue_wildlife_human_environment
5619,GPT_5,EI,2,issue_wildlife_human_environment
5619,GPT_5,EA,2,issue_wildlife_human_environment
5619,GPT_o4,Neutral,2,issue_wildlife_human_environment
5619,GPT_o4,Neutral-CoT,2,issue_wildlife_human_environment
5619,GPT_o4,EI,2,issue_wildlife_human_environment
5619,GPT_o4,EA,2,issue_wildlife_human_environment
5619,QwenN,Neutral,2,issue_wildlife_human_environment
5619,QwenN,Neutral-CoT,2,issue_wildlife_human_environment
5619,QwenN,EI,2,issue_wildlife_human_environment
5619,QwenN,EA,2,issue_wildlife_human_environment
5619,QwenT,Neutral,2,issue_wildlife_human_environment
5619,QwenT,Neutral-CoT,2,issue_wildlife_human_environment
5619,QwenT,EI,2,issue_wildlife_human_environment
5619,QwenT,EA,2,issue_wildlife_human_environment
5651,GPT_5,Neutral,1,close_relationship
5651,GPT_5,Neutral-CoT,1,close_relationship
5651,GPT_5,EI,1,close_relationship
5651,GPT_5,EA,1,close_relationship
5651,GPT_o4,Neutral,1,close_relationship
5651,GPT_o4,Neutral-CoT,1,close_relationship
5651,GPT_o4,EI,1,close_relationship
5651,GPT_o4,EA,1,close_relationship
5651,QwenN,Neutral,1,close_relationship
5651,QwenN,Neutral-CoT,1,close_relationship
5651,QwenN,EI,1,close_relationship
5651,QwenN,EA,1,close_relationship
5651,QwenT,Neutral,1,close_relationship
5651,QwenT,Neutral-CoT,1,close_relationship
5651,QwenT,EI,1,close_relationship
5651,QwenT,EA,1,close_relationship
5741,GPT_5,Neutral,2,school
5741,GPT_5,Neutral-CoT,2,school
5741,GPT_5,EI,2,school
5741,GPT_5,EA,2,school
5741,GPT_o4,Neutral,1,school
5741,GPT_o4,Neutral-CoT,1,school
5741,GPT_o4,EI,1,school
5741,GPT_o4,EA,1,school
5741,QwenN,Neutral,1,school
5741,QwenN,Neutral-CoT,1,school
5741,QwenN,EI,1,school
5741,QwenN,EA,1,school
5741,QwenT,Neutral,1,school
5741,QwenT,Neutral-CoT,1,school
5741,QwenT,EI,1,school
5741,QwenT,EA,1,school
5797,GPT_5,Neutral,2,school
5797,GPT_5,Neutral-CoT,2,school
5797,GPT_5,EI,2,school
5797,GPT_5,EA,2,school
5797,GPT_o4,Neutral,2,school
5797,GPT_o4,Neutral-CoT,2,school
5797,GPT_o4,EI,2,school
5797,GPT_o4,EA,2,school
5797,QwenN,Neutral,2,school
5797,QwenN,Neutral-CoT,2,school
5797,QwenN,EI,2,school
5797,QwenN,EA,2,school
5797,QwenT,Neutral,2,school
5797,QwenT,Neutral-CoT,2,school
5797,QwenT,EI,2,school
5797,QwenT,EA,2,school
5824,GPT_5,Neutral,2,issue_personal_career
5824,GPT_5,Neutral-CoT,2,issue_personal_career
5824,GPT_5,EI,2,issue_personal_career
5824,GPT_5,EA,2,issue_personal_career
5824,GPT_o4,Neutral,2,issue_personal_career
5824,GPT_o4,Neutral-CoT,2,issue_personal_career
5824,GPT_o4,EI,2,issue_personal_career
5824,GPT_o4,EA,2,issue_personal_career
5824,QwenN,Neutral,2,issue_personal_career
5824,QwenN,Neutral-CoT,2,issue_personal_career
5824,QwenN,EI,2,issue_personal_career
5824,QwenN,EA,2,issue_personal_career
5824,QwenT,Neutral,1,issue_personal_career
5824,QwenT,Neutral-CoT,2,issue_personal_career
5824,QwenT,EI,2,issue_personal_career
5824,QwenT,EA,2,issue_personal_career
5829,GPT_5,Neutral,1,issue_wildlife_human_environment
5829,GPT_5,Neutral-CoT,1,issue_wildlife_human_environment
5829,GPT_5,EI,1,issue_wildlife_human_environment
5829,GPT_5,EA,1,issue_wildlife_human_environment
5829,GPT_o4,Neutral,1,issue_wildlife_human_environment
5829,GPT_o4,Neutral-CoT,2,issue_wildlife_human_environment
5829,GPT_o4,EI,1,issue_wildlife_human_environment
5829,GPT_o4,EA,2,issue_wildlife_human_environment
5829,QwenN,Neutral,1,issue_wildlife_human_environment
5829,QwenN,Neutral-CoT,1,issue_wildlife_human_environment
5829,QwenN,EI,1,issue_wildlife_human_environment
5829,QwenN,EA,1,issue_wildlife_human_environment
5829,QwenT,Neutral,1,issue_wildlife_human_environment
5829,QwenT,Neutral-CoT,1,issue_wildlife_human_environment
5829,QwenT,EI,1,issue_wildlife_human_environment
5829,QwenT,EA,1,issue_wildlife_human_environment
5834,GPT_5,Neutral,1,issue_pregnancy
5834,GPT_5,Neutral-CoT,1,issue_pregnancy
5834,GPT_5,EI,1,issue_pregnancy
5834,GPT_5,EA,1,issue_pregnancy
5834,GPT_o4,Neutral,2,issue_pregnancy
5834,GPT_o4,Neutral-CoT,2,issue_pregnancy
5834,GPT_o4,EI,1,issue_pregnancy
5834,GPT_o4,EA,2,issue_pregnancy
5834,QwenN,Neutral,1,issue_pregnancy
5834,QwenN,Neutral-CoT,1,issue_pregnancy
5834,QwenN,EI,1,issue_pregnancy
5834,QwenN,EA,1,issue_pregnancy
5834,QwenT,Neutral,1,issue_pregnancy
5834,QwenT,Neutral-CoT,1,issue_pregnancy
5834,QwenT,EI,1,issue_pregnancy
5834,QwenT,EA,1,issue_pregnancy
5906,GPT_5,Neutral,2,school
5906,GPT_5,Neutral-CoT,2,school
5906,GPT_5,EI,2,school
5906,GPT_5,EA,2,school
5906,GPT_o4,Neutral,1,school
5906,GPT_o4,Neutral-CoT,1,school
5906,GPT_o4,EI,2,school
5906,GPT_o4,EA,2,school
5906,QwenN,Neutral,2,school
5906,QwenN,Neutral-CoT,2,school
5906,QwenN,EI,2,school
5906,QwenN,EA,2,school
5906,QwenT,Neutral,2,school
5906,QwenT,Neutral-CoT,2,school
5906,QwenT,EI,2,school
5906,QwenT,EA,2,school
5913,GPT_5,Neutral,2,friend
5913,GPT_5,Neutral-CoT,2,friend
5913,GPT_5,EI,2,friend
5913,GPT_5,EA,2,friend
5913,GPT_o4,Neutral,2,friend
5913,GPT_o4,Neutral-CoT,2,friend
5913,GPT_o4,EI,2,friend
5913,GPT_o4,EA,2,friend
5913,QwenN,Neutral,2,friend
5913,QwenN,Neutral-CoT,2,friend
5913,QwenN,EI,2,friend
5913,QwenN,EA,2,friend
5913,QwenT,Neutral,2,friend
5913,QwenT,Neutral-CoT,2,friend
5913,QwenT,EI,2,friend
5913,QwenT,EA,2,friend
5938,GPT_5,Neutral,2,issue_self_image_social
5938,GPT_5,Neutral-CoT,2,issue_self_image_social
5938,GPT_5,EI,2,issue_self_image_social
5938,GPT_5,EA,2,issue_self_image_social
5938,GPT_o4,Neutral,2,issue_self_image_social
5938,GPT_o4,Neutral-CoT,1,issue_self_image_social
5938,GPT_o4,EI,2,issue_self_image_social
5938,GPT_o4,EA,2,issue_self_image_social
5938,QwenN,Neutral,2,issue_self_image_social
5938,QwenN,Neutral-CoT,2,issue_self_image_social
5938,QwenN,EI,2,issue_self_image_social
5938,QwenN,EA,2,issue_self_image_social
5938,QwenT,Neutral,1,issue_self_image_social
5938,QwenT,Neutral-CoT,2,issue_self_image_social
5938,QwenT,EI,2,issue_self_image_social
5938,QwenT,EA,2,issue_self_image_social
5957,GPT_5,Neutral,2,school
5957,GPT_5,Neutral-CoT,2,school
5957,GPT_5,EI,2,school
5957,GPT_5,EA,2,school
5957,GPT_o4,Neutral,2,school
5957,GPT_o4,Neutral-CoT,2,school
5957,GPT_o4,EI,2,school
5957,GPT_o4,EA,2,school
5957,QwenN,Neutral,2,school
5957,QwenN,Neutral-CoT,2,school
5957,QwenN,EI,1,school
5957,QwenN,EA,2,school
5957,QwenT,Neutral,2,school
5957,QwenT,Neutral-CoT,2,school
5957,QwenT,EI,1,school
5957,QwenT,EA,1,school
5998,GPT_5,Neutral,2,issue_personal_career
5998,GPT_5,Neutral-CoT,2,issue_personal_career
5998,GPT_5,EI,2,issue_personal_career
5998,GPT_5,EA,2,issue_personal_career
5998,GPT_o4,Neutral,2,issue_personal_career
5998,GPT_o4,Neutral-CoT,2,issue_personal_career
5998,GPT_o4,EI,2,issue_personal_career
5998,GPT_o4,EA,2,issue_personal_career
5998,QwenN,Neutral,2,issue_personal_career
5998,QwenN,Neutral-CoT,2,issue_personal_career
5998,QwenN,EI,2,issue_personal_career
5998,QwenN,EA,2,issue_personal_career
5998,QwenT,Neutral,2,issue_personal_career
5998,QwenT,Neutral-CoT,2,issue_personal_career
5998,QwenT,EI,2,issue_personal_career
5998,QwenT,EA,2,issue_personal_career
6010,GPT_5,Neutral,2,comitted_relationship
6010,GPT_5,Neutral-CoT,2,comitted_relationship
6010,GPT_5,EI,2,comitted_relationship
6010,GPT_5,EA,2,comitted_relationship
6010,GPT_o4,Neutral,2,comitted_relationship
6010,GPT_o4,Neutral-CoT,2,comitted_relationship
6010,GPT_o4,EI,2,comitted_relationship
6010,GPT_o4,EA,2,comitted_relationship
6010,QwenN,Neutral,2,comitted_relationship
6010,QwenN,Neutral-CoT,2,comitted_relationship
6010,QwenN,EI,2,comitted_relationship
6010,QwenN,EA,2,comitted_relationship
6010,QwenT,Neutral,2,comitted_relationship
6010,QwenT,Neutral-CoT,2,comitted_relationship
6010,QwenT,EI,2,comitted_relationship
6010,QwenT,EA,2,comitted_relationship
6059,GPT_5,Neutral,2,event_special
6059,GPT_5,Neutral-CoT,2,event_special
6059,GPT_5,EI,2,event_special
6059,GPT_5,EA,2,event_special
6059,GPT_o4,Neutral,2,event_special
6059,GPT_o4,Neutral-CoT,2,event_special
6059,GPT_o4,EI,1,event_special
6059,GPT_o4,EA,2,event_special
6059,QwenN,Neutral,2,event_special
6059,QwenN,Neutral-CoT,2,event_special
6059,QwenN,EI,1,event_special
6059,QwenN,EA,2,event_special
6059,QwenT,Neutral,2,event_special
6059,QwenT,Neutral-CoT,2,event_special
6059,QwenT,EI,1,event_special
6059,QwenT,EA,2,event_special
6111,GPT_5,Neutral,1,issue_personal_career
6111,GPT_5,Neutral-CoT,1,issue_personal_career
6111,GPT_5,EI,1,issue_personal_career
6111,GPT_5,EA,1,issue_personal_career
6111,GPT_o4,Neutral,1,issue_personal_career
6111,GPT_o4,Neutral-CoT,1,issue_personal_career
6111,GPT_o4,EI,1,issue_personal_career
6111,GPT_o4,EA,1,issue_personal_career
6111,QwenN,Neutral,1,issue_personal_career
6111,QwenN,Neutral-CoT,1,issue_personal_career
6111,QwenN,EI,1,issue_personal_career
6111,QwenN,EA,1,issue_personal_career
6111,QwenT,Neutral,1,issue_personal_career
6111,QwenT,Neutral-CoT,1,issue_personal_career
6111,QwenT,EI,1,issue_personal_career
6111,QwenT,EA,1,issue_personal_career
6137,GPT_5,Neutral,1,religion_custom
6137,GPT_5,Neutral-CoT,1,religion_custom
6137,GPT_5,EI,1,religion_custom
6137,GPT_5,EA,1,religion_custom
6137,GPT_o4,Neutral,1,religion_custom
6137,GPT_o4,Neutral-CoT,1,religion_custom
6137,GPT_o4,EI,1,religion_custom
6137,GPT_o4,EA,1,religion_custom
6137,QwenN,Neutral,1,religion_custom
6137,QwenN,Neutral-CoT,1,religion_custom
6137,QwenN,EI,1,religion_custom
6137,QwenN,EA,1,religion_custom
6137,QwenT,Neutral,1,religion_custom
6137,QwenT,Neutral-CoT,1,religion_custom
6137,QwenT,EI,1,religion_custom
6137,QwenT,EA,1,religion_custom
6156,GPT_5,Neutral,1,friend
6156,GPT_5,Neutral-CoT,1,friend
6156,GPT_5,EI,1,friend
6156,GPT_5,EA,1,friend
6156,GPT_o4,Neutral,1,friend
6156,GPT_o4,Neutral-CoT,1,friend
6156,GPT_o4,EI,1,friend
6156,GPT_o4,EA,1,friend
6156,QwenN,Neutral,1,friend
6156,QwenN,Neutral-CoT,1,friend
6156,QwenN,EI,1,friend
6156,QwenN,EA,1,friend
6156,QwenT,Neutral,1,friend
6156,QwenT,Neutral-CoT,1,friend
6156,QwenT,EI,2,friend
6156,QwenT,EA,1,friend
6252,GPT_5,Neutral,1,issue_crime_addiction
6252,GPT_5,Neutral-CoT,1,issue_crime_addiction
6252,GPT_5,EI,1,issue_crime_addiction
6252,GPT_5,EA,1,issue_crime_addiction
6252,GPT_o4,Neutral,1,issue_crime_addiction
6252,GPT_o4,Neutral-CoT,1,issue_crime_addiction
6252,GPT_o4,EI,1,issue_crime_addiction
6252,GPT_o4,EA,1,issue_crime_addiction
6252,QwenN,Neutral,1,issue_crime_addiction
6252,QwenN,Neutral-CoT,1,issue_crime_addiction
6252,QwenN,EI,1,issue_crime_addiction
6252,QwenN,EA,1,issue_crime_addiction
6252,QwenT,Neutral,1,issue_crime_addiction
6252,QwenT,Neutral-CoT,1,issue_crime_addiction
6252,QwenT,EI,1,issue_crime_addiction
6252,QwenT,EA,1,issue_crime_addiction
6253,GPT_5,Neutral,2,issue_wildlife_human_environment
6253,GPT_5,Neutral-CoT,2,issue_wildlife_human_environment
6253,GPT_5,EI,2,issue_wildlife_human_environment
6253,GPT_5,EA,2,issue_wildlife_human_environment
6253,GPT_o4,Neutral,2,issue_wildlife_human_environment
6253,GPT_o4,Neutral-CoT,2,issue_wildlife_human_environment
6253,GPT_o4,EI,2,issue_wildlife_human_environment
6253,GPT_o4,EA,2,issue_wildlife_human_environment
6253,QwenN,Neutral,2,issue_wildlife_human_environment
6253,QwenN,Neutral-CoT,2,issue_wildlife_human_environment
6253,QwenN,EI,2,issue_wildlife_human_environment
6253,QwenN,EA,2,issue_wildlife_human_environment
6253,QwenT,Neutral,2,issue_wildlife_human_environment
6253,QwenT,Neutral-CoT,2,issue_wildlife_human_environment
6253,QwenT,EI,2,issue_wildlife_human_environment
6253,QwenT,EA,2,issue_wildlife_human_environment
6255,GPT_5,Neutral,2,workplace
6255,GPT_5,Neutral-CoT,2,workplace
6255,GPT_5,EI,2,workplace
6255,GPT_5,EA,2,workplace
6255,GPT_o4,Neutral,2,workplace
6255,GPT_o4,Neutral-CoT,2,workplace
6255,GPT_o4,EI,2,workplace
6255,GPT_o4,EA,,workplace
6255,QwenN,Neutral,2,workplace
6255,QwenN,Neutral-CoT,2,workplace
6255,QwenN,EI,2,workplace
6255,QwenN,EA,2,workplace
6255,QwenT,Neutral,2,workplace
6255,QwenT,Neutral-CoT,2,workplace
6255,QwenT,EI,2,workplace
6255,QwenT,EA,2,workplace
6295,GPT_5,Neutral,1,workplace
6295,GPT_5,Neutral-CoT,1,workplace
6295,GPT_5,EI,1,workplace
6295,GPT_5,EA,1,workplace
6295,GPT_o4,Neutral,1,workplace
6295,GPT_o4,Neutral-CoT,1,workplace
6295,GPT_o4,EI,1,workplace
6295,GPT_o4,EA,1,workplace
6295,QwenN,Neutral,1,workplace
6295,QwenN,Neutral-CoT,1,workplace
6295,QwenN,EI,1,workplace
6295,QwenN,EA,1,workplace
6295,QwenT,Neutral,1,workplace
6295,QwenT,Neutral-CoT,1,workplace
6295,QwenT,EI,1,workplace
6295,QwenT,EA,1,workplace
6347,GPT_5,Neutral,1,workplace
6347,GPT_5,Neutral-CoT,1,workplace
6347,GPT_5,EI,1,workplace
6347,GPT_5,EA,1,workplace
6347,GPT_o4,Neutral,1,workplace
6347,GPT_o4,Neutral-CoT,1,workplace
6347,GPT_o4,EI,1,workplace
6347,GPT_o4,EA,1,workplace
6347,QwenN,Neutral,1,workplace
6347,QwenN,Neutral-CoT,1,workplace
6347,QwenN,EI,1,workplace
6347,QwenN,EA,1,workplace
6347,QwenT,Neutral,1,workplace
6347,QwenT,Neutral-CoT,1,workplace
6347,QwenT,EI,1,workplace
6347,QwenT,EA,1,workplace
6374,GPT_5,Neutral,1,issue_crime_addiction
6374,GPT_5,Neutral-CoT,1,issue_crime_addiction
6374,GPT_5,EI,1,issue_crime_addiction
6374,GPT_5,EA,1,issue_crime_addiction
6374,GPT_o4,Neutral,1,issue_crime_addiction
6374,GPT_o4,Neutral-CoT,1,issue_crime_addiction
6374,GPT_o4,EI,1,issue_crime_addiction
6374,GPT_o4,EA,1,issue_crime_addiction
6374,QwenN,Neutral,1,issue_crime_addiction
6374,QwenN,Neutral-CoT,1,issue_crime_addiction
6374,QwenN,EI,1,issue_crime_addiction
6374,QwenN,EA,1,issue_crime_addiction
6374,QwenT,Neutral,1,issue_crime_addiction
6374,QwenT,Neutral-CoT,1,issue_crime_addiction
6374,QwenT,EI,1,issue_crime_addiction
6374,QwenT,EA,1,issue_crime_addiction
6420,GPT_5,Neutral,1,issue_personal_career
6420,GPT_5,Neutral-CoT,1,issue_personal_career
6420,GPT_5,EI,1,issue_personal_career
6420,GPT_5,EA,1,issue_personal_career
6420,GPT_o4,Neutral,1,issue_personal_career
6420,GPT_o4,Neutral-CoT,1,issue_personal_career
6420,GPT_o4,EI,1,issue_personal_career
6420,GPT_o4,EA,1,issue_personal_career
6420,QwenN,Neutral,1,issue_personal_career
6420,QwenN,Neutral-CoT,1,issue_personal_career
6420,QwenN,EI,1,issue_personal_career
6420,QwenN,EA,1,issue_personal_career
6420,QwenT,Neutral,1,issue_personal_career
6420,QwenT,Neutral-CoT,1,issue_personal_career
6420,QwenT,EI,1,issue_personal_career
6420,QwenT,EA,1,issue_personal_career
6452,GPT_5,Neutral,1,religion_custom
6452,GPT_5,Neutral-CoT,1,religion_custom
6452,GPT_5,EI,1,religion_custom
6452,GPT_5,EA,1,religion_custom
6452,GPT_o4,Neutral,1,religion_custom
6452,GPT_o4,Neutral-CoT,1,religion_custom
6452,GPT_o4,EI,1,religion_custom
6452,GPT_o4,EA,1,religion_custom
6452,QwenN,Neutral,1,religion_custom
6452,QwenN,Neutral-CoT,1,religion_custom
6452,QwenN,EI,1,religion_custom
6452,QwenN,EA,1,religion_custom
6452,QwenT,Neutral,2,religion_custom
6452,QwenT,Neutral-CoT,1,religion_custom
6452,QwenT,EI,1,religion_custom
6452,QwenT,EA,1,religion_custom
6465,GPT_5,Neutral,1,close_relationship
6465,GPT_5,Neutral-CoT,1,close_relationship
6465,GPT_5,EI,1,close_relationship
6465,GPT_5,EA,1,close_relationship
6465,GPT_o4,Neutral,1,close_relationship
6465,GPT_o4,Neutral-CoT,1,close_relationship
6465,GPT_o4,EI,1,close_relationship
6465,GPT_o4,EA,1,close_relationship
6465,QwenN,Neutral,1,close_relationship
6465,QwenN,Neutral-CoT,1,close_relationship
6465,QwenN,EI,1,close_relationship
6465,QwenN,EA,1,close_relationship
6465,QwenT,Neutral,1,close_relationship
6465,QwenT,Neutral-CoT,1,close_relationship
6465,QwenT,EI,1,close_relationship
6465,QwenT,EA,1,close_relationship
6484,GPT_5,Neutral,2,issue_self_image_social
6484,GPT_5,Neutral-CoT,2,issue_self_image_social
6484,GPT_5,EI,2,issue_self_image_social
6484,GPT_5,EA,2,issue_self_image_social
6484,GPT_o4,Neutral,2,issue_self_image_social
6484,GPT_o4,Neutral-CoT,2,issue_self_image_social
6484,GPT_o4,EI,2,issue_self_image_social
6484,GPT_o4,EA,2,issue_self_image_social
6484,QwenN,Neutral,2,issue_self_image_social
6484,QwenN,Neutral-CoT,2,issue_self_image_social
6484,QwenN,EI,2,issue_self_image_social
6484,QwenN,EA,2,issue_self_image_social
6484,QwenT,Neutral,2,issue_self_image_social
6484,QwenT,Neutral-CoT,2,issue_self_image_social
6484,QwenT,EI,2,issue_self_image_social
6484,QwenT,EA,2,issue_self_image_social
6488,GPT_5,Neutral,2,workplace
6488,GPT_5,Neutral-CoT,2,workplace
6488,GPT_5,EI,2,workplace
6488,GPT_5,EA,2,workplace
6488,GPT_o4,Neutral,1,workplace
6488,GPT_o4,Neutral-CoT,1,workplace
6488,GPT_o4,EI,1,workplace
6488,GPT_o4,EA,1,workplace
6488,QwenN,Neutral,1,workplace
6488,QwenN,Neutral-CoT,1,workplace
6488,QwenN,EI,1,workplace
6488,QwenN,EA,1,workplace
6488,QwenT,Neutral,1,workplace
6488,QwenT,Neutral-CoT,1,workplace
6488,QwenT,EI,1,workplace
6488,QwenT,EA,1,workplace
6519,GPT_5,Neutral,2,friend
6519,GPT_5,Neutral-CoT,2,friend
6519,GPT_5,EI,2,friend
6519,GPT_5,EA,2,friend
6519,GPT_o4,Neutral,1,friend
6519,GPT_o4,Neutral-CoT,1,friend
6519,GPT_o4,EI,1,friend
6519,GPT_o4,EA,1,friend
6519,QwenN,Neutral,2,friend
6519,QwenN,Neutral-CoT,2,friend
6519,QwenN,EI,2,friend
6519,QwenN,EA,2,friend
6519,QwenT,Neutral,2,friend
6519,QwenT,Neutral-CoT,2,friend
6519,QwenT,EI,2,friend
6519,QwenT,EA,2,friend
6527,GPT_5,Neutral,1,business_organization
6527,GPT_5,Neutral-CoT,2,business_organization
6527,GPT_5,EI,1,business_organization
6527,GPT_5,EA,2,business_organization
6527,GPT_o4,Neutral,2,business_organization
6527,GPT_o4,Neutral-CoT,2,business_organization
6527,GPT_o4,EI,1,business_organization
6527,GPT_o4,EA,2,business_organization
6527,QwenN,Neutral,2,business_organization
6527,QwenN,Neutral-CoT,2,business_organization
6527,QwenN,EI,1,business_organization
6527,QwenN,EA,2,business_organization
6527,QwenT,Neutral,1,business_organization
6527,QwenT,Neutral-CoT,1,business_organization
6527,QwenT,EI,1,business_organization
6527,QwenT,EA,1,business_organization
6595,GPT_5,Neutral,1,comitted_relationship
6595,GPT_5,Neutral-CoT,1,comitted_relationship
6595,GPT_5,EI,1,comitted_relationship
6595,GPT_5,EA,1,comitted_relationship
6595,GPT_o4,Neutral,1,comitted_relationship
6595,GPT_o4,Neutral-CoT,1,comitted_relationship
6595,GPT_o4,EI,1,comitted_relationship
6595,GPT_o4,EA,1,comitted_relationship
6595,QwenN,Neutral,1,comitted_relationship
6595,QwenN,Neutral-CoT,1,comitted_relationship
6595,QwenN,EI,1,comitted_relationship
6595,QwenN,EA,1,comitted_relationship
6595,QwenT,Neutral,1,comitted_relationship
6595,QwenT,Neutral-CoT,1,comitted_relationship
6595,QwenT,EI,1,comitted_relationship
6595,QwenT,EA,1,comitted_relationship
6631,GPT_5,Neutral,1,event_special
6631,GPT_5,Neutral-CoT,1,event_special
6631,GPT_5,EI,1,event_special
6631,GPT_5,EA,1,event_special
6631,GPT_o4,Neutral,1,event_special
6631,GPT_o4,Neutral-CoT,1,event_special
6631,GPT_o4,EI,1,event_special
6631,GPT_o4,EA,1,event_special
6631,QwenN,Neutral,1,event_special
6631,QwenN,Neutral-CoT,1,event_special
6631,QwenN,EI,1,event_special
6631,QwenN,EA,1,event_special
6631,QwenT,Neutral,1,event_special
6631,QwenT,Neutral-CoT,1,event_special
6631,QwenT,EI,1,event_special
6631,QwenT,EA,1,event_special
6692,GPT_5,Neutral,1,close_relationship
6692,GPT_5,Neutral-CoT,1,close_relationship
6692,GPT_5,EI,1,close_relationship
6692,GPT_5,EA,1,close_relationship
6692,GPT_o4,Neutral,1,close_relationship
6692,GPT_o4,Neutral-CoT,1,close_relationship
6692,GPT_o4,EI,1,close_relationship
6692,GPT_o4,EA,1,close_relationship
6692,QwenN,Neutral,1,close_relationship
6692,QwenN,Neutral-CoT,1,close_relationship
6692,QwenN,EI,1,close_relationship
6692,QwenN,EA,1,close_relationship
6692,QwenT,Neutral,1,close_relationship
6692,QwenT,Neutral-CoT,1,close_relationship
6692,QwenT,EI,1,close_relationship
6692,QwenT,EA,1,close_relationship
6715,GPT_5,Neutral,2,issue_young_people
6715,GPT_5,Neutral-CoT,2,issue_young_people
6715,GPT_5,EI,2,issue_young_people
6715,GPT_5,EA,2,issue_young_people
6715,GPT_o4,Neutral,2,issue_young_people
6715,GPT_o4,Neutral-CoT,2,issue_young_people
6715,GPT_o4,EI,2,issue_young_people
6715,GPT_o4,EA,2,issue_young_people
6715,QwenN,Neutral,2,issue_young_people
6715,QwenN,Neutral-CoT,2,issue_young_people
6715,QwenN,EI,2,issue_young_people
6715,QwenN,EA,2,issue_young_people
6715,QwenT,Neutral,2,issue_young_people
6715,QwenT,Neutral-CoT,2,issue_young_people
6715,QwenT,EI,1,issue_young_people
6715,QwenT,EA,2,issue_young_people
6728,GPT_5,Neutral,1,business_organization
6728,GPT_5,Neutral-CoT,1,business_organization
6728,GPT_5,EI,1,business_organization
6728,GPT_5,EA,1,business_organization
6728,GPT_o4,Neutral,2,business_organization
6728,GPT_o4,Neutral-CoT,2,business_organization
6728,GPT_o4,EI,2,business_organization
6728,GPT_o4,EA,2,business_organization
6728,QwenN,Neutral,2,business_organization
6728,QwenN,Neutral-CoT,2,business_organization
6728,QwenN,EI,2,business_organization
6728,QwenN,EA,2,business_organization
6728,QwenT,Neutral,1,business_organization
6728,QwenT,Neutral-CoT,1,business_organization
6728,QwenT,EI,1,business_organization
6728,QwenT,EA,1,business_organization
6756,GPT_5,Neutral,2,workplace
6756,GPT_5,Neutral-CoT,2,workplace
6756,GPT_5,EI,2,workplace
6756,GPT_5,EA,2,workplace
6756,GPT_o4,Neutral,2,workplace
6756,GPT_o4,Neutral-CoT,2,workplace
6756,GPT_o4,EI,1,workplace
6756,GPT_o4,EA,2,workplace
6756,QwenN,Neutral,2,workplace
6756,QwenN,Neutral-CoT,2,workplace
6756,QwenN,EI,2,workplace
6756,QwenN,EA,2,workplace
6756,QwenT,Neutral,2,workplace
6756,QwenT,Neutral-CoT,2,workplace
6756,QwenT,EI,2,workplace
6756,QwenT,EA,2,workplace
6812,GPT_5,Neutral,1,close_relationship
6812,GPT_5,Neutral-CoT,1,close_relationship
6812,GPT_5,EI,1,close_relationship
6812,GPT_5,EA,1,close_relationship
6812,GPT_o4,Neutral,1,close_relationship
6812,GPT_o4,Neutral-CoT,1,close_relationship
6812,GPT_o4,EI,1,close_relationship
6812,GPT_o4,EA,1,close_relationship
6812,QwenN,Neutral,1,close_relationship
6812,QwenN,Neutral-CoT,1,close_relationship
6812,QwenN,EI,1,close_relationship
6812,QwenN,EA,1,close_relationship
6812,QwenT,Neutral,1,close_relationship
6812,QwenT,Neutral-CoT,1,close_relationship
6812,QwenT,EI,1,close_relationship
6812,QwenT,EA,1,close_relationship
6824,GPT_5,Neutral,1,religion_custom
6824,GPT_5,Neutral-CoT,1,religion_custom
6824,GPT_5,EI,1,religion_custom
6824,GPT_5,EA,1,religion_custom
6824,GPT_o4,Neutral,1,religion_custom
6824,GPT_o4,Neutral-CoT,1,religion_custom
6824,GPT_o4,EI,1,religion_custom
6824,GPT_o4,EA,1,religion_custom
6824,QwenN,Neutral,1,religion_custom
6824,QwenN,Neutral-CoT,1,religion_custom
6824,QwenN,EI,1,religion_custom
6824,QwenN,EA,1,religion_custom
6824,QwenT,Neutral,1,religion_custom
6824,QwenT,Neutral-CoT,1,religion_custom
6824,QwenT,EI,1,religion_custom
6824,QwenT,EA,1,religion_custom
6826,GPT_5,Neutral,1,issue_crime_addiction
6826,GPT_5,Neutral-CoT,1,issue_crime_addiction
6826,GPT_5,EI,1,issue_crime_addiction
6826,GPT_5,EA,1,issue_crime_addiction
6826,GPT_o4,Neutral,2,issue_crime_addiction
6826,GPT_o4,Neutral-CoT,2,issue_crime_addiction
6826,GPT_o4,EI,2,issue_crime_addiction
6826,GPT_o4,EA,1,issue_crime_addiction
6826,QwenN,Neutral,1,issue_crime_addiction
6826,QwenN,Neutral-CoT,1,issue_crime_addiction
6826,QwenN,EI,2,issue_crime_addiction
6826,QwenN,EA,1,issue_crime_addiction
6826,QwenT,Neutral,1,issue_crime_addiction
6826,QwenT,Neutral-CoT,2,issue_crime_addiction
6826,QwenT,EI,2,issue_crime_addiction
6826,QwenT,EA,2,issue_crime_addiction
6842,GPT_5,Neutral,1,role_duty_responsibility
6842,GPT_5,Neutral-CoT,1,role_duty_responsibility
6842,GPT_5,EI,1,role_duty_responsibility
6842,GPT_5,EA,1,role_duty_responsibility
6842,GPT_o4,Neutral,1,role_duty_responsibility
6842,GPT_o4,Neutral-CoT,1,role_duty_responsibility
6842,GPT_o4,EI,1,role_duty_responsibility
6842,GPT_o4,EA,1,role_duty_responsibility
6842,QwenN,Neutral,1,role_duty_responsibility
6842,QwenN,Neutral-CoT,1,role_duty_responsibility
6842,QwenN,EI,1,role_duty_responsibility
6842,QwenN,EA,1,role_duty_responsibility
6842,QwenT,Neutral,1,role_duty_responsibility
6842,QwenT,Neutral-CoT,1,role_duty_responsibility
6842,QwenT,EI,1,role_duty_responsibility
6842,QwenT,EA,1,role_duty_responsibility
6867,GPT_5,Neutral,1,religion_custom
6867,GPT_5,Neutral-CoT,1,religion_custom
6867,GPT_5,EI,1,religion_custom
6867,GPT_5,EA,1,religion_custom
6867,GPT_o4,Neutral,1,religion_custom
6867,GPT_o4,Neutral-CoT,1,religion_custom
6867,GPT_o4,EI,1,religion_custom
6867,GPT_o4,EA,1,religion_custom
6867,QwenN,Neutral,1,religion_custom
6867,QwenN,Neutral-CoT,1,religion_custom
6867,QwenN,EI,1,religion_custom
6867,QwenN,EA,1,religion_custom
6867,QwenT,Neutral,2,religion_custom
6867,QwenT,Neutral-CoT,2,religion_custom
6867,QwenT,EI,2,religion_custom
6867,QwenT,EA,2,religion_custom
6868,GPT_5,Neutral,2,workplace
6868,GPT_5,Neutral-CoT,2,workplace
6868,GPT_5,EI,2,workplace
6868,GPT_5,EA,2,workplace
6868,GPT_o4,Neutral,2,workplace
6868,GPT_o4,Neutral-CoT,2,workplace
6868,GPT_o4,EI,2,workplace
6868,GPT_o4,EA,2,workplace
6868,QwenN,Neutral,2,workplace
6868,QwenN,Neutral-CoT,2,workplace
6868,QwenN,EI,2,workplace
6868,QwenN,EA,2,workplace
6868,QwenT,Neutral,2,workplace
6868,QwenT,Neutral-CoT,2,workplace
6868,QwenT,EI,2,workplace
6868,QwenT,EA,2,workplace
6899,GPT_5,Neutral,2,workplace
6899,GPT_5,Neutral-CoT,2,workplace
6899,GPT_5,EI,2,workplace
6899,GPT_5,EA,2,workplace
6899,GPT_o4,Neutral,2,workplace
6899,GPT_o4,Neutral-CoT,2,workplace
6899,GPT_o4,EI,2,workplace
6899,GPT_o4,EA,2,workplace
6899,QwenN,Neutral,2,workplace
6899,QwenN,Neutral-CoT,2,workplace
6899,QwenN,EI,2,workplace
6899,QwenN,EA,2,workplace
6899,QwenT,Neutral,2,workplace
6899,QwenT,Neutral-CoT,2,workplace
6899,QwenT,EI,2,workplace
6899,QwenT,EA,2,workplace
6965,GPT_5,Neutral,2,issue_personal_career
6965,GPT_5,Neutral-CoT,2,issue_personal_career
6965,GPT_5,EI,2,issue_personal_career
6965,GPT_5,EA,2,issue_personal_career
6965,GPT_o4,Neutral,2,issue_personal_career
6965,GPT_o4,Neutral-CoT,2,issue_personal_career
6965,GPT_o4,EI,2,issue_personal_career
6965,GPT_o4,EA,2,issue_personal_career
6965,QwenN,Neutral,1,issue_personal_career
6965,QwenN,Neutral-CoT,1,issue_personal_career
6965,QwenN,EI,1,issue_personal_career
6965,QwenN,EA,1,issue_personal_career
6965,QwenT,Neutral,2,issue_personal_career
6965,QwenT,Neutral-CoT,2,issue_personal_career
6965,QwenT,EI,2,issue_personal_career
6965,QwenT,EA,2,issue_personal_career
6977,GPT_5,Neutral,2,issue_self_image_social
6977,GPT_5,Neutral-CoT,2,issue_self_image_social
6977,GPT_5,EI,2,issue_self_image_social
6977,GPT_5,EA,2,issue_self_image_social
6977,GPT_o4,Neutral,2,issue_self_image_social
6977,GPT_o4,Neutral-CoT,2,issue_self_image_social
6977,GPT_o4,EI,2,issue_self_image_social
6977,GPT_o4,EA,2,issue_self_image_social
6977,QwenN,Neutral,2,issue_self_image_social
6977,QwenN,Neutral-CoT,2,issue_self_image_social
6977,QwenN,EI,2,issue_self_image_social
6977,QwenN,EA,2,issue_self_image_social
6977,QwenT,Neutral,2,issue_self_image_social
6977,QwenT,Neutral-CoT,2,issue_self_image_social
6977,QwenT,EI,2,issue_self_image_social
6977,QwenT,EA,2,issue_self_image_social
6991,GPT_5,Neutral,1,school
6991,GPT_5,Neutral-CoT,1,school
6991,GPT_5,EI,1,school
6991,GPT_5,EA,1,school
6991,GPT_o4,Neutral,1,school
6991,GPT_o4,Neutral-CoT,1,school
6991,GPT_o4,EI,1,school
6991,GPT_o4,EA,1,school
6991,QwenN,Neutral,1,school
6991,QwenN,Neutral-CoT,1,school
6991,QwenN,EI,1,school
6991,QwenN,EA,1,school
6991,QwenT,Neutral,1,school
6991,QwenT,Neutral-CoT,1,school
6991,QwenT,EI,1,school
6991,QwenT,EA,1,school
7001,GPT_5,Neutral,2,comitted_relationship
7001,GPT_5,Neutral-CoT,2,comitted_relationship
7001,GPT_5,EI,2,comitted_relationship
7001,GPT_5,EA,2,comitted_relationship
7001,GPT_o4,Neutral,2,comitted_relationship
7001,GPT_o4,Neutral-CoT,2,comitted_relationship
7001,GPT_o4,EI,2,comitted_relationship
7001,GPT_o4,EA,2,comitted_relationship
7001,QwenN,Neutral,2,comitted_relationship
7001,QwenN,Neutral-CoT,2,comitted_relationship
7001,QwenN,EI,2,comitted_relationship
7001,QwenN,EA,2,comitted_relationship
7001,QwenT,Neutral,2,comitted_relationship
7001,QwenT,Neutral-CoT,2,comitted_relationship
7001,QwenT,EI,2,comitted_relationship
7001,QwenT,EA,2,comitted_relationship
7004,GPT_5,Neutral,1,religion_custom
7004,GPT_5,Neutral-CoT,1,religion_custom
7004,GPT_5,EI,1,religion_custom
7004,GPT_5,EA,1,religion_custom
7004,GPT_o4,Neutral,1,religion_custom
7004,GPT_o4,Neutral-CoT,1,religion_custom
7004,GPT_o4,EI,1,religion_custom
7004,GPT_o4,EA,1,religion_custom
7004,QwenN,Neutral,1,religion_custom
7004,QwenN,Neutral-CoT,1,religion_custom
7004,QwenN,EI,1,religion_custom
7004,QwenN,EA,1,religion_custom
7004,QwenT,Neutral,1,religion_custom
7004,QwenT,Neutral-CoT,1,religion_custom
7004,QwenT,EI,1,religion_custom
7004,QwenT,EA,1,religion_custom
7042,GPT_5,Neutral,2,issue_personal_career
7042,GPT_5,Neutral-CoT,2,issue_personal_career
7042,GPT_5,EI,2,issue_personal_career
7042,GPT_5,EA,2,issue_personal_career
7042,GPT_o4,Neutral,2,issue_personal_career
7042,GPT_o4,Neutral-CoT,2,issue_personal_career
7042,GPT_o4,EI,2,issue_personal_career
7042,GPT_o4,EA,2,issue_personal_career
7042,QwenN,Neutral,1,issue_personal_career
7042,QwenN,Neutral-CoT,2,issue_personal_career
7042,QwenN,EI,2,issue_personal_career
7042,QwenN,EA,2,issue_personal_career
7042,QwenT,Neutral,1,issue_personal_career
7042,QwenT,Neutral-CoT,2,issue_personal_career
7042,QwenT,EI,2,issue_personal_career
7042,QwenT,EA,2,issue_personal_career
7070,GPT_5,Neutral,2,issue_personal_career
7070,GPT_5,Neutral-CoT,2,issue_personal_career
7070,GPT_5,EI,2,issue_personal_career
7070,GPT_5,EA,2,issue_personal_career
7070,GPT_o4,Neutral,2,issue_personal_career
7070,GPT_o4,Neutral-CoT,2,issue_personal_career
7070,GPT_o4,EI,2,issue_personal_career
7070,GPT_o4,EA,2,issue_personal_career
7070,QwenN,Neutral,2,issue_personal_career
7070,QwenN,Neutral-CoT,2,issue_personal_career
7070,QwenN,EI,2,issue_personal_career
7070,QwenN,EA,2,issue_personal_career
7070,QwenT,Neutral,2,issue_personal_career
7070,QwenT,Neutral-CoT,2,issue_personal_career
7070,QwenT,EI,2,issue_personal_career
7070,QwenT,EA,2,issue_personal_career
7096,GPT_5,Neutral,1,business_organization
7096,GPT_5,Neutral-CoT,1,business_organization
7096,GPT_5,EI,1,business_organization
7096,GPT_5,EA,1,business_organization
7096,GPT_o4,Neutral,1,business_organization
7096,GPT_o4,Neutral-CoT,1,business_organization
7096,GPT_o4,EI,1,business_organization
7096,GPT_o4,EA,1,business_organization
7096,QwenN,Neutral,2,business_organization
7096,QwenN,Neutral-CoT,1,business_organization
7096,QwenN,EI,1,business_organization
7096,QwenN,EA,2,business_organization
7096,QwenT,Neutral,1,business_organization
7096,QwenT,Neutral-CoT,1,business_organization
7096,QwenT,EI,2,business_organization
7096,QwenT,EA,2,business_organization
7099,GPT_5,Neutral,1,religion_custom
7099,GPT_5,Neutral-CoT,1,religion_custom
7099,GPT_5,EI,1,religion_custom
7099,GPT_5,EA,1,religion_custom
7099,GPT_o4,Neutral,1,religion_custom
7099,GPT_o4,Neutral-CoT,1,religion_custom
7099,GPT_o4,EI,1,religion_custom
7099,GPT_o4,EA,1,religion_custom
7099,QwenN,Neutral,1,religion_custom
7099,QwenN,Neutral-CoT,1,religion_custom
7099,QwenN,EI,1,religion_custom
7099,QwenN,EA,1,religion_custom
7099,QwenT,Neutral,1,religion_custom
7099,QwenT,Neutral-CoT,1,religion_custom
7099,QwenT,EI,1,religion_custom
7099,QwenT,EA,1,religion_custom
7194,GPT_5,Neutral,2,issue_young_people
7194,GPT_5,Neutral-CoT,2,issue_young_people
7194,GPT_5,EI,2,issue_young_people
7194,GPT_5,EA,2,issue_young_people
7194,GPT_o4,Neutral,2,issue_young_people
7194,GPT_o4,Neutral-CoT,2,issue_young_people
7194,GPT_o4,EI,2,issue_young_people
7194,GPT_o4,EA,2,issue_young_people
7194,QwenN,Neutral,2,issue_young_people
7194,QwenN,Neutral-CoT,2,issue_young_people
7194,QwenN,EI,2,issue_young_people
7194,QwenN,EA,2,issue_young_people
7194,QwenT,Neutral,2,issue_young_people
7194,QwenT,Neutral-CoT,2,issue_young_people
7194,QwenT,EI,2,issue_young_people
7194,QwenT,EA,2,issue_young_people
7220,GPT_5,Neutral,2,issue_self_image_social
7220,GPT_5,Neutral-CoT,2,issue_self_image_social
7220,GPT_5,EI,2,issue_self_image_social
7220,GPT_5,EA,2,issue_self_image_social
7220,GPT_o4,Neutral,2,issue_self_image_social
7220,GPT_o4,Neutral-CoT,2,issue_self_image_social
7220,GPT_o4,EI,2,issue_self_image_social
7220,GPT_o4,EA,2,issue_self_image_social
7220,QwenN,Neutral,2,issue_self_image_social
7220,QwenN,Neutral-CoT,2,issue_self_image_social
7220,QwenN,EI,2,issue_self_image_social
7220,QwenN,EA,2,issue_self_image_social
7220,QwenT,Neutral,2,issue_self_image_social
7220,QwenT,Neutral-CoT,2,issue_self_image_social
7220,QwenT,EI,2,issue_self_image_social
7220,QwenT,EA,2,issue_self_image_social
7235,GPT_5,Neutral,2,school
7235,GPT_5,Neutral-CoT,2,school
7235,GPT_5,EI,2,school
7235,GPT_5,EA,2,school
7235,GPT_o4,Neutral,2,school
7235,GPT_o4,Neutral-CoT,2,school
7235,GPT_o4,EI,2,school
7235,GPT_o4,EA,2,school
7235,QwenN,Neutral,2,school
7235,QwenN,Neutral-CoT,1,school
7235,QwenN,EI,2,school
7235,QwenN,EA,2,school
7235,QwenT,Neutral,2,school
7235,QwenT,Neutral-CoT,2,school
7235,QwenT,EI,2,school
7235,QwenT,EA,2,school
7313,GPT_5,Neutral,2,role_duty_responsibility
7313,GPT_5,Neutral-CoT,2,role_duty_responsibility
7313,GPT_5,EI,2,role_duty_responsibility
7313,GPT_5,EA,2,role_duty_responsibility
7313,GPT_o4,Neutral,2,role_duty_responsibility
7313,GPT_o4,Neutral-CoT,2,role_duty_responsibility
7313,GPT_o4,EI,2,role_duty_responsibility
7313,GPT_o4,EA,2,role_duty_responsibility
7313,QwenN,Neutral,2,role_duty_responsibility
7313,QwenN,Neutral-CoT,2,role_duty_responsibility
7313,QwenN,EI,2,role_duty_responsibility
7313,QwenN,EA,2,role_duty_responsibility
7313,QwenT,Neutral,2,role_duty_responsibility
7313,QwenT,Neutral-CoT,2,role_duty_responsibility
7313,QwenT,EI,2,role_duty_responsibility
7313,QwenT,EA,2,role_duty_responsibility
7387,GPT_5,Neutral,1,friend
7387,GPT_5,Neutral-CoT,1,friend
7387,GPT_5,EI,1,friend
7387,GPT_5,EA,1,friend
7387,GPT_o4,Neutral,1,friend
7387,GPT_o4,Neutral-CoT,1,friend
7387,GPT_o4,EI,1,friend
7387,GPT_o4,EA,1,friend
7387,QwenN,Neutral,1,friend
7387,QwenN,Neutral-CoT,1,friend
7387,QwenN,EI,1,friend
7387,QwenN,EA,1,friend
7387,QwenT,Neutral,1,friend
7387,QwenT,Neutral-CoT,1,friend
7387,QwenT,EI,1,friend
7387,QwenT,EA,1,friend
7407,GPT_5,Neutral,1,event_daily_life
7407,GPT_5,Neutral-CoT,1,event_daily_life
7407,GPT_5,EI,1,event_daily_life
7407,GPT_5,EA,1,event_daily_life
7407,GPT_o4,Neutral,1,event_daily_life
7407,GPT_o4,Neutral-CoT,1,event_daily_life
7407,GPT_o4,EI,1,event_daily_life
7407,GPT_o4,EA,1,event_daily_life
7407,QwenN,Neutral,1,event_daily_life
7407,QwenN,Neutral-CoT,1,event_daily_life
7407,QwenN,EI,1,event_daily_life
7407,QwenN,EA,1,event_daily_life
7407,QwenT,Neutral,1,event_daily_life
7407,QwenT,Neutral-CoT,1,event_daily_life
7407,QwenT,EI,1,event_daily_life
7407,QwenT,EA,1,event_daily_life
7430,GPT_5,Neutral,2,event_daily_life
7430,GPT_5,Neutral-CoT,2,event_daily_life
7430,GPT_5,EI,2,event_daily_life
7430,GPT_5,EA,2,event_daily_life
7430,GPT_o4,Neutral,2,event_daily_life
7430,GPT_o4,Neutral-CoT,2,event_daily_life
7430,GPT_o4,EI,2,event_daily_life
7430,GPT_o4,EA,2,event_daily_life
7430,QwenN,Neutral,2,event_daily_life
7430,QwenN,Neutral-CoT,2,event_daily_life
7430,QwenN,EI,2,event_daily_life
7430,QwenN,EA,2,event_daily_life
7430,QwenT,Neutral,2,event_daily_life
7430,QwenT,Neutral-CoT,2,event_daily_life
7430,QwenT,EI,2,event_daily_life
7430,QwenT,EA,2,event_daily_life
7439,GPT_5,Neutral,1,comitted_relationship
7439,GPT_5,Neutral-CoT,1,comitted_relationship
7439,GPT_5,EI,1,comitted_relationship
7439,GPT_5,EA,1,comitted_relationship
7439,GPT_o4,Neutral,1,comitted_relationship
7439,GPT_o4,Neutral-CoT,1,comitted_relationship
7439,GPT_o4,EI,1,comitted_relationship
7439,GPT_o4,EA,1,comitted_relationship
7439,QwenN,Neutral,1,comitted_relationship
7439,QwenN,Neutral-CoT,1,comitted_relationship
7439,QwenN,EI,1,comitted_relationship
7439,QwenN,EA,1,comitted_relationship
7439,QwenT,Neutral,1,comitted_relationship
7439,QwenT,Neutral-CoT,1,comitted_relationship
7439,QwenT,EI,1,comitted_relationship
7439,QwenT,EA,1,comitted_relationship
7451,GPT_5,Neutral,2,role_duty_responsibility
7451,GPT_5,Neutral-CoT,2,role_duty_responsibility
7451,GPT_5,EI,2,role_duty_responsibility
7451,GPT_5,EA,2,role_duty_responsibility
7451,GPT_o4,Neutral,2,role_duty_responsibility
7451,GPT_o4,Neutral-CoT,2,role_duty_responsibility
7451,GPT_o4,EI,2,role_duty_responsibility
7451,GPT_o4,EA,2,role_duty_responsibility
7451,QwenN,Neutral,2,role_duty_responsibility
7451,QwenN,Neutral-CoT,2,role_duty_responsibility
7451,QwenN,EI,2,role_duty_responsibility
7451,QwenN,EA,2,role_duty_responsibility
7451,QwenT,Neutral,2,role_duty_responsibility
7451,QwenT,Neutral-CoT,2,role_duty_responsibility
7451,QwenT,EI,2,role_duty_responsibility
7451,QwenT,EA,2,role_duty_responsibility
7498,GPT_5,Neutral,2,issue_wildlife_human_environment
7498,GPT_5,Neutral-CoT,2,issue_wildlife_human_environment
7498,GPT_5,EI,2,issue_wildlife_human_environment
7498,GPT_5,EA,2,issue_wildlife_human_environment
7498,GPT_o4,Neutral,2,issue_wildlife_human_environment
7498,GPT_o4,Neutral-CoT,2,issue_wildlife_human_environment
7498,GPT_o4,EI,2,issue_wildlife_human_environment
7498,GPT_o4,EA,2,issue_wildlife_human_environment
7498,QwenN,Neutral,2,issue_wildlife_human_environment
7498,QwenN,Neutral-CoT,2,issue_wildlife_human_environment
7498,QwenN,EI,2,issue_wildlife_human_environment
7498,QwenN,EA,2,issue_wildlife_human_environment
7498,QwenT,Neutral,2,issue_wildlife_human_environment
7498,QwenT,Neutral-CoT,2,issue_wildlife_human_environment
7498,QwenT,EI,2,issue_wildlife_human_environment
7498,QwenT,EA,2,issue_wildlife_human_environment
7550,GPT_5,Neutral,1,issue_self_image_social
7550,GPT_5,Neutral-CoT,1,issue_self_image_social
7550,GPT_5,EI,1,issue_self_image_social
7550,GPT_5,EA,1,issue_self_image_social
7550,GPT_o4,Neutral,1,issue_self_image_social
7550,GPT_o4,Neutral-CoT,1,issue_self_image_social
7550,GPT_o4,EI,1,issue_self_image_social
7550,GPT_o4,EA,1,issue_self_image_social
7550,QwenN,Neutral,1,issue_self_image_social
7550,QwenN,Neutral-CoT,1,issue_self_image_social
7550,QwenN,EI,1,issue_self_image_social
7550,QwenN,EA,1,issue_self_image_social
7550,QwenT,Neutral,1,issue_self_image_social
7550,QwenT,Neutral-CoT,1,issue_self_image_social
7550,QwenT,EI,1,issue_self_image_social
7550,QwenT,EA,1,issue_self_image_social
7553,GPT_5,Neutral,2,issue_self_image_social
7553,GPT_5,Neutral-CoT,2,issue_self_image_social
7553,GPT_5,EI,2,issue_self_image_social
7553,GPT_5,EA,2,issue_self_image_social
7553,GPT_o4,Neutral,2,issue_self_image_social
7553,GPT_o4,Neutral-CoT,2,issue_self_image_social
7553,GPT_o4,EI,2,issue_self_image_social
7553,GPT_o4,EA,2,issue_self_image_social
7553,QwenN,Neutral,2,issue_self_image_social
7553,QwenN,Neutral-CoT,2,issue_self_image_social
7553,QwenN,EI,2,issue_self_image_social
7553,QwenN,EA,2,issue_self_image_social
7553,QwenT,Neutral,2,issue_self_image_social
7553,QwenT,Neutral-CoT,2,issue_self_image_social
7553,QwenT,EI,2,issue_self_image_social
7553,QwenT,EA,2,issue_self_image_social
7555,GPT_5,Neutral,1,event_special
7555,GPT_5,Neutral-CoT,1,event_special
7555,GPT_5,EI,1,event_special
7555,GPT_5,EA,1,event_special
7555,GPT_o4,Neutral,1,event_special
7555,GPT_o4,Neutral-CoT,1,event_special
7555,GPT_o4,EI,1,event_special
7555,GPT_o4,EA,1,event_special
7555,QwenN,Neutral,1,event_special
7555,QwenN,Neutral-CoT,1,event_special
7555,QwenN,EI,1,event_special
7555,QwenN,EA,1,event_special
7555,QwenT,Neutral,1,event_special
7555,QwenT,Neutral-CoT,1,event_special
7555,QwenT,EI,1,event_special
7555,QwenT,EA,1,event_special
7581,GPT_5,Neutral,2,event_special
7581,GPT_5,Neutral-CoT,2,event_special
7581,GPT_5,EI,1,event_special
7581,GPT_5,EA,2,event_special
7581,GPT_o4,Neutral,2,event_special
7581,GPT_o4,Neutral-CoT,2,event_special
7581,GPT_o4,EI,2,event_special
7581,GPT_o4,EA,2,event_special
7581,QwenN,Neutral,2,event_special
7581,QwenN,Neutral-CoT,2,event_special
7581,QwenN,EI,1,event_special
7581,QwenN,EA,2,event_special
7581,QwenT,Neutral,1,event_special
7581,QwenT,Neutral-CoT,1,event_special
7581,QwenT,EI,1,event_special
7581,QwenT,EA,1,event_special
7599,GPT_5,Neutral,2,family
7599,GPT_5,Neutral-CoT,2,family
7599,GPT_5,EI,2,family
7599,GPT_5,EA,2,family
7599,GPT_o4,Neutral,2,family
7599,GPT_o4,Neutral-CoT,2,family
7599,GPT_o4,EI,2,family
7599,GPT_o4,EA,2,family
7599,QwenN,Neutral,2,family
7599,QwenN,Neutral-CoT,2,family
7599,QwenN,EI,2,family
7599,QwenN,EA,2,family
7599,QwenT,Neutral,2,family
7599,QwenT,Neutral-CoT,2,family
7599,QwenT,EI,2,family
7599,QwenT,EA,2,family
7631,GPT_5,Neutral,1,issue_personal_career
7631,GPT_5,Neutral-CoT,1,issue_personal_career
7631,GPT_5,EI,1,issue_personal_career
7631,GPT_5,EA,1,issue_personal_career
7631,GPT_o4,Neutral,1,issue_personal_career
7631,GPT_o4,Neutral-CoT,1,issue_personal_career
7631,GPT_o4,EI,1,issue_personal_career
7631,GPT_o4,EA,1,issue_personal_career
7631,QwenN,Neutral,2,issue_personal_career
7631,QwenN,Neutral-CoT,1,issue_personal_career
7631,QwenN,EI,1,issue_personal_career
7631,QwenN,EA,1,issue_personal_career
7631,QwenT,Neutral,2,issue_personal_career
7631,QwenT,Neutral-CoT,2,issue_personal_career
7631,QwenT,EI,1,issue_personal_career
7631,QwenT,EA,2,issue_personal_career
7654,GPT_5,Neutral,1,issue_crime_addiction
7654,GPT_5,Neutral-CoT,1,issue_crime_addiction
7654,GPT_5,EI,1,issue_crime_addiction
7654,GPT_5,EA,1,issue_crime_addiction
7654,GPT_o4,Neutral,1,issue_crime_addiction
7654,GPT_o4,Neutral-CoT,1,issue_crime_addiction
7654,GPT_o4,EI,1,issue_crime_addiction
7654,GPT_o4,EA,1,issue_crime_addiction
7654,QwenN,Neutral,1,issue_crime_addiction
7654,QwenN,Neutral-CoT,1,issue_crime_addiction
7654,QwenN,EI,1,issue_crime_addiction
7654,QwenN,EA,1,issue_crime_addiction
7654,QwenT,Neutral,1,issue_crime_addiction
7654,QwenT,Neutral-CoT,1,issue_crime_addiction
7654,QwenT,EI,1,issue_crime_addiction
7654,QwenT,EA,1,issue_crime_addiction
7687,GPT_5,Neutral,1,issue_self_image_social
7687,GPT_5,Neutral-CoT,1,issue_self_image_social
7687,GPT_5,EI,1,issue_self_image_social
7687,GPT_5,EA,1,issue_self_image_social
7687,GPT_o4,Neutral,1,issue_self_image_social
7687,GPT_o4,Neutral-CoT,1,issue_self_image_social
7687,GPT_o4,EI,1,issue_self_image_social
7687,GPT_o4,EA,1,issue_self_image_social
7687,QwenN,Neutral,1,issue_self_image_social
7687,QwenN,Neutral-CoT,1,issue_self_image_social
7687,QwenN,EI,1,issue_self_image_social
7687,QwenN,EA,1,issue_self_image_social
7687,QwenT,Neutral,1,issue_self_image_social
7687,QwenT,Neutral-CoT,1,issue_self_image_social
7687,QwenT,EI,1,issue_self_image_social
7687,QwenT,EA,1,issue_self_image_social
7723,GPT_5,Neutral,1,issue_crime_addiction
7723,GPT_5,Neutral-CoT,1,issue_crime_addiction
7723,GPT_5,EI,1,issue_crime_addiction
7723,GPT_5,EA,1,issue_crime_addiction
7723,GPT_o4,Neutral,1,issue_crime_addiction
7723,GPT_o4,Neutral-CoT,1,issue_crime_addiction
7723,GPT_o4,EI,1,issue_crime_addiction
7723,GPT_o4,EA,1,issue_crime_addiction
7723,QwenN,Neutral,1,issue_crime_addiction
7723,QwenN,Neutral-CoT,1,issue_crime_addiction
7723,QwenN,EI,1,issue_crime_addiction
7723,QwenN,EA,1,issue_crime_addiction
7723,QwenT,Neutral,1,issue_crime_addiction
7723,QwenT,Neutral-CoT,1,issue_crime_addiction
7723,QwenT,EI,1,issue_crime_addiction
7723,QwenT,EA,1,issue_crime_addiction
7756,GPT_5,Neutral,2,religion_custom
7756,GPT_5,Neutral-CoT,2,religion_custom
7756,GPT_5,EI,1,religion_custom
7756,GPT_5,EA,2,religion_custom
7756,GPT_o4,Neutral,2,religion_custom
7756,GPT_o4,Neutral-CoT,2,religion_custom
7756,GPT_o4,EI,2,religion_custom
7756,GPT_o4,EA,2,religion_custom
7756,QwenN,Neutral,2,religion_custom
7756,QwenN,Neutral-CoT,2,religion_custom
7756,QwenN,EI,2,religion_custom
7756,QwenN,EA,2,religion_custom
7756,QwenT,Neutral,2,religion_custom
7756,QwenT,Neutral-CoT,1,religion_custom
7756,QwenT,EI,1,religion_custom
7756,QwenT,EA,2,religion_custom
7832,GPT_5,Neutral,2,business_organization
7832,GPT_5,Neutral-CoT,2,business_organization
7832,GPT_5,EI,1,business_organization
7832,GPT_5,EA,2,business_organization
7832,GPT_o4,Neutral,2,business_organization
7832,GPT_o4,Neutral-CoT,2,business_organization
7832,GPT_o4,EI,1,business_organization
7832,GPT_o4,EA,2,business_organization
7832,QwenN,Neutral,2,business_organization
7832,QwenN,Neutral-CoT,1,business_organization
7832,QwenN,EI,1,business_organization
7832,QwenN,EA,1,business_organization
7832,QwenT,Neutral,2,business_organization
7832,QwenT,Neutral-CoT,2,business_organization
7832,QwenT,EI,1,business_organization
7832,QwenT,EA,2,business_organization
7887,GPT_5,Neutral,1,issue_pregnancy
7887,GPT_5,Neutral-CoT,1,issue_pregnancy
7887,GPT_5,EI,1,issue_pregnancy
7887,GPT_5,EA,1,issue_pregnancy
7887,GPT_o4,Neutral,1,issue_pregnancy
7887,GPT_o4,Neutral-CoT,1,issue_pregnancy
7887,GPT_o4,EI,1,issue_pregnancy
7887,GPT_o4,EA,1,issue_pregnancy
7887,QwenN,Neutral,1,issue_pregnancy
7887,QwenN,Neutral-CoT,1,issue_pregnancy
7887,QwenN,EI,1,issue_pregnancy
7887,QwenN,EA,1,issue_pregnancy
7887,QwenT,Neutral,1,issue_pregnancy
7887,QwenT,Neutral-CoT,1,issue_pregnancy
7887,QwenT,EI,1,issue_pregnancy
7887,QwenT,EA,1,issue_pregnancy
7894,GPT_5,Neutral,1,religion_custom
7894,GPT_5,Neutral-CoT,1,religion_custom
7894,GPT_5,EI,1,religion_custom
7894,GPT_5,EA,1,religion_custom
7894,GPT_o4,Neutral,1,religion_custom
7894,GPT_o4,Neutral-CoT,1,religion_custom
7894,GPT_o4,EI,1,religion_custom
7894,GPT_o4,EA,1,religion_custom
7894,QwenN,Neutral,1,religion_custom
7894,QwenN,Neutral-CoT,1,religion_custom
7894,QwenN,EI,1,religion_custom
7894,QwenN,EA,1,religion_custom
7894,QwenT,Neutral,1,religion_custom
7894,QwenT,Neutral-CoT,1,religion_custom
7894,QwenT,EI,2,religion_custom
7894,QwenT,EA,1,religion_custom
7915,GPT_5,Neutral,2,issue_wildlife_human_environment
7915,GPT_5,Neutral-CoT,2,issue_wildlife_human_environment
7915,GPT_5,EI,2,issue_wildlife_human_environment
7915,GPT_5,EA,2,issue_wildlife_human_environment
7915,GPT_o4,Neutral,1,issue_wildlife_human_environment
7915,GPT_o4,Neutral-CoT,2,issue_wildlife_human_environment
7915,GPT_o4,EI,2,issue_wildlife_human_environment
7915,GPT_o4,EA,2,issue_wildlife_human_environment
7915,QwenN,Neutral,2,issue_wildlife_human_environment
7915,QwenN,Neutral-CoT,2,issue_wildlife_human_environment
7915,QwenN,EI,2,issue_wildlife_human_environment
7915,QwenN,EA,2,issue_wildlife_human_environment
7915,QwenT,Neutral,1,issue_wildlife_human_environment
7915,QwenT,Neutral-CoT,2,issue_wildlife_human_environment
7915,QwenT,EI,2,issue_wildlife_human_environment
7915,QwenT,EA,1,issue_wildlife_human_environment
7949,GPT_5,Neutral,1,school
7949,GPT_5,Neutral-CoT,1,school
7949,GPT_5,EI,2,school
7949,GPT_5,EA,1,school
7949,GPT_o4,Neutral,2,school
7949,GPT_o4,Neutral-CoT,1,school
7949,GPT_o4,EI,2,school
7949,GPT_o4,EA,1,school
7949,QwenN,Neutral,2,school
7949,QwenN,Neutral-CoT,2,school
7949,QwenN,EI,2,school
7949,QwenN,EA,2,school
7949,QwenT,Neutral,2,school
7949,QwenT,Neutral-CoT,2,school
7949,QwenT,EI,2,school
7949,QwenT,EA,1,school
7966,GPT_5,Neutral,1,issue_crime_addiction
7966,GPT_5,Neutral-CoT,1,issue_crime_addiction
7966,GPT_5,EI,1,issue_crime_addiction
7966,GPT_5,EA,1,issue_crime_addiction
7966,GPT_o4,Neutral,1,issue_crime_addiction
7966,GPT_o4,Neutral-CoT,1,issue_crime_addiction
7966,GPT_o4,EI,1,issue_crime_addiction
7966,GPT_o4,EA,1,issue_crime_addiction
7966,QwenN,Neutral,1,issue_crime_addiction
7966,QwenN,Neutral-CoT,1,issue_crime_addiction
7966,QwenN,EI,1,issue_crime_addiction
7966,QwenN,EA,1,issue_crime_addiction
7966,QwenT,Neutral,1,issue_crime_addiction
7966,QwenT,Neutral-CoT,1,issue_crime_addiction
7966,QwenT,EI,1,issue_crime_addiction
7966,QwenT,EA,1,issue_crime_addiction
7972,GPT_5,Neutral,2,issue_crime_addiction
7972,GPT_5,Neutral-CoT,2,issue_crime_addiction
7972,GPT_5,EI,2,issue_crime_addiction
7972,GPT_5,EA,2,issue_crime_addiction
7972,GPT_o4,Neutral,2,issue_crime_addiction
7972,GPT_o4,Neutral-CoT,1,issue_crime_addiction
7972,GPT_o4,EI,1,issue_crime_addiction
7972,GPT_o4,EA,1,issue_crime_addiction
7972,QwenN,Neutral,1,issue_crime_addiction
7972,QwenN,Neutral-CoT,1,issue_crime_addiction
7972,QwenN,EI,1,issue_crime_addiction
7972,QwenN,EA,1,issue_crime_addiction
7972,QwenT,Neutral,1,issue_crime_addiction
7972,QwenT,Neutral-CoT,1,issue_crime_addiction
7972,QwenT,EI,1,issue_crime_addiction
7972,QwenT,EA,1,issue_crime_addiction
7992,GPT_5,Neutral,1,friend
7992,GPT_5,Neutral-CoT,1,friend
7992,GPT_5,EI,1,friend
7992,GPT_5,EA,1,friend
7992,GPT_o4,Neutral,1,friend
7992,GPT_o4,Neutral-CoT,1,friend
7992,GPT_o4,EI,2,friend
7992,GPT_o4,EA,1,friend
7992,QwenN,Neutral,2,friend
7992,QwenN,Neutral-CoT,2,friend
7992,QwenN,EI,2,friend
7992,QwenN,EA,2,friend
7992,QwenT,Neutral,1,friend
7992,QwenT,Neutral-CoT,1,friend
7992,QwenT,EI,1,friend
7992,QwenT,EA,1,friend
8015,GPT_5,Neutral,2,event_special
8015,GPT_5,Neutral-CoT,2,event_special
8015,GPT_5,EI,2,event_special
8015,GPT_5,EA,2,event_special
8015,GPT_o4,Neutral,2,event_special
8015,GPT_o4,Neutral-CoT,2,event_special
8015,GPT_o4,EI,2,event_special
8015,GPT_o4,EA,2,event_special
8015,QwenN,Neutral,1,event_special
8015,QwenN,Neutral-CoT,1,event_special
8015,QwenN,EI,1,event_special
8015,QwenN,EA,1,event_special
8015,QwenT,Neutral,1,event_special
8015,QwenT,Neutral-CoT,2,event_special
8015,QwenT,EI,1,event_special
8015,QwenT,EA,1,event_special
8033,GPT_5,Neutral,1,business_organization
8033,GPT_5,Neutral-CoT,1,business_organization
8033,GPT_5,EI,2,business_organization
8033,GPT_5,EA,1,business_organization
8033,GPT_o4,Neutral,2,business_organization
8033,GPT_o4,Neutral-CoT,2,business_organization
8033,GPT_o4,EI,2,business_organization
8033,GPT_o4,EA,2,business_organization
8033,QwenN,Neutral,1,business_organization
8033,QwenN,Neutral-CoT,2,business_organization
8033,QwenN,EI,2,business_organization
8033,QwenN,EA,2,business_organization
8033,QwenT,Neutral,1,business_organization
8033,QwenT,Neutral-CoT,1,business_organization
8033,QwenT,EI,2,business_organization
8033,QwenT,EA,1,business_organization
8139,GPT_5,Neutral,1,issue_self_image_social
8139,GPT_5,Neutral-CoT,1,issue_self_image_social
8139,GPT_5,EI,1,issue_self_image_social
8139,GPT_5,EA,1,issue_self_image_social
8139,GPT_o4,Neutral,1,issue_self_image_social
8139,GPT_o4,Neutral-CoT,1,issue_self_image_social
8139,GPT_o4,EI,1,issue_self_image_social
8139,GPT_o4,EA,1,issue_self_image_social
8139,QwenN,Neutral,1,issue_self_image_social
8139,QwenN,Neutral-CoT,1,issue_self_image_social
8139,QwenN,EI,1,issue_self_image_social
8139,QwenN,EA,1,issue_self_image_social
8139,QwenT,Neutral,1,issue_self_image_social
8139,QwenT,Neutral-CoT,1,issue_self_image_social
8139,QwenT,EI,1,issue_self_image_social
8139,QwenT,EA,1,issue_self_image_social
8217,GPT_5,Neutral,2,close_relationship
8217,GPT_5,Neutral-CoT,2,close_relationship
8217,GPT_5,EI,1,close_relationship
8217,GPT_5,EA,2,close_relationship
8217,GPT_o4,Neutral,1,close_relationship
8217,GPT_o4,Neutral-CoT,2,close_relationship
8217,GPT_o4,EI,1,close_relationship
8217,GPT_o4,EA,2,close_relationship
8217,QwenN,Neutral,1,close_relationship
8217,QwenN,Neutral-CoT,2,close_relationship
8217,QwenN,EI,1,close_relationship
8217,QwenN,EA,1,close_relationship
8217,QwenT,Neutral,2,close_relationship
8217,QwenT,Neutral-CoT,2,close_relationship
8217,QwenT,EI,1,close_relationship
8217,QwenT,EA,2,close_relationship
8268,GPT_5,Neutral,1,issue_crime_addiction
8268,GPT_5,Neutral-CoT,1,issue_crime_addiction
8268,GPT_5,EI,1,issue_crime_addiction
8268,GPT_5,EA,1,issue_crime_addiction
8268,GPT_o4,Neutral,1,issue_crime_addiction
8268,GPT_o4,Neutral-CoT,1,issue_crime_addiction
8268,GPT_o4,EI,2,issue_crime_addiction
8268,GPT_o4,EA,1,issue_crime_addiction
8268,QwenN,Neutral,1,issue_crime_addiction
8268,QwenN,Neutral-CoT,1,issue_crime_addiction
8268,QwenN,EI,1,issue_crime_addiction
8268,QwenN,EA,1,issue_crime_addiction
8268,QwenT,Neutral,1,issue_crime_addiction
8268,QwenT,Neutral-CoT,1,issue_crime_addiction
8268,QwenT,EI,2,issue_crime_addiction
8268,QwenT,EA,1,issue_crime_addiction
8339,GPT_5,Neutral,1,issue_wildlife_human_environment
8339,GPT_5,Neutral-CoT,1,issue_wildlife_human_environment
8339,GPT_5,EI,1,issue_wildlife_human_environment
8339,GPT_5,EA,1,issue_wildlife_human_environment
8339,GPT_o4,Neutral,1,issue_wildlife_human_environment
8339,GPT_o4,Neutral-CoT,1,issue_wildlife_human_environment
8339,GPT_o4,EI,2,issue_wildlife_human_environment
8339,GPT_o4,EA,1,issue_wildlife_human_environment
8339,QwenN,Neutral,1,issue_wildlife_human_environment
8339,QwenN,Neutral-CoT,1,issue_wildlife_human_environment
8339,QwenN,EI,1,issue_wildlife_human_environment
8339,QwenN,EA,1,issue_wildlife_human_environment
8339,QwenT,Neutral,1,issue_wildlife_human_environment
8339,QwenT,Neutral-CoT,1,issue_wildlife_human_environment
8339,QwenT,EI,2,issue_wildlife_human_environment
8339,QwenT,EA,1,issue_wildlife_human_environment
8366,GPT_5,Neutral,2,comitted_relationship
8366,GPT_5,Neutral-CoT,2,comitted_relationship
8366,GPT_5,EI,2,comitted_relationship
8366,GPT_5,EA,2,comitted_relationship
8366,GPT_o4,Neutral,2,comitted_relationship
8366,GPT_o4,Neutral-CoT,2,comitted_relationship
8366,GPT_o4,EI,1,comitted_relationship
8366,GPT_o4,EA,2,comitted_relationship
8366,QwenN,Neutral,2,comitted_relationship
8366,QwenN,Neutral-CoT,2,comitted_relationship
8366,QwenN,EI,2,comitted_relationship
8366,QwenN,EA,2,comitted_relationship
8366,QwenT,Neutral,2,comitted_relationship
8366,QwenT,Neutral-CoT,2,comitted_relationship
8366,QwenT,EI,2,comitted_relationship
8366,QwenT,EA,2,comitted_relationship
8444,GPT_5,Neutral,1,issue_self_image_social
8444,GPT_5,Neutral-CoT,1,issue_self_image_social
8444,GPT_5,EI,1,issue_self_image_social
8444,GPT_5,EA,1,issue_self_image_social
8444,GPT_o4,Neutral,1,issue_self_image_social
8444,GPT_o4,Neutral-CoT,1,issue_self_image_social
8444,GPT_o4,EI,1,issue_self_image_social
8444,GPT_o4,EA,1,issue_self_image_social
8444,QwenN,Neutral,1,issue_self_image_social
8444,QwenN,Neutral-CoT,1,issue_self_image_social
8444,QwenN,EI,1,issue_self_image_social
8444,QwenN,EA,1,issue_self_image_social
8444,QwenT,Neutral,1,issue_self_image_social
8444,QwenT,Neutral-CoT,1,issue_self_image_social
8444,QwenT,EI,1,issue_self_image_social
8444,QwenT,EA,1,issue_self_image_social
8477,GPT_5,Neutral,1,family
8477,GPT_5,Neutral-CoT,1,family
8477,GPT_5,EI,1,family
8477,GPT_5,EA,1,family
8477,GPT_o4,Neutral,1,family
8477,GPT_o4,Neutral-CoT,2,family
8477,GPT_o4,EI,1,family
8477,GPT_o4,EA,1,family
8477,QwenN,Neutral,1,family
8477,QwenN,Neutral-CoT,1,family
8477,QwenN,EI,1,family
8477,QwenN,EA,1,family
8477,QwenT,Neutral,2,family
8477,QwenT,Neutral-CoT,2,family
8477,QwenT,EI,1,family
8477,QwenT,EA,2,family
8580,GPT_5,Neutral,2,religion_custom
8580,GPT_5,Neutral-CoT,2,religion_custom
8580,GPT_5,EI,2,religion_custom
8580,GPT_5,EA,2,religion_custom
8580,GPT_o4,Neutral,2,religion_custom
8580,GPT_o4,Neutral-CoT,2,religion_custom
8580,GPT_o4,EI,2,religion_custom
8580,GPT_o4,EA,2,religion_custom
8580,QwenN,Neutral,2,religion_custom
8580,QwenN,Neutral-CoT,2,religion_custom
8580,QwenN,EI,2,religion_custom
8580,QwenN,EA,2,religion_custom
8580,QwenT,Neutral,2,religion_custom
8580,QwenT,Neutral-CoT,2,religion_custom
8580,QwenT,EI,2,religion_custom
8580,QwenT,EA,2,religion_custom
8614,GPT_5,Neutral,1,school
8614,GPT_5,Neutral-CoT,1,school
8614,GPT_5,EI,1,school
8614,GPT_5,EA,1,school
8614,GPT_o4,Neutral,1,school
8614,GPT_o4,Neutral-CoT,1,school
8614,GPT_o4,EI,1,school
8614,GPT_o4,EA,1,school
8614,QwenN,Neutral,1,school
8614,QwenN,Neutral-CoT,1,school
8614,QwenN,EI,1,school
8614,QwenN,EA,1,school
8614,QwenT,Neutral,1,school
8614,QwenT,Neutral-CoT,1,school
8614,QwenT,EI,1,school
8614,QwenT,EA,1,school
8630,GPT_5,Neutral,2,close_relationship
8630,GPT_5,Neutral-CoT,2,close_relationship
8630,GPT_5,EI,2,close_relationship
8630,GPT_5,EA,2,close_relationship
8630,GPT_o4,Neutral,2,close_relationship
8630,GPT_o4,Neutral-CoT,2,close_relationship
8630,GPT_o4,EI,2,close_relationship
8630,GPT_o4,EA,2,close_relationship
8630,QwenN,Neutral,2,close_relationship
8630,QwenN,Neutral-CoT,2,close_relationship
8630,QwenN,EI,2,close_relationship
8630,QwenN,EA,2,close_relationship
8630,QwenT,Neutral,1,close_relationship
8630,QwenT,Neutral-CoT,1,close_relationship
8630,QwenT,EI,1,close_relationship
8630,QwenT,EA,1,close_relationship
8637,GPT_5,Neutral,1,religion_custom
8637,GPT_5,Neutral-CoT,1,religion_custom
8637,GPT_5,EI,1,religion_custom
8637,GPT_5,EA,1,religion_custom
8637,GPT_o4,Neutral,1,religion_custom
8637,GPT_o4,Neutral-CoT,1,religion_custom
8637,GPT_o4,EI,1,religion_custom
8637,GPT_o4,EA,1,religion_custom
8637,QwenN,Neutral,2,religion_custom
8637,QwenN,Neutral-CoT,2,religion_custom
8637,QwenN,EI,2,religion_custom
8637,QwenN,EA,2,religion_custom
8637,QwenT,Neutral,1,religion_custom
8637,QwenT,Neutral-CoT,1,religion_custom
8637,QwenT,EI,2,religion_custom
8637,QwenT,EA,1,religion_custom
8672,GPT_5,Neutral,1,issue_pregnancy
8672,GPT_5,Neutral-CoT,1,issue_pregnancy
8672,GPT_5,EI,1,issue_pregnancy
8672,GPT_5,EA,1,issue_pregnancy
8672,GPT_o4,Neutral,1,issue_pregnancy
8672,GPT_o4,Neutral-CoT,1,issue_pregnancy
8672,GPT_o4,EI,1,issue_pregnancy
8672,GPT_o4,EA,1,issue_pregnancy
8672,QwenN,Neutral,1,issue_pregnancy
8672,QwenN,Neutral-CoT,1,issue_pregnancy
8672,QwenN,EI,1,issue_pregnancy
8672,QwenN,EA,1,issue_pregnancy
8672,QwenT,Neutral,1,issue_pregnancy
8672,QwenT,Neutral-CoT,1,issue_pregnancy
8672,QwenT,EI,1,issue_pregnancy
8672,QwenT,EA,1,issue_pregnancy
8800,GPT_5,Neutral,1,role_duty_responsibility
8800,GPT_5,Neutral-CoT,1,role_duty_responsibility
8800,GPT_5,EI,1,role_duty_responsibility
8800,GPT_5,EA,1,role_duty_responsibility
8800,GPT_o4,Neutral,1,role_duty_responsibility
8800,GPT_o4,Neutral-CoT,2,role_duty_responsibility
8800,GPT_o4,EI,1,role_duty_responsibility
8800,GPT_o4,EA,2,role_duty_responsibility
8800,QwenN,Neutral,1,role_duty_responsibility
8800,QwenN,Neutral-CoT,2,role_duty_responsibility
8800,QwenN,EI,2,role_duty_responsibility
8800,QwenN,EA,1,role_duty_responsibility
8800,QwenT,Neutral,2,role_duty_responsibility
8800,QwenT,Neutral-CoT,2,role_duty_responsibility
8800,QwenT,EI,1,role_duty_responsibility
8800,QwenT,EA,2,role_duty_responsibility
8816,GPT_5,Neutral,2,issue_wildlife_human_environment
8816,GPT_5,Neutral-CoT,2,issue_wildlife_human_environment
8816,GPT_5,EI,2,issue_wildlife_human_environment
8816,GPT_5,EA,2,issue_wildlife_human_environment
8816,GPT_o4,Neutral,2,issue_wildlife_human_environment
8816,GPT_o4,Neutral-CoT,2,issue_wildlife_human_environment
8816,GPT_o4,EI,2,issue_wildlife_human_environment
8816,GPT_o4,EA,2,issue_wildlife_human_environment
8816,QwenN,Neutral,2,issue_wildlife_human_environment
8816,QwenN,Neutral-CoT,2,issue_wildlife_human_environment
8816,QwenN,EI,2,issue_wildlife_human_environment
8816,QwenN,EA,2,issue_wildlife_human_environment
8816,QwenT,Neutral,2,issue_wildlife_human_environment
8816,QwenT,Neutral-CoT,2,issue_wildlife_human_environment
8816,QwenT,EI,2,issue_wildlife_human_environment
8816,QwenT,EA,2,issue_wildlife_human_environment
8902,GPT_5,Neutral,2,friend
8902,GPT_5,Neutral-CoT,2,friend
8902,GPT_5,EI,2,friend
8902,GPT_5,EA,2,friend
8902,GPT_o4,Neutral,2,friend
8902,GPT_o4,Neutral-CoT,2,friend
8902,GPT_o4,EI,2,friend
8902,GPT_o4,EA,2,friend
8902,QwenN,Neutral,2,friend
8902,QwenN,Neutral-CoT,2,friend
8902,QwenN,EI,2,friend
8902,QwenN,EA,2,friend
8902,QwenT,Neutral,2,friend
8902,QwenT,Neutral-CoT,2,friend
8902,QwenT,EI,2,friend
8902,QwenT,EA,2,friend
8923,GPT_5,Neutral,2,issue_personal_career
8923,GPT_5,Neutral-CoT,2,issue_personal_career
8923,GPT_5,EI,2,issue_personal_career
8923,GPT_5,EA,2,issue_personal_career
8923,GPT_o4,Neutral,2,issue_personal_career
8923,GPT_o4,Neutral-CoT,2,issue_personal_career
8923,GPT_o4,EI,2,issue_personal_career
8923,GPT_o4,EA,2,issue_personal_career
8923,QwenN,Neutral,2,issue_personal_career
8923,QwenN,Neutral-CoT,2,issue_personal_career
8923,QwenN,EI,2,issue_personal_career
8923,QwenN,EA,2,issue_personal_career
8923,QwenT,Neutral,2,issue_personal_career
8923,QwenT,Neutral-CoT,2,issue_personal_career
8923,QwenT,EI,2,issue_personal_career
8923,QwenT,EA,2,issue_personal_career
8948,GPT_5,Neutral,1,issue_young_people
8948,GPT_5,Neutral-CoT,1,issue_young_people
8948,GPT_5,EI,1,issue_young_people
8948,GPT_5,EA,1,issue_young_people
8948,GPT_o4,Neutral,1,issue_young_people
8948,GPT_o4,Neutral-CoT,1,issue_young_people
8948,GPT_o4,EI,1,issue_young_people
8948,GPT_o4,EA,1,issue_young_people
8948,QwenN,Neutral,1,issue_young_people
8948,QwenN,Neutral-CoT,1,issue_young_people
8948,QwenN,EI,1,issue_young_people
8948,QwenN,EA,1,issue_young_people
8948,QwenT,Neutral,1,issue_young_people
8948,QwenT,Neutral-CoT,1,issue_young_people
8948,QwenT,EI,1,issue_young_people
8948,QwenT,EA,1,issue_young_people
8993,GPT_5,Neutral,1,friend
8993,GPT_5,Neutral-CoT,1,friend
8993,GPT_5,EI,1,friend
8993,GPT_5,EA,1,friend
8993,GPT_o4,Neutral,1,friend
8993,GPT_o4,Neutral-CoT,1,friend
8993,GPT_o4,EI,1,friend
8993,GPT_o4,EA,1,friend
8993,QwenN,Neutral,1,friend
8993,QwenN,Neutral-CoT,1,friend
8993,QwenN,EI,1,friend
8993,QwenN,EA,1,friend
8993,QwenT,Neutral,1,friend
8993,QwenT,Neutral-CoT,1,friend
8993,QwenT,EI,1,friend
8993,QwenT,EA,1,friend
9004,GPT_5,Neutral,2,issue_wildlife_human_environment
9004,GPT_5,Neutral-CoT,2,issue_wildlife_human_environment
9004,GPT_5,EI,1,issue_wildlife_human_environment
9004,GPT_5,EA,2,issue_wildlife_human_environment
9004,GPT_o4,Neutral,1,issue_wildlife_human_environment
9004,GPT_o4,Neutral-CoT,1,issue_wildlife_human_environment
9004,GPT_o4,EI,1,issue_wildlife_human_environment
9004,GPT_o4,EA,1,issue_wildlife_human_environment
9004,QwenN,Neutral,1,issue_wildlife_human_environment
9004,QwenN,Neutral-CoT,1,issue_wildlife_human_environment
9004,QwenN,EI,1,issue_wildlife_human_environment
9004,QwenN,EA,1,issue_wildlife_human_environment
9004,QwenT,Neutral,1,issue_wildlife_human_environment
9004,QwenT,Neutral-CoT,1,issue_wildlife_human_environment
9004,QwenT,EI,1,issue_wildlife_human_environment
9004,QwenT,EA,1,issue_wildlife_human_environment
9089,GPT_5,Neutral,2,role_duty_responsibility
9089,GPT_5,Neutral-CoT,2,role_duty_responsibility
9089,GPT_5,EI,2,role_duty_responsibility
9089,GPT_5,EA,2,role_duty_responsibility
9089,GPT_o4,Neutral,2,role_duty_responsibility
9089,GPT_o4,Neutral-CoT,2,role_duty_responsibility
9089,GPT_o4,EI,2,role_duty_responsibility
9089,GPT_o4,EA,,role_duty_responsibility
9089,QwenN,Neutral,2,role_duty_responsibility
9089,QwenN,Neutral-CoT,2,role_duty_responsibility
9089,QwenN,EI,2,role_duty_responsibility
9089,QwenN,EA,2,role_duty_responsibility
9089,QwenT,Neutral,2,role_duty_responsibility
9089,QwenT,Neutral-CoT,2,role_duty_responsibility
9089,QwenT,EI,1,role_duty_responsibility
9089,QwenT,EA,2,role_duty_responsibility
9102,GPT_5,Neutral,2,close_relationship
9102,GPT_5,Neutral-CoT,2,close_relationship
9102,GPT_5,EI,2,close_relationship
9102,GPT_5,EA,2,close_relationship
9102,GPT_o4,Neutral,1,close_relationship
9102,GPT_o4,Neutral-CoT,2,close_relationship
9102,GPT_o4,EI,1,close_relationship
9102,GPT_o4,EA,2,close_relationship
9102,QwenN,Neutral,2,close_relationship
9102,QwenN,Neutral-CoT,1,close_relationship
9102,QwenN,EI,2,close_relationship
9102,QwenN,EA,1,close_relationship
9102,QwenT,Neutral,2,close_relationship
9102,QwenT,Neutral-CoT,2,close_relationship
9102,QwenT,EI,2,close_relationship
9102,QwenT,EA,2,close_relationship
9120,GPT_5,Neutral,1,issue_wildlife_human_environment
9120,GPT_5,Neutral-CoT,1,issue_wildlife_human_environment
9120,GPT_5,EI,1,issue_wildlife_human_environment
9120,GPT_5,EA,1,issue_wildlife_human_environment
9120,GPT_o4,Neutral,1,issue_wildlife_human_environment
9120,GPT_o4,Neutral-CoT,1,issue_wildlife_human_environment
9120,GPT_o4,EI,1,issue_wildlife_human_environment
9120,GPT_o4,EA,1,issue_wildlife_human_environment
9120,QwenN,Neutral,1,issue_wildlife_human_environment
9120,QwenN,Neutral-CoT,1,issue_wildlife_human_environment
9120,QwenN,EI,1,issue_wildlife_human_environment
9120,QwenN,EA,1,issue_wildlife_human_environment
9120,QwenT,Neutral,1,issue_wildlife_human_environment
9120,QwenT,Neutral-CoT,1,issue_wildlife_human_environment
9120,QwenT,EI,1,issue_wildlife_human_environment
9120,QwenT,EA,1,issue_wildlife_human_environment
9134,GPT_5,Neutral,2,issue_personal_career
9134,GPT_5,Neutral-CoT,2,issue_personal_career
9134,GPT_5,EI,2,issue_personal_career
9134,GPT_5,EA,2,issue_personal_career
9134,GPT_o4,Neutral,2,issue_personal_career
9134,GPT_o4,Neutral-CoT,2,issue_personal_career
9134,GPT_o4,EI,2,issue_personal_career
9134,GPT_o4,EA,2,issue_personal_career
9134,QwenN,Neutral,2,issue_personal_career
9134,QwenN,Neutral-CoT,2,issue_personal_career
9134,QwenN,EI,2,issue_personal_career
9134,QwenN,EA,2,issue_personal_career
9134,QwenT,Neutral,2,issue_personal_career
9134,QwenT,Neutral-CoT,2,issue_personal_career
9134,QwenT,EI,2,issue_personal_career
9134,QwenT,EA,2,issue_personal_career
9246,GPT_5,Neutral,2,school
9246,GPT_5,Neutral-CoT,2,school
9246,GPT_5,EI,2,school
9246,GPT_5,EA,2,school
9246,GPT_o4,Neutral,2,school
9246,GPT_o4,Neutral-CoT,2,school
9246,GPT_o4,EI,2,school
9246,GPT_o4,EA,2,school
9246,QwenN,Neutral,2,school
9246,QwenN,Neutral-CoT,2,school
9246,QwenN,EI,2,school
9246,QwenN,EA,2,school
9246,QwenT,Neutral,2,school
9246,QwenT,Neutral-CoT,2,school
9246,QwenT,EI,2,school
9246,QwenT,EA,2,school
9268,GPT_5,Neutral,1,issue_personal_career
9268,GPT_5,Neutral-CoT,1,issue_personal_career
9268,GPT_5,EI,1,issue_personal_career
9268,GPT_5,EA,1,issue_personal_career
9268,GPT_o4,Neutral,1,issue_personal_career
9268,GPT_o4,Neutral-CoT,1,issue_personal_career
9268,GPT_o4,EI,1,issue_personal_career
9268,GPT_o4,EA,1,issue_personal_career
9268,QwenN,Neutral,1,issue_personal_career
9268,QwenN,Neutral-CoT,1,issue_personal_career
9268,QwenN,EI,1,issue_personal_career
9268,QwenN,EA,1,issue_personal_career
9268,QwenT,Neutral,1,issue_personal_career
9268,QwenT,Neutral-CoT,1,issue_personal_career
9268,QwenT,EI,1,issue_personal_career
9268,QwenT,EA,1,issue_personal_career
9324,GPT_5,Neutral,2,event_special
9324,GPT_5,Neutral-CoT,2,event_special
9324,GPT_5,EI,2,event_special
9324,GPT_5,EA,2,event_special
9324,GPT_o4,Neutral,2,event_special
9324,GPT_o4,Neutral-CoT,2,event_special
9324,GPT_o4,EI,1,event_special
9324,GPT_o4,EA,2,event_special
9324,QwenN,Neutral,1,event_special
9324,QwenN,Neutral-CoT,1,event_special
9324,QwenN,EI,1,event_special
9324,QwenN,EA,1,event_special
9324,QwenT,Neutral,2,event_special
9324,QwenT,Neutral-CoT,2,event_special
9324,QwenT,EI,2,event_special
9324,QwenT,EA,2,event_special
9325,GPT_5,Neutral,1,issue_crime_addiction
9325,GPT_5,Neutral-CoT,1,issue_crime_addiction
9325,GPT_5,EI,1,issue_crime_addiction
9325,GPT_5,EA,1,issue_crime_addiction
9325,GPT_o4,Neutral,1,issue_crime_addiction
9325,GPT_o4,Neutral-CoT,1,issue_crime_addiction
9325,GPT_o4,EI,1,issue_crime_addiction
9325,GPT_o4,EA,1,issue_crime_addiction
9325,QwenN,Neutral,1,issue_crime_addiction
9325,QwenN,Neutral-CoT,1,issue_crime_addiction
9325,QwenN,EI,2,issue_crime_addiction
9325,QwenN,EA,1,issue_crime_addiction
9325,QwenT,Neutral,1,issue_crime_addiction
9325,QwenT,Neutral-CoT,1,issue_crime_addiction
9325,QwenT,EI,1,issue_crime_addiction
9325,QwenT,EA,1,issue_crime_addiction
9349,GPT_5,Neutral,2,school
9349,GPT_5,Neutral-CoT,2,school
9349,GPT_5,EI,2,school
9349,GPT_5,EA,2,school
9349,GPT_o4,Neutral,2,school
9349,GPT_o4,Neutral-CoT,2,school
9349,GPT_o4,EI,2,school
9349,GPT_o4,EA,2,school
9349,QwenN,Neutral,2,school
9349,QwenN,Neutral-CoT,2,school
9349,QwenN,EI,2,school
9349,QwenN,EA,2,school
9349,QwenT,Neutral,2,school
9349,QwenT,Neutral-CoT,2,school
9349,QwenT,EI,2,school
9349,QwenT,EA,2,school
9357,GPT_5,Neutral,2,school
9357,GPT_5,Neutral-CoT,2,school
9357,GPT_5,EI,2,school
9357,GPT_5,EA,2,school
9357,GPT_o4,Neutral,2,school
9357,GPT_o4,Neutral-CoT,2,school
9357,GPT_o4,EI,2,school
9357,GPT_o4,EA,2,school
9357,QwenN,Neutral,2,school
9357,QwenN,Neutral-CoT,2,school
9357,QwenN,EI,2,school
9357,QwenN,EA,2,school
9357,QwenT,Neutral,2,school
9357,QwenT,Neutral-CoT,2,school
9357,QwenT,EI,2,school
9357,QwenT,EA,2,school
9417,GPT_5,Neutral,1,business_organization
9417,GPT_5,Neutral-CoT,1,business_organization
9417,GPT_5,EI,1,business_organization
9417,GPT_5,EA,1,business_organization
9417,GPT_o4,Neutral,1,business_organization
9417,GPT_o4,Neutral-CoT,1,business_organization
9417,GPT_o4,EI,1,business_organization
9417,GPT_o4,EA,1,business_organization
9417,QwenN,Neutral,1,business_organization
9417,QwenN,Neutral-CoT,1,business_organization
9417,QwenN,EI,1,business_organization
9417,QwenN,EA,1,business_organization
9417,QwenT,Neutral,1,business_organization
9417,QwenT,Neutral-CoT,1,business_organization
9417,QwenT,EI,1,business_organization
9417,QwenT,EA,1,business_organization
9459,GPT_5,Neutral,1,business_organization
9459,GPT_5,Neutral-CoT,1,business_organization
9459,GPT_5,EI,2,business_organization
9459,GPT_5,EA,1,business_organization
9459,GPT_o4,Neutral,2,business_organization
9459,GPT_o4,Neutral-CoT,2,business_organization
9459,GPT_o4,EI,2,business_organization
9459,GPT_o4,EA,2,business_organization
9459,QwenN,Neutral,1,business_organization
9459,QwenN,Neutral-CoT,1,business_organization
9459,QwenN,EI,1,business_organization
9459,QwenN,EA,1,business_organization
9459,QwenT,Neutral,1,business_organization
9459,QwenT,Neutral-CoT,1,business_organization
9459,QwenT,EI,2,business_organization
9459,QwenT,EA,1,business_organization
9465,GPT_5,Neutral,1,friend
9465,GPT_5,Neutral-CoT,1,friend
9465,GPT_5,EI,1,friend
9465,GPT_5,EA,1,friend
9465,GPT_o4,Neutral,1,friend
9465,GPT_o4,Neutral-CoT,1,friend
9465,GPT_o4,EI,1,friend
9465,GPT_o4,EA,1,friend
9465,QwenN,Neutral,1,friend
9465,QwenN,Neutral-CoT,1,friend
9465,QwenN,EI,1,friend
9465,QwenN,EA,1,friend
9465,QwenT,Neutral,1,friend
9465,QwenT,Neutral-CoT,1,friend
9465,QwenT,EI,1,friend
9465,QwenT,EA,1,friend
9469,GPT_5,Neutral,2,issue_personal_career
9469,GPT_5,Neutral-CoT,2,issue_personal_career
9469,GPT_5,EI,2,issue_personal_career
9469,GPT_5,EA,2,issue_personal_career
9469,GPT_o4,Neutral,2,issue_personal_career
9469,GPT_o4,Neutral-CoT,2,issue_personal_career
9469,GPT_o4,EI,2,issue_personal_career
9469,GPT_o4,EA,2,issue_personal_career
9469,QwenN,Neutral,2,issue_personal_career
9469,QwenN,Neutral-CoT,2,issue_personal_career
9469,QwenN,EI,2,issue_personal_career
9469,QwenN,EA,2,issue_personal_career
9469,QwenT,Neutral,2,issue_personal_career
9469,QwenT,Neutral-CoT,2,issue_personal_career
9469,QwenT,EI,2,issue_personal_career
9469,QwenT,EA,2,issue_personal_career
9473,GPT_5,Neutral,1,issue_young_people
9473,GPT_5,Neutral-CoT,1,issue_young_people
9473,GPT_5,EI,1,issue_young_people
9473,GPT_5,EA,1,issue_young_people
9473,GPT_o4,Neutral,2,issue_young_people
9473,GPT_o4,Neutral-CoT,2,issue_young_people
9473,GPT_o4,EI,2,issue_young_people
9473,GPT_o4,EA,2,issue_young_people
9473,QwenN,Neutral,2,issue_young_people
9473,QwenN,Neutral-CoT,2,issue_young_people
9473,QwenN,EI,2,issue_young_people
9473,QwenN,EA,2,issue_young_people
9473,QwenT,Neutral,2,issue_young_people
9473,QwenT,Neutral-CoT,2,issue_young_people
9473,QwenT,EI,2,issue_young_people
9473,QwenT,EA,2,issue_young_people
9485,GPT_5,Neutral,1,close_relationship
9485,GPT_5,Neutral-CoT,2,close_relationship
9485,GPT_5,EI,2,close_relationship
9485,GPT_5,EA,2,close_relationship
9485,GPT_o4,Neutral,1,close_relationship
9485,GPT_o4,Neutral-CoT,2,close_relationship
9485,GPT_o4,EI,2,close_relationship
9485,GPT_o4,EA,2,close_relationship
9485,QwenN,Neutral,2,close_relationship
9485,QwenN,Neutral-CoT,2,close_relationship
9485,QwenN,EI,2,close_relationship
9485,QwenN,EA,2,close_relationship
9485,QwenT,Neutral,2,close_relationship
9485,QwenT,Neutral-CoT,2,close_relationship
9485,QwenT,EI,2,close_relationship
9485,QwenT,EA,2,close_relationship
9544,GPT_5,Neutral,2,issue_self_image_social
9544,GPT_5,Neutral-CoT,2,issue_self_image_social
9544,GPT_5,EI,2,issue_self_image_social
9544,GPT_5,EA,2,issue_self_image_social
9544,GPT_o4,Neutral,1,issue_self_image_social
9544,GPT_o4,Neutral-CoT,1,issue_self_image_social
9544,GPT_o4,EI,1,issue_self_image_social
9544,GPT_o4,EA,1,issue_self_image_social
9544,QwenN,Neutral,1,issue_self_image_social
9544,QwenN,Neutral-CoT,1,issue_self_image_social
9544,QwenN,EI,1,issue_self_image_social
9544,QwenN,EA,1,issue_self_image_social
9544,QwenT,Neutral,1,issue_self_image_social
9544,QwenT,Neutral-CoT,2,issue_self_image_social
9544,QwenT,EI,2,issue_self_image_social
9544,QwenT,EA,2,issue_self_image_social
9595,GPT_5,Neutral,2,event_daily_life
9595,GPT_5,Neutral-CoT,2,event_daily_life
9595,GPT_5,EI,2,event_daily_life
9595,GPT_5,EA,2,event_daily_life
9595,GPT_o4,Neutral,1,event_daily_life
9595,GPT_o4,Neutral-CoT,2,event_daily_life
9595,GPT_o4,EI,2,event_daily_life
9595,GPT_o4,EA,2,event_daily_life
9595,QwenN,Neutral,2,event_daily_life
9595,QwenN,Neutral-CoT,2,event_daily_life
9595,QwenN,EI,2,event_daily_life
9595,QwenN,EA,2,event_daily_life
9595,QwenT,Neutral,2,event_daily_life
9595,QwenT,Neutral-CoT,1,event_daily_life
9595,QwenT,EI,2,event_daily_life
9595,QwenT,EA,2,event_daily_life
9632,GPT_5,Neutral,2,issue_personal_career
9632,GPT_5,Neutral-CoT,2,issue_personal_career
9632,GPT_5,EI,1,issue_personal_career
9632,GPT_5,EA,2,issue_personal_career
9632,GPT_o4,Neutral,2,issue_personal_career
9632,GPT_o4,Neutral-CoT,2,issue_personal_career
9632,GPT_o4,EI,2,issue_personal_career
9632,GPT_o4,EA,2,issue_personal_career
9632,QwenN,Neutral,1,issue_personal_career
9632,QwenN,Neutral-CoT,1,issue_personal_career
9632,QwenN,EI,1,issue_personal_career
9632,QwenN,EA,2,issue_personal_career
9632,QwenT,Neutral,2,issue_personal_career
9632,QwenT,Neutral-CoT,2,issue_personal_career
9632,QwenT,EI,2,issue_personal_career
9632,QwenT,EA,2,issue_personal_career
9635,GPT_5,Neutral,2,issue_young_people
9635,GPT_5,Neutral-CoT,2,issue_young_people
9635,GPT_5,EI,2,issue_young_people
9635,GPT_5,EA,2,issue_young_people
9635,GPT_o4,Neutral,2,issue_young_people
9635,GPT_o4,Neutral-CoT,2,issue_young_people
9635,GPT_o4,EI,2,issue_young_people
9635,GPT_o4,EA,2,issue_young_people
9635,QwenN,Neutral,2,issue_young_people
9635,QwenN,Neutral-CoT,2,issue_young_people
9635,QwenN,EI,2,issue_young_people
9635,QwenN,EA,2,issue_young_people
9635,QwenT,Neutral,2,issue_young_people
9635,QwenT,Neutral-CoT,2,issue_young_people
9635,QwenT,EI,2,issue_young_people
9635,QwenT,EA,2,issue_young_people
9677,GPT_5,Neutral,2,family
9677,GPT_5,Neutral-CoT,2,family
9677,GPT_5,EI,2,family
9677,GPT_5,EA,2,family
9677,GPT_o4,Neutral,2,family
9677,GPT_o4,Neutral-CoT,2,family
9677,GPT_o4,EI,2,family
9677,GPT_o4,EA,2,family
9677,QwenN,Neutral,2,family
9677,QwenN,Neutral-CoT,2,family
9677,QwenN,EI,2,family
9677,QwenN,EA,2,family
9677,QwenT,Neutral,2,family
9677,QwenT,Neutral-CoT,2,family
9677,QwenT,EI,2,family
9677,QwenT,EA,2,family
9715,GPT_5,Neutral,1,comitted_relationship
9715,GPT_5,Neutral-CoT,1,comitted_relationship
9715,GPT_5,EI,1,comitted_relationship
9715,GPT_5,EA,1,comitted_relationship
9715,GPT_o4,Neutral,1,comitted_relationship
9715,GPT_o4,Neutral-CoT,1,comitted_relationship
9715,GPT_o4,EI,1,comitted_relationship
9715,GPT_o4,EA,1,comitted_relationship
9715,QwenN,Neutral,1,comitted_relationship
9715,QwenN,Neutral-CoT,1,comitted_relationship
9715,QwenN,EI,1,comitted_relationship
9715,QwenN,EA,1,comitted_relationship
9715,QwenT,Neutral,1,comitted_relationship
9715,QwenT,Neutral-CoT,1,comitted_relationship
9715,QwenT,EI,1,comitted_relationship
9715,QwenT,EA,1,comitted_relationship
9724,GPT_5,Neutral,2,school
9724,GPT_5,Neutral-CoT,2,school
9724,GPT_5,EI,2,school
9724,GPT_5,EA,2,school
9724,GPT_o4,Neutral,2,school
9724,GPT_o4,Neutral-CoT,2,school
9724,GPT_o4,EI,2,school
9724,GPT_o4,EA,2,school
9724,QwenN,Neutral,1,school
9724,QwenN,Neutral-CoT,2,school
9724,QwenN,EI,2,school
9724,QwenN,EA,2,school
9724,QwenT,Neutral,1,school
9724,QwenT,Neutral-CoT,2,school
9724,QwenT,EI,1,school
9724,QwenT,EA,2,school
9774,GPT_5,Neutral,2,event_daily_life
9774,GPT_5,Neutral-CoT,2,event_daily_life
9774,GPT_5,EI,2,event_daily_life
9774,GPT_5,EA,2,event_daily_life
9774,GPT_o4,Neutral,2,event_daily_life
9774,GPT_o4,Neutral-CoT,2,event_daily_life
9774,GPT_o4,EI,2,event_daily_life
9774,GPT_o4,EA,2,event_daily_life
9774,QwenN,Neutral,2,event_daily_life
9774,QwenN,Neutral-CoT,2,event_daily_life
9774,QwenN,EI,2,event_daily_life
9774,QwenN,EA,2,event_daily_life
9774,QwenT,Neutral,2,event_daily_life
9774,QwenT,Neutral-CoT,2,event_daily_life
9774,QwenT,EI,2,event_daily_life
9774,QwenT,EA,2,event_daily_life
9796,GPT_5,Neutral,1,family
9796,GPT_5,Neutral-CoT,1,family
9796,GPT_5,EI,1,family
9796,GPT_5,EA,1,family
9796,GPT_o4,Neutral,2,family
9796,GPT_o4,Neutral-CoT,1,family
9796,GPT_o4,EI,1,family
9796,GPT_o4,EA,1,family
9796,QwenN,Neutral,1,family
9796,QwenN,Neutral-CoT,1,family
9796,QwenN,EI,1,family
9796,QwenN,EA,1,family
9796,QwenT,Neutral,1,family
9796,QwenT,Neutral-CoT,1,family
9796,QwenT,EI,2,family
9796,QwenT,EA,1,family
9892,GPT_5,Neutral,2,event_daily_life
9892,GPT_5,Neutral-CoT,2,event_daily_life
9892,GPT_5,EI,2,event_daily_life
9892,GPT_5,EA,2,event_daily_life
9892,GPT_o4,Neutral,2,event_daily_life
9892,GPT_o4,Neutral-CoT,2,event_daily_life
9892,GPT_o4,EI,2,event_daily_life
9892,GPT_o4,EA,2,event_daily_life
9892,QwenN,Neutral,2,event_daily_life
9892,QwenN,Neutral-CoT,2,event_daily_life
9892,QwenN,EI,2,event_daily_life
9892,QwenN,EA,2,event_daily_life
9892,QwenT,Neutral,2,event_daily_life
9892,QwenT,Neutral-CoT,2,event_daily_life
9892,QwenT,EI,2,event_daily_life
9892,QwenT,EA,2,event_daily_life
9899,GPT_5,Neutral,1,religion_custom
9899,GPT_5,Neutral-CoT,1,religion_custom
9899,GPT_5,EI,1,religion_custom
9899,GPT_5,EA,1,religion_custom
9899,GPT_o4,Neutral,1,religion_custom
9899,GPT_o4,Neutral-CoT,1,religion_custom
9899,GPT_o4,EI,1,religion_custom
9899,GPT_o4,EA,1,religion_custom
9899,QwenN,Neutral,1,religion_custom
9899,QwenN,Neutral-CoT,1,religion_custom
9899,QwenN,EI,1,religion_custom
9899,QwenN,EA,1,religion_custom
9899,QwenT,Neutral,1,religion_custom
9899,QwenT,Neutral-CoT,1,religion_custom
9899,QwenT,EI,2,religion_custom
9899,QwenT,EA,2,religion_custom
9907,GPT_5,Neutral,2,school
9907,GPT_5,Neutral-CoT,2,school
9907,GPT_5,EI,2,school
9907,GPT_5,EA,2,school
9907,GPT_o4,Neutral,2,school
9907,GPT_o4,Neutral-CoT,2,school
9907,GPT_o4,EI,2,school
9907,GPT_o4,EA,2,school
9907,QwenN,Neutral,2,school
9907,QwenN,Neutral-CoT,2,school
9907,QwenN,EI,2,school
9907,QwenN,EA,2,school
9907,QwenT,Neutral,2,school
9907,QwenT,Neutral-CoT,2,school
9907,QwenT,EI,2,school
9907,QwenT,EA,2,school
9934,GPT_5,Neutral,1,comitted_relationship
9934,GPT_5,Neutral-CoT,1,comitted_relationship
9934,GPT_5,EI,1,comitted_relationship
9934,GPT_5,EA,1,comitted_relationship
9934,GPT_o4,Neutral,1,comitted_relationship
9934,GPT_o4,Neutral-CoT,1,comitted_relationship
9934,GPT_o4,EI,1,comitted_relationship
9934,GPT_o4,EA,1,comitted_relationship
9934,QwenN,Neutral,1,comitted_relationship
9934,QwenN,Neutral-CoT,1,comitted_relationship
9934,QwenN,EI,1,comitted_relationship
9934,QwenN,EA,1,comitted_relationship
9934,QwenT,Neutral,1,comitted_relationship
9934,QwenT,Neutral-CoT,1,comitted_relationship
9934,QwenT,EI,1,comitted_relationship
9934,QwenT,EA,1,comitted_relationship
9955,GPT_5,Neutral,2,issue_personal_career
9955,GPT_5,Neutral-CoT,2,issue_personal_career
9955,GPT_5,EI,2,issue_personal_career
9955,GPT_5,EA,2,issue_personal_career
9955,GPT_o4,Neutral,2,issue_personal_career
9955,GPT_o4,Neutral-CoT,2,issue_personal_career
9955,GPT_o4,EI,2,issue_personal_career
9955,GPT_o4,EA,2,issue_personal_career
9955,QwenN,Neutral,2,issue_personal_career
9955,QwenN,Neutral-CoT,2,issue_personal_career
9955,QwenN,EI,2,issue_personal_career
9955,QwenN,EA,2,issue_personal_career
9955,QwenT,Neutral,2,issue_personal_career
9955,QwenT,Neutral-CoT,2,issue_personal_career
9955,QwenT,EI,2,issue_personal_career
9955,QwenT,EA,2,issue_personal_career
9987,GPT_5,Neutral,1,issue_young_people
9987,GPT_5,Neutral-CoT,1,issue_young_people
9987,GPT_5,EI,1,issue_young_people
9987,GPT_5,EA,1,issue_young_people
9987,GPT_o4,Neutral,1,issue_young_people
9987,GPT_o4,Neutral-CoT,1,issue_young_people
9987,GPT_o4,EI,1,issue_young_people
9987,GPT_o4,EA,1,issue_young_people
9987,QwenN,Neutral,1,issue_young_people
9987,QwenN,Neutral-CoT,1,issue_young_people
9987,QwenN,EI,1,issue_young_people
9987,QwenN,EA,1,issue_young_people
9987,QwenT,Neutral,1,issue_young_people
9987,QwenT,Neutral-CoT,1,issue_young_people
9987,QwenT,EI,1,issue_young_people
9987,QwenT,EA,1,issue_young_people
10022,GPT_5,Neutral,1,business_organization
10022,GPT_5,Neutral-CoT,1,business_organization
10022,GPT_5,EI,1,business_organization
10022,GPT_5,EA,1,business_organization
10022,GPT_o4,Neutral,1,business_organization
10022,GPT_o4,Neutral-CoT,1,business_organization
10022,GPT_o4,EI,1,business_organization
10022,GPT_o4,EA,1,business_organization
10022,QwenN,Neutral,1,business_organization
10022,QwenN,Neutral-CoT,1,business_organization
10022,QwenN,EI,1,business_organization
10022,QwenN,EA,1,business_organization
10022,QwenT,Neutral,1,business_organization
10022,QwenT,Neutral-CoT,1,business_organization
10022,QwenT,EI,1,business_organization
10022,QwenT,EA,1,business_organization
10156,GPT_5,Neutral,1,role_duty_responsibility
10156,GPT_5,Neutral-CoT,1,role_duty_responsibility
10156,GPT_5,EI,1,role_duty_responsibility
10156,GPT_5,EA,1,role_duty_responsibility
10156,GPT_o4,Neutral,1,role_duty_responsibility
10156,GPT_o4,Neutral-CoT,1,role_duty_responsibility
10156,GPT_o4,EI,1,role_duty_responsibility
10156,GPT_o4,EA,1,role_duty_responsibility
10156,QwenN,Neutral,1,role_duty_responsibility
10156,QwenN,Neutral-CoT,1,role_duty_responsibility
10156,QwenN,EI,1,role_duty_responsibility
10156,QwenN,EA,1,role_duty_responsibility
10156,QwenT,Neutral,1,role_duty_responsibility
10156,QwenT,Neutral-CoT,1,role_duty_responsibility
10156,QwenT,EI,1,role_duty_responsibility
10156,QwenT,EA,1,role_duty_responsibility
10163,GPT_5,Neutral,1,friend
10163,GPT_5,Neutral-CoT,1,friend
10163,GPT_5,EI,1,friend
10163,GPT_5,EA,1,friend
10163,GPT_o4,Neutral,1,friend
10163,GPT_o4,Neutral-CoT,1,friend
10163,GPT_o4,EI,1,friend
10163,GPT_o4,EA,1,friend
10163,QwenN,Neutral,1,friend
10163,QwenN,Neutral-CoT,1,friend
10163,QwenN,EI,1,friend
10163,QwenN,EA,1,friend
10163,QwenT,Neutral,1,friend
10163,QwenT,Neutral-CoT,1,friend
10163,QwenT,EI,1,friend
10163,QwenT,EA,1,friend
10174,GPT_5,Neutral,1,workplace
10174,GPT_5,Neutral-CoT,1,workplace
10174,GPT_5,EI,1,workplace
10174,GPT_5,EA,1,workplace
10174,GPT_o4,Neutral,1,workplace
10174,GPT_o4,Neutral-CoT,1,workplace
10174,GPT_o4,EI,1,workplace
10174,GPT_o4,EA,1,workplace
10174,QwenN,Neutral,1,workplace
10174,QwenN,Neutral-CoT,1,workplace
10174,QwenN,EI,1,workplace
10174,QwenN,EA,1,workplace
10174,QwenT,Neutral,1,workplace
10174,QwenT,Neutral-CoT,1,workplace
10174,QwenT,EI,1,workplace
10174,QwenT,EA,1,workplace
10187,GPT_5,Neutral,2,religion_custom
10187,GPT_5,Neutral-CoT,2,religion_custom
10187,GPT_5,EI,2,religion_custom
10187,GPT_5,EA,2,religion_custom
10187,GPT_o4,Neutral,2,religion_custom
10187,GPT_o4,Neutral-CoT,2,religion_custom
10187,GPT_o4,EI,2,religion_custom
10187,GPT_o4,EA,2,religion_custom
10187,QwenN,Neutral,1,religion_custom
10187,QwenN,Neutral-CoT,1,religion_custom
10187,QwenN,EI,2,religion_custom
10187,QwenN,EA,2,religion_custom
10187,QwenT,Neutral,2,religion_custom
10187,QwenT,Neutral-CoT,2,religion_custom
10187,QwenT,EI,2,religion_custom
10187,QwenT,EA,2,religion_custom
10189,GPT_5,Neutral,2,issue_pregnancy
10189,GPT_5,Neutral-CoT,2,issue_pregnancy
10189,GPT_5,EI,2,issue_pregnancy
10189,GPT_5,EA,2,issue_pregnancy
10189,GPT_o4,Neutral,2,issue_pregnancy
10189,GPT_o4,Neutral-CoT,2,issue_pregnancy
10189,GPT_o4,EI,2,issue_pregnancy
10189,GPT_o4,EA,2,issue_pregnancy
10189,QwenN,Neutral,2,issue_pregnancy
10189,QwenN,Neutral-CoT,2,issue_pregnancy
10189,QwenN,EI,2,issue_pregnancy
10189,QwenN,EA,2,issue_pregnancy
10189,QwenT,Neutral,2,issue_pregnancy
10189,QwenT,Neutral-CoT,2,issue_pregnancy
10189,QwenT,EI,2,issue_pregnancy
10189,QwenT,EA,2,issue_pregnancy
10210,GPT_5,Neutral,1,family
10210,GPT_5,Neutral-CoT,1,family
10210,GPT_5,EI,1,family
10210,GPT_5,EA,1,family
10210,GPT_o4,Neutral,1,family
10210,GPT_o4,Neutral-CoT,1,family
10210,GPT_o4,EI,1,family
10210,GPT_o4,EA,1,family
10210,QwenN,Neutral,1,family
10210,QwenN,Neutral-CoT,1,family
10210,QwenN,EI,1,family
10210,QwenN,EA,1,family
10210,QwenT,Neutral,1,family
10210,QwenT,Neutral-CoT,1,family
10210,QwenT,EI,1,family
10210,QwenT,EA,1,family
10301,GPT_5,Neutral,2,school
10301,GPT_5,Neutral-CoT,2,school
10301,GPT_5,EI,2,school
10301,GPT_5,EA,2,school
10301,GPT_o4,Neutral,1,school
10301,GPT_o4,Neutral-CoT,1,school
10301,GPT_o4,EI,1,school
10301,GPT_o4,EA,1,school
10301,QwenN,Neutral,1,school
10301,QwenN,Neutral-CoT,1,school
10301,QwenN,EI,1,school
10301,QwenN,EA,1,school
10301,QwenT,Neutral,2,school
10301,QwenT,Neutral-CoT,2,school
10301,QwenT,EI,2,school
10301,QwenT,EA,2,school
10328,GPT_5,Neutral,2,close_relationship
10328,GPT_5,Neutral-CoT,1,close_relationship
10328,GPT_5,EI,1,close_relationship
10328,GPT_5,EA,1,close_relationship
10328,GPT_o4,Neutral,1,close_relationship
10328,GPT_o4,Neutral-CoT,2,close_relationship
10328,GPT_o4,EI,1,close_relationship
10328,GPT_o4,EA,1,close_relationship
10328,QwenN,Neutral,2,close_relationship
10328,QwenN,Neutral-CoT,2,close_relationship
10328,QwenN,EI,1,close_relationship
10328,QwenN,EA,2,close_relationship
10328,QwenT,Neutral,1,close_relationship
10328,QwenT,Neutral-CoT,1,close_relationship
10328,QwenT,EI,1,close_relationship
10328,QwenT,EA,1,close_relationship
10330,GPT_5,Neutral,2,event_daily_life
10330,GPT_5,Neutral-CoT,2,event_daily_life
10330,GPT_5,EI,2,event_daily_life
10330,GPT_5,EA,2,event_daily_life
10330,GPT_o4,Neutral,2,event_daily_life
10330,GPT_o4,Neutral-CoT,2,event_daily_life
10330,GPT_o4,EI,2,event_daily_life
10330,GPT_o4,EA,2,event_daily_life
10330,QwenN,Neutral,2,event_daily_life
10330,QwenN,Neutral-CoT,2,event_daily_life
10330,QwenN,EI,2,event_daily_life
10330,QwenN,EA,2,event_daily_life
10330,QwenT,Neutral,2,event_daily_life
10330,QwenT,Neutral-CoT,2,event_daily_life
10330,QwenT,EI,1,event_daily_life
10330,QwenT,EA,1,event_daily_life
10361,GPT_5,Neutral,1,issue_pregnancy
10361,GPT_5,Neutral-CoT,1,issue_pregnancy
10361,GPT_5,EI,1,issue_pregnancy
10361,GPT_5,EA,1,issue_pregnancy
10361,GPT_o4,Neutral,1,issue_pregnancy
10361,GPT_o4,Neutral-CoT,1,issue_pregnancy
10361,GPT_o4,EI,1,issue_pregnancy
10361,GPT_o4,EA,1,issue_pregnancy
10361,QwenN,Neutral,1,issue_pregnancy
10361,QwenN,Neutral-CoT,1,issue_pregnancy
10361,QwenN,EI,1,issue_pregnancy
10361,QwenN,EA,1,issue_pregnancy
10361,QwenT,Neutral,1,issue_pregnancy
10361,QwenT,Neutral-CoT,1,issue_pregnancy
10361,QwenT,EI,1,issue_pregnancy
10361,QwenT,EA,2,issue_pregnancy
10375,GPT_5,Neutral,1,friend
10375,GPT_5,Neutral-CoT,1,friend
10375,GPT_5,EI,1,friend
10375,GPT_5,EA,1,friend
10375,GPT_o4,Neutral,1,friend
10375,GPT_o4,Neutral-CoT,1,friend
10375,GPT_o4,EI,1,friend
10375,GPT_o4,EA,1,friend
10375,QwenN,Neutral,1,friend
10375,QwenN,Neutral-CoT,1,friend
10375,QwenN,EI,1,friend
10375,QwenN,EA,1,friend
10375,QwenT,Neutral,1,friend
10375,QwenT,Neutral-CoT,1,friend
10375,QwenT,EI,1,friend
10375,QwenT,EA,1,friend
10400,GPT_5,Neutral,2,religion_custom
10400,GPT_5,Neutral-CoT,2,religion_custom
10400,GPT_5,EI,1,religion_custom
10400,GPT_5,EA,2,religion_custom
10400,GPT_o4,Neutral,1,religion_custom
10400,GPT_o4,Neutral-CoT,1,religion_custom
10400,GPT_o4,EI,1,religion_custom
10400,GPT_o4,EA,2,religion_custom
10400,QwenN,Neutral,1,religion_custom
10400,QwenN,Neutral-CoT,1,religion_custom
10400,QwenN,EI,1,religion_custom
10400,QwenN,EA,1,religion_custom
10400,QwenT,Neutral,1,religion_custom
10400,QwenT,Neutral-CoT,1,religion_custom
10400,QwenT,EI,1,religion_custom
10400,QwenT,EA,1,religion_custom
10423,GPT_5,Neutral,2,religion_custom
10423,GPT_5,Neutral-CoT,2,religion_custom
10423,GPT_5,EI,2,religion_custom
10423,GPT_5,EA,2,religion_custom
10423,GPT_o4,Neutral,2,religion_custom
10423,GPT_o4,Neutral-CoT,2,religion_custom
10423,GPT_o4,EI,2,religion_custom
10423,GPT_o4,EA,2,religion_custom
10423,QwenN,Neutral,2,religion_custom
10423,QwenN,Neutral-CoT,2,religion_custom
10423,QwenN,EI,2,religion_custom
10423,QwenN,EA,2,religion_custom
10423,QwenT,Neutral,2,religion_custom
10423,QwenT,Neutral-CoT,2,religion_custom
10423,QwenT,EI,2,religion_custom
10423,QwenT,EA,2,religion_custom
10434,GPT_5,Neutral,1,event_special
10434,GPT_5,Neutral-CoT,1,event_special
10434,GPT_5,EI,1,event_special
10434,GPT_5,EA,1,event_special
10434,GPT_o4,Neutral,1,event_special
10434,GPT_o4,Neutral-CoT,1,event_special
10434,GPT_o4,EI,1,event_special
10434,GPT_o4,EA,1,event_special
10434,QwenN,Neutral,1,event_special
10434,QwenN,Neutral-CoT,1,event_special
10434,QwenN,EI,1,event_special
10434,QwenN,EA,1,event_special
10434,QwenT,Neutral,1,event_special
10434,QwenT,Neutral-CoT,1,event_special
10434,QwenT,EI,1,event_special
10434,QwenT,EA,1,event_special
10450,GPT_5,Neutral,2,issue_pregnancy
10450,GPT_5,Neutral-CoT,2,issue_pregnancy
10450,GPT_5,EI,2,issue_pregnancy
10450,GPT_5,EA,2,issue_pregnancy
10450,GPT_o4,Neutral,2,issue_pregnancy
10450,GPT_o4,Neutral-CoT,2,issue_pregnancy
10450,GPT_o4,EI,1,issue_pregnancy
10450,GPT_o4,EA,2,issue_pregnancy
10450,QwenN,Neutral,2,issue_pregnancy
10450,QwenN,Neutral-CoT,2,issue_pregnancy
10450,QwenN,EI,2,issue_pregnancy
10450,QwenN,EA,2,issue_pregnancy
10450,QwenT,Neutral,2,issue_pregnancy
10450,QwenT,Neutral-CoT,2,issue_pregnancy
10450,QwenT,EI,1,issue_pregnancy
10450,QwenT,EA,2,issue_pregnancy
10566,GPT_5,Neutral,2,issue_young_people
10566,GPT_5,Neutral-CoT,2,issue_young_people
10566,GPT_5,EI,2,issue_young_people
10566,GPT_5,EA,2,issue_young_people
10566,GPT_o4,Neutral,2,issue_young_people
10566,GPT_o4,Neutral-CoT,2,issue_young_people
10566,GPT_o4,EI,2,issue_young_people
10566,GPT_o4,EA,2,issue_young_people
10566,QwenN,Neutral,2,issue_young_people
10566,QwenN,Neutral-CoT,2,issue_young_people
10566,QwenN,EI,2,issue_young_people
10566,QwenN,EA,2,issue_young_people
10566,QwenT,Neutral,2,issue_young_people
10566,QwenT,Neutral-CoT,2,issue_young_people
10566,QwenT,EI,2,issue_young_people
10566,QwenT,EA,2,issue_young_people
10600,GPT_5,Neutral,1,workplace
10600,GPT_5,Neutral-CoT,1,workplace
10600,GPT_5,EI,1,workplace
10600,GPT_5,EA,1,workplace
10600,GPT_o4,Neutral,1,workplace
10600,GPT_o4,Neutral-CoT,1,workplace
10600,GPT_o4,EI,1,workplace
10600,GPT_o4,EA,1,workplace
10600,QwenN,Neutral,2,workplace
10600,QwenN,Neutral-CoT,2,workplace
10600,QwenN,EI,1,workplace
10600,QwenN,EA,2,workplace
10600,QwenT,Neutral,1,workplace
10600,QwenT,Neutral-CoT,1,workplace
10600,QwenT,EI,1,workplace
10600,QwenT,EA,1,workplace
10610,GPT_5,Neutral,2,issue_wildlife_human_environment
10610,GPT_5,Neutral-CoT,2,issue_wildlife_human_environment
10610,GPT_5,EI,2,issue_wildlife_human_environment
10610,GPT_5,EA,2,issue_wildlife_human_environment
10610,GPT_o4,Neutral,2,issue_wildlife_human_environment
10610,GPT_o4,Neutral-CoT,2,issue_wildlife_human_environment
10610,GPT_o4,EI,2,issue_wildlife_human_environment
10610,GPT_o4,EA,2,issue_wildlife_human_environment
10610,QwenN,Neutral,2,issue_wildlife_human_environment
10610,QwenN,Neutral-CoT,2,issue_wildlife_human_environment
10610,QwenN,EI,2,issue_wildlife_human_environment
10610,QwenN,EA,2,issue_wildlife_human_environment
10610,QwenT,Neutral,2,issue_wildlife_human_environment
10610,QwenT,Neutral-CoT,2,issue_wildlife_human_environment
10610,QwenT,EI,2,issue_wildlife_human_environment
10610,QwenT,EA,2,issue_wildlife_human_environment
10621,GPT_5,Neutral,1,issue_crime_addiction
10621,GPT_5,Neutral-CoT,1,issue_crime_addiction
10621,GPT_5,EI,1,issue_crime_addiction
10621,GPT_5,EA,1,issue_crime_addiction
10621,GPT_o4,Neutral,2,issue_crime_addiction
10621,GPT_o4,Neutral-CoT,1,issue_crime_addiction
10621,GPT_o4,EI,2,issue_crime_addiction
10621,GPT_o4,EA,2,issue_crime_addiction
10621,QwenN,Neutral,2,issue_crime_addiction
10621,QwenN,Neutral-CoT,1,issue_crime_addiction
10621,QwenN,EI,1,issue_crime_addiction
10621,QwenN,EA,2,issue_crime_addiction
10621,QwenT,Neutral,1,issue_crime_addiction
10621,QwenT,Neutral-CoT,1,issue_crime_addiction
10621,QwenT,EI,1,issue_crime_addiction
10621,QwenT,EA,1,issue_crime_addiction
10626,GPT_5,Neutral,2,issue_personal_career
10626,GPT_5,Neutral-CoT,1,issue_personal_career
10626,GPT_5,EI,2,issue_personal_career
10626,GPT_5,EA,2,issue_personal_career
10626,GPT_o4,Neutral,2,issue_personal_career
10626,GPT_o4,Neutral-CoT,2,issue_personal_career
10626,GPT_o4,EI,2,issue_personal_career
10626,GPT_o4,EA,2,issue_personal_career
10626,QwenN,Neutral,2,issue_personal_career
10626,QwenN,Neutral-CoT,1,issue_personal_career
10626,QwenN,EI,2,issue_personal_career
10626,QwenN,EA,2,issue_personal_career
10626,QwenT,Neutral,2,issue_personal_career
10626,QwenT,Neutral-CoT,1,issue_personal_career
10626,QwenT,EI,1,issue_personal_career
10626,QwenT,EA,1,issue_personal_career
10634,GPT_5,Neutral,2,family
10634,GPT_5,Neutral-CoT,2,family
10634,GPT_5,EI,2,family
10634,GPT_5,EA,2,family
10634,GPT_o4,Neutral,2,family
10634,GPT_o4,Neutral-CoT,2,family
10634,GPT_o4,EI,2,family
10634,GPT_o4,EA,2,family
10634,QwenN,Neutral,2,family
10634,QwenN,Neutral-CoT,2,family
10634,QwenN,EI,2,family
10634,QwenN,EA,2,family
10634,QwenT,Neutral,2,family
10634,QwenT,Neutral-CoT,2,family
10634,QwenT,EI,2,family
10634,QwenT,EA,2,family
10713,GPT_5,Neutral,1,family
10713,GPT_5,Neutral-CoT,1,family
10713,GPT_5,EI,2,family
10713,GPT_5,EA,1,family
10713,GPT_o4,Neutral,1,family
10713,GPT_o4,Neutral-CoT,1,family
10713,GPT_o4,EI,1,family
10713,GPT_o4,EA,1,family
10713,QwenN,Neutral,1,family
10713,QwenN,Neutral-CoT,2,family
10713,QwenN,EI,2,family
10713,QwenN,EA,2,family
10713,QwenT,Neutral,1,family
10713,QwenT,Neutral-CoT,1,family
10713,QwenT,EI,2,family
10713,QwenT,EA,1,family
10771,GPT_5,Neutral,2,event_daily_life
10771,GPT_5,Neutral-CoT,2,event_daily_life
10771,GPT_5,EI,2,event_daily_life
10771,GPT_5,EA,2,event_daily_life
10771,GPT_o4,Neutral,2,event_daily_life
10771,GPT_o4,Neutral-CoT,2,event_daily_life
10771,GPT_o4,EI,2,event_daily_life
10771,GPT_o4,EA,2,event_daily_life
10771,QwenN,Neutral,2,event_daily_life
10771,QwenN,Neutral-CoT,2,event_daily_life
10771,QwenN,EI,2,event_daily_life
10771,QwenN,EA,2,event_daily_life
10771,QwenT,Neutral,2,event_daily_life
10771,QwenT,Neutral-CoT,2,event_daily_life
10771,QwenT,EI,2,event_daily_life
10771,QwenT,EA,2,event_daily_life
10803,GPT_5,Neutral,2,issue_self_image_social
10803,GPT_5,Neutral-CoT,2,issue_self_image_social
10803,GPT_5,EI,1,issue_self_image_social
10803,GPT_5,EA,2,issue_self_image_social
10803,GPT_o4,Neutral,2,issue_self_image_social
10803,GPT_o4,Neutral-CoT,1,issue_self_image_social
10803,GPT_o4,EI,1,issue_self_image_social
10803,GPT_o4,EA,2,issue_self_image_social
10803,QwenN,Neutral,1,issue_self_image_social
10803,QwenN,Neutral-CoT,2,issue_self_image_social
10803,QwenN,EI,1,issue_self_image_social
10803,QwenN,EA,1,issue_self_image_social
10803,QwenT,Neutral,2,issue_self_image_social
10803,QwenT,Neutral-CoT,2,issue_self_image_social
10803,QwenT,EI,1,issue_self_image_social
10803,QwenT,EA,2,issue_self_image_social
10910,GPT_5,Neutral,2,issue_self_image_social
10910,GPT_5,Neutral-CoT,2,issue_self_image_social
10910,GPT_5,EI,2,issue_self_image_social
10910,GPT_5,EA,2,issue_self_image_social
10910,GPT_o4,Neutral,2,issue_self_image_social
10910,GPT_o4,Neutral-CoT,2,issue_self_image_social
10910,GPT_o4,EI,1,issue_self_image_social
10910,GPT_o4,EA,2,issue_self_image_social
10910,QwenN,Neutral,2,issue_self_image_social
10910,QwenN,Neutral-CoT,2,issue_self_image_social
10910,QwenN,EI,2,issue_self_image_social
10910,QwenN,EA,2,issue_self_image_social
10910,QwenT,Neutral,2,issue_self_image_social
10910,QwenT,Neutral-CoT,2,issue_self_image_social
10910,QwenT,EI,2,issue_self_image_social
10910,QwenT,EA,2,issue_self_image_social
10954,GPT_5,Neutral,2,school
10954,GPT_5,Neutral-CoT,2,school
10954,GPT_5,EI,2,school
10954,GPT_5,EA,2,school
10954,GPT_o4,Neutral,2,school
10954,GPT_o4,Neutral-CoT,2,school
10954,GPT_o4,EI,2,school
10954,GPT_o4,EA,2,school
10954,QwenN,Neutral,2,school
10954,QwenN,Neutral-CoT,2,school
10954,QwenN,EI,2,school
10954,QwenN,EA,2,school
10954,QwenT,Neutral,2,school
10954,QwenT,Neutral-CoT,2,school
10954,QwenT,EI,2,school
10954,QwenT,EA,2,school
10978,GPT_5,Neutral,1,friend
10978,GPT_5,Neutral-CoT,1,friend
10978,GPT_5,EI,1,friend
10978,GPT_5,EA,1,friend
10978,GPT_o4,Neutral,1,friend
10978,GPT_o4,Neutral-CoT,1,friend
10978,GPT_o4,EI,1,friend
10978,GPT_o4,EA,1,friend
10978,QwenN,Neutral,1,friend
10978,QwenN,Neutral-CoT,1,friend
10978,QwenN,EI,1,friend
10978,QwenN,EA,1,friend
10978,QwenT,Neutral,1,friend
10978,QwenT,Neutral-CoT,1,friend
10978,QwenT,EI,1,friend
10978,QwenT,EA,1,friend
11024,GPT_5,Neutral,2,family
11024,GPT_5,Neutral-CoT,2,family
11024,GPT_5,EI,1,family
11024,GPT_5,EA,2,family
11024,GPT_o4,Neutral,1,family
11024,GPT_o4,Neutral-CoT,2,family
11024,GPT_o4,EI,1,family
11024,GPT_o4,EA,2,family
11024,QwenN,Neutral,1,family
11024,QwenN,Neutral-CoT,1,family
11024,QwenN,EI,2,family
11024,QwenN,EA,2,family
11024,QwenT,Neutral,2,family
11024,QwenT,Neutral-CoT,2,family
11024,QwenT,EI,2,family
11024,QwenT,EA,2,family
11101,GPT_5,Neutral,1,issue_pregnancy
11101,GPT_5,Neutral-CoT,1,issue_pregnancy
11101,GPT_5,EI,1,issue_pregnancy
11101,GPT_5,EA,1,issue_pregnancy
11101,GPT_o4,Neutral,1,issue_pregnancy
11101,GPT_o4,Neutral-CoT,1,issue_pregnancy
11101,GPT_o4,EI,1,issue_pregnancy
11101,GPT_o4,EA,1,issue_pregnancy
11101,QwenN,Neutral,1,issue_pregnancy
11101,QwenN,Neutral-CoT,1,issue_pregnancy
11101,QwenN,EI,1,issue_pregnancy
11101,QwenN,EA,1,issue_pregnancy
11101,QwenT,Neutral,1,issue_pregnancy
11101,QwenT,Neutral-CoT,1,issue_pregnancy
11101,QwenT,EI,1,issue_pregnancy
11101,QwenT,EA,1,issue_pregnancy
11102,GPT_5,Neutral,1,family
11102,GPT_5,Neutral-CoT,1,family
11102,GPT_5,EI,1,family
11102,GPT_5,EA,1,family
11102,GPT_o4,Neutral,1,family
11102,GPT_o4,Neutral-CoT,1,family
11102,GPT_o4,EI,1,family
11102,GPT_o4,EA,1,family
11102,QwenN,Neutral,1,family
11102,QwenN,Neutral-CoT,1,family
11102,QwenN,EI,1,family
11102,QwenN,EA,1,family
11102,QwenT,Neutral,1,family
11102,QwenT,Neutral-CoT,1,family
11102,QwenT,EI,1,family
11102,QwenT,EA,1,family
11112,GPT_5,Neutral,2,issue_self_image_social
11112,GPT_5,Neutral-CoT,2,issue_self_image_social
11112,GPT_5,EI,1,issue_self_image_social
11112,GPT_5,EA,2,issue_self_image_social
11112,GPT_o4,Neutral,1,issue_self_image_social
11112,GPT_o4,Neutral-CoT,1,issue_self_image_social
11112,GPT_o4,EI,1,issue_self_image_social
11112,GPT_o4,EA,1,issue_self_image_social
11112,QwenN,Neutral,2,issue_self_image_social
11112,QwenN,Neutral-CoT,2,issue_self_image_social
11112,QwenN,EI,2,issue_self_image_social
11112,QwenN,EA,2,issue_self_image_social
11112,QwenT,Neutral,1,issue_self_image_social
11112,QwenT,Neutral-CoT,1,issue_self_image_social
11112,QwenT,EI,1,issue_self_image_social
11112,QwenT,EA,1,issue_self_image_social
11120,GPT_5,Neutral,2,event_daily_life
11120,GPT_5,Neutral-CoT,2,event_daily_life
11120,GPT_5,EI,2,event_daily_life
11120,GPT_5,EA,2,event_daily_life
11120,GPT_o4,Neutral,2,event_daily_life
11120,GPT_o4,Neutral-CoT,2,event_daily_life
11120,GPT_o4,EI,2,event_daily_life
11120,GPT_o4,EA,2,event_daily_life
11120,QwenN,Neutral,2,event_daily_life
11120,QwenN,Neutral-CoT,2,event_daily_life
11120,QwenN,EI,2,event_daily_life
11120,QwenN,EA,2,event_daily_life
11120,QwenT,Neutral,2,event_daily_life
11120,QwenT,Neutral-CoT,2,event_daily_life
11120,QwenT,EI,1,event_daily_life
11120,QwenT,EA,2,event_daily_life
11132,GPT_5,Neutral,1,issue_pregnancy
11132,GPT_5,Neutral-CoT,1,issue_pregnancy
11132,GPT_5,EI,1,issue_pregnancy
11132,GPT_5,EA,1,issue_pregnancy
11132,GPT_o4,Neutral,1,issue_pregnancy
11132,GPT_o4,Neutral-CoT,1,issue_pregnancy
11132,GPT_o4,EI,1,issue_pregnancy
11132,GPT_o4,EA,1,issue_pregnancy
11132,QwenN,Neutral,1,issue_pregnancy
11132,QwenN,Neutral-CoT,1,issue_pregnancy
11132,QwenN,EI,1,issue_pregnancy
11132,QwenN,EA,1,issue_pregnancy
11132,QwenT,Neutral,1,issue_pregnancy
11132,QwenT,Neutral-CoT,1,issue_pregnancy
11132,QwenT,EI,1,issue_pregnancy
11132,QwenT,EA,1,issue_pregnancy
11189,GPT_5,Neutral,2,workplace
11189,GPT_5,Neutral-CoT,2,workplace
11189,GPT_5,EI,2,workplace
11189,GPT_5,EA,2,workplace
11189,GPT_o4,Neutral,2,workplace
11189,GPT_o4,Neutral-CoT,2,workplace
11189,GPT_o4,EI,2,workplace
11189,GPT_o4,EA,2,workplace
11189,QwenN,Neutral,2,workplace
11189,QwenN,Neutral-CoT,2,workplace
11189,QwenN,EI,2,workplace
11189,QwenN,EA,2,workplace
11189,QwenT,Neutral,2,workplace
11189,QwenT,Neutral-CoT,2,workplace
11189,QwenT,EI,2,workplace
11189,QwenT,EA,2,workplace
11241,GPT_5,Neutral,2,comitted_relationship
11241,GPT_5,Neutral-CoT,2,comitted_relationship
11241,GPT_5,EI,2,comitted_relationship
11241,GPT_5,EA,2,comitted_relationship
11241,GPT_o4,Neutral,1,comitted_relationship
11241,GPT_o4,Neutral-CoT,2,comitted_relationship
11241,GPT_o4,EI,2,comitted_relationship
11241,GPT_o4,EA,2,comitted_relationship
11241,QwenN,Neutral,2,comitted_relationship
11241,QwenN,Neutral-CoT,2,comitted_relationship
11241,QwenN,EI,2,comitted_relationship
11241,QwenN,EA,2,comitted_relationship
11241,QwenT,Neutral,1,comitted_relationship
11241,QwenT,Neutral-CoT,2,comitted_relationship
11241,QwenT,EI,2,comitted_relationship
11241,QwenT,EA,2,comitted_relationship
11264,GPT_5,Neutral,2,issue_self_image_social
11264,GPT_5,Neutral-CoT,2,issue_self_image_social
11264,GPT_5,EI,2,issue_self_image_social
11264,GPT_5,EA,2,issue_self_image_social
11264,GPT_o4,Neutral,2,issue_self_image_social
11264,GPT_o4,Neutral-CoT,2,issue_self_image_social
11264,GPT_o4,EI,2,issue_self_image_social
11264,GPT_o4,EA,2,issue_self_image_social
11264,QwenN,Neutral,1,issue_self_image_social
11264,QwenN,Neutral-CoT,2,issue_self_image_social
11264,QwenN,EI,2,issue_self_image_social
11264,QwenN,EA,2,issue_self_image_social
11264,QwenT,Neutral,2,issue_self_image_social
11264,QwenT,Neutral-CoT,2,issue_self_image_social
11264,QwenT,EI,2,issue_self_image_social
11264,QwenT,EA,2,issue_self_image_social
11283,GPT_5,Neutral,2,close_relationship
11283,GPT_5,Neutral-CoT,2,close_relationship
11283,GPT_5,EI,2,close_relationship
11283,GPT_5,EA,2,close_relationship
11283,GPT_o4,Neutral,2,close_relationship
11283,GPT_o4,Neutral-CoT,2,close_relationship
11283,GPT_o4,EI,2,close_relationship
11283,GPT_o4,EA,2,close_relationship
11283,QwenN,Neutral,2,close_relationship
11283,QwenN,Neutral-CoT,2,close_relationship
11283,QwenN,EI,2,close_relationship
11283,QwenN,EA,2,close_relationship
11283,QwenT,Neutral,2,close_relationship
11283,QwenT,Neutral-CoT,2,close_relationship
11283,QwenT,EI,2,close_relationship
11283,QwenT,EA,2,close_relationship
11511,GPT_5,Neutral,2,event_daily_life
11511,GPT_5,Neutral-CoT,2,event_daily_life
11511,GPT_5,EI,2,event_daily_life
11511,GPT_5,EA,2,event_daily_life
11511,GPT_o4,Neutral,2,event_daily_life
11511,GPT_o4,Neutral-CoT,2,event_daily_life
11511,GPT_o4,EI,2,event_daily_life
11511,GPT_o4,EA,2,event_daily_life
11511,QwenN,Neutral,2,event_daily_life
11511,QwenN,Neutral-CoT,2,event_daily_life
11511,QwenN,EI,2,event_daily_life
11511,QwenN,EA,2,event_daily_life
11511,QwenT,Neutral,2,event_daily_life
11511,QwenT,Neutral-CoT,2,event_daily_life
11511,QwenT,EI,2,event_daily_life
11511,QwenT,EA,2,event_daily_life
11514,GPT_5,Neutral,2,issue_wildlife_human_environment
11514,GPT_5,Neutral-CoT,2,issue_wildlife_human_environment
11514,GPT_5,EI,2,issue_wildlife_human_environment
11514,GPT_5,EA,2,issue_wildlife_human_environment
11514,GPT_o4,Neutral,2,issue_wildlife_human_environment
11514,GPT_o4,Neutral-CoT,2,issue_wildlife_human_environment
11514,GPT_o4,EI,2,issue_wildlife_human_environment
11514,GPT_o4,EA,2,issue_wildlife_human_environment
11514,QwenN,Neutral,2,issue_wildlife_human_environment
11514,QwenN,Neutral-CoT,2,issue_wildlife_human_environment
11514,QwenN,EI,2,issue_wildlife_human_environment
11514,QwenN,EA,2,issue_wildlife_human_environment
11514,QwenT,Neutral,2,issue_wildlife_human_environment
11514,QwenT,Neutral-CoT,2,issue_wildlife_human_environment
11514,QwenT,EI,2,issue_wildlife_human_environment
11514,QwenT,EA,2,issue_wildlife_human_environment
11523,GPT_5,Neutral,2,business_organization
11523,GPT_5,Neutral-CoT,2,business_organization
11523,GPT_5,EI,2,business_organization
11523,GPT_5,EA,2,business_organization
11523,GPT_o4,Neutral,2,business_organization
11523,GPT_o4,Neutral-CoT,2,business_organization
11523,GPT_o4,EI,2,business_organization
11523,GPT_o4,EA,2,business_organization
11523,QwenN,Neutral,2,business_organization
11523,QwenN,Neutral-CoT,2,business_organization
11523,QwenN,EI,2,business_organization
11523,QwenN,EA,2,business_organization
11523,QwenT,Neutral,2,business_organization
11523,QwenT,Neutral-CoT,2,business_organization
11523,QwenT,EI,2,business_organization
11523,QwenT,EA,2,business_organization
11525,GPT_5,Neutral,1,close_relationship
11525,GPT_5,Neutral-CoT,1,close_relationship
11525,GPT_5,EI,1,close_relationship
11525,GPT_5,EA,1,close_relationship
11525,GPT_o4,Neutral,1,close_relationship
11525,GPT_o4,Neutral-CoT,1,close_relationship
11525,GPT_o4,EI,1,close_relationship
11525,GPT_o4,EA,1,close_relationship
11525,QwenN,Neutral,1,close_relationship
11525,QwenN,Neutral-CoT,1,close_relationship
11525,QwenN,EI,1,close_relationship
11525,QwenN,EA,1,close_relationship
11525,QwenT,Neutral,1,close_relationship
11525,QwenT,Neutral-CoT,1,close_relationship
11525,QwenT,EI,1,close_relationship
11525,QwenT,EA,1,close_relationship
11553,GPT_5,Neutral,2,friend
11553,GPT_5,Neutral-CoT,1,friend
11553,GPT_5,EI,2,friend
11553,GPT_5,EA,1,friend
11553,GPT_o4,Neutral,1,friend
11553,GPT_o4,Neutral-CoT,1,friend
11553,GPT_o4,EI,1,friend
11553,GPT_o4,EA,1,friend
11553,QwenN,Neutral,1,friend
11553,QwenN,Neutral-CoT,1,friend
11553,QwenN,EI,1,friend
11553,QwenN,EA,1,friend
11553,QwenT,Neutral,2,friend
11553,QwenT,Neutral-CoT,1,friend
11553,QwenT,EI,1,friend
11553,QwenT,EA,1,friend
11596,GPT_5,Neutral,1,workplace
11596,GPT_5,Neutral-CoT,1,workplace
11596,GPT_5,EI,1,workplace
11596,GPT_5,EA,1,workplace
11596,GPT_o4,Neutral,1,workplace
11596,GPT_o4,Neutral-CoT,1,workplace
11596,GPT_o4,EI,1,workplace
11596,GPT_o4,EA,1,workplace
11596,QwenN,Neutral,1,workplace
11596,QwenN,Neutral-CoT,1,workplace
11596,QwenN,EI,1,workplace
11596,QwenN,EA,1,workplace
11596,QwenT,Neutral,2,workplace
11596,QwenT,Neutral-CoT,1,workplace
11596,QwenT,EI,1,workplace
11596,QwenT,EA,1,workplace
11603,GPT_5,Neutral,2,issue_crime_addiction
11603,GPT_5,Neutral-CoT,2,issue_crime_addiction
11603,GPT_5,EI,1,issue_crime_addiction
11603,GPT_5,EA,2,issue_crime_addiction
11603,GPT_o4,Neutral,1,issue_crime_addiction
11603,GPT_o4,Neutral-CoT,2,issue_crime_addiction
11603,GPT_o4,EI,1,issue_crime_addiction
11603,GPT_o4,EA,2,issue_crime_addiction
11603,QwenN,Neutral,1,issue_crime_addiction
11603,QwenN,Neutral-CoT,1,issue_crime_addiction
11603,QwenN,EI,1,issue_crime_addiction
11603,QwenN,EA,1,issue_crime_addiction
11603,QwenT,Neutral,1,issue_crime_addiction
11603,QwenT,Neutral-CoT,1,issue_crime_addiction
11603,QwenT,EI,1,issue_crime_addiction
11603,QwenT,EA,1,issue_crime_addiction
11617,GPT_5,Neutral,2,event_special
11617,GPT_5,Neutral-CoT,2,event_special
11617,GPT_5,EI,2,event_special
11617,GPT_5,EA,2,event_special
11617,GPT_o4,Neutral,2,event_special
11617,GPT_o4,Neutral-CoT,2,event_special
11617,GPT_o4,EI,2,event_special
11617,GPT_o4,EA,2,event_special
11617,QwenN,Neutral,2,event_special
11617,QwenN,Neutral-CoT,2,event_special
11617,QwenN,EI,2,event_special
11617,QwenN,EA,1,event_special
11617,QwenT,Neutral,2,event_special
11617,QwenT,Neutral-CoT,2,event_special
11617,QwenT,EI,2,event_special
11617,QwenT,EA,2,event_special
11630,GPT_5,Neutral,1,issue_crime_addiction
11630,GPT_5,Neutral-CoT,1,issue_crime_addiction
11630,GPT_5,EI,1,issue_crime_addiction
11630,GPT_5,EA,1,issue_crime_addiction
11630,GPT_o4,Neutral,1,issue_crime_addiction
11630,GPT_o4,Neutral-CoT,1,issue_crime_addiction
11630,GPT_o4,EI,1,issue_crime_addiction
11630,GPT_o4,EA,1,issue_crime_addiction
11630,QwenN,Neutral,1,issue_crime_addiction
11630,QwenN,Neutral-CoT,1,issue_crime_addiction
11630,QwenN,EI,1,issue_crime_addiction
11630,QwenN,EA,1,issue_crime_addiction
11630,QwenT,Neutral,1,issue_crime_addiction
11630,QwenT,Neutral-CoT,1,issue_crime_addiction
11630,QwenT,EI,1,issue_crime_addiction
11630,QwenT,EA,1,issue_crime_addiction
11647,GPT_5,Neutral,1,event_special
11647,GPT_5,Neutral-CoT,1,event_special
11647,GPT_5,EI,1,event_special
11647,GPT_5,EA,1,event_special
11647,GPT_o4,Neutral,1,event_special
11647,GPT_o4,Neutral-CoT,1,event_special
11647,GPT_o4,EI,1,event_special
11647,GPT_o4,EA,,event_special
11647,QwenN,Neutral,1,event_special
11647,QwenN,Neutral-CoT,1,event_special
11647,QwenN,EI,1,event_special
11647,QwenN,EA,1,event_special
11647,QwenT,Neutral,1,event_special
11647,QwenT,Neutral-CoT,1,event_special
11647,QwenT,EI,2,event_special
11647,QwenT,EA,1,event_special
11742,GPT_5,Neutral,2,issue_crime_addiction
11742,GPT_5,Neutral-CoT,2,issue_crime_addiction
11742,GPT_5,EI,2,issue_crime_addiction
11742,GPT_5,EA,2,issue_crime_addiction
11742,GPT_o4,Neutral,2,issue_crime_addiction
11742,GPT_o4,Neutral-CoT,2,issue_crime_addiction
11742,GPT_o4,EI,2,issue_crime_addiction
11742,GPT_o4,EA,2,issue_crime_addiction
11742,QwenN,Neutral,2,issue_crime_addiction
11742,QwenN,Neutral-CoT,2,issue_crime_addiction
11742,QwenN,EI,2,issue_crime_addiction
11742,QwenN,EA,2,issue_crime_addiction
11742,QwenT,Neutral,2,issue_crime_addiction
11742,QwenT,Neutral-CoT,2,issue_crime_addiction
11742,QwenT,EI,1,issue_crime_addiction
11742,QwenT,EA,2,issue_crime_addiction
11786,GPT_5,Neutral,1,event_daily_life
11786,GPT_5,Neutral-CoT,1,event_daily_life
11786,GPT_5,EI,1,event_daily_life
11786,GPT_5,EA,1,event_daily_life
11786,GPT_o4,Neutral,1,event_daily_life
11786,GPT_o4,Neutral-CoT,1,event_daily_life
11786,GPT_o4,EI,1,event_daily_life
11786,GPT_o4,EA,1,event_daily_life
11786,QwenN,Neutral,1,event_daily_life
11786,QwenN,Neutral-CoT,1,event_daily_life
11786,QwenN,EI,1,event_daily_life
11786,QwenN,EA,1,event_daily_life
11786,QwenT,Neutral,1,event_daily_life
11786,QwenT,Neutral-CoT,1,event_daily_life
11786,QwenT,EI,2,event_daily_life
11786,QwenT,EA,1,event_daily_life
11850,GPT_5,Neutral,2,event_special
11850,GPT_5,Neutral-CoT,2,event_special
11850,GPT_5,EI,2,event_special
11850,GPT_5,EA,2,event_special
11850,GPT_o4,Neutral,2,event_special
11850,GPT_o4,Neutral-CoT,2,event_special
11850,GPT_o4,EI,2,event_special
11850,GPT_o4,EA,2,event_special
11850,QwenN,Neutral,2,event_special
11850,QwenN,Neutral-CoT,2,event_special
11850,QwenN,EI,2,event_special
11850,QwenN,EA,2,event_special
11850,QwenT,Neutral,2,event_special
11850,QwenT,Neutral-CoT,2,event_special
11850,QwenT,EI,2,event_special
11850,QwenT,EA,2,event_special
11870,GPT_5,Neutral,1,friend
11870,GPT_5,Neutral-CoT,1,friend
11870,GPT_5,EI,1,friend
11870,GPT_5,EA,1,friend
11870,GPT_o4,Neutral,1,friend
11870,GPT_o4,Neutral-CoT,1,friend
11870,GPT_o4,EI,1,friend
11870,GPT_o4,EA,1,friend
11870,QwenN,Neutral,1,friend
11870,QwenN,Neutral-CoT,1,friend
11870,QwenN,EI,1,friend
11870,QwenN,EA,1,friend
11870,QwenT,Neutral,1,friend
11870,QwenT,Neutral-CoT,1,friend
11870,QwenT,EI,1,friend
11870,QwenT,EA,1,friend
11874,GPT_5,Neutral,1,event_special
11874,GPT_5,Neutral-CoT,1,event_special
11874,GPT_5,EI,1,event_special
11874,GPT_5,EA,1,event_special
11874,GPT_o4,Neutral,1,event_special
11874,GPT_o4,Neutral-CoT,1,event_special
11874,GPT_o4,EI,1,event_special
11874,GPT_o4,EA,1,event_special
11874,QwenN,Neutral,1,event_special
11874,QwenN,Neutral-CoT,1,event_special
11874,QwenN,EI,1,event_special
11874,QwenN,EA,1,event_special
11874,QwenT,Neutral,1,event_special
11874,QwenT,Neutral-CoT,1,event_special
11874,QwenT,EI,1,event_special
11874,QwenT,EA,1,event_special
11930,GPT_5,Neutral,1,issue_crime_addiction
11930,GPT_5,Neutral-CoT,1,issue_crime_addiction
11930,GPT_5,EI,1,issue_crime_addiction
11930,GPT_5,EA,1,issue_crime_addiction
11930,GPT_o4,Neutral,1,issue_crime_addiction
11930,GPT_o4,Neutral-CoT,1,issue_crime_addiction
11930,GPT_o4,EI,1,issue_crime_addiction
11930,GPT_o4,EA,1,issue_crime_addiction
11930,QwenN,Neutral,1,issue_crime_addiction
11930,QwenN,Neutral-CoT,1,issue_crime_addiction
11930,QwenN,EI,1,issue_crime_addiction
11930,QwenN,EA,1,issue_crime_addiction
11930,QwenT,Neutral,2,issue_crime_addiction
11930,QwenT,Neutral-CoT,2,issue_crime_addiction
11930,QwenT,EI,2,issue_crime_addiction
11930,QwenT,EA,2,issue_crime_addiction
11935,GPT_5,Neutral,2,workplace
11935,GPT_5,Neutral-CoT,2,workplace
11935,GPT_5,EI,2,workplace
11935,GPT_5,EA,2,workplace
11935,GPT_o4,Neutral,2,workplace
11935,GPT_o4,Neutral-CoT,2,workplace
11935,GPT_o4,EI,2,workplace
11935,GPT_o4,EA,2,workplace
11935,QwenN,Neutral,2,workplace
11935,QwenN,Neutral-CoT,2,workplace
11935,QwenN,EI,2,workplace
11935,QwenN,EA,2,workplace
11935,QwenT,Neutral,2,workplace
11935,QwenT,Neutral-CoT,2,workplace
11935,QwenT,EI,2,workplace
11935,QwenT,EA,2,workplace
11967,GPT_5,Neutral,1,close_relationship
11967,GPT_5,Neutral-CoT,1,close_relationship
11967,GPT_5,EI,1,close_relationship
11967,GPT_5,EA,1,close_relationship
11967,GPT_o4,Neutral,1,close_relationship
11967,GPT_o4,Neutral-CoT,1,close_relationship
11967,GPT_o4,EI,1,close_relationship
11967,GPT_o4,EA,1,close_relationship
11967,QwenN,Neutral,1,close_relationship
11967,QwenN,Neutral-CoT,1,close_relationship
11967,QwenN,EI,1,close_relationship
11967,QwenN,EA,1,close_relationship
11967,QwenT,Neutral,1,close_relationship
11967,QwenT,Neutral-CoT,1,close_relationship
11967,QwenT,EI,1,close_relationship
11967,QwenT,EA,1,close_relationship
12012,GPT_5,Neutral,2,event_daily_life
12012,GPT_5,Neutral-CoT,2,event_daily_life
12012,GPT_5,EI,2,event_daily_life
12012,GPT_5,EA,2,event_daily_life
12012,GPT_o4,Neutral,2,event_daily_life
12012,GPT_o4,Neutral-CoT,2,event_daily_life
12012,GPT_o4,EI,2,event_daily_life
12012,GPT_o4,EA,2,event_daily_life
12012,QwenN,Neutral,2,event_daily_life
12012,QwenN,Neutral-CoT,2,event_daily_life
12012,QwenN,EI,2,event_daily_life
12012,QwenN,EA,2,event_daily_life
12012,QwenT,Neutral,2,event_daily_life
12012,QwenT,Neutral-CoT,2,event_daily_life
12012,QwenT,EI,1,event_daily_life
12012,QwenT,EA,2,event_daily_life
12074,GPT_5,Neutral,1,issue_personal_career
12074,GPT_5,Neutral-CoT,1,issue_personal_career
12074,GPT_5,EI,1,issue_personal_career
12074,GPT_5,EA,1,issue_personal_career
12074,GPT_o4,Neutral,1,issue_personal_career
12074,GPT_o4,Neutral-CoT,1,issue_personal_career
12074,GPT_o4,EI,1,issue_personal_career
12074,GPT_o4,EA,1,issue_personal_career
12074,QwenN,Neutral,2,issue_personal_career
12074,QwenN,Neutral-CoT,2,issue_personal_career
12074,QwenN,EI,1,issue_personal_career
12074,QwenN,EA,2,issue_personal_career
12074,QwenT,Neutral,2,issue_personal_career
12074,QwenT,Neutral-CoT,2,issue_personal_career
12074,QwenT,EI,1,issue_personal_career
12074,QwenT,EA,2,issue_personal_career
12143,GPT_5,Neutral,1,issue_crime_addiction
12143,GPT_5,Neutral-CoT,1,issue_crime_addiction
12143,GPT_5,EI,1,issue_crime_addiction
12143,GPT_5,EA,1,issue_crime_addiction
12143,GPT_o4,Neutral,1,issue_crime_addiction
12143,GPT_o4,Neutral-CoT,1,issue_crime_addiction
12143,GPT_o4,EI,2,issue_crime_addiction
12143,GPT_o4,EA,2,issue_crime_addiction
12143,QwenN,Neutral,1,issue_crime_addiction
12143,QwenN,Neutral-CoT,2,issue_crime_addiction
12143,QwenN,EI,1,issue_crime_addiction
12143,QwenN,EA,1,issue_crime_addiction
12143,QwenT,Neutral,1,issue_crime_addiction
12143,QwenT,Neutral-CoT,1,issue_crime_addiction
12143,QwenT,EI,1,issue_crime_addiction
12143,QwenT,EA,1,issue_crime_addiction
12151,GPT_5,Neutral,1,issue_pregnancy
12151,GPT_5,Neutral-CoT,1,issue_pregnancy
12151,GPT_5,EI,1,issue_pregnancy
12151,GPT_5,EA,1,issue_pregnancy
12151,GPT_o4,Neutral,1,issue_pregnancy
12151,GPT_o4,Neutral-CoT,1,issue_pregnancy
12151,GPT_o4,EI,1,issue_pregnancy
12151,GPT_o4,EA,1,issue_pregnancy
12151,QwenN,Neutral,1,issue_pregnancy
12151,QwenN,Neutral-CoT,1,issue_pregnancy
12151,QwenN,EI,1,issue_pregnancy
12151,QwenN,EA,1,issue_pregnancy
12151,QwenT,Neutral,1,issue_pregnancy
12151,QwenT,Neutral-CoT,1,issue_pregnancy
12151,QwenT,EI,1,issue_pregnancy
12151,QwenT,EA,1,issue_pregnancy
12153,GPT_5,Neutral,1,event_daily_life
12153,GPT_5,Neutral-CoT,1,event_daily_life
12153,GPT_5,EI,1,event_daily_life
12153,GPT_5,EA,1,event_daily_life
12153,GPT_o4,Neutral,1,event_daily_life
12153,GPT_o4,Neutral-CoT,1,event_daily_life
12153,GPT_o4,EI,1,event_daily_life
12153,GPT_o4,EA,1,event_daily_life
12153,QwenN,Neutral,1,event_daily_life
12153,QwenN,Neutral-CoT,1,event_daily_life
12153,QwenN,EI,1,event_daily_life
12153,QwenN,EA,1,event_daily_life
12153,QwenT,Neutral,1,event_daily_life
12153,QwenT,Neutral-CoT,1,event_daily_life
12153,QwenT,EI,1,event_daily_life
12153,QwenT,EA,1,event_daily_life
12219,GPT_5,Neutral,1,school
12219,GPT_5,Neutral-CoT,1,school
12219,GPT_5,EI,1,school
12219,GPT_5,EA,1,school
12219,GPT_o4,Neutral,1,school
12219,GPT_o4,Neutral-CoT,1,school
12219,GPT_o4,EI,1,school
12219,GPT_o4,EA,1,school
12219,QwenN,Neutral,1,school
12219,QwenN,Neutral-CoT,1,school
12219,QwenN,EI,1,school
12219,QwenN,EA,1,school
12219,QwenT,Neutral,1,school
12219,QwenT,Neutral-CoT,1,school
12219,QwenT,EI,1,school
12219,QwenT,EA,1,school
12271,GPT_5,Neutral,2,school
12271,GPT_5,Neutral-CoT,2,school
12271,GPT_5,EI,2,school
12271,GPT_5,EA,2,school
12271,GPT_o4,Neutral,2,school
12271,GPT_o4,Neutral-CoT,2,school
12271,GPT_o4,EI,2,school
12271,GPT_o4,EA,2,school
12271,QwenN,Neutral,2,school
12271,QwenN,Neutral-CoT,2,school
12271,QwenN,EI,2,school
12271,QwenN,EA,2,school
12271,QwenT,Neutral,2,school
12271,QwenT,Neutral-CoT,2,school
12271,QwenT,EI,2,school
12271,QwenT,EA,2,school
12284,GPT_5,Neutral,1,role_duty_responsibility
12284,GPT_5,Neutral-CoT,1,role_duty_responsibility
12284,GPT_5,EI,1,role_duty_responsibility
12284,GPT_5,EA,1,role_duty_responsibility
12284,GPT_o4,Neutral,1,role_duty_responsibility
12284,GPT_o4,Neutral-CoT,2,role_duty_responsibility
12284,GPT_o4,EI,1,role_duty_responsibility
12284,GPT_o4,EA,1,role_duty_responsibility
12284,QwenN,Neutral,1,role_duty_responsibility
12284,QwenN,Neutral-CoT,1,role_duty_responsibility
12284,QwenN,EI,1,role_duty_responsibility
12284,QwenN,EA,1,role_duty_responsibility
12284,QwenT,Neutral,1,role_duty_responsibility
12284,QwenT,Neutral-CoT,1,role_duty_responsibility
12284,QwenT,EI,2,role_duty_responsibility
12284,QwenT,EA,1,role_duty_responsibility
12285,GPT_5,Neutral,1,issue_crime_addiction
12285,GPT_5,Neutral-CoT,1,issue_crime_addiction
12285,GPT_5,EI,1,issue_crime_addiction
12285,GPT_5,EA,1,issue_crime_addiction
12285,GPT_o4,Neutral,1,issue_crime_addiction
12285,GPT_o4,Neutral-CoT,1,issue_crime_addiction
12285,GPT_o4,EI,1,issue_crime_addiction
12285,GPT_o4,EA,1,issue_crime_addiction
12285,QwenN,Neutral,1,issue_crime_addiction
12285,QwenN,Neutral-CoT,1,issue_crime_addiction
12285,QwenN,EI,1,issue_crime_addiction
12285,QwenN,EA,1,issue_crime_addiction
12285,QwenT,Neutral,1,issue_crime_addiction
12285,QwenT,Neutral-CoT,1,issue_crime_addiction
12285,QwenT,EI,1,issue_crime_addiction
12285,QwenT,EA,1,issue_crime_addiction
12301,GPT_5,Neutral,1,business_organization
12301,GPT_5,Neutral-CoT,1,business_organization
12301,GPT_5,EI,1,business_organization
12301,GPT_5,EA,1,business_organization
12301,GPT_o4,Neutral,1,business_organization
12301,GPT_o4,Neutral-CoT,1,business_organization
12301,GPT_o4,EI,1,business_organization
12301,GPT_o4,EA,1,business_organization
12301,QwenN,Neutral,1,business_organization
12301,QwenN,Neutral-CoT,1,business_organization
12301,QwenN,EI,1,business_organization
12301,QwenN,EA,1,business_organization
12301,QwenT,Neutral,1,business_organization
12301,QwenT,Neutral-CoT,1,business_organization
12301,QwenT,EI,1,business_organization
12301,QwenT,EA,1,business_organization
12305,GPT_5,Neutral,1,issue_crime_addiction
12305,GPT_5,Neutral-CoT,1,issue_crime_addiction
12305,GPT_5,EI,1,issue_crime_addiction
12305,GPT_5,EA,1,issue_crime_addiction
12305,GPT_o4,Neutral,1,issue_crime_addiction
12305,GPT_o4,Neutral-CoT,1,issue_crime_addiction
12305,GPT_o4,EI,1,issue_crime_addiction
12305,GPT_o4,EA,1,issue_crime_addiction
12305,QwenN,Neutral,1,issue_crime_addiction
12305,QwenN,Neutral-CoT,1,issue_crime_addiction
12305,QwenN,EI,1,issue_crime_addiction
12305,QwenN,EA,1,issue_crime_addiction
12305,QwenT,Neutral,1,issue_crime_addiction
12305,QwenT,Neutral-CoT,1,issue_crime_addiction
12305,QwenT,EI,1,issue_crime_addiction
12305,QwenT,EA,1,issue_crime_addiction
12323,GPT_5,Neutral,1,event_daily_life
12323,GPT_5,Neutral-CoT,1,event_daily_life
12323,GPT_5,EI,2,event_daily_life
12323,GPT_5,EA,1,event_daily_life
12323,GPT_o4,Neutral,2,event_daily_life
12323,GPT_o4,Neutral-CoT,2,event_daily_life
12323,GPT_o4,EI,2,event_daily_life
12323,GPT_o4,EA,2,event_daily_life
12323,QwenN,Neutral,1,event_daily_life
12323,QwenN,Neutral-CoT,1,event_daily_life
12323,QwenN,EI,1,event_daily_life
12323,QwenN,EA,1,event_daily_life
12323,QwenT,Neutral,2,event_daily_life
12323,QwenT,Neutral-CoT,1,event_daily_life
12323,QwenT,EI,2,event_daily_life
12323,QwenT,EA,1,event_daily_life
12429,GPT_5,Neutral,2,issue_wildlife_human_environment
12429,GPT_5,Neutral-CoT,2,issue_wildlife_human_environment
12429,GPT_5,EI,2,issue_wildlife_human_environment
12429,GPT_5,EA,2,issue_wildlife_human_environment
12429,GPT_o4,Neutral,2,issue_wildlife_human_environment
12429,GPT_o4,Neutral-CoT,2,issue_wildlife_human_environment
12429,GPT_o4,EI,2,issue_wildlife_human_environment
12429,GPT_o4,EA,2,issue_wildlife_human_environment
12429,QwenN,Neutral,2,issue_wildlife_human_environment
12429,QwenN,Neutral-CoT,2,issue_wildlife_human_environment
12429,QwenN,EI,2,issue_wildlife_human_environment
12429,QwenN,EA,2,issue_wildlife_human_environment
12429,QwenT,Neutral,2,issue_wildlife_human_environment
12429,QwenT,Neutral-CoT,2,issue_wildlife_human_environment
12429,QwenT,EI,2,issue_wildlife_human_environment
12429,QwenT,EA,2,issue_wildlife_human_environment
12472,GPT_5,Neutral,2,event_special
12472,GPT_5,Neutral-CoT,2,event_special
12472,GPT_5,EI,2,event_special
12472,GPT_5,EA,2,event_special
12472,GPT_o4,Neutral,2,event_special
12472,GPT_o4,Neutral-CoT,2,event_special
12472,GPT_o4,EI,2,event_special
12472,GPT_o4,EA,2,event_special
12472,QwenN,Neutral,2,event_special
12472,QwenN,Neutral-CoT,2,event_special
12472,QwenN,EI,2,event_special
12472,QwenN,EA,2,event_special
12472,QwenT,Neutral,2,event_special
12472,QwenT,Neutral-CoT,2,event_special
12472,QwenT,EI,2,event_special
12472,QwenT,EA,2,event_special
12486,GPT_5,Neutral,2,religion_custom
12486,GPT_5,Neutral-CoT,2,religion_custom
12486,GPT_5,EI,2,religion_custom
12486,GPT_5,EA,2,religion_custom
12486,GPT_o4,Neutral,1,religion_custom
12486,GPT_o4,Neutral-CoT,1,religion_custom
12486,GPT_o4,EI,1,religion_custom
12486,GPT_o4,EA,2,religion_custom
12486,QwenN,Neutral,2,religion_custom
12486,QwenN,Neutral-CoT,2,religion_custom
12486,QwenN,EI,2,religion_custom
12486,QwenN,EA,2,religion_custom
12486,QwenT,Neutral,1,religion_custom
12486,QwenT,Neutral-CoT,1,religion_custom
12486,QwenT,EI,1,religion_custom
12486,QwenT,EA,1,religion_custom
12494,GPT_5,Neutral,1,business_organization
12494,GPT_5,Neutral-CoT,1,business_organization
12494,GPT_5,EI,1,business_organization
12494,GPT_5,EA,1,business_organization
12494,GPT_o4,Neutral,1,business_organization
12494,GPT_o4,Neutral-CoT,1,business_organization
12494,GPT_o4,EI,1,business_organization
12494,GPT_o4,EA,1,business_organization
12494,QwenN,Neutral,1,business_organization
12494,QwenN,Neutral-CoT,1,business_organization
12494,QwenN,EI,1,business_organization
12494,QwenN,EA,1,business_organization
12494,QwenT,Neutral,1,business_organization
12494,QwenT,Neutral-CoT,1,business_organization
12494,QwenT,EI,1,business_organization
12494,QwenT,EA,1,business_organization
12627,GPT_5,Neutral,1,role_duty_responsibility
12627,GPT_5,Neutral-CoT,1,role_duty_responsibility
12627,GPT_5,EI,1,role_duty_responsibility
12627,GPT_5,EA,1,role_duty_responsibility
12627,GPT_o4,Neutral,2,role_duty_responsibility
12627,GPT_o4,Neutral-CoT,2,role_duty_responsibility
12627,GPT_o4,EI,1,role_duty_responsibility
12627,GPT_o4,EA,2,role_duty_responsibility
12627,QwenN,Neutral,2,role_duty_responsibility
12627,QwenN,Neutral-CoT,2,role_duty_responsibility
12627,QwenN,EI,2,role_duty_responsibility
12627,QwenN,EA,2,role_duty_responsibility
12627,QwenT,Neutral,2,role_duty_responsibility
12627,QwenT,Neutral-CoT,2,role_duty_responsibility
12627,QwenT,EI,2,role_duty_responsibility
12627,QwenT,EA,2,role_duty_responsibility
12645,GPT_5,Neutral,1,issue_self_image_social
12645,GPT_5,Neutral-CoT,1,issue_self_image_social
12645,GPT_5,EI,1,issue_self_image_social
12645,GPT_5,EA,1,issue_self_image_social
12645,GPT_o4,Neutral,1,issue_self_image_social
12645,GPT_o4,Neutral-CoT,1,issue_self_image_social
12645,GPT_o4,EI,1,issue_self_image_social
12645,GPT_o4,EA,1,issue_self_image_social
12645,QwenN,Neutral,1,issue_self_image_social
12645,QwenN,Neutral-CoT,1,issue_self_image_social
12645,QwenN,EI,1,issue_self_image_social
12645,QwenN,EA,1,issue_self_image_social
12645,QwenT,Neutral,1,issue_self_image_social
12645,QwenT,Neutral-CoT,1,issue_self_image_social
12645,QwenT,EI,1,issue_self_image_social
12645,QwenT,EA,1,issue_self_image_social
12732,GPT_5,Neutral,1,role_duty_responsibility
12732,GPT_5,Neutral-CoT,1,role_duty_responsibility
12732,GPT_5,EI,1,role_duty_responsibility
12732,GPT_5,EA,1,role_duty_responsibility
12732,GPT_o4,Neutral,1,role_duty_responsibility
12732,GPT_o4,Neutral-CoT,1,role_duty_responsibility
12732,GPT_o4,EI,1,role_duty_responsibility
12732,GPT_o4,EA,1,role_duty_responsibility
12732,QwenN,Neutral,1,role_duty_responsibility
12732,QwenN,Neutral-CoT,1,role_duty_responsibility
12732,QwenN,EI,1,role_duty_responsibility
12732,QwenN,EA,1,role_duty_responsibility
12732,QwenT,Neutral,1,role_duty_responsibility
12732,QwenT,Neutral-CoT,1,role_duty_responsibility
12732,QwenT,EI,1,role_duty_responsibility
12732,QwenT,EA,1,role_duty_responsibility
12798,GPT_5,Neutral,2,religion_custom
12798,GPT_5,Neutral-CoT,2,religion_custom
12798,GPT_5,EI,2,religion_custom
12798,GPT_5,EA,2,religion_custom
12798,GPT_o4,Neutral,2,religion_custom
12798,GPT_o4,Neutral-CoT,2,religion_custom
12798,GPT_o4,EI,2,religion_custom
12798,GPT_o4,EA,2,religion_custom
12798,QwenN,Neutral,2,religion_custom
12798,QwenN,Neutral-CoT,2,religion_custom
12798,QwenN,EI,2,religion_custom
12798,QwenN,EA,2,religion_custom
12798,QwenT,Neutral,2,religion_custom
12798,QwenT,Neutral-CoT,2,religion_custom
12798,QwenT,EI,2,religion_custom
12798,QwenT,EA,2,religion_custom
12830,GPT_5,Neutral,2,comitted_relationship
12830,GPT_5,Neutral-CoT,2,comitted_relationship
12830,GPT_5,EI,2,comitted_relationship
12830,GPT_5,EA,2,comitted_relationship
12830,GPT_o4,Neutral,2,comitted_relationship
12830,GPT_o4,Neutral-CoT,2,comitted_relationship
12830,GPT_o4,EI,2,comitted_relationship
12830,GPT_o4,EA,2,comitted_relationship
12830,QwenN,Neutral,2,comitted_relationship
12830,QwenN,Neutral-CoT,2,comitted_relationship
12830,QwenN,EI,2,comitted_relationship
12830,QwenN,EA,2,comitted_relationship
12830,QwenT,Neutral,2,comitted_relationship
12830,QwenT,Neutral-CoT,2,comitted_relationship
12830,QwenT,EI,2,comitted_relationship
12830,QwenT,EA,2,comitted_relationship
12860,GPT_5,Neutral,2,event_special
12860,GPT_5,Neutral-CoT,2,event_special
12860,GPT_5,EI,2,event_special
12860,GPT_5,EA,2,event_special
12860,GPT_o4,Neutral,2,event_special
12860,GPT_o4,Neutral-CoT,2,event_special
12860,GPT_o4,EI,2,event_special
12860,GPT_o4,EA,2,event_special
12860,QwenN,Neutral,2,event_special
12860,QwenN,Neutral-CoT,2,event_special
12860,QwenN,EI,2,event_special
12860,QwenN,EA,2,event_special
12860,QwenT,Neutral,2,event_special
12860,QwenT,Neutral-CoT,2,event_special
12860,QwenT,EI,2,event_special
12860,QwenT,EA,2,event_special
12896,GPT_5,Neutral,1,issue_wildlife_human_environment
12896,GPT_5,Neutral-CoT,1,issue_wildlife_human_environment
12896,GPT_5,EI,1,issue_wildlife_human_environment
12896,GPT_5,EA,1,issue_wildlife_human_environment
12896,GPT_o4,Neutral,1,issue_wildlife_human_environment
12896,GPT_o4,Neutral-CoT,1,issue_wildlife_human_environment
12896,GPT_o4,EI,1,issue_wildlife_human_environment
12896,GPT_o4,EA,1,issue_wildlife_human_environment
12896,QwenN,Neutral,1,issue_wildlife_human_environment
12896,QwenN,Neutral-CoT,1,issue_wildlife_human_environment
12896,QwenN,EI,1,issue_wildlife_human_environment
12896,QwenN,EA,1,issue_wildlife_human_environment
12896,QwenT,Neutral,1,issue_wildlife_human_environment
12896,QwenT,Neutral-CoT,1,issue_wildlife_human_environment
12896,QwenT,EI,1,issue_wildlife_human_environment
12896,QwenT,EA,1,issue_wildlife_human_environment
12903,GPT_5,Neutral,1,issue_crime_addiction
12903,GPT_5,Neutral-CoT,1,issue_crime_addiction
12903,GPT_5,EI,1,issue_crime_addiction
12903,GPT_5,EA,1,issue_crime_addiction
12903,GPT_o4,Neutral,1,issue_crime_addiction
12903,GPT_o4,Neutral-CoT,1,issue_crime_addiction
12903,GPT_o4,EI,1,issue_crime_addiction
12903,GPT_o4,EA,1,issue_crime_addiction
12903,QwenN,Neutral,1,issue_crime_addiction
12903,QwenN,Neutral-CoT,1,issue_crime_addiction
12903,QwenN,EI,1,issue_crime_addiction
12903,QwenN,EA,1,issue_crime_addiction
12903,QwenT,Neutral,2,issue_crime_addiction
12903,QwenT,Neutral-CoT,2,issue_crime_addiction
12903,QwenT,EI,1,issue_crime_addiction
12903,QwenT,EA,2,issue_crime_addiction
12926,GPT_5,Neutral,2,role_duty_responsibility
12926,GPT_5,Neutral-CoT,2,role_duty_responsibility
12926,GPT_5,EI,2,role_duty_responsibility
12926,GPT_5,EA,2,role_duty_responsibility
12926,GPT_o4,Neutral,2,role_duty_responsibility
12926,GPT_o4,Neutral-CoT,2,role_duty_responsibility
12926,GPT_o4,EI,2,role_duty_responsibility
12926,GPT_o4,EA,2,role_duty_responsibility
12926,QwenN,Neutral,2,role_duty_responsibility
12926,QwenN,Neutral-CoT,2,role_duty_responsibility
12926,QwenN,EI,2,role_duty_responsibility
12926,QwenN,EA,2,role_duty_responsibility
12926,QwenT,Neutral,2,role_duty_responsibility
12926,QwenT,Neutral-CoT,2,role_duty_responsibility
12926,QwenT,EI,2,role_duty_responsibility
12926,QwenT,EA,2,role_duty_responsibility
12936,GPT_5,Neutral,1,issue_young_people
12936,GPT_5,Neutral-CoT,2,issue_young_people
12936,GPT_5,EI,2,issue_young_people
12936,GPT_5,EA,2,issue_young_people
12936,GPT_o4,Neutral,2,issue_young_people
12936,GPT_o4,Neutral-CoT,2,issue_young_people
12936,GPT_o4,EI,2,issue_young_people
12936,GPT_o4,EA,2,issue_young_people
12936,QwenN,Neutral,2,issue_young_people
12936,QwenN,Neutral-CoT,2,issue_young_people
12936,QwenN,EI,2,issue_young_people
12936,QwenN,EA,2,issue_young_people
12936,QwenT,Neutral,2,issue_young_people
12936,QwenT,Neutral-CoT,2,issue_young_people
12936,QwenT,EI,2,issue_young_people
12936,QwenT,EA,2,issue_young_people
12948,GPT_5,Neutral,2,friend
12948,GPT_5,Neutral-CoT,2,friend
12948,GPT_5,EI,2,friend
12948,GPT_5,EA,2,friend
12948,GPT_o4,Neutral,2,friend
12948,GPT_o4,Neutral-CoT,2,friend
12948,GPT_o4,EI,2,friend
12948,GPT_o4,EA,2,friend
12948,QwenN,Neutral,2,friend
12948,QwenN,Neutral-CoT,2,friend
12948,QwenN,EI,2,friend
12948,QwenN,EA,2,friend
12948,QwenT,Neutral,2,friend
12948,QwenT,Neutral-CoT,2,friend
12948,QwenT,EI,2,friend
12948,QwenT,EA,2,friend
12975,GPT_5,Neutral,2,friend
12975,GPT_5,Neutral-CoT,2,friend
12975,GPT_5,EI,2,friend
12975,GPT_5,EA,2,friend
12975,GPT_o4,Neutral,2,friend
12975,GPT_o4,Neutral-CoT,2,friend
12975,GPT_o4,EI,2,friend
12975,GPT_o4,EA,2,friend
12975,QwenN,Neutral,2,friend
12975,QwenN,Neutral-CoT,2,friend
12975,QwenN,EI,2,friend
12975,QwenN,EA,2,friend
12975,QwenT,Neutral,2,friend
12975,QwenT,Neutral-CoT,2,friend
12975,QwenT,EI,2,friend
12975,QwenT,EA,1,friend
12998,GPT_5,Neutral,2,issue_crime_addiction
12998,GPT_5,Neutral-CoT,1,issue_crime_addiction
12998,GPT_5,EI,1,issue_crime_addiction
12998,GPT_5,EA,1,issue_crime_addiction
12998,GPT_o4,Neutral,1,issue_crime_addiction
12998,GPT_o4,Neutral-CoT,1,issue_crime_addiction
12998,GPT_o4,EI,1,issue_crime_addiction
12998,GPT_o4,EA,1,issue_crime_addiction
12998,QwenN,Neutral,1,issue_crime_addiction
12998,QwenN,Neutral-CoT,1,issue_crime_addiction
12998,QwenN,EI,1,issue_crime_addiction
12998,QwenN,EA,1,issue_crime_addiction
12998,QwenT,Neutral,1,issue_crime_addiction
12998,QwenT,Neutral-CoT,1,issue_crime_addiction
12998,QwenT,EI,1,issue_crime_addiction
12998,QwenT,EA,1,issue_crime_addiction
13035,GPT_5,Neutral,1,workplace
13035,GPT_5,Neutral-CoT,1,workplace
13035,GPT_5,EI,1,workplace
13035,GPT_5,EA,1,workplace
13035,GPT_o4,Neutral,1,workplace
13035,GPT_o4,Neutral-CoT,1,workplace
13035,GPT_o4,EI,1,workplace
13035,GPT_o4,EA,1,workplace
13035,QwenN,Neutral,1,workplace
13035,QwenN,Neutral-CoT,1,workplace
13035,QwenN,EI,1,workplace
13035,QwenN,EA,1,workplace
13035,QwenT,Neutral,1,workplace
13035,QwenT,Neutral-CoT,1,workplace
13035,QwenT,EI,1,workplace
13035,QwenT,EA,1,workplace
13050,GPT_5,Neutral,2,event_daily_life
13050,GPT_5,Neutral-CoT,2,event_daily_life
13050,GPT_5,EI,2,event_daily_life
13050,GPT_5,EA,2,event_daily_life
13050,GPT_o4,Neutral,2,event_daily_life
13050,GPT_o4,Neutral-CoT,2,event_daily_life
13050,GPT_o4,EI,2,event_daily_life
13050,GPT_o4,EA,2,event_daily_life
13050,QwenN,Neutral,2,event_daily_life
13050,QwenN,Neutral-CoT,2,event_daily_life
13050,QwenN,EI,2,event_daily_life
13050,QwenN,EA,2,event_daily_life
13050,QwenT,Neutral,2,event_daily_life
13050,QwenT,Neutral-CoT,2,event_daily_life
13050,QwenT,EI,2,event_daily_life
13050,QwenT,EA,2,event_daily_life
13061,GPT_5,Neutral,2,school
13061,GPT_5,Neutral-CoT,2,school
13061,GPT_5,EI,1,school
13061,GPT_5,EA,2,school
13061,GPT_o4,Neutral,2,school
13061,GPT_o4,Neutral-CoT,2,school
13061,GPT_o4,EI,1,school
13061,GPT_o4,EA,2,school
13061,QwenN,Neutral,2,school
13061,QwenN,Neutral-CoT,1,school
13061,QwenN,EI,1,school
13061,QwenN,EA,1,school
13061,QwenT,Neutral,2,school
13061,QwenT,Neutral-CoT,2,school
13061,QwenT,EI,1,school
13061,QwenT,EA,1,school
13113,GPT_5,Neutral,2,school
13113,GPT_5,Neutral-CoT,2,school
13113,GPT_5,EI,1,school
13113,GPT_5,EA,2,school
13113,GPT_o4,Neutral,2,school
13113,GPT_o4,Neutral-CoT,2,school
13113,GPT_o4,EI,2,school
13113,GPT_o4,EA,2,school
13113,QwenN,Neutral,1,school
13113,QwenN,Neutral-CoT,1,school
13113,QwenN,EI,1,school
13113,QwenN,EA,1,school
13113,QwenT,Neutral,1,school
13113,QwenT,Neutral-CoT,1,school
13113,QwenT,EI,1,school
13113,QwenT,EA,1,school
13115,GPT_5,Neutral,2,business_organization
13115,GPT_5,Neutral-CoT,2,business_organization
13115,GPT_5,EI,2,business_organization
13115,GPT_5,EA,2,business_organization
13115,GPT_o4,Neutral,2,business_organization
13115,GPT_o4,Neutral-CoT,2,business_organization
13115,GPT_o4,EI,2,business_organization
13115,GPT_o4,EA,2,business_organization
13115,QwenN,Neutral,2,business_organization
13115,QwenN,Neutral-CoT,2,business_organization
13115,QwenN,EI,2,business_organization
13115,QwenN,EA,2,business_organization
13115,QwenT,Neutral,2,business_organization
13115,QwenT,Neutral-CoT,2,business_organization
13115,QwenT,EI,2,business_organization
13115,QwenT,EA,2,business_organization
13137,GPT_5,Neutral,2,issue_wildlife_human_environment
13137,GPT_5,Neutral-CoT,2,issue_wildlife_human_environment
13137,GPT_5,EI,2,issue_wildlife_human_environment
13137,GPT_5,EA,2,issue_wildlife_human_environment
13137,GPT_o4,Neutral,2,issue_wildlife_human_environment
13137,GPT_o4,Neutral-CoT,2,issue_wildlife_human_environment
13137,GPT_o4,EI,2,issue_wildlife_human_environment
13137,GPT_o4,EA,2,issue_wildlife_human_environment
13137,QwenN,Neutral,2,issue_wildlife_human_environment
13137,QwenN,Neutral-CoT,2,issue_wildlife_human_environment
13137,QwenN,EI,2,issue_wildlife_human_environment
13137,QwenN,EA,2,issue_wildlife_human_environment
13137,QwenT,Neutral,2,issue_wildlife_human_environment
13137,QwenT,Neutral-CoT,2,issue_wildlife_human_environment
13137,QwenT,EI,2,issue_wildlife_human_environment
13137,QwenT,EA,2,issue_wildlife_human_environment
13141,GPT_5,Neutral,1,business_organization
13141,GPT_5,Neutral-CoT,1,business_organization
13141,GPT_5,EI,1,business_organization
13141,GPT_5,EA,1,business_organization
13141,GPT_o4,Neutral,1,business_organization
13141,GPT_o4,Neutral-CoT,1,business_organization
13141,GPT_o4,EI,1,business_organization
13141,GPT_o4,EA,1,business_organization
13141,QwenN,Neutral,1,business_organization
13141,QwenN,Neutral-CoT,1,business_organization
13141,QwenN,EI,1,business_organization
13141,QwenN,EA,1,business_organization
13141,QwenT,Neutral,1,business_organization
13141,QwenT,Neutral-CoT,1,business_organization
13141,QwenT,EI,1,business_organization
13141,QwenT,EA,1,business_organization
13200,GPT_5,Neutral,2,school
13200,GPT_5,Neutral-CoT,1,school
13200,GPT_5,EI,1,school
13200,GPT_5,EA,1,school
13200,GPT_o4,Neutral,2,school
13200,GPT_o4,Neutral-CoT,2,school
13200,GPT_o4,EI,1,school
13200,GPT_o4,EA,2,school
13200,QwenN,Neutral,1,school
13200,QwenN,Neutral-CoT,1,school
13200,QwenN,EI,1,school
13200,QwenN,EA,1,school
13200,QwenT,Neutral,1,school
13200,QwenT,Neutral-CoT,1,school
13200,QwenT,EI,1,school
13200,QwenT,EA,1,school
13227,GPT_5,Neutral,2,school
13227,GPT_5,Neutral-CoT,2,school
13227,GPT_5,EI,2,school
13227,GPT_5,EA,2,school
13227,GPT_o4,Neutral,2,school
13227,GPT_o4,Neutral-CoT,2,school
13227,GPT_o4,EI,2,school
13227,GPT_o4,EA,2,school
13227,QwenN,Neutral,2,school
13227,QwenN,Neutral-CoT,2,school
13227,QwenN,EI,2,school
13227,QwenN,EA,2,school
13227,QwenT,Neutral,2,school
13227,QwenT,Neutral-CoT,2,school
13227,QwenT,EI,2,school
13227,QwenT,EA,2,school
13300,GPT_5,Neutral,2,issue_pregnancy
13300,GPT_5,Neutral-CoT,2,issue_pregnancy
13300,GPT_5,EI,2,issue_pregnancy
13300,GPT_5,EA,2,issue_pregnancy
13300,GPT_o4,Neutral,1,issue_pregnancy
13300,GPT_o4,Neutral-CoT,1,issue_pregnancy
13300,GPT_o4,EI,1,issue_pregnancy
13300,GPT_o4,EA,1,issue_pregnancy
13300,QwenN,Neutral,2,issue_pregnancy
13300,QwenN,Neutral-CoT,2,issue_pregnancy
13300,QwenN,EI,2,issue_pregnancy
13300,QwenN,EA,2,issue_pregnancy
13300,QwenT,Neutral,2,issue_pregnancy
13300,QwenT,Neutral-CoT,2,issue_pregnancy
13300,QwenT,EI,2,issue_pregnancy
13300,QwenT,EA,2,issue_pregnancy
13319,GPT_5,Neutral,1,issue_pregnancy
13319,GPT_5,Neutral-CoT,1,issue_pregnancy
13319,GPT_5,EI,1,issue_pregnancy
13319,GPT_5,EA,1,issue_pregnancy
13319,GPT_o4,Neutral,1,issue_pregnancy
13319,GPT_o4,Neutral-CoT,,issue_pregnancy
13319,GPT_o4,EI,1,issue_pregnancy
13319,GPT_o4,EA,1,issue_pregnancy
13319,QwenN,Neutral,1,issue_pregnancy
13319,QwenN,Neutral-CoT,1,issue_pregnancy
13319,QwenN,EI,1,issue_pregnancy
13319,QwenN,EA,1,issue_pregnancy
13319,QwenT,Neutral,1,issue_pregnancy
13319,QwenT,Neutral-CoT,1,issue_pregnancy
13319,QwenT,EI,1,issue_pregnancy
13319,QwenT,EA,1,issue_pregnancy
13334,GPT_5,Neutral,1,close_relationship
13334,GPT_5,Neutral-CoT,1,close_relationship
13334,GPT_5,EI,1,close_relationship
13334,GPT_5,EA,1,close_relationship
13334,GPT_o4,Neutral,1,close_relationship
13334,GPT_o4,Neutral-CoT,1,close_relationship
13334,GPT_o4,EI,2,close_relationship
13334,GPT_o4,EA,2,close_relationship
13334,QwenN,Neutral,1,close_relationship
13334,QwenN,Neutral-CoT,1,close_relationship
13334,QwenN,EI,1,close_relationship
13334,QwenN,EA,1,close_relationship
13334,QwenT,Neutral,1,close_relationship
13334,QwenT,Neutral-CoT,1,close_relationship
13334,QwenT,EI,1,close_relationship
13334,QwenT,EA,1,close_relationship
13384,GPT_5,Neutral,2,close_relationship
13384,GPT_5,Neutral-CoT,2,close_relationship
13384,GPT_5,EI,2,close_relationship
13384,GPT_5,EA,2,close_relationship
13384,GPT_o4,Neutral,1,close_relationship
13384,GPT_o4,Neutral-CoT,1,close_relationship
13384,GPT_o4,EI,1,close_relationship
13384,GPT_o4,EA,1,close_relationship
13384,QwenN,Neutral,2,close_relationship
13384,QwenN,Neutral-CoT,2,close_relationship
13384,QwenN,EI,2,close_relationship
13384,QwenN,EA,2,close_relationship
13384,QwenT,Neutral,2,close_relationship
13384,QwenT,Neutral-CoT,1,close_relationship
13384,QwenT,EI,1,close_relationship
13384,QwenT,EA,2,close_relationship
13400,GPT_5,Neutral,2,comitted_relationship
13400,GPT_5,Neutral-CoT,2,comitted_relationship
13400,GPT_5,EI,2,comitted_relationship
13400,GPT_5,EA,2,comitted_relationship
13400,GPT_o4,Neutral,1,comitted_relationship
13400,GPT_o4,Neutral-CoT,2,comitted_relationship
13400,GPT_o4,EI,2,comitted_relationship
13400,GPT_o4,EA,2,comitted_relationship
13400,QwenN,Neutral,1,comitted_relationship
13400,QwenN,Neutral-CoT,1,comitted_relationship
13400,QwenN,EI,1,comitted_relationship
13400,QwenN,EA,1,comitted_relationship
13400,QwenT,Neutral,1,comitted_relationship
13400,QwenT,Neutral-CoT,1,comitted_relationship
13400,QwenT,EI,1,comitted_relationship
13400,QwenT,EA,1,comitted_relationship
13447,GPT_5,Neutral,2,event_special
13447,GPT_5,Neutral-CoT,2,event_special
13447,GPT_5,EI,1,event_special
13447,GPT_5,EA,2,event_special
13447,GPT_o4,Neutral,2,event_special
13447,GPT_o4,Neutral-CoT,2,event_special
13447,GPT_o4,EI,2,event_special
13447,GPT_o4,EA,2,event_special
13447,QwenN,Neutral,1,event_special
13447,QwenN,Neutral-CoT,2,event_special
13447,QwenN,EI,1,event_special
13447,QwenN,EA,2,event_special
13447,QwenT,Neutral,2,event_special
13447,QwenT,Neutral-CoT,2,event_special
13447,QwenT,EI,2,event_special
13447,QwenT,EA,2,event_special
13469,GPT_5,Neutral,2,business_organization
13469,GPT_5,Neutral-CoT,2,business_organization
13469,GPT_5,EI,2,business_organization
13469,GPT_5,EA,2,business_organization
13469,GPT_o4,Neutral,2,business_organization
13469,GPT_o4,Neutral-CoT,2,business_organization
13469,GPT_o4,EI,2,business_organization
13469,GPT_o4,EA,2,business_organization
13469,QwenN,Neutral,2,business_organization
13469,QwenN,Neutral-CoT,2,business_organization
13469,QwenN,EI,2,business_organization
13469,QwenN,EA,2,business_organization
13469,QwenT,Neutral,2,business_organization
13469,QwenT,Neutral-CoT,2,business_organization
13469,QwenT,EI,2,business_organization
13469,QwenT,EA,2,business_organization
13484,GPT_5,Neutral,2,issue_wildlife_human_environment
13484,GPT_5,Neutral-CoT,2,issue_wildlife_human_environment
13484,GPT_5,EI,2,issue_wildlife_human_environment
13484,GPT_5,EA,2,issue_wildlife_human_environment
13484,GPT_o4,Neutral,2,issue_wildlife_human_environment
13484,GPT_o4,Neutral-CoT,2,issue_wildlife_human_environment
13484,GPT_o4,EI,2,issue_wildlife_human_environment
13484,GPT_o4,EA,2,issue_wildlife_human_environment
13484,QwenN,Neutral,2,issue_wildlife_human_environment
13484,QwenN,Neutral-CoT,2,issue_wildlife_human_environment
13484,QwenN,EI,2,issue_wildlife_human_environment
13484,QwenN,EA,2,issue_wildlife_human_environment
13484,QwenT,Neutral,2,issue_wildlife_human_environment
13484,QwenT,Neutral-CoT,2,issue_wildlife_human_environment
13484,QwenT,EI,2,issue_wildlife_human_environment
13484,QwenT,EA,2,issue_wildlife_human_environment
13518,GPT_5,Neutral,2,issue_wildlife_human_environment
13518,GPT_5,Neutral-CoT,2,issue_wildlife_human_environment
13518,GPT_5,EI,2,issue_wildlife_human_environment
13518,GPT_5,EA,2,issue_wildlife_human_environment
13518,GPT_o4,Neutral,2,issue_wildlife_human_environment
13518,GPT_o4,Neutral-CoT,2,issue_wildlife_human_environment
13518,GPT_o4,EI,2,issue_wildlife_human_environment
13518,GPT_o4,EA,2,issue_wildlife_human_environment
13518,QwenN,Neutral,2,issue_wildlife_human_environment
13518,QwenN,Neutral-CoT,2,issue_wildlife_human_environment
13518,QwenN,EI,2,issue_wildlife_human_environment
13518,QwenN,EA,2,issue_wildlife_human_environment
13518,QwenT,Neutral,2,issue_wildlife_human_environment
13518,QwenT,Neutral-CoT,2,issue_wildlife_human_environment
13518,QwenT,EI,2,issue_wildlife_human_environment
13518,QwenT,EA,2,issue_wildlife_human_environment
13531,GPT_5,Neutral,2,event_daily_life
13531,GPT_5,Neutral-CoT,2,event_daily_life
13531,GPT_5,EI,2,event_daily_life
13531,GPT_5,EA,2,event_daily_life
13531,GPT_o4,Neutral,2,event_daily_life
13531,GPT_o4,Neutral-CoT,2,event_daily_life
13531,GPT_o4,EI,2,event_daily_life
13531,GPT_o4,EA,2,event_daily_life
13531,QwenN,Neutral,2,event_daily_life
13531,QwenN,Neutral-CoT,2,event_daily_life
13531,QwenN,EI,2,event_daily_life
13531,QwenN,EA,2,event_daily_life
13531,QwenT,Neutral,1,event_daily_life
13531,QwenT,Neutral-CoT,1,event_daily_life
13531,QwenT,EI,2,event_daily_life
13531,QwenT,EA,1,event_daily_life
13562,GPT_5,Neutral,2,issue_pregnancy
13562,GPT_5,Neutral-CoT,2,issue_pregnancy
13562,GPT_5,EI,2,issue_pregnancy
13562,GPT_5,EA,2,issue_pregnancy
13562,GPT_o4,Neutral,1,issue_pregnancy
13562,GPT_o4,Neutral-CoT,2,issue_pregnancy
13562,GPT_o4,EI,2,issue_pregnancy
13562,GPT_o4,EA,2,issue_pregnancy
13562,QwenN,Neutral,2,issue_pregnancy
13562,QwenN,Neutral-CoT,2,issue_pregnancy
13562,QwenN,EI,2,issue_pregnancy
13562,QwenN,EA,2,issue_pregnancy
13562,QwenT,Neutral,1,issue_pregnancy
13562,QwenT,Neutral-CoT,2,issue_pregnancy
13562,QwenT,EI,2,issue_pregnancy
13562,QwenT,EA,2,issue_pregnancy
13726,GPT_5,Neutral,2,family
13726,GPT_5,Neutral-CoT,2,family
13726,GPT_5,EI,2,family
13726,GPT_5,EA,2,family
13726,GPT_o4,Neutral,2,family
13726,GPT_o4,Neutral-CoT,2,family
13726,GPT_o4,EI,2,family
13726,GPT_o4,EA,2,family
13726,QwenN,Neutral,2,family
13726,QwenN,Neutral-CoT,2,family
13726,QwenN,EI,2,family
13726,QwenN,EA,2,family
13726,QwenT,Neutral,2,family
13726,QwenT,Neutral-CoT,2,family
13726,QwenT,EI,2,family
13726,QwenT,EA,2,family
13785,GPT_5,Neutral,1,close_relationship
13785,GPT_5,Neutral-CoT,1,close_relationship
13785,GPT_5,EI,1,close_relationship
13785,GPT_5,EA,1,close_relationship
13785,GPT_o4,Neutral,1,close_relationship
13785,GPT_o4,Neutral-CoT,1,close_relationship
13785,GPT_o4,EI,1,close_relationship
13785,GPT_o4,EA,1,close_relationship
13785,QwenN,Neutral,1,close_relationship
13785,QwenN,Neutral-CoT,1,close_relationship
13785,QwenN,EI,1,close_relationship
13785,QwenN,EA,1,close_relationship
13785,QwenT,Neutral,1,close_relationship
13785,QwenT,Neutral-CoT,1,close_relationship
13785,QwenT,EI,1,close_relationship
13785,QwenT,EA,1,close_relationship
13843,GPT_5,Neutral,2,role_duty_responsibility
13843,GPT_5,Neutral-CoT,2,role_duty_responsibility
13843,GPT_5,EI,2,role_duty_responsibility
13843,GPT_5,EA,2,role_duty_responsibility
13843,GPT_o4,Neutral,2,role_duty_responsibility
13843,GPT_o4,Neutral-CoT,2,role_duty_responsibility
13843,GPT_o4,EI,2,role_duty_responsibility
13843,GPT_o4,EA,2,role_duty_responsibility
13843,QwenN,Neutral,2,role_duty_responsibility
13843,QwenN,Neutral-CoT,2,role_duty_responsibility
13843,QwenN,EI,2,role_duty_responsibility
13843,QwenN,EA,2,role_duty_responsibility
13843,QwenT,Neutral,2,role_duty_responsibility
13843,QwenT,Neutral-CoT,2,role_duty_responsibility
13843,QwenT,EI,2,role_duty_responsibility
13843,QwenT,EA,2,role_duty_responsibility
13864,GPT_5,Neutral,2,religion_custom
13864,GPT_5,Neutral-CoT,2,religion_custom
13864,GPT_5,EI,2,religion_custom
13864,GPT_5,EA,2,religion_custom
13864,GPT_o4,Neutral,2,religion_custom
13864,GPT_o4,Neutral-CoT,2,religion_custom
13864,GPT_o4,EI,2,religion_custom
13864,GPT_o4,EA,2,religion_custom
13864,QwenN,Neutral,2,religion_custom
13864,QwenN,Neutral-CoT,2,religion_custom
13864,QwenN,EI,2,religion_custom
13864,QwenN,EA,2,religion_custom
13864,QwenT,Neutral,2,religion_custom
13864,QwenT,Neutral-CoT,2,religion_custom
13864,QwenT,EI,2,religion_custom
13864,QwenT,EA,2,religion_custom
13874,GPT_5,Neutral,1,close_relationship
13874,GPT_5,Neutral-CoT,1,close_relationship
13874,GPT_5,EI,1,close_relationship
13874,GPT_5,EA,1,close_relationship
13874,GPT_o4,Neutral,1,close_relationship
13874,GPT_o4,Neutral-CoT,1,close_relationship
13874,GPT_o4,EI,1,close_relationship
13874,GPT_o4,EA,1,close_relationship
13874,QwenN,Neutral,1,close_relationship
13874,QwenN,Neutral-CoT,1,close_relationship
13874,QwenN,EI,1,close_relationship
13874,QwenN,EA,1,close_relationship
13874,QwenT,Neutral,1,close_relationship
13874,QwenT,Neutral-CoT,1,close_relationship
13874,QwenT,EI,1,close_relationship
13874,QwenT,EA,1,close_relationship
13920,GPT_5,Neutral,1,business_organization
13920,GPT_5,Neutral-CoT,2,business_organization
13920,GPT_5,EI,1,business_organization
13920,GPT_5,EA,1,business_organization
13920,GPT_o4,Neutral,2,business_organization
13920,GPT_o4,Neutral-CoT,1,business_organization
13920,GPT_o4,EI,1,business_organization
13920,GPT_o4,EA,1,business_organization
13920,QwenN,Neutral,2,business_organization
13920,QwenN,Neutral-CoT,2,business_organization
13920,QwenN,EI,2,business_organization
13920,QwenN,EA,2,business_organization
13920,QwenT,Neutral,1,business_organization
13920,QwenT,Neutral-CoT,1,business_organization
13920,QwenT,EI,2,business_organization
13920,QwenT,EA,1,business_organization
13923,GPT_5,Neutral,2,comitted_relationship
13923,GPT_5,Neutral-CoT,2,comitted_relationship
13923,GPT_5,EI,2,comitted_relationship
13923,GPT_5,EA,2,comitted_relationship
13923,GPT_o4,Neutral,1,comitted_relationship
13923,GPT_o4,Neutral-CoT,2,comitted_relationship
13923,GPT_o4,EI,2,comitted_relationship
13923,GPT_o4,EA,2,comitted_relationship
13923,QwenN,Neutral,2,comitted_relationship
13923,QwenN,Neutral-CoT,2,comitted_relationship
13923,QwenN,EI,2,comitted_relationship
13923,QwenN,EA,2,comitted_relationship
13923,QwenT,Neutral,2,comitted_relationship
13923,QwenT,Neutral-CoT,2,comitted_relationship
13923,QwenT,EI,2,comitted_relationship
13923,QwenT,EA,2,comitted_relationship
13996,GPT_5,Neutral,2,issue_self_image_social
13996,GPT_5,Neutral-CoT,1,issue_self_image_social
13996,GPT_5,EI,2,issue_self_image_social
13996,GPT_5,EA,1,issue_self_image_social
13996,GPT_o4,Neutral,1,issue_self_image_social
13996,GPT_o4,Neutral-CoT,1,issue_self_image_social
13996,GPT_o4,EI,2,issue_self_image_social
13996,GPT_o4,EA,2,issue_self_image_social
13996,QwenN,Neutral,2,issue_self_image_social
13996,QwenN,Neutral-CoT,2,issue_self_image_social
13996,QwenN,EI,2,issue_self_image_social
13996,QwenN,EA,2,issue_self_image_social
13996,QwenT,Neutral,1,issue_self_image_social
13996,QwenT,Neutral-CoT,2,issue_self_image_social
13996,QwenT,EI,2,issue_self_image_social
13996,QwenT,EA,2,issue_self_image_social
14011,GPT_5,Neutral,2,issue_pregnancy
14011,GPT_5,Neutral-CoT,2,issue_pregnancy
14011,GPT_5,EI,2,issue_pregnancy
14011,GPT_5,EA,2,issue_pregnancy
14011,GPT_o4,Neutral,2,issue_pregnancy
14011,GPT_o4,Neutral-CoT,2,issue_pregnancy
14011,GPT_o4,EI,2,issue_pregnancy
14011,GPT_o4,EA,2,issue_pregnancy
14011,QwenN,Neutral,2,issue_pregnancy
14011,QwenN,Neutral-CoT,2,issue_pregnancy
14011,QwenN,EI,2,issue_pregnancy
14011,QwenN,EA,2,issue_pregnancy
14011,QwenT,Neutral,2,issue_pregnancy
14011,QwenT,Neutral-CoT,2,issue_pregnancy
14011,QwenT,EI,2,issue_pregnancy
14011,QwenT,EA,2,issue_pregnancy
14047,GPT_5,Neutral,2,close_relationship
14047,GPT_5,Neutral-CoT,2,close_relationship
14047,GPT_5,EI,2,close_relationship
14047,GPT_5,EA,2,close_relationship
14047,GPT_o4,Neutral,2,close_relationship
14047,GPT_o4,Neutral-CoT,2,close_relationship
14047,GPT_o4,EI,2,close_relationship
14047,GPT_o4,EA,2,close_relationship
14047,QwenN,Neutral,2,close_relationship
14047,QwenN,Neutral-CoT,2,close_relationship
14047,QwenN,EI,2,close_relationship
14047,QwenN,EA,2,close_relationship
14047,QwenT,Neutral,2,close_relationship
14047,QwenT,Neutral-CoT,2,close_relationship
14047,QwenT,EI,2,close_relationship
14047,QwenT,EA,2,close_relationship
14055,GPT_5,Neutral,2,family
14055,GPT_5,Neutral-CoT,2,family
14055,GPT_5,EI,2,family
14055,GPT_5,EA,2,family
14055,GPT_o4,Neutral,2,family
14055,GPT_o4,Neutral-CoT,2,family
14055,GPT_o4,EI,2,family
14055,GPT_o4,EA,2,family
14055,QwenN,Neutral,2,family
14055,QwenN,Neutral-CoT,2,family
14055,QwenN,EI,2,family
14055,QwenN,EA,2,family
14055,QwenT,Neutral,2,family
14055,QwenT,Neutral-CoT,2,family
14055,QwenT,EI,2,family
14055,QwenT,EA,2,family
14074,GPT_5,Neutral,2,family
14074,GPT_5,Neutral-CoT,2,family
14074,GPT_5,EI,2,family
14074,GPT_5,EA,2,family
14074,GPT_o4,Neutral,2,family
14074,GPT_o4,Neutral-CoT,2,family
14074,GPT_o4,EI,2,family
14074,GPT_o4,EA,2,family
14074,QwenN,Neutral,2,family
14074,QwenN,Neutral-CoT,2,family
14074,QwenN,EI,2,family
14074,QwenN,EA,2,family
14074,QwenT,Neutral,2,family
14074,QwenT,Neutral-CoT,2,family
14074,QwenT,EI,2,family
14074,QwenT,EA,2,family
14137,GPT_5,Neutral,2,issue_young_people
14137,GPT_5,Neutral-CoT,2,issue_young_people
14137,GPT_5,EI,2,issue_young_people
14137,GPT_5,EA,2,issue_young_people
14137,GPT_o4,Neutral,2,issue_young_people
14137,GPT_o4,Neutral-CoT,2,issue_young_people
14137,GPT_o4,EI,2,issue_young_people
14137,GPT_o4,EA,2,issue_young_people
14137,QwenN,Neutral,2,issue_young_people
14137,QwenN,Neutral-CoT,2,issue_young_people
14137,QwenN,EI,2,issue_young_people
14137,QwenN,EA,2,issue_young_people
14137,QwenT,Neutral,2,issue_young_people
14137,QwenT,Neutral-CoT,2,issue_young_people
14137,QwenT,EI,2,issue_young_people
14137,QwenT,EA,2,issue_young_people
14139,GPT_5,Neutral,2,role_duty_responsibility
14139,GPT_5,Neutral-CoT,2,role_duty_responsibility
14139,GPT_5,EI,2,role_duty_responsibility
14139,GPT_5,EA,2,role_duty_responsibility
14139,GPT_o4,Neutral,2,role_duty_responsibility
14139,GPT_o4,Neutral-CoT,2,role_duty_responsibility
14139,GPT_o4,EI,2,role_duty_responsibility
14139,GPT_o4,EA,2,role_duty_responsibility
14139,QwenN,Neutral,2,role_duty_responsibility
14139,QwenN,Neutral-CoT,2,role_duty_responsibility
14139,QwenN,EI,2,role_duty_responsibility
14139,QwenN,EA,2,role_duty_responsibility
14139,QwenT,Neutral,2,role_duty_responsibility
14139,QwenT,Neutral-CoT,2,role_duty_responsibility
14139,QwenT,EI,2,role_duty_responsibility
14139,QwenT,EA,2,role_duty_responsibility
14224,GPT_5,Neutral,2,close_relationship
14224,GPT_5,Neutral-CoT,2,close_relationship
14224,GPT_5,EI,2,close_relationship
14224,GPT_5,EA,2,close_relationship
14224,GPT_o4,Neutral,2,close_relationship
14224,GPT_o4,Neutral-CoT,2,close_relationship
14224,GPT_o4,EI,2,close_relationship
14224,GPT_o4,EA,2,close_relationship
14224,QwenN,Neutral,1,close_relationship
14224,QwenN,Neutral-CoT,1,close_relationship
14224,QwenN,EI,2,close_relationship
14224,QwenN,EA,1,close_relationship
14224,QwenT,Neutral,1,close_relationship
14224,QwenT,Neutral-CoT,1,close_relationship
14224,QwenT,EI,2,close_relationship
14224,QwenT,EA,2,close_relationship
14259,GPT_5,Neutral,1,issue_pregnancy
14259,GPT_5,Neutral-CoT,1,issue_pregnancy
14259,GPT_5,EI,1,issue_pregnancy
14259,GPT_5,EA,1,issue_pregnancy
14259,GPT_o4,Neutral,1,issue_pregnancy
14259,GPT_o4,Neutral-CoT,1,issue_pregnancy
14259,GPT_o4,EI,1,issue_pregnancy
14259,GPT_o4,EA,1,issue_pregnancy
14259,QwenN,Neutral,1,issue_pregnancy
14259,QwenN,Neutral-CoT,1,issue_pregnancy
14259,QwenN,EI,1,issue_pregnancy
14259,QwenN,EA,1,issue_pregnancy
14259,QwenT,Neutral,1,issue_pregnancy
14259,QwenT,Neutral-CoT,1,issue_pregnancy
14259,QwenT,EI,1,issue_pregnancy
14259,QwenT,EA,1,issue_pregnancy
14300,GPT_5,Neutral,2,event_daily_life
14300,GPT_5,Neutral-CoT,2,event_daily_life
14300,GPT_5,EI,2,event_daily_life
14300,GPT_5,EA,2,event_daily_life
14300,GPT_o4,Neutral,1,event_daily_life
14300,GPT_o4,Neutral-CoT,2,event_daily_life
14300,GPT_o4,EI,2,event_daily_life
14300,GPT_o4,EA,2,event_daily_life
14300,QwenN,Neutral,2,event_daily_life
14300,QwenN,Neutral-CoT,2,event_daily_life
14300,QwenN,EI,2,event_daily_life
14300,QwenN,EA,2,event_daily_life
14300,QwenT,Neutral,2,event_daily_life
14300,QwenT,Neutral-CoT,2,event_daily_life
14300,QwenT,EI,2,event_daily_life
14300,QwenT,EA,2,event_daily_life
14325,GPT_5,Neutral,1,issue_crime_addiction
14325,GPT_5,Neutral-CoT,1,issue_crime_addiction
14325,GPT_5,EI,1,issue_crime_addiction
14325,GPT_5,EA,1,issue_crime_addiction
14325,GPT_o4,Neutral,1,issue_crime_addiction
14325,GPT_o4,Neutral-CoT,1,issue_crime_addiction
14325,GPT_o4,EI,1,issue_crime_addiction
14325,GPT_o4,EA,1,issue_crime_addiction
14325,QwenN,Neutral,1,issue_crime_addiction
14325,QwenN,Neutral-CoT,1,issue_crime_addiction
14325,QwenN,EI,1,issue_crime_addiction
14325,QwenN,EA,1,issue_crime_addiction
14325,QwenT,Neutral,1,issue_crime_addiction
14325,QwenT,Neutral-CoT,1,issue_crime_addiction
14325,QwenT,EI,1,issue_crime_addiction
14325,QwenT,EA,1,issue_crime_addiction
14408,GPT_5,Neutral,1,issue_crime_addiction
14408,GPT_5,Neutral-CoT,1,issue_crime_addiction
14408,GPT_5,EI,1,issue_crime_addiction
14408,GPT_5,EA,1,issue_crime_addiction
14408,GPT_o4,Neutral,1,issue_crime_addiction
14408,GPT_o4,Neutral-CoT,1,issue_crime_addiction
14408,GPT_o4,EI,1,issue_crime_addiction
14408,GPT_o4,EA,1,issue_crime_addiction
14408,QwenN,Neutral,1,issue_crime_addiction
14408,QwenN,Neutral-CoT,1,issue_crime_addiction
14408,QwenN,EI,1,issue_crime_addiction
14408,QwenN,EA,1,issue_crime_addiction
14408,QwenT,Neutral,1,issue_crime_addiction
14408,QwenT,Neutral-CoT,1,issue_crime_addiction
14408,QwenT,EI,1,issue_crime_addiction
14408,QwenT,EA,1,issue_crime_addiction
14410,GPT_5,Neutral,1,workplace
14410,GPT_5,Neutral-CoT,2,workplace
14410,GPT_5,EI,2,workplace
14410,GPT_5,EA,2,workplace
14410,GPT_o4,Neutral,1,workplace
14410,GPT_o4,Neutral-CoT,2,workplace
14410,GPT_o4,EI,2,workplace
14410,GPT_o4,EA,1,workplace
14410,QwenN,Neutral,1,workplace
14410,QwenN,Neutral-CoT,1,workplace
14410,QwenN,EI,2,workplace
14410,QwenN,EA,1,workplace
14410,QwenT,Neutral,1,workplace
14410,QwenT,Neutral-CoT,1,workplace
14410,QwenT,EI,2,workplace
14410,QwenT,EA,1,workplace
14469,GPT_5,Neutral,1,event_daily_life
14469,GPT_5,Neutral-CoT,1,event_daily_life
14469,GPT_5,EI,1,event_daily_life
14469,GPT_5,EA,1,event_daily_life
14469,GPT_o4,Neutral,1,event_daily_life
14469,GPT_o4,Neutral-CoT,1,event_daily_life
14469,GPT_o4,EI,1,event_daily_life
14469,GPT_o4,EA,1,event_daily_life
14469,QwenN,Neutral,1,event_daily_life
14469,QwenN,Neutral-CoT,1,event_daily_life
14469,QwenN,EI,1,event_daily_life
14469,QwenN,EA,1,event_daily_life
14469,QwenT,Neutral,1,event_daily_life
14469,QwenT,Neutral-CoT,1,event_daily_life
14469,QwenT,EI,1,event_daily_life
14469,QwenT,EA,1,event_daily_life
14488,GPT_5,Neutral,1,close_relationship
14488,GPT_5,Neutral-CoT,1,close_relationship
14488,GPT_5,EI,1,close_relationship
14488,GPT_5,EA,1,close_relationship
14488,GPT_o4,Neutral,1,close_relationship
14488,GPT_o4,Neutral-CoT,1,close_relationship
14488,GPT_o4,EI,1,close_relationship
14488,GPT_o4,EA,1,close_relationship
14488,QwenN,Neutral,1,close_relationship
14488,QwenN,Neutral-CoT,1,close_relationship
14488,QwenN,EI,1,close_relationship
14488,QwenN,EA,1,close_relationship
14488,QwenT,Neutral,1,close_relationship
14488,QwenT,Neutral-CoT,1,close_relationship
14488,QwenT,EI,1,close_relationship
14488,QwenT,EA,1,close_relationship
14532,GPT_5,Neutral,2,comitted_relationship
14532,GPT_5,Neutral-CoT,2,comitted_relationship
14532,GPT_5,EI,2,comitted_relationship
14532,GPT_5,EA,2,comitted_relationship
14532,GPT_o4,Neutral,2,comitted_relationship
14532,GPT_o4,Neutral-CoT,2,comitted_relationship
14532,GPT_o4,EI,2,comitted_relationship
14532,GPT_o4,EA,2,comitted_relationship
14532,QwenN,Neutral,2,comitted_relationship
14532,QwenN,Neutral-CoT,2,comitted_relationship
14532,QwenN,EI,2,comitted_relationship
14532,QwenN,EA,2,comitted_relationship
14532,QwenT,Neutral,2,comitted_relationship
14532,QwenT,Neutral-CoT,2,comitted_relationship
14532,QwenT,EI,1,comitted_relationship
14532,QwenT,EA,2,comitted_relationship
14550,GPT_5,Neutral,2,issue_young_people
14550,GPT_5,Neutral-CoT,2,issue_young_people
14550,GPT_5,EI,2,issue_young_people
14550,GPT_5,EA,2,issue_young_people
14550,GPT_o4,Neutral,2,issue_young_people
14550,GPT_o4,Neutral-CoT,2,issue_young_people
14550,GPT_o4,EI,2,issue_young_people
14550,GPT_o4,EA,2,issue_young_people
14550,QwenN,Neutral,2,issue_young_people
14550,QwenN,Neutral-CoT,2,issue_young_people
14550,QwenN,EI,2,issue_young_people
14550,QwenN,EA,2,issue_young_people
14550,QwenT,Neutral,2,issue_young_people
14550,QwenT,Neutral-CoT,2,issue_young_people
14550,QwenT,EI,2,issue_young_people
14550,QwenT,EA,2,issue_young_people
14557,GPT_5,Neutral,1,issue_self_image_social
14557,GPT_5,Neutral-CoT,1,issue_self_image_social
14557,GPT_5,EI,1,issue_self_image_social
14557,GPT_5,EA,1,issue_self_image_social
14557,GPT_o4,Neutral,1,issue_self_image_social
14557,GPT_o4,Neutral-CoT,1,issue_self_image_social
14557,GPT_o4,EI,1,issue_self_image_social
14557,GPT_o4,EA,1,issue_self_image_social
14557,QwenN,Neutral,1,issue_self_image_social
14557,QwenN,Neutral-CoT,1,issue_self_image_social
14557,QwenN,EI,1,issue_self_image_social
14557,QwenN,EA,1,issue_self_image_social
14557,QwenT,Neutral,1,issue_self_image_social
14557,QwenT,Neutral-CoT,1,issue_self_image_social
14557,QwenT,EI,1,issue_self_image_social
14557,QwenT,EA,1,issue_self_image_social
14581,GPT_5,Neutral,2,event_daily_life
14581,GPT_5,Neutral-CoT,2,event_daily_life
14581,GPT_5,EI,2,event_daily_life
14581,GPT_5,EA,2,event_daily_life
14581,GPT_o4,Neutral,2,event_daily_life
14581,GPT_o4,Neutral-CoT,1,event_daily_life
14581,GPT_o4,EI,2,event_daily_life
14581,GPT_o4,EA,2,event_daily_life
14581,QwenN,Neutral,2,event_daily_life
14581,QwenN,Neutral-CoT,2,event_daily_life
14581,QwenN,EI,2,event_daily_life
14581,QwenN,EA,2,event_daily_life
14581,QwenT,Neutral,2,event_daily_life
14581,QwenT,Neutral-CoT,2,event_daily_life
14581,QwenT,EI,2,event_daily_life
14581,QwenT,EA,2,event_daily_life
14617,GPT_5,Neutral,2,family
14617,GPT_5,Neutral-CoT,2,family
14617,GPT_5,EI,2,family
14617,GPT_5,EA,2,family
14617,GPT_o4,Neutral,2,family
14617,GPT_o4,Neutral-CoT,2,family
14617,GPT_o4,EI,2,family
14617,GPT_o4,EA,2,family
14617,QwenN,Neutral,2,family
14617,QwenN,Neutral-CoT,2,family
14617,QwenN,EI,2,family
14617,QwenN,EA,2,family
14617,QwenT,Neutral,2,family
14617,QwenT,Neutral-CoT,2,family
14617,QwenT,EI,2,family
14617,QwenT,EA,2,family
14707,GPT_5,Neutral,2,event_special
14707,GPT_5,Neutral-CoT,2,event_special
14707,GPT_5,EI,2,event_special
14707,GPT_5,EA,2,event_special
14707,GPT_o4,Neutral,2,event_special
14707,GPT_o4,Neutral-CoT,2,event_special
14707,GPT_o4,EI,2,event_special
14707,GPT_o4,EA,2,event_special
14707,QwenN,Neutral,2,event_special
14707,QwenN,Neutral-CoT,2,event_special
14707,QwenN,EI,2,event_special
14707,QwenN,EA,2,event_special
14707,QwenT,Neutral,1,event_special
14707,QwenT,Neutral-CoT,2,event_special
14707,QwenT,EI,2,event_special
14707,QwenT,EA,1,event_special
14759,GPT_5,Neutral,2,issue_pregnancy
14759,GPT_5,Neutral-CoT,2,issue_pregnancy
14759,GPT_5,EI,2,issue_pregnancy
14759,GPT_5,EA,2,issue_pregnancy
14759,GPT_o4,Neutral,2,issue_pregnancy
14759,GPT_o4,Neutral-CoT,2,issue_pregnancy
14759,GPT_o4,EI,2,issue_pregnancy
14759,GPT_o4,EA,2,issue_pregnancy
14759,QwenN,Neutral,2,issue_pregnancy
14759,QwenN,Neutral-CoT,2,issue_pregnancy
14759,QwenN,EI,2,issue_pregnancy
14759,QwenN,EA,2,issue_pregnancy
14759,QwenT,Neutral,2,issue_pregnancy
14759,QwenT,Neutral-CoT,2,issue_pregnancy
14759,QwenT,EI,1,issue_pregnancy
14759,QwenT,EA,2,issue_pregnancy
14793,GPT_5,Neutral,1,close_relationship
14793,GPT_5,Neutral-CoT,1,close_relationship
14793,GPT_5,EI,1,close_relationship
14793,GPT_5,EA,1,close_relationship
14793,GPT_o4,Neutral,1,close_relationship
14793,GPT_o4,Neutral-CoT,1,close_relationship
14793,GPT_o4,EI,1,close_relationship
14793,GPT_o4,EA,1,close_relationship
14793,QwenN,Neutral,1,close_relationship
14793,QwenN,Neutral-CoT,1,close_relationship
14793,QwenN,EI,1,close_relationship
14793,QwenN,EA,1,close_relationship
14793,QwenT,Neutral,1,close_relationship
14793,QwenT,Neutral-CoT,1,close_relationship
14793,QwenT,EI,1,close_relationship
14793,QwenT,EA,1,close_relationship
14796,GPT_5,Neutral,2,role_duty_responsibility
14796,GPT_5,Neutral-CoT,2,role_duty_responsibility
14796,GPT_5,EI,2,role_duty_responsibility
14796,GPT_5,EA,2,role_duty_responsibility
14796,GPT_o4,Neutral,2,role_duty_responsibility
14796,GPT_o4,Neutral-CoT,2,role_duty_responsibility
14796,GPT_o4,EI,2,role_duty_responsibility
14796,GPT_o4,EA,2,role_duty_responsibility
14796,QwenN,Neutral,2,role_duty_responsibility
14796,QwenN,Neutral-CoT,2,role_duty_responsibility
14796,QwenN,EI,2,role_duty_responsibility
14796,QwenN,EA,2,role_duty_responsibility
14796,QwenT,Neutral,2,role_duty_responsibility
14796,QwenT,Neutral-CoT,2,role_duty_responsibility
14796,QwenT,EI,2,role_duty_responsibility
14796,QwenT,EA,2,role_duty_responsibility
14818,GPT_5,Neutral,1,issue_wildlife_human_environment
14818,GPT_5,Neutral-CoT,1,issue_wildlife_human_environment
14818,GPT_5,EI,1,issue_wildlife_human_environment
14818,GPT_5,EA,1,issue_wildlife_human_environment
14818,GPT_o4,Neutral,1,issue_wildlife_human_environment
14818,GPT_o4,Neutral-CoT,1,issue_wildlife_human_environment
14818,GPT_o4,EI,2,issue_wildlife_human_environment
14818,GPT_o4,EA,1,issue_wildlife_human_environment
14818,QwenN,Neutral,2,issue_wildlife_human_environment
14818,QwenN,Neutral-CoT,2,issue_wildlife_human_environment
14818,QwenN,EI,2,issue_wildlife_human_environment
14818,QwenN,EA,2,issue_wildlife_human_environment
14818,QwenT,Neutral,1,issue_wildlife_human_environment
14818,QwenT,Neutral-CoT,1,issue_wildlife_human_environment
14818,QwenT,EI,2,issue_wildlife_human_environment
14818,QwenT,EA,1,issue_wildlife_human_environment
14845,GPT_5,Neutral,2,workplace
14845,GPT_5,Neutral-CoT,2,workplace
14845,GPT_5,EI,2,workplace
14845,GPT_5,EA,2,workplace
14845,GPT_o4,Neutral,2,workplace
14845,GPT_o4,Neutral-CoT,2,workplace
14845,GPT_o4,EI,2,workplace
14845,GPT_o4,EA,2,workplace
14845,QwenN,Neutral,2,workplace
14845,QwenN,Neutral-CoT,2,workplace
14845,QwenN,EI,2,workplace
14845,QwenN,EA,2,workplace
14845,QwenT,Neutral,2,workplace
14845,QwenT,Neutral-CoT,2,workplace
14845,QwenT,EI,2,workplace
14845,QwenT,EA,2,workplace
14858,GPT_5,Neutral,2,event_special
14858,GPT_5,Neutral-CoT,2,event_special
14858,GPT_5,EI,2,event_special
14858,GPT_5,EA,2,event_special
14858,GPT_o4,Neutral,2,event_special
14858,GPT_o4,Neutral-CoT,2,event_special
14858,GPT_o4,EI,2,event_special
14858,GPT_o4,EA,2,event_special
14858,QwenN,Neutral,2,event_special
14858,QwenN,Neutral-CoT,2,event_special
14858,QwenN,EI,2,event_special
14858,QwenN,EA,2,event_special
14858,QwenT,Neutral,2,event_special
14858,QwenT,Neutral-CoT,2,event_special
14858,QwenT,EI,2,event_special
14858,QwenT,EA,2,event_special
14868,GPT_5,Neutral,1,religion_custom
14868,GPT_5,Neutral-CoT,1,religion_custom
14868,GPT_5,EI,1,religion_custom
14868,GPT_5,EA,1,religion_custom
14868,GPT_o4,Neutral,1,religion_custom
14868,GPT_o4,Neutral-CoT,1,religion_custom
14868,GPT_o4,EI,1,religion_custom
14868,GPT_o4,EA,1,religion_custom
14868,QwenN,Neutral,1,religion_custom
14868,QwenN,Neutral-CoT,1,religion_custom
14868,QwenN,EI,1,religion_custom
14868,QwenN,EA,1,religion_custom
14868,QwenT,Neutral,1,religion_custom
14868,QwenT,Neutral-CoT,1,religion_custom
14868,QwenT,EI,1,religion_custom
14868,QwenT,EA,1,religion_custom
14900,GPT_5,Neutral,1,issue_personal_career
14900,GPT_5,Neutral-CoT,1,issue_personal_career
14900,GPT_5,EI,1,issue_personal_career
14900,GPT_5,EA,1,issue_personal_career
14900,GPT_o4,Neutral,1,issue_personal_career
14900,GPT_o4,Neutral-CoT,1,issue_personal_career
14900,GPT_o4,EI,1,issue_personal_career
14900,GPT_o4,EA,1,issue_personal_career
14900,QwenN,Neutral,1,issue_personal_career
14900,QwenN,Neutral-CoT,1,issue_personal_career
14900,QwenN,EI,1,issue_personal_career
14900,QwenN,EA,1,issue_personal_career
14900,QwenT,Neutral,1,issue_personal_career
14900,QwenT,Neutral-CoT,1,issue_personal_career
14900,QwenT,EI,1,issue_personal_career
14900,QwenT,EA,1,issue_personal_career
14932,GPT_5,Neutral,2,close_relationship
14932,GPT_5,Neutral-CoT,2,close_relationship
14932,GPT_5,EI,2,close_relationship
14932,GPT_5,EA,2,close_relationship
14932,GPT_o4,Neutral,2,close_relationship
14932,GPT_o4,Neutral-CoT,2,close_relationship
14932,GPT_o4,EI,2,close_relationship
14932,GPT_o4,EA,2,close_relationship
14932,QwenN,Neutral,2,close_relationship
14932,QwenN,Neutral-CoT,2,close_relationship
14932,QwenN,EI,2,close_relationship
14932,QwenN,EA,2,close_relationship
14932,QwenT,Neutral,2,close_relationship
14932,QwenT,Neutral-CoT,2,close_relationship
14932,QwenT,EI,2,close_relationship
14932,QwenT,EA,2,close_relationship
14970,GPT_5,Neutral,2,issue_wildlife_human_environment
14970,GPT_5,Neutral-CoT,2,issue_wildlife_human_environment
14970,GPT_5,EI,2,issue_wildlife_human_environment
14970,GPT_5,EA,2,issue_wildlife_human_environment
14970,GPT_o4,Neutral,2,issue_wildlife_human_environment
14970,GPT_o4,Neutral-CoT,2,issue_wildlife_human_environment
14970,GPT_o4,EI,2,issue_wildlife_human_environment
14970,GPT_o4,EA,2,issue_wildlife_human_environment
14970,QwenN,Neutral,2,issue_wildlife_human_environment
14970,QwenN,Neutral-CoT,2,issue_wildlife_human_environment
14970,QwenN,EI,2,issue_wildlife_human_environment
14970,QwenN,EA,2,issue_wildlife_human_environment
14970,QwenT,Neutral,2,issue_wildlife_human_environment
14970,QwenT,Neutral-CoT,2,issue_wildlife_human_environment
14970,QwenT,EI,2,issue_wildlife_human_environment
14970,QwenT,EA,2,issue_wildlife_human_environment
14988,GPT_5,Neutral,2,family
14988,GPT_5,Neutral-CoT,2,family
14988,GPT_5,EI,2,family
14988,GPT_5,EA,2,family
14988,GPT_o4,Neutral,2,family
14988,GPT_o4,Neutral-CoT,2,family
14988,GPT_o4,EI,2,family
14988,GPT_o4,EA,2,family
14988,QwenN,Neutral,2,family
14988,QwenN,Neutral-CoT,2,family
14988,QwenN,EI,2,family
14988,QwenN,EA,2,family
14988,QwenT,Neutral,2,family
14988,QwenT,Neutral-CoT,2,family
14988,QwenT,EI,2,family
14988,QwenT,EA,2,family
15035,GPT_5,Neutral,1,religion_custom
15035,GPT_5,Neutral-CoT,1,religion_custom
15035,GPT_5,EI,1,religion_custom
15035,GPT_5,EA,1,religion_custom
15035,GPT_o4,Neutral,1,religion_custom
15035,GPT_o4,Neutral-CoT,1,religion_custom
15035,GPT_o4,EI,1,religion_custom
15035,GPT_o4,EA,1,religion_custom
15035,QwenN,Neutral,1,religion_custom
15035,QwenN,Neutral-CoT,1,religion_custom
15035,QwenN,EI,1,religion_custom
15035,QwenN,EA,1,religion_custom
15035,QwenT,Neutral,1,religion_custom
15035,QwenT,Neutral-CoT,1,religion_custom
15035,QwenT,EI,1,religion_custom
15035,QwenT,EA,1,religion_custom
15066,GPT_5,Neutral,2,issue_pregnancy
15066,GPT_5,Neutral-CoT,2,issue_pregnancy
15066,GPT_5,EI,2,issue_pregnancy
15066,GPT_5,EA,2,issue_pregnancy
15066,GPT_o4,Neutral,2,issue_pregnancy
15066,GPT_o4,Neutral-CoT,2,issue_pregnancy
15066,GPT_o4,EI,2,issue_pregnancy
15066,GPT_o4,EA,2,issue_pregnancy
15066,QwenN,Neutral,2,issue_pregnancy
15066,QwenN,Neutral-CoT,2,issue_pregnancy
15066,QwenN,EI,2,issue_pregnancy
15066,QwenN,EA,2,issue_pregnancy
15066,QwenT,Neutral,2,issue_pregnancy
15066,QwenT,Neutral-CoT,2,issue_pregnancy
15066,QwenT,EI,2,issue_pregnancy
15066,QwenT,EA,2,issue_pregnancy
15131,GPT_5,Neutral,2,event_daily_life
15131,GPT_5,Neutral-CoT,2,event_daily_life
15131,GPT_5,EI,2,event_daily_life
15131,GPT_5,EA,2,event_daily_life
15131,GPT_o4,Neutral,2,event_daily_life
15131,GPT_o4,Neutral-CoT,2,event_daily_life
15131,GPT_o4,EI,2,event_daily_life
15131,GPT_o4,EA,2,event_daily_life
15131,QwenN,Neutral,2,event_daily_life
15131,QwenN,Neutral-CoT,2,event_daily_life
15131,QwenN,EI,2,event_daily_life
15131,QwenN,EA,2,event_daily_life
15131,QwenT,Neutral,2,event_daily_life
15131,QwenT,Neutral-CoT,2,event_daily_life
15131,QwenT,EI,2,event_daily_life
15131,QwenT,EA,2,event_daily_life
15133,GPT_5,Neutral,2,friend
15133,GPT_5,Neutral-CoT,2,friend
15133,GPT_5,EI,2,friend
15133,GPT_5,EA,2,friend
15133,GPT_o4,Neutral,2,friend
15133,GPT_o4,Neutral-CoT,2,friend
15133,GPT_o4,EI,2,friend
15133,GPT_o4,EA,2,friend
15133,QwenN,Neutral,2,friend
15133,QwenN,Neutral-CoT,2,friend
15133,QwenN,EI,2,friend
15133,QwenN,EA,2,friend
15133,QwenT,Neutral,2,friend
15133,QwenT,Neutral-CoT,2,friend
15133,QwenT,EI,2,friend
15133,QwenT,EA,2,friend
15176,GPT_5,Neutral,2,issue_crime_addiction
15176,GPT_5,Neutral-CoT,2,issue_crime_addiction
15176,GPT_5,EI,2,issue_crime_addiction
15176,GPT_5,EA,2,issue_crime_addiction
15176,GPT_o4,Neutral,2,issue_crime_addiction
15176,GPT_o4,Neutral-CoT,2,issue_crime_addiction
15176,GPT_o4,EI,2,issue_crime_addiction
15176,GPT_o4,EA,2,issue_crime_addiction
15176,QwenN,Neutral,2,issue_crime_addiction
15176,QwenN,Neutral-CoT,2,issue_crime_addiction
15176,QwenN,EI,2,issue_crime_addiction
15176,QwenN,EA,2,issue_crime_addiction
15176,QwenT,Neutral,2,issue_crime_addiction
15176,QwenT,Neutral-CoT,2,issue_crime_addiction
15176,QwenT,EI,2,issue_crime_addiction
15176,QwenT,EA,2,issue_crime_addiction
15189,GPT_5,Neutral,1,issue_young_people
15189,GPT_5,Neutral-CoT,1,issue_young_people
15189,GPT_5,EI,1,issue_young_people
15189,GPT_5,EA,1,issue_young_people
15189,GPT_o4,Neutral,1,issue_young_people
15189,GPT_o4,Neutral-CoT,1,issue_young_people
15189,GPT_o4,EI,1,issue_young_people
15189,GPT_o4,EA,1,issue_young_people
15189,QwenN,Neutral,1,issue_young_people
15189,QwenN,Neutral-CoT,1,issue_young_people
15189,QwenN,EI,1,issue_young_people
15189,QwenN,EA,1,issue_young_people
15189,QwenT,Neutral,1,issue_young_people
15189,QwenT,Neutral-CoT,1,issue_young_people
15189,QwenT,EI,1,issue_young_people
15189,QwenT,EA,1,issue_young_people
15254,GPT_5,Neutral,1,issue_young_people
15254,GPT_5,Neutral-CoT,1,issue_young_people
15254,GPT_5,EI,1,issue_young_people
15254,GPT_5,EA,1,issue_young_people
15254,GPT_o4,Neutral,1,issue_young_people
15254,GPT_o4,Neutral-CoT,1,issue_young_people
15254,GPT_o4,EI,1,issue_young_people
15254,GPT_o4,EA,1,issue_young_people
15254,QwenN,Neutral,1,issue_young_people
15254,QwenN,Neutral-CoT,2,issue_young_people
15254,QwenN,EI,1,issue_young_people
15254,QwenN,EA,1,issue_young_people
15254,QwenT,Neutral,2,issue_young_people
15254,QwenT,Neutral-CoT,1,issue_young_people
15254,QwenT,EI,1,issue_young_people
15254,QwenT,EA,2,issue_young_people
15290,GPT_5,Neutral,1,issue_crime_addiction
15290,GPT_5,Neutral-CoT,1,issue_crime_addiction
15290,GPT_5,EI,1,issue_crime_addiction
15290,GPT_5,EA,1,issue_crime_addiction
15290,GPT_o4,Neutral,1,issue_crime_addiction
15290,GPT_o4,Neutral-CoT,1,issue_crime_addiction
15290,GPT_o4,EI,1,issue_crime_addiction
15290,GPT_o4,EA,1,issue_crime_addiction
15290,QwenN,Neutral,1,issue_crime_addiction
15290,QwenN,Neutral-CoT,1,issue_crime_addiction
15290,QwenN,EI,1,issue_crime_addiction
15290,QwenN,EA,1,issue_crime_addiction
15290,QwenT,Neutral,1,issue_crime_addiction
15290,QwenT,Neutral-CoT,1,issue_crime_addiction
15290,QwenT,EI,1,issue_crime_addiction
15290,QwenT,EA,1,issue_crime_addiction
15363,GPT_5,Neutral,2,workplace
15363,GPT_5,Neutral-CoT,2,workplace
15363,GPT_5,EI,2,workplace
15363,GPT_5,EA,2,workplace
15363,GPT_o4,Neutral,2,workplace
15363,GPT_o4,Neutral-CoT,2,workplace
15363,GPT_o4,EI,2,workplace
15363,GPT_o4,EA,2,workplace
15363,QwenN,Neutral,2,workplace
15363,QwenN,Neutral-CoT,2,workplace
15363,QwenN,EI,2,workplace
15363,QwenN,EA,2,workplace
15363,QwenT,Neutral,2,workplace
15363,QwenT,Neutral-CoT,2,workplace
15363,QwenT,EI,2,workplace
15363,QwenT,EA,2,workplace
15452,GPT_5,Neutral,2,event_daily_life
15452,GPT_5,Neutral-CoT,2,event_daily_life
15452,GPT_5,EI,2,event_daily_life
15452,GPT_5,EA,2,event_daily_life
15452,GPT_o4,Neutral,1,event_daily_life
15452,GPT_o4,Neutral-CoT,1,event_daily_life
15452,GPT_o4,EI,1,event_daily_life
15452,GPT_o4,EA,1,event_daily_life
15452,QwenN,Neutral,1,event_daily_life
15452,QwenN,Neutral-CoT,2,event_daily_life
15452,QwenN,EI,1,event_daily_life
15452,QwenN,EA,1,event_daily_life
15452,QwenT,Neutral,1,event_daily_life
15452,QwenT,Neutral-CoT,2,event_daily_life
15452,QwenT,EI,1,event_daily_life
15452,QwenT,EA,2,event_daily_life
15473,GPT_5,Neutral,2,issue_self_image_social
15473,GPT_5,Neutral-CoT,2,issue_self_image_social
15473,GPT_5,EI,2,issue_self_image_social
15473,GPT_5,EA,2,issue_self_image_social
15473,GPT_o4,Neutral,1,issue_self_image_social
15473,GPT_o4,Neutral-CoT,1,issue_self_image_social
15473,GPT_o4,EI,2,issue_self_image_social
15473,GPT_o4,EA,1,issue_self_image_social
15473,QwenN,Neutral,1,issue_self_image_social
15473,QwenN,Neutral-CoT,1,issue_self_image_social
15473,QwenN,EI,1,issue_self_image_social
15473,QwenN,EA,1,issue_self_image_social
15473,QwenT,Neutral,2,issue_self_image_social
15473,QwenT,Neutral-CoT,2,issue_self_image_social
15473,QwenT,EI,1,issue_self_image_social
15473,QwenT,EA,2,issue_self_image_social
15535,GPT_5,Neutral,2,school
15535,GPT_5,Neutral-CoT,2,school
15535,GPT_5,EI,2,school
15535,GPT_5,EA,2,school
15535,GPT_o4,Neutral,1,school
15535,GPT_o4,Neutral-CoT,2,school
15535,GPT_o4,EI,2,school
15535,GPT_o4,EA,2,school
15535,QwenN,Neutral,2,school
15535,QwenN,Neutral-CoT,2,school
15535,QwenN,EI,2,school
15535,QwenN,EA,2,school
15535,QwenT,Neutral,2,school
15535,QwenT,Neutral-CoT,2,school
15535,QwenT,EI,2,school
15535,QwenT,EA,2,school
15538,GPT_5,Neutral,1,role_duty_responsibility
15538,GPT_5,Neutral-CoT,1,role_duty_responsibility
15538,GPT_5,EI,1,role_duty_responsibility
15538,GPT_5,EA,1,role_duty_responsibility
15538,GPT_o4,Neutral,1,role_duty_responsibility
15538,GPT_o4,Neutral-CoT,1,role_duty_responsibility
15538,GPT_o4,EI,1,role_duty_responsibility
15538,GPT_o4,EA,1,role_duty_responsibility
15538,QwenN,Neutral,1,role_duty_responsibility
15538,QwenN,Neutral-CoT,1,role_duty_responsibility
15538,QwenN,EI,1,role_duty_responsibility
15538,QwenN,EA,1,role_duty_responsibility
15538,QwenT,Neutral,1,role_duty_responsibility
15538,QwenT,Neutral-CoT,1,role_duty_responsibility
15538,QwenT,EI,1,role_duty_responsibility
15538,QwenT,EA,1,role_duty_responsibility
15555,GPT_5,Neutral,1,event_special
15555,GPT_5,Neutral-CoT,2,event_special
15555,GPT_5,EI,1,event_special
15555,GPT_5,EA,2,event_special
15555,GPT_o4,Neutral,2,event_special
15555,GPT_o4,Neutral-CoT,2,event_special
15555,GPT_o4,EI,2,event_special
15555,GPT_o4,EA,2,event_special
15555,QwenN,Neutral,2,event_special
15555,QwenN,Neutral-CoT,1,event_special
15555,QwenN,EI,1,event_special
15555,QwenN,EA,1,event_special
15555,QwenT,Neutral,1,event_special
15555,QwenT,Neutral-CoT,1,event_special
15555,QwenT,EI,1,event_special
15555,QwenT,EA,1,event_special
15585,GPT_5,Neutral,2,business_organization
15585,GPT_5,Neutral-CoT,2,business_organization
15585,GPT_5,EI,1,business_organization
15585,GPT_5,EA,2,business_organization
15585,GPT_o4,Neutral,1,business_organization
15585,GPT_o4,Neutral-CoT,1,business_organization
15585,GPT_o4,EI,1,business_organization
15585,GPT_o4,EA,1,business_organization
15585,QwenN,Neutral,1,business_organization
15585,QwenN,Neutral-CoT,1,business_organization
15585,QwenN,EI,1,business_organization
15585,QwenN,EA,1,business_organization
15585,QwenT,Neutral,1,business_organization
15585,QwenT,Neutral-CoT,1,business_organization
15585,QwenT,EI,1,business_organization
15585,QwenT,EA,1,business_organization
15614,GPT_5,Neutral,2,family
15614,GPT_5,Neutral-CoT,2,family
15614,GPT_5,EI,2,family
15614,GPT_5,EA,2,family
15614,GPT_o4,Neutral,2,family
15614,GPT_o4,Neutral-CoT,2,family
15614,GPT_o4,EI,2,family
15614,GPT_o4,EA,2,family
15614,QwenN,Neutral,2,family
15614,QwenN,Neutral-CoT,2,family
15614,QwenN,EI,2,family
15614,QwenN,EA,2,family
15614,QwenT,Neutral,2,family
15614,QwenT,Neutral-CoT,2,family
15614,QwenT,EI,2,family
15614,QwenT,EA,2,family
15620,GPT_5,Neutral,2,issue_pregnancy
15620,GPT_5,Neutral-CoT,2,issue_pregnancy
15620,GPT_5,EI,2,issue_pregnancy
15620,GPT_5,EA,2,issue_pregnancy
15620,GPT_o4,Neutral,2,issue_pregnancy
15620,GPT_o4,Neutral-CoT,2,issue_pregnancy
15620,GPT_o4,EI,2,issue_pregnancy
15620,GPT_o4,EA,2,issue_pregnancy
15620,QwenN,Neutral,2,issue_pregnancy
15620,QwenN,Neutral-CoT,2,issue_pregnancy
15620,QwenN,EI,2,issue_pregnancy
15620,QwenN,EA,2,issue_pregnancy
15620,QwenT,Neutral,2,issue_pregnancy
15620,QwenT,Neutral-CoT,2,issue_pregnancy
15620,QwenT,EI,2,issue_pregnancy
15620,QwenT,EA,2,issue_pregnancy
15693,GPT_5,Neutral,1,event_special
15693,GPT_5,Neutral-CoT,1,event_special
15693,GPT_5,EI,1,event_special
15693,GPT_5,EA,1,event_special
15693,GPT_o4,Neutral,1,event_special
15693,GPT_o4,Neutral-CoT,1,event_special
15693,GPT_o4,EI,1,event_special
15693,GPT_o4,EA,1,event_special
15693,QwenN,Neutral,2,event_special
15693,QwenN,Neutral-CoT,2,event_special
15693,QwenN,EI,2,event_special
15693,QwenN,EA,1,event_special
15693,QwenT,Neutral,2,event_special
15693,QwenT,Neutral-CoT,2,event_special
15693,QwenT,EI,2,event_special
15693,QwenT,EA,2,event_special
15721,GPT_5,Neutral,2,comitted_relationship
15721,GPT_5,Neutral-CoT,2,comitted_relationship
15721,GPT_5,EI,2,comitted_relationship
15721,GPT_5,EA,2,comitted_relationship
15721,GPT_o4,Neutral,2,comitted_relationship
15721,GPT_o4,Neutral-CoT,2,comitted_relationship
15721,GPT_o4,EI,2,comitted_relationship
15721,GPT_o4,EA,2,comitted_relationship
15721,QwenN,Neutral,2,comitted_relationship
15721,QwenN,Neutral-CoT,2,comitted_relationship
15721,QwenN,EI,2,comitted_relationship
15721,QwenN,EA,2,comitted_relationship
15721,QwenT,Neutral,1,comitted_relationship
15721,QwenT,Neutral-CoT,1,comitted_relationship
15721,QwenT,EI,1,comitted_relationship
15721,QwenT,EA,1,comitted_relationship
15735,GPT_5,Neutral,1,issue_self_image_social
15735,GPT_5,Neutral-CoT,1,issue_self_image_social
15735,GPT_5,EI,1,issue_self_image_social
15735,GPT_5,EA,1,issue_self_image_social
15735,GPT_o4,Neutral,1,issue_self_image_social
15735,GPT_o4,Neutral-CoT,1,issue_self_image_social
15735,GPT_o4,EI,2,issue_self_image_social
15735,GPT_o4,EA,1,issue_self_image_social
15735,QwenN,Neutral,1,issue_self_image_social
15735,QwenN,Neutral-CoT,1,issue_self_image_social
15735,QwenN,EI,1,issue_self_image_social
15735,QwenN,EA,1,issue_self_image_social
15735,QwenT,Neutral,1,issue_self_image_social
15735,QwenT,Neutral-CoT,1,issue_self_image_social
15735,QwenT,EI,1,issue_self_image_social
15735,QwenT,EA,1,issue_self_image_social
15770,GPT_5,Neutral,1,issue_self_image_social
15770,GPT_5,Neutral-CoT,1,issue_self_image_social
15770,GPT_5,EI,1,issue_self_image_social
15770,GPT_5,EA,1,issue_self_image_social
15770,GPT_o4,Neutral,2,issue_self_image_social
15770,GPT_o4,Neutral-CoT,2,issue_self_image_social
15770,GPT_o4,EI,2,issue_self_image_social
15770,GPT_o4,EA,2,issue_self_image_social
15770,QwenN,Neutral,2,issue_self_image_social
15770,QwenN,Neutral-CoT,2,issue_self_image_social
15770,QwenN,EI,2,issue_self_image_social
15770,QwenN,EA,2,issue_self_image_social
15770,QwenT,Neutral,2,issue_self_image_social
15770,QwenT,Neutral-CoT,2,issue_self_image_social
15770,QwenT,EI,2,issue_self_image_social
15770,QwenT,EA,2,issue_self_image_social
15799,GPT_5,Neutral,2,issue_young_people
15799,GPT_5,Neutral-CoT,2,issue_young_people
15799,GPT_5,EI,2,issue_young_people
15799,GPT_5,EA,2,issue_young_people
15799,GPT_o4,Neutral,2,issue_young_people
15799,GPT_o4,Neutral-CoT,2,issue_young_people
15799,GPT_o4,EI,2,issue_young_people
15799,GPT_o4,EA,2,issue_young_people
15799,QwenN,Neutral,2,issue_young_people
15799,QwenN,Neutral-CoT,2,issue_young_people
15799,QwenN,EI,2,issue_young_people
15799,QwenN,EA,2,issue_young_people
15799,QwenT,Neutral,2,issue_young_people
15799,QwenT,Neutral-CoT,2,issue_young_people
15799,QwenT,EI,2,issue_young_people
15799,QwenT,EA,2,issue_young_people
15810,GPT_5,Neutral,1,issue_pregnancy
15810,GPT_5,Neutral-CoT,1,issue_pregnancy
15810,GPT_5,EI,1,issue_pregnancy
15810,GPT_5,EA,1,issue_pregnancy
15810,GPT_o4,Neutral,1,issue_pregnancy
15810,GPT_o4,Neutral-CoT,2,issue_pregnancy
15810,GPT_o4,EI,1,issue_pregnancy
15810,GPT_o4,EA,2,issue_pregnancy
15810,QwenN,Neutral,1,issue_pregnancy
15810,QwenN,Neutral-CoT,2,issue_pregnancy
15810,QwenN,EI,2,issue_pregnancy
15810,QwenN,EA,2,issue_pregnancy
15810,QwenT,Neutral,2,issue_pregnancy
15810,QwenT,Neutral-CoT,1,issue_pregnancy
15810,QwenT,EI,1,issue_pregnancy
15810,QwenT,EA,1,issue_pregnancy
15822,GPT_5,Neutral,1,comitted_relationship
15822,GPT_5,Neutral-CoT,1,comitted_relationship
15822,GPT_5,EI,1,comitted_relationship
15822,GPT_5,EA,1,comitted_relationship
15822,GPT_o4,Neutral,1,comitted_relationship
15822,GPT_o4,Neutral-CoT,1,comitted_relationship
15822,GPT_o4,EI,1,comitted_relationship
15822,GPT_o4,EA,1,comitted_relationship
15822,QwenN,Neutral,1,comitted_relationship
15822,QwenN,Neutral-CoT,1,comitted_relationship
15822,QwenN,EI,1,comitted_relationship
15822,QwenN,EA,1,comitted_relationship
15822,QwenT,Neutral,1,comitted_relationship
15822,QwenT,Neutral-CoT,1,comitted_relationship
15822,QwenT,EI,1,comitted_relationship
15822,QwenT,EA,1,comitted_relationship
15883,GPT_5,Neutral,1,close_relationship
15883,GPT_5,Neutral-CoT,1,close_relationship
15883,GPT_5,EI,1,close_relationship
15883,GPT_5,EA,1,close_relationship
15883,GPT_o4,Neutral,1,close_relationship
15883,GPT_o4,Neutral-CoT,1,close_relationship
15883,GPT_o4,EI,1,close_relationship
15883,GPT_o4,EA,1,close_relationship
15883,QwenN,Neutral,1,close_relationship
15883,QwenN,Neutral-CoT,1,close_relationship
15883,QwenN,EI,1,close_relationship
15883,QwenN,EA,1,close_relationship
15883,QwenT,Neutral,1,close_relationship
15883,QwenT,Neutral-CoT,1,close_relationship
15883,QwenT,EI,1,close_relationship
15883,QwenT,EA,1,close_relationship
15894,GPT_5,Neutral,2,comitted_relationship
15894,GPT_5,Neutral-CoT,2,comitted_relationship
15894,GPT_5,EI,1,comitted_relationship
15894,GPT_5,EA,2,comitted_relationship
15894,GPT_o4,Neutral,2,comitted_relationship
15894,GPT_o4,Neutral-CoT,2,comitted_relationship
15894,GPT_o4,EI,2,comitted_relationship
15894,GPT_o4,EA,2,comitted_relationship
15894,QwenN,Neutral,1,comitted_relationship
15894,QwenN,Neutral-CoT,1,comitted_relationship
15894,QwenN,EI,1,comitted_relationship
15894,QwenN,EA,1,comitted_relationship
15894,QwenT,Neutral,1,comitted_relationship
15894,QwenT,Neutral-CoT,1,comitted_relationship
15894,QwenT,EI,1,comitted_relationship
15894,QwenT,EA,1,comitted_relationship
15938,GPT_5,Neutral,1,comitted_relationship
15938,GPT_5,Neutral-CoT,1,comitted_relationship
15938,GPT_5,EI,2,comitted_relationship
15938,GPT_5,EA,2,comitted_relationship
15938,GPT_o4,Neutral,2,comitted_relationship
15938,GPT_o4,Neutral-CoT,2,comitted_relationship
15938,GPT_o4,EI,2,comitted_relationship
15938,GPT_o4,EA,2,comitted_relationship
15938,QwenN,Neutral,2,comitted_relationship
15938,QwenN,Neutral-CoT,2,comitted_relationship
15938,QwenN,EI,2,comitted_relationship
15938,QwenN,EA,2,comitted_relationship
15938,QwenT,Neutral,1,comitted_relationship
15938,QwenT,Neutral-CoT,1,comitted_relationship
15938,QwenT,EI,1,comitted_relationship
15938,QwenT,EA,1,comitted_relationship
15980,GPT_5,Neutral,2,family
15980,GPT_5,Neutral-CoT,2,family
15980,GPT_5,EI,2,family
15980,GPT_5,EA,2,family
15980,GPT_o4,Neutral,2,family
15980,GPT_o4,Neutral-CoT,2,family
15980,GPT_o4,EI,2,family
15980,GPT_o4,EA,2,family
15980,QwenN,Neutral,2,family
15980,QwenN,Neutral-CoT,2,family
15980,QwenN,EI,2,family
15980,QwenN,EA,2,family
15980,QwenT,Neutral,2,family
15980,QwenT,Neutral-CoT,2,family
15980,QwenT,EI,2,family
15980,QwenT,EA,2,family
16011,GPT_5,Neutral,1,religion_custom
16011,GPT_5,Neutral-CoT,1,religion_custom
16011,GPT_5,EI,1,religion_custom
16011,GPT_5,EA,1,religion_custom
16011,GPT_o4,Neutral,1,religion_custom
16011,GPT_o4,Neutral-CoT,1,religion_custom
16011,GPT_o4,EI,1,religion_custom
16011,GPT_o4,EA,1,religion_custom
16011,QwenN,Neutral,1,religion_custom
16011,QwenN,Neutral-CoT,1,religion_custom
16011,QwenN,EI,1,religion_custom
16011,QwenN,EA,1,religion_custom
16011,QwenT,Neutral,1,religion_custom
16011,QwenT,Neutral-CoT,1,religion_custom
16011,QwenT,EI,1,religion_custom
16011,QwenT,EA,1,religion_custom
16114,GPT_5,Neutral,1,business_organization
16114,GPT_5,Neutral-CoT,1,business_organization
16114,GPT_5,EI,1,business_organization
16114,GPT_5,EA,1,business_organization
16114,GPT_o4,Neutral,1,business_organization
16114,GPT_o4,Neutral-CoT,1,business_organization
16114,GPT_o4,EI,1,business_organization
16114,GPT_o4,EA,1,business_organization
16114,QwenN,Neutral,1,business_organization
16114,QwenN,Neutral-CoT,1,business_organization
16114,QwenN,EI,1,business_organization
16114,QwenN,EA,1,business_organization
16114,QwenT,Neutral,1,business_organization
16114,QwenT,Neutral-CoT,1,business_organization
16114,QwenT,EI,1,business_organization
16114,QwenT,EA,1,business_organization
16120,GPT_5,Neutral,1,friend
16120,GPT_5,Neutral-CoT,1,friend
16120,GPT_5,EI,1,friend
16120,GPT_5,EA,1,friend
16120,GPT_o4,Neutral,1,friend
16120,GPT_o4,Neutral-CoT,1,friend
16120,GPT_o4,EI,1,friend
16120,GPT_o4,EA,1,friend
16120,QwenN,Neutral,1,friend
16120,QwenN,Neutral-CoT,1,friend
16120,QwenN,EI,1,friend
16120,QwenN,EA,1,friend
16120,QwenT,Neutral,1,friend
16120,QwenT,Neutral-CoT,1,friend
16120,QwenT,EI,2,friend
16120,QwenT,EA,1,friend
16170,GPT_5,Neutral,2,friend
16170,GPT_5,Neutral-CoT,2,friend
16170,GPT_5,EI,2,friend
16170,GPT_5,EA,2,friend
16170,GPT_o4,Neutral,1,friend
16170,GPT_o4,Neutral-CoT,1,friend
16170,GPT_o4,EI,2,friend
16170,GPT_o4,EA,1,friend
16170,QwenN,Neutral,2,friend
16170,QwenN,Neutral-CoT,1,friend
16170,QwenN,EI,2,friend
16170,QwenN,EA,2,friend
16170,QwenT,Neutral,1,friend
16170,QwenT,Neutral-CoT,1,friend
16170,QwenT,EI,1,friend
16170,QwenT,EA,1,friend
16174,GPT_5,Neutral,1,religion_custom
16174,GPT_5,Neutral-CoT,1,religion_custom
16174,GPT_5,EI,1,religion_custom
16174,GPT_5,EA,1,religion_custom
16174,GPT_o4,Neutral,1,religion_custom
16174,GPT_o4,Neutral-CoT,1,religion_custom
16174,GPT_o4,EI,1,religion_custom
16174,GPT_o4,EA,1,religion_custom
16174,QwenN,Neutral,1,religion_custom
16174,QwenN,Neutral-CoT,1,religion_custom
16174,QwenN,EI,1,religion_custom
16174,QwenN,EA,1,religion_custom
16174,QwenT,Neutral,1,religion_custom
16174,QwenT,Neutral-CoT,1,religion_custom
16174,QwenT,EI,1,religion_custom
16174,QwenT,EA,1,religion_custom
16204,GPT_5,Neutral,1,issue_wildlife_human_environment
16204,GPT_5,Neutral-CoT,1,issue_wildlife_human_environment
16204,GPT_5,EI,1,issue_wildlife_human_environment
16204,GPT_5,EA,1,issue_wildlife_human_environment
16204,GPT_o4,Neutral,2,issue_wildlife_human_environment
16204,GPT_o4,Neutral-CoT,2,issue_wildlife_human_environment
16204,GPT_o4,EI,1,issue_wildlife_human_environment
16204,GPT_o4,EA,2,issue_wildlife_human_environment
16204,QwenN,Neutral,2,issue_wildlife_human_environment
16204,QwenN,Neutral-CoT,2,issue_wildlife_human_environment
16204,QwenN,EI,2,issue_wildlife_human_environment
16204,QwenN,EA,2,issue_wildlife_human_environment
16204,QwenT,Neutral,1,issue_wildlife_human_environment
16204,QwenT,Neutral-CoT,1,issue_wildlife_human_environment
16204,QwenT,EI,1,issue_wildlife_human_environment
16204,QwenT,EA,1,issue_wildlife_human_environment
16212,GPT_5,Neutral,2,workplace
16212,GPT_5,Neutral-CoT,2,workplace
16212,GPT_5,EI,1,workplace
16212,GPT_5,EA,1,workplace
16212,GPT_o4,Neutral,1,workplace
16212,GPT_o4,Neutral-CoT,1,workplace
16212,GPT_o4,EI,1,workplace
16212,GPT_o4,EA,1,workplace
16212,QwenN,Neutral,2,workplace
16212,QwenN,Neutral-CoT,1,workplace
16212,QwenN,EI,1,workplace
16212,QwenN,EA,1,workplace
16212,QwenT,Neutral,2,workplace
16212,QwenT,Neutral-CoT,1,workplace
16212,QwenT,EI,1,workplace
16212,QwenT,EA,1,workplace
16213,GPT_5,Neutral,1,role_duty_responsibility
16213,GPT_5,Neutral-CoT,1,role_duty_responsibility
16213,GPT_5,EI,1,role_duty_responsibility
16213,GPT_5,EA,1,role_duty_responsibility
16213,GPT_o4,Neutral,1,role_duty_responsibility
16213,GPT_o4,Neutral-CoT,1,role_duty_responsibility
16213,GPT_o4,EI,1,role_duty_responsibility
16213,GPT_o4,EA,1,role_duty_responsibility
16213,QwenN,Neutral,1,role_duty_responsibility
16213,QwenN,Neutral-CoT,1,role_duty_responsibility
16213,QwenN,EI,1,role_duty_responsibility
16213,QwenN,EA,1,role_duty_responsibility
16213,QwenT,Neutral,1,role_duty_responsibility
16213,QwenT,Neutral-CoT,1,role_duty_responsibility
16213,QwenT,EI,1,role_duty_responsibility
16213,QwenT,EA,1,role_duty_responsibility
16230,GPT_5,Neutral,1,workplace
16230,GPT_5,Neutral-CoT,1,workplace
16230,GPT_5,EI,1,workplace
16230,GPT_5,EA,1,workplace
16230,GPT_o4,Neutral,1,workplace
16230,GPT_o4,Neutral-CoT,1,workplace
16230,GPT_o4,EI,1,workplace
16230,GPT_o4,EA,1,workplace
16230,QwenN,Neutral,1,workplace
16230,QwenN,Neutral-CoT,1,workplace
16230,QwenN,EI,1,workplace
16230,QwenN,EA,1,workplace
16230,QwenT,Neutral,1,workplace
16230,QwenT,Neutral-CoT,1,workplace
16230,QwenT,EI,1,workplace
16230,QwenT,EA,1,workplace
16264,GPT_5,Neutral,1,comitted_relationship
16264,GPT_5,Neutral-CoT,1,comitted_relationship
16264,GPT_5,EI,1,comitted_relationship
16264,GPT_5,EA,1,comitted_relationship
16264,GPT_o4,Neutral,1,comitted_relationship
16264,GPT_o4,Neutral-CoT,1,comitted_relationship
16264,GPT_o4,EI,1,comitted_relationship
16264,GPT_o4,EA,1,comitted_relationship
16264,QwenN,Neutral,1,comitted_relationship
16264,QwenN,Neutral-CoT,1,comitted_relationship
16264,QwenN,EI,1,comitted_relationship
16264,QwenN,EA,1,comitted_relationship
16264,QwenT,Neutral,1,comitted_relationship
16264,QwenT,Neutral-CoT,1,comitted_relationship
16264,QwenT,EI,1,comitted_relationship
16264,QwenT,EA,1,comitted_relationship
16339,GPT_5,Neutral,1,event_daily_life
16339,GPT_5,Neutral-CoT,1,event_daily_life
16339,GPT_5,EI,1,event_daily_life
16339,GPT_5,EA,1,event_daily_life
16339,GPT_o4,Neutral,1,event_daily_life
16339,GPT_o4,Neutral-CoT,1,event_daily_life
16339,GPT_o4,EI,1,event_daily_life
16339,GPT_o4,EA,1,event_daily_life
16339,QwenN,Neutral,1,event_daily_life
16339,QwenN,Neutral-CoT,1,event_daily_life
16339,QwenN,EI,1,event_daily_life
16339,QwenN,EA,1,event_daily_life
16339,QwenT,Neutral,1,event_daily_life
16339,QwenT,Neutral-CoT,1,event_daily_life
16339,QwenT,EI,1,event_daily_life
16339,QwenT,EA,1,event_daily_life
16355,GPT_5,Neutral,2,friend
16355,GPT_5,Neutral-CoT,2,friend
16355,GPT_5,EI,2,friend
16355,GPT_5,EA,2,friend
16355,GPT_o4,Neutral,2,friend
16355,GPT_o4,Neutral-CoT,2,friend
16355,GPT_o4,EI,2,friend
16355,GPT_o4,EA,2,friend
16355,QwenN,Neutral,2,friend
16355,QwenN,Neutral-CoT,2,friend
16355,QwenN,EI,2,friend
16355,QwenN,EA,2,friend
16355,QwenT,Neutral,1,friend
16355,QwenT,Neutral-CoT,2,friend
16355,QwenT,EI,1,friend
16355,QwenT,EA,2,friend
16386,GPT_5,Neutral,1,family
16386,GPT_5,Neutral-CoT,1,family
16386,GPT_5,EI,1,family
16386,GPT_5,EA,1,family
16386,GPT_o4,Neutral,1,family
16386,GPT_o4,Neutral-CoT,2,family
16386,GPT_o4,EI,2,family
16386,GPT_o4,EA,1,family
16386,QwenN,Neutral,1,family
16386,QwenN,Neutral-CoT,1,family
16386,QwenN,EI,1,family
16386,QwenN,EA,1,family
16386,QwenT,Neutral,2,family
16386,QwenT,Neutral-CoT,2,family
16386,QwenT,EI,2,family
16386,QwenT,EA,1,family
16398,GPT_5,Neutral,1,role_duty_responsibility
16398,GPT_5,Neutral-CoT,1,role_duty_responsibility
16398,GPT_5,EI,1,role_duty_responsibility
16398,GPT_5,EA,1,role_duty_responsibility
16398,GPT_o4,Neutral,1,role_duty_responsibility
16398,GPT_o4,Neutral-CoT,1,role_duty_responsibility
16398,GPT_o4,EI,1,role_duty_responsibility
16398,GPT_o4,EA,1,role_duty_responsibility
16398,QwenN,Neutral,1,role_duty_responsibility
16398,QwenN,Neutral-CoT,1,role_duty_responsibility
16398,QwenN,EI,1,role_duty_responsibility
16398,QwenN,EA,1,role_duty_responsibility
16398,QwenT,Neutral,1,role_duty_responsibility
16398,QwenT,Neutral-CoT,1,role_duty_responsibility
16398,QwenT,EI,1,role_duty_responsibility
16398,QwenT,EA,1,role_duty_responsibility
16457,GPT_5,Neutral,2,family
16457,GPT_5,Neutral-CoT,2,family
16457,GPT_5,EI,2,family
16457,GPT_5,EA,2,family
16457,GPT_o4,Neutral,1,family
16457,GPT_o4,Neutral-CoT,1,family
16457,GPT_o4,EI,1,family
16457,GPT_o4,EA,1,family
16457,QwenN,Neutral,2,family
16457,QwenN,Neutral-CoT,2,family
16457,QwenN,EI,2,family
16457,QwenN,EA,2,family
16457,QwenT,Neutral,2,family
16457,QwenT,Neutral-CoT,2,family
16457,QwenT,EI,2,family
16457,QwenT,EA,2,family
16521,GPT_5,Neutral,2,event_daily_life
16521,GPT_5,Neutral-CoT,2,event_daily_life
16521,GPT_5,EI,2,event_daily_life
16521,GPT_5,EA,2,event_daily_life
16521,GPT_o4,Neutral,2,event_daily_life
16521,GPT_o4,Neutral-CoT,2,event_daily_life
16521,GPT_o4,EI,1,event_daily_life
16521,GPT_o4,EA,2,event_daily_life
16521,QwenN,Neutral,2,event_daily_life
16521,QwenN,Neutral-CoT,2,event_daily_life
16521,QwenN,EI,2,event_daily_life
16521,QwenN,EA,2,event_daily_life
16521,QwenT,Neutral,2,event_daily_life
16521,QwenT,Neutral-CoT,2,event_daily_life
16521,QwenT,EI,1,event_daily_life
16521,QwenT,EA,2,event_daily_life
16572,GPT_5,Neutral,1,issue_pregnancy
16572,GPT_5,Neutral-CoT,1,issue_pregnancy
16572,GPT_5,EI,1,issue_pregnancy
16572,GPT_5,EA,1,issue_pregnancy
16572,GPT_o4,Neutral,1,issue_pregnancy
16572,GPT_o4,Neutral-CoT,1,issue_pregnancy
16572,GPT_o4,EI,1,issue_pregnancy
16572,GPT_o4,EA,1,issue_pregnancy
16572,QwenN,Neutral,1,issue_pregnancy
16572,QwenN,Neutral-CoT,1,issue_pregnancy
16572,QwenN,EI,1,issue_pregnancy
16572,QwenN,EA,1,issue_pregnancy
16572,QwenT,Neutral,1,issue_pregnancy
16572,QwenT,Neutral-CoT,1,issue_pregnancy
16572,QwenT,EI,1,issue_pregnancy
16572,QwenT,EA,1,issue_pregnancy
16600,GPT_5,Neutral,1,religion_custom
16600,GPT_5,Neutral-CoT,1,religion_custom
16600,GPT_5,EI,1,religion_custom
16600,GPT_5,EA,1,religion_custom
16600,GPT_o4,Neutral,1,religion_custom
16600,GPT_o4,Neutral-CoT,1,religion_custom
16600,GPT_o4,EI,1,religion_custom
16600,GPT_o4,EA,1,religion_custom
16600,QwenN,Neutral,1,religion_custom
16600,QwenN,Neutral-CoT,1,religion_custom
16600,QwenN,EI,1,religion_custom
16600,QwenN,EA,1,religion_custom
16600,QwenT,Neutral,1,religion_custom
16600,QwenT,Neutral-CoT,1,religion_custom
16600,QwenT,EI,1,religion_custom
16600,QwenT,EA,1,religion_custom
16614,GPT_5,Neutral,1,issue_self_image_social
16614,GPT_5,Neutral-CoT,1,issue_self_image_social
16614,GPT_5,EI,1,issue_self_image_social
16614,GPT_5,EA,1,issue_self_image_social
16614,GPT_o4,Neutral,1,issue_self_image_social
16614,GPT_o4,Neutral-CoT,1,issue_self_image_social
16614,GPT_o4,EI,1,issue_self_image_social
16614,GPT_o4,EA,1,issue_self_image_social
16614,QwenN,Neutral,1,issue_self_image_social
16614,QwenN,Neutral-CoT,1,issue_self_image_social
16614,QwenN,EI,1,issue_self_image_social
16614,QwenN,EA,1,issue_self_image_social
16614,QwenT,Neutral,1,issue_self_image_social
16614,QwenT,Neutral-CoT,1,issue_self_image_social
16614,QwenT,EI,1,issue_self_image_social
16614,QwenT,EA,1,issue_self_image_social
16642,GPT_5,Neutral,1,issue_self_image_social
16642,GPT_5,Neutral-CoT,1,issue_self_image_social
16642,GPT_5,EI,1,issue_self_image_social
16642,GPT_5,EA,1,issue_self_image_social
16642,GPT_o4,Neutral,1,issue_self_image_social
16642,GPT_o4,Neutral-CoT,1,issue_self_image_social
16642,GPT_o4,EI,1,issue_self_image_social
16642,GPT_o4,EA,1,issue_self_image_social
16642,QwenN,Neutral,1,issue_self_image_social
16642,QwenN,Neutral-CoT,1,issue_self_image_social
16642,QwenN,EI,1,issue_self_image_social
16642,QwenN,EA,1,issue_self_image_social
16642,QwenT,Neutral,1,issue_self_image_social
16642,QwenT,Neutral-CoT,1,issue_self_image_social
16642,QwenT,EI,1,issue_self_image_social
16642,QwenT,EA,1,issue_self_image_social
16731,GPT_5,Neutral,1,event_special
16731,GPT_5,Neutral-CoT,1,event_special
16731,GPT_5,EI,1,event_special
16731,GPT_5,EA,1,event_special
16731,GPT_o4,Neutral,1,event_special
16731,GPT_o4,Neutral-CoT,1,event_special
16731,GPT_o4,EI,1,event_special
16731,GPT_o4,EA,1,event_special
16731,QwenN,Neutral,1,event_special
16731,QwenN,Neutral-CoT,1,event_special
16731,QwenN,EI,1,event_special
16731,QwenN,EA,1,event_special
16731,QwenT,Neutral,1,event_special
16731,QwenT,Neutral-CoT,1,event_special
16731,QwenT,EI,1,event_special
16731,QwenT,EA,1,event_special
16801,GPT_5,Neutral,2,issue_young_people
16801,GPT_5,Neutral-CoT,2,issue_young_people
16801,GPT_5,EI,2,issue_young_people
16801,GPT_5,EA,2,issue_young_people
16801,GPT_o4,Neutral,2,issue_young_people
16801,GPT_o4,Neutral-CoT,2,issue_young_people
16801,GPT_o4,EI,2,issue_young_people
16801,GPT_o4,EA,2,issue_young_people
16801,QwenN,Neutral,2,issue_young_people
16801,QwenN,Neutral-CoT,2,issue_young_people
16801,QwenN,EI,2,issue_young_people
16801,QwenN,EA,2,issue_young_people
16801,QwenT,Neutral,2,issue_young_people
16801,QwenT,Neutral-CoT,2,issue_young_people
16801,QwenT,EI,2,issue_young_people
16801,QwenT,EA,2,issue_young_people
16845,GPT_5,Neutral,1,comitted_relationship
16845,GPT_5,Neutral-CoT,1,comitted_relationship
16845,GPT_5,EI,1,comitted_relationship
16845,GPT_5,EA,1,comitted_relationship
16845,GPT_o4,Neutral,1,comitted_relationship
16845,GPT_o4,Neutral-CoT,1,comitted_relationship
16845,GPT_o4,EI,1,comitted_relationship
16845,GPT_o4,EA,1,comitted_relationship
16845,QwenN,Neutral,1,comitted_relationship
16845,QwenN,Neutral-CoT,1,comitted_relationship
16845,QwenN,EI,1,comitted_relationship
16845,QwenN,EA,1,comitted_relationship
16845,QwenT,Neutral,1,comitted_relationship
16845,QwenT,Neutral-CoT,1,comitted_relationship
16845,QwenT,EI,1,comitted_relationship
16845,QwenT,EA,1,comitted_relationship
16858,GPT_5,Neutral,2,friend
16858,GPT_5,Neutral-CoT,2,friend
16858,GPT_5,EI,2,friend
16858,GPT_5,EA,2,friend
16858,GPT_o4,Neutral,2,friend
16858,GPT_o4,Neutral-CoT,2,friend
16858,GPT_o4,EI,2,friend
16858,GPT_o4,EA,2,friend
16858,QwenN,Neutral,2,friend
16858,QwenN,Neutral-CoT,2,friend
16858,QwenN,EI,2,friend
16858,QwenN,EA,2,friend
16858,QwenT,Neutral,2,friend
16858,QwenT,Neutral-CoT,2,friend
16858,QwenT,EI,1,friend
16858,QwenT,EA,2,friend
16891,GPT_5,Neutral,1,issue_wildlife_human_environment
16891,GPT_5,Neutral-CoT,1,issue_wildlife_human_environment
16891,GPT_5,EI,1,issue_wildlife_human_environment
16891,GPT_5,EA,1,issue_wildlife_human_environment
16891,GPT_o4,Neutral,1,issue_wildlife_human_environment
16891,GPT_o4,Neutral-CoT,1,issue_wildlife_human_environment
16891,GPT_o4,EI,1,issue_wildlife_human_environment
16891,GPT_o4,EA,1,issue_wildlife_human_environment
16891,QwenN,Neutral,1,issue_wildlife_human_environment
16891,QwenN,Neutral-CoT,1,issue_wildlife_human_environment
16891,QwenN,EI,1,issue_wildlife_human_environment
16891,QwenN,EA,1,issue_wildlife_human_environment
16891,QwenT,Neutral,1,issue_wildlife_human_environment
16891,QwenT,Neutral-CoT,1,issue_wildlife_human_environment
16891,QwenT,EI,1,issue_wildlife_human_environment
16891,QwenT,EA,1,issue_wildlife_human_environment
16903,GPT_5,Neutral,1,role_duty_responsibility
16903,GPT_5,Neutral-CoT,2,role_duty_responsibility
16903,GPT_5,EI,1,role_duty_responsibility
16903,GPT_5,EA,1,role_duty_responsibility
16903,GPT_o4,Neutral,1,role_duty_responsibility
16903,GPT_o4,Neutral-CoT,1,role_duty_responsibility
16903,GPT_o4,EI,1,role_duty_responsibility
16903,GPT_o4,EA,1,role_duty_responsibility
16903,QwenN,Neutral,1,role_duty_responsibility
16903,QwenN,Neutral-CoT,1,role_duty_responsibility
16903,QwenN,EI,1,role_duty_responsibility
16903,QwenN,EA,1,role_duty_responsibility
16903,QwenT,Neutral,1,role_duty_responsibility
16903,QwenT,Neutral-CoT,1,role_duty_responsibility
16903,QwenT,EI,1,role_duty_responsibility
16903,QwenT,EA,2,role_duty_responsibility
16977,GPT_5,Neutral,1,issue_crime_addiction
16977,GPT_5,Neutral-CoT,1,issue_crime_addiction
16977,GPT_5,EI,1,issue_crime_addiction
16977,GPT_5,EA,1,issue_crime_addiction
16977,GPT_o4,Neutral,1,issue_crime_addiction
16977,GPT_o4,Neutral-CoT,1,issue_crime_addiction
16977,GPT_o4,EI,1,issue_crime_addiction
16977,GPT_o4,EA,1,issue_crime_addiction
16977,QwenN,Neutral,1,issue_crime_addiction
16977,QwenN,Neutral-CoT,1,issue_crime_addiction
16977,QwenN,EI,1,issue_crime_addiction
16977,QwenN,EA,1,issue_crime_addiction
16977,QwenT,Neutral,1,issue_crime_addiction
16977,QwenT,Neutral-CoT,1,issue_crime_addiction
16977,QwenT,EI,2,issue_crime_addiction
16977,QwenT,EA,1,issue_crime_addiction
17002,GPT_5,Neutral,2,event_daily_life
17002,GPT_5,Neutral-CoT,2,event_daily_life
17002,GPT_5,EI,2,event_daily_life
17002,GPT_5,EA,2,event_daily_life
17002,GPT_o4,Neutral,2,event_daily_life
17002,GPT_o4,Neutral-CoT,2,event_daily_life
17002,GPT_o4,EI,2,event_daily_life
17002,GPT_o4,EA,2,event_daily_life
17002,QwenN,Neutral,2,event_daily_life
17002,QwenN,Neutral-CoT,2,event_daily_life
17002,QwenN,EI,2,event_daily_life
17002,QwenN,EA,2,event_daily_life
17002,QwenT,Neutral,2,event_daily_life
17002,QwenT,Neutral-CoT,2,event_daily_life
17002,QwenT,EI,2,event_daily_life
17002,QwenT,EA,2,event_daily_life
17048,GPT_5,Neutral,1,workplace
17048,GPT_5,Neutral-CoT,1,workplace
17048,GPT_5,EI,1,workplace
17048,GPT_5,EA,1,workplace
17048,GPT_o4,Neutral,1,workplace
17048,GPT_o4,Neutral-CoT,1,workplace
17048,GPT_o4,EI,1,workplace
17048,GPT_o4,EA,1,workplace
17048,QwenN,Neutral,1,workplace
17048,QwenN,Neutral-CoT,1,workplace
17048,QwenN,EI,1,workplace
17048,QwenN,EA,1,workplace
17048,QwenT,Neutral,1,workplace
17048,QwenT,Neutral-CoT,1,workplace
17048,QwenT,EI,1,workplace
17048,QwenT,EA,1,workplace
17079,GPT_5,Neutral,2,friend
17079,GPT_5,Neutral-CoT,2,friend
17079,GPT_5,EI,2,friend
17079,GPT_5,EA,2,friend
17079,GPT_o4,Neutral,2,friend
17079,GPT_o4,Neutral-CoT,2,friend
17079,GPT_o4,EI,2,friend
17079,GPT_o4,EA,2,friend
17079,QwenN,Neutral,2,friend
17079,QwenN,Neutral-CoT,2,friend
17079,QwenN,EI,2,friend
17079,QwenN,EA,2,friend
17079,QwenT,Neutral,1,friend
17079,QwenT,Neutral-CoT,1,friend
17079,QwenT,EI,1,friend
17079,QwenT,EA,2,friend
17082,GPT_5,Neutral,2,role_duty_responsibility
17082,GPT_5,Neutral-CoT,2,role_duty_responsibility
17082,GPT_5,EI,1,role_duty_responsibility
17082,GPT_5,EA,2,role_duty_responsibility
17082,GPT_o4,Neutral,2,role_duty_responsibility
17082,GPT_o4,Neutral-CoT,2,role_duty_responsibility
17082,GPT_o4,EI,2,role_duty_responsibility
17082,GPT_o4,EA,2,role_duty_responsibility
17082,QwenN,Neutral,2,role_duty_responsibility
17082,QwenN,Neutral-CoT,2,role_duty_responsibility
17082,QwenN,EI,2,role_duty_responsibility
17082,QwenN,EA,2,role_duty_responsibility
17082,QwenT,Neutral,2,role_duty_responsibility
17082,QwenT,Neutral-CoT,2,role_duty_responsibility
17082,QwenT,EI,1,role_duty_responsibility
17082,QwenT,EA,2,role_duty_responsibility
17121,GPT_5,Neutral,2,event_special
17121,GPT_5,Neutral-CoT,2,event_special
17121,GPT_5,EI,2,event_special
17121,GPT_5,EA,2,event_special
17121,GPT_o4,Neutral,2,event_special
17121,GPT_o4,Neutral-CoT,2,event_special
17121,GPT_o4,EI,2,event_special
17121,GPT_o4,EA,2,event_special
17121,QwenN,Neutral,2,event_special
17121,QwenN,Neutral-CoT,2,event_special
17121,QwenN,EI,2,event_special
17121,QwenN,EA,2,event_special
17121,QwenT,Neutral,2,event_special
17121,QwenT,Neutral-CoT,2,event_special
17121,QwenT,EI,2,event_special
17121,QwenT,EA,2,event_special
17165,GPT_5,Neutral,2,issue_personal_career
17165,GPT_5,Neutral-CoT,2,issue_personal_career
17165,GPT_5,EI,2,issue_personal_career
17165,GPT_5,EA,2,issue_personal_career
17165,GPT_o4,Neutral,2,issue_personal_career
17165,GPT_o4,Neutral-CoT,2,issue_personal_career
17165,GPT_o4,EI,2,issue_personal_career
17165,GPT_o4,EA,2,issue_personal_career
17165,QwenN,Neutral,2,issue_personal_career
17165,QwenN,Neutral-CoT,2,issue_personal_career
17165,QwenN,EI,2,issue_personal_career
17165,QwenN,EA,2,issue_personal_career
17165,QwenT,Neutral,2,issue_personal_career
17165,QwenT,Neutral-CoT,2,issue_personal_career
17165,QwenT,EI,2,issue_personal_career
17165,QwenT,EA,2,issue_personal_career
17212,GPT_5,Neutral,1,comitted_relationship
17212,GPT_5,Neutral-CoT,1,comitted_relationship
17212,GPT_5,EI,1,comitted_relationship
17212,GPT_5,EA,1,comitted_relationship
17212,GPT_o4,Neutral,1,comitted_relationship
17212,GPT_o4,Neutral-CoT,1,comitted_relationship
17212,GPT_o4,EI,1,comitted_relationship
17212,GPT_o4,EA,1,comitted_relationship
17212,QwenN,Neutral,1,comitted_relationship
17212,QwenN,Neutral-CoT,1,comitted_relationship
17212,QwenN,EI,1,comitted_relationship
17212,QwenN,EA,1,comitted_relationship
17212,QwenT,Neutral,1,comitted_relationship
17212,QwenT,Neutral-CoT,1,comitted_relationship
17212,QwenT,EI,1,comitted_relationship
17212,QwenT,EA,1,comitted_relationship
17227,GPT_5,Neutral,2,event_special
17227,GPT_5,Neutral-CoT,2,event_special
17227,GPT_5,EI,2,event_special
17227,GPT_5,EA,2,event_special
17227,GPT_o4,Neutral,1,event_special
17227,GPT_o4,Neutral-CoT,2,event_special
17227,GPT_o4,EI,1,event_special
17227,GPT_o4,EA,1,event_special
17227,QwenN,Neutral,2,event_special
17227,QwenN,Neutral-CoT,2,event_special
17227,QwenN,EI,2,event_special
17227,QwenN,EA,2,event_special
17227,QwenT,Neutral,1,event_special
17227,QwenT,Neutral-CoT,2,event_special
17227,QwenT,EI,1,event_special
17227,QwenT,EA,2,event_special
17241,GPT_5,Neutral,2,role_duty_responsibility
17241,GPT_5,Neutral-CoT,2,role_duty_responsibility
17241,GPT_5,EI,1,role_duty_responsibility
17241,GPT_5,EA,2,role_duty_responsibility
17241,GPT_o4,Neutral,2,role_duty_responsibility
17241,GPT_o4,Neutral-CoT,2,role_duty_responsibility
17241,GPT_o4,EI,1,role_duty_responsibility
17241,GPT_o4,EA,2,role_duty_responsibility
17241,QwenN,Neutral,2,role_duty_responsibility
17241,QwenN,Neutral-CoT,2,role_duty_responsibility
17241,QwenN,EI,1,role_duty_responsibility
17241,QwenN,EA,2,role_duty_responsibility
17241,QwenT,Neutral,2,role_duty_responsibility
17241,QwenT,Neutral-CoT,2,role_duty_responsibility
17241,QwenT,EI,1,role_duty_responsibility
17241,QwenT,EA,2,role_duty_responsibility
17280,GPT_5,Neutral,2,event_special
17280,GPT_5,Neutral-CoT,1,event_special
17280,GPT_5,EI,1,event_special
17280,GPT_5,EA,2,event_special
17280,GPT_o4,Neutral,2,event_special
17280,GPT_o4,Neutral-CoT,2,event_special
17280,GPT_o4,EI,1,event_special
17280,GPT_o4,EA,2,event_special
17280,QwenN,Neutral,1,event_special
17280,QwenN,Neutral-CoT,1,event_special
17280,QwenN,EI,1,event_special
17280,QwenN,EA,1,event_special
17280,QwenT,Neutral,2,event_special
17280,QwenT,Neutral-CoT,1,event_special
17280,QwenT,EI,2,event_special
17280,QwenT,EA,1,event_special
17322,GPT_5,Neutral,1,issue_crime_addiction
17322,GPT_5,Neutral-CoT,1,issue_crime_addiction
17322,GPT_5,EI,1,issue_crime_addiction
17322,GPT_5,EA,1,issue_crime_addiction
17322,GPT_o4,Neutral,1,issue_crime_addiction
17322,GPT_o4,Neutral-CoT,1,issue_crime_addiction
17322,GPT_o4,EI,1,issue_crime_addiction
17322,GPT_o4,EA,1,issue_crime_addiction
17322,QwenN,Neutral,1,issue_crime_addiction
17322,QwenN,Neutral-CoT,1,issue_crime_addiction
17322,QwenN,EI,1,issue_crime_addiction
17322,QwenN,EA,1,issue_crime_addiction
17322,QwenT,Neutral,1,issue_crime_addiction
17322,QwenT,Neutral-CoT,1,issue_crime_addiction
17322,QwenT,EI,2,issue_crime_addiction
17322,QwenT,EA,1,issue_crime_addiction
17355,GPT_5,Neutral,2,issue_crime_addiction
17355,GPT_5,Neutral-CoT,2,issue_crime_addiction
17355,GPT_5,EI,2,issue_crime_addiction
17355,GPT_5,EA,2,issue_crime_addiction
17355,GPT_o4,Neutral,2,issue_crime_addiction
17355,GPT_o4,Neutral-CoT,2,issue_crime_addiction
17355,GPT_o4,EI,2,issue_crime_addiction
17355,GPT_o4,EA,2,issue_crime_addiction
17355,QwenN,Neutral,2,issue_crime_addiction
17355,QwenN,Neutral-CoT,2,issue_crime_addiction
17355,QwenN,EI,1,issue_crime_addiction
17355,QwenN,EA,2,issue_crime_addiction
17355,QwenT,Neutral,2,issue_crime_addiction
17355,QwenT,Neutral-CoT,2,issue_crime_addiction
17355,QwenT,EI,1,issue_crime_addiction
17355,QwenT,EA,2,issue_crime_addiction
17361,GPT_5,Neutral,2,close_relationship
17361,GPT_5,Neutral-CoT,1,close_relationship
17361,GPT_5,EI,2,close_relationship
17361,GPT_5,EA,1,close_relationship
17361,GPT_o4,Neutral,2,close_relationship
17361,GPT_o4,Neutral-CoT,2,close_relationship
17361,GPT_o4,EI,1,close_relationship
17361,GPT_o4,EA,2,close_relationship
17361,QwenN,Neutral,2,close_relationship
17361,QwenN,Neutral-CoT,2,close_relationship
17361,QwenN,EI,2,close_relationship
17361,QwenN,EA,2,close_relationship
17361,QwenT,Neutral,1,close_relationship
17361,QwenT,Neutral-CoT,1,close_relationship
17361,QwenT,EI,1,close_relationship
17361,QwenT,EA,1,close_relationship
17364,GPT_5,Neutral,2,role_duty_responsibility
17364,GPT_5,Neutral-CoT,2,role_duty_responsibility
17364,GPT_5,EI,1,role_duty_responsibility
17364,GPT_5,EA,2,role_duty_responsibility
17364,GPT_o4,Neutral,2,role_duty_responsibility
17364,GPT_o4,Neutral-CoT,2,role_duty_responsibility
17364,GPT_o4,EI,2,role_duty_responsibility
17364,GPT_o4,EA,2,role_duty_responsibility
17364,QwenN,Neutral,2,role_duty_responsibility
17364,QwenN,Neutral-CoT,2,role_duty_responsibility
17364,QwenN,EI,2,role_duty_responsibility
17364,QwenN,EA,2,role_duty_responsibility
17364,QwenT,Neutral,2,role_duty_responsibility
17364,QwenT,Neutral-CoT,2,role_duty_responsibility
17364,QwenT,EI,2,role_duty_responsibility
17364,QwenT,EA,2,role_duty_responsibility
17386,GPT_5,Neutral,2,issue_self_image_social
17386,GPT_5,Neutral-CoT,2,issue_self_image_social
17386,GPT_5,EI,2,issue_self_image_social
17386,GPT_5,EA,2,issue_self_image_social
17386,GPT_o4,Neutral,2,issue_self_image_social
17386,GPT_o4,Neutral-CoT,2,issue_self_image_social
17386,GPT_o4,EI,2,issue_self_image_social
17386,GPT_o4,EA,2,issue_self_image_social
17386,QwenN,Neutral,2,issue_self_image_social
17386,QwenN,Neutral-CoT,2,issue_self_image_social
17386,QwenN,EI,2,issue_self_image_social
17386,QwenN,EA,2,issue_self_image_social
17386,QwenT,Neutral,2,issue_self_image_social
17386,QwenT,Neutral-CoT,2,issue_self_image_social
17386,QwenT,EI,2,issue_self_image_social
17386,QwenT,EA,2,issue_self_image_social
17423,GPT_5,Neutral,2,business_organization
17423,GPT_5,Neutral-CoT,2,business_organization
17423,GPT_5,EI,2,business_organization
17423,GPT_5,EA,2,business_organization
17423,GPT_o4,Neutral,2,business_organization
17423,GPT_o4,Neutral-CoT,2,business_organization
17423,GPT_o4,EI,2,business_organization
17423,GPT_o4,EA,2,business_organization
17423,QwenN,Neutral,1,business_organization
17423,QwenN,Neutral-CoT,2,business_organization
17423,QwenN,EI,2,business_organization
17423,QwenN,EA,2,business_organization
17423,QwenT,Neutral,2,business_organization
17423,QwenT,Neutral-CoT,2,business_organization
17423,QwenT,EI,2,business_organization
17423,QwenT,EA,2,business_organization
17455,GPT_5,Neutral,1,family
17455,GPT_5,Neutral-CoT,1,family
17455,GPT_5,EI,1,family
17455,GPT_5,EA,1,family
17455,GPT_o4,Neutral,1,family
17455,GPT_o4,Neutral-CoT,1,family
17455,GPT_o4,EI,1,family
17455,GPT_o4,EA,1,family
17455,QwenN,Neutral,1,family
17455,QwenN,Neutral-CoT,1,family
17455,QwenN,EI,1,family
17455,QwenN,EA,1,family
17455,QwenT,Neutral,1,family
17455,QwenT,Neutral-CoT,1,family
17455,QwenT,EI,1,family
17455,QwenT,EA,1,family
17468,GPT_5,Neutral,1,issue_self_image_social
17468,GPT_5,Neutral-CoT,1,issue_self_image_social
17468,GPT_5,EI,1,issue_self_image_social
17468,GPT_5,EA,1,issue_self_image_social
17468,GPT_o4,Neutral,1,issue_self_image_social
17468,GPT_o4,Neutral-CoT,1,issue_self_image_social
17468,GPT_o4,EI,1,issue_self_image_social
17468,GPT_o4,EA,1,issue_self_image_social
17468,QwenN,Neutral,1,issue_self_image_social
17468,QwenN,Neutral-CoT,1,issue_self_image_social
17468,QwenN,EI,1,issue_self_image_social
17468,QwenN,EA,1,issue_self_image_social
17468,QwenT,Neutral,2,issue_self_image_social
17468,QwenT,Neutral-CoT,2,issue_self_image_social
17468,QwenT,EI,2,issue_self_image_social
17468,QwenT,EA,1,issue_self_image_social
17475,GPT_5,Neutral,1,friend
17475,GPT_5,Neutral-CoT,1,friend
17475,GPT_5,EI,1,friend
17475,GPT_5,EA,1,friend
17475,GPT_o4,Neutral,1,friend
17475,GPT_o4,Neutral-CoT,1,friend
17475,GPT_o4,EI,1,friend
17475,GPT_o4,EA,1,friend
17475,QwenN,Neutral,1,friend
17475,QwenN,Neutral-CoT,1,friend
17475,QwenN,EI,1,friend
17475,QwenN,EA,1,friend
17475,QwenT,Neutral,1,friend
17475,QwenT,Neutral-CoT,1,friend
17475,QwenT,EI,1,friend
17475,QwenT,EA,1,friend
17553,GPT_5,Neutral,1,friend
17553,GPT_5,Neutral-CoT,1,friend
17553,GPT_5,EI,2,friend
17553,GPT_5,EA,1,friend
17553,GPT_o4,Neutral,1,friend
17553,GPT_o4,Neutral-CoT,1,friend
17553,GPT_o4,EI,1,friend
17553,GPT_o4,EA,1,friend
17553,QwenN,Neutral,1,friend
17553,QwenN,Neutral-CoT,2,friend
17553,QwenN,EI,2,friend
17553,QwenN,EA,2,friend
17553,QwenT,Neutral,1,friend
17553,QwenT,Neutral-CoT,1,friend
17553,QwenT,EI,1,friend
17553,QwenT,EA,1,friend
17585,GPT_5,Neutral,2,business_organization
17585,GPT_5,Neutral-CoT,2,business_organization
17585,GPT_5,EI,2,business_organization
17585,GPT_5,EA,2,business_organization
17585,GPT_o4,Neutral,2,business_organization
17585,GPT_o4,Neutral-CoT,2,business_organization
17585,GPT_o4,EI,2,business_organization
17585,GPT_o4,EA,2,business_organization
17585,QwenN,Neutral,2,business_organization
17585,QwenN,Neutral-CoT,2,business_organization
17585,QwenN,EI,2,business_organization
17585,QwenN,EA,2,business_organization
17585,QwenT,Neutral,1,business_organization
17585,QwenT,Neutral-CoT,1,business_organization
17585,QwenT,EI,1,business_organization
17585,QwenT,EA,1,business_organization
17693,GPT_5,Neutral,1,family
17693,GPT_5,Neutral-CoT,1,family
17693,GPT_5,EI,2,family
17693,GPT_5,EA,1,family
17693,GPT_o4,Neutral,1,family
17693,GPT_o4,Neutral-CoT,1,family
17693,GPT_o4,EI,1,family
17693,GPT_o4,EA,1,family
17693,QwenN,Neutral,1,family
17693,QwenN,Neutral-CoT,1,family
17693,QwenN,EI,1,family
17693,QwenN,EA,1,family
17693,QwenT,Neutral,1,family
17693,QwenT,Neutral-CoT,1,family
17693,QwenT,EI,2,family
17693,QwenT,EA,1,family
17744,GPT_5,Neutral,2,event_daily_life
17744,GPT_5,Neutral-CoT,2,event_daily_life
17744,GPT_5,EI,2,event_daily_life
17744,GPT_5,EA,2,event_daily_life
17744,GPT_o4,Neutral,2,event_daily_life
17744,GPT_o4,Neutral-CoT,2,event_daily_life
17744,GPT_o4,EI,2,event_daily_life
17744,GPT_o4,EA,2,event_daily_life
17744,QwenN,Neutral,2,event_daily_life
17744,QwenN,Neutral-CoT,2,event_daily_life
17744,QwenN,EI,2,event_daily_life
17744,QwenN,EA,2,event_daily_life
17744,QwenT,Neutral,2,event_daily_life
17744,QwenT,Neutral-CoT,2,event_daily_life
17744,QwenT,EI,2,event_daily_life
17744,QwenT,EA,2,event_daily_life
17746,GPT_5,Neutral,2,school
17746,GPT_5,Neutral-CoT,2,school
17746,GPT_5,EI,2,school
17746,GPT_5,EA,2,school
17746,GPT_o4,Neutral,2,school
17746,GPT_o4,Neutral-CoT,2,school
17746,GPT_o4,EI,2,school
17746,GPT_o4,EA,2,school
17746,QwenN,Neutral,2,school
17746,QwenN,Neutral-CoT,2,school
17746,QwenN,EI,2,school
17746,QwenN,EA,2,school
17746,QwenT,Neutral,2,school
17746,QwenT,Neutral-CoT,2,school
17746,QwenT,EI,1,school
17746,QwenT,EA,2,school
17792,GPT_5,Neutral,1,friend
17792,GPT_5,Neutral-CoT,1,friend
17792,GPT_5,EI,2,friend
17792,GPT_5,EA,1,friend
17792,GPT_o4,Neutral,1,friend
17792,GPT_o4,Neutral-CoT,1,friend
17792,GPT_o4,EI,2,friend
17792,GPT_o4,EA,1,friend
17792,QwenN,Neutral,1,friend
17792,QwenN,Neutral-CoT,1,friend
17792,QwenN,EI,2,friend
17792,QwenN,EA,1,friend
17792,QwenT,Neutral,1,friend
17792,QwenT,Neutral-CoT,1,friend
17792,QwenT,EI,2,friend
17792,QwenT,EA,1,friend
17806,GPT_5,Neutral,2,issue_wildlife_human_environment
17806,GPT_5,Neutral-CoT,2,issue_wildlife_human_environment
17806,GPT_5,EI,2,issue_wildlife_human_environment
17806,GPT_5,EA,2,issue_wildlife_human_environment
17806,GPT_o4,Neutral,2,issue_wildlife_human_environment
17806,GPT_o4,Neutral-CoT,2,issue_wildlife_human_environment
17806,GPT_o4,EI,2,issue_wildlife_human_environment
17806,GPT_o4,EA,2,issue_wildlife_human_environment
17806,QwenN,Neutral,2,issue_wildlife_human_environment
17806,QwenN,Neutral-CoT,2,issue_wildlife_human_environment
17806,QwenN,EI,2,issue_wildlife_human_environment
17806,QwenN,EA,2,issue_wildlife_human_environment
17806,QwenT,Neutral,2,issue_wildlife_human_environment
17806,QwenT,Neutral-CoT,2,issue_wildlife_human_environment
17806,QwenT,EI,2,issue_wildlife_human_environment
17806,QwenT,EA,2,issue_wildlife_human_environment
17841,GPT_5,Neutral,2,issue_personal_career
17841,GPT_5,Neutral-CoT,2,issue_personal_career
17841,GPT_5,EI,2,issue_personal_career
17841,GPT_5,EA,2,issue_personal_career
17841,GPT_o4,Neutral,2,issue_personal_career
17841,GPT_o4,Neutral-CoT,2,issue_personal_career
17841,GPT_o4,EI,2,issue_personal_career
17841,GPT_o4,EA,2,issue_personal_career
17841,QwenN,Neutral,2,issue_personal_career
17841,QwenN,Neutral-CoT,2,issue_personal_career
17841,QwenN,EI,2,issue_personal_career
17841,QwenN,EA,2,issue_personal_career
17841,QwenT,Neutral,1,issue_personal_career
17841,QwenT,Neutral-CoT,1,issue_personal_career
17841,QwenT,EI,2,issue_personal_career
17841,QwenT,EA,1,issue_personal_career
17877,GPT_5,Neutral,1,school
17877,GPT_5,Neutral-CoT,1,school
17877,GPT_5,EI,1,school
17877,GPT_5,EA,1,school
17877,GPT_o4,Neutral,1,school
17877,GPT_o4,Neutral-CoT,,school
17877,GPT_o4,EI,1,school
17877,GPT_o4,EA,1,school
17877,QwenN,Neutral,1,school
17877,QwenN,Neutral-CoT,1,school
17877,QwenN,EI,1,school
17877,QwenN,EA,1,school
17877,QwenT,Neutral,1,school
17877,QwenT,Neutral-CoT,1,school
17877,QwenT,EI,1,school
17877,QwenT,EA,1,school
17885,GPT_5,Neutral,2,event_special
17885,GPT_5,Neutral-CoT,2,event_special
17885,GPT_5,EI,2,event_special
17885,GPT_5,EA,2,event_special
17885,GPT_o4,Neutral,2,event_special
17885,GPT_o4,Neutral-CoT,2,event_special
17885,GPT_o4,EI,2,event_special
17885,GPT_o4,EA,2,event_special
17885,QwenN,Neutral,2,event_special
17885,QwenN,Neutral-CoT,2,event_special
17885,QwenN,EI,2,event_special
17885,QwenN,EA,2,event_special
17885,QwenT,Neutral,2,event_special
17885,QwenT,Neutral-CoT,1,event_special
17885,QwenT,EI,1,event_special
17885,QwenT,EA,1,event_special
17914,GPT_5,Neutral,1,issue_crime_addiction
17914,GPT_5,Neutral-CoT,1,issue_crime_addiction
17914,GPT_5,EI,1,issue_crime_addiction
17914,GPT_5,EA,1,issue_crime_addiction
17914,GPT_o4,Neutral,1,issue_crime_addiction
17914,GPT_o4,Neutral-CoT,1,issue_crime_addiction
17914,GPT_o4,EI,1,issue_crime_addiction
17914,GPT_o4,EA,1,issue_crime_addiction
17914,QwenN,Neutral,1,issue_crime_addiction
17914,QwenN,Neutral-CoT,1,issue_crime_addiction
17914,QwenN,EI,1,issue_crime_addiction
17914,QwenN,EA,1,issue_crime_addiction
17914,QwenT,Neutral,1,issue_crime_addiction
17914,QwenT,Neutral-CoT,1,issue_crime_addiction
17914,QwenT,EI,1,issue_crime_addiction
17914,QwenT,EA,1,issue_crime_addiction
17929,GPT_5,Neutral,2,issue_personal_career
17929,GPT_5,Neutral-CoT,2,issue_personal_career
17929,GPT_5,EI,2,issue_personal_career
17929,GPT_5,EA,2,issue_personal_career
17929,GPT_o4,Neutral,1,issue_personal_career
17929,GPT_o4,Neutral-CoT,1,issue_personal_career
17929,GPT_o4,EI,1,issue_personal_career
17929,GPT_o4,EA,1,issue_personal_career
17929,QwenN,Neutral,2,issue_personal_career
17929,QwenN,Neutral-CoT,2,issue_personal_career
17929,QwenN,EI,2,issue_personal_career
17929,QwenN,EA,2,issue_personal_career
17929,QwenT,Neutral,2,issue_personal_career
17929,QwenT,Neutral-CoT,2,issue_personal_career
17929,QwenT,EI,2,issue_personal_career
17929,QwenT,EA,2,issue_personal_career
17963,GPT_5,Neutral,2,issue_wildlife_human_environment
17963,GPT_5,Neutral-CoT,2,issue_wildlife_human_environment
17963,GPT_5,EI,2,issue_wildlife_human_environment
17963,GPT_5,EA,2,issue_wildlife_human_environment
17963,GPT_o4,Neutral,2,issue_wildlife_human_environment
17963,GPT_o4,Neutral-CoT,2,issue_wildlife_human_environment
17963,GPT_o4,EI,2,issue_wildlife_human_environment
17963,GPT_o4,EA,2,issue_wildlife_human_environment
17963,QwenN,Neutral,2,issue_wildlife_human_environment
17963,QwenN,Neutral-CoT,2,issue_wildlife_human_environment
17963,QwenN,EI,2,issue_wildlife_human_environment
17963,QwenN,EA,2,issue_wildlife_human_environment
17963,QwenT,Neutral,2,issue_wildlife_human_environment
17963,QwenT,Neutral-CoT,2,issue_wildlife_human_environment
17963,QwenT,EI,2,issue_wildlife_human_environment
17963,QwenT,EA,2,issue_wildlife_human_environment
18223,GPT_5,Neutral,2,event_special
18223,GPT_5,Neutral-CoT,2,event_special
18223,GPT_5,EI,2,event_special
18223,GPT_5,EA,2,event_special
18223,GPT_o4,Neutral,2,event_special
18223,GPT_o4,Neutral-CoT,2,event_special
18223,GPT_o4,EI,2,event_special
18223,GPT_o4,EA,2,event_special
18223,QwenN,Neutral,2,event_special
18223,QwenN,Neutral-CoT,2,event_special
18223,QwenN,EI,2,event_special
18223,QwenN,EA,2,event_special
18223,QwenT,Neutral,2,event_special
18223,QwenT,Neutral-CoT,1,event_special
18223,QwenT,EI,2,event_special
18223,QwenT,EA,2,event_special
18290,GPT_5,Neutral,1,business_organization
18290,GPT_5,Neutral-CoT,1,business_organization
18290,GPT_5,EI,1,business_organization
18290,GPT_5,EA,1,business_organization
18290,GPT_o4,Neutral,1,business_organization
18290,GPT_o4,Neutral-CoT,1,business_organization
18290,GPT_o4,EI,1,business_organization
18290,GPT_o4,EA,1,business_organization
18290,QwenN,Neutral,1,business_organization
18290,QwenN,Neutral-CoT,1,business_organization
18290,QwenN,EI,1,business_organization
18290,QwenN,EA,1,business_organization
18290,QwenT,Neutral,1,business_organization
18290,QwenT,Neutral-CoT,1,business_organization
18290,QwenT,EI,1,business_organization
18290,QwenT,EA,1,business_organization
18337,GPT_5,Neutral,1,role_duty_responsibility
18337,GPT_5,Neutral-CoT,1,role_duty_responsibility
18337,GPT_5,EI,1,role_duty_responsibility
18337,GPT_5,EA,1,role_duty_responsibility
18337,GPT_o4,Neutral,1,role_duty_responsibility
18337,GPT_o4,Neutral-CoT,1,role_duty_responsibility
18337,GPT_o4,EI,1,role_duty_responsibility
18337,GPT_o4,EA,1,role_duty_responsibility
18337,QwenN,Neutral,1,role_duty_responsibility
18337,QwenN,Neutral-CoT,1,role_duty_responsibility
18337,QwenN,EI,1,role_duty_responsibility
18337,QwenN,EA,1,role_duty_responsibility
18337,QwenT,Neutral,1,role_duty_responsibility
18337,QwenT,Neutral-CoT,1,role_duty_responsibility
18337,QwenT,EI,1,role_duty_responsibility
18337,QwenT,EA,1,role_duty_responsibility
18550,GPT_5,Neutral,2,close_relationship
18550,GPT_5,Neutral-CoT,2,close_relationship
18550,GPT_5,EI,2,close_relationship
18550,GPT_5,EA,2,close_relationship
18550,GPT_o4,Neutral,2,close_relationship
18550,GPT_o4,Neutral-CoT,2,close_relationship
18550,GPT_o4,EI,1,close_relationship
18550,GPT_o4,EA,2,close_relationship
18550,QwenN,Neutral,2,close_relationship
18550,QwenN,Neutral-CoT,2,close_relationship
18550,QwenN,EI,2,close_relationship
18550,QwenN,EA,2,close_relationship
18550,QwenT,Neutral,2,close_relationship
18550,QwenT,Neutral-CoT,2,close_relationship
18550,QwenT,EI,1,close_relationship
18550,QwenT,EA,2,close_relationship
18553,GPT_5,Neutral,2,issue_pregnancy
18553,GPT_5,Neutral-CoT,2,issue_pregnancy
18553,GPT_5,EI,2,issue_pregnancy
18553,GPT_5,EA,2,issue_pregnancy
18553,GPT_o4,Neutral,2,issue_pregnancy
18553,GPT_o4,Neutral-CoT,2,issue_pregnancy
18553,GPT_o4,EI,2,issue_pregnancy
18553,GPT_o4,EA,2,issue_pregnancy
18553,QwenN,Neutral,2,issue_pregnancy
18553,QwenN,Neutral-CoT,2,issue_pregnancy
18553,QwenN,EI,2,issue_pregnancy
18553,QwenN,EA,2,issue_pregnancy
18553,QwenT,Neutral,2,issue_pregnancy
18553,QwenT,Neutral-CoT,2,issue_pregnancy
18553,QwenT,EI,2,issue_pregnancy
18553,QwenT,EA,2,issue_pregnancy
18597,GPT_5,Neutral,2,issue_wildlife_human_environment
18597,GPT_5,Neutral-CoT,2,issue_wildlife_human_environment
18597,GPT_5,EI,1,issue_wildlife_human_environment
18597,GPT_5,EA,2,issue_wildlife_human_environment
18597,GPT_o4,Neutral,2,issue_wildlife_human_environment
18597,GPT_o4,Neutral-CoT,2,issue_wildlife_human_environment
18597,GPT_o4,EI,1,issue_wildlife_human_environment
18597,GPT_o4,EA,2,issue_wildlife_human_environment
18597,QwenN,Neutral,2,issue_wildlife_human_environment
18597,QwenN,Neutral-CoT,2,issue_wildlife_human_environment
18597,QwenN,EI,1,issue_wildlife_human_environment
18597,QwenN,EA,2,issue_wildlife_human_environment
18597,QwenT,Neutral,1,issue_wildlife_human_environment
18597,QwenT,Neutral-CoT,1,issue_wildlife_human_environment
18597,QwenT,EI,1,issue_wildlife_human_environment
18597,QwenT,EA,1,issue_wildlife_human_environment
18613,GPT_5,Neutral,2,friend
18613,GPT_5,Neutral-CoT,2,friend
18613,GPT_5,EI,2,friend
18613,GPT_5,EA,2,friend
18613,GPT_o4,Neutral,2,friend
18613,GPT_o4,Neutral-CoT,2,friend
18613,GPT_o4,EI,2,friend
18613,GPT_o4,EA,2,friend
18613,QwenN,Neutral,2,friend
18613,QwenN,Neutral-CoT,2,friend
18613,QwenN,EI,2,friend
18613,QwenN,EA,2,friend
18613,QwenT,Neutral,2,friend
18613,QwenT,Neutral-CoT,2,friend
18613,QwenT,EI,2,friend
18613,QwenT,EA,2,friend
18630,GPT_5,Neutral,2,family
18630,GPT_5,Neutral-CoT,2,family
18630,GPT_5,EI,2,family
18630,GPT_5,EA,2,family
18630,GPT_o4,Neutral,2,family
18630,GPT_o4,Neutral-CoT,2,family
18630,GPT_o4,EI,2,family
18630,GPT_o4,EA,2,family
18630,QwenN,Neutral,2,family
18630,QwenN,Neutral-CoT,2,family
18630,QwenN,EI,2,family
18630,QwenN,EA,2,family
18630,QwenT,Neutral,2,family
18630,QwenT,Neutral-CoT,2,family
18630,QwenT,EI,2,family
18630,QwenT,EA,2,family
18631,GPT_5,Neutral,1,issue_pregnancy
18631,GPT_5,Neutral-CoT,1,issue_pregnancy
18631,GPT_5,EI,1,issue_pregnancy
18631,GPT_5,EA,1,issue_pregnancy
18631,GPT_o4,Neutral,2,issue_pregnancy
18631,GPT_o4,Neutral-CoT,1,issue_pregnancy
18631,GPT_o4,EI,1,issue_pregnancy
18631,GPT_o4,EA,2,issue_pregnancy
18631,QwenN,Neutral,1,issue_pregnancy
18631,QwenN,Neutral-CoT,1,issue_pregnancy
18631,QwenN,EI,1,issue_pregnancy
18631,QwenN,EA,1,issue_pregnancy
18631,QwenT,Neutral,2,issue_pregnancy
18631,QwenT,Neutral-CoT,1,issue_pregnancy
18631,QwenT,EI,2,issue_pregnancy
18631,QwenT,EA,1,issue_pregnancy
18643,GPT_5,Neutral,1,business_organization
18643,GPT_5,Neutral-CoT,1,business_organization
18643,GPT_5,EI,1,business_organization
18643,GPT_5,EA,1,business_organization
18643,GPT_o4,Neutral,1,business_organization
18643,GPT_o4,Neutral-CoT,1,business_organization
18643,GPT_o4,EI,1,business_organization
18643,GPT_o4,EA,1,business_organization
18643,QwenN,Neutral,1,business_organization
18643,QwenN,Neutral-CoT,1,business_organization
18643,QwenN,EI,1,business_organization
18643,QwenN,EA,1,business_organization
18643,QwenT,Neutral,1,business_organization
18643,QwenT,Neutral-CoT,1,business_organization
18643,QwenT,EI,1,business_organization
18643,QwenT,EA,1,business_organization
18652,GPT_5,Neutral,1,family
18652,GPT_5,Neutral-CoT,1,family
18652,GPT_5,EI,1,family
18652,GPT_5,EA,1,family
18652,GPT_o4,Neutral,1,family
18652,GPT_o4,Neutral-CoT,1,family
18652,GPT_o4,EI,1,family
18652,GPT_o4,EA,1,family
18652,QwenN,Neutral,1,family
18652,QwenN,Neutral-CoT,2,family
18652,QwenN,EI,2,family
18652,QwenN,EA,1,family
18652,QwenT,Neutral,1,family
18652,QwenT,Neutral-CoT,1,family
18652,QwenT,EI,2,family
18652,QwenT,EA,2,family
18656,GPT_5,Neutral,2,family
18656,GPT_5,Neutral-CoT,2,family
18656,GPT_5,EI,2,family
18656,GPT_5,EA,2,family
18656,GPT_o4,Neutral,2,family
18656,GPT_o4,Neutral-CoT,2,family
18656,GPT_o4,EI,2,family
18656,GPT_o4,EA,2,family
18656,QwenN,Neutral,2,family
18656,QwenN,Neutral-CoT,2,family
18656,QwenN,EI,2,family
18656,QwenN,EA,2,family
18656,QwenT,Neutral,2,family
18656,QwenT,Neutral-CoT,2,family
18656,QwenT,EI,1,family
18656,QwenT,EA,2,family
18670,GPT_5,Neutral,2,issue_personal_career
18670,GPT_5,Neutral-CoT,1,issue_personal_career
18670,GPT_5,EI,1,issue_personal_career
18670,GPT_5,EA,1,issue_personal_career
18670,GPT_o4,Neutral,1,issue_personal_career
18670,GPT_o4,Neutral-CoT,1,issue_personal_career
18670,GPT_o4,EI,1,issue_personal_career
18670,GPT_o4,EA,1,issue_personal_career
18670,QwenN,Neutral,1,issue_personal_career
18670,QwenN,Neutral-CoT,1,issue_personal_career
18670,QwenN,EI,1,issue_personal_career
18670,QwenN,EA,1,issue_personal_career
18670,QwenT,Neutral,1,issue_personal_career
18670,QwenT,Neutral-CoT,1,issue_personal_career
18670,QwenT,EI,1,issue_personal_career
18670,QwenT,EA,1,issue_personal_career
18805,GPT_5,Neutral,2,issue_wildlife_human_environment
18805,GPT_5,Neutral-CoT,2,issue_wildlife_human_environment
18805,GPT_5,EI,2,issue_wildlife_human_environment
18805,GPT_5,EA,2,issue_wildlife_human_environment
18805,GPT_o4,Neutral,2,issue_wildlife_human_environment
18805,GPT_o4,Neutral-CoT,2,issue_wildlife_human_environment
18805,GPT_o4,EI,2,issue_wildlife_human_environment
18805,GPT_o4,EA,2,issue_wildlife_human_environment
18805,QwenN,Neutral,2,issue_wildlife_human_environment
18805,QwenN,Neutral-CoT,2,issue_wildlife_human_environment
18805,QwenN,EI,2,issue_wildlife_human_environment
18805,QwenN,EA,2,issue_wildlife_human_environment
18805,QwenT,Neutral,2,issue_wildlife_human_environment
18805,QwenT,Neutral-CoT,2,issue_wildlife_human_environment
18805,QwenT,EI,1,issue_wildlife_human_environment
18805,QwenT,EA,2,issue_wildlife_human_environment
18806,GPT_5,Neutral,1,issue_wildlife_human_environment
18806,GPT_5,Neutral-CoT,1,issue_wildlife_human_environment
18806,GPT_5,EI,1,issue_wildlife_human_environment
18806,GPT_5,EA,1,issue_wildlife_human_environment
18806,GPT_o4,Neutral,1,issue_wildlife_human_environment
18806,GPT_o4,Neutral-CoT,1,issue_wildlife_human_environment
18806,GPT_o4,EI,1,issue_wildlife_human_environment
18806,GPT_o4,EA,1,issue_wildlife_human_environment
18806,QwenN,Neutral,1,issue_wildlife_human_environment
18806,QwenN,Neutral-CoT,1,issue_wildlife_human_environment
18806,QwenN,EI,1,issue_wildlife_human_environment
18806,QwenN,EA,1,issue_wildlife_human_environment
18806,QwenT,Neutral,2,issue_wildlife_human_environment
18806,QwenT,Neutral-CoT,1,issue_wildlife_human_environment
18806,QwenT,EI,2,issue_wildlife_human_environment
18806,QwenT,EA,1,issue_wildlife_human_environment
18820,GPT_5,Neutral,1,issue_young_people
18820,GPT_5,Neutral-CoT,1,issue_young_people
18820,GPT_5,EI,1,issue_young_people
18820,GPT_5,EA,1,issue_young_people
18820,GPT_o4,Neutral,2,issue_young_people
18820,GPT_o4,Neutral-CoT,2,issue_young_people
18820,GPT_o4,EI,2,issue_young_people
18820,GPT_o4,EA,1,issue_young_people
18820,QwenN,Neutral,1,issue_young_people
18820,QwenN,Neutral-CoT,1,issue_young_people
18820,QwenN,EI,1,issue_young_people
18820,QwenN,EA,1,issue_young_people
18820,QwenT,Neutral,1,issue_young_people
18820,QwenT,Neutral-CoT,2,issue_young_people
18820,QwenT,EI,1,issue_young_people
18820,QwenT,EA,1,issue_young_people
18839,GPT_5,Neutral,2,issue_wildlife_human_environment
18839,GPT_5,Neutral-CoT,2,issue_wildlife_human_environment
18839,GPT_5,EI,2,issue_wildlife_human_environment
18839,GPT_5,EA,2,issue_wildlife_human_environment
18839,GPT_o4,Neutral,2,issue_wildlife_human_environment
18839,GPT_o4,Neutral-CoT,2,issue_wildlife_human_environment
18839,GPT_o4,EI,2,issue_wildlife_human_environment
18839,GPT_o4,EA,2,issue_wildlife_human_environment
18839,QwenN,Neutral,2,issue_wildlife_human_environment
18839,QwenN,Neutral-CoT,2,issue_wildlife_human_environment
18839,QwenN,EI,2,issue_wildlife_human_environment
18839,QwenN,EA,2,issue_wildlife_human_environment
18839,QwenT,Neutral,2,issue_wildlife_human_environment
18839,QwenT,Neutral-CoT,2,issue_wildlife_human_environment
18839,QwenT,EI,1,issue_wildlife_human_environment
18839,QwenT,EA,2,issue_wildlife_human_environment
18874,GPT_5,Neutral,1,event_special
18874,GPT_5,Neutral-CoT,1,event_special
18874,GPT_5,EI,1,event_special
18874,GPT_5,EA,1,event_special
18874,GPT_o4,Neutral,1,event_special
18874,GPT_o4,Neutral-CoT,1,event_special
18874,GPT_o4,EI,1,event_special
18874,GPT_o4,EA,1,event_special
18874,QwenN,Neutral,1,event_special
18874,QwenN,Neutral-CoT,1,event_special
18874,QwenN,EI,1,event_special
18874,QwenN,EA,1,event_special
18874,QwenT,Neutral,1,event_special
18874,QwenT,Neutral-CoT,2,event_special
18874,QwenT,EI,2,event_special
18874,QwenT,EA,1,event_special
18886,GPT_5,Neutral,1,comitted_relationship
18886,GPT_5,Neutral-CoT,1,comitted_relationship
18886,GPT_5,EI,1,comitted_relationship
18886,GPT_5,EA,1,comitted_relationship
18886,GPT_o4,Neutral,1,comitted_relationship
18886,GPT_o4,Neutral-CoT,1,comitted_relationship
18886,GPT_o4,EI,1,comitted_relationship
18886,GPT_o4,EA,1,comitted_relationship
18886,QwenN,Neutral,1,comitted_relationship
18886,QwenN,Neutral-CoT,1,comitted_relationship
18886,QwenN,EI,1,comitted_relationship
18886,QwenN,EA,1,comitted_relationship
18886,QwenT,Neutral,1,comitted_relationship
18886,QwenT,Neutral-CoT,1,comitted_relationship
18886,QwenT,EI,1,comitted_relationship
18886,QwenT,EA,1,comitted_relationship
18935,GPT_5,Neutral,1,issue_wildlife_human_environment
18935,GPT_5,Neutral-CoT,1,issue_wildlife_human_environment
18935,GPT_5,EI,1,issue_wildlife_human_environment
18935,GPT_5,EA,1,issue_wildlife_human_environment
18935,GPT_o4,Neutral,1,issue_wildlife_human_environment
18935,GPT_o4,Neutral-CoT,1,issue_wildlife_human_environment
18935,GPT_o4,EI,1,issue_wildlife_human_environment
18935,GPT_o4,EA,1,issue_wildlife_human_environment
18935,QwenN,Neutral,1,issue_wildlife_human_environment
18935,QwenN,Neutral-CoT,1,issue_wildlife_human_environment
18935,QwenN,EI,1,issue_wildlife_human_environment
18935,QwenN,EA,1,issue_wildlife_human_environment
18935,QwenT,Neutral,1,issue_wildlife_human_environment
18935,QwenT,Neutral-CoT,1,issue_wildlife_human_environment
18935,QwenT,EI,1,issue_wildlife_human_environment
18935,QwenT,EA,1,issue_wildlife_human_environment
18961,GPT_5,Neutral,2,friend
18961,GPT_5,Neutral-CoT,2,friend
18961,GPT_5,EI,2,friend
18961,GPT_5,EA,2,friend
18961,GPT_o4,Neutral,2,friend
18961,GPT_o4,Neutral-CoT,2,friend
18961,GPT_o4,EI,2,friend
18961,GPT_o4,EA,2,friend
18961,QwenN,Neutral,2,friend
18961,QwenN,Neutral-CoT,2,friend
18961,QwenN,EI,2,friend
18961,QwenN,EA,2,friend
18961,QwenT,Neutral,2,friend
18961,QwenT,Neutral-CoT,2,friend
18961,QwenT,EI,2,friend
18961,QwenT,EA,2,friend
18970,GPT_5,Neutral,1,issue_personal_career
18970,GPT_5,Neutral-CoT,1,issue_personal_career
18970,GPT_5,EI,1,issue_personal_career
18970,GPT_5,EA,1,issue_personal_career
18970,GPT_o4,Neutral,1,issue_personal_career
18970,GPT_o4,Neutral-CoT,1,issue_personal_career
18970,GPT_o4,EI,1,issue_personal_career
18970,GPT_o4,EA,1,issue_personal_career
18970,QwenN,Neutral,1,issue_personal_career
18970,QwenN,Neutral-CoT,1,issue_personal_career
18970,QwenN,EI,1,issue_personal_career
18970,QwenN,EA,1,issue_personal_career
18970,QwenT,Neutral,1,issue_personal_career
18970,QwenT,Neutral-CoT,1,issue_personal_career
18970,QwenT,EI,1,issue_personal_career
18970,QwenT,EA,1,issue_personal_career
18998,GPT_5,Neutral,2,event_daily_life
18998,GPT_5,Neutral-CoT,2,event_daily_life
18998,GPT_5,EI,2,event_daily_life
18998,GPT_5,EA,2,event_daily_life
18998,GPT_o4,Neutral,2,event_daily_life
18998,GPT_o4,Neutral-CoT,2,event_daily_life
18998,GPT_o4,EI,2,event_daily_life
18998,GPT_o4,EA,2,event_daily_life
18998,QwenN,Neutral,2,event_daily_life
18998,QwenN,Neutral-CoT,2,event_daily_life
18998,QwenN,EI,2,event_daily_life
18998,QwenN,EA,2,event_daily_life
18998,QwenT,Neutral,2,event_daily_life
18998,QwenT,Neutral-CoT,2,event_daily_life
18998,QwenT,EI,2,event_daily_life
18998,QwenT,EA,2,event_daily_life
19036,GPT_5,Neutral,2,issue_personal_career
19036,GPT_5,Neutral-CoT,2,issue_personal_career
19036,GPT_5,EI,2,issue_personal_career
19036,GPT_5,EA,2,issue_personal_career
19036,GPT_o4,Neutral,2,issue_personal_career
19036,GPT_o4,Neutral-CoT,2,issue_personal_career
19036,GPT_o4,EI,2,issue_personal_career
19036,GPT_o4,EA,2,issue_personal_career
19036,QwenN,Neutral,2,issue_personal_career
19036,QwenN,Neutral-CoT,2,issue_personal_career
19036,QwenN,EI,2,issue_personal_career
19036,QwenN,EA,2,issue_personal_career
19036,QwenT,Neutral,1,issue_personal_career
19036,QwenT,Neutral-CoT,2,issue_personal_career
19036,QwenT,EI,1,issue_personal_career
19036,QwenT,EA,2,issue_personal_career
19045,GPT_5,Neutral,2,friend
19045,GPT_5,Neutral-CoT,2,friend
19045,GPT_5,EI,2,friend
19045,GPT_5,EA,2,friend
19045,GPT_o4,Neutral,2,friend
19045,GPT_o4,Neutral-CoT,2,friend
19045,GPT_o4,EI,2,friend
19045,GPT_o4,EA,2,friend
19045,QwenN,Neutral,2,friend
19045,QwenN,Neutral-CoT,2,friend
19045,QwenN,EI,2,friend
19045,QwenN,EA,2,friend
19045,QwenT,Neutral,2,friend
19045,QwenT,Neutral-CoT,2,friend
19045,QwenT,EI,2,friend
19045,QwenT,EA,2,friend
19113,GPT_5,Neutral,2,school
19113,GPT_5,Neutral-CoT,2,school
19113,GPT_5,EI,2,school
19113,GPT_5,EA,2,school
19113,GPT_o4,Neutral,2,school
19113,GPT_o4,Neutral-CoT,2,school
19113,GPT_o4,EI,2,school
19113,GPT_o4,EA,2,school
19113,QwenN,Neutral,1,school
19113,QwenN,Neutral-CoT,1,school
19113,QwenN,EI,1,school
19113,QwenN,EA,1,school
19113,QwenT,Neutral,1,school
19113,QwenT,Neutral-CoT,1,school
19113,QwenT,EI,1,school
19113,QwenT,EA,1,school
19164,GPT_5,Neutral,2,issue_self_image_social
19164,GPT_5,Neutral-CoT,1,issue_self_image_social
19164,GPT_5,EI,1,issue_self_image_social
19164,GPT_5,EA,2,issue_self_image_social
19164,GPT_o4,Neutral,1,issue_self_image_social
19164,GPT_o4,Neutral-CoT,1,issue_self_image_social
19164,GPT_o4,EI,1,issue_self_image_social
19164,GPT_o4,EA,1,issue_self_image_social
19164,QwenN,Neutral,1,issue_self_image_social
19164,QwenN,Neutral-CoT,1,issue_self_image_social
19164,QwenN,EI,1,issue_self_image_social
19164,QwenN,EA,1,issue_self_image_social
19164,QwenT,Neutral,2,issue_self_image_social
19164,QwenT,Neutral-CoT,2,issue_self_image_social
19164,QwenT,EI,2,issue_self_image_social
19164,QwenT,EA,2,issue_self_image_social
19267,GPT_5,Neutral,2,school
19267,GPT_5,Neutral-CoT,2,school
19267,GPT_5,EI,2,school
19267,GPT_5,EA,2,school
19267,GPT_o4,Neutral,2,school
19267,GPT_o4,Neutral-CoT,2,school
19267,GPT_o4,EI,2,school
19267,GPT_o4,EA,2,school
19267,QwenN,Neutral,2,school
19267,QwenN,Neutral-CoT,2,school
19267,QwenN,EI,2,school
19267,QwenN,EA,2,school
19267,QwenT,Neutral,2,school
19267,QwenT,Neutral-CoT,2,school
19267,QwenT,EI,2,school
19267,QwenT,EA,2,school
19295,GPT_5,Neutral,1,workplace
19295,GPT_5,Neutral-CoT,1,workplace
19295,GPT_5,EI,1,workplace
19295,GPT_5,EA,1,workplace
19295,GPT_o4,Neutral,1,workplace
19295,GPT_o4,Neutral-CoT,1,workplace
19295,GPT_o4,EI,1,workplace
19295,GPT_o4,EA,1,workplace
19295,QwenN,Neutral,1,workplace
19295,QwenN,Neutral-CoT,1,workplace
19295,QwenN,EI,1,workplace
19295,QwenN,EA,1,workplace
19295,QwenT,Neutral,1,workplace
19295,QwenT,Neutral-CoT,1,workplace
19295,QwenT,EI,1,workplace
19295,QwenT,EA,1,workplace
19331,GPT_5,Neutral,2,issue_wildlife_human_environment
19331,GPT_5,Neutral-CoT,2,issue_wildlife_human_environment
19331,GPT_5,EI,2,issue_wildlife_human_environment
19331,GPT_5,EA,2,issue_wildlife_human_environment
19331,GPT_o4,Neutral,2,issue_wildlife_human_environment
19331,GPT_o4,Neutral-CoT,2,issue_wildlife_human_environment
19331,GPT_o4,EI,2,issue_wildlife_human_environment
19331,GPT_o4,EA,2,issue_wildlife_human_environment
19331,QwenN,Neutral,2,issue_wildlife_human_environment
19331,QwenN,Neutral-CoT,2,issue_wildlife_human_environment
19331,QwenN,EI,2,issue_wildlife_human_environment
19331,QwenN,EA,2,issue_wildlife_human_environment
19331,QwenT,Neutral,2,issue_wildlife_human_environment
19331,QwenT,Neutral-CoT,2,issue_wildlife_human_environment
19331,QwenT,EI,2,issue_wildlife_human_environment
19331,QwenT,EA,2,issue_wildlife_human_environment
19341,GPT_5,Neutral,1,friend
19341,GPT_5,Neutral-CoT,1,friend
19341,GPT_5,EI,1,friend
19341,GPT_5,EA,1,friend
19341,GPT_o4,Neutral,1,friend
19341,GPT_o4,Neutral-CoT,1,friend
19341,GPT_o4,EI,1,friend
19341,GPT_o4,EA,1,friend
19341,QwenN,Neutral,1,friend
19341,QwenN,Neutral-CoT,1,friend
19341,QwenN,EI,1,friend
19341,QwenN,EA,1,friend
19341,QwenT,Neutral,1,friend
19341,QwenT,Neutral-CoT,1,friend
19341,QwenT,EI,1,friend
19341,QwenT,EA,1,friend
19363,GPT_5,Neutral,1,issue_self_image_social
19363,GPT_5,Neutral-CoT,1,issue_self_image_social
19363,GPT_5,EI,1,issue_self_image_social
19363,GPT_5,EA,1,issue_self_image_social
19363,GPT_o4,Neutral,1,issue_self_image_social
19363,GPT_o4,Neutral-CoT,1,issue_self_image_social
19363,GPT_o4,EI,1,issue_self_image_social
19363,GPT_o4,EA,1,issue_self_image_social
19363,QwenN,Neutral,1,issue_self_image_social
19363,QwenN,Neutral-CoT,1,issue_self_image_social
19363,QwenN,EI,1,issue_self_image_social
19363,QwenN,EA,1,issue_self_image_social
19363,QwenT,Neutral,1,issue_self_image_social
19363,QwenT,Neutral-CoT,1,issue_self_image_social
19363,QwenT,EI,1,issue_self_image_social
19363,QwenT,EA,1,issue_self_image_social
19383,GPT_5,Neutral,1,workplace
19383,GPT_5,Neutral-CoT,1,workplace
19383,GPT_5,EI,1,workplace
19383,GPT_5,EA,1,workplace
19383,GPT_o4,Neutral,1,workplace
19383,GPT_o4,Neutral-CoT,1,workplace
19383,GPT_o4,EI,1,workplace
19383,GPT_o4,EA,1,workplace
19383,QwenN,Neutral,1,workplace
19383,QwenN,Neutral-CoT,1,workplace
19383,QwenN,EI,1,workplace
19383,QwenN,EA,1,workplace
19383,QwenT,Neutral,1,workplace
19383,QwenT,Neutral-CoT,1,workplace
19383,QwenT,EI,1,workplace
19383,QwenT,EA,1,workplace
19385,GPT_5,Neutral,2,issue_self_image_social
19385,GPT_5,Neutral-CoT,2,issue_self_image_social
19385,GPT_5,EI,2,issue_self_image_social
19385,GPT_5,EA,2,issue_self_image_social
19385,GPT_o4,Neutral,2,issue_self_image_social
19385,GPT_o4,Neutral-CoT,2,issue_self_image_social
19385,GPT_o4,EI,2,issue_self_image_social
19385,GPT_o4,EA,2,issue_self_image_social
19385,QwenN,Neutral,2,issue_self_image_social
19385,QwenN,Neutral-CoT,2,issue_self_image_social
19385,QwenN,EI,2,issue_self_image_social
19385,QwenN,EA,2,issue_self_image_social
19385,QwenT,Neutral,2,issue_self_image_social
19385,QwenT,Neutral-CoT,2,issue_self_image_social
19385,QwenT,EI,2,issue_self_image_social
19385,QwenT,EA,2,issue_self_image_social
19395,GPT_5,Neutral,2,friend
19395,GPT_5,Neutral-CoT,2,friend
19395,GPT_5,EI,2,friend
19395,GPT_5,EA,2,friend
19395,GPT_o4,Neutral,2,friend
19395,GPT_o4,Neutral-CoT,2,friend
19395,GPT_o4,EI,2,friend
19395,GPT_o4,EA,2,friend
19395,QwenN,Neutral,2,friend
19395,QwenN,Neutral-CoT,2,friend
19395,QwenN,EI,2,friend
19395,QwenN,EA,2,friend
19395,QwenT,Neutral,2,friend
19395,QwenT,Neutral-CoT,2,friend
19395,QwenT,EI,2,friend
19395,QwenT,EA,2,friend
19486,GPT_5,Neutral,2,comitted_relationship
19486,GPT_5,Neutral-CoT,2,comitted_relationship
19486,GPT_5,EI,2,comitted_relationship
19486,GPT_5,EA,2,comitted_relationship
19486,GPT_o4,Neutral,1,comitted_relationship
19486,GPT_o4,Neutral-CoT,1,comitted_relationship
19486,GPT_o4,EI,2,comitted_relationship
19486,GPT_o4,EA,2,comitted_relationship
19486,QwenN,Neutral,2,comitted_relationship
19486,QwenN,Neutral-CoT,2,comitted_relationship
19486,QwenN,EI,2,comitted_relationship
19486,QwenN,EA,2,comitted_relationship
19486,QwenT,Neutral,2,comitted_relationship
19486,QwenT,Neutral-CoT,2,comitted_relationship
19486,QwenT,EI,2,comitted_relationship
19486,QwenT,EA,2,comitted_relationship
19496,GPT_5,Neutral,2,family
19496,GPT_5,Neutral-CoT,2,family
19496,GPT_5,EI,2,family
19496,GPT_5,EA,2,family
19496,GPT_o4,Neutral,2,family
19496,GPT_o4,Neutral-CoT,2,family
19496,GPT_o4,EI,2,family
19496,GPT_o4,EA,2,family
19496,QwenN,Neutral,2,family
19496,QwenN,Neutral-CoT,2,family
19496,QwenN,EI,2,family
19496,QwenN,EA,2,family
19496,QwenT,Neutral,2,family
19496,QwenT,Neutral-CoT,2,family
19496,QwenT,EI,2,family
19496,QwenT,EA,2,family
19519,GPT_5,Neutral,2,issue_wildlife_human_environment
19519,GPT_5,Neutral-CoT,2,issue_wildlife_human_environment
19519,GPT_5,EI,1,issue_wildlife_human_environment
19519,GPT_5,EA,2,issue_wildlife_human_environment
19519,GPT_o4,Neutral,1,issue_wildlife_human_environment
19519,GPT_o4,Neutral-CoT,1,issue_wildlife_human_environment
19519,GPT_o4,EI,1,issue_wildlife_human_environment
19519,GPT_o4,EA,1,issue_wildlife_human_environment
19519,QwenN,Neutral,2,issue_wildlife_human_environment
19519,QwenN,Neutral-CoT,2,issue_wildlife_human_environment
19519,QwenN,EI,1,issue_wildlife_human_environment
19519,QwenN,EA,2,issue_wildlife_human_environment
19519,QwenT,Neutral,2,issue_wildlife_human_environment
19519,QwenT,Neutral-CoT,2,issue_wildlife_human_environment
19519,QwenT,EI,2,issue_wildlife_human_environment
19519,QwenT,EA,2,issue_wildlife_human_environment
19532,GPT_5,Neutral,1,family
19532,GPT_5,Neutral-CoT,1,family
19532,GPT_5,EI,1,family
19532,GPT_5,EA,1,family
19532,GPT_o4,Neutral,1,family
19532,GPT_o4,Neutral-CoT,1,family
19532,GPT_o4,EI,1,family
19532,GPT_o4,EA,1,family
19532,QwenN,Neutral,1,family
19532,QwenN,Neutral-CoT,1,family
19532,QwenN,EI,1,family
19532,QwenN,EA,1,family
19532,QwenT,Neutral,1,family
19532,QwenT,Neutral-CoT,1,family
19532,QwenT,EI,1,family
19532,QwenT,EA,1,family
19538,GPT_5,Neutral,1,religion_custom
19538,GPT_5,Neutral-CoT,1,religion_custom
19538,GPT_5,EI,1,religion_custom
19538,GPT_5,EA,1,religion_custom
19538,GPT_o4,Neutral,1,religion_custom
19538,GPT_o4,Neutral-CoT,1,religion_custom
19538,GPT_o4,EI,1,religion_custom
19538,GPT_o4,EA,1,religion_custom
19538,QwenN,Neutral,1,religion_custom
19538,QwenN,Neutral-CoT,1,religion_custom
19538,QwenN,EI,1,religion_custom
19538,QwenN,EA,1,religion_custom
19538,QwenT,Neutral,1,religion_custom
19538,QwenT,Neutral-CoT,1,religion_custom
19538,QwenT,EI,1,religion_custom
19538,QwenT,EA,1,religion_custom
19593,GPT_5,Neutral,1,school
19593,GPT_5,Neutral-CoT,1,school
19593,GPT_5,EI,1,school
19593,GPT_5,EA,1,school
19593,GPT_o4,Neutral,2,school
19593,GPT_o4,Neutral-CoT,2,school
19593,GPT_o4,EI,1,school
19593,GPT_o4,EA,2,school
19593,QwenN,Neutral,1,school
19593,QwenN,Neutral-CoT,1,school
19593,QwenN,EI,1,school
19593,QwenN,EA,1,school
19593,QwenT,Neutral,1,school
19593,QwenT,Neutral-CoT,1,school
19593,QwenT,EI,1,school
19593,QwenT,EA,1,school
19599,GPT_5,Neutral,2,business_organization
19599,GPT_5,Neutral-CoT,2,business_organization
19599,GPT_5,EI,2,business_organization
19599,GPT_5,EA,2,business_organization
19599,GPT_o4,Neutral,2,business_organization
19599,GPT_o4,Neutral-CoT,2,business_organization
19599,GPT_o4,EI,2,business_organization
19599,GPT_o4,EA,2,business_organization
19599,QwenN,Neutral,1,business_organization
19599,QwenN,Neutral-CoT,2,business_organization
19599,QwenN,EI,2,business_organization
19599,QwenN,EA,2,business_organization
19599,QwenT,Neutral,2,business_organization
19599,QwenT,Neutral-CoT,2,business_organization
19599,QwenT,EI,2,business_organization
19599,QwenT,EA,2,business_organization
19643,GPT_5,Neutral,1,comitted_relationship
19643,GPT_5,Neutral-CoT,1,comitted_relationship
19643,GPT_5,EI,1,comitted_relationship
19643,GPT_5,EA,1,comitted_relationship
19643,GPT_o4,Neutral,1,comitted_relationship
19643,GPT_o4,Neutral-CoT,1,comitted_relationship
19643,GPT_o4,EI,1,comitted_relationship
19643,GPT_o4,EA,1,comitted_relationship
19643,QwenN,Neutral,1,comitted_relationship
19643,QwenN,Neutral-CoT,1,comitted_relationship
19643,QwenN,EI,1,comitted_relationship
19643,QwenN,EA,1,comitted_relationship
19643,QwenT,Neutral,1,comitted_relationship
19643,QwenT,Neutral-CoT,1,comitted_relationship
19643,QwenT,EI,1,comitted_relationship
19643,QwenT,EA,1,comitted_relationship
19686,GPT_5,Neutral,1,religion_custom
19686,GPT_5,Neutral-CoT,1,religion_custom
19686,GPT_5,EI,1,religion_custom
19686,GPT_5,EA,1,religion_custom
19686,GPT_o4,Neutral,1,religion_custom
19686,GPT_o4,Neutral-CoT,1,religion_custom
19686,GPT_o4,EI,1,religion_custom
19686,GPT_o4,EA,1,religion_custom
19686,QwenN,Neutral,1,religion_custom
19686,QwenN,Neutral-CoT,1,religion_custom
19686,QwenN,EI,1,religion_custom
19686,QwenN,EA,1,religion_custom
19686,QwenT,Neutral,1,religion_custom
19686,QwenT,Neutral-CoT,1,religion_custom
19686,QwenT,EI,1,religion_custom
19686,QwenT,EA,1,religion_custom
19738,GPT_5,Neutral,1,comitted_relationship
19738,GPT_5,Neutral-CoT,1,comitted_relationship
19738,GPT_5,EI,1,comitted_relationship
19738,GPT_5,EA,1,comitted_relationship
19738,GPT_o4,Neutral,1,comitted_relationship
19738,GPT_o4,Neutral-CoT,1,comitted_relationship
19738,GPT_o4,EI,1,comitted_relationship
19738,GPT_o4,EA,1,comitted_relationship
19738,QwenN,Neutral,1,comitted_relationship
19738,QwenN,Neutral-CoT,1,comitted_relationship
19738,QwenN,EI,1,comitted_relationship
19738,QwenN,EA,1,comitted_relationship
19738,QwenT,Neutral,1,comitted_relationship
19738,QwenT,Neutral-CoT,1,comitted_relationship
19738,QwenT,EI,1,comitted_relationship
19738,QwenT,EA,1,comitted_relationship
19794,GPT_5,Neutral,1,comitted_relationship
19794,GPT_5,Neutral-CoT,1,comitted_relationship
19794,GPT_5,EI,1,comitted_relationship
19794,GPT_5,EA,1,comitted_relationship
19794,GPT_o4,Neutral,1,comitted_relationship
19794,GPT_o4,Neutral-CoT,1,comitted_relationship
19794,GPT_o4,EI,1,comitted_relationship
19794,GPT_o4,EA,1,comitted_relationship
19794,QwenN,Neutral,1,comitted_relationship
19794,QwenN,Neutral-CoT,1,comitted_relationship
19794,QwenN,EI,1,comitted_relationship
19794,QwenN,EA,1,comitted_relationship
19794,QwenT,Neutral,1,comitted_relationship
19794,QwenT,Neutral-CoT,1,comitted_relationship
19794,QwenT,EI,1,comitted_relationship
19794,QwenT,EA,1,comitted_relationship
19811,GPT_5,Neutral,1,family
19811,GPT_5,Neutral-CoT,1,family
19811,GPT_5,EI,1,family
19811,GPT_5,EA,1,family
19811,GPT_o4,Neutral,1,family
19811,GPT_o4,Neutral-CoT,1,family
19811,GPT_o4,EI,1,family
19811,GPT_o4,EA,1,family
19811,QwenN,Neutral,1,family
19811,QwenN,Neutral-CoT,1,family
19811,QwenN,EI,1,family
19811,QwenN,EA,1,family
19811,QwenT,Neutral,1,family
19811,QwenT,Neutral-CoT,1,family
19811,QwenT,EI,1,family
19811,QwenT,EA,1,family
19826,GPT_5,Neutral,2,issue_young_people
19826,GPT_5,Neutral-CoT,2,issue_young_people
19826,GPT_5,EI,2,issue_young_people
19826,GPT_5,EA,2,issue_young_people
19826,GPT_o4,Neutral,2,issue_young_people
19826,GPT_o4,Neutral-CoT,2,issue_young_people
19826,GPT_o4,EI,2,issue_young_people
19826,GPT_o4,EA,2,issue_young_people
19826,QwenN,Neutral,1,issue_young_people
19826,QwenN,Neutral-CoT,1,issue_young_people
19826,QwenN,EI,1,issue_young_people
19826,QwenN,EA,1,issue_young_people
19826,QwenT,Neutral,2,issue_young_people
19826,QwenT,Neutral-CoT,2,issue_young_people
19826,QwenT,EI,1,issue_young_people
19826,QwenT,EA,2,issue_young_people
19830,GPT_5,Neutral,2,issue_young_people
19830,GPT_5,Neutral-CoT,2,issue_young_people
19830,GPT_5,EI,2,issue_young_people
19830,GPT_5,EA,2,issue_young_people
19830,GPT_o4,Neutral,2,issue_young_people
19830,GPT_o4,Neutral-CoT,2,issue_young_people
19830,GPT_o4,EI,2,issue_young_people
19830,GPT_o4,EA,2,issue_young_people
19830,QwenN,Neutral,2,issue_young_people
19830,QwenN,Neutral-CoT,2,issue_young_people
19830,QwenN,EI,2,issue_young_people
19830,QwenN,EA,2,issue_young_people
19830,QwenT,Neutral,2,issue_young_people
19830,QwenT,Neutral-CoT,2,issue_young_people
19830,QwenT,EI,2,issue_young_people
19830,QwenT,EA,2,issue_young_people
19839,GPT_5,Neutral,2,event_special
19839,GPT_5,Neutral-CoT,2,event_special
19839,GPT_5,EI,1,event_special
19839,GPT_5,EA,2,event_special
19839,GPT_o4,Neutral,2,event_special
19839,GPT_o4,Neutral-CoT,2,event_special
19839,GPT_o4,EI,2,event_special
19839,GPT_o4,EA,2,event_special
19839,QwenN,Neutral,1,event_special
19839,QwenN,Neutral-CoT,1,event_special
19839,QwenN,EI,1,event_special
19839,QwenN,EA,1,event_special
19839,QwenT,Neutral,2,event_special
19839,QwenT,Neutral-CoT,2,event_special
19839,QwenT,EI,2,event_special
19839,QwenT,EA,1,event_special
19854,GPT_5,Neutral,2,religion_custom
19854,GPT_5,Neutral-CoT,2,religion_custom
19854,GPT_5,EI,2,religion_custom
19854,GPT_5,EA,2,religion_custom
19854,GPT_o4,Neutral,2,religion_custom
19854,GPT_o4,Neutral-CoT,2,religion_custom
19854,GPT_o4,EI,2,religion_custom
19854,GPT_o4,EA,2,religion_custom
19854,QwenN,Neutral,2,religion_custom
19854,QwenN,Neutral-CoT,2,religion_custom
19854,QwenN,EI,2,religion_custom
19854,QwenN,EA,2,religion_custom
19854,QwenT,Neutral,2,religion_custom
19854,QwenT,Neutral-CoT,2,religion_custom
19854,QwenT,EI,2,religion_custom
19854,QwenT,EA,2,religion_custom
19900,GPT_5,Neutral,2,workplace
19900,GPT_5,Neutral-CoT,2,workplace
19900,GPT_5,EI,2,workplace
19900,GPT_5,EA,2,workplace
19900,GPT_o4,Neutral,2,workplace
19900,GPT_o4,Neutral-CoT,2,workplace
19900,GPT_o4,EI,2,workplace
19900,GPT_o4,EA,2,workplace
19900,QwenN,Neutral,1,workplace
19900,QwenN,Neutral-CoT,1,workplace
19900,QwenN,EI,1,workplace
19900,QwenN,EA,1,workplace
19900,QwenT,Neutral,1,workplace
19900,QwenT,Neutral-CoT,1,workplace
19900,QwenT,EI,1,workplace
19900,QwenT,EA,1,workplace
19915,GPT_5,Neutral,2,school
19915,GPT_5,Neutral-CoT,1,school
19915,GPT_5,EI,1,school
19915,GPT_5,EA,1,school
19915,GPT_o4,Neutral,1,school
19915,GPT_o4,Neutral-CoT,1,school
19915,GPT_o4,EI,1,school
19915,GPT_o4,EA,1,school
19915,QwenN,Neutral,1,school
19915,QwenN,Neutral-CoT,1,school
19915,QwenN,EI,1,school
19915,QwenN,EA,1,school
19915,QwenT,Neutral,1,school
19915,QwenT,Neutral-CoT,1,school
19915,QwenT,EI,1,school
19915,QwenT,EA,1,school
19967,GPT_5,Neutral,1,issue_young_people
19967,GPT_5,Neutral-CoT,1,issue_young_people
19967,GPT_5,EI,1,issue_young_people
19967,GPT_5,EA,1,issue_young_people
19967,GPT_o4,Neutral,1,issue_young_people
19967,GPT_o4,Neutral-CoT,1,issue_young_people
19967,GPT_o4,EI,1,issue_young_people
19967,GPT_o4,EA,1,issue_young_people
19967,QwenN,Neutral,1,issue_young_people
19967,QwenN,Neutral-CoT,1,issue_young_people
19967,QwenN,EI,1,issue_young_people
19967,QwenN,EA,1,issue_young_people
19967,QwenT,Neutral,1,issue_young_people
19967,QwenT,Neutral-CoT,1,issue_young_people
19967,QwenT,EI,1,issue_young_people
19967,QwenT,EA,1,issue_young_people
19968,GPT_5,Neutral,2,workplace
19968,GPT_5,Neutral-CoT,2,workplace
19968,GPT_5,EI,2,workplace
19968,GPT_5,EA,2,workplace
19968,GPT_o4,Neutral,1,workplace
19968,GPT_o4,Neutral-CoT,2,workplace
19968,GPT_o4,EI,2,workplace
19968,GPT_o4,EA,2,workplace
19968,QwenN,Neutral,2,workplace
19968,QwenN,Neutral-CoT,2,workplace
19968,QwenN,EI,2,workplace
19968,QwenN,EA,2,workplace
19968,QwenT,Neutral,1,workplace
19968,QwenT,Neutral-CoT,2,workplace
19968,QwenT,EI,2,workplace
19968,QwenT,EA,2,workplace
20031,GPT_5,Neutral,1,issue_personal_career
20031,GPT_5,Neutral-CoT,1,issue_personal_career
20031,GPT_5,EI,1,issue_personal_career
20031,GPT_5,EA,1,issue_personal_career
20031,GPT_o4,Neutral,1,issue_personal_career
20031,GPT_o4,Neutral-CoT,1,issue_personal_career
20031,GPT_o4,EI,1,issue_personal_career
20031,GPT_o4,EA,1,issue_personal_career
20031,QwenN,Neutral,1,issue_personal_career
20031,QwenN,Neutral-CoT,1,issue_personal_career
20031,QwenN,EI,1,issue_personal_career
20031,QwenN,EA,1,issue_personal_career
20031,QwenT,Neutral,1,issue_personal_career
20031,QwenT,Neutral-CoT,1,issue_personal_career
20031,QwenT,EI,1,issue_personal_career
20031,QwenT,EA,1,issue_personal_career
20132,GPT_5,Neutral,2,event_special
20132,GPT_5,Neutral-CoT,2,event_special
20132,GPT_5,EI,2,event_special
20132,GPT_5,EA,2,event_special
20132,GPT_o4,Neutral,1,event_special
20132,GPT_o4,Neutral-CoT,1,event_special
20132,GPT_o4,EI,2,event_special
20132,GPT_o4,EA,1,event_special
20132,QwenN,Neutral,1,event_special
20132,QwenN,Neutral-CoT,1,event_special
20132,QwenN,EI,1,event_special
20132,QwenN,EA,1,event_special
20132,QwenT,Neutral,1,event_special
20132,QwenT,Neutral-CoT,1,event_special
20132,QwenT,EI,1,event_special
20132,QwenT,EA,1,event_special
20184,GPT_5,Neutral,2,business_organization
20184,GPT_5,Neutral-CoT,2,business_organization
20184,GPT_5,EI,2,business_organization
20184,GPT_5,EA,2,business_organization
20184,GPT_o4,Neutral,1,business_organization
20184,GPT_o4,Neutral-CoT,1,business_organization
20184,GPT_o4,EI,1,business_organization
20184,GPT_o4,EA,1,business_organization
20184,QwenN,Neutral,2,business_organization
20184,QwenN,Neutral-CoT,2,business_organization
20184,QwenN,EI,2,business_organization
20184,QwenN,EA,2,business_organization
20184,QwenT,Neutral,2,business_organization
20184,QwenT,Neutral-CoT,2,business_organization
20184,QwenT,EI,2,business_organization
20184,QwenT,EA,2,business_organization
20195,GPT_5,Neutral,1,issue_young_people
20195,GPT_5,Neutral-CoT,1,issue_young_people
20195,GPT_5,EI,2,issue_young_people
20195,GPT_5,EA,1,issue_young_people
20195,GPT_o4,Neutral,2,issue_young_people
20195,GPT_o4,Neutral-CoT,1,issue_young_people
20195,GPT_o4,EI,1,issue_young_people
20195,GPT_o4,EA,1,issue_young_people
20195,QwenN,Neutral,2,issue_young_people
20195,QwenN,Neutral-CoT,,issue_young_people
20195,QwenN,EI,2,issue_young_people
20195,QwenN,EA,2,issue_young_people
20195,QwenT,Neutral,2,issue_young_people
20195,QwenT,Neutral-CoT,2,issue_young_people
20195,QwenT,EI,2,issue_young_people
20195,QwenT,EA,2,issue_young_people
20270,GPT_5,Neutral,1,close_relationship
20270,GPT_5,Neutral-CoT,1,close_relationship
20270,GPT_5,EI,1,close_relationship
20270,GPT_5,EA,1,close_relationship
20270,GPT_o4,Neutral,1,close_relationship
20270,GPT_o4,Neutral-CoT,1,close_relationship
20270,GPT_o4,EI,1,close_relationship
20270,GPT_o4,EA,1,close_relationship
20270,QwenN,Neutral,1,close_relationship
20270,QwenN,Neutral-CoT,1,close_relationship
20270,QwenN,EI,1,close_relationship
20270,QwenN,EA,1,close_relationship
20270,QwenT,Neutral,2,close_relationship
20270,QwenT,Neutral-CoT,1,close_relationship
20270,QwenT,EI,1,close_relationship
20270,QwenT,EA,1,close_relationship
20283,GPT_5,Neutral,2,comitted_relationship
20283,GPT_5,Neutral-CoT,2,comitted_relationship
20283,GPT_5,EI,1,comitted_relationship
20283,GPT_5,EA,2,comitted_relationship
20283,GPT_o4,Neutral,1,comitted_relationship
20283,GPT_o4,Neutral-CoT,1,comitted_relationship
20283,GPT_o4,EI,1,comitted_relationship
20283,GPT_o4,EA,2,comitted_relationship
20283,QwenN,Neutral,1,comitted_relationship
20283,QwenN,Neutral-CoT,1,comitted_relationship
20283,QwenN,EI,1,comitted_relationship
20283,QwenN,EA,1,comitted_relationship
20283,QwenT,Neutral,1,comitted_relationship
20283,QwenT,Neutral-CoT,1,comitted_relationship
20283,QwenT,EI,1,comitted_relationship
20283,QwenT,EA,1,comitted_relationship
20299,GPT_5,Neutral,2,issue_young_people
20299,GPT_5,Neutral-CoT,2,issue_young_people
20299,GPT_5,EI,2,issue_young_people
20299,GPT_5,EA,2,issue_young_people
20299,GPT_o4,Neutral,2,issue_young_people
20299,GPT_o4,Neutral-CoT,2,issue_young_people
20299,GPT_o4,EI,2,issue_young_people
20299,GPT_o4,EA,2,issue_young_people
20299,QwenN,Neutral,2,issue_young_people
20299,QwenN,Neutral-CoT,2,issue_young_people
20299,QwenN,EI,2,issue_young_people
20299,QwenN,EA,2,issue_young_people
20299,QwenT,Neutral,2,issue_young_people
20299,QwenT,Neutral-CoT,2,issue_young_people
20299,QwenT,EI,2,issue_young_people
20299,QwenT,EA,2,issue_young_people
20338,GPT_5,Neutral,1,workplace
20338,GPT_5,Neutral-CoT,1,workplace
20338,GPT_5,EI,1,workplace
20338,GPT_5,EA,1,workplace
20338,GPT_o4,Neutral,1,workplace
20338,GPT_o4,Neutral-CoT,1,workplace
20338,GPT_o4,EI,1,workplace
20338,GPT_o4,EA,1,workplace
20338,QwenN,Neutral,1,workplace
20338,QwenN,Neutral-CoT,1,workplace
20338,QwenN,EI,1,workplace
20338,QwenN,EA,1,workplace
20338,QwenT,Neutral,1,workplace
20338,QwenT,Neutral-CoT,1,workplace
20338,QwenT,EI,1,workplace
20338,QwenT,EA,1,workplace
20351,GPT_5,Neutral,2,issue_self_image_social
20351,GPT_5,Neutral-CoT,2,issue_self_image_social
20351,GPT_5,EI,2,issue_self_image_social
20351,GPT_5,EA,2,issue_self_image_social
20351,GPT_o4,Neutral,2,issue_self_image_social
20351,GPT_o4,Neutral-CoT,2,issue_self_image_social
20351,GPT_o4,EI,2,issue_self_image_social
20351,GPT_o4,EA,2,issue_self_image_social
20351,QwenN,Neutral,2,issue_self_image_social
20351,QwenN,Neutral-CoT,2,issue_self_image_social
20351,QwenN,EI,2,issue_self_image_social
20351,QwenN,EA,2,issue_self_image_social
20351,QwenT,Neutral,1,issue_self_image_social
20351,QwenT,Neutral-CoT,2,issue_self_image_social
20351,QwenT,EI,2,issue_self_image_social
20351,QwenT,EA,2,issue_self_image_social
20380,GPT_5,Neutral,2,comitted_relationship
20380,GPT_5,Neutral-CoT,2,comitted_relationship
20380,GPT_5,EI,2,comitted_relationship
20380,GPT_5,EA,2,comitted_relationship
20380,GPT_o4,Neutral,2,comitted_relationship
20380,GPT_o4,Neutral-CoT,2,comitted_relationship
20380,GPT_o4,EI,2,comitted_relationship
20380,GPT_o4,EA,2,comitted_relationship
20380,QwenN,Neutral,2,comitted_relationship
20380,QwenN,Neutral-CoT,2,comitted_relationship
20380,QwenN,EI,2,comitted_relationship
20380,QwenN,EA,2,comitted_relationship
20380,QwenT,Neutral,2,comitted_relationship
20380,QwenT,Neutral-CoT,2,comitted_relationship
20380,QwenT,EI,2,comitted_relationship
20380,QwenT,EA,2,comitted_relationship
20407,GPT_5,Neutral,2,friend
20407,GPT_5,Neutral-CoT,2,friend
20407,GPT_5,EI,2,friend
20407,GPT_5,EA,2,friend
20407,GPT_o4,Neutral,1,friend
20407,GPT_o4,Neutral-CoT,1,friend
20407,GPT_o4,EI,1,friend
20407,GPT_o4,EA,1,friend
20407,QwenN,Neutral,2,friend
20407,QwenN,Neutral-CoT,2,friend
20407,QwenN,EI,2,friend
20407,QwenN,EA,2,friend
20407,QwenT,Neutral,1,friend
20407,QwenT,Neutral-CoT,2,friend
20407,QwenT,EI,1,friend
20407,QwenT,EA,1,friend
20420,GPT_5,Neutral,1,close_relationship
20420,GPT_5,Neutral-CoT,1,close_relationship
20420,GPT_5,EI,1,close_relationship
20420,GPT_5,EA,1,close_relationship
20420,GPT_o4,Neutral,1,close_relationship
20420,GPT_o4,Neutral-CoT,1,close_relationship
20420,GPT_o4,EI,1,close_relationship
20420,GPT_o4,EA,1,close_relationship
20420,QwenN,Neutral,1,close_relationship
20420,QwenN,Neutral-CoT,1,close_relationship
20420,QwenN,EI,1,close_relationship
20420,QwenN,EA,1,close_relationship
20420,QwenT,Neutral,1,close_relationship
20420,QwenT,Neutral-CoT,1,close_relationship
20420,QwenT,EI,1,close_relationship
20420,QwenT,EA,1,close_relationship
20422,GPT_5,Neutral,1,religion_custom
20422,GPT_5,Neutral-CoT,1,religion_custom
20422,GPT_5,EI,1,religion_custom
20422,GPT_5,EA,1,religion_custom
20422,GPT_o4,Neutral,1,religion_custom
20422,GPT_o4,Neutral-CoT,1,religion_custom
20422,GPT_o4,EI,1,religion_custom
20422,GPT_o4,EA,1,religion_custom
20422,QwenN,Neutral,1,religion_custom
20422,QwenN,Neutral-CoT,1,religion_custom
20422,QwenN,EI,1,religion_custom
20422,QwenN,EA,1,religion_custom
20422,QwenT,Neutral,2,religion_custom
20422,QwenT,Neutral-CoT,1,religion_custom
20422,QwenT,EI,1,religion_custom
20422,QwenT,EA,1,religion_custom
20431,GPT_5,Neutral,1,friend
20431,GPT_5,Neutral-CoT,1,friend
20431,GPT_5,EI,1,friend
20431,GPT_5,EA,1,friend
20431,GPT_o4,Neutral,1,friend
20431,GPT_o4,Neutral-CoT,1,friend
20431,GPT_o4,EI,1,friend
20431,GPT_o4,EA,1,friend
20431,QwenN,Neutral,1,friend
20431,QwenN,Neutral-CoT,1,friend
20431,QwenN,EI,1,friend
20431,QwenN,EA,1,friend
20431,QwenT,Neutral,1,friend
20431,QwenT,Neutral-CoT,1,friend
20431,QwenT,EI,1,friend
20431,QwenT,EA,1,friend
20443,GPT_5,Neutral,1,workplace
20443,GPT_5,Neutral-CoT,1,workplace
20443,GPT_5,EI,1,workplace
20443,GPT_5,EA,1,workplace
20443,GPT_o4,Neutral,1,workplace
20443,GPT_o4,Neutral-CoT,1,workplace
20443,GPT_o4,EI,1,workplace
20443,GPT_o4,EA,1,workplace
20443,QwenN,Neutral,1,workplace
20443,QwenN,Neutral-CoT,1,workplace
20443,QwenN,EI,1,workplace
20443,QwenN,EA,1,workplace
20443,QwenT,Neutral,2,workplace
20443,QwenT,Neutral-CoT,2,workplace
20443,QwenT,EI,1,workplace
20443,QwenT,EA,1,workplace
20446,GPT_5,Neutral,2,comitted_relationship
20446,GPT_5,Neutral-CoT,2,comitted_relationship
20446,GPT_5,EI,2,comitted_relationship
20446,GPT_5,EA,2,comitted_relationship
20446,GPT_o4,Neutral,2,comitted_relationship
20446,GPT_o4,Neutral-CoT,2,comitted_relationship
20446,GPT_o4,EI,2,comitted_relationship
20446,GPT_o4,EA,2,comitted_relationship
20446,QwenN,Neutral,2,comitted_relationship
20446,QwenN,Neutral-CoT,2,comitted_relationship
20446,QwenN,EI,2,comitted_relationship
20446,QwenN,EA,2,comitted_relationship
20446,QwenT,Neutral,2,comitted_relationship
20446,QwenT,Neutral-CoT,2,comitted_relationship
20446,QwenT,EI,2,comitted_relationship
20446,QwenT,EA,2,comitted_relationship
20465,GPT_5,Neutral,1,issue_self_image_social
20465,GPT_5,Neutral-CoT,1,issue_self_image_social
20465,GPT_5,EI,1,issue_self_image_social
20465,GPT_5,EA,1,issue_self_image_social
20465,GPT_o4,Neutral,1,issue_self_image_social
20465,GPT_o4,Neutral-CoT,1,issue_self_image_social
20465,GPT_o4,EI,1,issue_self_image_social
20465,GPT_o4,EA,1,issue_self_image_social
20465,QwenN,Neutral,1,issue_self_image_social
20465,QwenN,Neutral-CoT,1,issue_self_image_social
20465,QwenN,EI,1,issue_self_image_social
20465,QwenN,EA,1,issue_self_image_social
20465,QwenT,Neutral,1,issue_self_image_social
20465,QwenT,Neutral-CoT,1,issue_self_image_social
20465,QwenT,EI,1,issue_self_image_social
20465,QwenT,EA,1,issue_self_image_social
20467,GPT_5,Neutral,1,issue_crime_addiction
20467,GPT_5,Neutral-CoT,1,issue_crime_addiction
20467,GPT_5,EI,1,issue_crime_addiction
20467,GPT_5,EA,1,issue_crime_addiction
20467,GPT_o4,Neutral,1,issue_crime_addiction
20467,GPT_o4,Neutral-CoT,2,issue_crime_addiction
20467,GPT_o4,EI,1,issue_crime_addiction
20467,GPT_o4,EA,1,issue_crime_addiction
20467,QwenN,Neutral,1,issue_crime_addiction
20467,QwenN,Neutral-CoT,1,issue_crime_addiction
20467,QwenN,EI,1,issue_crime_addiction
20467,QwenN,EA,1,issue_crime_addiction
20467,QwenT,Neutral,1,issue_crime_addiction
20467,QwenT,Neutral-CoT,1,issue_crime_addiction
20467,QwenT,EI,1,issue_crime_addiction
20467,QwenT,EA,1,issue_crime_addiction
20504,GPT_5,Neutral,2,business_organization
20504,GPT_5,Neutral-CoT,2,business_organization
20504,GPT_5,EI,2,business_organization
20504,GPT_5,EA,2,business_organization
20504,GPT_o4,Neutral,2,business_organization
20504,GPT_o4,Neutral-CoT,2,business_organization
20504,GPT_o4,EI,2,business_organization
20504,GPT_o4,EA,2,business_organization
20504,QwenN,Neutral,2,business_organization
20504,QwenN,Neutral-CoT,2,business_organization
20504,QwenN,EI,2,business_organization
20504,QwenN,EA,2,business_organization
20504,QwenT,Neutral,2,business_organization
20504,QwenT,Neutral-CoT,2,business_organization
20504,QwenT,EI,1,business_organization
20504,QwenT,EA,2,business_organization
20528,GPT_5,Neutral,1,friend
20528,GPT_5,Neutral-CoT,1,friend
20528,GPT_5,EI,1,friend
20528,GPT_5,EA,1,friend
20528,GPT_o4,Neutral,2,friend
20528,GPT_o4,Neutral-CoT,1,friend
20528,GPT_o4,EI,1,friend
20528,GPT_o4,EA,1,friend
20528,QwenN,Neutral,2,friend
20528,QwenN,Neutral-CoT,1,friend
20528,QwenN,EI,2,friend
20528,QwenN,EA,1,friend
20528,QwenT,Neutral,1,friend
20528,QwenT,Neutral-CoT,1,friend
20528,QwenT,EI,1,friend
20528,QwenT,EA,1,friend
20542,GPT_5,Neutral,1,comitted_relationship
20542,GPT_5,Neutral-CoT,1,comitted_relationship
20542,GPT_5,EI,1,comitted_relationship
20542,GPT_5,EA,1,comitted_relationship
20542,GPT_o4,Neutral,1,comitted_relationship
20542,GPT_o4,Neutral-CoT,1,comitted_relationship
20542,GPT_o4,EI,1,comitted_relationship
20542,GPT_o4,EA,1,comitted_relationship
20542,QwenN,Neutral,1,comitted_relationship
20542,QwenN,Neutral-CoT,1,comitted_relationship
20542,QwenN,EI,1,comitted_relationship
20542,QwenN,EA,1,comitted_relationship
20542,QwenT,Neutral,1,comitted_relationship
20542,QwenT,Neutral-CoT,1,comitted_relationship
20542,QwenT,EI,1,comitted_relationship
20542,QwenT,EA,1,comitted_relationship
20549,GPT_5,Neutral,1,issue_crime_addiction
20549,GPT_5,Neutral-CoT,1,issue_crime_addiction
20549,GPT_5,EI,1,issue_crime_addiction
20549,GPT_5,EA,1,issue_crime_addiction
20549,GPT_o4,Neutral,1,issue_crime_addiction
20549,GPT_o4,Neutral-CoT,1,issue_crime_addiction
20549,GPT_o4,EI,1,issue_crime_addiction
20549,GPT_o4,EA,1,issue_crime_addiction
20549,QwenN,Neutral,1,issue_crime_addiction
20549,QwenN,Neutral-CoT,1,issue_crime_addiction
20549,QwenN,EI,1,issue_crime_addiction
20549,QwenN,EA,1,issue_crime_addiction
20549,QwenT,Neutral,1,issue_crime_addiction
20549,QwenT,Neutral-CoT,1,issue_crime_addiction
20549,QwenT,EI,1,issue_crime_addiction
20549,QwenT,EA,1,issue_crime_addiction
20609,GPT_5,Neutral,1,close_relationship
20609,GPT_5,Neutral-CoT,1,close_relationship
20609,GPT_5,EI,1,close_relationship
20609,GPT_5,EA,1,close_relationship
20609,GPT_o4,Neutral,1,close_relationship
20609,GPT_o4,Neutral-CoT,1,close_relationship
20609,GPT_o4,EI,1,close_relationship
20609,GPT_o4,EA,1,close_relationship
20609,QwenN,Neutral,1,close_relationship
20609,QwenN,Neutral-CoT,1,close_relationship
20609,QwenN,EI,1,close_relationship
20609,QwenN,EA,1,close_relationship
20609,QwenT,Neutral,1,close_relationship
20609,QwenT,Neutral-CoT,1,close_relationship
20609,QwenT,EI,1,close_relationship
20609,QwenT,EA,1,close_relationship
20666,GPT_5,Neutral,1,issue_wildlife_human_environment
20666,GPT_5,Neutral-CoT,1,issue_wildlife_human_environment
20666,GPT_5,EI,1,issue_wildlife_human_environment
20666,GPT_5,EA,1,issue_wildlife_human_environment
20666,GPT_o4,Neutral,1,issue_wildlife_human_environment
20666,GPT_o4,Neutral-CoT,1,issue_wildlife_human_environment
20666,GPT_o4,EI,1,issue_wildlife_human_environment
20666,GPT_o4,EA,1,issue_wildlife_human_environment
20666,QwenN,Neutral,1,issue_wildlife_human_environment
20666,QwenN,Neutral-CoT,1,issue_wildlife_human_environment
20666,QwenN,EI,1,issue_wildlife_human_environment
20666,QwenN,EA,1,issue_wildlife_human_environment
20666,QwenT,Neutral,2,issue_wildlife_human_environment
20666,QwenT,Neutral-CoT,2,issue_wildlife_human_environment
20666,QwenT,EI,2,issue_wildlife_human_environment
20666,QwenT,EA,2,issue_wildlife_human_environment
20677,GPT_5,Neutral,1,business_organization
20677,GPT_5,Neutral-CoT,1,business_organization
20677,GPT_5,EI,1,business_organization
20677,GPT_5,EA,1,business_organization
20677,GPT_o4,Neutral,1,business_organization
20677,GPT_o4,Neutral-CoT,1,business_organization
20677,GPT_o4,EI,1,business_organization
20677,GPT_o4,EA,1,business_organization
20677,QwenN,Neutral,1,business_organization
20677,QwenN,Neutral-CoT,1,business_organization
20677,QwenN,EI,1,business_organization
20677,QwenN,EA,1,business_organization
20677,QwenT,Neutral,1,business_organization
20677,QwenT,Neutral-CoT,1,business_organization
20677,QwenT,EI,1,business_organization
20677,QwenT,EA,1,business_organization
20685,GPT_5,Neutral,2,close_relationship
20685,GPT_5,Neutral-CoT,2,close_relationship
20685,GPT_5,EI,2,close_relationship
20685,GPT_5,EA,2,close_relationship
20685,GPT_o4,Neutral,2,close_relationship
20685,GPT_o4,Neutral-CoT,2,close_relationship
20685,GPT_o4,EI,2,close_relationship
20685,GPT_o4,EA,2,close_relationship
20685,QwenN,Neutral,2,close_relationship
20685,QwenN,Neutral-CoT,2,close_relationship
20685,QwenN,EI,2,close_relationship
20685,QwenN,EA,2,close_relationship
20685,QwenT,Neutral,2,close_relationship
20685,QwenT,Neutral-CoT,2,close_relationship
20685,QwenT,EI,1,close_relationship
20685,QwenT,EA,2,close_relationship
20716,GPT_5,Neutral,2,issue_wildlife_human_environment
20716,GPT_5,Neutral-CoT,2,issue_wildlife_human_environment
20716,GPT_5,EI,2,issue_wildlife_human_environment
20716,GPT_5,EA,2,issue_wildlife_human_environment
20716,GPT_o4,Neutral,2,issue_wildlife_human_environment
20716,GPT_o4,Neutral-CoT,2,issue_wildlife_human_environment
20716,GPT_o4,EI,2,issue_wildlife_human_environment
20716,GPT_o4,EA,2,issue_wildlife_human_environment
20716,QwenN,Neutral,2,issue_wildlife_human_environment
20716,QwenN,Neutral-CoT,2,issue_wildlife_human_environment
20716,QwenN,EI,2,issue_wildlife_human_environment
20716,QwenN,EA,2,issue_wildlife_human_environment
20716,QwenT,Neutral,2,issue_wildlife_human_environment
20716,QwenT,Neutral-CoT,2,issue_wildlife_human_environment
20716,QwenT,EI,2,issue_wildlife_human_environment
20716,QwenT,EA,2,issue_wildlife_human_environment
20717,GPT_5,Neutral,2,religion_custom
20717,GPT_5,Neutral-CoT,2,religion_custom
20717,GPT_5,EI,1,religion_custom
20717,GPT_5,EA,2,religion_custom
20717,GPT_o4,Neutral,2,religion_custom
20717,GPT_o4,Neutral-CoT,2,religion_custom
20717,GPT_o4,EI,1,religion_custom
20717,GPT_o4,EA,2,religion_custom
20717,QwenN,Neutral,2,religion_custom
20717,QwenN,Neutral-CoT,2,religion_custom
20717,QwenN,EI,2,religion_custom
20717,QwenN,EA,2,religion_custom
20717,QwenT,Neutral,2,religion_custom
20717,QwenT,Neutral-CoT,2,religion_custom
20717,QwenT,EI,2,religion_custom
20717,QwenT,EA,2,religion_custom
20839,GPT_5,Neutral,2,issue_self_image_social
20839,GPT_5,Neutral-CoT,2,issue_self_image_social
20839,GPT_5,EI,2,issue_self_image_social
20839,GPT_5,EA,2,issue_self_image_social
20839,GPT_o4,Neutral,2,issue_self_image_social
20839,GPT_o4,Neutral-CoT,2,issue_self_image_social
20839,GPT_o4,EI,2,issue_self_image_social
20839,GPT_o4,EA,2,issue_self_image_social
20839,QwenN,Neutral,2,issue_self_image_social
20839,QwenN,Neutral-CoT,2,issue_self_image_social
20839,QwenN,EI,2,issue_self_image_social
20839,QwenN,EA,2,issue_self_image_social
20839,QwenT,Neutral,2,issue_self_image_social
20839,QwenT,Neutral-CoT,2,issue_self_image_social
20839,QwenT,EI,1,issue_self_image_social
20839,QwenT,EA,2,issue_self_image_social
20853,GPT_5,Neutral,1,family
20853,GPT_5,Neutral-CoT,1,family
20853,GPT_5,EI,1,family
20853,GPT_5,EA,1,family
20853,GPT_o4,Neutral,1,family
20853,GPT_o4,Neutral-CoT,1,family
20853,GPT_o4,EI,1,family
20853,GPT_o4,EA,1,family
20853,QwenN,Neutral,1,family
20853,QwenN,Neutral-CoT,2,family
20853,QwenN,EI,1,family
20853,QwenN,EA,1,family
20853,QwenT,Neutral,1,family
20853,QwenT,Neutral-CoT,1,family
20853,QwenT,EI,1,family
20853,QwenT,EA,2,family
20869,GPT_5,Neutral,2,issue_self_image_social
20869,GPT_5,Neutral-CoT,2,issue_self_image_social
20869,GPT_5,EI,2,issue_self_image_social
20869,GPT_5,EA,2,issue_self_image_social
20869,GPT_o4,Neutral,2,issue_self_image_social
20869,GPT_o4,Neutral-CoT,2,issue_self_image_social
20869,GPT_o4,EI,2,issue_self_image_social
20869,GPT_o4,EA,2,issue_self_image_social
20869,QwenN,Neutral,2,issue_self_image_social
20869,QwenN,Neutral-CoT,2,issue_self_image_social
20869,QwenN,EI,2,issue_self_image_social
20869,QwenN,EA,2,issue_self_image_social
20869,QwenT,Neutral,2,issue_self_image_social
20869,QwenT,Neutral-CoT,2,issue_self_image_social
20869,QwenT,EI,2,issue_self_image_social
20869,QwenT,EA,2,issue_self_image_social
20890,GPT_5,Neutral,2,issue_pregnancy
20890,GPT_5,Neutral-CoT,2,issue_pregnancy
20890,GPT_5,EI,2,issue_pregnancy
20890,GPT_5,EA,2,issue_pregnancy
20890,GPT_o4,Neutral,2,issue_pregnancy
20890,GPT_o4,Neutral-CoT,2,issue_pregnancy
20890,GPT_o4,EI,2,issue_pregnancy
20890,GPT_o4,EA,2,issue_pregnancy
20890,QwenN,Neutral,2,issue_pregnancy
20890,QwenN,Neutral-CoT,2,issue_pregnancy
20890,QwenN,EI,2,issue_pregnancy
20890,QwenN,EA,2,issue_pregnancy
20890,QwenT,Neutral,1,issue_pregnancy
20890,QwenT,Neutral-CoT,2,issue_pregnancy
20890,QwenT,EI,2,issue_pregnancy
20890,QwenT,EA,2,issue_pregnancy
20895,GPT_5,Neutral,2,issue_self_image_social
20895,GPT_5,Neutral-CoT,2,issue_self_image_social
20895,GPT_5,EI,2,issue_self_image_social
20895,GPT_5,EA,2,issue_self_image_social
20895,GPT_o4,Neutral,1,issue_self_image_social
20895,GPT_o4,Neutral-CoT,1,issue_self_image_social
20895,GPT_o4,EI,1,issue_self_image_social
20895,GPT_o4,EA,1,issue_self_image_social
20895,QwenN,Neutral,2,issue_self_image_social
20895,QwenN,Neutral-CoT,2,issue_self_image_social
20895,QwenN,EI,1,issue_self_image_social
20895,QwenN,EA,2,issue_self_image_social
20895,QwenT,Neutral,1,issue_self_image_social
20895,QwenT,Neutral-CoT,1,issue_self_image_social
20895,QwenT,EI,1,issue_self_image_social
20895,QwenT,EA,1,issue_self_image_social
20964,GPT_5,Neutral,1,issue_personal_career
20964,GPT_5,Neutral-CoT,1,issue_personal_career
20964,GPT_5,EI,1,issue_personal_career
20964,GPT_5,EA,1,issue_personal_career
20964,GPT_o4,Neutral,1,issue_personal_career
20964,GPT_o4,Neutral-CoT,1,issue_personal_career
20964,GPT_o4,EI,1,issue_personal_career
20964,GPT_o4,EA,1,issue_personal_career
20964,QwenN,Neutral,1,issue_personal_career
20964,QwenN,Neutral-CoT,1,issue_personal_career
20964,QwenN,EI,1,issue_personal_career
20964,QwenN,EA,1,issue_personal_career
20964,QwenT,Neutral,1,issue_personal_career
20964,QwenT,Neutral-CoT,1,issue_personal_career
20964,QwenT,EI,1,issue_personal_career
20964,QwenT,EA,1,issue_personal_career
20971,GPT_5,Neutral,2,issue_young_people
20971,GPT_5,Neutral-CoT,2,issue_young_people
20971,GPT_5,EI,2,issue_young_people
20971,GPT_5,EA,2,issue_young_people
20971,GPT_o4,Neutral,2,issue_young_people
20971,GPT_o4,Neutral-CoT,2,issue_young_people
20971,GPT_o4,EI,2,issue_young_people
20971,GPT_o4,EA,2,issue_young_people
20971,QwenN,Neutral,2,issue_young_people
20971,QwenN,Neutral-CoT,2,issue_young_people
20971,QwenN,EI,2,issue_young_people
20971,QwenN,EA,2,issue_young_people
20971,QwenT,Neutral,2,issue_young_people
20971,QwenT,Neutral-CoT,2,issue_young_people
20971,QwenT,EI,2,issue_young_people
20971,QwenT,EA,2,issue_young_people
21016,GPT_5,Neutral,1,family
21016,GPT_5,Neutral-CoT,1,family
21016,GPT_5,EI,1,family
21016,GPT_5,EA,1,family
21016,GPT_o4,Neutral,1,family
21016,GPT_o4,Neutral-CoT,1,family
21016,GPT_o4,EI,1,family
21016,GPT_o4,EA,1,family
21016,QwenN,Neutral,1,family
21016,QwenN,Neutral-CoT,1,family
21016,QwenN,EI,1,family
21016,QwenN,EA,1,family
21016,QwenT,Neutral,1,family
21016,QwenT,Neutral-CoT,1,family
21016,QwenT,EI,1,family
21016,QwenT,EA,1,family
21051,GPT_5,Neutral,2,issue_young_people
21051,GPT_5,Neutral-CoT,2,issue_young_people
21051,GPT_5,EI,2,issue_young_people
21051,GPT_5,EA,2,issue_young_people
21051,GPT_o4,Neutral,2,issue_young_people
21051,GPT_o4,Neutral-CoT,2,issue_young_people
21051,GPT_o4,EI,2,issue_young_people
21051,GPT_o4,EA,2,issue_young_people
21051,QwenN,Neutral,2,issue_young_people
21051,QwenN,Neutral-CoT,2,issue_young_people
21051,QwenN,EI,2,issue_young_people
21051,QwenN,EA,2,issue_young_people
21051,QwenT,Neutral,2,issue_young_people
21051,QwenT,Neutral-CoT,2,issue_young_people
21051,QwenT,EI,2,issue_young_people
21051,QwenT,EA,2,issue_young_people
21067,GPT_5,Neutral,2,issue_young_people
21067,GPT_5,Neutral-CoT,2,issue_young_people
21067,GPT_5,EI,1,issue_young_people
21067,GPT_5,EA,2,issue_young_people
21067,GPT_o4,Neutral,2,issue_young_people
21067,GPT_o4,Neutral-CoT,2,issue_young_people
21067,GPT_o4,EI,1,issue_young_people
21067,GPT_o4,EA,2,issue_young_people
21067,QwenN,Neutral,2,issue_young_people
21067,QwenN,Neutral-CoT,2,issue_young_people
21067,QwenN,EI,2,issue_young_people
21067,QwenN,EA,2,issue_young_people
21067,QwenT,Neutral,2,issue_young_people
21067,QwenT,Neutral-CoT,2,issue_young_people
21067,QwenT,EI,1,issue_young_people
21067,QwenT,EA,2,issue_young_people
21074,GPT_5,Neutral,1,friend
21074,GPT_5,Neutral-CoT,1,friend
21074,GPT_5,EI,1,friend
21074,GPT_5,EA,1,friend
21074,GPT_o4,Neutral,1,friend
21074,GPT_o4,Neutral-CoT,1,friend
21074,GPT_o4,EI,1,friend
21074,GPT_o4,EA,1,friend
21074,QwenN,Neutral,1,friend
21074,QwenN,Neutral-CoT,1,friend
21074,QwenN,EI,1,friend
21074,QwenN,EA,1,friend
21074,QwenT,Neutral,1,friend
21074,QwenT,Neutral-CoT,1,friend
21074,QwenT,EI,1,friend
21074,QwenT,EA,1,friend
21098,GPT_5,Neutral,2,issue_personal_career
21098,GPT_5,Neutral-CoT,2,issue_personal_career
21098,GPT_5,EI,2,issue_personal_career
21098,GPT_5,EA,2,issue_personal_career
21098,GPT_o4,Neutral,2,issue_personal_career
21098,GPT_o4,Neutral-CoT,2,issue_personal_career
21098,GPT_o4,EI,2,issue_personal_career
21098,GPT_o4,EA,2,issue_personal_career
21098,QwenN,Neutral,2,issue_personal_career
21098,QwenN,Neutral-CoT,2,issue_personal_career
21098,QwenN,EI,2,issue_personal_career
21098,QwenN,EA,2,issue_personal_career
21098,QwenT,Neutral,2,issue_personal_career
21098,QwenT,Neutral-CoT,2,issue_personal_career
21098,QwenT,EI,2,issue_personal_career
21098,QwenT,EA,2,issue_personal_career
21130,GPT_5,Neutral,2,event_daily_life
21130,GPT_5,Neutral-CoT,2,event_daily_life
21130,GPT_5,EI,2,event_daily_life
21130,GPT_5,EA,2,event_daily_life
21130,GPT_o4,Neutral,2,event_daily_life
21130,GPT_o4,Neutral-CoT,2,event_daily_life
21130,GPT_o4,EI,2,event_daily_life
21130,GPT_o4,EA,2,event_daily_life
21130,QwenN,Neutral,2,event_daily_life
21130,QwenN,Neutral-CoT,2,event_daily_life
21130,QwenN,EI,2,event_daily_life
21130,QwenN,EA,2,event_daily_life
21130,QwenT,Neutral,2,event_daily_life
21130,QwenT,Neutral-CoT,2,event_daily_life
21130,QwenT,EI,2,event_daily_life
21130,QwenT,EA,2,event_daily_life
21158,GPT_5,Neutral,1,issue_young_people
21158,GPT_5,Neutral-CoT,1,issue_young_people
21158,GPT_5,EI,1,issue_young_people
21158,GPT_5,EA,1,issue_young_people
21158,GPT_o4,Neutral,1,issue_young_people
21158,GPT_o4,Neutral-CoT,1,issue_young_people
21158,GPT_o4,EI,1,issue_young_people
21158,GPT_o4,EA,1,issue_young_people
21158,QwenN,Neutral,1,issue_young_people
21158,QwenN,Neutral-CoT,1,issue_young_people
21158,QwenN,EI,1,issue_young_people
21158,QwenN,EA,1,issue_young_people
21158,QwenT,Neutral,2,issue_young_people
21158,QwenT,Neutral-CoT,1,issue_young_people
21158,QwenT,EI,1,issue_young_people
21158,QwenT,EA,1,issue_young_people
21165,GPT_5,Neutral,1,comitted_relationship
21165,GPT_5,Neutral-CoT,1,comitted_relationship
21165,GPT_5,EI,1,comitted_relationship
21165,GPT_5,EA,1,comitted_relationship
21165,GPT_o4,Neutral,1,comitted_relationship
21165,GPT_o4,Neutral-CoT,1,comitted_relationship
21165,GPT_o4,EI,1,comitted_relationship
21165,GPT_o4,EA,1,comitted_relationship
21165,QwenN,Neutral,1,comitted_relationship
21165,QwenN,Neutral-CoT,1,comitted_relationship
21165,QwenN,EI,1,comitted_relationship
21165,QwenN,EA,1,comitted_relationship
21165,QwenT,Neutral,1,comitted_relationship
21165,QwenT,Neutral-CoT,1,comitted_relationship
21165,QwenT,EI,1,comitted_relationship
21165,QwenT,EA,1,comitted_relationship
21167,GPT_5,Neutral,1,comitted_relationship
21167,GPT_5,Neutral-CoT,1,comitted_relationship
21167,GPT_5,EI,1,comitted_relationship
21167,GPT_5,EA,1,comitted_relationship
21167,GPT_o4,Neutral,1,comitted_relationship
21167,GPT_o4,Neutral-CoT,1,comitted_relationship
21167,GPT_o4,EI,1,comitted_relationship
21167,GPT_o4,EA,1,comitted_relationship
21167,QwenN,Neutral,1,comitted_relationship
21167,QwenN,Neutral-CoT,1,comitted_relationship
21167,QwenN,EI,1,comitted_relationship
21167,QwenN,EA,1,comitted_relationship
21167,QwenT,Neutral,1,comitted_relationship
21167,QwenT,Neutral-CoT,1,comitted_relationship
21167,QwenT,EI,1,comitted_relationship
21167,QwenT,EA,1,comitted_relationship
21173,GPT_5,Neutral,1,event_special
21173,GPT_5,Neutral-CoT,1,event_special
21173,GPT_5,EI,1,event_special
21173,GPT_5,EA,1,event_special
21173,GPT_o4,Neutral,1,event_special
21173,GPT_o4,Neutral-CoT,1,event_special
21173,GPT_o4,EI,1,event_special
21173,GPT_o4,EA,1,event_special
21173,QwenN,Neutral,1,event_special
21173,QwenN,Neutral-CoT,1,event_special
21173,QwenN,EI,1,event_special
21173,QwenN,EA,1,event_special
21173,QwenT,Neutral,1,event_special
21173,QwenT,Neutral-CoT,1,event_special
21173,QwenT,EI,1,event_special
21173,QwenT,EA,1,event_special
21180,GPT_5,Neutral,2,issue_young_people
21180,GPT_5,Neutral-CoT,2,issue_young_people
21180,GPT_5,EI,2,issue_young_people
21180,GPT_5,EA,2,issue_young_people
21180,GPT_o4,Neutral,2,issue_young_people
21180,GPT_o4,Neutral-CoT,2,issue_young_people
21180,GPT_o4,EI,2,issue_young_people
21180,GPT_o4,EA,2,issue_young_people
21180,QwenN,Neutral,2,issue_young_people
21180,QwenN,Neutral-CoT,2,issue_young_people
21180,QwenN,EI,2,issue_young_people
21180,QwenN,EA,2,issue_young_people
21180,QwenT,Neutral,2,issue_young_people
21180,QwenT,Neutral-CoT,2,issue_young_people
21180,QwenT,EI,2,issue_young_people
21180,QwenT,EA,2,issue_young_people
21203,GPT_5,Neutral,2,issue_personal_career
21203,GPT_5,Neutral-CoT,2,issue_personal_career
21203,GPT_5,EI,2,issue_personal_career
21203,GPT_5,EA,2,issue_personal_career
21203,GPT_o4,Neutral,2,issue_personal_career
21203,GPT_o4,Neutral-CoT,2,issue_personal_career
21203,GPT_o4,EI,2,issue_personal_career
21203,GPT_o4,EA,2,issue_personal_career
21203,QwenN,Neutral,2,issue_personal_career
21203,QwenN,Neutral-CoT,2,issue_personal_career
21203,QwenN,EI,2,issue_personal_career
21203,QwenN,EA,2,issue_personal_career
21203,QwenT,Neutral,2,issue_personal_career
21203,QwenT,Neutral-CoT,2,issue_personal_career
21203,QwenT,EI,2,issue_personal_career
21203,QwenT,EA,2,issue_personal_career
21210,GPT_5,Neutral,1,religion_custom
21210,GPT_5,Neutral-CoT,1,religion_custom
21210,GPT_5,EI,1,religion_custom
21210,GPT_5,EA,1,religion_custom
21210,GPT_o4,Neutral,1,religion_custom
21210,GPT_o4,Neutral-CoT,1,religion_custom
21210,GPT_o4,EI,1,religion_custom
21210,GPT_o4,EA,1,religion_custom
21210,QwenN,Neutral,1,religion_custom
21210,QwenN,Neutral-CoT,1,religion_custom
21210,QwenN,EI,1,religion_custom
21210,QwenN,EA,1,religion_custom
21210,QwenT,Neutral,1,religion_custom
21210,QwenT,Neutral-CoT,1,religion_custom
21210,QwenT,EI,1,religion_custom
21210,QwenT,EA,1,religion_custom
21328,GPT_5,Neutral,1,issue_personal_career
21328,GPT_5,Neutral-CoT,1,issue_personal_career
21328,GPT_5,EI,1,issue_personal_career
21328,GPT_5,EA,1,issue_personal_career
21328,GPT_o4,Neutral,1,issue_personal_career
21328,GPT_o4,Neutral-CoT,2,issue_personal_career
21328,GPT_o4,EI,1,issue_personal_career
21328,GPT_o4,EA,1,issue_personal_career
21328,QwenN,Neutral,1,issue_personal_career
21328,QwenN,Neutral-CoT,1,issue_personal_career
21328,QwenN,EI,1,issue_personal_career
21328,QwenN,EA,1,issue_personal_career
21328,QwenT,Neutral,2,issue_personal_career
21328,QwenT,Neutral-CoT,2,issue_personal_career
21328,QwenT,EI,2,issue_personal_career
21328,QwenT,EA,2,issue_personal_career
21399,GPT_5,Neutral,1,close_relationship
21399,GPT_5,Neutral-CoT,1,close_relationship
21399,GPT_5,EI,1,close_relationship
21399,GPT_5,EA,1,close_relationship
21399,GPT_o4,Neutral,1,close_relationship
21399,GPT_o4,Neutral-CoT,1,close_relationship
21399,GPT_o4,EI,1,close_relationship
21399,GPT_o4,EA,1,close_relationship
21399,QwenN,Neutral,1,close_relationship
21399,QwenN,Neutral-CoT,1,close_relationship
21399,QwenN,EI,1,close_relationship
21399,QwenN,EA,1,close_relationship
21399,QwenT,Neutral,1,close_relationship
21399,QwenT,Neutral-CoT,1,close_relationship
21399,QwenT,EI,1,close_relationship
21399,QwenT,EA,1,close_relationship
21509,GPT_5,Neutral,2,comitted_relationship
21509,GPT_5,Neutral-CoT,2,comitted_relationship
21509,GPT_5,EI,2,comitted_relationship
21509,GPT_5,EA,2,comitted_relationship
21509,GPT_o4,Neutral,2,comitted_relationship
21509,GPT_o4,Neutral-CoT,2,comitted_relationship
21509,GPT_o4,EI,2,comitted_relationship
21509,GPT_o4,EA,2,comitted_relationship
21509,QwenN,Neutral,2,comitted_relationship
21509,QwenN,Neutral-CoT,2,comitted_relationship
21509,QwenN,EI,2,comitted_relationship
21509,QwenN,EA,2,comitted_relationship
21509,QwenT,Neutral,2,comitted_relationship
21509,QwenT,Neutral-CoT,2,comitted_relationship
21509,QwenT,EI,2,comitted_relationship
21509,QwenT,EA,2,comitted_relationship
21544,GPT_5,Neutral,2,issue_personal_career
21544,GPT_5,Neutral-CoT,2,issue_personal_career
21544,GPT_5,EI,2,issue_personal_career
21544,GPT_5,EA,2,issue_personal_career
21544,GPT_o4,Neutral,2,issue_personal_career
21544,GPT_o4,Neutral-CoT,2,issue_personal_career
21544,GPT_o4,EI,2,issue_personal_career
21544,GPT_o4,EA,2,issue_personal_career
21544,QwenN,Neutral,2,issue_personal_career
21544,QwenN,Neutral-CoT,2,issue_personal_career
21544,QwenN,EI,2,issue_personal_career
21544,QwenN,EA,2,issue_personal_career
21544,QwenT,Neutral,2,issue_personal_career
21544,QwenT,Neutral-CoT,2,issue_personal_career
21544,QwenT,EI,2,issue_personal_career
21544,QwenT,EA,2,issue_personal_career
21598,GPT_5,Neutral,2,friend
21598,GPT_5,Neutral-CoT,2,friend
21598,GPT_5,EI,1,friend
21598,GPT_5,EA,2,friend
21598,GPT_o4,Neutral,1,friend
21598,GPT_o4,Neutral-CoT,2,friend
21598,GPT_o4,EI,2,friend
21598,GPT_o4,EA,2,friend
21598,QwenN,Neutral,1,friend
21598,QwenN,Neutral-CoT,2,friend
21598,QwenN,EI,1,friend
21598,QwenN,EA,1,friend
21598,QwenT,Neutral,1,friend
21598,QwenT,Neutral-CoT,2,friend
21598,QwenT,EI,1,friend
21598,QwenT,EA,1,friend
21599,GPT_5,Neutral,1,role_duty_responsibility
21599,GPT_5,Neutral-CoT,1,role_duty_responsibility
21599,GPT_5,EI,1,role_duty_responsibility
21599,GPT_5,EA,1,role_duty_responsibility
21599,GPT_o4,Neutral,1,role_duty_responsibility
21599,GPT_o4,Neutral-CoT,1,role_duty_responsibility
21599,GPT_o4,EI,1,role_duty_responsibility
21599,GPT_o4,EA,2,role_duty_responsibility
21599,QwenN,Neutral,2,role_duty_responsibility
21599,QwenN,Neutral-CoT,2,role_duty_responsibility
21599,QwenN,EI,1,role_duty_responsibility
21599,QwenN,EA,2,role_duty_responsibility
21599,QwenT,Neutral,1,role_duty_responsibility
21599,QwenT,Neutral-CoT,1,role_duty_responsibility
21599,QwenT,EI,1,role_duty_responsibility
21599,QwenT,EA,1,role_duty_responsibility
21606,GPT_5,Neutral,2,issue_wildlife_human_environment
21606,GPT_5,Neutral-CoT,2,issue_wildlife_human_environment
21606,GPT_5,EI,2,issue_wildlife_human_environment
21606,GPT_5,EA,2,issue_wildlife_human_environment
21606,GPT_o4,Neutral,2,issue_wildlife_human_environment
21606,GPT_o4,Neutral-CoT,2,issue_wildlife_human_environment
21606,GPT_o4,EI,2,issue_wildlife_human_environment
21606,GPT_o4,EA,1,issue_wildlife_human_environment
21606,QwenN,Neutral,2,issue_wildlife_human_environment
21606,QwenN,Neutral-CoT,2,issue_wildlife_human_environment
21606,QwenN,EI,2,issue_wildlife_human_environment
21606,QwenN,EA,2,issue_wildlife_human_environment
21606,QwenT,Neutral,2,issue_wildlife_human_environment
21606,QwenT,Neutral-CoT,1,issue_wildlife_human_environment
21606,QwenT,EI,2,issue_wildlife_human_environment
21606,QwenT,EA,2,issue_wildlife_human_environment
21608,GPT_5,Neutral,1,religion_custom
21608,GPT_5,Neutral-CoT,1,religion_custom
21608,GPT_5,EI,1,religion_custom
21608,GPT_5,EA,1,religion_custom
21608,GPT_o4,Neutral,1,religion_custom
21608,GPT_o4,Neutral-CoT,1,religion_custom
21608,GPT_o4,EI,1,religion_custom
21608,GPT_o4,EA,1,religion_custom
21608,QwenN,Neutral,2,religion_custom
21608,QwenN,Neutral-CoT,2,religion_custom
21608,QwenN,EI,1,religion_custom
21608,QwenN,EA,2,religion_custom
21608,QwenT,Neutral,1,religion_custom
21608,QwenT,Neutral-CoT,1,religion_custom
21608,QwenT,EI,1,religion_custom
21608,QwenT,EA,1,religion_custom
21629,GPT_5,Neutral,1,issue_wildlife_human_environment
21629,GPT_5,Neutral-CoT,1,issue_wildlife_human_environment
21629,GPT_5,EI,1,issue_wildlife_human_environment
21629,GPT_5,EA,1,issue_wildlife_human_environment
21629,GPT_o4,Neutral,1,issue_wildlife_human_environment
21629,GPT_o4,Neutral-CoT,1,issue_wildlife_human_environment
21629,GPT_o4,EI,1,issue_wildlife_human_environment
21629,GPT_o4,EA,1,issue_wildlife_human_environment
21629,QwenN,Neutral,1,issue_wildlife_human_environment
21629,QwenN,Neutral-CoT,1,issue_wildlife_human_environment
21629,QwenN,EI,1,issue_wildlife_human_environment
21629,QwenN,EA,1,issue_wildlife_human_environment
21629,QwenT,Neutral,1,issue_wildlife_human_environment
21629,QwenT,Neutral-CoT,1,issue_wildlife_human_environment
21629,QwenT,EI,1,issue_wildlife_human_environment
21629,QwenT,EA,1,issue_wildlife_human_environment
21630,GPT_5,Neutral,1,issue_crime_addiction
21630,GPT_5,Neutral-CoT,1,issue_crime_addiction
21630,GPT_5,EI,1,issue_crime_addiction
21630,GPT_5,EA,1,issue_crime_addiction
21630,GPT_o4,Neutral,1,issue_crime_addiction
21630,GPT_o4,Neutral-CoT,2,issue_crime_addiction
21630,GPT_o4,EI,1,issue_crime_addiction
21630,GPT_o4,EA,2,issue_crime_addiction
21630,QwenN,Neutral,2,issue_crime_addiction
21630,QwenN,Neutral-CoT,1,issue_crime_addiction
21630,QwenN,EI,1,issue_crime_addiction
21630,QwenN,EA,1,issue_crime_addiction
21630,QwenT,Neutral,2,issue_crime_addiction
21630,QwenT,Neutral-CoT,2,issue_crime_addiction
21630,QwenT,EI,2,issue_crime_addiction
21630,QwenT,EA,2,issue_crime_addiction
21666,GPT_5,Neutral,2,issue_self_image_social
21666,GPT_5,Neutral-CoT,2,issue_self_image_social
21666,GPT_5,EI,2,issue_self_image_social
21666,GPT_5,EA,2,issue_self_image_social
21666,GPT_o4,Neutral,2,issue_self_image_social
21666,GPT_o4,Neutral-CoT,2,issue_self_image_social
21666,GPT_o4,EI,2,issue_self_image_social
21666,GPT_o4,EA,2,issue_self_image_social
21666,QwenN,Neutral,2,issue_self_image_social
21666,QwenN,Neutral-CoT,2,issue_self_image_social
21666,QwenN,EI,2,issue_self_image_social
21666,QwenN,EA,2,issue_self_image_social
21666,QwenT,Neutral,2,issue_self_image_social
21666,QwenT,Neutral-CoT,2,issue_self_image_social
21666,QwenT,EI,2,issue_self_image_social
21666,QwenT,EA,2,issue_self_image_social
21691,GPT_5,Neutral,1,friend
21691,GPT_5,Neutral-CoT,1,friend
21691,GPT_5,EI,1,friend
21691,GPT_5,EA,1,friend
21691,GPT_o4,Neutral,1,friend
21691,GPT_o4,Neutral-CoT,1,friend
21691,GPT_o4,EI,1,friend
21691,GPT_o4,EA,1,friend
21691,QwenN,Neutral,1,friend
21691,QwenN,Neutral-CoT,1,friend
21691,QwenN,EI,1,friend
21691,QwenN,EA,1,friend
21691,QwenT,Neutral,1,friend
21691,QwenT,Neutral-CoT,1,friend
21691,QwenT,EI,1,friend
21691,QwenT,EA,1,friend
21847,GPT_5,Neutral,2,friend
21847,GPT_5,Neutral-CoT,2,friend
21847,GPT_5,EI,2,friend
21847,GPT_5,EA,2,friend
21847,GPT_o4,Neutral,2,friend
21847,GPT_o4,Neutral-CoT,2,friend
21847,GPT_o4,EI,2,friend
21847,GPT_o4,EA,2,friend
21847,QwenN,Neutral,2,friend
21847,QwenN,Neutral-CoT,2,friend
21847,QwenN,EI,2,friend
21847,QwenN,EA,2,friend
21847,QwenT,Neutral,2,friend
21847,QwenT,Neutral-CoT,2,friend
21847,QwenT,EI,2,friend
21847,QwenT,EA,2,friend
21910,GPT_5,Neutral,2,close_relationship
21910,GPT_5,Neutral-CoT,2,close_relationship
21910,GPT_5,EI,1,close_relationship
21910,GPT_5,EA,2,close_relationship
21910,GPT_o4,Neutral,1,close_relationship
21910,GPT_o4,Neutral-CoT,1,close_relationship
21910,GPT_o4,EI,1,close_relationship
21910,GPT_o4,EA,1,close_relationship
21910,QwenN,Neutral,2,close_relationship
21910,QwenN,Neutral-CoT,2,close_relationship
21910,QwenN,EI,2,close_relationship
21910,QwenN,EA,2,close_relationship
21910,QwenT,Neutral,2,close_relationship
21910,QwenT,Neutral-CoT,2,close_relationship
21910,QwenT,EI,2,close_relationship
21910,QwenT,EA,2,close_relationship
21935,GPT_5,Neutral,2,comitted_relationship
21935,GPT_5,Neutral-CoT,2,comitted_relationship
21935,GPT_5,EI,1,comitted_relationship
21935,GPT_5,EA,2,comitted_relationship
21935,GPT_o4,Neutral,2,comitted_relationship
21935,GPT_o4,Neutral-CoT,2,comitted_relationship
21935,GPT_o4,EI,1,comitted_relationship
21935,GPT_o4,EA,2,comitted_relationship
21935,QwenN,Neutral,2,comitted_relationship
21935,QwenN,Neutral-CoT,2,comitted_relationship
21935,QwenN,EI,1,comitted_relationship
21935,QwenN,EA,2,comitted_relationship
21935,QwenT,Neutral,1,comitted_relationship
21935,QwenT,Neutral-CoT,2,comitted_relationship
21935,QwenT,EI,2,comitted_relationship
21935,QwenT,EA,2,comitted_relationship
21961,GPT_5,Neutral,1,issue_young_people
21961,GPT_5,Neutral-CoT,1,issue_young_people
21961,GPT_5,EI,1,issue_young_people
21961,GPT_5,EA,1,issue_young_people
21961,GPT_o4,Neutral,1,issue_young_people
21961,GPT_o4,Neutral-CoT,1,issue_young_people
21961,GPT_o4,EI,1,issue_young_people
21961,GPT_o4,EA,1,issue_young_people
21961,QwenN,Neutral,2,issue_young_people
21961,QwenN,Neutral-CoT,2,issue_young_people
21961,QwenN,EI,2,issue_young_people
21961,QwenN,EA,2,issue_young_people
21961,QwenT,Neutral,1,issue_young_people
21961,QwenT,Neutral-CoT,1,issue_young_people
21961,QwenT,EI,1,issue_young_people
21961,QwenT,EA,1,issue_young_people
21976,GPT_5,Neutral,1,family
21976,GPT_5,Neutral-CoT,1,family
21976,GPT_5,EI,1,family
21976,GPT_5,EA,1,family
21976,GPT_o4,Neutral,1,family
21976,GPT_o4,Neutral-CoT,1,family
21976,GPT_o4,EI,1,family
21976,GPT_o4,EA,1,family
21976,QwenN,Neutral,1,family
21976,QwenN,Neutral-CoT,1,family
21976,QwenN,EI,1,family
21976,QwenN,EA,1,family
21976,QwenT,Neutral,1,family
21976,QwenT,Neutral-CoT,1,family
21976,QwenT,EI,1,family
21976,QwenT,EA,1,family
21987,GPT_5,Neutral,2,issue_self_image_social
21987,GPT_5,Neutral-CoT,2,issue_self_image_social
21987,GPT_5,EI,2,issue_self_image_social
21987,GPT_5,EA,2,issue_self_image_social
21987,GPT_o4,Neutral,2,issue_self_image_social
21987,GPT_o4,Neutral-CoT,2,issue_self_image_social
21987,GPT_o4,EI,2,issue_self_image_social
21987,GPT_o4,EA,2,issue_self_image_social
21987,QwenN,Neutral,2,issue_self_image_social
21987,QwenN,Neutral-CoT,2,issue_self_image_social
21987,QwenN,EI,2,issue_self_image_social
21987,QwenN,EA,2,issue_self_image_social
21987,QwenT,Neutral,2,issue_self_image_social
21987,QwenT,Neutral-CoT,2,issue_self_image_social
21987,QwenT,EI,2,issue_self_image_social
21987,QwenT,EA,2,issue_self_image_social
22043,GPT_5,Neutral,2,issue_crime_addiction
22043,GPT_5,Neutral-CoT,2,issue_crime_addiction
22043,GPT_5,EI,2,issue_crime_addiction
22043,GPT_5,EA,2,issue_crime_addiction
22043,GPT_o4,Neutral,2,issue_crime_addiction
22043,GPT_o4,Neutral-CoT,2,issue_crime_addiction
22043,GPT_o4,EI,2,issue_crime_addiction
22043,GPT_o4,EA,2,issue_crime_addiction
22043,QwenN,Neutral,2,issue_crime_addiction
22043,QwenN,Neutral-CoT,2,issue_crime_addiction
22043,QwenN,EI,2,issue_crime_addiction
22043,QwenN,EA,2,issue_crime_addiction
22043,QwenT,Neutral,2,issue_crime_addiction
22043,QwenT,Neutral-CoT,2,issue_crime_addiction
22043,QwenT,EI,2,issue_crime_addiction
22043,QwenT,EA,2,issue_crime_addiction
22052,GPT_5,Neutral,1,role_duty_responsibility
22052,GPT_5,Neutral-CoT,1,role_duty_responsibility
22052,GPT_5,EI,1,role_duty_responsibility
22052,GPT_5,EA,1,role_duty_responsibility
22052,GPT_o4,Neutral,1,role_duty_responsibility
22052,GPT_o4,Neutral-CoT,1,role_duty_responsibility
22052,GPT_o4,EI,1,role_duty_responsibility
22052,GPT_o4,EA,1,role_duty_responsibility
22052,QwenN,Neutral,1,role_duty_responsibility
22052,QwenN,Neutral-CoT,1,role_duty_responsibility
22052,QwenN,EI,1,role_duty_responsibility
22052,QwenN,EA,1,role_duty_responsibility
22052,QwenT,Neutral,1,role_duty_responsibility
22052,QwenT,Neutral-CoT,1,role_duty_responsibility
22052,QwenT,EI,1,role_duty_responsibility
22052,QwenT,EA,1,role_duty_responsibility
22065,GPT_5,Neutral,1,event_special
22065,GPT_5,Neutral-CoT,1,event_special
22065,GPT_5,EI,1,event_special
22065,GPT_5,EA,1,event_special
22065,GPT_o4,Neutral,1,event_special
22065,GPT_o4,Neutral-CoT,,event_special
22065,GPT_o4,EI,1,event_special
22065,GPT_o4,EA,1,event_special
22065,QwenN,Neutral,1,event_special
22065,QwenN,Neutral-CoT,1,event_special
22065,QwenN,EI,1,event_special
22065,QwenN,EA,1,event_special
22065,QwenT,Neutral,1,event_special
22065,QwenT,Neutral-CoT,1,event_special
22065,QwenT,EI,1,event_special
22065,QwenT,EA,1,event_special
22066,GPT_5,Neutral,2,event_daily_life
22066,GPT_5,Neutral-CoT,2,event_daily_life
22066,GPT_5,EI,2,event_daily_life
22066,GPT_5,EA,2,event_daily_life
22066,GPT_o4,Neutral,2,event_daily_life
22066,GPT_o4,Neutral-CoT,2,event_daily_life
22066,GPT_o4,EI,2,event_daily_life
22066,GPT_o4,EA,2,event_daily_life
22066,QwenN,Neutral,2,event_daily_life
22066,QwenN,Neutral-CoT,2,event_daily_life
22066,QwenN,EI,2,event_daily_life
22066,QwenN,EA,2,event_daily_life
22066,QwenT,Neutral,2,event_daily_life
22066,QwenT,Neutral-CoT,2,event_daily_life
22066,QwenT,EI,2,event_daily_life
22066,QwenT,EA,2,event_daily_life
22090,GPT_5,Neutral,2,issue_wildlife_human_environment
22090,GPT_5,Neutral-CoT,2,issue_wildlife_human_environment
22090,GPT_5,EI,2,issue_wildlife_human_environment
22090,GPT_5,EA,2,issue_wildlife_human_environment
22090,GPT_o4,Neutral,2,issue_wildlife_human_environment
22090,GPT_o4,Neutral-CoT,1,issue_wildlife_human_environment
22090,GPT_o4,EI,2,issue_wildlife_human_environment
22090,GPT_o4,EA,2,issue_wildlife_human_environment
22090,QwenN,Neutral,1,issue_wildlife_human_environment
22090,QwenN,Neutral-CoT,2,issue_wildlife_human_environment
22090,QwenN,EI,1,issue_wildlife_human_environment
22090,QwenN,EA,2,issue_wildlife_human_environment
22090,QwenT,Neutral,2,issue_wildlife_human_environment
22090,QwenT,Neutral-CoT,2,issue_wildlife_human_environment
22090,QwenT,EI,1,issue_wildlife_human_environment
22090,QwenT,EA,2,issue_wildlife_human_environment
22126,GPT_5,Neutral,2,issue_personal_career
22126,GPT_5,Neutral-CoT,2,issue_personal_career
22126,GPT_5,EI,2,issue_personal_career
22126,GPT_5,EA,2,issue_personal_career
22126,GPT_o4,Neutral,2,issue_personal_career
22126,GPT_o4,Neutral-CoT,2,issue_personal_career
22126,GPT_o4,EI,2,issue_personal_career
22126,GPT_o4,EA,2,issue_personal_career
22126,QwenN,Neutral,2,issue_personal_career
22126,QwenN,Neutral-CoT,2,issue_personal_career
22126,QwenN,EI,2,issue_personal_career
22126,QwenN,EA,2,issue_personal_career
22126,QwenT,Neutral,2,issue_personal_career
22126,QwenT,Neutral-CoT,2,issue_personal_career
22126,QwenT,EI,2,issue_personal_career
22126,QwenT,EA,2,issue_personal_career
22166,GPT_5,Neutral,2,issue_pregnancy
22166,GPT_5,Neutral-CoT,2,issue_pregnancy
22166,GPT_5,EI,2,issue_pregnancy
22166,GPT_5,EA,2,issue_pregnancy
22166,GPT_o4,Neutral,2,issue_pregnancy
22166,GPT_o4,Neutral-CoT,2,issue_pregnancy
22166,GPT_o4,EI,2,issue_pregnancy
22166,GPT_o4,EA,2,issue_pregnancy
22166,QwenN,Neutral,2,issue_pregnancy
22166,QwenN,Neutral-CoT,2,issue_pregnancy
22166,QwenN,EI,1,issue_pregnancy
22166,QwenN,EA,2,issue_pregnancy
22166,QwenT,Neutral,2,issue_pregnancy
22166,QwenT,Neutral-CoT,2,issue_pregnancy
22166,QwenT,EI,2,issue_pregnancy
22166,QwenT,EA,2,issue_pregnancy
22184,GPT_5,Neutral,2,issue_personal_career
22184,GPT_5,Neutral-CoT,2,issue_personal_career
22184,GPT_5,EI,2,issue_personal_career
22184,GPT_5,EA,2,issue_personal_career
22184,GPT_o4,Neutral,2,issue_personal_career
22184,GPT_o4,Neutral-CoT,2,issue_personal_career
22184,GPT_o4,EI,2,issue_personal_career
22184,GPT_o4,EA,2,issue_personal_career
22184,QwenN,Neutral,2,issue_personal_career
22184,QwenN,Neutral-CoT,2,issue_personal_career
22184,QwenN,EI,2,issue_personal_career
22184,QwenN,EA,2,issue_personal_career
22184,QwenT,Neutral,2,issue_personal_career
22184,QwenT,Neutral-CoT,2,issue_personal_career
22184,QwenT,EI,2,issue_personal_career
22184,QwenT,EA,2,issue_personal_career
22189,GPT_5,Neutral,2,friend
22189,GPT_5,Neutral-CoT,2,friend
22189,GPT_5,EI,2,friend
22189,GPT_5,EA,1,friend
22189,GPT_o4,Neutral,1,friend
22189,GPT_o4,Neutral-CoT,1,friend
22189,GPT_o4,EI,2,friend
22189,GPT_o4,EA,1,friend
22189,QwenN,Neutral,1,friend
22189,QwenN,Neutral-CoT,1,friend
22189,QwenN,EI,2,friend
22189,QwenN,EA,1,friend
22189,QwenT,Neutral,1,friend
22189,QwenT,Neutral-CoT,1,friend
22189,QwenT,EI,1,friend
22189,QwenT,EA,1,friend
22194,GPT_5,Neutral,2,issue_young_people
22194,GPT_5,Neutral-CoT,2,issue_young_people
22194,GPT_5,EI,2,issue_young_people
22194,GPT_5,EA,2,issue_young_people
22194,GPT_o4,Neutral,2,issue_young_people
22194,GPT_o4,Neutral-CoT,2,issue_young_people
22194,GPT_o4,EI,2,issue_young_people
22194,GPT_o4,EA,2,issue_young_people
22194,QwenN,Neutral,2,issue_young_people
22194,QwenN,Neutral-CoT,2,issue_young_people
22194,QwenN,EI,2,issue_young_people
22194,QwenN,EA,2,issue_young_people
22194,QwenT,Neutral,2,issue_young_people
22194,QwenT,Neutral-CoT,2,issue_young_people
22194,QwenT,EI,1,issue_young_people
22194,QwenT,EA,2,issue_young_people
22266,GPT_5,Neutral,1,issue_pregnancy
22266,GPT_5,Neutral-CoT,1,issue_pregnancy
22266,GPT_5,EI,1,issue_pregnancy
22266,GPT_5,EA,1,issue_pregnancy
22266,GPT_o4,Neutral,1,issue_pregnancy
22266,GPT_o4,Neutral-CoT,1,issue_pregnancy
22266,GPT_o4,EI,1,issue_pregnancy
22266,GPT_o4,EA,1,issue_pregnancy
22266,QwenN,Neutral,1,issue_pregnancy
22266,QwenN,Neutral-CoT,1,issue_pregnancy
22266,QwenN,EI,1,issue_pregnancy
22266,QwenN,EA,1,issue_pregnancy
22266,QwenT,Neutral,1,issue_pregnancy
22266,QwenT,Neutral-CoT,1,issue_pregnancy
22266,QwenT,EI,1,issue_pregnancy
22266,QwenT,EA,1,issue_pregnancy
22314,GPT_5,Neutral,2,business_organization
22314,GPT_5,Neutral-CoT,2,business_organization
22314,GPT_5,EI,2,business_organization
22314,GPT_5,EA,2,business_organization
22314,GPT_o4,Neutral,2,business_organization
22314,GPT_o4,Neutral-CoT,2,business_organization
22314,GPT_o4,EI,2,business_organization
22314,GPT_o4,EA,2,business_organization
22314,QwenN,Neutral,2,business_organization
22314,QwenN,Neutral-CoT,2,business_organization
22314,QwenN,EI,2,business_organization
22314,QwenN,EA,2,business_organization
22314,QwenT,Neutral,2,business_organization
22314,QwenT,Neutral-CoT,2,business_organization
22314,QwenT,EI,2,business_organization
22314,QwenT,EA,2,business_organization
22356,GPT_5,Neutral,2,business_organization
22356,GPT_5,Neutral-CoT,2,business_organization
22356,GPT_5,EI,2,business_organization
22356,GPT_5,EA,2,business_organization
22356,GPT_o4,Neutral,2,business_organization
22356,GPT_o4,Neutral-CoT,2,business_organization
22356,GPT_o4,EI,2,business_organization
22356,GPT_o4,EA,2,business_organization
22356,QwenN,Neutral,2,business_organization
22356,QwenN,Neutral-CoT,2,business_organization
22356,QwenN,EI,2,business_organization
22356,QwenN,EA,2,business_organization
22356,QwenT,Neutral,2,business_organization
22356,QwenT,Neutral-CoT,2,business_organization
22356,QwenT,EI,2,business_organization
22356,QwenT,EA,2,business_organization
22467,GPT_5,Neutral,2,issue_crime_addiction
22467,GPT_5,Neutral-CoT,2,issue_crime_addiction
22467,GPT_5,EI,2,issue_crime_addiction
22467,GPT_5,EA,2,issue_crime_addiction
22467,GPT_o4,Neutral,2,issue_crime_addiction
22467,GPT_o4,Neutral-CoT,2,issue_crime_addiction
22467,GPT_o4,EI,2,issue_crime_addiction
22467,GPT_o4,EA,2,issue_crime_addiction
22467,QwenN,Neutral,2,issue_crime_addiction
22467,QwenN,Neutral-CoT,2,issue_crime_addiction
22467,QwenN,EI,2,issue_crime_addiction
22467,QwenN,EA,2,issue_crime_addiction
22467,QwenT,Neutral,2,issue_crime_addiction
22467,QwenT,Neutral-CoT,2,issue_crime_addiction
22467,QwenT,EI,2,issue_crime_addiction
22467,QwenT,EA,2,issue_crime_addiction
22679,GPT_5,Neutral,1,event_special
22679,GPT_5,Neutral-CoT,1,event_special
22679,GPT_5,EI,1,event_special
22679,GPT_5,EA,1,event_special
22679,GPT_o4,Neutral,1,event_special
22679,GPT_o4,Neutral-CoT,1,event_special
22679,GPT_o4,EI,1,event_special
22679,GPT_o4,EA,1,event_special
22679,QwenN,Neutral,1,event_special
22679,QwenN,Neutral-CoT,1,event_special
22679,QwenN,EI,1,event_special
22679,QwenN,EA,1,event_special
22679,QwenT,Neutral,1,event_special
22679,QwenT,Neutral-CoT,1,event_special
22679,QwenT,EI,1,event_special
22679,QwenT,EA,1,event_special
22707,GPT_5,Neutral,2,religion_custom
22707,GPT_5,Neutral-CoT,2,religion_custom
22707,GPT_5,EI,2,religion_custom
22707,GPT_5,EA,2,religion_custom
22707,GPT_o4,Neutral,2,religion_custom
22707,GPT_o4,Neutral-CoT,2,religion_custom
22707,GPT_o4,EI,2,religion_custom
22707,GPT_o4,EA,2,religion_custom
22707,QwenN,Neutral,2,religion_custom
22707,QwenN,Neutral-CoT,2,religion_custom
22707,QwenN,EI,2,religion_custom
22707,QwenN,EA,2,religion_custom
22707,QwenT,Neutral,2,religion_custom
22707,QwenT,Neutral-CoT,2,religion_custom
22707,QwenT,EI,2,religion_custom
22707,QwenT,EA,2,religion_custom
22767,GPT_5,Neutral,2,issue_personal_career
22767,GPT_5,Neutral-CoT,2,issue_personal_career
22767,GPT_5,EI,2,issue_personal_career
22767,GPT_5,EA,2,issue_personal_career
22767,GPT_o4,Neutral,2,issue_personal_career
22767,GPT_o4,Neutral-CoT,2,issue_personal_career
22767,GPT_o4,EI,2,issue_personal_career
22767,GPT_o4,EA,2,issue_personal_career
22767,QwenN,Neutral,2,issue_personal_career
22767,QwenN,Neutral-CoT,2,issue_personal_career
22767,QwenN,EI,2,issue_personal_career
22767,QwenN,EA,1,issue_personal_career
22767,QwenT,Neutral,2,issue_personal_career
22767,QwenT,Neutral-CoT,2,issue_personal_career
22767,QwenT,EI,2,issue_personal_career
22767,QwenT,EA,2,issue_personal_career
22770,GPT_5,Neutral,1,issue_crime_addiction
22770,GPT_5,Neutral-CoT,1,issue_crime_addiction
22770,GPT_5,EI,1,issue_crime_addiction
22770,GPT_5,EA,1,issue_crime_addiction
22770,GPT_o4,Neutral,1,issue_crime_addiction
22770,GPT_o4,Neutral-CoT,1,issue_crime_addiction
22770,GPT_o4,EI,1,issue_crime_addiction
22770,GPT_o4,EA,1,issue_crime_addiction
22770,QwenN,Neutral,1,issue_crime_addiction
22770,QwenN,Neutral-CoT,1,issue_crime_addiction
22770,QwenN,EI,1,issue_crime_addiction
22770,QwenN,EA,1,issue_crime_addiction
22770,QwenT,Neutral,1,issue_crime_addiction
22770,QwenT,Neutral-CoT,1,issue_crime_addiction
22770,QwenT,EI,1,issue_crime_addiction
22770,QwenT,EA,1,issue_crime_addiction
22814,GPT_5,Neutral,1,issue_pregnancy
22814,GPT_5,Neutral-CoT,1,issue_pregnancy
22814,GPT_5,EI,1,issue_pregnancy
22814,GPT_5,EA,1,issue_pregnancy
22814,GPT_o4,Neutral,1,issue_pregnancy
22814,GPT_o4,Neutral-CoT,1,issue_pregnancy
22814,GPT_o4,EI,1,issue_pregnancy
22814,GPT_o4,EA,1,issue_pregnancy
22814,QwenN,Neutral,1,issue_pregnancy
22814,QwenN,Neutral-CoT,1,issue_pregnancy
22814,QwenN,EI,1,issue_pregnancy
22814,QwenN,EA,1,issue_pregnancy
22814,QwenT,Neutral,1,issue_pregnancy
22814,QwenT,Neutral-CoT,1,issue_pregnancy
22814,QwenT,EI,2,issue_pregnancy
22814,QwenT,EA,1,issue_pregnancy
22819,GPT_5,Neutral,2,event_daily_life
22819,GPT_5,Neutral-CoT,2,event_daily_life
22819,GPT_5,EI,2,event_daily_life
22819,GPT_5,EA,2,event_daily_life
22819,GPT_o4,Neutral,2,event_daily_life
22819,GPT_o4,Neutral-CoT,2,event_daily_life
22819,GPT_o4,EI,2,event_daily_life
22819,GPT_o4,EA,2,event_daily_life
22819,QwenN,Neutral,2,event_daily_life
22819,QwenN,Neutral-CoT,2,event_daily_life
22819,QwenN,EI,2,event_daily_life
22819,QwenN,EA,2,event_daily_life
22819,QwenT,Neutral,2,event_daily_life
22819,QwenT,Neutral-CoT,2,event_daily_life
22819,QwenT,EI,2,event_daily_life
22819,QwenT,EA,2,event_daily_life
22833,GPT_5,Neutral,1,comitted_relationship
22833,GPT_5,Neutral-CoT,1,comitted_relationship
22833,GPT_5,EI,1,comitted_relationship
22833,GPT_5,EA,1,comitted_relationship
22833,GPT_o4,Neutral,1,comitted_relationship
22833,GPT_o4,Neutral-CoT,1,comitted_relationship
22833,GPT_o4,EI,1,comitted_relationship
22833,GPT_o4,EA,1,comitted_relationship
22833,QwenN,Neutral,1,comitted_relationship
22833,QwenN,Neutral-CoT,1,comitted_relationship
22833,QwenN,EI,1,comitted_relationship
22833,QwenN,EA,1,comitted_relationship
22833,QwenT,Neutral,2,comitted_relationship
22833,QwenT,Neutral-CoT,2,comitted_relationship
22833,QwenT,EI,1,comitted_relationship
22833,QwenT,EA,1,comitted_relationship
22849,GPT_5,Neutral,2,event_daily_life
22849,GPT_5,Neutral-CoT,2,event_daily_life
22849,GPT_5,EI,2,event_daily_life
22849,GPT_5,EA,2,event_daily_life
22849,GPT_o4,Neutral,2,event_daily_life
22849,GPT_o4,Neutral-CoT,2,event_daily_life
22849,GPT_o4,EI,2,event_daily_life
22849,GPT_o4,EA,2,event_daily_life
22849,QwenN,Neutral,2,event_daily_life
22849,QwenN,Neutral-CoT,2,event_daily_life
22849,QwenN,EI,2,event_daily_life
22849,QwenN,EA,2,event_daily_life
22849,QwenT,Neutral,2,event_daily_life
22849,QwenT,Neutral-CoT,2,event_daily_life
22849,QwenT,EI,2,event_daily_life
22849,QwenT,EA,2,event_daily_life
22966,GPT_5,Neutral,2,event_daily_life
22966,GPT_5,Neutral-CoT,2,event_daily_life
22966,GPT_5,EI,2,event_daily_life
22966,GPT_5,EA,2,event_daily_life
22966,GPT_o4,Neutral,2,event_daily_life
22966,GPT_o4,Neutral-CoT,2,event_daily_life
22966,GPT_o4,EI,2,event_daily_life
22966,GPT_o4,EA,2,event_daily_life
22966,QwenN,Neutral,2,event_daily_life
22966,QwenN,Neutral-CoT,2,event_daily_life
22966,QwenN,EI,2,event_daily_life
22966,QwenN,EA,2,event_daily_life
22966,QwenT,Neutral,2,event_daily_life
22966,QwenT,Neutral-CoT,2,event_daily_life
22966,QwenT,EI,2,event_daily_life
22966,QwenT,EA,2,event_daily_life
23023,GPT_5,Neutral,1,comitted_relationship
23023,GPT_5,Neutral-CoT,1,comitted_relationship
23023,GPT_5,EI,1,comitted_relationship
23023,GPT_5,EA,1,comitted_relationship
23023,GPT_o4,Neutral,1,comitted_relationship
23023,GPT_o4,Neutral-CoT,1,comitted_relationship
23023,GPT_o4,EI,1,comitted_relationship
23023,GPT_o4,EA,1,comitted_relationship
23023,QwenN,Neutral,1,comitted_relationship
23023,QwenN,Neutral-CoT,1,comitted_relationship
23023,QwenN,EI,1,comitted_relationship
23023,QwenN,EA,1,comitted_relationship
23023,QwenT,Neutral,1,comitted_relationship
23023,QwenT,Neutral-CoT,1,comitted_relationship
23023,QwenT,EI,1,comitted_relationship
23023,QwenT,EA,1,comitted_relationship
23052,GPT_5,Neutral,1,friend
23052,GPT_5,Neutral-CoT,1,friend
23052,GPT_5,EI,1,friend
23052,GPT_5,EA,1,friend
23052,GPT_o4,Neutral,1,friend
23052,GPT_o4,Neutral-CoT,1,friend
23052,GPT_o4,EI,1,friend
23052,GPT_o4,EA,1,friend
23052,QwenN,Neutral,1,friend
23052,QwenN,Neutral-CoT,1,friend
23052,QwenN,EI,1,friend
23052,QwenN,EA,1,friend
23052,QwenT,Neutral,1,friend
23052,QwenT,Neutral-CoT,1,friend
23052,QwenT,EI,1,friend
23052,QwenT,EA,1,friend
23089,GPT_5,Neutral,1,close_relationship
23089,GPT_5,Neutral-CoT,1,close_relationship
23089,GPT_5,EI,1,close_relationship
23089,GPT_5,EA,1,close_relationship
23089,GPT_o4,Neutral,1,close_relationship
23089,GPT_o4,Neutral-CoT,1,close_relationship
23089,GPT_o4,EI,1,close_relationship
23089,GPT_o4,EA,1,close_relationship
23089,QwenN,Neutral,1,close_relationship
23089,QwenN,Neutral-CoT,1,close_relationship
23089,QwenN,EI,1,close_relationship
23089,QwenN,EA,1,close_relationship
23089,QwenT,Neutral,1,close_relationship
23089,QwenT,Neutral-CoT,1,close_relationship
23089,QwenT,EI,1,close_relationship
23089,QwenT,EA,1,close_relationship
23103,GPT_5,Neutral,1,issue_wildlife_human_environment
23103,GPT_5,Neutral-CoT,2,issue_wildlife_human_environment
23103,GPT_5,EI,2,issue_wildlife_human_environment
23103,GPT_5,EA,2,issue_wildlife_human_environment
23103,GPT_o4,Neutral,1,issue_wildlife_human_environment
23103,GPT_o4,Neutral-CoT,2,issue_wildlife_human_environment
23103,GPT_o4,EI,2,issue_wildlife_human_environment
23103,GPT_o4,EA,2,issue_wildlife_human_environment
23103,QwenN,Neutral,2,issue_wildlife_human_environment
23103,QwenN,Neutral-CoT,2,issue_wildlife_human_environment
23103,QwenN,EI,2,issue_wildlife_human_environment
23103,QwenN,EA,2,issue_wildlife_human_environment
23103,QwenT,Neutral,2,issue_wildlife_human_environment
23103,QwenT,Neutral-CoT,2,issue_wildlife_human_environment
23103,QwenT,EI,2,issue_wildlife_human_environment
23103,QwenT,EA,2,issue_wildlife_human_environment
23104,GPT_5,Neutral,2,issue_pregnancy
23104,GPT_5,Neutral-CoT,2,issue_pregnancy
23104,GPT_5,EI,2,issue_pregnancy
23104,GPT_5,EA,2,issue_pregnancy
23104,GPT_o4,Neutral,2,issue_pregnancy
23104,GPT_o4,Neutral-CoT,2,issue_pregnancy
23104,GPT_o4,EI,2,issue_pregnancy
23104,GPT_o4,EA,2,issue_pregnancy
23104,QwenN,Neutral,2,issue_pregnancy
23104,QwenN,Neutral-CoT,2,issue_pregnancy
23104,QwenN,EI,2,issue_pregnancy
23104,QwenN,EA,2,issue_pregnancy
23104,QwenT,Neutral,2,issue_pregnancy
23104,QwenT,Neutral-CoT,2,issue_pregnancy
23104,QwenT,EI,2,issue_pregnancy
23104,QwenT,EA,2,issue_pregnancy
23128,GPT_5,Neutral,1,role_duty_responsibility
23128,GPT_5,Neutral-CoT,1,role_duty_responsibility
23128,GPT_5,EI,1,role_duty_responsibility
23128,GPT_5,EA,1,role_duty_responsibility
23128,GPT_o4,Neutral,1,role_duty_responsibility
23128,GPT_o4,Neutral-CoT,1,role_duty_responsibility
23128,GPT_o4,EI,1,role_duty_responsibility
23128,GPT_o4,EA,1,role_duty_responsibility
23128,QwenN,Neutral,1,role_duty_responsibility
23128,QwenN,Neutral-CoT,1,role_duty_responsibility
23128,QwenN,EI,1,role_duty_responsibility
23128,QwenN,EA,1,role_duty_responsibility
23128,QwenT,Neutral,1,role_duty_responsibility
23128,QwenT,Neutral-CoT,1,role_duty_responsibility
23128,QwenT,EI,1,role_duty_responsibility
23128,QwenT,EA,1,role_duty_responsibility
23200,GPT_5,Neutral,1,close_relationship
23200,GPT_5,Neutral-CoT,1,close_relationship
23200,GPT_5,EI,1,close_relationship
23200,GPT_5,EA,1,close_relationship
23200,GPT_o4,Neutral,1,close_relationship
23200,GPT_o4,Neutral-CoT,1,close_relationship
23200,GPT_o4,EI,1,close_relationship
23200,GPT_o4,EA,1,close_relationship
23200,QwenN,Neutral,1,close_relationship
23200,QwenN,Neutral-CoT,1,close_relationship
23200,QwenN,EI,1,close_relationship
23200,QwenN,EA,1,close_relationship
23200,QwenT,Neutral,1,close_relationship
23200,QwenT,Neutral-CoT,1,close_relationship
23200,QwenT,EI,1,close_relationship
23200,QwenT,EA,1,close_relationship
23313,GPT_5,Neutral,2,issue_young_people
23313,GPT_5,Neutral-CoT,2,issue_young_people
23313,GPT_5,EI,1,issue_young_people
23313,GPT_5,EA,2,issue_young_people
23313,GPT_o4,Neutral,2,issue_young_people
23313,GPT_o4,Neutral-CoT,2,issue_young_people
23313,GPT_o4,EI,2,issue_young_people
23313,GPT_o4,EA,2,issue_young_people
23313,QwenN,Neutral,1,issue_young_people
23313,QwenN,Neutral-CoT,1,issue_young_people
23313,QwenN,EI,1,issue_young_people
23313,QwenN,EA,1,issue_young_people
23313,QwenT,Neutral,1,issue_young_people
23313,QwenT,Neutral-CoT,2,issue_young_people
23313,QwenT,EI,1,issue_young_people
23313,QwenT,EA,2,issue_young_people
23322,GPT_5,Neutral,1,issue_crime_addiction
23322,GPT_5,Neutral-CoT,1,issue_crime_addiction
23322,GPT_5,EI,1,issue_crime_addiction
23322,GPT_5,EA,1,issue_crime_addiction
23322,GPT_o4,Neutral,1,issue_crime_addiction
23322,GPT_o4,Neutral-CoT,1,issue_crime_addiction
23322,GPT_o4,EI,1,issue_crime_addiction
23322,GPT_o4,EA,1,issue_crime_addiction
23322,QwenN,Neutral,1,issue_crime_addiction
23322,QwenN,Neutral-CoT,1,issue_crime_addiction
23322,QwenN,EI,1,issue_crime_addiction
23322,QwenN,EA,1,issue_crime_addiction
23322,QwenT,Neutral,1,issue_crime_addiction
23322,QwenT,Neutral-CoT,1,issue_crime_addiction
23322,QwenT,EI,1,issue_crime_addiction
23322,QwenT,EA,1,issue_crime_addiction
23323,GPT_5,Neutral,1,religion_custom
23323,GPT_5,Neutral-CoT,1,religion_custom
23323,GPT_5,EI,1,religion_custom
23323,GPT_5,EA,1,religion_custom
23323,GPT_o4,Neutral,1,religion_custom
23323,GPT_o4,Neutral-CoT,1,religion_custom
23323,GPT_o4,EI,1,religion_custom
23323,GPT_o4,EA,1,religion_custom
23323,QwenN,Neutral,1,religion_custom
23323,QwenN,Neutral-CoT,1,religion_custom
23323,QwenN,EI,1,religion_custom
23323,QwenN,EA,1,religion_custom
23323,QwenT,Neutral,1,religion_custom
23323,QwenT,Neutral-CoT,2,religion_custom
23323,QwenT,EI,1,religion_custom
23323,QwenT,EA,1,religion_custom
23404,GPT_5,Neutral,2,event_daily_life
23404,GPT_5,Neutral-CoT,2,event_daily_life
23404,GPT_5,EI,2,event_daily_life
23404,GPT_5,EA,2,event_daily_life
23404,GPT_o4,Neutral,1,event_daily_life
23404,GPT_o4,Neutral-CoT,1,event_daily_life
23404,GPT_o4,EI,2,event_daily_life
23404,GPT_o4,EA,2,event_daily_life
23404,QwenN,Neutral,2,event_daily_life
23404,QwenN,Neutral-CoT,2,event_daily_life
23404,QwenN,EI,2,event_daily_life
23404,QwenN,EA,2,event_daily_life
23404,QwenT,Neutral,2,event_daily_life
23404,QwenT,Neutral-CoT,2,event_daily_life
23404,QwenT,EI,2,event_daily_life
23404,QwenT,EA,2,event_daily_life
23415,GPT_5,Neutral,2,business_organization
23415,GPT_5,Neutral-CoT,2,business_organization
23415,GPT_5,EI,2,business_organization
23415,GPT_5,EA,2,business_organization
23415,GPT_o4,Neutral,2,business_organization
23415,GPT_o4,Neutral-CoT,2,business_organization
23415,GPT_o4,EI,2,business_organization
23415,GPT_o4,EA,2,business_organization
23415,QwenN,Neutral,2,business_organization
23415,QwenN,Neutral-CoT,2,business_organization
23415,QwenN,EI,2,business_organization
23415,QwenN,EA,2,business_organization
23415,QwenT,Neutral,2,business_organization
23415,QwenT,Neutral-CoT,2,business_organization
23415,QwenT,EI,2,business_organization
23415,QwenT,EA,2,business_organization
23440,GPT_5,Neutral,1,issue_personal_career
23440,GPT_5,Neutral-CoT,2,issue_personal_career
23440,GPT_5,EI,2,issue_personal_career
23440,GPT_5,EA,2,issue_personal_career
23440,GPT_o4,Neutral,2,issue_personal_career
23440,GPT_o4,Neutral-CoT,2,issue_personal_career
23440,GPT_o4,EI,2,issue_personal_career
23440,GPT_o4,EA,2,issue_personal_career
23440,QwenN,Neutral,2,issue_personal_career
23440,QwenN,Neutral-CoT,2,issue_personal_career
23440,QwenN,EI,2,issue_personal_career
23440,QwenN,EA,2,issue_personal_career
23440,QwenT,Neutral,2,issue_personal_career
23440,QwenT,Neutral-CoT,2,issue_personal_career
23440,QwenT,EI,2,issue_personal_career
23440,QwenT,EA,2,issue_personal_career
23453,GPT_5,Neutral,2,issue_self_image_social
23453,GPT_5,Neutral-CoT,2,issue_self_image_social
23453,GPT_5,EI,2,issue_self_image_social
23453,GPT_5,EA,2,issue_self_image_social
23453,GPT_o4,Neutral,2,issue_self_image_social
23453,GPT_o4,Neutral-CoT,2,issue_self_image_social
23453,GPT_o4,EI,2,issue_self_image_social
23453,GPT_o4,EA,2,issue_self_image_social
23453,QwenN,Neutral,2,issue_self_image_social
23453,QwenN,Neutral-CoT,2,issue_self_image_social
23453,QwenN,EI,2,issue_self_image_social
23453,QwenN,EA,2,issue_self_image_social
23453,QwenT,Neutral,2,issue_self_image_social
23453,QwenT,Neutral-CoT,2,issue_self_image_social
23453,QwenT,EI,2,issue_self_image_social
23453,QwenT,EA,2,issue_self_image_social
23505,GPT_5,Neutral,1,close_relationship
23505,GPT_5,Neutral-CoT,1,close_relationship
23505,GPT_5,EI,1,close_relationship
23505,GPT_5,EA,1,close_relationship
23505,GPT_o4,Neutral,1,close_relationship
23505,GPT_o4,Neutral-CoT,1,close_relationship
23505,GPT_o4,EI,1,close_relationship
23505,GPT_o4,EA,1,close_relationship
23505,QwenN,Neutral,1,close_relationship
23505,QwenN,Neutral-CoT,1,close_relationship
23505,QwenN,EI,1,close_relationship
23505,QwenN,EA,1,close_relationship
23505,QwenT,Neutral,1,close_relationship
23505,QwenT,Neutral-CoT,1,close_relationship
23505,QwenT,EI,2,close_relationship
23505,QwenT,EA,1,close_relationship
23514,GPT_5,Neutral,2,role_duty_responsibility
23514,GPT_5,Neutral-CoT,2,role_duty_responsibility
23514,GPT_5,EI,2,role_duty_responsibility
23514,GPT_5,EA,2,role_duty_responsibility
23514,GPT_o4,Neutral,2,role_duty_responsibility
23514,GPT_o4,Neutral-CoT,2,role_duty_responsibility
23514,GPT_o4,EI,2,role_duty_responsibility
23514,GPT_o4,EA,2,role_duty_responsibility
23514,QwenN,Neutral,2,role_duty_responsibility
23514,QwenN,Neutral-CoT,2,role_duty_responsibility
23514,QwenN,EI,2,role_duty_responsibility
23514,QwenN,EA,2,role_duty_responsibility
23514,QwenT,Neutral,2,role_duty_responsibility
23514,QwenT,Neutral-CoT,2,role_duty_responsibility
23514,QwenT,EI,2,role_duty_responsibility
23514,QwenT,EA,2,role_duty_responsibility
23524,GPT_5,Neutral,1,issue_self_image_social
23524,GPT_5,Neutral-CoT,1,issue_self_image_social
23524,GPT_5,EI,1,issue_self_image_social
23524,GPT_5,EA,1,issue_self_image_social
23524,GPT_o4,Neutral,1,issue_self_image_social
23524,GPT_o4,Neutral-CoT,1,issue_self_image_social
23524,GPT_o4,EI,1,issue_self_image_social
23524,GPT_o4,EA,1,issue_self_image_social
23524,QwenN,Neutral,1,issue_self_image_social
23524,QwenN,Neutral-CoT,1,issue_self_image_social
23524,QwenN,EI,1,issue_self_image_social
23524,QwenN,EA,1,issue_self_image_social
23524,QwenT,Neutral,1,issue_self_image_social
23524,QwenT,Neutral-CoT,1,issue_self_image_social
23524,QwenT,EI,1,issue_self_image_social
23524,QwenT,EA,1,issue_self_image_social
23530,GPT_5,Neutral,2,issue_pregnancy
23530,GPT_5,Neutral-CoT,2,issue_pregnancy
23530,GPT_5,EI,2,issue_pregnancy
23530,GPT_5,EA,2,issue_pregnancy
23530,GPT_o4,Neutral,2,issue_pregnancy
23530,GPT_o4,Neutral-CoT,2,issue_pregnancy
23530,GPT_o4,EI,2,issue_pregnancy
23530,GPT_o4,EA,2,issue_pregnancy
23530,QwenN,Neutral,2,issue_pregnancy
23530,QwenN,Neutral-CoT,,issue_pregnancy
23530,QwenN,EI,2,issue_pregnancy
23530,QwenN,EA,2,issue_pregnancy
23530,QwenT,Neutral,2,issue_pregnancy
23530,QwenT,Neutral-CoT,2,issue_pregnancy
23530,QwenT,EI,2,issue_pregnancy
23530,QwenT,EA,2,issue_pregnancy
23534,GPT_5,Neutral,2,close_relationship
23534,GPT_5,Neutral-CoT,2,close_relationship
23534,GPT_5,EI,2,close_relationship
23534,GPT_5,EA,2,close_relationship
23534,GPT_o4,Neutral,2,close_relationship
23534,GPT_o4,Neutral-CoT,2,close_relationship
23534,GPT_o4,EI,2,close_relationship
23534,GPT_o4,EA,2,close_relationship
23534,QwenN,Neutral,2,close_relationship
23534,QwenN,Neutral-CoT,1,close_relationship
23534,QwenN,EI,1,close_relationship
23534,QwenN,EA,1,close_relationship
23534,QwenT,Neutral,1,close_relationship
23534,QwenT,Neutral-CoT,1,close_relationship
23534,QwenT,EI,1,close_relationship
23534,QwenT,EA,1,close_relationship
23574,GPT_5,Neutral,1,event_daily_life
23574,GPT_5,Neutral-CoT,1,event_daily_life
23574,GPT_5,EI,1,event_daily_life
23574,GPT_5,EA,1,event_daily_life
23574,GPT_o4,Neutral,1,event_daily_life
23574,GPT_o4,Neutral-CoT,1,event_daily_life
23574,GPT_o4,EI,1,event_daily_life
23574,GPT_o4,EA,1,event_daily_life
23574,QwenN,Neutral,2,event_daily_life
23574,QwenN,Neutral-CoT,1,event_daily_life
23574,QwenN,EI,1,event_daily_life
23574,QwenN,EA,1,event_daily_life
23574,QwenT,Neutral,1,event_daily_life
23574,QwenT,Neutral-CoT,1,event_daily_life
23574,QwenT,EI,1,event_daily_life
23574,QwenT,EA,1,event_daily_life
23584,GPT_5,Neutral,1,business_organization
23584,GPT_5,Neutral-CoT,1,business_organization
23584,GPT_5,EI,1,business_organization
23584,GPT_5,EA,1,business_organization
23584,GPT_o4,Neutral,1,business_organization
23584,GPT_o4,Neutral-CoT,1,business_organization
23584,GPT_o4,EI,1,business_organization
23584,GPT_o4,EA,1,business_organization
23584,QwenN,Neutral,1,business_organization
23584,QwenN,Neutral-CoT,1,business_organization
23584,QwenN,EI,1,business_organization
23584,QwenN,EA,1,business_organization
23584,QwenT,Neutral,1,business_organization
23584,QwenT,Neutral-CoT,1,business_organization
23584,QwenT,EI,1,business_organization
23584,QwenT,EA,1,business_organization
23605,GPT_5,Neutral,1,event_special
23605,GPT_5,Neutral-CoT,1,event_special
23605,GPT_5,EI,1,event_special
23605,GPT_5,EA,1,event_special
23605,GPT_o4,Neutral,1,event_special
23605,GPT_o4,Neutral-CoT,,event_special
23605,GPT_o4,EI,1,event_special
23605,GPT_o4,EA,1,event_special
23605,QwenN,Neutral,1,event_special
23605,QwenN,Neutral-CoT,1,event_special
23605,QwenN,EI,1,event_special
23605,QwenN,EA,1,event_special
23605,QwenT,Neutral,1,event_special
23605,QwenT,Neutral-CoT,1,event_special
23605,QwenT,EI,1,event_special
23605,QwenT,EA,1,event_special
23620,GPT_5,Neutral,1,event_special
23620,GPT_5,Neutral-CoT,2,event_special
23620,GPT_5,EI,2,event_special
23620,GPT_5,EA,2,event_special
23620,GPT_o4,Neutral,1,event_special
23620,GPT_o4,Neutral-CoT,2,event_special
23620,GPT_o4,EI,2,event_special
23620,GPT_o4,EA,2,event_special
23620,QwenN,Neutral,1,event_special
23620,QwenN,Neutral-CoT,1,event_special
23620,QwenN,EI,1,event_special
23620,QwenN,EA,1,event_special
23620,QwenT,Neutral,2,event_special
23620,QwenT,Neutral-CoT,2,event_special
23620,QwenT,EI,2,event_special
23620,QwenT,EA,1,event_special
23648,GPT_5,Neutral,2,event_daily_life
23648,GPT_5,Neutral-CoT,2,event_daily_life
23648,GPT_5,EI,2,event_daily_life
23648,GPT_5,EA,2,event_daily_life
23648,GPT_o4,Neutral,2,event_daily_life
23648,GPT_o4,Neutral-CoT,2,event_daily_life
23648,GPT_o4,EI,2,event_daily_life
23648,GPT_o4,EA,2,event_daily_life
23648,QwenN,Neutral,2,event_daily_life
23648,QwenN,Neutral-CoT,2,event_daily_life
23648,QwenN,EI,2,event_daily_life
23648,QwenN,EA,2,event_daily_life
23648,QwenT,Neutral,2,event_daily_life
23648,QwenT,Neutral-CoT,2,event_daily_life
23648,QwenT,EI,2,event_daily_life
23648,QwenT,EA,2,event_daily_life
23699,GPT_5,Neutral,2,religion_custom
23699,GPT_5,Neutral-CoT,2,religion_custom
23699,GPT_5,EI,2,religion_custom
23699,GPT_5,EA,2,religion_custom
23699,GPT_o4,Neutral,2,religion_custom
23699,GPT_o4,Neutral-CoT,2,religion_custom
23699,GPT_o4,EI,2,religion_custom
23699,GPT_o4,EA,2,religion_custom
23699,QwenN,Neutral,2,religion_custom
23699,QwenN,Neutral-CoT,2,religion_custom
23699,QwenN,EI,2,religion_custom
23699,QwenN,EA,2,religion_custom
23699,QwenT,Neutral,1,religion_custom
23699,QwenT,Neutral-CoT,2,religion_custom
23699,QwenT,EI,2,religion_custom
23699,QwenT,EA,2,religion_custom
23713,GPT_5,Neutral,2,issue_young_people
23713,GPT_5,Neutral-CoT,2,issue_young_people
23713,GPT_5,EI,2,issue_young_people
23713,GPT_5,EA,2,issue_young_people
23713,GPT_o4,Neutral,2,issue_young_people
23713,GPT_o4,Neutral-CoT,2,issue_young_people
23713,GPT_o4,EI,2,issue_young_people
23713,GPT_o4,EA,2,issue_young_people
23713,QwenN,Neutral,2,issue_young_people
23713,QwenN,Neutral-CoT,2,issue_young_people
23713,QwenN,EI,2,issue_young_people
23713,QwenN,EA,2,issue_young_people
23713,QwenT,Neutral,2,issue_young_people
23713,QwenT,Neutral-CoT,2,issue_young_people
23713,QwenT,EI,1,issue_young_people
23713,QwenT,EA,2,issue_young_people
23779,GPT_5,Neutral,1,workplace
23779,GPT_5,Neutral-CoT,1,workplace
23779,GPT_5,EI,1,workplace
23779,GPT_5,EA,1,workplace
23779,GPT_o4,Neutral,1,workplace
23779,GPT_o4,Neutral-CoT,1,workplace
23779,GPT_o4,EI,1,workplace
23779,GPT_o4,EA,1,workplace
23779,QwenN,Neutral,1,workplace
23779,QwenN,Neutral-CoT,1,workplace
23779,QwenN,EI,1,workplace
23779,QwenN,EA,1,workplace
23779,QwenT,Neutral,1,workplace
23779,QwenT,Neutral-CoT,1,workplace
23779,QwenT,EI,1,workplace
23779,QwenT,EA,1,workplace
23871,GPT_5,Neutral,1,close_relationship
23871,GPT_5,Neutral-CoT,1,close_relationship
23871,GPT_5,EI,1,close_relationship
23871,GPT_5,EA,1,close_relationship
23871,GPT_o4,Neutral,1,close_relationship
23871,GPT_o4,Neutral-CoT,1,close_relationship
23871,GPT_o4,EI,1,close_relationship
23871,GPT_o4,EA,1,close_relationship
23871,QwenN,Neutral,1,close_relationship
23871,QwenN,Neutral-CoT,1,close_relationship
23871,QwenN,EI,1,close_relationship
23871,QwenN,EA,1,close_relationship
23871,QwenT,Neutral,1,close_relationship
23871,QwenT,Neutral-CoT,1,close_relationship
23871,QwenT,EI,1,close_relationship
23871,QwenT,EA,1,close_relationship
23873,GPT_5,Neutral,1,event_special
23873,GPT_5,Neutral-CoT,1,event_special
23873,GPT_5,EI,1,event_special
23873,GPT_5,EA,1,event_special
23873,GPT_o4,Neutral,1,event_special
23873,GPT_o4,Neutral-CoT,1,event_special
23873,GPT_o4,EI,1,event_special
23873,GPT_o4,EA,1,event_special
23873,QwenN,Neutral,1,event_special
23873,QwenN,Neutral-CoT,1,event_special
23873,QwenN,EI,1,event_special
23873,QwenN,EA,1,event_special
23873,QwenT,Neutral,1,event_special
23873,QwenT,Neutral-CoT,1,event_special
23873,QwenT,EI,1,event_special
23873,QwenT,EA,1,event_special
23901,GPT_5,Neutral,1,issue_young_people
23901,GPT_5,Neutral-CoT,1,issue_young_people
23901,GPT_5,EI,1,issue_young_people
23901,GPT_5,EA,1,issue_young_people
23901,GPT_o4,Neutral,1,issue_young_people
23901,GPT_o4,Neutral-CoT,1,issue_young_people
23901,GPT_o4,EI,1,issue_young_people
23901,GPT_o4,EA,1,issue_young_people
23901,QwenN,Neutral,1,issue_young_people
23901,QwenN,Neutral-CoT,1,issue_young_people
23901,QwenN,EI,1,issue_young_people
23901,QwenN,EA,1,issue_young_people
23901,QwenT,Neutral,1,issue_young_people
23901,QwenT,Neutral-CoT,1,issue_young_people
23901,QwenT,EI,1,issue_young_people
23901,QwenT,EA,1,issue_young_people
24026,GPT_5,Neutral,2,business_organization
24026,GPT_5,Neutral-CoT,2,business_organization
24026,GPT_5,EI,2,business_organization
24026,GPT_5,EA,2,business_organization
24026,GPT_o4,Neutral,2,business_organization
24026,GPT_o4,Neutral-CoT,2,business_organization
24026,GPT_o4,EI,2,business_organization
24026,GPT_o4,EA,2,business_organization
24026,QwenN,Neutral,2,business_organization
24026,QwenN,Neutral-CoT,2,business_organization
24026,QwenN,EI,2,business_organization
24026,QwenN,EA,2,business_organization
24026,QwenT,Neutral,2,business_organization
24026,QwenT,Neutral-CoT,2,business_organization
24026,QwenT,EI,2,business_organization
24026,QwenT,EA,2,business_organization
24163,GPT_5,Neutral,1,role_duty_responsibility
24163,GPT_5,Neutral-CoT,1,role_duty_responsibility
24163,GPT_5,EI,1,role_duty_responsibility
24163,GPT_5,EA,1,role_duty_responsibility
24163,GPT_o4,Neutral,1,role_duty_responsibility
24163,GPT_o4,Neutral-CoT,1,role_duty_responsibility
24163,GPT_o4,EI,1,role_duty_responsibility
24163,GPT_o4,EA,1,role_duty_responsibility
24163,QwenN,Neutral,1,role_duty_responsibility
24163,QwenN,Neutral-CoT,1,role_duty_responsibility
24163,QwenN,EI,1,role_duty_responsibility
24163,QwenN,EA,1,role_duty_responsibility
24163,QwenT,Neutral,1,role_duty_responsibility
24163,QwenT,Neutral-CoT,1,role_duty_responsibility
24163,QwenT,EI,1,role_duty_responsibility
24163,QwenT,EA,1,role_duty_responsibility
24174,GPT_5,Neutral,2,event_special
24174,GPT_5,Neutral-CoT,2,event_special
24174,GPT_5,EI,2,event_special
24174,GPT_5,EA,2,event_special
24174,GPT_o4,Neutral,2,event_special
24174,GPT_o4,Neutral-CoT,2,event_special
24174,GPT_o4,EI,2,event_special
24174,GPT_o4,EA,2,event_special
24174,QwenN,Neutral,2,event_special
24174,QwenN,Neutral-CoT,2,event_special
24174,QwenN,EI,2,event_special
24174,QwenN,EA,2,event_special
24174,QwenT,Neutral,2,event_special
24174,QwenT,Neutral-CoT,2,event_special
24174,QwenT,EI,2,event_special
24174,QwenT,EA,2,event_special
24223,GPT_5,Neutral,1,family
24223,GPT_5,Neutral-CoT,1,family
24223,GPT_5,EI,1,family
24223,GPT_5,EA,1,family
24223,GPT_o4,Neutral,1,family
24223,GPT_o4,Neutral-CoT,1,family
24223,GPT_o4,EI,1,family
24223,GPT_o4,EA,1,family
24223,QwenN,Neutral,1,family
24223,QwenN,Neutral-CoT,1,family
24223,QwenN,EI,1,family
24223,QwenN,EA,1,family
24223,QwenT,Neutral,1,family
24223,QwenT,Neutral-CoT,2,family
24223,QwenT,EI,1,family
24223,QwenT,EA,1,family
24260,GPT_5,Neutral,2,school
24260,GPT_5,Neutral-CoT,2,school
24260,GPT_5,EI,2,school
24260,GPT_5,EA,2,school
24260,GPT_o4,Neutral,2,school
24260,GPT_o4,Neutral-CoT,1,school
24260,GPT_o4,EI,2,school
24260,GPT_o4,EA,2,school
24260,QwenN,Neutral,1,school
24260,QwenN,Neutral-CoT,1,school
24260,QwenN,EI,1,school
24260,QwenN,EA,1,school
24260,QwenT,Neutral,1,school
24260,QwenT,Neutral-CoT,2,school
24260,QwenT,EI,2,school
24260,QwenT,EA,2,school
24291,GPT_5,Neutral,2,family
24291,GPT_5,Neutral-CoT,2,family
24291,GPT_5,EI,2,family
24291,GPT_5,EA,2,family
24291,GPT_o4,Neutral,2,family
24291,GPT_o4,Neutral-CoT,2,family
24291,GPT_o4,EI,2,family
24291,GPT_o4,EA,1,family
24291,QwenN,Neutral,1,family
24291,QwenN,Neutral-CoT,2,family
24291,QwenN,EI,2,family
24291,QwenN,EA,2,family
24291,QwenT,Neutral,1,family
24291,QwenT,Neutral-CoT,1,family
24291,QwenT,EI,2,family
24291,QwenT,EA,2,family
24304,GPT_5,Neutral,1,issue_wildlife_human_environment
24304,GPT_5,Neutral-CoT,1,issue_wildlife_human_environment
24304,GPT_5,EI,1,issue_wildlife_human_environment
24304,GPT_5,EA,1,issue_wildlife_human_environment
24304,GPT_o4,Neutral,1,issue_wildlife_human_environment
24304,GPT_o4,Neutral-CoT,1,issue_wildlife_human_environment
24304,GPT_o4,EI,1,issue_wildlife_human_environment
24304,GPT_o4,EA,1,issue_wildlife_human_environment
24304,QwenN,Neutral,1,issue_wildlife_human_environment
24304,QwenN,Neutral-CoT,1,issue_wildlife_human_environment
24304,QwenN,EI,1,issue_wildlife_human_environment
24304,QwenN,EA,1,issue_wildlife_human_environment
24304,QwenT,Neutral,1,issue_wildlife_human_environment
24304,QwenT,Neutral-CoT,1,issue_wildlife_human_environment
24304,QwenT,EI,1,issue_wildlife_human_environment
24304,QwenT,EA,1,issue_wildlife_human_environment
24334,GPT_5,Neutral,2,event_special
24334,GPT_5,Neutral-CoT,2,event_special
24334,GPT_5,EI,2,event_special
24334,GPT_5,EA,2,event_special
24334,GPT_o4,Neutral,2,event_special
24334,GPT_o4,Neutral-CoT,2,event_special
24334,GPT_o4,EI,2,event_special
24334,GPT_o4,EA,2,event_special
24334,QwenN,Neutral,2,event_special
24334,QwenN,Neutral-CoT,2,event_special
24334,QwenN,EI,2,event_special
24334,QwenN,EA,2,event_special
24334,QwenT,Neutral,2,event_special
24334,QwenT,Neutral-CoT,2,event_special
24334,QwenT,EI,2,event_special
24334,QwenT,EA,2,event_special
24405,GPT_5,Neutral,2,issue_self_image_social
24405,GPT_5,Neutral-CoT,2,issue_self_image_social
24405,GPT_5,EI,2,issue_self_image_social
24405,GPT_5,EA,2,issue_self_image_social
24405,GPT_o4,Neutral,2,issue_self_image_social
24405,GPT_o4,Neutral-CoT,2,issue_self_image_social
24405,GPT_o4,EI,2,issue_self_image_social
24405,GPT_o4,EA,2,issue_self_image_social
24405,QwenN,Neutral,2,issue_self_image_social
24405,QwenN,Neutral-CoT,2,issue_self_image_social
24405,QwenN,EI,2,issue_self_image_social
24405,QwenN,EA,2,issue_self_image_social
24405,QwenT,Neutral,2,issue_self_image_social
24405,QwenT,Neutral-CoT,2,issue_self_image_social
24405,QwenT,EI,2,issue_self_image_social
24405,QwenT,EA,2,issue_self_image_social
24408,GPT_5,Neutral,1,issue_crime_addiction
24408,GPT_5,Neutral-CoT,1,issue_crime_addiction
24408,GPT_5,EI,1,issue_crime_addiction
24408,GPT_5,EA,1,issue_crime_addiction
24408,GPT_o4,Neutral,1,issue_crime_addiction
24408,GPT_o4,Neutral-CoT,1,issue_crime_addiction
24408,GPT_o4,EI,1,issue_crime_addiction
24408,GPT_o4,EA,1,issue_crime_addiction
24408,QwenN,Neutral,1,issue_crime_addiction
24408,QwenN,Neutral-CoT,1,issue_crime_addiction
24408,QwenN,EI,1,issue_crime_addiction
24408,QwenN,EA,1,issue_crime_addiction
24408,QwenT,Neutral,1,issue_crime_addiction
24408,QwenT,Neutral-CoT,1,issue_crime_addiction
24408,QwenT,EI,1,issue_crime_addiction
24408,QwenT,EA,1,issue_crime_addiction
24500,GPT_5,Neutral,2,issue_crime_addiction
24500,GPT_5,Neutral-CoT,2,issue_crime_addiction
24500,GPT_5,EI,2,issue_crime_addiction
24500,GPT_5,EA,2,issue_crime_addiction
24500,GPT_o4,Neutral,2,issue_crime_addiction
24500,GPT_o4,Neutral-CoT,2,issue_crime_addiction
24500,GPT_o4,EI,2,issue_crime_addiction
24500,GPT_o4,EA,2,issue_crime_addiction
24500,QwenN,Neutral,2,issue_crime_addiction
24500,QwenN,Neutral-CoT,2,issue_crime_addiction
24500,QwenN,EI,2,issue_crime_addiction
24500,QwenN,EA,2,issue_crime_addiction
24500,QwenT,Neutral,2,issue_crime_addiction
24500,QwenT,Neutral-CoT,2,issue_crime_addiction
24500,QwenT,EI,2,issue_crime_addiction
24500,QwenT,EA,2,issue_crime_addiction
24502,GPT_5,Neutral,2,issue_pregnancy
24502,GPT_5,Neutral-CoT,2,issue_pregnancy
24502,GPT_5,EI,1,issue_pregnancy
24502,GPT_5,EA,2,issue_pregnancy
24502,GPT_o4,Neutral,1,issue_pregnancy
24502,GPT_o4,Neutral-CoT,1,issue_pregnancy
24502,GPT_o4,EI,1,issue_pregnancy
24502,GPT_o4,EA,,issue_pregnancy
24502,QwenN,Neutral,1,issue_pregnancy
24502,QwenN,Neutral-CoT,1,issue_pregnancy
24502,QwenN,EI,1,issue_pregnancy
24502,QwenN,EA,1,issue_pregnancy
24502,QwenT,Neutral,1,issue_pregnancy
24502,QwenT,Neutral-CoT,2,issue_pregnancy
24502,QwenT,EI,1,issue_pregnancy
24502,QwenT,EA,2,issue_pregnancy
24541,GPT_5,Neutral,2,issue_self_image_social
24541,GPT_5,Neutral-CoT,2,issue_self_image_social
24541,GPT_5,EI,2,issue_self_image_social
24541,GPT_5,EA,2,issue_self_image_social
24541,GPT_o4,Neutral,2,issue_self_image_social
24541,GPT_o4,Neutral-CoT,2,issue_self_image_social
24541,GPT_o4,EI,2,issue_self_image_social
24541,GPT_o4,EA,2,issue_self_image_social
24541,QwenN,Neutral,2,issue_self_image_social
24541,QwenN,Neutral-CoT,2,issue_self_image_social
24541,QwenN,EI,2,issue_self_image_social
24541,QwenN,EA,2,issue_self_image_social
24541,QwenT,Neutral,2,issue_self_image_social
24541,QwenT,Neutral-CoT,2,issue_self_image_social
24541,QwenT,EI,2,issue_self_image_social
24541,QwenT,EA,2,issue_self_image_social
24573,GPT_5,Neutral,1,event_daily_life
24573,GPT_5,Neutral-CoT,1,event_daily_life
24573,GPT_5,EI,1,event_daily_life
24573,GPT_5,EA,1,event_daily_life
24573,GPT_o4,Neutral,1,event_daily_life
24573,GPT_o4,Neutral-CoT,1,event_daily_life
24573,GPT_o4,EI,1,event_daily_life
24573,GPT_o4,EA,1,event_daily_life
24573,QwenN,Neutral,1,event_daily_life
24573,QwenN,Neutral-CoT,1,event_daily_life
24573,QwenN,EI,1,event_daily_life
24573,QwenN,EA,1,event_daily_life
24573,QwenT,Neutral,1,event_daily_life
24573,QwenT,Neutral-CoT,1,event_daily_life
24573,QwenT,EI,1,event_daily_life
24573,QwenT,EA,1,event_daily_life
24577,GPT_5,Neutral,1,event_daily_life
24577,GPT_5,Neutral-CoT,1,event_daily_life
24577,GPT_5,EI,1,event_daily_life
24577,GPT_5,EA,1,event_daily_life
24577,GPT_o4,Neutral,1,event_daily_life
24577,GPT_o4,Neutral-CoT,2,event_daily_life
24577,GPT_o4,EI,2,event_daily_life
24577,GPT_o4,EA,2,event_daily_life
24577,QwenN,Neutral,1,event_daily_life
24577,QwenN,Neutral-CoT,1,event_daily_life
24577,QwenN,EI,2,event_daily_life
24577,QwenN,EA,2,event_daily_life
24577,QwenT,Neutral,1,event_daily_life
24577,QwenT,Neutral-CoT,1,event_daily_life
24577,QwenT,EI,1,event_daily_life
24577,QwenT,EA,1,event_daily_life
24637,GPT_5,Neutral,2,issue_young_people
24637,GPT_5,Neutral-CoT,2,issue_young_people
24637,GPT_5,EI,2,issue_young_people
24637,GPT_5,EA,2,issue_young_people
24637,GPT_o4,Neutral,2,issue_young_people
24637,GPT_o4,Neutral-CoT,2,issue_young_people
24637,GPT_o4,EI,2,issue_young_people
24637,GPT_o4,EA,2,issue_young_people
24637,QwenN,Neutral,2,issue_young_people
24637,QwenN,Neutral-CoT,2,issue_young_people
24637,QwenN,EI,2,issue_young_people
24637,QwenN,EA,2,issue_young_people
24637,QwenT,Neutral,2,issue_young_people
24637,QwenT,Neutral-CoT,2,issue_young_people
24637,QwenT,EI,2,issue_young_people
24637,QwenT,EA,2,issue_young_people
24673,GPT_5,Neutral,1,school
24673,GPT_5,Neutral-CoT,1,school
24673,GPT_5,EI,1,school
24673,GPT_5,EA,1,school
24673,GPT_o4,Neutral,1,school
24673,GPT_o4,Neutral-CoT,1,school
24673,GPT_o4,EI,1,school
24673,GPT_o4,EA,1,school
24673,QwenN,Neutral,1,school
24673,QwenN,Neutral-CoT,1,school
24673,QwenN,EI,1,school
24673,QwenN,EA,1,school
24673,QwenT,Neutral,2,school
24673,QwenT,Neutral-CoT,2,school
24673,QwenT,EI,2,school
24673,QwenT,EA,2,school
24706,GPT_5,Neutral,1,friend
24706,GPT_5,Neutral-CoT,1,friend
24706,GPT_5,EI,1,friend
24706,GPT_5,EA,1,friend
24706,GPT_o4,Neutral,1,friend
24706,GPT_o4,Neutral-CoT,1,friend
24706,GPT_o4,EI,1,friend
24706,GPT_o4,EA,1,friend
24706,QwenN,Neutral,1,friend
24706,QwenN,Neutral-CoT,1,friend
24706,QwenN,EI,1,friend
24706,QwenN,EA,1,friend
24706,QwenT,Neutral,1,friend
24706,QwenT,Neutral-CoT,1,friend
24706,QwenT,EI,1,friend
24706,QwenT,EA,1,friend
24740,GPT_5,Neutral,2,issue_pregnancy
24740,GPT_5,Neutral-CoT,2,issue_pregnancy
24740,GPT_5,EI,2,issue_pregnancy
24740,GPT_5,EA,2,issue_pregnancy
24740,GPT_o4,Neutral,2,issue_pregnancy
24740,GPT_o4,Neutral-CoT,2,issue_pregnancy
24740,GPT_o4,EI,2,issue_pregnancy
24740,GPT_o4,EA,2,issue_pregnancy
24740,QwenN,Neutral,2,issue_pregnancy
24740,QwenN,Neutral-CoT,2,issue_pregnancy
24740,QwenN,EI,2,issue_pregnancy
24740,QwenN,EA,2,issue_pregnancy
24740,QwenT,Neutral,2,issue_pregnancy
24740,QwenT,Neutral-CoT,2,issue_pregnancy
24740,QwenT,EI,2,issue_pregnancy
24740,QwenT,EA,2,issue_pregnancy
24774,GPT_5,Neutral,2,comitted_relationship
24774,GPT_5,Neutral-CoT,2,comitted_relationship
24774,GPT_5,EI,2,comitted_relationship
24774,GPT_5,EA,2,comitted_relationship
24774,GPT_o4,Neutral,2,comitted_relationship
24774,GPT_o4,Neutral-CoT,2,comitted_relationship
24774,GPT_o4,EI,2,comitted_relationship
24774,GPT_o4,EA,2,comitted_relationship
24774,QwenN,Neutral,2,comitted_relationship
24774,QwenN,Neutral-CoT,2,comitted_relationship
24774,QwenN,EI,2,comitted_relationship
24774,QwenN,EA,2,comitted_relationship
24774,QwenT,Neutral,2,comitted_relationship
24774,QwenT,Neutral-CoT,2,comitted_relationship
24774,QwenT,EI,2,comitted_relationship
24774,QwenT,EA,2,comitted_relationship
24836,GPT_5,Neutral,1,school
24836,GPT_5,Neutral-CoT,1,school
24836,GPT_5,EI,1,school
24836,GPT_5,EA,1,school
24836,GPT_o4,Neutral,1,school
24836,GPT_o4,Neutral-CoT,1,school
24836,GPT_o4,EI,1,school
24836,GPT_o4,EA,1,school
24836,QwenN,Neutral,1,school
24836,QwenN,Neutral-CoT,1,school
24836,QwenN,EI,1,school
24836,QwenN,EA,1,school
24836,QwenT,Neutral,1,school
24836,QwenT,Neutral-CoT,1,school
24836,QwenT,EI,1,school
24836,QwenT,EA,1,school
24871,GPT_5,Neutral,2,workplace
24871,GPT_5,Neutral-CoT,1,workplace
24871,GPT_5,EI,2,workplace
24871,GPT_5,EA,2,workplace
24871,GPT_o4,Neutral,1,workplace
24871,GPT_o4,Neutral-CoT,1,workplace
24871,GPT_o4,EI,1,workplace
24871,GPT_o4,EA,1,workplace
24871,QwenN,Neutral,1,workplace
24871,QwenN,Neutral-CoT,1,workplace
24871,QwenN,EI,1,workplace
24871,QwenN,EA,1,workplace
24871,QwenT,Neutral,1,workplace
24871,QwenT,Neutral-CoT,1,workplace
24871,QwenT,EI,2,workplace
24871,QwenT,EA,1,workplace
24902,GPT_5,Neutral,2,event_special
24902,GPT_5,Neutral-CoT,2,event_special
24902,GPT_5,EI,2,event_special
24902,GPT_5,EA,2,event_special
24902,GPT_o4,Neutral,2,event_special
24902,GPT_o4,Neutral-CoT,2,event_special
24902,GPT_o4,EI,2,event_special
24902,GPT_o4,EA,2,event_special
24902,QwenN,Neutral,1,event_special
24902,QwenN,Neutral-CoT,1,event_special
24902,QwenN,EI,1,event_special
24902,QwenN,EA,1,event_special
24902,QwenT,Neutral,2,event_special
24902,QwenT,Neutral-CoT,2,event_special
24902,QwenT,EI,2,event_special
24902,QwenT,EA,2,event_special
24959,GPT_5,Neutral,1,issue_crime_addiction
24959,GPT_5,Neutral-CoT,1,issue_crime_addiction
24959,GPT_5,EI,1,issue_crime_addiction
24959,GPT_5,EA,1,issue_crime_addiction
24959,GPT_o4,Neutral,1,issue_crime_addiction
24959,GPT_o4,Neutral-CoT,1,issue_crime_addiction
24959,GPT_o4,EI,1,issue_crime_addiction
24959,GPT_o4,EA,1,issue_crime_addiction
24959,QwenN,Neutral,2,issue_crime_addiction
24959,QwenN,Neutral-CoT,2,issue_crime_addiction
24959,QwenN,EI,2,issue_crime_addiction
24959,QwenN,EA,2,issue_crime_addiction
24959,QwenT,Neutral,1,issue_crime_addiction
24959,QwenT,Neutral-CoT,1,issue_crime_addiction
24959,QwenT,EI,1,issue_crime_addiction
24959,QwenT,EA,1,issue_crime_addiction
24975,GPT_5,Neutral,1,school
24975,GPT_5,Neutral-CoT,1,school
24975,GPT_5,EI,1,school
24975,GPT_5,EA,1,school
24975,GPT_o4,Neutral,1,school
24975,GPT_o4,Neutral-CoT,1,school
24975,GPT_o4,EI,1,school
24975,GPT_o4,EA,1,school
24975,QwenN,Neutral,1,school
24975,QwenN,Neutral-CoT,1,school
24975,QwenN,EI,1,school
24975,QwenN,EA,1,school
24975,QwenT,Neutral,1,school
24975,QwenT,Neutral-CoT,1,school
24975,QwenT,EI,1,school
24975,QwenT,EA,1,school
24995,GPT_5,Neutral,1,friend
24995,GPT_5,Neutral-CoT,1,friend
24995,GPT_5,EI,1,friend
24995,GPT_5,EA,1,friend
24995,GPT_o4,Neutral,1,friend
24995,GPT_o4,Neutral-CoT,1,friend
24995,GPT_o4,EI,1,friend
24995,GPT_o4,EA,1,friend
24995,QwenN,Neutral,1,friend
24995,QwenN,Neutral-CoT,1,friend
24995,QwenN,EI,1,friend
24995,QwenN,EA,1,friend
24995,QwenT,Neutral,1,friend
24995,QwenT,Neutral-CoT,1,friend
24995,QwenT,EI,1,friend
24995,QwenT,EA,1,friend
25015,GPT_5,Neutral,1,issue_pregnancy
25015,GPT_5,Neutral-CoT,1,issue_pregnancy
25015,GPT_5,EI,1,issue_pregnancy
25015,GPT_5,EA,1,issue_pregnancy
25015,GPT_o4,Neutral,2,issue_pregnancy
25015,GPT_o4,Neutral-CoT,2,issue_pregnancy
25015,GPT_o4,EI,1,issue_pregnancy
25015,GPT_o4,EA,1,issue_pregnancy
25015,QwenN,Neutral,2,issue_pregnancy
25015,QwenN,Neutral-CoT,2,issue_pregnancy
25015,QwenN,EI,2,issue_pregnancy
25015,QwenN,EA,2,issue_pregnancy
25015,QwenT,Neutral,1,issue_pregnancy
25015,QwenT,Neutral-CoT,1,issue_pregnancy
25015,QwenT,EI,1,issue_pregnancy
25015,QwenT,EA,1,issue_pregnancy
25038,GPT_5,Neutral,1,business_organization
25038,GPT_5,Neutral-CoT,1,business_organization
25038,GPT_5,EI,1,business_organization
25038,GPT_5,EA,1,business_organization
25038,GPT_o4,Neutral,1,business_organization
25038,GPT_o4,Neutral-CoT,1,business_organization
25038,GPT_o4,EI,1,business_organization
25038,GPT_o4,EA,1,business_organization
25038,QwenN,Neutral,1,business_organization
25038,QwenN,Neutral-CoT,1,business_organization
25038,QwenN,EI,1,business_organization
25038,QwenN,EA,1,business_organization
25038,QwenT,Neutral,1,business_organization
25038,QwenT,Neutral-CoT,1,business_organization
25038,QwenT,EI,1,business_organization
25038,QwenT,EA,1,business_organization
25109,GPT_5,Neutral,2,issue_wildlife_human_environment
25109,GPT_5,Neutral-CoT,2,issue_wildlife_human_environment
25109,GPT_5,EI,2,issue_wildlife_human_environment
25109,GPT_5,EA,2,issue_wildlife_human_environment
25109,GPT_o4,Neutral,2,issue_wildlife_human_environment
25109,GPT_o4,Neutral-CoT,2,issue_wildlife_human_environment
25109,GPT_o4,EI,2,issue_wildlife_human_environment
25109,GPT_o4,EA,2,issue_wildlife_human_environment
25109,QwenN,Neutral,2,issue_wildlife_human_environment
25109,QwenN,Neutral-CoT,2,issue_wildlife_human_environment
25109,QwenN,EI,2,issue_wildlife_human_environment
25109,QwenN,EA,2,issue_wildlife_human_environment
25109,QwenT,Neutral,2,issue_wildlife_human_environment
25109,QwenT,Neutral-CoT,2,issue_wildlife_human_environment
25109,QwenT,EI,2,issue_wildlife_human_environment
25109,QwenT,EA,2,issue_wildlife_human_environment
25137,GPT_5,Neutral,1,friend
25137,GPT_5,Neutral-CoT,1,friend
25137,GPT_5,EI,1,friend
25137,GPT_5,EA,1,friend
25137,GPT_o4,Neutral,1,friend
25137,GPT_o4,Neutral-CoT,1,friend
25137,GPT_o4,EI,1,friend
25137,GPT_o4,EA,1,friend
25137,QwenN,Neutral,1,friend
25137,QwenN,Neutral-CoT,1,friend
25137,QwenN,EI,1,friend
25137,QwenN,EA,1,friend
25137,QwenT,Neutral,1,friend
25137,QwenT,Neutral-CoT,1,friend
25137,QwenT,EI,1,friend
25137,QwenT,EA,1,friend
25155,GPT_5,Neutral,1,issue_personal_career
25155,GPT_5,Neutral-CoT,1,issue_personal_career
25155,GPT_5,EI,1,issue_personal_career
25155,GPT_5,EA,1,issue_personal_career
25155,GPT_o4,Neutral,1,issue_personal_career
25155,GPT_o4,Neutral-CoT,1,issue_personal_career
25155,GPT_o4,EI,1,issue_personal_career
25155,GPT_o4,EA,1,issue_personal_career
25155,QwenN,Neutral,1,issue_personal_career
25155,QwenN,Neutral-CoT,1,issue_personal_career
25155,QwenN,EI,1,issue_personal_career
25155,QwenN,EA,1,issue_personal_career
25155,QwenT,Neutral,1,issue_personal_career
25155,QwenT,Neutral-CoT,1,issue_personal_career
25155,QwenT,EI,2,issue_personal_career
25155,QwenT,EA,1,issue_personal_career
25239,GPT_5,Neutral,2,comitted_relationship
25239,GPT_5,Neutral-CoT,2,comitted_relationship
25239,GPT_5,EI,2,comitted_relationship
25239,GPT_5,EA,2,comitted_relationship
25239,GPT_o4,Neutral,2,comitted_relationship
25239,GPT_o4,Neutral-CoT,2,comitted_relationship
25239,GPT_o4,EI,2,comitted_relationship
25239,GPT_o4,EA,2,comitted_relationship
25239,QwenN,Neutral,2,comitted_relationship
25239,QwenN,Neutral-CoT,2,comitted_relationship
25239,QwenN,EI,2,comitted_relationship
25239,QwenN,EA,2,comitted_relationship
25239,QwenT,Neutral,2,comitted_relationship
25239,QwenT,Neutral-CoT,2,comitted_relationship
25239,QwenT,EI,2,comitted_relationship
25239,QwenT,EA,2,comitted_relationship
25270,GPT_5,Neutral,1,workplace
25270,GPT_5,Neutral-CoT,1,workplace
25270,GPT_5,EI,1,workplace
25270,GPT_5,EA,1,workplace
25270,GPT_o4,Neutral,1,workplace
25270,GPT_o4,Neutral-CoT,1,workplace
25270,GPT_o4,EI,1,workplace
25270,GPT_o4,EA,1,workplace
25270,QwenN,Neutral,1,workplace
25270,QwenN,Neutral-CoT,1,workplace
25270,QwenN,EI,1,workplace
25270,QwenN,EA,1,workplace
25270,QwenT,Neutral,1,workplace
25270,QwenT,Neutral-CoT,1,workplace
25270,QwenT,EI,1,workplace
25270,QwenT,EA,1,workplace
25302,GPT_5,Neutral,2,friend
25302,GPT_5,Neutral-CoT,2,friend
25302,GPT_5,EI,2,friend
25302,GPT_5,EA,2,friend
25302,GPT_o4,Neutral,2,friend
25302,GPT_o4,Neutral-CoT,2,friend
25302,GPT_o4,EI,2,friend
25302,GPT_o4,EA,2,friend
25302,QwenN,Neutral,2,friend
25302,QwenN,Neutral-CoT,2,friend
25302,QwenN,EI,2,friend
25302,QwenN,EA,2,friend
25302,QwenT,Neutral,2,friend
25302,QwenT,Neutral-CoT,2,friend
25302,QwenT,EI,2,friend
25302,QwenT,EA,2,friend
25337,GPT_5,Neutral,1,comitted_relationship
25337,GPT_5,Neutral-CoT,1,comitted_relationship
25337,GPT_5,EI,1,comitted_relationship
25337,GPT_5,EA,1,comitted_relationship
25337,GPT_o4,Neutral,1,comitted_relationship
25337,GPT_o4,Neutral-CoT,1,comitted_relationship
25337,GPT_o4,EI,1,comitted_relationship
25337,GPT_o4,EA,1,comitted_relationship
25337,QwenN,Neutral,1,comitted_relationship
25337,QwenN,Neutral-CoT,1,comitted_relationship
25337,QwenN,EI,1,comitted_relationship
25337,QwenN,EA,1,comitted_relationship
25337,QwenT,Neutral,1,comitted_relationship
25337,QwenT,Neutral-CoT,1,comitted_relationship
25337,QwenT,EI,1,comitted_relationship
25337,QwenT,EA,1,comitted_relationship
25348,GPT_5,Neutral,1,role_duty_responsibility
25348,GPT_5,Neutral-CoT,1,role_duty_responsibility
25348,GPT_5,EI,1,role_duty_responsibility
25348,GPT_5,EA,1,role_duty_responsibility
25348,GPT_o4,Neutral,1,role_duty_responsibility
25348,GPT_o4,Neutral-CoT,1,role_duty_responsibility
25348,GPT_o4,EI,1,role_duty_responsibility
25348,GPT_o4,EA,1,role_duty_responsibility
25348,QwenN,Neutral,1,role_duty_responsibility
25348,QwenN,Neutral-CoT,1,role_duty_responsibility
25348,QwenN,EI,1,role_duty_responsibility
25348,QwenN,EA,1,role_duty_responsibility
25348,QwenT,Neutral,1,role_duty_responsibility
25348,QwenT,Neutral-CoT,1,role_duty_responsibility
25348,QwenT,EI,1,role_duty_responsibility
25348,QwenT,EA,1,role_duty_responsibility
25369,GPT_5,Neutral,2,issue_wildlife_human_environment
25369,GPT_5,Neutral-CoT,2,issue_wildlife_human_environment
25369,GPT_5,EI,2,issue_wildlife_human_environment
25369,GPT_5,EA,2,issue_wildlife_human_environment
25369,GPT_o4,Neutral,2,issue_wildlife_human_environment
25369,GPT_o4,Neutral-CoT,2,issue_wildlife_human_environment
25369,GPT_o4,EI,2,issue_wildlife_human_environment
25369,GPT_o4,EA,2,issue_wildlife_human_environment
25369,QwenN,Neutral,2,issue_wildlife_human_environment
25369,QwenN,Neutral-CoT,2,issue_wildlife_human_environment
25369,QwenN,EI,2,issue_wildlife_human_environment
25369,QwenN,EA,2,issue_wildlife_human_environment
25369,QwenT,Neutral,2,issue_wildlife_human_environment
25369,QwenT,Neutral-CoT,2,issue_wildlife_human_environment
25369,QwenT,EI,2,issue_wildlife_human_environment
25369,QwenT,EA,2,issue_wildlife_human_environment
25380,GPT_5,Neutral,1,family
25380,GPT_5,Neutral-CoT,1,family
25380,GPT_5,EI,1,family
25380,GPT_5,EA,1,family
25380,GPT_o4,Neutral,1,family
25380,GPT_o4,Neutral-CoT,1,family
25380,GPT_o4,EI,1,family
25380,GPT_o4,EA,1,family
25380,QwenN,Neutral,1,family
25380,QwenN,Neutral-CoT,1,family
25380,QwenN,EI,2,family
25380,QwenN,EA,1,family
25380,QwenT,Neutral,2,family
25380,QwenT,Neutral-CoT,2,family
25380,QwenT,EI,2,family
25380,QwenT,EA,1,family
25416,GPT_5,Neutral,1,issue_pregnancy
25416,GPT_5,Neutral-CoT,1,issue_pregnancy
25416,GPT_5,EI,1,issue_pregnancy
25416,GPT_5,EA,1,issue_pregnancy
25416,GPT_o4,Neutral,1,issue_pregnancy
25416,GPT_o4,Neutral-CoT,1,issue_pregnancy
25416,GPT_o4,EI,1,issue_pregnancy
25416,GPT_o4,EA,1,issue_pregnancy
25416,QwenN,Neutral,1,issue_pregnancy
25416,QwenN,Neutral-CoT,1,issue_pregnancy
25416,QwenN,EI,1,issue_pregnancy
25416,QwenN,EA,1,issue_pregnancy
25416,QwenT,Neutral,1,issue_pregnancy
25416,QwenT,Neutral-CoT,1,issue_pregnancy
25416,QwenT,EI,2,issue_pregnancy
25416,QwenT,EA,1,issue_pregnancy
25435,GPT_5,Neutral,1,issue_crime_addiction
25435,GPT_5,Neutral-CoT,1,issue_crime_addiction
25435,GPT_5,EI,1,issue_crime_addiction
25435,GPT_5,EA,1,issue_crime_addiction
25435,GPT_o4,Neutral,1,issue_crime_addiction
25435,GPT_o4,Neutral-CoT,1,issue_crime_addiction
25435,GPT_o4,EI,1,issue_crime_addiction
25435,GPT_o4,EA,1,issue_crime_addiction
25435,QwenN,Neutral,1,issue_crime_addiction
25435,QwenN,Neutral-CoT,1,issue_crime_addiction
25435,QwenN,EI,1,issue_crime_addiction
25435,QwenN,EA,1,issue_crime_addiction
25435,QwenT,Neutral,1,issue_crime_addiction
25435,QwenT,Neutral-CoT,1,issue_crime_addiction
25435,QwenT,EI,1,issue_crime_addiction
25435,QwenT,EA,1,issue_crime_addiction
25447,GPT_5,Neutral,1,issue_personal_career
25447,GPT_5,Neutral-CoT,1,issue_personal_career
25447,GPT_5,EI,1,issue_personal_career
25447,GPT_5,EA,1,issue_personal_career
25447,GPT_o4,Neutral,1,issue_personal_career
25447,GPT_o4,Neutral-CoT,1,issue_personal_career
25447,GPT_o4,EI,1,issue_personal_career
25447,GPT_o4,EA,1,issue_personal_career
25447,QwenN,Neutral,2,issue_personal_career
25447,QwenN,Neutral-CoT,2,issue_personal_career
25447,QwenN,EI,2,issue_personal_career
25447,QwenN,EA,2,issue_personal_career
25447,QwenT,Neutral,1,issue_personal_career
25447,QwenT,Neutral-CoT,1,issue_personal_career
25447,QwenT,EI,1,issue_personal_career
25447,QwenT,EA,1,issue_personal_career
25448,GPT_5,Neutral,2,school
25448,GPT_5,Neutral-CoT,2,school
25448,GPT_5,EI,2,school
25448,GPT_5,EA,2,school
25448,GPT_o4,Neutral,2,school
25448,GPT_o4,Neutral-CoT,2,school
25448,GPT_o4,EI,2,school
25448,GPT_o4,EA,2,school
25448,QwenN,Neutral,2,school
25448,QwenN,Neutral-CoT,2,school
25448,QwenN,EI,2,school
25448,QwenN,EA,2,school
25448,QwenT,Neutral,2,school
25448,QwenT,Neutral-CoT,2,school
25448,QwenT,EI,2,school
25448,QwenT,EA,2,school
25471,GPT_5,Neutral,2,business_organization
25471,GPT_5,Neutral-CoT,2,business_organization
25471,GPT_5,EI,2,business_organization
25471,GPT_5,EA,2,business_organization
25471,GPT_o4,Neutral,2,business_organization
25471,GPT_o4,Neutral-CoT,2,business_organization
25471,GPT_o4,EI,2,business_organization
25471,GPT_o4,EA,2,business_organization
25471,QwenN,Neutral,2,business_organization
25471,QwenN,Neutral-CoT,2,business_organization
25471,QwenN,EI,2,business_organization
25471,QwenN,EA,2,business_organization
25471,QwenT,Neutral,1,business_organization
25471,QwenT,Neutral-CoT,1,business_organization
25471,QwenT,EI,2,business_organization
25471,QwenT,EA,2,business_organization
25523,GPT_5,Neutral,2,school
25523,GPT_5,Neutral-CoT,2,school
25523,GPT_5,EI,2,school
25523,GPT_5,EA,2,school
25523,GPT_o4,Neutral,2,school
25523,GPT_o4,Neutral-CoT,2,school
25523,GPT_o4,EI,2,school
25523,GPT_o4,EA,2,school
25523,QwenN,Neutral,2,school
25523,QwenN,Neutral-CoT,2,school
25523,QwenN,EI,2,school
25523,QwenN,EA,2,school
25523,QwenT,Neutral,2,school
25523,QwenT,Neutral-CoT,2,school
25523,QwenT,EI,1,school
25523,QwenT,EA,2,school
25591,GPT_5,Neutral,1,issue_young_people
25591,GPT_5,Neutral-CoT,1,issue_young_people
25591,GPT_5,EI,1,issue_young_people
25591,GPT_5,EA,1,issue_young_people
25591,GPT_o4,Neutral,1,issue_young_people
25591,GPT_o4,Neutral-CoT,1,issue_young_people
25591,GPT_o4,EI,1,issue_young_people
25591,GPT_o4,EA,1,issue_young_people
25591,QwenN,Neutral,1,issue_young_people
25591,QwenN,Neutral-CoT,1,issue_young_people
25591,QwenN,EI,1,issue_young_people
25591,QwenN,EA,1,issue_young_people
25591,QwenT,Neutral,1,issue_young_people
25591,QwenT,Neutral-CoT,1,issue_young_people
25591,QwenT,EI,1,issue_young_people
25591,QwenT,EA,1,issue_young_people
25650,GPT_5,Neutral,1,issue_personal_career
25650,GPT_5,Neutral-CoT,1,issue_personal_career
25650,GPT_5,EI,1,issue_personal_career
25650,GPT_5,EA,1,issue_personal_career
25650,GPT_o4,Neutral,1,issue_personal_career
25650,GPT_o4,Neutral-CoT,1,issue_personal_career
25650,GPT_o4,EI,1,issue_personal_career
25650,GPT_o4,EA,1,issue_personal_career
25650,QwenN,Neutral,1,issue_personal_career
25650,QwenN,Neutral-CoT,1,issue_personal_career
25650,QwenN,EI,1,issue_personal_career
25650,QwenN,EA,1,issue_personal_career
25650,QwenT,Neutral,1,issue_personal_career
25650,QwenT,Neutral-CoT,1,issue_personal_career
25650,QwenT,EI,1,issue_personal_career
25650,QwenT,EA,1,issue_personal_career
25690,GPT_5,Neutral,1,family
25690,GPT_5,Neutral-CoT,1,family
25690,GPT_5,EI,1,family
25690,GPT_5,EA,1,family
25690,GPT_o4,Neutral,1,family
25690,GPT_o4,Neutral-CoT,1,family
25690,GPT_o4,EI,1,family
25690,GPT_o4,EA,1,family
25690,QwenN,Neutral,1,family
25690,QwenN,Neutral-CoT,1,family
25690,QwenN,EI,1,family
25690,QwenN,EA,1,family
25690,QwenT,Neutral,1,family
25690,QwenT,Neutral-CoT,1,family
25690,QwenT,EI,1,family
25690,QwenT,EA,1,family
25698,GPT_5,Neutral,2,issue_crime_addiction
25698,GPT_5,Neutral-CoT,2,issue_crime_addiction
25698,GPT_5,EI,1,issue_crime_addiction
25698,GPT_5,EA,2,issue_crime_addiction
25698,GPT_o4,Neutral,1,issue_crime_addiction
25698,GPT_o4,Neutral-CoT,1,issue_crime_addiction
25698,GPT_o4,EI,1,issue_crime_addiction
25698,GPT_o4,EA,1,issue_crime_addiction
25698,QwenN,Neutral,2,issue_crime_addiction
25698,QwenN,Neutral-CoT,2,issue_crime_addiction
25698,QwenN,EI,2,issue_crime_addiction
25698,QwenN,EA,2,issue_crime_addiction
25698,QwenT,Neutral,2,issue_crime_addiction
25698,QwenT,Neutral-CoT,2,issue_crime_addiction
25698,QwenT,EI,2,issue_crime_addiction
25698,QwenT,EA,2,issue_crime_addiction
25856,GPT_5,Neutral,1,issue_self_image_social
25856,GPT_5,Neutral-CoT,1,issue_self_image_social
25856,GPT_5,EI,1,issue_self_image_social
25856,GPT_5,EA,1,issue_self_image_social
25856,GPT_o4,Neutral,1,issue_self_image_social
25856,GPT_o4,Neutral-CoT,1,issue_self_image_social
25856,GPT_o4,EI,1,issue_self_image_social
25856,GPT_o4,EA,1,issue_self_image_social
25856,QwenN,Neutral,1,issue_self_image_social
25856,QwenN,Neutral-CoT,1,issue_self_image_social
25856,QwenN,EI,1,issue_self_image_social
25856,QwenN,EA,1,issue_self_image_social
25856,QwenT,Neutral,1,issue_self_image_social
25856,QwenT,Neutral-CoT,1,issue_self_image_social
25856,QwenT,EI,1,issue_self_image_social
25856,QwenT,EA,1,issue_self_image_social
25868,GPT_5,Neutral,1,business_organization
25868,GPT_5,Neutral-CoT,1,business_organization
25868,GPT_5,EI,2,business_organization
25868,GPT_5,EA,1,business_organization
25868,GPT_o4,Neutral,1,business_organization
25868,GPT_o4,Neutral-CoT,1,business_organization
25868,GPT_o4,EI,2,business_organization
25868,GPT_o4,EA,1,business_organization
25868,QwenN,Neutral,1,business_organization
25868,QwenN,Neutral-CoT,1,business_organization
25868,QwenN,EI,2,business_organization
25868,QwenN,EA,1,business_organization
25868,QwenT,Neutral,1,business_organization
25868,QwenT,Neutral-CoT,1,business_organization
25868,QwenT,EI,2,business_organization
25868,QwenT,EA,1,business_organization
25990,GPT_5,Neutral,2,issue_wildlife_human_environment
25990,GPT_5,Neutral-CoT,2,issue_wildlife_human_environment
25990,GPT_5,EI,2,issue_wildlife_human_environment
25990,GPT_5,EA,2,issue_wildlife_human_environment
25990,GPT_o4,Neutral,2,issue_wildlife_human_environment
25990,GPT_o4,Neutral-CoT,2,issue_wildlife_human_environment
25990,GPT_o4,EI,2,issue_wildlife_human_environment
25990,GPT_o4,EA,2,issue_wildlife_human_environment
25990,QwenN,Neutral,2,issue_wildlife_human_environment
25990,QwenN,Neutral-CoT,2,issue_wildlife_human_environment
25990,QwenN,EI,2,issue_wildlife_human_environment
25990,QwenN,EA,2,issue_wildlife_human_environment
25990,QwenT,Neutral,2,issue_wildlife_human_environment
25990,QwenT,Neutral-CoT,2,issue_wildlife_human_environment
25990,QwenT,EI,2,issue_wildlife_human_environment
25990,QwenT,EA,2,issue_wildlife_human_environment
26032,GPT_5,Neutral,1,business_organization
26032,GPT_5,Neutral-CoT,1,business_organization
26032,GPT_5,EI,1,business_organization
26032,GPT_5,EA,1,business_organization
26032,GPT_o4,Neutral,1,business_organization
26032,GPT_o4,Neutral-CoT,1,business_organization
26032,GPT_o4,EI,1,business_organization
26032,GPT_o4,EA,1,business_organization
26032,QwenN,Neutral,1,business_organization
26032,QwenN,Neutral-CoT,1,business_organization
26032,QwenN,EI,1,business_organization
26032,QwenN,EA,1,business_organization
26032,QwenT,Neutral,1,business_organization
26032,QwenT,Neutral-CoT,1,business_organization
26032,QwenT,EI,1,business_organization
26032,QwenT,EA,1,business_organization
26129,GPT_5,Neutral,2,school
26129,GPT_5,Neutral-CoT,2,school
26129,GPT_5,EI,2,school
26129,GPT_5,EA,2,school
26129,GPT_o4,Neutral,2,school
26129,GPT_o4,Neutral-CoT,2,school
26129,GPT_o4,EI,2,school
26129,GPT_o4,EA,2,school
26129,QwenN,Neutral,2,school
26129,QwenN,Neutral-CoT,2,school
26129,QwenN,EI,2,school
26129,QwenN,EA,2,school
26129,QwenT,Neutral,2,school
26129,QwenT,Neutral-CoT,2,school
26129,QwenT,EI,1,school
26129,QwenT,EA,2,school
26161,GPT_5,Neutral,2,issue_wildlife_human_environment
26161,GPT_5,Neutral-CoT,2,issue_wildlife_human_environment
26161,GPT_5,EI,1,issue_wildlife_human_environment
26161,GPT_5,EA,2,issue_wildlife_human_environment
26161,GPT_o4,Neutral,2,issue_wildlife_human_environment
26161,GPT_o4,Neutral-CoT,2,issue_wildlife_human_environment
26161,GPT_o4,EI,2,issue_wildlife_human_environment
26161,GPT_o4,EA,2,issue_wildlife_human_environment
26161,QwenN,Neutral,2,issue_wildlife_human_environment
26161,QwenN,Neutral-CoT,2,issue_wildlife_human_environment
26161,QwenN,EI,2,issue_wildlife_human_environment
26161,QwenN,EA,2,issue_wildlife_human_environment
26161,QwenT,Neutral,2,issue_wildlife_human_environment
26161,QwenT,Neutral-CoT,2,issue_wildlife_human_environment
26161,QwenT,EI,2,issue_wildlife_human_environment
26161,QwenT,EA,2,issue_wildlife_human_environment
26178,GPT_5,Neutral,2,close_relationship
26178,GPT_5,Neutral-CoT,2,close_relationship
26178,GPT_5,EI,2,close_relationship
26178,GPT_5,EA,2,close_relationship
26178,GPT_o4,Neutral,1,close_relationship
26178,GPT_o4,Neutral-CoT,1,close_relationship
26178,GPT_o4,EI,1,close_relationship
26178,GPT_o4,EA,1,close_relationship
26178,QwenN,Neutral,2,close_relationship
26178,QwenN,Neutral-CoT,2,close_relationship
26178,QwenN,EI,2,close_relationship
26178,QwenN,EA,2,close_relationship
26178,QwenT,Neutral,2,close_relationship
26178,QwenT,Neutral-CoT,2,close_relationship
26178,QwenT,EI,2,close_relationship
26178,QwenT,EA,2,close_relationship
26211,GPT_5,Neutral,2,school
26211,GPT_5,Neutral-CoT,2,school
26211,GPT_5,EI,2,school
26211,GPT_5,EA,2,school
26211,GPT_o4,Neutral,2,school
26211,GPT_o4,Neutral-CoT,2,school
26211,GPT_o4,EI,2,school
26211,GPT_o4,EA,2,school
26211,QwenN,Neutral,2,school
26211,QwenN,Neutral-CoT,2,school
26211,QwenN,EI,2,school
26211,QwenN,EA,2,school
26211,QwenT,Neutral,2,school
26211,QwenT,Neutral-CoT,2,school
26211,QwenT,EI,2,school
26211,QwenT,EA,2,school
26281,GPT_5,Neutral,2,religion_custom
26281,GPT_5,Neutral-CoT,2,religion_custom
26281,GPT_5,EI,1,religion_custom
26281,GPT_5,EA,2,religion_custom
26281,GPT_o4,Neutral,2,religion_custom
26281,GPT_o4,Neutral-CoT,1,religion_custom
26281,GPT_o4,EI,1,religion_custom
26281,GPT_o4,EA,2,religion_custom
26281,QwenN,Neutral,2,religion_custom
26281,QwenN,Neutral-CoT,2,religion_custom
26281,QwenN,EI,1,religion_custom
26281,QwenN,EA,2,religion_custom
26281,QwenT,Neutral,2,religion_custom
26281,QwenT,Neutral-CoT,2,religion_custom
26281,QwenT,EI,1,religion_custom
26281,QwenT,EA,1,religion_custom
26287,GPT_5,Neutral,2,issue_personal_career
26287,GPT_5,Neutral-CoT,2,issue_personal_career
26287,GPT_5,EI,2,issue_personal_career
26287,GPT_5,EA,2,issue_personal_career
26287,GPT_o4,Neutral,2,issue_personal_career
26287,GPT_o4,Neutral-CoT,2,issue_personal_career
26287,GPT_o4,EI,2,issue_personal_career
26287,GPT_o4,EA,2,issue_personal_career
26287,QwenN,Neutral,2,issue_personal_career
26287,QwenN,Neutral-CoT,2,issue_personal_career
26287,QwenN,EI,2,issue_personal_career
26287,QwenN,EA,2,issue_personal_career
26287,QwenT,Neutral,2,issue_personal_career
26287,QwenT,Neutral-CoT,2,issue_personal_career
26287,QwenT,EI,2,issue_personal_career
26287,QwenT,EA,2,issue_personal_career
26292,GPT_5,Neutral,1,workplace
26292,GPT_5,Neutral-CoT,1,workplace
26292,GPT_5,EI,1,workplace
26292,GPT_5,EA,1,workplace
26292,GPT_o4,Neutral,1,workplace
26292,GPT_o4,Neutral-CoT,1,workplace
26292,GPT_o4,EI,2,workplace
26292,GPT_o4,EA,1,workplace
26292,QwenN,Neutral,1,workplace
26292,QwenN,Neutral-CoT,1,workplace
26292,QwenN,EI,1,workplace
26292,QwenN,EA,1,workplace
26292,QwenT,Neutral,1,workplace
26292,QwenT,Neutral-CoT,1,workplace
26292,QwenT,EI,1,workplace
26292,QwenT,EA,1,workplace
26302,GPT_5,Neutral,1,religion_custom
26302,GPT_5,Neutral-CoT,1,religion_custom
26302,GPT_5,EI,1,religion_custom
26302,GPT_5,EA,1,religion_custom
26302,GPT_o4,Neutral,1,religion_custom
26302,GPT_o4,Neutral-CoT,1,religion_custom
26302,GPT_o4,EI,1,religion_custom
26302,GPT_o4,EA,1,religion_custom
26302,QwenN,Neutral,1,religion_custom
26302,QwenN,Neutral-CoT,1,religion_custom
26302,QwenN,EI,1,religion_custom
26302,QwenN,EA,1,religion_custom
26302,QwenT,Neutral,1,religion_custom
26302,QwenT,Neutral-CoT,1,religion_custom
26302,QwenT,EI,1,religion_custom
26302,QwenT,EA,1,religion_custom
26321,GPT_5,Neutral,2,issue_pregnancy
26321,GPT_5,Neutral-CoT,2,issue_pregnancy
26321,GPT_5,EI,2,issue_pregnancy
26321,GPT_5,EA,2,issue_pregnancy
26321,GPT_o4,Neutral,2,issue_pregnancy
26321,GPT_o4,Neutral-CoT,2,issue_pregnancy
26321,GPT_o4,EI,2,issue_pregnancy
26321,GPT_o4,EA,2,issue_pregnancy
26321,QwenN,Neutral,2,issue_pregnancy
26321,QwenN,Neutral-CoT,2,issue_pregnancy
26321,QwenN,EI,2,issue_pregnancy
26321,QwenN,EA,2,issue_pregnancy
26321,QwenT,Neutral,2,issue_pregnancy
26321,QwenT,Neutral-CoT,2,issue_pregnancy
26321,QwenT,EI,2,issue_pregnancy
26321,QwenT,EA,2,issue_pregnancy
26337,GPT_5,Neutral,1,religion_custom
26337,GPT_5,Neutral-CoT,1,religion_custom
26337,GPT_5,EI,1,religion_custom
26337,GPT_5,EA,1,religion_custom
26337,GPT_o4,Neutral,1,religion_custom
26337,GPT_o4,Neutral-CoT,1,religion_custom
26337,GPT_o4,EI,1,religion_custom
26337,GPT_o4,EA,1,religion_custom
26337,QwenN,Neutral,1,religion_custom
26337,QwenN,Neutral-CoT,1,religion_custom
26337,QwenN,EI,1,religion_custom
26337,QwenN,EA,1,religion_custom
26337,QwenT,Neutral,1,religion_custom
26337,QwenT,Neutral-CoT,1,religion_custom
26337,QwenT,EI,1,religion_custom
26337,QwenT,EA,1,religion_custom
26345,GPT_5,Neutral,2,event_daily_life
26345,GPT_5,Neutral-CoT,2,event_daily_life
26345,GPT_5,EI,2,event_daily_life
26345,GPT_5,EA,2,event_daily_life
26345,GPT_o4,Neutral,2,event_daily_life
26345,GPT_o4,Neutral-CoT,2,event_daily_life
26345,GPT_o4,EI,2,event_daily_life
26345,GPT_o4,EA,2,event_daily_life
26345,QwenN,Neutral,2,event_daily_life
26345,QwenN,Neutral-CoT,2,event_daily_life
26345,QwenN,EI,2,event_daily_life
26345,QwenN,EA,2,event_daily_life
26345,QwenT,Neutral,2,event_daily_life
26345,QwenT,Neutral-CoT,2,event_daily_life
26345,QwenT,EI,2,event_daily_life
26345,QwenT,EA,2,event_daily_life
26480,GPT_5,Neutral,2,close_relationship
26480,GPT_5,Neutral-CoT,2,close_relationship
26480,GPT_5,EI,2,close_relationship
26480,GPT_5,EA,2,close_relationship
26480,GPT_o4,Neutral,2,close_relationship
26480,GPT_o4,Neutral-CoT,2,close_relationship
26480,GPT_o4,EI,2,close_relationship
26480,GPT_o4,EA,2,close_relationship
26480,QwenN,Neutral,2,close_relationship
26480,QwenN,Neutral-CoT,2,close_relationship
26480,QwenN,EI,2,close_relationship
26480,QwenN,EA,2,close_relationship
26480,QwenT,Neutral,2,close_relationship
26480,QwenT,Neutral-CoT,2,close_relationship
26480,QwenT,EI,2,close_relationship
26480,QwenT,EA,2,close_relationship
26492,GPT_5,Neutral,2,event_special
26492,GPT_5,Neutral-CoT,2,event_special
26492,GPT_5,EI,2,event_special
26492,GPT_5,EA,2,event_special
26492,GPT_o4,Neutral,2,event_special
26492,GPT_o4,Neutral-CoT,2,event_special
26492,GPT_o4,EI,2,event_special
26492,GPT_o4,EA,2,event_special
26492,QwenN,Neutral,2,event_special
26492,QwenN,Neutral-CoT,2,event_special
26492,QwenN,EI,2,event_special
26492,QwenN,EA,2,event_special
26492,QwenT,Neutral,2,event_special
26492,QwenT,Neutral-CoT,2,event_special
26492,QwenT,EI,2,event_special
26492,QwenT,EA,2,event_special
26528,GPT_5,Neutral,1,school
26528,GPT_5,Neutral-CoT,1,school
26528,GPT_5,EI,1,school
26528,GPT_5,EA,1,school
26528,GPT_o4,Neutral,1,school
26528,GPT_o4,Neutral-CoT,1,school
26528,GPT_o4,EI,1,school
26528,GPT_o4,EA,1,school
26528,QwenN,Neutral,1,school
26528,QwenN,Neutral-CoT,1,school
26528,QwenN,EI,1,school
26528,QwenN,EA,1,school
26528,QwenT,Neutral,1,school
26528,QwenT,Neutral-CoT,1,school
26528,QwenT,EI,1,school
26528,QwenT,EA,1,school
26546,GPT_5,Neutral,1,issue_pregnancy
26546,GPT_5,Neutral-CoT,1,issue_pregnancy
26546,GPT_5,EI,1,issue_pregnancy
26546,GPT_5,EA,1,issue_pregnancy
26546,GPT_o4,Neutral,1,issue_pregnancy
26546,GPT_o4,Neutral-CoT,1,issue_pregnancy
26546,GPT_o4,EI,1,issue_pregnancy
26546,GPT_o4,EA,1,issue_pregnancy
26546,QwenN,Neutral,1,issue_pregnancy
26546,QwenN,Neutral-CoT,1,issue_pregnancy
26546,QwenN,EI,1,issue_pregnancy
26546,QwenN,EA,1,issue_pregnancy
26546,QwenT,Neutral,1,issue_pregnancy
26546,QwenT,Neutral-CoT,1,issue_pregnancy
26546,QwenT,EI,1,issue_pregnancy
26546,QwenT,EA,1,issue_pregnancy
26556,GPT_5,Neutral,1,role_duty_responsibility
26556,GPT_5,Neutral-CoT,1,role_duty_responsibility
26556,GPT_5,EI,1,role_duty_responsibility
26556,GPT_5,EA,1,role_duty_responsibility
26556,GPT_o4,Neutral,1,role_duty_responsibility
26556,GPT_o4,Neutral-CoT,1,role_duty_responsibility
26556,GPT_o4,EI,1,role_duty_responsibility
26556,GPT_o4,EA,1,role_duty_responsibility
26556,QwenN,Neutral,1,role_duty_responsibility
26556,QwenN,Neutral-CoT,1,role_duty_responsibility
26556,QwenN,EI,1,role_duty_responsibility
26556,QwenN,EA,1,role_duty_responsibility
26556,QwenT,Neutral,1,role_duty_responsibility
26556,QwenT,Neutral-CoT,1,role_duty_responsibility
26556,QwenT,EI,1,role_duty_responsibility
26556,QwenT,EA,1,role_duty_responsibility
26575,GPT_5,Neutral,2,issue_personal_career
26575,GPT_5,Neutral-CoT,2,issue_personal_career
26575,GPT_5,EI,2,issue_personal_career
26575,GPT_5,EA,2,issue_personal_career
26575,GPT_o4,Neutral,2,issue_personal_career
26575,GPT_o4,Neutral-CoT,2,issue_personal_career
26575,GPT_o4,EI,2,issue_personal_career
26575,GPT_o4,EA,2,issue_personal_career
26575,QwenN,Neutral,2,issue_personal_career
26575,QwenN,Neutral-CoT,2,issue_personal_career
26575,QwenN,EI,2,issue_personal_career
26575,QwenN,EA,2,issue_personal_career
26575,QwenT,Neutral,2,issue_personal_career
26575,QwenT,Neutral-CoT,2,issue_personal_career
26575,QwenT,EI,2,issue_personal_career
26575,QwenT,EA,2,issue_personal_career
26678,GPT_5,Neutral,2,issue_pregnancy
26678,GPT_5,Neutral-CoT,2,issue_pregnancy
26678,GPT_5,EI,2,issue_pregnancy
26678,GPT_5,EA,2,issue_pregnancy
26678,GPT_o4,Neutral,2,issue_pregnancy
26678,GPT_o4,Neutral-CoT,2,issue_pregnancy
26678,GPT_o4,EI,2,issue_pregnancy
26678,GPT_o4,EA,2,issue_pregnancy
26678,QwenN,Neutral,2,issue_pregnancy
26678,QwenN,Neutral-CoT,2,issue_pregnancy
26678,QwenN,EI,2,issue_pregnancy
26678,QwenN,EA,2,issue_pregnancy
26678,QwenT,Neutral,2,issue_pregnancy
26678,QwenT,Neutral-CoT,2,issue_pregnancy
26678,QwenT,EI,2,issue_pregnancy
26678,QwenT,EA,2,issue_pregnancy
26714,GPT_5,Neutral,2,family
26714,GPT_5,Neutral-CoT,2,family
26714,GPT_5,EI,2,family
26714,GPT_5,EA,2,family
26714,GPT_o4,Neutral,2,family
26714,GPT_o4,Neutral-CoT,2,family
26714,GPT_o4,EI,2,family
26714,GPT_o4,EA,2,family
26714,QwenN,Neutral,2,family
26714,QwenN,Neutral-CoT,2,family
26714,QwenN,EI,2,family
26714,QwenN,EA,2,family
26714,QwenT,Neutral,2,family
26714,QwenT,Neutral-CoT,2,family
26714,QwenT,EI,2,family
26714,QwenT,EA,2,family
26831,GPT_5,Neutral,1,issue_crime_addiction
26831,GPT_5,Neutral-CoT,1,issue_crime_addiction
26831,GPT_5,EI,1,issue_crime_addiction
26831,GPT_5,EA,1,issue_crime_addiction
26831,GPT_o4,Neutral,1,issue_crime_addiction
26831,GPT_o4,Neutral-CoT,1,issue_crime_addiction
26831,GPT_o4,EI,1,issue_crime_addiction
26831,GPT_o4,EA,1,issue_crime_addiction
26831,QwenN,Neutral,1,issue_crime_addiction
26831,QwenN,Neutral-CoT,1,issue_crime_addiction
26831,QwenN,EI,1,issue_crime_addiction
26831,QwenN,EA,1,issue_crime_addiction
26831,QwenT,Neutral,1,issue_crime_addiction
26831,QwenT,Neutral-CoT,1,issue_crime_addiction
26831,QwenT,EI,1,issue_crime_addiction
26831,QwenT,EA,1,issue_crime_addiction
26865,GPT_5,Neutral,2,issue_personal_career
26865,GPT_5,Neutral-CoT,2,issue_personal_career
26865,GPT_5,EI,2,issue_personal_career
26865,GPT_5,EA,2,issue_personal_career
26865,GPT_o4,Neutral,2,issue_personal_career
26865,GPT_o4,Neutral-CoT,2,issue_personal_career
26865,GPT_o4,EI,2,issue_personal_career
26865,GPT_o4,EA,2,issue_personal_career
26865,QwenN,Neutral,2,issue_personal_career
26865,QwenN,Neutral-CoT,2,issue_personal_career
26865,QwenN,EI,2,issue_personal_career
26865,QwenN,EA,2,issue_personal_career
26865,QwenT,Neutral,2,issue_personal_career
26865,QwenT,Neutral-CoT,2,issue_personal_career
26865,QwenT,EI,2,issue_personal_career
26865,QwenT,EA,2,issue_personal_career
26878,GPT_5,Neutral,2,event_daily_life
26878,GPT_5,Neutral-CoT,2,event_daily_life
26878,GPT_5,EI,2,event_daily_life
26878,GPT_5,EA,2,event_daily_life
26878,GPT_o4,Neutral,2,event_daily_life
26878,GPT_o4,Neutral-CoT,2,event_daily_life
26878,GPT_o4,EI,2,event_daily_life
26878,GPT_o4,EA,2,event_daily_life
26878,QwenN,Neutral,2,event_daily_life
26878,QwenN,Neutral-CoT,2,event_daily_life
26878,QwenN,EI,2,event_daily_life
26878,QwenN,EA,2,event_daily_life
26878,QwenT,Neutral,2,event_daily_life
26878,QwenT,Neutral-CoT,2,event_daily_life
26878,QwenT,EI,2,event_daily_life
26878,QwenT,EA,2,event_daily_life
26995,GPT_5,Neutral,1,issue_personal_career
26995,GPT_5,Neutral-CoT,1,issue_personal_career
26995,GPT_5,EI,1,issue_personal_career
26995,GPT_5,EA,1,issue_personal_career
26995,GPT_o4,Neutral,1,issue_personal_career
26995,GPT_o4,Neutral-CoT,1,issue_personal_career
26995,GPT_o4,EI,1,issue_personal_career
26995,GPT_o4,EA,1,issue_personal_career
26995,QwenN,Neutral,2,issue_personal_career
26995,QwenN,Neutral-CoT,2,issue_personal_career
26995,QwenN,EI,2,issue_personal_career
26995,QwenN,EA,2,issue_personal_career
26995,QwenT,Neutral,2,issue_personal_career
26995,QwenT,Neutral-CoT,2,issue_personal_career
26995,QwenT,EI,2,issue_personal_career
26995,QwenT,EA,2,issue_personal_career
27029,GPT_5,Neutral,1,family
27029,GPT_5,Neutral-CoT,2,family
27029,GPT_5,EI,2,family
27029,GPT_5,EA,2,family
27029,GPT_o4,Neutral,2,family
27029,GPT_o4,Neutral-CoT,2,family
27029,GPT_o4,EI,2,family
27029,GPT_o4,EA,2,family
27029,QwenN,Neutral,1,family
27029,QwenN,Neutral-CoT,1,family
27029,QwenN,EI,1,family
27029,QwenN,EA,2,family
27029,QwenT,Neutral,1,family
27029,QwenT,Neutral-CoT,1,family
27029,QwenT,EI,2,family
27029,QwenT,EA,1,family
27088,GPT_5,Neutral,1,family
27088,GPT_5,Neutral-CoT,1,family
27088,GPT_5,EI,1,family
27088,GPT_5,EA,1,family
27088,GPT_o4,Neutral,1,family
27088,GPT_o4,Neutral-CoT,1,family
27088,GPT_o4,EI,1,family
27088,GPT_o4,EA,1,family
27088,QwenN,Neutral,1,family
27088,QwenN,Neutral-CoT,1,family
27088,QwenN,EI,1,family
27088,QwenN,EA,1,family
27088,QwenT,Neutral,1,family
27088,QwenT,Neutral-CoT,1,family
27088,QwenT,EI,1,family
27088,QwenT,EA,1,family
27101,GPT_5,Neutral,1,issue_crime_addiction
27101,GPT_5,Neutral-CoT,1,issue_crime_addiction
27101,GPT_5,EI,1,issue_crime_addiction
27101,GPT_5,EA,1,issue_crime_addiction
27101,GPT_o4,Neutral,1,issue_crime_addiction
27101,GPT_o4,Neutral-CoT,1,issue_crime_addiction
27101,GPT_o4,EI,1,issue_crime_addiction
27101,GPT_o4,EA,1,issue_crime_addiction
27101,QwenN,Neutral,1,issue_crime_addiction
27101,QwenN,Neutral-CoT,1,issue_crime_addiction
27101,QwenN,EI,1,issue_crime_addiction
27101,QwenN,EA,1,issue_crime_addiction
27101,QwenT,Neutral,1,issue_crime_addiction
27101,QwenT,Neutral-CoT,1,issue_crime_addiction
27101,QwenT,EI,2,issue_crime_addiction
27101,QwenT,EA,1,issue_crime_addiction
27117,GPT_5,Neutral,1,school
27117,GPT_5,Neutral-CoT,1,school
27117,GPT_5,EI,1,school
27117,GPT_5,EA,1,school
27117,GPT_o4,Neutral,1,school
27117,GPT_o4,Neutral-CoT,1,school
27117,GPT_o4,EI,1,school
27117,GPT_o4,EA,1,school
27117,QwenN,Neutral,2,school
27117,QwenN,Neutral-CoT,2,school
27117,QwenN,EI,1,school
27117,QwenN,EA,1,school
27117,QwenT,Neutral,1,school
27117,QwenT,Neutral-CoT,1,school
27117,QwenT,EI,1,school
27117,QwenT,EA,1,school
27271,GPT_5,Neutral,1,issue_self_image_social
27271,GPT_5,Neutral-CoT,1,issue_self_image_social
27271,GPT_5,EI,1,issue_self_image_social
27271,GPT_5,EA,1,issue_self_image_social
27271,GPT_o4,Neutral,1,issue_self_image_social
27271,GPT_o4,Neutral-CoT,1,issue_self_image_social
27271,GPT_o4,EI,1,issue_self_image_social
27271,GPT_o4,EA,1,issue_self_image_social
27271,QwenN,Neutral,1,issue_self_image_social
27271,QwenN,Neutral-CoT,1,issue_self_image_social
27271,QwenN,EI,1,issue_self_image_social
27271,QwenN,EA,1,issue_self_image_social
27271,QwenT,Neutral,1,issue_self_image_social
27271,QwenT,Neutral-CoT,1,issue_self_image_social
27271,QwenT,EI,1,issue_self_image_social
27271,QwenT,EA,1,issue_self_image_social
27395,GPT_5,Neutral,2,workplace
27395,GPT_5,Neutral-CoT,2,workplace
27395,GPT_5,EI,2,workplace
27395,GPT_5,EA,2,workplace
27395,GPT_o4,Neutral,2,workplace
27395,GPT_o4,Neutral-CoT,2,workplace
27395,GPT_o4,EI,1,workplace
27395,GPT_o4,EA,2,workplace
27395,QwenN,Neutral,1,workplace
27395,QwenN,Neutral-CoT,2,workplace
27395,QwenN,EI,1,workplace
27395,QwenN,EA,2,workplace
27395,QwenT,Neutral,2,workplace
27395,QwenT,Neutral-CoT,2,workplace
27395,QwenT,EI,1,workplace
27395,QwenT,EA,1,workplace
27431,GPT_5,Neutral,2,workplace
27431,GPT_5,Neutral-CoT,2,workplace
27431,GPT_5,EI,2,workplace
27431,GPT_5,EA,2,workplace
27431,GPT_o4,Neutral,2,workplace
27431,GPT_o4,Neutral-CoT,2,workplace
27431,GPT_o4,EI,2,workplace
27431,GPT_o4,EA,2,workplace
27431,QwenN,Neutral,2,workplace
27431,QwenN,Neutral-CoT,2,workplace
27431,QwenN,EI,2,workplace
27431,QwenN,EA,2,workplace
27431,QwenT,Neutral,2,workplace
27431,QwenT,Neutral-CoT,2,workplace
27431,QwenT,EI,2,workplace
27431,QwenT,EA,2,workplace
27497,GPT_5,Neutral,1,workplace
27497,GPT_5,Neutral-CoT,1,workplace
27497,GPT_5,EI,1,workplace
27497,GPT_5,EA,1,workplace
27497,GPT_o4,Neutral,1,workplace
27497,GPT_o4,Neutral-CoT,1,workplace
27497,GPT_o4,EI,1,workplace
27497,GPT_o4,EA,1,workplace
27497,QwenN,Neutral,1,workplace
27497,QwenN,Neutral-CoT,1,workplace
27497,QwenN,EI,1,workplace
27497,QwenN,EA,1,workplace
27497,QwenT,Neutral,1,workplace
27497,QwenT,Neutral-CoT,1,workplace
27497,QwenT,EI,1,workplace
27497,QwenT,EA,1,workplace
27524,GPT_5,Neutral,2,friend
27524,GPT_5,Neutral-CoT,2,friend
27524,GPT_5,EI,2,friend
27524,GPT_5,EA,2,friend
27524,GPT_o4,Neutral,2,friend
27524,GPT_o4,Neutral-CoT,2,friend
27524,GPT_o4,EI,2,friend
27524,GPT_o4,EA,2,friend
27524,QwenN,Neutral,2,friend
27524,QwenN,Neutral-CoT,2,friend
27524,QwenN,EI,2,friend
27524,QwenN,EA,2,friend
27524,QwenT,Neutral,2,friend
27524,QwenT,Neutral-CoT,2,friend
27524,QwenT,EI,2,friend
27524,QwenT,EA,2,friend
27558,GPT_5,Neutral,2,issue_young_people
27558,GPT_5,Neutral-CoT,2,issue_young_people
27558,GPT_5,EI,2,issue_young_people
27558,GPT_5,EA,2,issue_young_people
27558,GPT_o4,Neutral,2,issue_young_people
27558,GPT_o4,Neutral-CoT,2,issue_young_people
27558,GPT_o4,EI,2,issue_young_people
27558,GPT_o4,EA,2,issue_young_people
27558,QwenN,Neutral,2,issue_young_people
27558,QwenN,Neutral-CoT,2,issue_young_people
27558,QwenN,EI,2,issue_young_people
27558,QwenN,EA,2,issue_young_people
27558,QwenT,Neutral,2,issue_young_people
27558,QwenT,Neutral-CoT,2,issue_young_people
27558,QwenT,EI,2,issue_young_people
27558,QwenT,EA,2,issue_young_people
27610,GPT_5,Neutral,2,family
27610,GPT_5,Neutral-CoT,1,family
27610,GPT_5,EI,1,family
27610,GPT_5,EA,1,family
27610,GPT_o4,Neutral,1,family
27610,GPT_o4,Neutral-CoT,2,family
27610,GPT_o4,EI,2,family
27610,GPT_o4,EA,1,family
27610,QwenN,Neutral,2,family
27610,QwenN,Neutral-CoT,2,family
27610,QwenN,EI,2,family
27610,QwenN,EA,2,family
27610,QwenT,Neutral,2,family
27610,QwenT,Neutral-CoT,2,family
27610,QwenT,EI,1,family
27610,QwenT,EA,1,family
27668,GPT_5,Neutral,2,close_relationship
27668,GPT_5,Neutral-CoT,2,close_relationship
27668,GPT_5,EI,2,close_relationship
27668,GPT_5,EA,2,close_relationship
27668,GPT_o4,Neutral,1,close_relationship
27668,GPT_o4,Neutral-CoT,2,close_relationship
27668,GPT_o4,EI,2,close_relationship
27668,GPT_o4,EA,1,close_relationship
27668,QwenN,Neutral,2,close_relationship
27668,QwenN,Neutral-CoT,2,close_relationship
27668,QwenN,EI,2,close_relationship
27668,QwenN,EA,2,close_relationship
27668,QwenT,Neutral,2,close_relationship
27668,QwenT,Neutral-CoT,2,close_relationship
27668,QwenT,EI,2,close_relationship
27668,QwenT,EA,2,close_relationship
27688,GPT_5,Neutral,2,comitted_relationship
27688,GPT_5,Neutral-CoT,2,comitted_relationship
27688,GPT_5,EI,2,comitted_relationship
27688,GPT_5,EA,2,comitted_relationship
27688,GPT_o4,Neutral,2,comitted_relationship
27688,GPT_o4,Neutral-CoT,2,comitted_relationship
27688,GPT_o4,EI,2,comitted_relationship
27688,GPT_o4,EA,2,comitted_relationship
27688,QwenN,Neutral,1,comitted_relationship
27688,QwenN,Neutral-CoT,1,comitted_relationship
27688,QwenN,EI,1,comitted_relationship
27688,QwenN,EA,1,comitted_relationship
27688,QwenT,Neutral,2,comitted_relationship
27688,QwenT,Neutral-CoT,2,comitted_relationship
27688,QwenT,EI,2,comitted_relationship
27688,QwenT,EA,2,comitted_relationship
27740,GPT_5,Neutral,2,issue_crime_addiction
27740,GPT_5,Neutral-CoT,2,issue_crime_addiction
27740,GPT_5,EI,2,issue_crime_addiction
27740,GPT_5,EA,2,issue_crime_addiction
27740,GPT_o4,Neutral,2,issue_crime_addiction
27740,GPT_o4,Neutral-CoT,2,issue_crime_addiction
27740,GPT_o4,EI,2,issue_crime_addiction
27740,GPT_o4,EA,,issue_crime_addiction
27740,QwenN,Neutral,2,issue_crime_addiction
27740,QwenN,Neutral-CoT,2,issue_crime_addiction
27740,QwenN,EI,2,issue_crime_addiction
27740,QwenN,EA,2,issue_crime_addiction
27740,QwenT,Neutral,2,issue_crime_addiction
27740,QwenT,Neutral-CoT,2,issue_crime_addiction
27740,QwenT,EI,2,issue_crime_addiction
27740,QwenT,EA,2,issue_crime_addiction
27786,GPT_5,Neutral,2,issue_young_people
27786,GPT_5,Neutral-CoT,2,issue_young_people
27786,GPT_5,EI,2,issue_young_people
27786,GPT_5,EA,2,issue_young_people
27786,GPT_o4,Neutral,2,issue_young_people
27786,GPT_o4,Neutral-CoT,2,issue_young_people
27786,GPT_o4,EI,2,issue_young_people
27786,GPT_o4,EA,2,issue_young_people
27786,QwenN,Neutral,2,issue_young_people
27786,QwenN,Neutral-CoT,2,issue_young_people
27786,QwenN,EI,2,issue_young_people
27786,QwenN,EA,2,issue_young_people
27786,QwenT,Neutral,2,issue_young_people
27786,QwenT,Neutral-CoT,2,issue_young_people
27786,QwenT,EI,2,issue_young_people
27786,QwenT,EA,2,issue_young_people
27828,GPT_5,Neutral,2,religion_custom
27828,GPT_5,Neutral-CoT,2,religion_custom
27828,GPT_5,EI,2,religion_custom
27828,GPT_5,EA,2,religion_custom
27828,GPT_o4,Neutral,2,religion_custom
27828,GPT_o4,Neutral-CoT,2,religion_custom
27828,GPT_o4,EI,2,religion_custom
27828,GPT_o4,EA,2,religion_custom
27828,QwenN,Neutral,2,religion_custom
27828,QwenN,Neutral-CoT,2,religion_custom
27828,QwenN,EI,2,religion_custom
27828,QwenN,EA,2,religion_custom
27828,QwenT,Neutral,2,religion_custom
27828,QwenT,Neutral-CoT,2,religion_custom
27828,QwenT,EI,2,religion_custom
27828,QwenT,EA,2,religion_custom
27904,GPT_5,Neutral,2,issue_crime_addiction
27904,GPT_5,Neutral-CoT,2,issue_crime_addiction
27904,GPT_5,EI,2,issue_crime_addiction
27904,GPT_5,EA,2,issue_crime_addiction
27904,GPT_o4,Neutral,2,issue_crime_addiction
27904,GPT_o4,Neutral-CoT,2,issue_crime_addiction
27904,GPT_o4,EI,2,issue_crime_addiction
27904,GPT_o4,EA,2,issue_crime_addiction
27904,QwenN,Neutral,2,issue_crime_addiction
27904,QwenN,Neutral-CoT,2,issue_crime_addiction
27904,QwenN,EI,2,issue_crime_addiction
27904,QwenN,EA,2,issue_crime_addiction
27904,QwenT,Neutral,2,issue_crime_addiction
27904,QwenT,Neutral-CoT,2,issue_crime_addiction
27904,QwenT,EI,2,issue_crime_addiction
27904,QwenT,EA,2,issue_crime_addiction
27910,GPT_5,Neutral,2,friend
27910,GPT_5,Neutral-CoT,2,friend
27910,GPT_5,EI,2,friend
27910,GPT_5,EA,2,friend
27910,GPT_o4,Neutral,2,friend
27910,GPT_o4,Neutral-CoT,2,friend
27910,GPT_o4,EI,2,friend
27910,GPT_o4,EA,2,friend
27910,QwenN,Neutral,2,friend
27910,QwenN,Neutral-CoT,2,friend
27910,QwenN,EI,2,friend
27910,QwenN,EA,2,friend
27910,QwenT,Neutral,2,friend
27910,QwenT,Neutral-CoT,2,friend
27910,QwenT,EI,2,friend
27910,QwenT,EA,2,friend
27911,GPT_5,Neutral,2,issue_personal_career
27911,GPT_5,Neutral-CoT,2,issue_personal_career
27911,GPT_5,EI,2,issue_personal_career
27911,GPT_5,EA,2,issue_personal_career
27911,GPT_o4,Neutral,2,issue_personal_career
27911,GPT_o4,Neutral-CoT,2,issue_personal_career
27911,GPT_o4,EI,2,issue_personal_career
27911,GPT_o4,EA,2,issue_personal_career
27911,QwenN,Neutral,2,issue_personal_career
27911,QwenN,Neutral-CoT,2,issue_personal_career
27911,QwenN,EI,2,issue_personal_career
27911,QwenN,EA,2,issue_personal_career
27911,QwenT,Neutral,2,issue_personal_career
27911,QwenT,Neutral-CoT,2,issue_personal_career
27911,QwenT,EI,2,issue_personal_career
27911,QwenT,EA,2,issue_personal_career
28011,GPT_5,Neutral,2,business_organization
28011,GPT_5,Neutral-CoT,2,business_organization
28011,GPT_5,EI,2,business_organization
28011,GPT_5,EA,2,business_organization
28011,GPT_o4,Neutral,2,business_organization
28011,GPT_o4,Neutral-CoT,2,business_organization
28011,GPT_o4,EI,2,business_organization
28011,GPT_o4,EA,2,business_organization
28011,QwenN,Neutral,2,business_organization
28011,QwenN,Neutral-CoT,2,business_organization
28011,QwenN,EI,2,business_organization
28011,QwenN,EA,2,business_organization
28011,QwenT,Neutral,1,business_organization
28011,QwenT,Neutral-CoT,2,business_organization
28011,QwenT,EI,2,business_organization
28011,QwenT,EA,2,business_organization
28019,GPT_5,Neutral,1,issue_wildlife_human_environment
28019,GPT_5,Neutral-CoT,1,issue_wildlife_human_environment
28019,GPT_5,EI,1,issue_wildlife_human_environment
28019,GPT_5,EA,2,issue_wildlife_human_environment
28019,GPT_o4,Neutral,2,issue_wildlife_human_environment
28019,GPT_o4,Neutral-CoT,2,issue_wildlife_human_environment
28019,GPT_o4,EI,2,issue_wildlife_human_environment
28019,GPT_o4,EA,2,issue_wildlife_human_environment
28019,QwenN,Neutral,2,issue_wildlife_human_environment
28019,QwenN,Neutral-CoT,2,issue_wildlife_human_environment
28019,QwenN,EI,2,issue_wildlife_human_environment
28019,QwenN,EA,2,issue_wildlife_human_environment
28019,QwenT,Neutral,1,issue_wildlife_human_environment
28019,QwenT,Neutral-CoT,1,issue_wildlife_human_environment
28019,QwenT,EI,1,issue_wildlife_human_environment
28019,QwenT,EA,1,issue_wildlife_human_environment
28051,GPT_5,Neutral,2,family
28051,GPT_5,Neutral-CoT,2,family
28051,GPT_5,EI,2,family
28051,GPT_5,EA,2,family
28051,GPT_o4,Neutral,2,family
28051,GPT_o4,Neutral-CoT,2,family
28051,GPT_o4,EI,2,family
28051,GPT_o4,EA,2,family
28051,QwenN,Neutral,2,family
28051,QwenN,Neutral-CoT,2,family
28051,QwenN,EI,2,family
28051,QwenN,EA,2,family
28051,QwenT,Neutral,2,family
28051,QwenT,Neutral-CoT,2,family
28051,QwenT,EI,1,family
28051,QwenT,EA,2,family
28057,GPT_5,Neutral,1,issue_personal_career
28057,GPT_5,Neutral-CoT,1,issue_personal_career
28057,GPT_5,EI,1,issue_personal_career
28057,GPT_5,EA,1,issue_personal_career
28057,GPT_o4,Neutral,1,issue_personal_career
28057,GPT_o4,Neutral-CoT,1,issue_personal_career
28057,GPT_o4,EI,2,issue_personal_career
28057,GPT_o4,EA,2,issue_personal_career
28057,QwenN,Neutral,1,issue_personal_career
28057,QwenN,Neutral-CoT,1,issue_personal_career
28057,QwenN,EI,1,issue_personal_career
28057,QwenN,EA,1,issue_personal_career
28057,QwenT,Neutral,1,issue_personal_career
28057,QwenT,Neutral-CoT,1,issue_personal_career
28057,QwenT,EI,2,issue_personal_career
28057,QwenT,EA,1,issue_personal_career
28067,GPT_5,Neutral,1,role_duty_responsibility
28067,GPT_5,Neutral-CoT,2,role_duty_responsibility
28067,GPT_5,EI,2,role_duty_responsibility
28067,GPT_5,EA,1,role_duty_responsibility
28067,GPT_o4,Neutral,2,role_duty_responsibility
28067,GPT_o4,Neutral-CoT,1,role_duty_responsibility
28067,GPT_o4,EI,1,role_duty_responsibility
28067,GPT_o4,EA,2,role_duty_responsibility
28067,QwenN,Neutral,1,role_duty_responsibility
28067,QwenN,Neutral-CoT,1,role_duty_responsibility
28067,QwenN,EI,1,role_duty_responsibility
28067,QwenN,EA,1,role_duty_responsibility
28067,QwenT,Neutral,2,role_duty_responsibility
28067,QwenT,Neutral-CoT,2,role_duty_responsibility
28067,QwenT,EI,2,role_duty_responsibility
28067,QwenT,EA,1,role_duty_responsibility
28114,GPT_5,Neutral,2,comitted_relationship
28114,GPT_5,Neutral-CoT,2,comitted_relationship
28114,GPT_5,EI,2,comitted_relationship
28114,GPT_5,EA,2,comitted_relationship
28114,GPT_o4,Neutral,2,comitted_relationship
28114,GPT_o4,Neutral-CoT,2,comitted_relationship
28114,GPT_o4,EI,2,comitted_relationship
28114,GPT_o4,EA,2,comitted_relationship
28114,QwenN,Neutral,2,comitted_relationship
28114,QwenN,Neutral-CoT,2,comitted_relationship
28114,QwenN,EI,2,comitted_relationship
28114,QwenN,EA,2,comitted_relationship
28114,QwenT,Neutral,2,comitted_relationship
28114,QwenT,Neutral-CoT,1,comitted_relationship
28114,QwenT,EI,1,comitted_relationship
28114,QwenT,EA,2,comitted_relationship
28222,GPT_5,Neutral,2,issue_young_people
28222,GPT_5,Neutral-CoT,2,issue_young_people
28222,GPT_5,EI,2,issue_young_people
28222,GPT_5,EA,2,issue_young_people
28222,GPT_o4,Neutral,2,issue_young_people
28222,GPT_o4,Neutral-CoT,2,issue_young_people
28222,GPT_o4,EI,1,issue_young_people
28222,GPT_o4,EA,2,issue_young_people
28222,QwenN,Neutral,2,issue_young_people
28222,QwenN,Neutral-CoT,2,issue_young_people
28222,QwenN,EI,2,issue_young_people
28222,QwenN,EA,2,issue_young_people
28222,QwenT,Neutral,2,issue_young_people
28222,QwenT,Neutral-CoT,2,issue_young_people
28222,QwenT,EI,2,issue_young_people
28222,QwenT,EA,2,issue_young_people
28262,GPT_5,Neutral,2,issue_young_people
28262,GPT_5,Neutral-CoT,2,issue_young_people
28262,GPT_5,EI,2,issue_young_people
28262,GPT_5,EA,2,issue_young_people
28262,GPT_o4,Neutral,2,issue_young_people
28262,GPT_o4,Neutral-CoT,2,issue_young_people
28262,GPT_o4,EI,2,issue_young_people
28262,GPT_o4,EA,2,issue_young_people
28262,QwenN,Neutral,2,issue_young_people
28262,QwenN,Neutral-CoT,2,issue_young_people
28262,QwenN,EI,2,issue_young_people
28262,QwenN,EA,2,issue_young_people
28262,QwenT,Neutral,2,issue_young_people
28262,QwenT,Neutral-CoT,2,issue_young_people
28262,QwenT,EI,2,issue_young_people
28262,QwenT,EA,2,issue_young_people
28271,GPT_5,Neutral,1,close_relationship
28271,GPT_5,Neutral-CoT,1,close_relationship
28271,GPT_5,EI,1,close_relationship
28271,GPT_5,EA,1,close_relationship
28271,GPT_o4,Neutral,1,close_relationship
28271,GPT_o4,Neutral-CoT,1,close_relationship
28271,GPT_o4,EI,1,close_relationship
28271,GPT_o4,EA,1,close_relationship
28271,QwenN,Neutral,1,close_relationship
28271,QwenN,Neutral-CoT,1,close_relationship
28271,QwenN,EI,1,close_relationship
28271,QwenN,EA,1,close_relationship
28271,QwenT,Neutral,1,close_relationship
28271,QwenT,Neutral-CoT,1,close_relationship
28271,QwenT,EI,1,close_relationship
28271,QwenT,EA,1,close_relationship
28339,GPT_5,Neutral,2,event_daily_life
28339,GPT_5,Neutral-CoT,2,event_daily_life
28339,GPT_5,EI,2,event_daily_life
28339,GPT_5,EA,2,event_daily_life
28339,GPT_o4,Neutral,2,event_daily_life
28339,GPT_o4,Neutral-CoT,2,event_daily_life
28339,GPT_o4,EI,2,event_daily_life
28339,GPT_o4,EA,1,event_daily_life
28339,QwenN,Neutral,2,event_daily_life
28339,QwenN,Neutral-CoT,2,event_daily_life
28339,QwenN,EI,2,event_daily_life
28339,QwenN,EA,2,event_daily_life
28339,QwenT,Neutral,1,event_daily_life
28339,QwenT,Neutral-CoT,1,event_daily_life
28339,QwenT,EI,2,event_daily_life
28339,QwenT,EA,1,event_daily_life
28341,GPT_5,Neutral,1,issue_self_image_social
28341,GPT_5,Neutral-CoT,1,issue_self_image_social
28341,GPT_5,EI,1,issue_self_image_social
28341,GPT_5,EA,1,issue_self_image_social
28341,GPT_o4,Neutral,1,issue_self_image_social
28341,GPT_o4,Neutral-CoT,1,issue_self_image_social
28341,GPT_o4,EI,1,issue_self_image_social
28341,GPT_o4,EA,1,issue_self_image_social
28341,QwenN,Neutral,1,issue_self_image_social
28341,QwenN,Neutral-CoT,1,issue_self_image_social
28341,QwenN,EI,1,issue_self_image_social
28341,QwenN,EA,1,issue_self_image_social
28341,QwenT,Neutral,1,issue_self_image_social
28341,QwenT,Neutral-CoT,1,issue_self_image_social
28341,QwenT,EI,1,issue_self_image_social
28341,QwenT,EA,1,issue_self_image_social
28365,GPT_5,Neutral,2,role_duty_responsibility
28365,GPT_5,Neutral-CoT,2,role_duty_responsibility
28365,GPT_5,EI,2,role_duty_responsibility
28365,GPT_5,EA,2,role_duty_responsibility
28365,GPT_o4,Neutral,2,role_duty_responsibility
28365,GPT_o4,Neutral-CoT,2,role_duty_responsibility
28365,GPT_o4,EI,2,role_duty_responsibility
28365,GPT_o4,EA,2,role_duty_responsibility
28365,QwenN,Neutral,2,role_duty_responsibility
28365,QwenN,Neutral-CoT,2,role_duty_responsibility
28365,QwenN,EI,2,role_duty_responsibility
28365,QwenN,EA,2,role_duty_responsibility
28365,QwenT,Neutral,2,role_duty_responsibility
28365,QwenT,Neutral-CoT,2,role_duty_responsibility
28365,QwenT,EI,2,role_duty_responsibility
28365,QwenT,EA,2,role_duty_responsibility
28463,GPT_5,Neutral,2,event_special
28463,GPT_5,Neutral-CoT,2,event_special
28463,GPT_5,EI,2,event_special
28463,GPT_5,EA,2,event_special
28463,GPT_o4,Neutral,2,event_special
28463,GPT_o4,Neutral-CoT,2,event_special
28463,GPT_o4,EI,2,event_special
28463,GPT_o4,EA,2,event_special
28463,QwenN,Neutral,2,event_special
28463,QwenN,Neutral-CoT,2,event_special
28463,QwenN,EI,2,event_special
28463,QwenN,EA,2,event_special
28463,QwenT,Neutral,2,event_special
28463,QwenT,Neutral-CoT,2,event_special
28463,QwenT,EI,2,event_special
28463,QwenT,EA,2,event_special
28490,GPT_5,Neutral,1,close_relationship
28490,GPT_5,Neutral-CoT,1,close_relationship
28490,GPT_5,EI,1,close_relationship
28490,GPT_5,EA,1,close_relationship
28490,GPT_o4,Neutral,2,close_relationship
28490,GPT_o4,Neutral-CoT,1,close_relationship
28490,GPT_o4,EI,1,close_relationship
28490,GPT_o4,EA,2,close_relationship
28490,QwenN,Neutral,1,close_relationship
28490,QwenN,Neutral-CoT,1,close_relationship
28490,QwenN,EI,1,close_relationship
28490,QwenN,EA,1,close_relationship
28490,QwenT,Neutral,1,close_relationship
28490,QwenT,Neutral-CoT,1,close_relationship
28490,QwenT,EI,1,close_relationship
28490,QwenT,EA,1,close_relationship
28550,GPT_5,Neutral,2,religion_custom
28550,GPT_5,Neutral-CoT,2,religion_custom
28550,GPT_5,EI,1,religion_custom
28550,GPT_5,EA,2,religion_custom
28550,GPT_o4,Neutral,1,religion_custom
28550,GPT_o4,Neutral-CoT,1,religion_custom
28550,GPT_o4,EI,1,religion_custom
28550,GPT_o4,EA,2,religion_custom
28550,QwenN,Neutral,1,religion_custom
28550,QwenN,Neutral-CoT,1,religion_custom
28550,QwenN,EI,2,religion_custom
28550,QwenN,EA,1,religion_custom
28550,QwenT,Neutral,1,religion_custom
28550,QwenT,Neutral-CoT,1,religion_custom
28550,QwenT,EI,1,religion_custom
28550,QwenT,EA,1,religion_custom
28574,GPT_5,Neutral,2,family
28574,GPT_5,Neutral-CoT,2,family
28574,GPT_5,EI,2,family
28574,GPT_5,EA,2,family
28574,GPT_o4,Neutral,2,family
28574,GPT_o4,Neutral-CoT,2,family
28574,GPT_o4,EI,2,family
28574,GPT_o4,EA,2,family
28574,QwenN,Neutral,2,family
28574,QwenN,Neutral-CoT,2,family
28574,QwenN,EI,2,family
28574,QwenN,EA,2,family
28574,QwenT,Neutral,2,family
28574,QwenT,Neutral-CoT,2,family
28574,QwenT,EI,2,family
28574,QwenT,EA,2,family
28656,GPT_5,Neutral,2,issue_pregnancy
28656,GPT_5,Neutral-CoT,2,issue_pregnancy
28656,GPT_5,EI,2,issue_pregnancy
28656,GPT_5,EA,2,issue_pregnancy
28656,GPT_o4,Neutral,2,issue_pregnancy
28656,GPT_o4,Neutral-CoT,2,issue_pregnancy
28656,GPT_o4,EI,2,issue_pregnancy
28656,GPT_o4,EA,2,issue_pregnancy
28656,QwenN,Neutral,2,issue_pregnancy
28656,QwenN,Neutral-CoT,2,issue_pregnancy
28656,QwenN,EI,2,issue_pregnancy
28656,QwenN,EA,2,issue_pregnancy
28656,QwenT,Neutral,2,issue_pregnancy
28656,QwenT,Neutral-CoT,2,issue_pregnancy
28656,QwenT,EI,2,issue_pregnancy
28656,QwenT,EA,2,issue_pregnancy
28674,GPT_5,Neutral,2,workplace
28674,GPT_5,Neutral-CoT,2,workplace
28674,GPT_5,EI,2,workplace
28674,GPT_5,EA,2,workplace
28674,GPT_o4,Neutral,2,workplace
28674,GPT_o4,Neutral-CoT,2,workplace
28674,GPT_o4,EI,2,workplace
28674,GPT_o4,EA,2,workplace
28674,QwenN,Neutral,2,workplace
28674,QwenN,Neutral-CoT,2,workplace
28674,QwenN,EI,2,workplace
28674,QwenN,EA,2,workplace
28674,QwenT,Neutral,2,workplace
28674,QwenT,Neutral-CoT,2,workplace
28674,QwenT,EI,2,workplace
28674,QwenT,EA,2,workplace
28728,GPT_5,Neutral,1,issue_personal_career
28728,GPT_5,Neutral-CoT,1,issue_personal_career
28728,GPT_5,EI,1,issue_personal_career
28728,GPT_5,EA,1,issue_personal_career
28728,GPT_o4,Neutral,1,issue_personal_career
28728,GPT_o4,Neutral-CoT,1,issue_personal_career
28728,GPT_o4,EI,1,issue_personal_career
28728,GPT_o4,EA,1,issue_personal_career
28728,QwenN,Neutral,1,issue_personal_career
28728,QwenN,Neutral-CoT,1,issue_personal_career
28728,QwenN,EI,1,issue_personal_career
28728,QwenN,EA,1,issue_personal_career
28728,QwenT,Neutral,1,issue_personal_career
28728,QwenT,Neutral-CoT,1,issue_personal_career
28728,QwenT,EI,1,issue_personal_career
28728,QwenT,EA,1,issue_personal_career
28789,GPT_5,Neutral,2,friend
28789,GPT_5,Neutral-CoT,2,friend
28789,GPT_5,EI,2,friend
28789,GPT_5,EA,2,friend
28789,GPT_o4,Neutral,2,friend
28789,GPT_o4,Neutral-CoT,2,friend
28789,GPT_o4,EI,2,friend
28789,GPT_o4,EA,2,friend
28789,QwenN,Neutral,2,friend
28789,QwenN,Neutral-CoT,2,friend
28789,QwenN,EI,2,friend
28789,QwenN,EA,2,friend
28789,QwenT,Neutral,2,friend
28789,QwenT,Neutral-CoT,2,friend
28789,QwenT,EI,2,friend
28789,QwenT,EA,2,friend
28790,GPT_5,Neutral,2,event_special
28790,GPT_5,Neutral-CoT,2,event_special
28790,GPT_5,EI,2,event_special
28790,GPT_5,EA,2,event_special
28790,GPT_o4,Neutral,2,event_special
28790,GPT_o4,Neutral-CoT,2,event_special
28790,GPT_o4,EI,2,event_special
28790,GPT_o4,EA,2,event_special
28790,QwenN,Neutral,2,event_special
28790,QwenN,Neutral-CoT,2,event_special
28790,QwenN,EI,2,event_special
28790,QwenN,EA,2,event_special
28790,QwenT,Neutral,2,event_special
28790,QwenT,Neutral-CoT,2,event_special
28790,QwenT,EI,2,event_special
28790,QwenT,EA,2,event_special
28814,GPT_5,Neutral,2,issue_personal_career
28814,GPT_5,Neutral-CoT,2,issue_personal_career
28814,GPT_5,EI,1,issue_personal_career
28814,GPT_5,EA,1,issue_personal_career
28814,GPT_o4,Neutral,1,issue_personal_career
28814,GPT_o4,Neutral-CoT,1,issue_personal_career
28814,GPT_o4,EI,1,issue_personal_career
28814,GPT_o4,EA,2,issue_personal_career
28814,QwenN,Neutral,2,issue_personal_career
28814,QwenN,Neutral-CoT,2,issue_personal_career
28814,QwenN,EI,2,issue_personal_career
28814,QwenN,EA,2,issue_personal_career
28814,QwenT,Neutral,1,issue_personal_career
28814,QwenT,Neutral-CoT,1,issue_personal_career
28814,QwenT,EI,1,issue_personal_career
28814,QwenT,EA,1,issue_personal_career
28822,GPT_5,Neutral,2,issue_wildlife_human_environment
28822,GPT_5,Neutral-CoT,2,issue_wildlife_human_environment
28822,GPT_5,EI,2,issue_wildlife_human_environment
28822,GPT_5,EA,2,issue_wildlife_human_environment
28822,GPT_o4,Neutral,2,issue_wildlife_human_environment
28822,GPT_o4,Neutral-CoT,2,issue_wildlife_human_environment
28822,GPT_o4,EI,2,issue_wildlife_human_environment
28822,GPT_o4,EA,2,issue_wildlife_human_environment
28822,QwenN,Neutral,2,issue_wildlife_human_environment
28822,QwenN,Neutral-CoT,2,issue_wildlife_human_environment
28822,QwenN,EI,2,issue_wildlife_human_environment
28822,QwenN,EA,2,issue_wildlife_human_environment
28822,QwenT,Neutral,2,issue_wildlife_human_environment
28822,QwenT,Neutral-CoT,2,issue_wildlife_human_environment
28822,QwenT,EI,1,issue_wildlife_human_environment
28822,QwenT,EA,2,issue_wildlife_human_environment
28963,GPT_5,Neutral,1,issue_young_people
28963,GPT_5,Neutral-CoT,1,issue_young_people
28963,GPT_5,EI,1,issue_young_people
28963,GPT_5,EA,1,issue_young_people
28963,GPT_o4,Neutral,1,issue_young_people
28963,GPT_o4,Neutral-CoT,1,issue_young_people
28963,GPT_o4,EI,1,issue_young_people
28963,GPT_o4,EA,1,issue_young_people
28963,QwenN,Neutral,1,issue_young_people
28963,QwenN,Neutral-CoT,1,issue_young_people
28963,QwenN,EI,1,issue_young_people
28963,QwenN,EA,1,issue_young_people
28963,QwenT,Neutral,1,issue_young_people
28963,QwenT,Neutral-CoT,1,issue_young_people
28963,QwenT,EI,1,issue_young_people
28963,QwenT,EA,1,issue_young_people
29070,GPT_5,Neutral,2,comitted_relationship
29070,GPT_5,Neutral-CoT,2,comitted_relationship
29070,GPT_5,EI,2,comitted_relationship
29070,GPT_5,EA,2,comitted_relationship
29070,GPT_o4,Neutral,2,comitted_relationship
29070,GPT_o4,Neutral-CoT,2,comitted_relationship
29070,GPT_o4,EI,2,comitted_relationship
29070,GPT_o4,EA,2,comitted_relationship
29070,QwenN,Neutral,2,comitted_relationship
29070,QwenN,Neutral-CoT,2,comitted_relationship
29070,QwenN,EI,2,comitted_relationship
29070,QwenN,EA,2,comitted_relationship
29070,QwenT,Neutral,2,comitted_relationship
29070,QwenT,Neutral-CoT,2,comitted_relationship
29070,QwenT,EI,2,comitted_relationship
29070,QwenT,EA,2,comitted_relationship
29105,GPT_5,Neutral,2,issue_wildlife_human_environment
29105,GPT_5,Neutral-CoT,2,issue_wildlife_human_environment
29105,GPT_5,EI,2,issue_wildlife_human_environment
29105,GPT_5,EA,2,issue_wildlife_human_environment
29105,GPT_o4,Neutral,2,issue_wildlife_human_environment
29105,GPT_o4,Neutral-CoT,2,issue_wildlife_human_environment
29105,GPT_o4,EI,2,issue_wildlife_human_environment
29105,GPT_o4,EA,2,issue_wildlife_human_environment
29105,QwenN,Neutral,2,issue_wildlife_human_environment
29105,QwenN,Neutral-CoT,2,issue_wildlife_human_environment
29105,QwenN,EI,1,issue_wildlife_human_environment
29105,QwenN,EA,1,issue_wildlife_human_environment
29105,QwenT,Neutral,1,issue_wildlife_human_environment
29105,QwenT,Neutral-CoT,1,issue_wildlife_human_environment
29105,QwenT,EI,1,issue_wildlife_human_environment
29105,QwenT,EA,1,issue_wildlife_human_environment
29132,GPT_5,Neutral,1,role_duty_responsibility
29132,GPT_5,Neutral-CoT,1,role_duty_responsibility
29132,GPT_5,EI,1,role_duty_responsibility
29132,GPT_5,EA,1,role_duty_responsibility
29132,GPT_o4,Neutral,1,role_duty_responsibility
29132,GPT_o4,Neutral-CoT,1,role_duty_responsibility
29132,GPT_o4,EI,1,role_duty_responsibility
29132,GPT_o4,EA,1,role_duty_responsibility
29132,QwenN,Neutral,1,role_duty_responsibility
29132,QwenN,Neutral-CoT,1,role_duty_responsibility
29132,QwenN,EI,1,role_duty_responsibility
29132,QwenN,EA,1,role_duty_responsibility
29132,QwenT,Neutral,1,role_duty_responsibility
29132,QwenT,Neutral-CoT,1,role_duty_responsibility
29132,QwenT,EI,1,role_duty_responsibility
29132,QwenT,EA,1,role_duty_responsibility
29144,GPT_5,Neutral,1,workplace
29144,GPT_5,Neutral-CoT,1,workplace
29144,GPT_5,EI,1,workplace
29144,GPT_5,EA,1,workplace
29144,GPT_o4,Neutral,1,workplace
29144,GPT_o4,Neutral-CoT,1,workplace
29144,GPT_o4,EI,1,workplace
29144,GPT_o4,EA,1,workplace
29144,QwenN,Neutral,1,workplace
29144,QwenN,Neutral-CoT,1,workplace
29144,QwenN,EI,1,workplace
29144,QwenN,EA,1,workplace
29144,QwenT,Neutral,1,workplace
29144,QwenT,Neutral-CoT,1,workplace
29144,QwenT,EI,1,workplace
29144,QwenT,EA,1,workplace
29184,GPT_5,Neutral,1,issue_pregnancy
29184,GPT_5,Neutral-CoT,1,issue_pregnancy
29184,GPT_5,EI,1,issue_pregnancy
29184,GPT_5,EA,1,issue_pregnancy
29184,GPT_o4,Neutral,1,issue_pregnancy
29184,GPT_o4,Neutral-CoT,1,issue_pregnancy
29184,GPT_o4,EI,1,issue_pregnancy
29184,GPT_o4,EA,1,issue_pregnancy
29184,QwenN,Neutral,2,issue_pregnancy
29184,QwenN,Neutral-CoT,1,issue_pregnancy
29184,QwenN,EI,1,issue_pregnancy
29184,QwenN,EA,2,issue_pregnancy
29184,QwenT,Neutral,1,issue_pregnancy
29184,QwenT,Neutral-CoT,1,issue_pregnancy
29184,QwenT,EI,1,issue_pregnancy
29184,QwenT,EA,2,issue_pregnancy
29243,GPT_5,Neutral,2,role_duty_responsibility
29243,GPT_5,Neutral-CoT,2,role_duty_responsibility
29243,GPT_5,EI,2,role_duty_responsibility
29243,GPT_5,EA,2,role_duty_responsibility
29243,GPT_o4,Neutral,2,role_duty_responsibility
29243,GPT_o4,Neutral-CoT,2,role_duty_responsibility
29243,GPT_o4,EI,2,role_duty_responsibility
29243,GPT_o4,EA,2,role_duty_responsibility
29243,QwenN,Neutral,2,role_duty_responsibility
29243,QwenN,Neutral-CoT,2,role_duty_responsibility
29243,QwenN,EI,2,role_duty_responsibility
29243,QwenN,EA,2,role_duty_responsibility
29243,QwenT,Neutral,2,role_duty_responsibility
29243,QwenT,Neutral-CoT,2,role_duty_responsibility
29243,QwenT,EI,2,role_duty_responsibility
29243,QwenT,EA,2,role_duty_responsibility
29385,GPT_5,Neutral,1,event_special
29385,GPT_5,Neutral-CoT,1,event_special
29385,GPT_5,EI,1,event_special
29385,GPT_5,EA,1,event_special
29385,GPT_o4,Neutral,1,event_special
29385,GPT_o4,Neutral-CoT,1,event_special
29385,GPT_o4,EI,1,event_special
29385,GPT_o4,EA,1,event_special
29385,QwenN,Neutral,1,event_special
29385,QwenN,Neutral-CoT,1,event_special
29385,QwenN,EI,1,event_special
29385,QwenN,EA,1,event_special
29385,QwenT,Neutral,1,event_special
29385,QwenT,Neutral-CoT,1,event_special
29385,QwenT,EI,1,event_special
29385,QwenT,EA,1,event_special
29411,GPT_5,Neutral,1,issue_young_people
29411,GPT_5,Neutral-CoT,1,issue_young_people
29411,GPT_5,EI,1,issue_young_people
29411,GPT_5,EA,1,issue_young_people
29411,GPT_o4,Neutral,1,issue_young_people
29411,GPT_o4,Neutral-CoT,1,issue_young_people
29411,GPT_o4,EI,1,issue_young_people
29411,GPT_o4,EA,1,issue_young_people
29411,QwenN,Neutral,1,issue_young_people
29411,QwenN,Neutral-CoT,1,issue_young_people
29411,QwenN,EI,1,issue_young_people
29411,QwenN,EA,1,issue_young_people
29411,QwenT,Neutral,1,issue_young_people
29411,QwenT,Neutral-CoT,1,issue_young_people
29411,QwenT,EI,2,issue_young_people
29411,QwenT,EA,1,issue_young_people
29417,GPT_5,Neutral,2,issue_personal_career
29417,GPT_5,Neutral-CoT,2,issue_personal_career
29417,GPT_5,EI,2,issue_personal_career
29417,GPT_5,EA,2,issue_personal_career
29417,GPT_o4,Neutral,2,issue_personal_career
29417,GPT_o4,Neutral-CoT,2,issue_personal_career
29417,GPT_o4,EI,2,issue_personal_career
29417,GPT_o4,EA,2,issue_personal_career
29417,QwenN,Neutral,2,issue_personal_career
29417,QwenN,Neutral-CoT,2,issue_personal_career
29417,QwenN,EI,2,issue_personal_career
29417,QwenN,EA,2,issue_personal_career
29417,QwenT,Neutral,2,issue_personal_career
29417,QwenT,Neutral-CoT,2,issue_personal_career
29417,QwenT,EI,2,issue_personal_career
29417,QwenT,EA,2,issue_personal_career
29454,GPT_5,Neutral,2,issue_pregnancy
29454,GPT_5,Neutral-CoT,2,issue_pregnancy
29454,GPT_5,EI,2,issue_pregnancy
29454,GPT_5,EA,2,issue_pregnancy
29454,GPT_o4,Neutral,2,issue_pregnancy
29454,GPT_o4,Neutral-CoT,,issue_pregnancy
29454,GPT_o4,EI,,issue_pregnancy
29454,GPT_o4,EA,2,issue_pregnancy
29454,QwenN,Neutral,2,issue_pregnancy
29454,QwenN,Neutral-CoT,2,issue_pregnancy
29454,QwenN,EI,2,issue_pregnancy
29454,QwenN,EA,2,issue_pregnancy
29454,QwenT,Neutral,2,issue_pregnancy
29454,QwenT,Neutral-CoT,2,issue_pregnancy
29454,QwenT,EI,2,issue_pregnancy
29454,QwenT,EA,2,issue_pregnancy
29465,GPT_5,Neutral,2,school
29465,GPT_5,Neutral-CoT,2,school
29465,GPT_5,EI,1,school
29465,GPT_5,EA,2,school
29465,GPT_o4,Neutral,2,school
29465,GPT_o4,Neutral-CoT,1,school
29465,GPT_o4,EI,1,school
29465,GPT_o4,EA,2,school
29465,QwenN,Neutral,2,school
29465,QwenN,Neutral-CoT,1,school
29465,QwenN,EI,1,school
29465,QwenN,EA,2,school
29465,QwenT,Neutral,2,school
29465,QwenT,Neutral-CoT,2,school
29465,QwenT,EI,2,school
29465,QwenT,EA,2,school
29484,GPT_5,Neutral,2,school
29484,GPT_5,Neutral-CoT,2,school
29484,GPT_5,EI,2,school
29484,GPT_5,EA,2,school
29484,GPT_o4,Neutral,2,school
29484,GPT_o4,Neutral-CoT,2,school
29484,GPT_o4,EI,2,school
29484,GPT_o4,EA,2,school
29484,QwenN,Neutral,2,school
29484,QwenN,Neutral-CoT,2,school
29484,QwenN,EI,2,school
29484,QwenN,EA,2,school
29484,QwenT,Neutral,2,school
29484,QwenT,Neutral-CoT,2,school
29484,QwenT,EI,2,school
29484,QwenT,EA,2,school
29582,GPT_5,Neutral,1,workplace
29582,GPT_5,Neutral-CoT,1,workplace
29582,GPT_5,EI,1,workplace
29582,GPT_5,EA,1,workplace
29582,GPT_o4,Neutral,1,workplace
29582,GPT_o4,Neutral-CoT,1,workplace
29582,GPT_o4,EI,1,workplace
29582,GPT_o4,EA,1,workplace
29582,QwenN,Neutral,1,workplace
29582,QwenN,Neutral-CoT,1,workplace
29582,QwenN,EI,1,workplace
29582,QwenN,EA,1,workplace
29582,QwenT,Neutral,1,workplace
29582,QwenT,Neutral-CoT,1,workplace
29582,QwenT,EI,1,workplace
29582,QwenT,EA,1,workplace
29629,GPT_5,Neutral,1,issue_self_image_social
29629,GPT_5,Neutral-CoT,1,issue_self_image_social
29629,GPT_5,EI,1,issue_self_image_social
29629,GPT_5,EA,1,issue_self_image_social
29629,GPT_o4,Neutral,1,issue_self_image_social
29629,GPT_o4,Neutral-CoT,1,issue_self_image_social
29629,GPT_o4,EI,1,issue_self_image_social
29629,GPT_o4,EA,1,issue_self_image_social
29629,QwenN,Neutral,1,issue_self_image_social
29629,QwenN,Neutral-CoT,1,issue_self_image_social
29629,QwenN,EI,1,issue_self_image_social
29629,QwenN,EA,1,issue_self_image_social
29629,QwenT,Neutral,1,issue_self_image_social
29629,QwenT,Neutral-CoT,1,issue_self_image_social
29629,QwenT,EI,1,issue_self_image_social
29629,QwenT,EA,1,issue_self_image_social
29644,GPT_5,Neutral,2,issue_crime_addiction
29644,GPT_5,Neutral-CoT,2,issue_crime_addiction
29644,GPT_5,EI,2,issue_crime_addiction
29644,GPT_5,EA,2,issue_crime_addiction
29644,GPT_o4,Neutral,2,issue_crime_addiction
29644,GPT_o4,Neutral-CoT,2,issue_crime_addiction
29644,GPT_o4,EI,1,issue_crime_addiction
29644,GPT_o4,EA,1,issue_crime_addiction
29644,QwenN,Neutral,1,issue_crime_addiction
29644,QwenN,Neutral-CoT,1,issue_crime_addiction
29644,QwenN,EI,1,issue_crime_addiction
29644,QwenN,EA,1,issue_crime_addiction
29644,QwenT,Neutral,1,issue_crime_addiction
29644,QwenT,Neutral-CoT,1,issue_crime_addiction
29644,QwenT,EI,1,issue_crime_addiction
29644,QwenT,EA,1,issue_crime_addiction
29679,GPT_5,Neutral,2,issue_self_image_social
29679,GPT_5,Neutral-CoT,1,issue_self_image_social
29679,GPT_5,EI,1,issue_self_image_social
29679,GPT_5,EA,1,issue_self_image_social
29679,GPT_o4,Neutral,1,issue_self_image_social
29679,GPT_o4,Neutral-CoT,1,issue_self_image_social
29679,GPT_o4,EI,1,issue_self_image_social
29679,GPT_o4,EA,1,issue_self_image_social
29679,QwenN,Neutral,1,issue_self_image_social
29679,QwenN,Neutral-CoT,1,issue_self_image_social
29679,QwenN,EI,1,issue_self_image_social
29679,QwenN,EA,1,issue_self_image_social
29679,QwenT,Neutral,1,issue_self_image_social
29679,QwenT,Neutral-CoT,1,issue_self_image_social
29679,QwenT,EI,1,issue_self_image_social
29679,QwenT,EA,1,issue_self_image_social
29768,GPT_5,Neutral,1,business_organization
29768,GPT_5,Neutral-CoT,1,business_organization
29768,GPT_5,EI,2,business_organization
29768,GPT_5,EA,1,business_organization
29768,GPT_o4,Neutral,1,business_organization
29768,GPT_o4,Neutral-CoT,2,business_organization
29768,GPT_o4,EI,2,business_organization
29768,GPT_o4,EA,1,business_organization
29768,QwenN,Neutral,1,business_organization
29768,QwenN,Neutral-CoT,1,business_organization
29768,QwenN,EI,1,business_organization
29768,QwenN,EA,1,business_organization
29768,QwenT,Neutral,1,business_organization
29768,QwenT,Neutral-CoT,1,business_organization
29768,QwenT,EI,1,business_organization
29768,QwenT,EA,1,business_organization
29880,GPT_5,Neutral,1,role_duty_responsibility
29880,GPT_5,Neutral-CoT,1,role_duty_responsibility
29880,GPT_5,EI,1,role_duty_responsibility
29880,GPT_5,EA,1,role_duty_responsibility
29880,GPT_o4,Neutral,2,role_duty_responsibility
29880,GPT_o4,Neutral-CoT,1,role_duty_responsibility
29880,GPT_o4,EI,2,role_duty_responsibility
29880,GPT_o4,EA,2,role_duty_responsibility
29880,QwenN,Neutral,1,role_duty_responsibility
29880,QwenN,Neutral-CoT,1,role_duty_responsibility
29880,QwenN,EI,1,role_duty_responsibility
29880,QwenN,EA,1,role_duty_responsibility
29880,QwenT,Neutral,2,role_duty_responsibility
29880,QwenT,Neutral-CoT,1,role_duty_responsibility
29880,QwenT,EI,1,role_duty_responsibility
29880,QwenT,EA,1,role_duty_responsibility
29903,GPT_5,Neutral,1,issue_self_image_social
29903,GPT_5,Neutral-CoT,1,issue_self_image_social
29903,GPT_5,EI,1,issue_self_image_social
29903,GPT_5,EA,1,issue_self_image_social
29903,GPT_o4,Neutral,1,issue_self_image_social
29903,GPT_o4,Neutral-CoT,1,issue_self_image_social
29903,GPT_o4,EI,1,issue_self_image_social
29903,GPT_o4,EA,1,issue_self_image_social
29903,QwenN,Neutral,1,issue_self_image_social
29903,QwenN,Neutral-CoT,1,issue_self_image_social
29903,QwenN,EI,1,issue_self_image_social
29903,QwenN,EA,1,issue_self_image_social
29903,QwenT,Neutral,1,issue_self_image_social
29903,QwenT,Neutral-CoT,1,issue_self_image_social
29903,QwenT,EI,1,issue_self_image_social
29903,QwenT,EA,1,issue_self_image_social
29912,GPT_5,Neutral,1,friend
29912,GPT_5,Neutral-CoT,1,friend
29912,GPT_5,EI,1,friend
29912,GPT_5,EA,1,friend
29912,GPT_o4,Neutral,1,friend
29912,GPT_o4,Neutral-CoT,1,friend
29912,GPT_o4,EI,1,friend
29912,GPT_o4,EA,1,friend
29912,QwenN,Neutral,1,friend
29912,QwenN,Neutral-CoT,1,friend
29912,QwenN,EI,1,friend
29912,QwenN,EA,1,friend
29912,QwenT,Neutral,1,friend
29912,QwenT,Neutral-CoT,1,friend
29912,QwenT,EI,1,friend
29912,QwenT,EA,1,friend
29978,GPT_5,Neutral,1,religion_custom
29978,GPT_5,Neutral-CoT,1,religion_custom
29978,GPT_5,EI,1,religion_custom
29978,GPT_5,EA,1,religion_custom
29978,GPT_o4,Neutral,1,religion_custom
29978,GPT_o4,Neutral-CoT,1,religion_custom
29978,GPT_o4,EI,1,religion_custom
29978,GPT_o4,EA,1,religion_custom
29978,QwenN,Neutral,1,religion_custom
29978,QwenN,Neutral-CoT,1,religion_custom
29978,QwenN,EI,1,religion_custom
29978,QwenN,EA,1,religion_custom
29978,QwenT,Neutral,2,religion_custom
29978,QwenT,Neutral-CoT,1,religion_custom
29978,QwenT,EI,2,religion_custom
29978,QwenT,EA,1,religion_custom
30052,GPT_5,Neutral,1,business_organization
30052,GPT_5,Neutral-CoT,1,business_organization
30052,GPT_5,EI,1,business_organization
30052,GPT_5,EA,1,business_organization
30052,GPT_o4,Neutral,1,business_organization
30052,GPT_o4,Neutral-CoT,1,business_organization
30052,GPT_o4,EI,1,business_organization
30052,GPT_o4,EA,1,business_organization
30052,QwenN,Neutral,1,business_organization
30052,QwenN,Neutral-CoT,1,business_organization
30052,QwenN,EI,1,business_organization
30052,QwenN,EA,1,business_organization
30052,QwenT,Neutral,1,business_organization
30052,QwenT,Neutral-CoT,1,business_organization
30052,QwenT,EI,1,business_organization
30052,QwenT,EA,1,business_organization
30118,GPT_5,Neutral,1,close_relationship
30118,GPT_5,Neutral-CoT,1,close_relationship
30118,GPT_5,EI,1,close_relationship
30118,GPT_5,EA,1,close_relationship
30118,GPT_o4,Neutral,1,close_relationship
30118,GPT_o4,Neutral-CoT,1,close_relationship
30118,GPT_o4,EI,1,close_relationship
30118,GPT_o4,EA,1,close_relationship
30118,QwenN,Neutral,1,close_relationship
30118,QwenN,Neutral-CoT,1,close_relationship
30118,QwenN,EI,1,close_relationship
30118,QwenN,EA,1,close_relationship
30118,QwenT,Neutral,1,close_relationship
30118,QwenT,Neutral-CoT,1,close_relationship
30118,QwenT,EI,1,close_relationship
30118,QwenT,EA,1,close_relationship
30131,GPT_5,Neutral,2,role_duty_responsibility
30131,GPT_5,Neutral-CoT,2,role_duty_responsibility
30131,GPT_5,EI,2,role_duty_responsibility
30131,GPT_5,EA,2,role_duty_responsibility
30131,GPT_o4,Neutral,2,role_duty_responsibility
30131,GPT_o4,Neutral-CoT,2,role_duty_responsibility
30131,GPT_o4,EI,2,role_duty_responsibility
30131,GPT_o4,EA,2,role_duty_responsibility
30131,QwenN,Neutral,2,role_duty_responsibility
30131,QwenN,Neutral-CoT,2,role_duty_responsibility
30131,QwenN,EI,1,role_duty_responsibility
30131,QwenN,EA,2,role_duty_responsibility
30131,QwenT,Neutral,1,role_duty_responsibility
30131,QwenT,Neutral-CoT,1,role_duty_responsibility
30131,QwenT,EI,1,role_duty_responsibility
30131,QwenT,EA,1,role_duty_responsibility
30137,GPT_5,Neutral,2,role_duty_responsibility
30137,GPT_5,Neutral-CoT,2,role_duty_responsibility
30137,GPT_5,EI,2,role_duty_responsibility
30137,GPT_5,EA,2,role_duty_responsibility
30137,GPT_o4,Neutral,,role_duty_responsibility
30137,GPT_o4,Neutral-CoT,2,role_duty_responsibility
30137,GPT_o4,EI,2,role_duty_responsibility
30137,GPT_o4,EA,2,role_duty_responsibility
30137,QwenN,Neutral,2,role_duty_responsibility
30137,QwenN,Neutral-CoT,2,role_duty_responsibility
30137,QwenN,EI,2,role_duty_responsibility
30137,QwenN,EA,2,role_duty_responsibility
30137,QwenT,Neutral,2,role_duty_responsibility
30137,QwenT,Neutral-CoT,2,role_duty_responsibility
30137,QwenT,EI,2,role_duty_responsibility
30137,QwenT,EA,2,role_duty_responsibility
30143,GPT_5,Neutral,1,role_duty_responsibility
30143,GPT_5,Neutral-CoT,1,role_duty_responsibility
30143,GPT_5,EI,1,role_duty_responsibility
30143,GPT_5,EA,1,role_duty_responsibility
30143,GPT_o4,Neutral,1,role_duty_responsibility
30143,GPT_o4,Neutral-CoT,1,role_duty_responsibility
30143,GPT_o4,EI,1,role_duty_responsibility
30143,GPT_o4,EA,1,role_duty_responsibility
30143,QwenN,Neutral,1,role_duty_responsibility
30143,QwenN,Neutral-CoT,1,role_duty_responsibility
30143,QwenN,EI,1,role_duty_responsibility
30143,QwenN,EA,1,role_duty_responsibility
30143,QwenT,Neutral,1,role_duty_responsibility
30143,QwenT,Neutral-CoT,1,role_duty_responsibility
30143,QwenT,EI,1,role_duty_responsibility
30143,QwenT,EA,1,role_duty_responsibility
30180,GPT_5,Neutral,1,religion_custom
30180,GPT_5,Neutral-CoT,1,religion_custom
30180,GPT_5,EI,1,religion_custom
30180,GPT_5,EA,1,religion_custom
30180,GPT_o4,Neutral,1,religion_custom
30180,GPT_o4,Neutral-CoT,1,religion_custom
30180,GPT_o4,EI,1,religion_custom
30180,GPT_o4,EA,1,religion_custom
30180,QwenN,Neutral,1,religion_custom
30180,QwenN,Neutral-CoT,1,religion_custom
30180,QwenN,EI,1,religion_custom
30180,QwenN,EA,1,religion_custom
30180,QwenT,Neutral,1,religion_custom
30180,QwenT,Neutral-CoT,1,religion_custom
30180,QwenT,EI,1,religion_custom
30180,QwenT,EA,1,religion_custom
30259,GPT_5,Neutral,1,workplace
30259,GPT_5,Neutral-CoT,1,workplace
30259,GPT_5,EI,1,workplace
30259,GPT_5,EA,1,workplace
30259,GPT_o4,Neutral,1,workplace
30259,GPT_o4,Neutral-CoT,1,workplace
30259,GPT_o4,EI,1,workplace
30259,GPT_o4,EA,1,workplace
30259,QwenN,Neutral,1,workplace
30259,QwenN,Neutral-CoT,1,workplace
30259,QwenN,EI,1,workplace
30259,QwenN,EA,1,workplace
30259,QwenT,Neutral,1,workplace
30259,QwenT,Neutral-CoT,1,workplace
30259,QwenT,EI,1,workplace
30259,QwenT,EA,1,workplace
30273,GPT_5,Neutral,1,school
30273,GPT_5,Neutral-CoT,1,school
30273,GPT_5,EI,1,school
30273,GPT_5,EA,1,school
30273,GPT_o4,Neutral,1,school
30273,GPT_o4,Neutral-CoT,1,school
30273,GPT_o4,EI,1,school
30273,GPT_o4,EA,1,school
30273,QwenN,Neutral,2,school
30273,QwenN,Neutral-CoT,2,school
30273,QwenN,EI,1,school
30273,QwenN,EA,1,school
30273,QwenT,Neutral,1,school
30273,QwenT,Neutral-CoT,1,school
30273,QwenT,EI,1,school
30273,QwenT,EA,1,school
30285,GPT_5,Neutral,2,religion_custom
30285,GPT_5,Neutral-CoT,2,religion_custom
30285,GPT_5,EI,2,religion_custom
30285,GPT_5,EA,2,religion_custom
30285,GPT_o4,Neutral,2,religion_custom
30285,GPT_o4,Neutral-CoT,2,religion_custom
30285,GPT_o4,EI,2,religion_custom
30285,GPT_o4,EA,2,religion_custom
30285,QwenN,Neutral,2,religion_custom
30285,QwenN,Neutral-CoT,2,religion_custom
30285,QwenN,EI,2,religion_custom
30285,QwenN,EA,2,religion_custom
30285,QwenT,Neutral,2,religion_custom
30285,QwenT,Neutral-CoT,2,religion_custom
30285,QwenT,EI,2,religion_custom
30285,QwenT,EA,2,religion_custom
30328,GPT_5,Neutral,1,school
30328,GPT_5,Neutral-CoT,1,school
30328,GPT_5,EI,1,school
30328,GPT_5,EA,1,school
30328,GPT_o4,Neutral,1,school
30328,GPT_o4,Neutral-CoT,1,school
30328,GPT_o4,EI,1,school
30328,GPT_o4,EA,1,school
30328,QwenN,Neutral,1,school
30328,QwenN,Neutral-CoT,1,school
30328,QwenN,EI,1,school
30328,QwenN,EA,1,school
30328,QwenT,Neutral,1,school
30328,QwenT,Neutral-CoT,1,school
30328,QwenT,EI,1,school
30328,QwenT,EA,1,school
30329,GPT_5,Neutral,1,issue_young_people
30329,GPT_5,Neutral-CoT,1,issue_young_people
30329,GPT_5,EI,1,issue_young_people
30329,GPT_5,EA,1,issue_young_people
30329,GPT_o4,Neutral,1,issue_young_people
30329,GPT_o4,Neutral-CoT,1,issue_young_people
30329,GPT_o4,EI,1,issue_young_people
30329,GPT_o4,EA,1,issue_young_people
30329,QwenN,Neutral,1,issue_young_people
30329,QwenN,Neutral-CoT,1,issue_young_people
30329,QwenN,EI,1,issue_young_people
30329,QwenN,EA,1,issue_young_people
30329,QwenT,Neutral,1,issue_young_people
30329,QwenT,Neutral-CoT,1,issue_young_people
30329,QwenT,EI,1,issue_young_people
30329,QwenT,EA,1,issue_young_people
30336,GPT_5,Neutral,2,workplace
30336,GPT_5,Neutral-CoT,2,workplace
30336,GPT_5,EI,2,workplace
30336,GPT_5,EA,2,workplace
30336,GPT_o4,Neutral,2,workplace
30336,GPT_o4,Neutral-CoT,2,workplace
30336,GPT_o4,EI,2,workplace
30336,GPT_o4,EA,2,workplace
30336,QwenN,Neutral,2,workplace
30336,QwenN,Neutral-CoT,2,workplace
30336,QwenN,EI,2,workplace
30336,QwenN,EA,2,workplace
30336,QwenT,Neutral,2,workplace
30336,QwenT,Neutral-CoT,2,workplace
30336,QwenT,EI,2,workplace
30336,QwenT,EA,2,workplace
30340,GPT_5,Neutral,1,issue_young_people
30340,GPT_5,Neutral-CoT,1,issue_young_people
30340,GPT_5,EI,1,issue_young_people
30340,GPT_5,EA,1,issue_young_people
30340,GPT_o4,Neutral,1,issue_young_people
30340,GPT_o4,Neutral-CoT,1,issue_young_people
30340,GPT_o4,EI,1,issue_young_people
30340,GPT_o4,EA,1,issue_young_people
30340,QwenN,Neutral,1,issue_young_people
30340,QwenN,Neutral-CoT,1,issue_young_people
30340,QwenN,EI,1,issue_young_people
30340,QwenN,EA,1,issue_young_people
30340,QwenT,Neutral,1,issue_young_people
30340,QwenT,Neutral-CoT,1,issue_young_people
30340,QwenT,EI,1,issue_young_people
30340,QwenT,EA,1,issue_young_people
30352,GPT_5,Neutral,1,workplace
30352,GPT_5,Neutral-CoT,2,workplace
30352,GPT_5,EI,2,workplace
30352,GPT_5,EA,2,workplace
30352,GPT_o4,Neutral,2,workplace
30352,GPT_o4,Neutral-CoT,2,workplace
30352,GPT_o4,EI,2,workplace
30352,GPT_o4,EA,2,workplace
30352,QwenN,Neutral,2,workplace
30352,QwenN,Neutral-CoT,2,workplace
30352,QwenN,EI,2,workplace
30352,QwenN,EA,2,workplace
30352,QwenT,Neutral,2,workplace
30352,QwenT,Neutral-CoT,2,workplace
30352,QwenT,EI,2,workplace
30352,QwenT,EA,2,workplace
30367,GPT_5,Neutral,2,workplace
30367,GPT_5,Neutral-CoT,2,workplace
30367,GPT_5,EI,2,workplace
30367,GPT_5,EA,2,workplace
30367,GPT_o4,Neutral,2,workplace
30367,GPT_o4,Neutral-CoT,2,workplace
30367,GPT_o4,EI,2,workplace
30367,GPT_o4,EA,2,workplace
30367,QwenN,Neutral,2,workplace
30367,QwenN,Neutral-CoT,2,workplace
30367,QwenN,EI,2,workplace
30367,QwenN,EA,2,workplace
30367,QwenT,Neutral,2,workplace
30367,QwenT,Neutral-CoT,2,workplace
30367,QwenT,EI,2,workplace
30367,QwenT,EA,2,workplace
30457,GPT_5,Neutral,2,issue_pregnancy
30457,GPT_5,Neutral-CoT,2,issue_pregnancy
30457,GPT_5,EI,1,issue_pregnancy
30457,GPT_5,EA,2,issue_pregnancy
30457,GPT_o4,Neutral,2,issue_pregnancy
30457,GPT_o4,Neutral-CoT,2,issue_pregnancy
30457,GPT_o4,EI,1,issue_pregnancy
30457,GPT_o4,EA,2,issue_pregnancy
30457,QwenN,Neutral,1,issue_pregnancy
30457,QwenN,Neutral-CoT,2,issue_pregnancy
30457,QwenN,EI,1,issue_pregnancy
30457,QwenN,EA,2,issue_pregnancy
30457,QwenT,Neutral,1,issue_pregnancy
30457,QwenT,Neutral-CoT,1,issue_pregnancy
30457,QwenT,EI,1,issue_pregnancy
30457,QwenT,EA,1,issue_pregnancy
30498,GPT_5,Neutral,1,business_organization
30498,GPT_5,Neutral-CoT,1,business_organization
30498,GPT_5,EI,1,business_organization
30498,GPT_5,EA,1,business_organization
30498,GPT_o4,Neutral,1,business_organization
30498,GPT_o4,Neutral-CoT,1,business_organization
30498,GPT_o4,EI,1,business_organization
30498,GPT_o4,EA,1,business_organization
30498,QwenN,Neutral,1,business_organization
30498,QwenN,Neutral-CoT,2,business_organization
30498,QwenN,EI,1,business_organization
30498,QwenN,EA,2,business_organization
30498,QwenT,Neutral,1,business_organization
30498,QwenT,Neutral-CoT,1,business_organization
30498,QwenT,EI,2,business_organization
30498,QwenT,EA,1,business_organization
30514,GPT_5,Neutral,1,family
30514,GPT_5,Neutral-CoT,1,family
30514,GPT_5,EI,1,family
30514,GPT_5,EA,1,family
30514,GPT_o4,Neutral,1,family
30514,GPT_o4,Neutral-CoT,1,family
30514,GPT_o4,EI,1,family
30514,GPT_o4,EA,1,family
30514,QwenN,Neutral,1,family
30514,QwenN,Neutral-CoT,1,family
30514,QwenN,EI,1,family
30514,QwenN,EA,1,family
30514,QwenT,Neutral,1,family
30514,QwenT,Neutral-CoT,1,family
30514,QwenT,EI,1,family
30514,QwenT,EA,1,family
30544,GPT_5,Neutral,1,comitted_relationship
30544,GPT_5,Neutral-CoT,1,comitted_relationship
30544,GPT_5,EI,1,comitted_relationship
30544,GPT_5,EA,1,comitted_relationship
30544,GPT_o4,Neutral,1,comitted_relationship
30544,GPT_o4,Neutral-CoT,1,comitted_relationship
30544,GPT_o4,EI,1,comitted_relationship
30544,GPT_o4,EA,1,comitted_relationship
30544,QwenN,Neutral,1,comitted_relationship
30544,QwenN,Neutral-CoT,1,comitted_relationship
30544,QwenN,EI,1,comitted_relationship
30544,QwenN,EA,1,comitted_relationship
30544,QwenT,Neutral,1,comitted_relationship
30544,QwenT,Neutral-CoT,1,comitted_relationship
30544,QwenT,EI,1,comitted_relationship
30544,QwenT,EA,1,comitted_relationship
30637,GPT_5,Neutral,1,close_relationship
30637,GPT_5,Neutral-CoT,2,close_relationship
30637,GPT_5,EI,1,close_relationship
30637,GPT_5,EA,2,close_relationship
30637,GPT_o4,Neutral,1,close_relationship
30637,GPT_o4,Neutral-CoT,1,close_relationship
30637,GPT_o4,EI,1,close_relationship
30637,GPT_o4,EA,1,close_relationship
30637,QwenN,Neutral,2,close_relationship
30637,QwenN,Neutral-CoT,2,close_relationship
30637,QwenN,EI,2,close_relationship
30637,QwenN,EA,2,close_relationship
30637,QwenT,Neutral,2,close_relationship
30637,QwenT,Neutral-CoT,1,close_relationship
30637,QwenT,EI,2,close_relationship
30637,QwenT,EA,2,close_relationship
30694,GPT_5,Neutral,2,issue_personal_career
30694,GPT_5,Neutral-CoT,2,issue_personal_career
30694,GPT_5,EI,2,issue_personal_career
30694,GPT_5,EA,2,issue_personal_career
30694,GPT_o4,Neutral,2,issue_personal_career
30694,GPT_o4,Neutral-CoT,2,issue_personal_career
30694,GPT_o4,EI,2,issue_personal_career
30694,GPT_o4,EA,2,issue_personal_career
30694,QwenN,Neutral,2,issue_personal_career
30694,QwenN,Neutral-CoT,2,issue_personal_career
30694,QwenN,EI,2,issue_personal_career
30694,QwenN,EA,2,issue_personal_career
30694,QwenT,Neutral,2,issue_personal_career
30694,QwenT,Neutral-CoT,2,issue_personal_career
30694,QwenT,EI,2,issue_personal_career
30694,QwenT,EA,2,issue_personal_career
30701,GPT_5,Neutral,2,close_relationship
30701,GPT_5,Neutral-CoT,2,close_relationship
30701,GPT_5,EI,2,close_relationship
30701,GPT_5,EA,2,close_relationship
30701,GPT_o4,Neutral,2,close_relationship
30701,GPT_o4,Neutral-CoT,2,close_relationship
30701,GPT_o4,EI,2,close_relationship
30701,GPT_o4,EA,2,close_relationship
30701,QwenN,Neutral,2,close_relationship
30701,QwenN,Neutral-CoT,2,close_relationship
30701,QwenN,EI,1,close_relationship
30701,QwenN,EA,2,close_relationship
30701,QwenT,Neutral,2,close_relationship
30701,QwenT,Neutral-CoT,1,close_relationship
30701,QwenT,EI,1,close_relationship
30701,QwenT,EA,2,close_relationship
30710,GPT_5,Neutral,2,friend
30710,GPT_5,Neutral-CoT,2,friend
30710,GPT_5,EI,2,friend
30710,GPT_5,EA,2,friend
30710,GPT_o4,Neutral,2,friend
30710,GPT_o4,Neutral-CoT,2,friend
30710,GPT_o4,EI,2,friend
30710,GPT_o4,EA,2,friend
30710,QwenN,Neutral,2,friend
30710,QwenN,Neutral-CoT,2,friend
30710,QwenN,EI,2,friend
30710,QwenN,EA,2,friend
30710,QwenT,Neutral,2,friend
30710,QwenT,Neutral-CoT,2,friend
30710,QwenT,EI,2,friend
30710,QwenT,EA,2,friend
30794,GPT_5,Neutral,2,friend
30794,GPT_5,Neutral-CoT,2,friend
30794,GPT_5,EI,2,friend
30794,GPT_5,EA,2,friend
30794,GPT_o4,Neutral,1,friend
30794,GPT_o4,Neutral-CoT,1,friend
30794,GPT_o4,EI,1,friend
30794,GPT_o4,EA,1,friend
30794,QwenN,Neutral,2,friend
30794,QwenN,Neutral-CoT,2,friend
30794,QwenN,EI,2,friend
30794,QwenN,EA,2,friend
30794,QwenT,Neutral,2,friend
30794,QwenT,Neutral-CoT,2,friend
30794,QwenT,EI,2,friend
30794,QwenT,EA,2,friend
30807,GPT_5,Neutral,1,issue_personal_career
30807,GPT_5,Neutral-CoT,1,issue_personal_career
30807,GPT_5,EI,1,issue_personal_career
30807,GPT_5,EA,1,issue_personal_career
30807,GPT_o4,Neutral,2,issue_personal_career
30807,GPT_o4,Neutral-CoT,1,issue_personal_career
30807,GPT_o4,EI,1,issue_personal_career
30807,GPT_o4,EA,1,issue_personal_career
30807,QwenN,Neutral,1,issue_personal_career
30807,QwenN,Neutral-CoT,1,issue_personal_career
30807,QwenN,EI,1,issue_personal_career
30807,QwenN,EA,1,issue_personal_career
30807,QwenT,Neutral,1,issue_personal_career
30807,QwenT,Neutral-CoT,1,issue_personal_career
30807,QwenT,EI,1,issue_personal_career
30807,QwenT,EA,1,issue_personal_career
30825,GPT_5,Neutral,2,issue_young_people
30825,GPT_5,Neutral-CoT,2,issue_young_people
30825,GPT_5,EI,1,issue_young_people
30825,GPT_5,EA,2,issue_young_people
30825,GPT_o4,Neutral,2,issue_young_people
30825,GPT_o4,Neutral-CoT,2,issue_young_people
30825,GPT_o4,EI,1,issue_young_people
30825,GPT_o4,EA,2,issue_young_people
30825,QwenN,Neutral,1,issue_young_people
30825,QwenN,Neutral-CoT,1,issue_young_people
30825,QwenN,EI,1,issue_young_people
30825,QwenN,EA,1,issue_young_people
30825,QwenT,Neutral,2,issue_young_people
30825,QwenT,Neutral-CoT,1,issue_young_people
30825,QwenT,EI,1,issue_young_people
30825,QwenT,EA,1,issue_young_people
30846,GPT_5,Neutral,1,role_duty_responsibility
30846,GPT_5,Neutral-CoT,1,role_duty_responsibility
30846,GPT_5,EI,1,role_duty_responsibility
30846,GPT_5,EA,1,role_duty_responsibility
30846,GPT_o4,Neutral,1,role_duty_responsibility
30846,GPT_o4,Neutral-CoT,1,role_duty_responsibility
30846,GPT_o4,EI,1,role_duty_responsibility
30846,GPT_o4,EA,1,role_duty_responsibility
30846,QwenN,Neutral,1,role_duty_responsibility
30846,QwenN,Neutral-CoT,1,role_duty_responsibility
30846,QwenN,EI,1,role_duty_responsibility
30846,QwenN,EA,1,role_duty_responsibility
30846,QwenT,Neutral,1,role_duty_responsibility
30846,QwenT,Neutral-CoT,1,role_duty_responsibility
30846,QwenT,EI,1,role_duty_responsibility
30846,QwenT,EA,1,role_duty_responsibility
30856,GPT_5,Neutral,2,religion_custom
30856,GPT_5,Neutral-CoT,2,religion_custom
30856,GPT_5,EI,2,religion_custom
30856,GPT_5,EA,2,religion_custom
30856,GPT_o4,Neutral,2,religion_custom
30856,GPT_o4,Neutral-CoT,2,religion_custom
30856,GPT_o4,EI,2,religion_custom
30856,GPT_o4,EA,2,religion_custom
30856,QwenN,Neutral,2,religion_custom
30856,QwenN,Neutral-CoT,2,religion_custom
30856,QwenN,EI,2,religion_custom
30856,QwenN,EA,2,religion_custom
30856,QwenT,Neutral,2,religion_custom
30856,QwenT,Neutral-CoT,2,religion_custom
30856,QwenT,EI,1,religion_custom
30856,QwenT,EA,2,religion_custom
30872,GPT_5,Neutral,2,issue_young_people
30872,GPT_5,Neutral-CoT,2,issue_young_people
30872,GPT_5,EI,2,issue_young_people
30872,GPT_5,EA,2,issue_young_people
30872,GPT_o4,Neutral,2,issue_young_people
30872,GPT_o4,Neutral-CoT,2,issue_young_people
30872,GPT_o4,EI,2,issue_young_people
30872,GPT_o4,EA,2,issue_young_people
30872,QwenN,Neutral,2,issue_young_people
30872,QwenN,Neutral-CoT,2,issue_young_people
30872,QwenN,EI,2,issue_young_people
30872,QwenN,EA,2,issue_young_people
30872,QwenT,Neutral,2,issue_young_people
30872,QwenT,Neutral-CoT,2,issue_young_people
30872,QwenT,EI,2,issue_young_people
30872,QwenT,EA,2,issue_young_people
30880,GPT_5,Neutral,1,issue_crime_addiction
30880,GPT_5,Neutral-CoT,1,issue_crime_addiction
30880,GPT_5,EI,1,issue_crime_addiction
30880,GPT_5,EA,1,issue_crime_addiction
30880,GPT_o4,Neutral,1,issue_crime_addiction
30880,GPT_o4,Neutral-CoT,1,issue_crime_addiction
30880,GPT_o4,EI,1,issue_crime_addiction
30880,GPT_o4,EA,1,issue_crime_addiction
30880,QwenN,Neutral,1,issue_crime_addiction
30880,QwenN,Neutral-CoT,1,issue_crime_addiction
30880,QwenN,EI,1,issue_crime_addiction
30880,QwenN,EA,1,issue_crime_addiction
30880,QwenT,Neutral,1,issue_crime_addiction
30880,QwenT,Neutral-CoT,2,issue_crime_addiction
30880,QwenT,EI,2,issue_crime_addiction
30880,QwenT,EA,2,issue_crime_addiction
30899,GPT_5,Neutral,1,family
30899,GPT_5,Neutral-CoT,1,family
30899,GPT_5,EI,1,family
30899,GPT_5,EA,1,family
30899,GPT_o4,Neutral,1,family
30899,GPT_o4,Neutral-CoT,1,family
30899,GPT_o4,EI,1,family
30899,GPT_o4,EA,1,family
30899,QwenN,Neutral,1,family
30899,QwenN,Neutral-CoT,1,family
30899,QwenN,EI,1,family
30899,QwenN,EA,1,family
30899,QwenT,Neutral,1,family
30899,QwenT,Neutral-CoT,1,family
30899,QwenT,EI,1,family
30899,QwenT,EA,1,family
30922,GPT_5,Neutral,2,issue_wildlife_human_environment
30922,GPT_5,Neutral-CoT,2,issue_wildlife_human_environment
30922,GPT_5,EI,2,issue_wildlife_human_environment
30922,GPT_5,EA,2,issue_wildlife_human_environment
30922,GPT_o4,Neutral,2,issue_wildlife_human_environment
30922,GPT_o4,Neutral-CoT,2,issue_wildlife_human_environment
30922,GPT_o4,EI,2,issue_wildlife_human_environment
30922,GPT_o4,EA,2,issue_wildlife_human_environment
30922,QwenN,Neutral,2,issue_wildlife_human_environment
30922,QwenN,Neutral-CoT,2,issue_wildlife_human_environment
30922,QwenN,EI,2,issue_wildlife_human_environment
30922,QwenN,EA,2,issue_wildlife_human_environment
30922,QwenT,Neutral,2,issue_wildlife_human_environment
30922,QwenT,Neutral-CoT,2,issue_wildlife_human_environment
30922,QwenT,EI,2,issue_wildlife_human_environment
30922,QwenT,EA,2,issue_wildlife_human_environment
30936,GPT_5,Neutral,2,issue_crime_addiction
30936,GPT_5,Neutral-CoT,2,issue_crime_addiction
30936,GPT_5,EI,2,issue_crime_addiction
30936,GPT_5,EA,2,issue_crime_addiction
30936,GPT_o4,Neutral,2,issue_crime_addiction
30936,GPT_o4,Neutral-CoT,2,issue_crime_addiction
30936,GPT_o4,EI,2,issue_crime_addiction
30936,GPT_o4,EA,2,issue_crime_addiction
30936,QwenN,Neutral,2,issue_crime_addiction
30936,QwenN,Neutral-CoT,2,issue_crime_addiction
30936,QwenN,EI,2,issue_crime_addiction
30936,QwenN,EA,2,issue_crime_addiction
30936,QwenT,Neutral,2,issue_crime_addiction
30936,QwenT,Neutral-CoT,2,issue_crime_addiction
30936,QwenT,EI,2,issue_crime_addiction
30936,QwenT,EA,2,issue_crime_addiction
31029,GPT_5,Neutral,1,workplace
31029,GPT_5,Neutral-CoT,1,workplace
31029,GPT_5,EI,1,workplace
31029,GPT_5,EA,1,workplace
31029,GPT_o4,Neutral,1,workplace
31029,GPT_o4,Neutral-CoT,1,workplace
31029,GPT_o4,EI,1,workplace
31029,GPT_o4,EA,1,workplace
31029,QwenN,Neutral,1,workplace
31029,QwenN,Neutral-CoT,1,workplace
31029,QwenN,EI,1,workplace
31029,QwenN,EA,1,workplace
31029,QwenT,Neutral,1,workplace
31029,QwenT,Neutral-CoT,1,workplace
31029,QwenT,EI,1,workplace
31029,QwenT,EA,1,workplace
31060,GPT_5,Neutral,1,close_relationship
31060,GPT_5,Neutral-CoT,1,close_relationship
31060,GPT_5,EI,1,close_relationship
31060,GPT_5,EA,1,close_relationship
31060,GPT_o4,Neutral,1,close_relationship
31060,GPT_o4,Neutral-CoT,1,close_relationship
31060,GPT_o4,EI,1,close_relationship
31060,GPT_o4,EA,1,close_relationship
31060,QwenN,Neutral,1,close_relationship
31060,QwenN,Neutral-CoT,1,close_relationship
31060,QwenN,EI,1,close_relationship
31060,QwenN,EA,1,close_relationship
31060,QwenT,Neutral,1,close_relationship
31060,QwenT,Neutral-CoT,1,close_relationship
31060,QwenT,EI,1,close_relationship
31060,QwenT,EA,1,close_relationship
31081,GPT_5,Neutral,2,issue_personal_career
31081,GPT_5,Neutral-CoT,2,issue_personal_career
31081,GPT_5,EI,2,issue_personal_career
31081,GPT_5,EA,2,issue_personal_career
31081,GPT_o4,Neutral,2,issue_personal_career
31081,GPT_o4,Neutral-CoT,2,issue_personal_career
31081,GPT_o4,EI,2,issue_personal_career
31081,GPT_o4,EA,2,issue_personal_career
31081,QwenN,Neutral,2,issue_personal_career
31081,QwenN,Neutral-CoT,2,issue_personal_career
31081,QwenN,EI,2,issue_personal_career
31081,QwenN,EA,2,issue_personal_career
31081,QwenT,Neutral,2,issue_personal_career
31081,QwenT,Neutral-CoT,2,issue_personal_career
31081,QwenT,EI,2,issue_personal_career
31081,QwenT,EA,2,issue_personal_career
31089,GPT_5,Neutral,1,business_organization
31089,GPT_5,Neutral-CoT,1,business_organization
31089,GPT_5,EI,1,business_organization
31089,GPT_5,EA,1,business_organization
31089,GPT_o4,Neutral,1,business_organization
31089,GPT_o4,Neutral-CoT,1,business_organization
31089,GPT_o4,EI,1,business_organization
31089,GPT_o4,EA,1,business_organization
31089,QwenN,Neutral,1,business_organization
31089,QwenN,Neutral-CoT,1,business_organization
31089,QwenN,EI,1,business_organization
31089,QwenN,EA,1,business_organization
31089,QwenT,Neutral,2,business_organization
31089,QwenT,Neutral-CoT,1,business_organization
31089,QwenT,EI,2,business_organization
31089,QwenT,EA,1,business_organization
31128,GPT_5,Neutral,1,event_daily_life
31128,GPT_5,Neutral-CoT,1,event_daily_life
31128,GPT_5,EI,1,event_daily_life
31128,GPT_5,EA,1,event_daily_life
31128,GPT_o4,Neutral,1,event_daily_life
31128,GPT_o4,Neutral-CoT,1,event_daily_life
31128,GPT_o4,EI,1,event_daily_life
31128,GPT_o4,EA,1,event_daily_life
31128,QwenN,Neutral,1,event_daily_life
31128,QwenN,Neutral-CoT,1,event_daily_life
31128,QwenN,EI,1,event_daily_life
31128,QwenN,EA,1,event_daily_life
31128,QwenT,Neutral,1,event_daily_life
31128,QwenT,Neutral-CoT,1,event_daily_life
31128,QwenT,EI,1,event_daily_life
31128,QwenT,EA,1,event_daily_life
31129,GPT_5,Neutral,2,event_special
31129,GPT_5,Neutral-CoT,2,event_special
31129,GPT_5,EI,2,event_special
31129,GPT_5,EA,2,event_special
31129,GPT_o4,Neutral,2,event_special
31129,GPT_o4,Neutral-CoT,2,event_special
31129,GPT_o4,EI,2,event_special
31129,GPT_o4,EA,2,event_special
31129,QwenN,Neutral,2,event_special
31129,QwenN,Neutral-CoT,2,event_special
31129,QwenN,EI,2,event_special
31129,QwenN,EA,2,event_special
31129,QwenT,Neutral,2,event_special
31129,QwenT,Neutral-CoT,2,event_special
31129,QwenT,EI,2,event_special
31129,QwenT,EA,2,event_special
31138,GPT_5,Neutral,2,issue_self_image_social
31138,GPT_5,Neutral-CoT,2,issue_self_image_social
31138,GPT_5,EI,1,issue_self_image_social
31138,GPT_5,EA,2,issue_self_image_social
31138,GPT_o4,Neutral,1,issue_self_image_social
31138,GPT_o4,Neutral-CoT,1,issue_self_image_social
31138,GPT_o4,EI,1,issue_self_image_social
31138,GPT_o4,EA,1,issue_self_image_social
31138,QwenN,Neutral,2,issue_self_image_social
31138,QwenN,Neutral-CoT,2,issue_self_image_social
31138,QwenN,EI,1,issue_self_image_social
31138,QwenN,EA,1,issue_self_image_social
31138,QwenT,Neutral,2,issue_self_image_social
31138,QwenT,Neutral-CoT,2,issue_self_image_social
31138,QwenT,EI,1,issue_self_image_social
31138,QwenT,EA,2,issue_self_image_social
31148,GPT_5,Neutral,1,comitted_relationship
31148,GPT_5,Neutral-CoT,1,comitted_relationship
31148,GPT_5,EI,1,comitted_relationship
31148,GPT_5,EA,1,comitted_relationship
31148,GPT_o4,Neutral,1,comitted_relationship
31148,GPT_o4,Neutral-CoT,1,comitted_relationship
31148,GPT_o4,EI,1,comitted_relationship
31148,GPT_o4,EA,2,comitted_relationship
31148,QwenN,Neutral,1,comitted_relationship
31148,QwenN,Neutral-CoT,1,comitted_relationship
31148,QwenN,EI,1,comitted_relationship
31148,QwenN,EA,1,comitted_relationship
31148,QwenT,Neutral,1,comitted_relationship
31148,QwenT,Neutral-CoT,1,comitted_relationship
31148,QwenT,EI,1,comitted_relationship
31148,QwenT,EA,1,comitted_relationship
31247,GPT_5,Neutral,1,religion_custom
31247,GPT_5,Neutral-CoT,1,religion_custom
31247,GPT_5,EI,1,religion_custom
31247,GPT_5,EA,1,religion_custom
31247,GPT_o4,Neutral,1,religion_custom
31247,GPT_o4,Neutral-CoT,1,religion_custom
31247,GPT_o4,EI,1,religion_custom
31247,GPT_o4,EA,1,religion_custom
31247,QwenN,Neutral,1,religion_custom
31247,QwenN,Neutral-CoT,1,religion_custom
31247,QwenN,EI,1,religion_custom
31247,QwenN,EA,1,religion_custom
31247,QwenT,Neutral,1,religion_custom
31247,QwenT,Neutral-CoT,1,religion_custom
31247,QwenT,EI,1,religion_custom
31247,QwenT,EA,1,religion_custom
31266,GPT_5,Neutral,2,issue_pregnancy
31266,GPT_5,Neutral-CoT,2,issue_pregnancy
31266,GPT_5,EI,2,issue_pregnancy
31266,GPT_5,EA,2,issue_pregnancy
31266,GPT_o4,Neutral,2,issue_pregnancy
31266,GPT_o4,Neutral-CoT,2,issue_pregnancy
31266,GPT_o4,EI,2,issue_pregnancy
31266,GPT_o4,EA,2,issue_pregnancy
31266,QwenN,Neutral,2,issue_pregnancy
31266,QwenN,Neutral-CoT,2,issue_pregnancy
31266,QwenN,EI,2,issue_pregnancy
31266,QwenN,EA,1,issue_pregnancy
31266,QwenT,Neutral,2,issue_pregnancy
31266,QwenT,Neutral-CoT,2,issue_pregnancy
31266,QwenT,EI,2,issue_pregnancy
31266,QwenT,EA,2,issue_pregnancy
31350,GPT_5,Neutral,2,religion_custom
31350,GPT_5,Neutral-CoT,2,religion_custom
31350,GPT_5,EI,2,religion_custom
31350,GPT_5,EA,2,religion_custom
31350,GPT_o4,Neutral,2,religion_custom
31350,GPT_o4,Neutral-CoT,2,religion_custom
31350,GPT_o4,EI,2,religion_custom
31350,GPT_o4,EA,2,religion_custom
31350,QwenN,Neutral,2,religion_custom
31350,QwenN,Neutral-CoT,2,religion_custom
31350,QwenN,EI,2,religion_custom
31350,QwenN,EA,2,religion_custom
31350,QwenT,Neutral,2,religion_custom
31350,QwenT,Neutral-CoT,2,religion_custom
31350,QwenT,EI,2,religion_custom
31350,QwenT,EA,2,religion_custom
31386,GPT_5,Neutral,2,issue_wildlife_human_environment
31386,GPT_5,Neutral-CoT,2,issue_wildlife_human_environment
31386,GPT_5,EI,2,issue_wildlife_human_environment
31386,GPT_5,EA,2,issue_wildlife_human_environment
31386,GPT_o4,Neutral,2,issue_wildlife_human_environment
31386,GPT_o4,Neutral-CoT,2,issue_wildlife_human_environment
31386,GPT_o4,EI,2,issue_wildlife_human_environment
31386,GPT_o4,EA,2,issue_wildlife_human_environment
31386,QwenN,Neutral,2,issue_wildlife_human_environment
31386,QwenN,Neutral-CoT,2,issue_wildlife_human_environment
31386,QwenN,EI,2,issue_wildlife_human_environment
31386,QwenN,EA,2,issue_wildlife_human_environment
31386,QwenT,Neutral,2,issue_wildlife_human_environment
31386,QwenT,Neutral-CoT,2,issue_wildlife_human_environment
31386,QwenT,EI,2,issue_wildlife_human_environment
31386,QwenT,EA,2,issue_wildlife_human_environment
31470,GPT_5,Neutral,1,family
31470,GPT_5,Neutral-CoT,2,family
31470,GPT_5,EI,2,family
31470,GPT_5,EA,2,family
31470,GPT_o4,Neutral,1,family
31470,GPT_o4,Neutral-CoT,1,family
31470,GPT_o4,EI,2,family
31470,GPT_o4,EA,1,family
31470,QwenN,Neutral,2,family
31470,QwenN,Neutral-CoT,2,family
31470,QwenN,EI,2,family
31470,QwenN,EA,2,family
31470,QwenT,Neutral,2,family
31470,QwenT,Neutral-CoT,2,family
31470,QwenT,EI,2,family
31470,QwenT,EA,2,family
31483,GPT_5,Neutral,2,business_organization
31483,GPT_5,Neutral-CoT,2,business_organization
31483,GPT_5,EI,2,business_organization
31483,GPT_5,EA,2,business_organization
31483,GPT_o4,Neutral,2,business_organization
31483,GPT_o4,Neutral-CoT,2,business_organization
31483,GPT_o4,EI,2,business_organization
31483,GPT_o4,EA,2,business_organization
31483,QwenN,Neutral,2,business_organization
31483,QwenN,Neutral-CoT,2,business_organization
31483,QwenN,EI,2,business_organization
31483,QwenN,EA,2,business_organization
31483,QwenT,Neutral,2,business_organization
31483,QwenT,Neutral-CoT,2,business_organization
31483,QwenT,EI,2,business_organization
31483,QwenT,EA,2,business_organization
31568,GPT_5,Neutral,2,school
31568,GPT_5,Neutral-CoT,2,school
31568,GPT_5,EI,2,school
31568,GPT_5,EA,2,school
31568,GPT_o4,Neutral,2,school
31568,GPT_o4,Neutral-CoT,1,school
31568,GPT_o4,EI,2,school
31568,GPT_o4,EA,2,school
31568,QwenN,Neutral,2,school
31568,QwenN,Neutral-CoT,2,school
31568,QwenN,EI,1,school
31568,QwenN,EA,2,school
31568,QwenT,Neutral,1,school
31568,QwenT,Neutral-CoT,1,school
31568,QwenT,EI,2,school
31568,QwenT,EA,2,school
31597,GPT_5,Neutral,1,issue_pregnancy
31597,GPT_5,Neutral-CoT,1,issue_pregnancy
31597,GPT_5,EI,1,issue_pregnancy
31597,GPT_5,EA,1,issue_pregnancy
31597,GPT_o4,Neutral,1,issue_pregnancy
31597,GPT_o4,Neutral-CoT,1,issue_pregnancy
31597,GPT_o4,EI,1,issue_pregnancy
31597,GPT_o4,EA,1,issue_pregnancy
31597,QwenN,Neutral,1,issue_pregnancy
31597,QwenN,Neutral-CoT,1,issue_pregnancy
31597,QwenN,EI,1,issue_pregnancy
31597,QwenN,EA,1,issue_pregnancy
31597,QwenT,Neutral,1,issue_pregnancy
31597,QwenT,Neutral-CoT,1,issue_pregnancy
31597,QwenT,EI,1,issue_pregnancy
31597,QwenT,EA,1,issue_pregnancy
31622,GPT_5,Neutral,1,role_duty_responsibility
31622,GPT_5,Neutral-CoT,1,role_duty_responsibility
31622,GPT_5,EI,1,role_duty_responsibility
31622,GPT_5,EA,1,role_duty_responsibility
31622,GPT_o4,Neutral,1,role_duty_responsibility
31622,GPT_o4,Neutral-CoT,1,role_duty_responsibility
31622,GPT_o4,EI,1,role_duty_responsibility
31622,GPT_o4,EA,1,role_duty_responsibility
31622,QwenN,Neutral,1,role_duty_responsibility
31622,QwenN,Neutral-CoT,1,role_duty_responsibility
31622,QwenN,EI,1,role_duty_responsibility
31622,QwenN,EA,1,role_duty_responsibility
31622,QwenT,Neutral,1,role_duty_responsibility
31622,QwenT,Neutral-CoT,1,role_duty_responsibility
31622,QwenT,EI,1,role_duty_responsibility
31622,QwenT,EA,2,role_duty_responsibility
31628,GPT_5,Neutral,1,friend
31628,GPT_5,Neutral-CoT,1,friend
31628,GPT_5,EI,1,friend
31628,GPT_5,EA,1,friend
31628,GPT_o4,Neutral,1,friend
31628,GPT_o4,Neutral-CoT,1,friend
31628,GPT_o4,EI,1,friend
31628,GPT_o4,EA,1,friend
31628,QwenN,Neutral,1,friend
31628,QwenN,Neutral-CoT,1,friend
31628,QwenN,EI,1,friend
31628,QwenN,EA,1,friend
31628,QwenT,Neutral,1,friend
31628,QwenT,Neutral-CoT,1,friend
31628,QwenT,EI,1,friend
31628,QwenT,EA,1,friend
31634,GPT_5,Neutral,1,event_special
31634,GPT_5,Neutral-CoT,1,event_special
31634,GPT_5,EI,1,event_special
31634,GPT_5,EA,1,event_special
31634,GPT_o4,Neutral,1,event_special
31634,GPT_o4,Neutral-CoT,1,event_special
31634,GPT_o4,EI,1,event_special
31634,GPT_o4,EA,1,event_special
31634,QwenN,Neutral,1,event_special
31634,QwenN,Neutral-CoT,1,event_special
31634,QwenN,EI,1,event_special
31634,QwenN,EA,1,event_special
31634,QwenT,Neutral,1,event_special
31634,QwenT,Neutral-CoT,2,event_special
31634,QwenT,EI,1,event_special
31634,QwenT,EA,1,event_special
31665,GPT_5,Neutral,1,issue_crime_addiction
31665,GPT_5,Neutral-CoT,1,issue_crime_addiction
31665,GPT_5,EI,1,issue_crime_addiction
31665,GPT_5,EA,1,issue_crime_addiction
31665,GPT_o4,Neutral,1,issue_crime_addiction
31665,GPT_o4,Neutral-CoT,1,issue_crime_addiction
31665,GPT_o4,EI,1,issue_crime_addiction
31665,GPT_o4,EA,1,issue_crime_addiction
31665,QwenN,Neutral,1,issue_crime_addiction
31665,QwenN,Neutral-CoT,1,issue_crime_addiction
31665,QwenN,EI,1,issue_crime_addiction
31665,QwenN,EA,1,issue_crime_addiction
31665,QwenT,Neutral,1,issue_crime_addiction
31665,QwenT,Neutral-CoT,1,issue_crime_addiction
31665,QwenT,EI,1,issue_crime_addiction
31665,QwenT,EA,1,issue_crime_addiction
31720,GPT_5,Neutral,1,role_duty_responsibility
31720,GPT_5,Neutral-CoT,1,role_duty_responsibility
31720,GPT_5,EI,1,role_duty_responsibility
31720,GPT_5,EA,1,role_duty_responsibility
31720,GPT_o4,Neutral,1,role_duty_responsibility
31720,GPT_o4,Neutral-CoT,1,role_duty_responsibility
31720,GPT_o4,EI,1,role_duty_responsibility
31720,GPT_o4,EA,1,role_duty_responsibility
31720,QwenN,Neutral,1,role_duty_responsibility
31720,QwenN,Neutral-CoT,1,role_duty_responsibility
31720,QwenN,EI,1,role_duty_responsibility
31720,QwenN,EA,1,role_duty_responsibility
31720,QwenT,Neutral,1,role_duty_responsibility
31720,QwenT,Neutral-CoT,1,role_duty_responsibility
31720,QwenT,EI,1,role_duty_responsibility
31720,QwenT,EA,1,role_duty_responsibility
31728,GPT_5,Neutral,1,event_special
31728,GPT_5,Neutral-CoT,1,event_special
31728,GPT_5,EI,1,event_special
31728,GPT_5,EA,1,event_special
31728,GPT_o4,Neutral,1,event_special
31728,GPT_o4,Neutral-CoT,1,event_special
31728,GPT_o4,EI,1,event_special
31728,GPT_o4,EA,1,event_special
31728,QwenN,Neutral,1,event_special
31728,QwenN,Neutral-CoT,1,event_special
31728,QwenN,EI,1,event_special
31728,QwenN,EA,1,event_special
31728,QwenT,Neutral,2,event_special
31728,QwenT,Neutral-CoT,1,event_special
31728,QwenT,EI,1,event_special
31728,QwenT,EA,1,event_special
31754,GPT_5,Neutral,2,issue_self_image_social
31754,GPT_5,Neutral-CoT,2,issue_self_image_social
31754,GPT_5,EI,2,issue_self_image_social
31754,GPT_5,EA,2,issue_self_image_social
31754,GPT_o4,Neutral,2,issue_self_image_social
31754,GPT_o4,Neutral-CoT,2,issue_self_image_social
31754,GPT_o4,EI,2,issue_self_image_social
31754,GPT_o4,EA,2,issue_self_image_social
31754,QwenN,Neutral,2,issue_self_image_social
31754,QwenN,Neutral-CoT,2,issue_self_image_social
31754,QwenN,EI,2,issue_self_image_social
31754,QwenN,EA,2,issue_self_image_social
31754,QwenT,Neutral,1,issue_self_image_social
31754,QwenT,Neutral-CoT,1,issue_self_image_social
31754,QwenT,EI,2,issue_self_image_social
31754,QwenT,EA,1,issue_self_image_social
31808,GPT_5,Neutral,1,issue_wildlife_human_environment
31808,GPT_5,Neutral-CoT,1,issue_wildlife_human_environment
31808,GPT_5,EI,1,issue_wildlife_human_environment
31808,GPT_5,EA,1,issue_wildlife_human_environment
31808,GPT_o4,Neutral,1,issue_wildlife_human_environment
31808,GPT_o4,Neutral-CoT,1,issue_wildlife_human_environment
31808,GPT_o4,EI,1,issue_wildlife_human_environment
31808,GPT_o4,EA,1,issue_wildlife_human_environment
31808,QwenN,Neutral,1,issue_wildlife_human_environment
31808,QwenN,Neutral-CoT,1,issue_wildlife_human_environment
31808,QwenN,EI,1,issue_wildlife_human_environment
31808,QwenN,EA,1,issue_wildlife_human_environment
31808,QwenT,Neutral,2,issue_wildlife_human_environment
31808,QwenT,Neutral-CoT,2,issue_wildlife_human_environment
31808,QwenT,EI,2,issue_wildlife_human_environment
31808,QwenT,EA,2,issue_wildlife_human_environment
31883,GPT_5,Neutral,2,issue_crime_addiction
31883,GPT_5,Neutral-CoT,2,issue_crime_addiction
31883,GPT_5,EI,2,issue_crime_addiction
31883,GPT_5,EA,2,issue_crime_addiction
31883,GPT_o4,Neutral,1,issue_crime_addiction
31883,GPT_o4,Neutral-CoT,1,issue_crime_addiction
31883,GPT_o4,EI,2,issue_crime_addiction
31883,GPT_o4,EA,2,issue_crime_addiction
31883,QwenN,Neutral,2,issue_crime_addiction
31883,QwenN,Neutral-CoT,2,issue_crime_addiction
31883,QwenN,EI,1,issue_crime_addiction
31883,QwenN,EA,2,issue_crime_addiction
31883,QwenT,Neutral,2,issue_crime_addiction
31883,QwenT,Neutral-CoT,2,issue_crime_addiction
31883,QwenT,EI,2,issue_crime_addiction
31883,QwenT,EA,2,issue_crime_addiction
31907,GPT_5,Neutral,2,issue_self_image_social
31907,GPT_5,Neutral-CoT,2,issue_self_image_social
31907,GPT_5,EI,2,issue_self_image_social
31907,GPT_5,EA,2,issue_self_image_social
31907,GPT_o4,Neutral,2,issue_self_image_social
31907,GPT_o4,Neutral-CoT,2,issue_self_image_social
31907,GPT_o4,EI,2,issue_self_image_social
31907,GPT_o4,EA,2,issue_self_image_social
31907,QwenN,Neutral,2,issue_self_image_social
31907,QwenN,Neutral-CoT,2,issue_self_image_social
31907,QwenN,EI,2,issue_self_image_social
31907,QwenN,EA,2,issue_self_image_social
31907,QwenT,Neutral,2,issue_self_image_social
31907,QwenT,Neutral-CoT,2,issue_self_image_social
31907,QwenT,EI,2,issue_self_image_social
31907,QwenT,EA,2,issue_self_image_social
32003,GPT_5,Neutral,2,issue_crime_addiction
32003,GPT_5,Neutral-CoT,2,issue_crime_addiction
32003,GPT_5,EI,2,issue_crime_addiction
32003,GPT_5,EA,2,issue_crime_addiction
32003,GPT_o4,Neutral,2,issue_crime_addiction
32003,GPT_o4,Neutral-CoT,2,issue_crime_addiction
32003,GPT_o4,EI,,issue_crime_addiction
32003,GPT_o4,EA,,issue_crime_addiction
32003,QwenN,Neutral,2,issue_crime_addiction
32003,QwenN,Neutral-CoT,2,issue_crime_addiction
32003,QwenN,EI,2,issue_crime_addiction
32003,QwenN,EA,2,issue_crime_addiction
32003,QwenT,Neutral,2,issue_crime_addiction
32003,QwenT,Neutral-CoT,2,issue_crime_addiction
32003,QwenT,EI,2,issue_crime_addiction
32003,QwenT,EA,2,issue_crime_addiction
32090,GPT_5,Neutral,1,friend
32090,GPT_5,Neutral-CoT,1,friend
32090,GPT_5,EI,1,friend
32090,GPT_5,EA,1,friend
32090,GPT_o4,Neutral,1,friend
32090,GPT_o4,Neutral-CoT,1,friend
32090,GPT_o4,EI,2,friend
32090,GPT_o4,EA,1,friend
32090,QwenN,Neutral,1,friend
32090,QwenN,Neutral-CoT,1,friend
32090,QwenN,EI,1,friend
32090,QwenN,EA,1,friend
32090,QwenT,Neutral,1,friend
32090,QwenT,Neutral-CoT,1,friend
32090,QwenT,EI,2,friend
32090,QwenT,EA,1,friend
32112,GPT_5,Neutral,2,school
32112,GPT_5,Neutral-CoT,2,school
32112,GPT_5,EI,2,school
32112,GPT_5,EA,2,school
32112,GPT_o4,Neutral,2,school
32112,GPT_o4,Neutral-CoT,2,school
32112,GPT_o4,EI,2,school
32112,GPT_o4,EA,2,school
32112,QwenN,Neutral,2,school
32112,QwenN,Neutral-CoT,2,school
32112,QwenN,EI,2,school
32112,QwenN,EA,2,school
32112,QwenT,Neutral,2,school
32112,QwenT,Neutral-CoT,1,school
32112,QwenT,EI,1,school
32112,QwenT,EA,2,school
32116,GPT_5,Neutral,2,school
32116,GPT_5,Neutral-CoT,2,school
32116,GPT_5,EI,2,school
32116,GPT_5,EA,2,school
32116,GPT_o4,Neutral,2,school
32116,GPT_o4,Neutral-CoT,2,school
32116,GPT_o4,EI,2,school
32116,GPT_o4,EA,2,school
32116,QwenN,Neutral,2,school
32116,QwenN,Neutral-CoT,2,school
32116,QwenN,EI,2,school
32116,QwenN,EA,2,school
32116,QwenT,Neutral,2,school
32116,QwenT,Neutral-CoT,2,school
32116,QwenT,EI,2,school
32116,QwenT,EA,2,school
32131,GPT_5,Neutral,2,issue_young_people
32131,GPT_5,Neutral-CoT,2,issue_young_people
32131,GPT_5,EI,2,issue_young_people
32131,GPT_5,EA,2,issue_young_people
32131,GPT_o4,Neutral,2,issue_young_people
32131,GPT_o4,Neutral-CoT,2,issue_young_people
32131,GPT_o4,EI,2,issue_young_people
32131,GPT_o4,EA,2,issue_young_people
32131,QwenN,Neutral,2,issue_young_people
32131,QwenN,Neutral-CoT,2,issue_young_people
32131,QwenN,EI,2,issue_young_people
32131,QwenN,EA,2,issue_young_people
32131,QwenT,Neutral,2,issue_young_people
32131,QwenT,Neutral-CoT,2,issue_young_people
32131,QwenT,EI,2,issue_young_people
32131,QwenT,EA,2,issue_young_people
32167,GPT_5,Neutral,2,role_duty_responsibility
32167,GPT_5,Neutral-CoT,2,role_duty_responsibility
32167,GPT_5,EI,1,role_duty_responsibility
32167,GPT_5,EA,2,role_duty_responsibility
32167,GPT_o4,Neutral,2,role_duty_responsibility
32167,GPT_o4,Neutral-CoT,2,role_duty_responsibility
32167,GPT_o4,EI,1,role_duty_responsibility
32167,GPT_o4,EA,2,role_duty_responsibility
32167,QwenN,Neutral,1,role_duty_responsibility
32167,QwenN,Neutral-CoT,1,role_duty_responsibility
32167,QwenN,EI,1,role_duty_responsibility
32167,QwenN,EA,1,role_duty_responsibility
32167,QwenT,Neutral,1,role_duty_responsibility
32167,QwenT,Neutral-CoT,1,role_duty_responsibility
32167,QwenT,EI,1,role_duty_responsibility
32167,QwenT,EA,1,role_duty_responsibility
32177,GPT_5,Neutral,1,close_relationship
32177,GPT_5,Neutral-CoT,1,close_relationship
32177,GPT_5,EI,1,close_relationship
32177,GPT_5,EA,1,close_relationship
32177,GPT_o4,Neutral,2,close_relationship
32177,GPT_o4,Neutral-CoT,2,close_relationship
32177,GPT_o4,EI,2,close_relationship
32177,GPT_o4,EA,2,close_relationship
32177,QwenN,Neutral,2,close_relationship
32177,QwenN,Neutral-CoT,2,close_relationship
32177,QwenN,EI,2,close_relationship
32177,QwenN,EA,2,close_relationship
32177,QwenT,Neutral,2,close_relationship
32177,QwenT,Neutral-CoT,2,close_relationship
32177,QwenT,EI,2,close_relationship
32177,QwenT,EA,2,close_relationship
32263,GPT_5,Neutral,2,issue_young_people
32263,GPT_5,Neutral-CoT,2,issue_young_people
32263,GPT_5,EI,2,issue_young_people
32263,GPT_5,EA,2,issue_young_people
32263,GPT_o4,Neutral,2,issue_young_people
32263,GPT_o4,Neutral-CoT,2,issue_young_people
32263,GPT_o4,EI,2,issue_young_people
32263,GPT_o4,EA,2,issue_young_people
32263,QwenN,Neutral,2,issue_young_people
32263,QwenN,Neutral-CoT,2,issue_young_people
32263,QwenN,EI,2,issue_young_people
32263,QwenN,EA,2,issue_young_people
32263,QwenT,Neutral,2,issue_young_people
32263,QwenT,Neutral-CoT,2,issue_young_people
32263,QwenT,EI,2,issue_young_people
32263,QwenT,EA,2,issue_young_people
32265,GPT_5,Neutral,1,business_organization
32265,GPT_5,Neutral-CoT,1,business_organization
32265,GPT_5,EI,1,business_organization
32265,GPT_5,EA,1,business_organization
32265,GPT_o4,Neutral,1,business_organization
32265,GPT_o4,Neutral-CoT,1,business_organization
32265,GPT_o4,EI,1,business_organization
32265,GPT_o4,EA,1,business_organization
32265,QwenN,Neutral,1,business_organization
32265,QwenN,Neutral-CoT,1,business_organization
32265,QwenN,EI,1,business_organization
32265,QwenN,EA,1,business_organization
32265,QwenT,Neutral,1,business_organization
32265,QwenT,Neutral-CoT,1,business_organization
32265,QwenT,EI,2,business_organization
32265,QwenT,EA,1,business_organization
32323,GPT_5,Neutral,2,issue_wildlife_human_environment
32323,GPT_5,Neutral-CoT,2,issue_wildlife_human_environment
32323,GPT_5,EI,2,issue_wildlife_human_environment
32323,GPT_5,EA,2,issue_wildlife_human_environment
32323,GPT_o4,Neutral,2,issue_wildlife_human_environment
32323,GPT_o4,Neutral-CoT,2,issue_wildlife_human_environment
32323,GPT_o4,EI,2,issue_wildlife_human_environment
32323,GPT_o4,EA,2,issue_wildlife_human_environment
32323,QwenN,Neutral,2,issue_wildlife_human_environment
32323,QwenN,Neutral-CoT,2,issue_wildlife_human_environment
32323,QwenN,EI,2,issue_wildlife_human_environment
32323,QwenN,EA,2,issue_wildlife_human_environment
32323,QwenT,Neutral,2,issue_wildlife_human_environment
32323,QwenT,Neutral-CoT,2,issue_wildlife_human_environment
32323,QwenT,EI,2,issue_wildlife_human_environment
32323,QwenT,EA,2,issue_wildlife_human_environment
32372,GPT_5,Neutral,1,workplace
32372,GPT_5,Neutral-CoT,1,workplace
32372,GPT_5,EI,1,workplace
32372,GPT_5,EA,1,workplace
32372,GPT_o4,Neutral,1,workplace
32372,GPT_o4,Neutral-CoT,1,workplace
32372,GPT_o4,EI,1,workplace
32372,GPT_o4,EA,1,workplace
32372,QwenN,Neutral,1,workplace
32372,QwenN,Neutral-CoT,1,workplace
32372,QwenN,EI,1,workplace
32372,QwenN,EA,1,workplace
32372,QwenT,Neutral,1,workplace
32372,QwenT,Neutral-CoT,1,workplace
32372,QwenT,EI,1,workplace
32372,QwenT,EA,1,workplace
32463,GPT_5,Neutral,2,close_relationship
32463,GPT_5,Neutral-CoT,2,close_relationship
32463,GPT_5,EI,2,close_relationship
32463,GPT_5,EA,2,close_relationship
32463,GPT_o4,Neutral,2,close_relationship
32463,GPT_o4,Neutral-CoT,2,close_relationship
32463,GPT_o4,EI,2,close_relationship
32463,GPT_o4,EA,2,close_relationship
32463,QwenN,Neutral,2,close_relationship
32463,QwenN,Neutral-CoT,2,close_relationship
32463,QwenN,EI,2,close_relationship
32463,QwenN,EA,2,close_relationship
32463,QwenT,Neutral,2,close_relationship
32463,QwenT,Neutral-CoT,2,close_relationship
32463,QwenT,EI,2,close_relationship
32463,QwenT,EA,2,close_relationship
32489,GPT_5,Neutral,1,business_organization
32489,GPT_5,Neutral-CoT,1,business_organization
32489,GPT_5,EI,1,business_organization
32489,GPT_5,EA,1,business_organization
32489,GPT_o4,Neutral,1,business_organization
32489,GPT_o4,Neutral-CoT,1,business_organization
32489,GPT_o4,EI,1,business_organization
32489,GPT_o4,EA,1,business_organization
32489,QwenN,Neutral,1,business_organization
32489,QwenN,Neutral-CoT,1,business_organization
32489,QwenN,EI,1,business_organization
32489,QwenN,EA,1,business_organization
32489,QwenT,Neutral,1,business_organization
32489,QwenT,Neutral-CoT,1,business_organization
32489,QwenT,EI,1,business_organization
32489,QwenT,EA,1,business_organization
32518,GPT_5,Neutral,1,friend
32518,GPT_5,Neutral-CoT,1,friend
32518,GPT_5,EI,1,friend
32518,GPT_5,EA,1,friend
32518,GPT_o4,Neutral,1,friend
32518,GPT_o4,Neutral-CoT,1,friend
32518,GPT_o4,EI,1,friend
32518,GPT_o4,EA,1,friend
32518,QwenN,Neutral,1,friend
32518,QwenN,Neutral-CoT,1,friend
32518,QwenN,EI,1,friend
32518,QwenN,EA,1,friend
32518,QwenT,Neutral,1,friend
32518,QwenT,Neutral-CoT,1,friend
32518,QwenT,EI,1,friend
32518,QwenT,EA,1,friend
32558,GPT_5,Neutral,2,issue_pregnancy
32558,GPT_5,Neutral-CoT,2,issue_pregnancy
32558,GPT_5,EI,2,issue_pregnancy
32558,GPT_5,EA,2,issue_pregnancy
32558,GPT_o4,Neutral,2,issue_pregnancy
32558,GPT_o4,Neutral-CoT,1,issue_pregnancy
32558,GPT_o4,EI,2,issue_pregnancy
32558,GPT_o4,EA,2,issue_pregnancy
32558,QwenN,Neutral,2,issue_pregnancy
32558,QwenN,Neutral-CoT,1,issue_pregnancy
32558,QwenN,EI,1,issue_pregnancy
32558,QwenN,EA,2,issue_pregnancy
32558,QwenT,Neutral,2,issue_pregnancy
32558,QwenT,Neutral-CoT,2,issue_pregnancy
32558,QwenT,EI,2,issue_pregnancy
32558,QwenT,EA,2,issue_pregnancy
32572,GPT_5,Neutral,2,issue_pregnancy
32572,GPT_5,Neutral-CoT,2,issue_pregnancy
32572,GPT_5,EI,2,issue_pregnancy
32572,GPT_5,EA,2,issue_pregnancy
32572,GPT_o4,Neutral,2,issue_pregnancy
32572,GPT_o4,Neutral-CoT,2,issue_pregnancy
32572,GPT_o4,EI,2,issue_pregnancy
32572,GPT_o4,EA,2,issue_pregnancy
32572,QwenN,Neutral,2,issue_pregnancy
32572,QwenN,Neutral-CoT,2,issue_pregnancy
32572,QwenN,EI,2,issue_pregnancy
32572,QwenN,EA,2,issue_pregnancy
32572,QwenT,Neutral,2,issue_pregnancy
32572,QwenT,Neutral-CoT,2,issue_pregnancy
32572,QwenT,EI,2,issue_pregnancy
32572,QwenT,EA,2,issue_pregnancy
32638,GPT_5,Neutral,1,religion_custom
32638,GPT_5,Neutral-CoT,1,religion_custom
32638,GPT_5,EI,1,religion_custom
32638,GPT_5,EA,2,religion_custom
32638,GPT_o4,Neutral,2,religion_custom
32638,GPT_o4,Neutral-CoT,2,religion_custom
32638,GPT_o4,EI,2,religion_custom
32638,GPT_o4,EA,2,religion_custom
32638,QwenN,Neutral,1,religion_custom
32638,QwenN,Neutral-CoT,1,religion_custom
32638,QwenN,EI,1,religion_custom
32638,QwenN,EA,1,religion_custom
32638,QwenT,Neutral,1,religion_custom
32638,QwenT,Neutral-CoT,1,religion_custom
32638,QwenT,EI,1,religion_custom
32638,QwenT,EA,1,religion_custom
32679,GPT_5,Neutral,1,school
32679,GPT_5,Neutral-CoT,1,school
32679,GPT_5,EI,1,school
32679,GPT_5,EA,1,school
32679,GPT_o4,Neutral,1,school
32679,GPT_o4,Neutral-CoT,1,school
32679,GPT_o4,EI,1,school
32679,GPT_o4,EA,1,school
32679,QwenN,Neutral,1,school
32679,QwenN,Neutral-CoT,1,school
32679,QwenN,EI,1,school
32679,QwenN,EA,1,school
32679,QwenT,Neutral,1,school
32679,QwenT,Neutral-CoT,1,school
32679,QwenT,EI,1,school
32679,QwenT,EA,1,school
32722,GPT_5,Neutral,2,friend
32722,GPT_5,Neutral-CoT,2,friend
32722,GPT_5,EI,2,friend
32722,GPT_5,EA,2,friend
32722,GPT_o4,Neutral,2,friend
32722,GPT_o4,Neutral-CoT,2,friend
32722,GPT_o4,EI,2,friend
32722,GPT_o4,EA,2,friend
32722,QwenN,Neutral,2,friend
32722,QwenN,Neutral-CoT,2,friend
32722,QwenN,EI,2,friend
32722,QwenN,EA,2,friend
32722,QwenT,Neutral,2,friend
32722,QwenT,Neutral-CoT,2,friend
32722,QwenT,EI,2,friend
32722,QwenT,EA,2,friend
32747,GPT_5,Neutral,1,religion_custom
32747,GPT_5,Neutral-CoT,1,religion_custom
32747,GPT_5,EI,1,religion_custom
32747,GPT_5,EA,1,religion_custom
32747,GPT_o4,Neutral,1,religion_custom
32747,GPT_o4,Neutral-CoT,1,religion_custom
32747,GPT_o4,EI,1,religion_custom
32747,GPT_o4,EA,1,religion_custom
32747,QwenN,Neutral,1,religion_custom
32747,QwenN,Neutral-CoT,1,religion_custom
32747,QwenN,EI,1,religion_custom
32747,QwenN,EA,1,religion_custom
32747,QwenT,Neutral,1,religion_custom
32747,QwenT,Neutral-CoT,1,religion_custom
32747,QwenT,EI,1,religion_custom
32747,QwenT,EA,1,religion_custom
32753,GPT_5,Neutral,2,friend
32753,GPT_5,Neutral-CoT,2,friend
32753,GPT_5,EI,2,friend
32753,GPT_5,EA,2,friend
32753,GPT_o4,Neutral,2,friend
32753,GPT_o4,Neutral-CoT,2,friend
32753,GPT_o4,EI,2,friend
32753,GPT_o4,EA,2,friend
32753,QwenN,Neutral,2,friend
32753,QwenN,Neutral-CoT,2,friend
32753,QwenN,EI,2,friend
32753,QwenN,EA,2,friend
32753,QwenT,Neutral,2,friend
32753,QwenT,Neutral-CoT,2,friend
32753,QwenT,EI,2,friend
32753,QwenT,EA,2,friend
32785,GPT_5,Neutral,1,issue_young_people
32785,GPT_5,Neutral-CoT,1,issue_young_people
32785,GPT_5,EI,1,issue_young_people
32785,GPT_5,EA,1,issue_young_people
32785,GPT_o4,Neutral,1,issue_young_people
32785,GPT_o4,Neutral-CoT,1,issue_young_people
32785,GPT_o4,EI,1,issue_young_people
32785,GPT_o4,EA,1,issue_young_people
32785,QwenN,Neutral,1,issue_young_people
32785,QwenN,Neutral-CoT,1,issue_young_people
32785,QwenN,EI,1,issue_young_people
32785,QwenN,EA,1,issue_young_people
32785,QwenT,Neutral,1,issue_young_people
32785,QwenT,Neutral-CoT,1,issue_young_people
32785,QwenT,EI,1,issue_young_people
32785,QwenT,EA,1,issue_young_people
32872,GPT_5,Neutral,2,role_duty_responsibility
32872,GPT_5,Neutral-CoT,2,role_duty_responsibility
32872,GPT_5,EI,2,role_duty_responsibility
32872,GPT_5,EA,2,role_duty_responsibility
32872,GPT_o4,Neutral,2,role_duty_responsibility
32872,GPT_o4,Neutral-CoT,2,role_duty_responsibility
32872,GPT_o4,EI,2,role_duty_responsibility
32872,GPT_o4,EA,2,role_duty_responsibility
32872,QwenN,Neutral,2,role_duty_responsibility
32872,QwenN,Neutral-CoT,1,role_duty_responsibility
32872,QwenN,EI,1,role_duty_responsibility
32872,QwenN,EA,1,role_duty_responsibility
32872,QwenT,Neutral,2,role_duty_responsibility
32872,QwenT,Neutral-CoT,2,role_duty_responsibility
32872,QwenT,EI,2,role_duty_responsibility
32872,QwenT,EA,2,role_duty_responsibility
32894,GPT_5,Neutral,1,family
32894,GPT_5,Neutral-CoT,1,family
32894,GPT_5,EI,1,family
32894,GPT_5,EA,1,family
32894,GPT_o4,Neutral,1,family
32894,GPT_o4,Neutral-CoT,1,family
32894,GPT_o4,EI,1,family
32894,GPT_o4,EA,1,family
32894,QwenN,Neutral,1,family
32894,QwenN,Neutral-CoT,1,family
32894,QwenN,EI,1,family
32894,QwenN,EA,1,family
32894,QwenT,Neutral,1,family
32894,QwenT,Neutral-CoT,1,family
32894,QwenT,EI,1,family
32894,QwenT,EA,1,family
32913,GPT_5,Neutral,2,issue_wildlife_human_environment
32913,GPT_5,Neutral-CoT,1,issue_wildlife_human_environment
32913,GPT_5,EI,1,issue_wildlife_human_environment
32913,GPT_5,EA,1,issue_wildlife_human_environment
32913,GPT_o4,Neutral,2,issue_wildlife_human_environment
32913,GPT_o4,Neutral-CoT,2,issue_wildlife_human_environment
32913,GPT_o4,EI,1,issue_wildlife_human_environment
32913,GPT_o4,EA,2,issue_wildlife_human_environment
32913,QwenN,Neutral,1,issue_wildlife_human_environment
32913,QwenN,Neutral-CoT,1,issue_wildlife_human_environment
32913,QwenN,EI,1,issue_wildlife_human_environment
32913,QwenN,EA,1,issue_wildlife_human_environment
32913,QwenT,Neutral,2,issue_wildlife_human_environment
32913,QwenT,Neutral-CoT,1,issue_wildlife_human_environment
32913,QwenT,EI,1,issue_wildlife_human_environment
32913,QwenT,EA,1,issue_wildlife_human_environment
32917,GPT_5,Neutral,2,event_daily_life
32917,GPT_5,Neutral-CoT,2,event_daily_life
32917,GPT_5,EI,2,event_daily_life
32917,GPT_5,EA,2,event_daily_life
32917,GPT_o4,Neutral,2,event_daily_life
32917,GPT_o4,Neutral-CoT,2,event_daily_life
32917,GPT_o4,EI,2,event_daily_life
32917,GPT_o4,EA,2,event_daily_life
32917,QwenN,Neutral,2,event_daily_life
32917,QwenN,Neutral-CoT,2,event_daily_life
32917,QwenN,EI,2,event_daily_life
32917,QwenN,EA,2,event_daily_life
32917,QwenT,Neutral,2,event_daily_life
32917,QwenT,Neutral-CoT,2,event_daily_life
32917,QwenT,EI,2,event_daily_life
32917,QwenT,EA,2,event_daily_life
32963,GPT_5,Neutral,2,issue_young_people
32963,GPT_5,Neutral-CoT,2,issue_young_people
32963,GPT_5,EI,2,issue_young_people
32963,GPT_5,EA,2,issue_young_people
32963,GPT_o4,Neutral,1,issue_young_people
32963,GPT_o4,Neutral-CoT,2,issue_young_people
32963,GPT_o4,EI,1,issue_young_people
32963,GPT_o4,EA,1,issue_young_people
32963,QwenN,Neutral,1,issue_young_people
32963,QwenN,Neutral-CoT,1,issue_young_people
32963,QwenN,EI,1,issue_young_people
32963,QwenN,EA,1,issue_young_people
32963,QwenT,Neutral,1,issue_young_people
32963,QwenT,Neutral-CoT,1,issue_young_people
32963,QwenT,EI,1,issue_young_people
32963,QwenT,EA,1,issue_young_people
32972,GPT_5,Neutral,2,issue_crime_addiction
32972,GPT_5,Neutral-CoT,2,issue_crime_addiction
32972,GPT_5,EI,2,issue_crime_addiction
32972,GPT_5,EA,2,issue_crime_addiction
32972,GPT_o4,Neutral,2,issue_crime_addiction
32972,GPT_o4,Neutral-CoT,2,issue_crime_addiction
32972,GPT_o4,EI,2,issue_crime_addiction
32972,GPT_o4,EA,2,issue_crime_addiction
32972,QwenN,Neutral,2,issue_crime_addiction
32972,QwenN,Neutral-CoT,2,issue_crime_addiction
32972,QwenN,EI,1,issue_crime_addiction
32972,QwenN,EA,2,issue_crime_addiction
32972,QwenT,Neutral,2,issue_crime_addiction
32972,QwenT,Neutral-CoT,1,issue_crime_addiction
32972,QwenT,EI,1,issue_crime_addiction
32972,QwenT,EA,1,issue_crime_addiction
33026,GPT_5,Neutral,1,close_relationship
33026,GPT_5,Neutral-CoT,2,close_relationship
33026,GPT_5,EI,1,close_relationship
33026,GPT_5,EA,2,close_relationship
33026,GPT_o4,Neutral,2,close_relationship
33026,GPT_o4,Neutral-CoT,2,close_relationship
33026,GPT_o4,EI,2,close_relationship
33026,GPT_o4,EA,2,close_relationship
33026,QwenN,Neutral,2,close_relationship
33026,QwenN,Neutral-CoT,2,close_relationship
33026,QwenN,EI,2,close_relationship
33026,QwenN,EA,2,close_relationship
33026,QwenT,Neutral,1,close_relationship
33026,QwenT,Neutral-CoT,2,close_relationship
33026,QwenT,EI,2,close_relationship
33026,QwenT,EA,2,close_relationship
33067,GPT_5,Neutral,2,issue_self_image_social
33067,GPT_5,Neutral-CoT,2,issue_self_image_social
33067,GPT_5,EI,2,issue_self_image_social
33067,GPT_5,EA,2,issue_self_image_social
33067,GPT_o4,Neutral,2,issue_self_image_social
33067,GPT_o4,Neutral-CoT,2,issue_self_image_social
33067,GPT_o4,EI,2,issue_self_image_social
33067,GPT_o4,EA,2,issue_self_image_social
33067,QwenN,Neutral,2,issue_self_image_social
33067,QwenN,Neutral-CoT,2,issue_self_image_social
33067,QwenN,EI,2,issue_self_image_social
33067,QwenN,EA,2,issue_self_image_social
33067,QwenT,Neutral,2,issue_self_image_social
33067,QwenT,Neutral-CoT,2,issue_self_image_social
33067,QwenT,EI,2,issue_self_image_social
33067,QwenT,EA,2,issue_self_image_social
33126,GPT_5,Neutral,2,friend
33126,GPT_5,Neutral-CoT,2,friend
33126,GPT_5,EI,2,friend
33126,GPT_5,EA,2,friend
33126,GPT_o4,Neutral,1,friend
33126,GPT_o4,Neutral-CoT,1,friend
33126,GPT_o4,EI,2,friend
33126,GPT_o4,EA,1,friend
33126,QwenN,Neutral,2,friend
33126,QwenN,Neutral-CoT,2,friend
33126,QwenN,EI,2,friend
33126,QwenN,EA,2,friend
33126,QwenT,Neutral,2,friend
33126,QwenT,Neutral-CoT,2,friend
33126,QwenT,EI,2,friend
33126,QwenT,EA,2,friend
33141,GPT_5,Neutral,2,religion_custom
33141,GPT_5,Neutral-CoT,2,religion_custom
33141,GPT_5,EI,2,religion_custom
33141,GPT_5,EA,2,religion_custom
33141,GPT_o4,Neutral,2,religion_custom
33141,GPT_o4,Neutral-CoT,2,religion_custom
33141,GPT_o4,EI,2,religion_custom
33141,GPT_o4,EA,2,religion_custom
33141,QwenN,Neutral,2,religion_custom
33141,QwenN,Neutral-CoT,2,religion_custom
33141,QwenN,EI,2,religion_custom
33141,QwenN,EA,2,religion_custom
33141,QwenT,Neutral,2,religion_custom
33141,QwenT,Neutral-CoT,2,religion_custom
33141,QwenT,EI,1,religion_custom
33141,QwenT,EA,1,religion_custom
33154,GPT_5,Neutral,1,friend
33154,GPT_5,Neutral-CoT,1,friend
33154,GPT_5,EI,1,friend
33154,GPT_5,EA,1,friend
33154,GPT_o4,Neutral,1,friend
33154,GPT_o4,Neutral-CoT,1,friend
33154,GPT_o4,EI,1,friend
33154,GPT_o4,EA,1,friend
33154,QwenN,Neutral,1,friend
33154,QwenN,Neutral-CoT,1,friend
33154,QwenN,EI,1,friend
33154,QwenN,EA,1,friend
33154,QwenT,Neutral,1,friend
33154,QwenT,Neutral-CoT,1,friend
33154,QwenT,EI,1,friend
33154,QwenT,EA,1,friend
33212,GPT_5,Neutral,1,issue_young_people
33212,GPT_5,Neutral-CoT,1,issue_young_people
33212,GPT_5,EI,2,issue_young_people
33212,GPT_5,EA,2,issue_young_people
33212,GPT_o4,Neutral,1,issue_young_people
33212,GPT_o4,Neutral-CoT,1,issue_young_people
33212,GPT_o4,EI,2,issue_young_people
33212,GPT_o4,EA,1,issue_young_people
33212,QwenN,Neutral,1,issue_young_people
33212,QwenN,Neutral-CoT,1,issue_young_people
33212,QwenN,EI,2,issue_young_people
33212,QwenN,EA,2,issue_young_people
33212,QwenT,Neutral,1,issue_young_people
33212,QwenT,Neutral-CoT,2,issue_young_people
33212,QwenT,EI,2,issue_young_people
33212,QwenT,EA,2,issue_young_people
33262,GPT_5,Neutral,2,event_special
33262,GPT_5,Neutral-CoT,2,event_special
33262,GPT_5,EI,2,event_special
33262,GPT_5,EA,2,event_special
33262,GPT_o4,Neutral,2,event_special
33262,GPT_o4,Neutral-CoT,2,event_special
33262,GPT_o4,EI,2,event_special
33262,GPT_o4,EA,2,event_special
33262,QwenN,Neutral,2,event_special
33262,QwenN,Neutral-CoT,2,event_special
33262,QwenN,EI,2,event_special
33262,QwenN,EA,2,event_special
33262,QwenT,Neutral,2,event_special
33262,QwenT,Neutral-CoT,2,event_special
33262,QwenT,EI,2,event_special
33262,QwenT,EA,2,event_special
33291,GPT_5,Neutral,2,role_duty_responsibility
33291,GPT_5,Neutral-CoT,2,role_duty_responsibility
33291,GPT_5,EI,2,role_duty_responsibility
33291,GPT_5,EA,2,role_duty_responsibility
33291,GPT_o4,Neutral,1,role_duty_responsibility
33291,GPT_o4,Neutral-CoT,1,role_duty_responsibility
33291,GPT_o4,EI,1,role_duty_responsibility
33291,GPT_o4,EA,1,role_duty_responsibility
33291,QwenN,Neutral,2,role_duty_responsibility
33291,QwenN,Neutral-CoT,2,role_duty_responsibility
33291,QwenN,EI,2,role_duty_responsibility
33291,QwenN,EA,2,role_duty_responsibility
33291,QwenT,Neutral,1,role_duty_responsibility
33291,QwenT,Neutral-CoT,1,role_duty_responsibility
33291,QwenT,EI,1,role_duty_responsibility
33291,QwenT,EA,1,role_duty_responsibility
33322,GPT_5,Neutral,2,close_relationship
33322,GPT_5,Neutral-CoT,2,close_relationship
33322,GPT_5,EI,2,close_relationship
33322,GPT_5,EA,2,close_relationship
33322,GPT_o4,Neutral,1,close_relationship
33322,GPT_o4,Neutral-CoT,1,close_relationship
33322,GPT_o4,EI,2,close_relationship
33322,GPT_o4,EA,2,close_relationship
33322,QwenN,Neutral,2,close_relationship
33322,QwenN,Neutral-CoT,2,close_relationship
33322,QwenN,EI,2,close_relationship
33322,QwenN,EA,2,close_relationship
33322,QwenT,Neutral,2,close_relationship
33322,QwenT,Neutral-CoT,1,close_relationship
33322,QwenT,EI,1,close_relationship
33322,QwenT,EA,2,close_relationship
33345,GPT_5,Neutral,1,role_duty_responsibility
33345,GPT_5,Neutral-CoT,1,role_duty_responsibility
33345,GPT_5,EI,1,role_duty_responsibility
33345,GPT_5,EA,1,role_duty_responsibility
33345,GPT_o4,Neutral,1,role_duty_responsibility
33345,GPT_o4,Neutral-CoT,1,role_duty_responsibility
33345,GPT_o4,EI,1,role_duty_responsibility
33345,GPT_o4,EA,1,role_duty_responsibility
33345,QwenN,Neutral,1,role_duty_responsibility
33345,QwenN,Neutral-CoT,1,role_duty_responsibility
33345,QwenN,EI,1,role_duty_responsibility
33345,QwenN,EA,1,role_duty_responsibility
33345,QwenT,Neutral,1,role_duty_responsibility
33345,QwenT,Neutral-CoT,1,role_duty_responsibility
33345,QwenT,EI,1,role_duty_responsibility
33345,QwenT,EA,1,role_duty_responsibility
33390,GPT_5,Neutral,1,religion_custom
33390,GPT_5,Neutral-CoT,1,religion_custom
33390,GPT_5,EI,1,religion_custom
33390,GPT_5,EA,1,religion_custom
33390,GPT_o4,Neutral,1,religion_custom
33390,GPT_o4,Neutral-CoT,1,religion_custom
33390,GPT_o4,EI,1,religion_custom
33390,GPT_o4,EA,1,religion_custom
33390,QwenN,Neutral,1,religion_custom
33390,QwenN,Neutral-CoT,1,religion_custom
33390,QwenN,EI,1,religion_custom
33390,QwenN,EA,1,religion_custom
33390,QwenT,Neutral,1,religion_custom
33390,QwenT,Neutral-CoT,1,religion_custom
33390,QwenT,EI,1,religion_custom
33390,QwenT,EA,1,religion_custom
33409,GPT_5,Neutral,2,issue_pregnancy
33409,GPT_5,Neutral-CoT,2,issue_pregnancy
33409,GPT_5,EI,1,issue_pregnancy
33409,GPT_5,EA,2,issue_pregnancy
33409,GPT_o4,Neutral,1,issue_pregnancy
33409,GPT_o4,Neutral-CoT,1,issue_pregnancy
33409,GPT_o4,EI,1,issue_pregnancy
33409,GPT_o4,EA,2,issue_pregnancy
33409,QwenN,Neutral,2,issue_pregnancy
33409,QwenN,Neutral-CoT,2,issue_pregnancy
33409,QwenN,EI,2,issue_pregnancy
33409,QwenN,EA,1,issue_pregnancy
33409,QwenT,Neutral,2,issue_pregnancy
33409,QwenT,Neutral-CoT,2,issue_pregnancy
33409,QwenT,EI,1,issue_pregnancy
33409,QwenT,EA,2,issue_pregnancy
33433,GPT_5,Neutral,1,event_daily_life
33433,GPT_5,Neutral-CoT,1,event_daily_life
33433,GPT_5,EI,1,event_daily_life
33433,GPT_5,EA,1,event_daily_life
33433,GPT_o4,Neutral,1,event_daily_life
33433,GPT_o4,Neutral-CoT,1,event_daily_life
33433,GPT_o4,EI,1,event_daily_life
33433,GPT_o4,EA,1,event_daily_life
33433,QwenN,Neutral,1,event_daily_life
33433,QwenN,Neutral-CoT,1,event_daily_life
33433,QwenN,EI,1,event_daily_life
33433,QwenN,EA,2,event_daily_life
33433,QwenT,Neutral,2,event_daily_life
33433,QwenT,Neutral-CoT,1,event_daily_life
33433,QwenT,EI,1,event_daily_life
33433,QwenT,EA,1,event_daily_life
33470,GPT_5,Neutral,1,business_organization
33470,GPT_5,Neutral-CoT,1,business_organization
33470,GPT_5,EI,1,business_organization
33470,GPT_5,EA,1,business_organization
33470,GPT_o4,Neutral,1,business_organization
33470,GPT_o4,Neutral-CoT,1,business_organization
33470,GPT_o4,EI,2,business_organization
33470,GPT_o4,EA,1,business_organization
33470,QwenN,Neutral,1,business_organization
33470,QwenN,Neutral-CoT,1,business_organization
33470,QwenN,EI,2,business_organization
33470,QwenN,EA,1,business_organization
33470,QwenT,Neutral,1,business_organization
33470,QwenT,Neutral-CoT,1,business_organization
33470,QwenT,EI,2,business_organization
33470,QwenT,EA,1,business_organization
33504,GPT_5,Neutral,1,close_relationship
33504,GPT_5,Neutral-CoT,1,close_relationship
33504,GPT_5,EI,1,close_relationship
33504,GPT_5,EA,1,close_relationship
33504,GPT_o4,Neutral,1,close_relationship
33504,GPT_o4,Neutral-CoT,1,close_relationship
33504,GPT_o4,EI,1,close_relationship
33504,GPT_o4,EA,1,close_relationship
33504,QwenN,Neutral,1,close_relationship
33504,QwenN,Neutral-CoT,1,close_relationship
33504,QwenN,EI,1,close_relationship
33504,QwenN,EA,1,close_relationship
33504,QwenT,Neutral,1,close_relationship
33504,QwenT,Neutral-CoT,1,close_relationship
33504,QwenT,EI,1,close_relationship
33504,QwenT,EA,1,close_relationship
33509,GPT_5,Neutral,2,issue_personal_career
33509,GPT_5,Neutral-CoT,2,issue_personal_career
33509,GPT_5,EI,1,issue_personal_career
33509,GPT_5,EA,2,issue_personal_career
33509,GPT_o4,Neutral,1,issue_personal_career
33509,GPT_o4,Neutral-CoT,1,issue_personal_career
33509,GPT_o4,EI,1,issue_personal_career
33509,GPT_o4,EA,1,issue_personal_career
33509,QwenN,Neutral,1,issue_personal_career
33509,QwenN,Neutral-CoT,1,issue_personal_career
33509,QwenN,EI,1,issue_personal_career
33509,QwenN,EA,1,issue_personal_career
33509,QwenT,Neutral,1,issue_personal_career
33509,QwenT,Neutral-CoT,1,issue_personal_career
33509,QwenT,EI,1,issue_personal_career
33509,QwenT,EA,1,issue_personal_career
33532,GPT_5,Neutral,2,close_relationship
33532,GPT_5,Neutral-CoT,2,close_relationship
33532,GPT_5,EI,2,close_relationship
33532,GPT_5,EA,2,close_relationship
33532,GPT_o4,Neutral,1,close_relationship
33532,GPT_o4,Neutral-CoT,1,close_relationship
33532,GPT_o4,EI,2,close_relationship
33532,GPT_o4,EA,2,close_relationship
33532,QwenN,Neutral,1,close_relationship
33532,QwenN,Neutral-CoT,2,close_relationship
33532,QwenN,EI,2,close_relationship
33532,QwenN,EA,2,close_relationship
33532,QwenT,Neutral,2,close_relationship
33532,QwenT,Neutral-CoT,2,close_relationship
33532,QwenT,EI,2,close_relationship
33532,QwenT,EA,2,close_relationship
33618,GPT_5,Neutral,1,family
33618,GPT_5,Neutral-CoT,1,family
33618,GPT_5,EI,1,family
33618,GPT_5,EA,1,family
33618,GPT_o4,Neutral,1,family
33618,GPT_o4,Neutral-CoT,1,family
33618,GPT_o4,EI,1,family
33618,GPT_o4,EA,1,family
33618,QwenN,Neutral,1,family
33618,QwenN,Neutral-CoT,2,family
33618,QwenN,EI,1,family
33618,QwenN,EA,1,family
33618,QwenT,Neutral,2,family
33618,QwenT,Neutral-CoT,2,family
33618,QwenT,EI,2,family
33618,QwenT,EA,2,family
33649,GPT_5,Neutral,1,family
33649,GPT_5,Neutral-CoT,1,family
33649,GPT_5,EI,1,family
33649,GPT_5,EA,1,family
33649,GPT_o4,Neutral,1,family
33649,GPT_o4,Neutral-CoT,1,family
33649,GPT_o4,EI,1,family
33649,GPT_o4,EA,1,family
33649,QwenN,Neutral,1,family
33649,QwenN,Neutral-CoT,1,family
33649,QwenN,EI,1,family
33649,QwenN,EA,1,family
33649,QwenT,Neutral,1,family
33649,QwenT,Neutral-CoT,1,family
33649,QwenT,EI,1,family
33649,QwenT,EA,1,family
33741,GPT_5,Neutral,1,workplace
33741,GPT_5,Neutral-CoT,2,workplace
33741,GPT_5,EI,2,workplace
33741,GPT_5,EA,1,workplace
33741,GPT_o4,Neutral,1,workplace
33741,GPT_o4,Neutral-CoT,2,workplace
33741,GPT_o4,EI,1,workplace
33741,GPT_o4,EA,1,workplace
33741,QwenN,Neutral,1,workplace
33741,QwenN,Neutral-CoT,1,workplace
33741,QwenN,EI,1,workplace
33741,QwenN,EA,1,workplace
33741,QwenT,Neutral,1,workplace
33741,QwenT,Neutral-CoT,1,workplace
33741,QwenT,EI,2,workplace
33741,QwenT,EA,1,workplace
33743,GPT_5,Neutral,2,issue_personal_career
33743,GPT_5,Neutral-CoT,2,issue_personal_career
33743,GPT_5,EI,2,issue_personal_career
33743,GPT_5,EA,2,issue_personal_career
33743,GPT_o4,Neutral,2,issue_personal_career
33743,GPT_o4,Neutral-CoT,2,issue_personal_career
33743,GPT_o4,EI,2,issue_personal_career
33743,GPT_o4,EA,2,issue_personal_career
33743,QwenN,Neutral,2,issue_personal_career
33743,QwenN,Neutral-CoT,2,issue_personal_career
33743,QwenN,EI,2,issue_personal_career
33743,QwenN,EA,2,issue_personal_career
33743,QwenT,Neutral,2,issue_personal_career
33743,QwenT,Neutral-CoT,2,issue_personal_career
33743,QwenT,EI,2,issue_personal_career
33743,QwenT,EA,2,issue_personal_career
33765,GPT_5,Neutral,2,role_duty_responsibility
33765,GPT_5,Neutral-CoT,2,role_duty_responsibility
33765,GPT_5,EI,2,role_duty_responsibility
33765,GPT_5,EA,2,role_duty_responsibility
33765,GPT_o4,Neutral,2,role_duty_responsibility
33765,GPT_o4,Neutral-CoT,2,role_duty_responsibility
33765,GPT_o4,EI,2,role_duty_responsibility
33765,GPT_o4,EA,2,role_duty_responsibility
33765,QwenN,Neutral,2,role_duty_responsibility
33765,QwenN,Neutral-CoT,2,role_duty_responsibility
33765,QwenN,EI,2,role_duty_responsibility
33765,QwenN,EA,2,role_duty_responsibility
33765,QwenT,Neutral,2,role_duty_responsibility
33765,QwenT,Neutral-CoT,2,role_duty_responsibility
33765,QwenT,EI,2,role_duty_responsibility
33765,QwenT,EA,2,role_duty_responsibility
33780,GPT_5,Neutral,1,business_organization
33780,GPT_5,Neutral-CoT,1,business_organization
33780,GPT_5,EI,1,business_organization
33780,GPT_5,EA,1,business_organization
33780,GPT_o4,Neutral,1,business_organization
33780,GPT_o4,Neutral-CoT,1,business_organization
33780,GPT_o4,EI,2,business_organization
33780,GPT_o4,EA,1,business_organization
33780,QwenN,Neutral,1,business_organization
33780,QwenN,Neutral-CoT,1,business_organization
33780,QwenN,EI,1,business_organization
33780,QwenN,EA,1,business_organization
33780,QwenT,Neutral,1,business_organization
33780,QwenT,Neutral-CoT,1,business_organization
33780,QwenT,EI,1,business_organization
33780,QwenT,EA,1,business_organization
33806,GPT_5,Neutral,1,event_daily_life
33806,GPT_5,Neutral-CoT,1,event_daily_life
33806,GPT_5,EI,1,event_daily_life
33806,GPT_5,EA,1,event_daily_life
33806,GPT_o4,Neutral,1,event_daily_life
33806,GPT_o4,Neutral-CoT,1,event_daily_life
33806,GPT_o4,EI,1,event_daily_life
33806,GPT_o4,EA,1,event_daily_life
33806,QwenN,Neutral,1,event_daily_life
33806,QwenN,Neutral-CoT,1,event_daily_life
33806,QwenN,EI,1,event_daily_life
33806,QwenN,EA,1,event_daily_life
33806,QwenT,Neutral,1,event_daily_life
33806,QwenT,Neutral-CoT,1,event_daily_life
33806,QwenT,EI,1,event_daily_life
33806,QwenT,EA,1,event_daily_life
33808,GPT_5,Neutral,2,religion_custom
33808,GPT_5,Neutral-CoT,2,religion_custom
33808,GPT_5,EI,2,religion_custom
33808,GPT_5,EA,2,religion_custom
33808,GPT_o4,Neutral,2,religion_custom
33808,GPT_o4,Neutral-CoT,,religion_custom
33808,GPT_o4,EI,2,religion_custom
33808,GPT_o4,EA,2,religion_custom
33808,QwenN,Neutral,2,religion_custom
33808,QwenN,Neutral-CoT,2,religion_custom
33808,QwenN,EI,2,religion_custom
33808,QwenN,EA,2,religion_custom
33808,QwenT,Neutral,2,religion_custom
33808,QwenT,Neutral-CoT,2,religion_custom
33808,QwenT,EI,2,religion_custom
33808,QwenT,EA,2,religion_custom
33856,GPT_5,Neutral,1,family
33856,GPT_5,Neutral-CoT,1,family
33856,GPT_5,EI,1,family
33856,GPT_5,EA,1,family
33856,GPT_o4,Neutral,1,family
33856,GPT_o4,Neutral-CoT,1,family
33856,GPT_o4,EI,1,family
33856,GPT_o4,EA,1,family
33856,QwenN,Neutral,1,family
33856,QwenN,Neutral-CoT,1,family
33856,QwenN,EI,1,family
33856,QwenN,EA,1,family
33856,QwenT,Neutral,1,family
33856,QwenT,Neutral-CoT,1,family
33856,QwenT,EI,1,family
33856,QwenT,EA,1,family
33859,GPT_5,Neutral,2,friend
33859,GPT_5,Neutral-CoT,2,friend
33859,GPT_5,EI,2,friend
33859,GPT_5,EA,2,friend
33859,GPT_o4,Neutral,2,friend
33859,GPT_o4,Neutral-CoT,2,friend
33859,GPT_o4,EI,2,friend
33859,GPT_o4,EA,2,friend
33859,QwenN,Neutral,2,friend
33859,QwenN,Neutral-CoT,2,friend
33859,QwenN,EI,2,friend
33859,QwenN,EA,2,friend
33859,QwenT,Neutral,2,friend
33859,QwenT,Neutral-CoT,2,friend
33859,QwenT,EI,2,friend
33859,QwenT,EA,2,friend
33890,GPT_5,Neutral,2,event_daily_life
33890,GPT_5,Neutral-CoT,2,event_daily_life
33890,GPT_5,EI,2,event_daily_life
33890,GPT_5,EA,2,event_daily_life
33890,GPT_o4,Neutral,2,event_daily_life
33890,GPT_o4,Neutral-CoT,2,event_daily_life
33890,GPT_o4,EI,2,event_daily_life
33890,GPT_o4,EA,2,event_daily_life
33890,QwenN,Neutral,2,event_daily_life
33890,QwenN,Neutral-CoT,2,event_daily_life
33890,QwenN,EI,2,event_daily_life
33890,QwenN,EA,2,event_daily_life
33890,QwenT,Neutral,2,event_daily_life
33890,QwenT,Neutral-CoT,2,event_daily_life
33890,QwenT,EI,2,event_daily_life
33890,QwenT,EA,2,event_daily_life
33936,GPT_5,Neutral,1,event_special
33936,GPT_5,Neutral-CoT,1,event_special
33936,GPT_5,EI,1,event_special
33936,GPT_5,EA,1,event_special
33936,GPT_o4,Neutral,1,event_special
33936,GPT_o4,Neutral-CoT,1,event_special
33936,GPT_o4,EI,1,event_special
33936,GPT_o4,EA,1,event_special
33936,QwenN,Neutral,1,event_special
33936,QwenN,Neutral-CoT,1,event_special
33936,QwenN,EI,1,event_special
33936,QwenN,EA,1,event_special
33936,QwenT,Neutral,2,event_special
33936,QwenT,Neutral-CoT,2,event_special
33936,QwenT,EI,2,event_special
33936,QwenT,EA,2,event_special
33940,GPT_5,Neutral,1,comitted_relationship
33940,GPT_5,Neutral-CoT,1,comitted_relationship
33940,GPT_5,EI,1,comitted_relationship
33940,GPT_5,EA,1,comitted_relationship
33940,GPT_o4,Neutral,1,comitted_relationship
33940,GPT_o4,Neutral-CoT,1,comitted_relationship
33940,GPT_o4,EI,1,comitted_relationship
33940,GPT_o4,EA,1,comitted_relationship
33940,QwenN,Neutral,1,comitted_relationship
33940,QwenN,Neutral-CoT,1,comitted_relationship
33940,QwenN,EI,1,comitted_relationship
33940,QwenN,EA,1,comitted_relationship
33940,QwenT,Neutral,1,comitted_relationship
33940,QwenT,Neutral-CoT,1,comitted_relationship
33940,QwenT,EI,1,comitted_relationship
33940,QwenT,EA,1,comitted_relationship
33961,GPT_5,Neutral,1,school
33961,GPT_5,Neutral-CoT,1,school
33961,GPT_5,EI,1,school
33961,GPT_5,EA,1,school
33961,GPT_o4,Neutral,1,school
33961,GPT_o4,Neutral-CoT,1,school
33961,GPT_o4,EI,1,school
33961,GPT_o4,EA,1,school
33961,QwenN,Neutral,1,school
33961,QwenN,Neutral-CoT,1,school
33961,QwenN,EI,1,school
33961,QwenN,EA,1,school
33961,QwenT,Neutral,1,school
33961,QwenT,Neutral-CoT,1,school
33961,QwenT,EI,1,school
33961,QwenT,EA,1,school
33962,GPT_5,Neutral,2,close_relationship
33962,GPT_5,Neutral-CoT,2,close_relationship
33962,GPT_5,EI,2,close_relationship
33962,GPT_5,EA,2,close_relationship
33962,GPT_o4,Neutral,2,close_relationship
33962,GPT_o4,Neutral-CoT,2,close_relationship
33962,GPT_o4,EI,2,close_relationship
33962,GPT_o4,EA,2,close_relationship
33962,QwenN,Neutral,2,close_relationship
33962,QwenN,Neutral-CoT,2,close_relationship
33962,QwenN,EI,2,close_relationship
33962,QwenN,EA,2,close_relationship
33962,QwenT,Neutral,1,close_relationship
33962,QwenT,Neutral-CoT,2,close_relationship
33962,QwenT,EI,2,close_relationship
33962,QwenT,EA,2,close_relationship
33986,GPT_5,Neutral,1,business_organization
33986,GPT_5,Neutral-CoT,1,business_organization
33986,GPT_5,EI,1,business_organization
33986,GPT_5,EA,1,business_organization
33986,GPT_o4,Neutral,1,business_organization
33986,GPT_o4,Neutral-CoT,1,business_organization
33986,GPT_o4,EI,1,business_organization
33986,GPT_o4,EA,1,business_organization
33986,QwenN,Neutral,1,business_organization
33986,QwenN,Neutral-CoT,1,business_organization
33986,QwenN,EI,1,business_organization
33986,QwenN,EA,1,business_organization
33986,QwenT,Neutral,1,business_organization
33986,QwenT,Neutral-CoT,1,business_organization
33986,QwenT,EI,1,business_organization
33986,QwenT,EA,1,business_organization
34029,GPT_5,Neutral,2,comitted_relationship
34029,GPT_5,Neutral-CoT,2,comitted_relationship
34029,GPT_5,EI,2,comitted_relationship
34029,GPT_5,EA,2,comitted_relationship
34029,GPT_o4,Neutral,2,comitted_relationship
34029,GPT_o4,Neutral-CoT,2,comitted_relationship
34029,GPT_o4,EI,2,comitted_relationship
34029,GPT_o4,EA,2,comitted_relationship
34029,QwenN,Neutral,2,comitted_relationship
34029,QwenN,Neutral-CoT,2,comitted_relationship
34029,QwenN,EI,2,comitted_relationship
34029,QwenN,EA,2,comitted_relationship
34029,QwenT,Neutral,2,comitted_relationship
34029,QwenT,Neutral-CoT,2,comitted_relationship
34029,QwenT,EI,2,comitted_relationship
34029,QwenT,EA,2,comitted_relationship
34084,GPT_5,Neutral,2,issue_crime_addiction
34084,GPT_5,Neutral-CoT,1,issue_crime_addiction
34084,GPT_5,EI,2,issue_crime_addiction
34084,GPT_5,EA,2,issue_crime_addiction
34084,GPT_o4,Neutral,2,issue_crime_addiction
34084,GPT_o4,Neutral-CoT,2,issue_crime_addiction
34084,GPT_o4,EI,2,issue_crime_addiction
34084,GPT_o4,EA,2,issue_crime_addiction
34084,QwenN,Neutral,1,issue_crime_addiction
34084,QwenN,Neutral-CoT,1,issue_crime_addiction
34084,QwenN,EI,2,issue_crime_addiction
34084,QwenN,EA,1,issue_crime_addiction
34084,QwenT,Neutral,1,issue_crime_addiction
34084,QwenT,Neutral-CoT,1,issue_crime_addiction
34084,QwenT,EI,1,issue_crime_addiction
34084,QwenT,EA,1,issue_crime_addiction
34125,GPT_5,Neutral,2,business_organization
34125,GPT_5,Neutral-CoT,2,business_organization
34125,GPT_5,EI,2,business_organization
34125,GPT_5,EA,2,business_organization
34125,GPT_o4,Neutral,2,business_organization
34125,GPT_o4,Neutral-CoT,2,business_organization
34125,GPT_o4,EI,2,business_organization
34125,GPT_o4,EA,2,business_organization
34125,QwenN,Neutral,2,business_organization
34125,QwenN,Neutral-CoT,2,business_organization
34125,QwenN,EI,2,business_organization
34125,QwenN,EA,2,business_organization
34125,QwenT,Neutral,2,business_organization
34125,QwenT,Neutral-CoT,2,business_organization
34125,QwenT,EI,2,business_organization
34125,QwenT,EA,2,business_organization
34143,GPT_5,Neutral,2,religion_custom
34143,GPT_5,Neutral-CoT,2,religion_custom
34143,GPT_5,EI,2,religion_custom
34143,GPT_5,EA,2,religion_custom
34143,GPT_o4,Neutral,2,religion_custom
34143,GPT_o4,Neutral-CoT,2,religion_custom
34143,GPT_o4,EI,2,religion_custom
34143,GPT_o4,EA,2,religion_custom
34143,QwenN,Neutral,2,religion_custom
34143,QwenN,Neutral-CoT,2,religion_custom
34143,QwenN,EI,2,religion_custom
34143,QwenN,EA,2,religion_custom
34143,QwenT,Neutral,2,religion_custom
34143,QwenT,Neutral-CoT,2,religion_custom
34143,QwenT,EI,2,religion_custom
34143,QwenT,EA,2,religion_custom
34148,GPT_5,Neutral,1,comitted_relationship
34148,GPT_5,Neutral-CoT,1,comitted_relationship
34148,GPT_5,EI,1,comitted_relationship
34148,GPT_5,EA,1,comitted_relationship
34148,GPT_o4,Neutral,1,comitted_relationship
34148,GPT_o4,Neutral-CoT,1,comitted_relationship
34148,GPT_o4,EI,1,comitted_relationship
34148,GPT_o4,EA,1,comitted_relationship
34148,QwenN,Neutral,1,comitted_relationship
34148,QwenN,Neutral-CoT,1,comitted_relationship
34148,QwenN,EI,1,comitted_relationship
34148,QwenN,EA,1,comitted_relationship
34148,QwenT,Neutral,1,comitted_relationship
34148,QwenT,Neutral-CoT,1,comitted_relationship
34148,QwenT,EI,1,comitted_relationship
34148,QwenT,EA,1,comitted_relationship
34171,GPT_5,Neutral,1,issue_crime_addiction
34171,GPT_5,Neutral-CoT,1,issue_crime_addiction
34171,GPT_5,EI,1,issue_crime_addiction
34171,GPT_5,EA,1,issue_crime_addiction
34171,GPT_o4,Neutral,1,issue_crime_addiction
34171,GPT_o4,Neutral-CoT,1,issue_crime_addiction
34171,GPT_o4,EI,1,issue_crime_addiction
34171,GPT_o4,EA,1,issue_crime_addiction
34171,QwenN,Neutral,1,issue_crime_addiction
34171,QwenN,Neutral-CoT,1,issue_crime_addiction
34171,QwenN,EI,1,issue_crime_addiction
34171,QwenN,EA,1,issue_crime_addiction
34171,QwenT,Neutral,1,issue_crime_addiction
34171,QwenT,Neutral-CoT,1,issue_crime_addiction
34171,QwenT,EI,1,issue_crime_addiction
34171,QwenT,EA,1,issue_crime_addiction
34215,GPT_5,Neutral,2,religion_custom
34215,GPT_5,Neutral-CoT,2,religion_custom
34215,GPT_5,EI,2,religion_custom
34215,GPT_5,EA,2,religion_custom
34215,GPT_o4,Neutral,2,religion_custom
34215,GPT_o4,Neutral-CoT,2,religion_custom
34215,GPT_o4,EI,2,religion_custom
34215,GPT_o4,EA,2,religion_custom
34215,QwenN,Neutral,2,religion_custom
34215,QwenN,Neutral-CoT,2,religion_custom
34215,QwenN,EI,2,religion_custom
34215,QwenN,EA,2,religion_custom
34215,QwenT,Neutral,2,religion_custom
34215,QwenT,Neutral-CoT,2,religion_custom
34215,QwenT,EI,2,religion_custom
34215,QwenT,EA,2,religion_custom
34276,GPT_5,Neutral,1,workplace
34276,GPT_5,Neutral-CoT,1,workplace
34276,GPT_5,EI,1,workplace
34276,GPT_5,EA,1,workplace
34276,GPT_o4,Neutral,1,workplace
34276,GPT_o4,Neutral-CoT,1,workplace
34276,GPT_o4,EI,2,workplace
34276,GPT_o4,EA,1,workplace
34276,QwenN,Neutral,1,workplace
34276,QwenN,Neutral-CoT,1,workplace
34276,QwenN,EI,1,workplace
34276,QwenN,EA,1,workplace
34276,QwenT,Neutral,1,workplace
34276,QwenT,Neutral-CoT,1,workplace
34276,QwenT,EI,2,workplace
34276,QwenT,EA,1,workplace
34332,GPT_5,Neutral,2,school
34332,GPT_5,Neutral-CoT,2,school
34332,GPT_5,EI,2,school
34332,GPT_5,EA,2,school
34332,GPT_o4,Neutral,2,school
34332,GPT_o4,Neutral-CoT,2,school
34332,GPT_o4,EI,1,school
34332,GPT_o4,EA,2,school
34332,QwenN,Neutral,2,school
34332,QwenN,Neutral-CoT,2,school
34332,QwenN,EI,2,school
34332,QwenN,EA,2,school
34332,QwenT,Neutral,1,school
34332,QwenT,Neutral-CoT,1,school
34332,QwenT,EI,1,school
34332,QwenT,EA,1,school
34354,GPT_5,Neutral,2,issue_crime_addiction
34354,GPT_5,Neutral-CoT,2,issue_crime_addiction
34354,GPT_5,EI,1,issue_crime_addiction
34354,GPT_5,EA,1,issue_crime_addiction
34354,GPT_o4,Neutral,1,issue_crime_addiction
34354,GPT_o4,Neutral-CoT,2,issue_crime_addiction
34354,GPT_o4,EI,1,issue_crime_addiction
34354,GPT_o4,EA,2,issue_crime_addiction
34354,QwenN,Neutral,1,issue_crime_addiction
34354,QwenN,Neutral-CoT,1,issue_crime_addiction
34354,QwenN,EI,1,issue_crime_addiction
34354,QwenN,EA,1,issue_crime_addiction
34354,QwenT,Neutral,1,issue_crime_addiction
34354,QwenT,Neutral-CoT,1,issue_crime_addiction
34354,QwenT,EI,1,issue_crime_addiction
34354,QwenT,EA,1,issue_crime_addiction
34404,GPT_5,Neutral,2,issue_young_people
34404,GPT_5,Neutral-CoT,2,issue_young_people
34404,GPT_5,EI,2,issue_young_people
34404,GPT_5,EA,2,issue_young_people
34404,GPT_o4,Neutral,2,issue_young_people
34404,GPT_o4,Neutral-CoT,2,issue_young_people
34404,GPT_o4,EI,2,issue_young_people
34404,GPT_o4,EA,2,issue_young_people
34404,QwenN,Neutral,2,issue_young_people
34404,QwenN,Neutral-CoT,2,issue_young_people
34404,QwenN,EI,2,issue_young_people
34404,QwenN,EA,2,issue_young_people
34404,QwenT,Neutral,2,issue_young_people
34404,QwenT,Neutral-CoT,2,issue_young_people
34404,QwenT,EI,2,issue_young_people
34404,QwenT,EA,2,issue_young_people
34414,GPT_5,Neutral,2,family
34414,GPT_5,Neutral-CoT,2,family
34414,GPT_5,EI,2,family
34414,GPT_5,EA,2,family
34414,GPT_o4,Neutral,2,family
34414,GPT_o4,Neutral-CoT,2,family
34414,GPT_o4,EI,2,family
34414,GPT_o4,EA,2,family
34414,QwenN,Neutral,2,family
34414,QwenN,Neutral-CoT,2,family
34414,QwenN,EI,2,family
34414,QwenN,EA,2,family
34414,QwenT,Neutral,1,family
34414,QwenT,Neutral-CoT,2,family
34414,QwenT,EI,2,family
34414,QwenT,EA,1,family
34456,GPT_5,Neutral,1,religion_custom
34456,GPT_5,Neutral-CoT,1,religion_custom
34456,GPT_5,EI,1,religion_custom
34456,GPT_5,EA,1,religion_custom
34456,GPT_o4,Neutral,1,religion_custom
34456,GPT_o4,Neutral-CoT,1,religion_custom
34456,GPT_o4,EI,1,religion_custom
34456,GPT_o4,EA,2,religion_custom
34456,QwenN,Neutral,1,religion_custom
34456,QwenN,Neutral-CoT,2,religion_custom
34456,QwenN,EI,1,religion_custom
34456,QwenN,EA,2,religion_custom
34456,QwenT,Neutral,2,religion_custom
34456,QwenT,Neutral-CoT,2,religion_custom
34456,QwenT,EI,1,religion_custom
34456,QwenT,EA,1,religion_custom
34460,GPT_5,Neutral,2,issue_pregnancy
34460,GPT_5,Neutral-CoT,2,issue_pregnancy
34460,GPT_5,EI,2,issue_pregnancy
34460,GPT_5,EA,2,issue_pregnancy
34460,GPT_o4,Neutral,2,issue_pregnancy
34460,GPT_o4,Neutral-CoT,2,issue_pregnancy
34460,GPT_o4,EI,2,issue_pregnancy
34460,GPT_o4,EA,2,issue_pregnancy
34460,QwenN,Neutral,2,issue_pregnancy
34460,QwenN,Neutral-CoT,2,issue_pregnancy
34460,QwenN,EI,2,issue_pregnancy
34460,QwenN,EA,2,issue_pregnancy
34460,QwenT,Neutral,2,issue_pregnancy
34460,QwenT,Neutral-CoT,2,issue_pregnancy
34460,QwenT,EI,2,issue_pregnancy
34460,QwenT,EA,2,issue_pregnancy
34500,GPT_5,Neutral,1,issue_pregnancy
34500,GPT_5,Neutral-CoT,1,issue_pregnancy
34500,GPT_5,EI,1,issue_pregnancy
34500,GPT_5,EA,1,issue_pregnancy
34500,GPT_o4,Neutral,1,issue_pregnancy
34500,GPT_o4,Neutral-CoT,1,issue_pregnancy
34500,GPT_o4,EI,1,issue_pregnancy
34500,GPT_o4,EA,1,issue_pregnancy
34500,QwenN,Neutral,1,issue_pregnancy
34500,QwenN,Neutral-CoT,1,issue_pregnancy
34500,QwenN,EI,1,issue_pregnancy
34500,QwenN,EA,1,issue_pregnancy
34500,QwenT,Neutral,1,issue_pregnancy
34500,QwenT,Neutral-CoT,1,issue_pregnancy
34500,QwenT,EI,1,issue_pregnancy
34500,QwenT,EA,1,issue_pregnancy
34573,GPT_5,Neutral,1,family
34573,GPT_5,Neutral-CoT,1,family
34573,GPT_5,EI,1,family
34573,GPT_5,EA,1,family
34573,GPT_o4,Neutral,1,family
34573,GPT_o4,Neutral-CoT,1,family
34573,GPT_o4,EI,1,family
34573,GPT_o4,EA,1,family
34573,QwenN,Neutral,1,family
34573,QwenN,Neutral-CoT,1,family
34573,QwenN,EI,1,family
34573,QwenN,EA,1,family
34573,QwenT,Neutral,1,family
34573,QwenT,Neutral-CoT,1,family
34573,QwenT,EI,1,family
34573,QwenT,EA,1,family
34667,GPT_5,Neutral,2,issue_self_image_social
34667,GPT_5,Neutral-CoT,2,issue_self_image_social
34667,GPT_5,EI,2,issue_self_image_social
34667,GPT_5,EA,2,issue_self_image_social
34667,GPT_o4,Neutral,2,issue_self_image_social
34667,GPT_o4,Neutral-CoT,2,issue_self_image_social
34667,GPT_o4,EI,2,issue_self_image_social
34667,GPT_o4,EA,2,issue_self_image_social
34667,QwenN,Neutral,2,issue_self_image_social
34667,QwenN,Neutral-CoT,2,issue_self_image_social
34667,QwenN,EI,2,issue_self_image_social
34667,QwenN,EA,2,issue_self_image_social
34667,QwenT,Neutral,2,issue_self_image_social
34667,QwenT,Neutral-CoT,2,issue_self_image_social
34667,QwenT,EI,2,issue_self_image_social
34667,QwenT,EA,2,issue_self_image_social
34714,GPT_5,Neutral,2,comitted_relationship
34714,GPT_5,Neutral-CoT,2,comitted_relationship
34714,GPT_5,EI,2,comitted_relationship
34714,GPT_5,EA,2,comitted_relationship
34714,GPT_o4,Neutral,2,comitted_relationship
34714,GPT_o4,Neutral-CoT,2,comitted_relationship
34714,GPT_o4,EI,2,comitted_relationship
34714,GPT_o4,EA,2,comitted_relationship
34714,QwenN,Neutral,2,comitted_relationship
34714,QwenN,Neutral-CoT,2,comitted_relationship
34714,QwenN,EI,2,comitted_relationship
34714,QwenN,EA,2,comitted_relationship
34714,QwenT,Neutral,2,comitted_relationship
34714,QwenT,Neutral-CoT,2,comitted_relationship
34714,QwenT,EI,2,comitted_relationship
34714,QwenT,EA,2,comitted_relationship
34754,GPT_5,Neutral,1,issue_self_image_social
34754,GPT_5,Neutral-CoT,1,issue_self_image_social
34754,GPT_5,EI,1,issue_self_image_social
34754,GPT_5,EA,1,issue_self_image_social
34754,GPT_o4,Neutral,2,issue_self_image_social
34754,GPT_o4,Neutral-CoT,2,issue_self_image_social
34754,GPT_o4,EI,2,issue_self_image_social
34754,GPT_o4,EA,2,issue_self_image_social
34754,QwenN,Neutral,1,issue_self_image_social
34754,QwenN,Neutral-CoT,1,issue_self_image_social
34754,QwenN,EI,1,issue_self_image_social
34754,QwenN,EA,,issue_self_image_social
34754,QwenT,Neutral,1,issue_self_image_social
34754,QwenT,Neutral-CoT,1,issue_self_image_social
34754,QwenT,EI,1,issue_self_image_social
34754,QwenT,EA,1,issue_self_image_social
34812,GPT_5,Neutral,1,issue_crime_addiction
34812,GPT_5,Neutral-CoT,2,issue_crime_addiction
34812,GPT_5,EI,2,issue_crime_addiction
34812,GPT_5,EA,1,issue_crime_addiction
34812,GPT_o4,Neutral,1,issue_crime_addiction
34812,GPT_o4,Neutral-CoT,1,issue_crime_addiction
34812,GPT_o4,EI,1,issue_crime_addiction
34812,GPT_o4,EA,1,issue_crime_addiction
34812,QwenN,Neutral,2,issue_crime_addiction
34812,QwenN,Neutral-CoT,2,issue_crime_addiction
34812,QwenN,EI,2,issue_crime_addiction
34812,QwenN,EA,2,issue_crime_addiction
34812,QwenT,Neutral,2,issue_crime_addiction
34812,QwenT,Neutral-CoT,2,issue_crime_addiction
34812,QwenT,EI,2,issue_crime_addiction
34812,QwenT,EA,2,issue_crime_addiction
34915,GPT_5,Neutral,2,business_organization
34915,GPT_5,Neutral-CoT,2,business_organization
34915,GPT_5,EI,1,business_organization
34915,GPT_5,EA,2,business_organization
34915,GPT_o4,Neutral,1,business_organization
34915,GPT_o4,Neutral-CoT,2,business_organization
34915,GPT_o4,EI,1,business_organization
34915,GPT_o4,EA,1,business_organization
34915,QwenN,Neutral,1,business_organization
34915,QwenN,Neutral-CoT,2,business_organization
34915,QwenN,EI,1,business_organization
34915,QwenN,EA,1,business_organization
34915,QwenT,Neutral,1,business_organization
34915,QwenT,Neutral-CoT,1,business_organization
34915,QwenT,EI,1,business_organization
34915,QwenT,EA,1,business_organization
34918,GPT_5,Neutral,2,issue_crime_addiction
34918,GPT_5,Neutral-CoT,2,issue_crime_addiction
34918,GPT_5,EI,2,issue_crime_addiction
34918,GPT_5,EA,2,issue_crime_addiction
34918,GPT_o4,Neutral,2,issue_crime_addiction
34918,GPT_o4,Neutral-CoT,2,issue_crime_addiction
34918,GPT_o4,EI,2,issue_crime_addiction
34918,GPT_o4,EA,2,issue_crime_addiction
34918,QwenN,Neutral,2,issue_crime_addiction
34918,QwenN,Neutral-CoT,2,issue_crime_addiction
34918,QwenN,EI,2,issue_crime_addiction
34918,QwenN,EA,2,issue_crime_addiction
34918,QwenT,Neutral,2,issue_crime_addiction
34918,QwenT,Neutral-CoT,2,issue_crime_addiction
34918,QwenT,EI,2,issue_crime_addiction
34918,QwenT,EA,2,issue_crime_addiction
34930,GPT_5,Neutral,2,business_organization
34930,GPT_5,Neutral-CoT,2,business_organization
34930,GPT_5,EI,1,business_organization
34930,GPT_5,EA,2,business_organization
34930,GPT_o4,Neutral,1,business_organization
34930,GPT_o4,Neutral-CoT,1,business_organization
34930,GPT_o4,EI,1,business_organization
34930,GPT_o4,EA,1,business_organization
34930,QwenN,Neutral,1,business_organization
34930,QwenN,Neutral-CoT,1,business_organization
34930,QwenN,EI,1,business_organization
34930,QwenN,EA,1,business_organization
34930,QwenT,Neutral,1,business_organization
34930,QwenT,Neutral-CoT,1,business_organization
34930,QwenT,EI,1,business_organization
34930,QwenT,EA,1,business_organization
34944,GPT_5,Neutral,2,issue_crime_addiction
34944,GPT_5,Neutral-CoT,2,issue_crime_addiction
34944,GPT_5,EI,1,issue_crime_addiction
34944,GPT_5,EA,2,issue_crime_addiction
34944,GPT_o4,Neutral,2,issue_crime_addiction
34944,GPT_o4,Neutral-CoT,2,issue_crime_addiction
34944,GPT_o4,EI,1,issue_crime_addiction
34944,GPT_o4,EA,2,issue_crime_addiction
34944,QwenN,Neutral,2,issue_crime_addiction
34944,QwenN,Neutral-CoT,2,issue_crime_addiction
34944,QwenN,EI,1,issue_crime_addiction
34944,QwenN,EA,1,issue_crime_addiction
34944,QwenT,Neutral,2,issue_crime_addiction
34944,QwenT,Neutral-CoT,1,issue_crime_addiction
34944,QwenT,EI,1,issue_crime_addiction
34944,QwenT,EA,1,issue_crime_addiction
34983,GPT_5,Neutral,2,religion_custom
34983,GPT_5,Neutral-CoT,2,religion_custom
34983,GPT_5,EI,2,religion_custom
34983,GPT_5,EA,2,religion_custom
34983,GPT_o4,Neutral,2,religion_custom
34983,GPT_o4,Neutral-CoT,2,religion_custom
34983,GPT_o4,EI,2,religion_custom
34983,GPT_o4,EA,2,religion_custom
34983,QwenN,Neutral,2,religion_custom
34983,QwenN,Neutral-CoT,2,religion_custom
34983,QwenN,EI,2,religion_custom
34983,QwenN,EA,2,religion_custom
34983,QwenT,Neutral,2,religion_custom
34983,QwenT,Neutral-CoT,2,religion_custom
34983,QwenT,EI,2,religion_custom
34983,QwenT,EA,2,religion_custom
35058,GPT_5,Neutral,2,role_duty_responsibility
35058,GPT_5,Neutral-CoT,2,role_duty_responsibility
35058,GPT_5,EI,2,role_duty_responsibility
35058,GPT_5,EA,2,role_duty_responsibility
35058,GPT_o4,Neutral,2,role_duty_responsibility
35058,GPT_o4,Neutral-CoT,2,role_duty_responsibility
35058,GPT_o4,EI,2,role_duty_responsibility
35058,GPT_o4,EA,2,role_duty_responsibility
35058,QwenN,Neutral,2,role_duty_responsibility
35058,QwenN,Neutral-CoT,2,role_duty_responsibility
35058,QwenN,EI,2,role_duty_responsibility
35058,QwenN,EA,2,role_duty_responsibility
35058,QwenT,Neutral,2,role_duty_responsibility
35058,QwenT,Neutral-CoT,2,role_duty_responsibility
35058,QwenT,EI,2,role_duty_responsibility
35058,QwenT,EA,2,role_duty_responsibility
35064,GPT_5,Neutral,1,family
35064,GPT_5,Neutral-CoT,2,family
35064,GPT_5,EI,2,family
35064,GPT_5,EA,2,family
35064,GPT_o4,Neutral,1,family
35064,GPT_o4,Neutral-CoT,1,family
35064,GPT_o4,EI,2,family
35064,GPT_o4,EA,1,family
35064,QwenN,Neutral,1,family
35064,QwenN,Neutral-CoT,1,family
35064,QwenN,EI,1,family
35064,QwenN,EA,1,family
35064,QwenT,Neutral,2,family
35064,QwenT,Neutral-CoT,2,family
35064,QwenT,EI,2,family
35064,QwenT,EA,2,family
35127,GPT_5,Neutral,2,event_special
35127,GPT_5,Neutral-CoT,2,event_special
35127,GPT_5,EI,2,event_special
35127,GPT_5,EA,2,event_special
35127,GPT_o4,Neutral,2,event_special
35127,GPT_o4,Neutral-CoT,1,event_special
35127,GPT_o4,EI,1,event_special
35127,GPT_o4,EA,2,event_special
35127,QwenN,Neutral,2,event_special
35127,QwenN,Neutral-CoT,2,event_special
35127,QwenN,EI,2,event_special
35127,QwenN,EA,2,event_special
35127,QwenT,Neutral,2,event_special
35127,QwenT,Neutral-CoT,2,event_special
35127,QwenT,EI,2,event_special
35127,QwenT,EA,2,event_special
35156,GPT_5,Neutral,2,workplace
35156,GPT_5,Neutral-CoT,2,workplace
35156,GPT_5,EI,2,workplace
35156,GPT_5,EA,2,workplace
35156,GPT_o4,Neutral,2,workplace
35156,GPT_o4,Neutral-CoT,2,workplace
35156,GPT_o4,EI,2,workplace
35156,GPT_o4,EA,2,workplace
35156,QwenN,Neutral,2,workplace
35156,QwenN,Neutral-CoT,2,workplace
35156,QwenN,EI,2,workplace
35156,QwenN,EA,2,workplace
35156,QwenT,Neutral,2,workplace
35156,QwenT,Neutral-CoT,2,workplace
35156,QwenT,EI,2,workplace
35156,QwenT,EA,2,workplace
35174,GPT_5,Neutral,1,workplace
35174,GPT_5,Neutral-CoT,1,workplace
35174,GPT_5,EI,1,workplace
35174,GPT_5,EA,1,workplace
35174,GPT_o4,Neutral,1,workplace
35174,GPT_o4,Neutral-CoT,1,workplace
35174,GPT_o4,EI,1,workplace
35174,GPT_o4,EA,1,workplace
35174,QwenN,Neutral,1,workplace
35174,QwenN,Neutral-CoT,1,workplace
35174,QwenN,EI,1,workplace
35174,QwenN,EA,1,workplace
35174,QwenT,Neutral,1,workplace
35174,QwenT,Neutral-CoT,1,workplace
35174,QwenT,EI,1,workplace
35174,QwenT,EA,1,workplace
35191,GPT_5,Neutral,2,issue_wildlife_human_environment
35191,GPT_5,Neutral-CoT,2,issue_wildlife_human_environment
35191,GPT_5,EI,2,issue_wildlife_human_environment
35191,GPT_5,EA,2,issue_wildlife_human_environment
35191,GPT_o4,Neutral,2,issue_wildlife_human_environment
35191,GPT_o4,Neutral-CoT,2,issue_wildlife_human_environment
35191,GPT_o4,EI,1,issue_wildlife_human_environment
35191,GPT_o4,EA,2,issue_wildlife_human_environment
35191,QwenN,Neutral,2,issue_wildlife_human_environment
35191,QwenN,Neutral-CoT,2,issue_wildlife_human_environment
35191,QwenN,EI,2,issue_wildlife_human_environment
35191,QwenN,EA,2,issue_wildlife_human_environment
35191,QwenT,Neutral,2,issue_wildlife_human_environment
35191,QwenT,Neutral-CoT,1,issue_wildlife_human_environment
35191,QwenT,EI,1,issue_wildlife_human_environment
35191,QwenT,EA,1,issue_wildlife_human_environment
35201,GPT_5,Neutral,2,event_daily_life
35201,GPT_5,Neutral-CoT,2,event_daily_life
35201,GPT_5,EI,2,event_daily_life
35201,GPT_5,EA,2,event_daily_life
35201,GPT_o4,Neutral,2,event_daily_life
35201,GPT_o4,Neutral-CoT,2,event_daily_life
35201,GPT_o4,EI,2,event_daily_life
35201,GPT_o4,EA,2,event_daily_life
35201,QwenN,Neutral,2,event_daily_life
35201,QwenN,Neutral-CoT,2,event_daily_life
35201,QwenN,EI,2,event_daily_life
35201,QwenN,EA,2,event_daily_life
35201,QwenT,Neutral,2,event_daily_life
35201,QwenT,Neutral-CoT,2,event_daily_life
35201,QwenT,EI,2,event_daily_life
35201,QwenT,EA,2,event_daily_life
35204,GPT_5,Neutral,2,issue_self_image_social
35204,GPT_5,Neutral-CoT,2,issue_self_image_social
35204,GPT_5,EI,2,issue_self_image_social
35204,GPT_5,EA,2,issue_self_image_social
35204,GPT_o4,Neutral,2,issue_self_image_social
35204,GPT_o4,Neutral-CoT,2,issue_self_image_social
35204,GPT_o4,EI,2,issue_self_image_social
35204,GPT_o4,EA,2,issue_self_image_social
35204,QwenN,Neutral,2,issue_self_image_social
35204,QwenN,Neutral-CoT,2,issue_self_image_social
35204,QwenN,EI,2,issue_self_image_social
35204,QwenN,EA,2,issue_self_image_social
35204,QwenT,Neutral,2,issue_self_image_social
35204,QwenT,Neutral-CoT,2,issue_self_image_social
35204,QwenT,EI,2,issue_self_image_social
35204,QwenT,EA,2,issue_self_image_social
35282,GPT_5,Neutral,2,close_relationship
35282,GPT_5,Neutral-CoT,2,close_relationship
35282,GPT_5,EI,2,close_relationship
35282,GPT_5,EA,2,close_relationship
35282,GPT_o4,Neutral,2,close_relationship
35282,GPT_o4,Neutral-CoT,2,close_relationship
35282,GPT_o4,EI,1,close_relationship
35282,GPT_o4,EA,2,close_relationship
35282,QwenN,Neutral,2,close_relationship
35282,QwenN,Neutral-CoT,2,close_relationship
35282,QwenN,EI,2,close_relationship
35282,QwenN,EA,2,close_relationship
35282,QwenT,Neutral,2,close_relationship
35282,QwenT,Neutral-CoT,2,close_relationship
35282,QwenT,EI,1,close_relationship
35282,QwenT,EA,2,close_relationship
35287,GPT_5,Neutral,1,family
35287,GPT_5,Neutral-CoT,1,family
35287,GPT_5,EI,1,family
35287,GPT_5,EA,1,family
35287,GPT_o4,Neutral,1,family
35287,GPT_o4,Neutral-CoT,1,family
35287,GPT_o4,EI,1,family
35287,GPT_o4,EA,1,family
35287,QwenN,Neutral,1,family
35287,QwenN,Neutral-CoT,1,family
35287,QwenN,EI,1,family
35287,QwenN,EA,1,family
35287,QwenT,Neutral,1,family
35287,QwenT,Neutral-CoT,1,family
35287,QwenT,EI,1,family
35287,QwenT,EA,1,family
35397,GPT_5,Neutral,2,friend
35397,GPT_5,Neutral-CoT,2,friend
35397,GPT_5,EI,2,friend
35397,GPT_5,EA,2,friend
35397,GPT_o4,Neutral,2,friend
35397,GPT_o4,Neutral-CoT,2,friend
35397,GPT_o4,EI,2,friend
35397,GPT_o4,EA,2,friend
35397,QwenN,Neutral,2,friend
35397,QwenN,Neutral-CoT,2,friend
35397,QwenN,EI,2,friend
35397,QwenN,EA,2,friend
35397,QwenT,Neutral,2,friend
35397,QwenT,Neutral-CoT,2,friend
35397,QwenT,EI,1,friend
35397,QwenT,EA,2,friend
35429,GPT_5,Neutral,2,issue_crime_addiction
35429,GPT_5,Neutral-CoT,2,issue_crime_addiction
35429,GPT_5,EI,2,issue_crime_addiction
35429,GPT_5,EA,2,issue_crime_addiction
35429,GPT_o4,Neutral,2,issue_crime_addiction
35429,GPT_o4,Neutral-CoT,,issue_crime_addiction
35429,GPT_o4,EI,2,issue_crime_addiction
35429,GPT_o4,EA,2,issue_crime_addiction
35429,QwenN,Neutral,2,issue_crime_addiction
35429,QwenN,Neutral-CoT,2,issue_crime_addiction
35429,QwenN,EI,2,issue_crime_addiction
35429,QwenN,EA,2,issue_crime_addiction
35429,QwenT,Neutral,2,issue_crime_addiction
35429,QwenT,Neutral-CoT,2,issue_crime_addiction
35429,QwenT,EI,2,issue_crime_addiction
35429,QwenT,EA,2,issue_crime_addiction
35467,GPT_5,Neutral,2,issue_self_image_social
35467,GPT_5,Neutral-CoT,2,issue_self_image_social
35467,GPT_5,EI,2,issue_self_image_social
35467,GPT_5,EA,2,issue_self_image_social
35467,GPT_o4,Neutral,2,issue_self_image_social
35467,GPT_o4,Neutral-CoT,2,issue_self_image_social
35467,GPT_o4,EI,2,issue_self_image_social
35467,GPT_o4,EA,2,issue_self_image_social
35467,QwenN,Neutral,2,issue_self_image_social
35467,QwenN,Neutral-CoT,2,issue_self_image_social
35467,QwenN,EI,2,issue_self_image_social
35467,QwenN,EA,2,issue_self_image_social
35467,QwenT,Neutral,1,issue_self_image_social
35467,QwenT,Neutral-CoT,1,issue_self_image_social
35467,QwenT,EI,1,issue_self_image_social
35467,QwenT,EA,1,issue_self_image_social
35542,GPT_5,Neutral,2,issue_personal_career
35542,GPT_5,Neutral-CoT,2,issue_personal_career
35542,GPT_5,EI,2,issue_personal_career
35542,GPT_5,EA,2,issue_personal_career
35542,GPT_o4,Neutral,2,issue_personal_career
35542,GPT_o4,Neutral-CoT,2,issue_personal_career
35542,GPT_o4,EI,2,issue_personal_career
35542,GPT_o4,EA,2,issue_personal_career
35542,QwenN,Neutral,2,issue_personal_career
35542,QwenN,Neutral-CoT,2,issue_personal_career
35542,QwenN,EI,2,issue_personal_career
35542,QwenN,EA,2,issue_personal_career
35542,QwenT,Neutral,2,issue_personal_career
35542,QwenT,Neutral-CoT,2,issue_personal_career
35542,QwenT,EI,2,issue_personal_career
35542,QwenT,EA,2,issue_personal_career
35564,GPT_5,Neutral,2,event_daily_life
35564,GPT_5,Neutral-CoT,2,event_daily_life
35564,GPT_5,EI,2,event_daily_life
35564,GPT_5,EA,2,event_daily_life
35564,GPT_o4,Neutral,2,event_daily_life
35564,GPT_o4,Neutral-CoT,2,event_daily_life
35564,GPT_o4,EI,2,event_daily_life
35564,GPT_o4,EA,2,event_daily_life
35564,QwenN,Neutral,2,event_daily_life
35564,QwenN,Neutral-CoT,2,event_daily_life
35564,QwenN,EI,2,event_daily_life
35564,QwenN,EA,2,event_daily_life
35564,QwenT,Neutral,2,event_daily_life
35564,QwenT,Neutral-CoT,2,event_daily_life
35564,QwenT,EI,1,event_daily_life
35564,QwenT,EA,2,event_daily_life
35592,GPT_5,Neutral,1,issue_crime_addiction
35592,GPT_5,Neutral-CoT,1,issue_crime_addiction
35592,GPT_5,EI,1,issue_crime_addiction
35592,GPT_5,EA,1,issue_crime_addiction
35592,GPT_o4,Neutral,1,issue_crime_addiction
35592,GPT_o4,Neutral-CoT,1,issue_crime_addiction
35592,GPT_o4,EI,1,issue_crime_addiction
35592,GPT_o4,EA,1,issue_crime_addiction
35592,QwenN,Neutral,1,issue_crime_addiction
35592,QwenN,Neutral-CoT,1,issue_crime_addiction
35592,QwenN,EI,1,issue_crime_addiction
35592,QwenN,EA,1,issue_crime_addiction
35592,QwenT,Neutral,1,issue_crime_addiction
35592,QwenT,Neutral-CoT,1,issue_crime_addiction
35592,QwenT,EI,1,issue_crime_addiction
35592,QwenT,EA,1,issue_crime_addiction
35643,GPT_5,Neutral,2,event_special
35643,GPT_5,Neutral-CoT,2,event_special
35643,GPT_5,EI,2,event_special
35643,GPT_5,EA,2,event_special
35643,GPT_o4,Neutral,2,event_special
35643,GPT_o4,Neutral-CoT,2,event_special
35643,GPT_o4,EI,2,event_special
35643,GPT_o4,EA,2,event_special
35643,QwenN,Neutral,2,event_special
35643,QwenN,Neutral-CoT,2,event_special
35643,QwenN,EI,2,event_special
35643,QwenN,EA,2,event_special
35643,QwenT,Neutral,2,event_special
35643,QwenT,Neutral-CoT,2,event_special
35643,QwenT,EI,2,event_special
35643,QwenT,EA,2,event_special
35653,GPT_5,Neutral,2,issue_personal_career
35653,GPT_5,Neutral-CoT,2,issue_personal_career
35653,GPT_5,EI,2,issue_personal_career
35653,GPT_5,EA,2,issue_personal_career
35653,GPT_o4,Neutral,1,issue_personal_career
35653,GPT_o4,Neutral-CoT,1,issue_personal_career
35653,GPT_o4,EI,1,issue_personal_career
35653,GPT_o4,EA,1,issue_personal_career
35653,QwenN,Neutral,2,issue_personal_career
35653,QwenN,Neutral-CoT,2,issue_personal_career
35653,QwenN,EI,2,issue_personal_career
35653,QwenN,EA,1,issue_personal_career
35653,QwenT,Neutral,2,issue_personal_career
35653,QwenT,Neutral-CoT,1,issue_personal_career
35653,QwenT,EI,1,issue_personal_career
35653,QwenT,EA,1,issue_personal_career
35715,GPT_5,Neutral,2,school
35715,GPT_5,Neutral-CoT,2,school
35715,GPT_5,EI,2,school
35715,GPT_5,EA,2,school
35715,GPT_o4,Neutral,2,school
35715,GPT_o4,Neutral-CoT,2,school
35715,GPT_o4,EI,2,school
35715,GPT_o4,EA,2,school
35715,QwenN,Neutral,2,school
35715,QwenN,Neutral-CoT,2,school
35715,QwenN,EI,2,school
35715,QwenN,EA,2,school
35715,QwenT,Neutral,1,school
35715,QwenT,Neutral-CoT,1,school
35715,QwenT,EI,2,school
35715,QwenT,EA,2,school
35732,GPT_5,Neutral,2,event_special
35732,GPT_5,Neutral-CoT,2,event_special
35732,GPT_5,EI,2,event_special
35732,GPT_5,EA,2,event_special
35732,GPT_o4,Neutral,2,event_special
35732,GPT_o4,Neutral-CoT,2,event_special
35732,GPT_o4,EI,2,event_special
35732,GPT_o4,EA,2,event_special
35732,QwenN,Neutral,2,event_special
35732,QwenN,Neutral-CoT,2,event_special
35732,QwenN,EI,2,event_special
35732,QwenN,EA,2,event_special
35732,QwenT,Neutral,2,event_special
35732,QwenT,Neutral-CoT,2,event_special
35732,QwenT,EI,2,event_special
35732,QwenT,EA,2,event_special
35738,GPT_5,Neutral,2,religion_custom
35738,GPT_5,Neutral-CoT,2,religion_custom
35738,GPT_5,EI,2,religion_custom
35738,GPT_5,EA,2,religion_custom
35738,GPT_o4,Neutral,2,religion_custom
35738,GPT_o4,Neutral-CoT,2,religion_custom
35738,GPT_o4,EI,2,religion_custom
35738,GPT_o4,EA,2,religion_custom
35738,QwenN,Neutral,2,religion_custom
35738,QwenN,Neutral-CoT,2,religion_custom
35738,QwenN,EI,2,religion_custom
35738,QwenN,EA,2,religion_custom
35738,QwenT,Neutral,2,religion_custom
35738,QwenT,Neutral-CoT,2,religion_custom
35738,QwenT,EI,2,religion_custom
35738,QwenT,EA,2,religion_custom
35743,GPT_5,Neutral,2,family
35743,GPT_5,Neutral-CoT,2,family
35743,GPT_5,EI,2,family
35743,GPT_5,EA,2,family
35743,GPT_o4,Neutral,2,family
35743,GPT_o4,Neutral-CoT,2,family
35743,GPT_o4,EI,2,family
35743,GPT_o4,EA,2,family
35743,QwenN,Neutral,1,family
35743,QwenN,Neutral-CoT,1,family
35743,QwenN,EI,1,family
35743,QwenN,EA,1,family
35743,QwenT,Neutral,2,family
35743,QwenT,Neutral-CoT,2,family
35743,QwenT,EI,1,family
35743,QwenT,EA,1,family
35871,GPT_5,Neutral,2,issue_personal_career
35871,GPT_5,Neutral-CoT,2,issue_personal_career
35871,GPT_5,EI,2,issue_personal_career
35871,GPT_5,EA,2,issue_personal_career
35871,GPT_o4,Neutral,2,issue_personal_career
35871,GPT_o4,Neutral-CoT,2,issue_personal_career
35871,GPT_o4,EI,2,issue_personal_career
35871,GPT_o4,EA,2,issue_personal_career
35871,QwenN,Neutral,2,issue_personal_career
35871,QwenN,Neutral-CoT,2,issue_personal_career
35871,QwenN,EI,2,issue_personal_career
35871,QwenN,EA,2,issue_personal_career
35871,QwenT,Neutral,2,issue_personal_career
35871,QwenT,Neutral-CoT,2,issue_personal_career
35871,QwenT,EI,2,issue_personal_career
35871,QwenT,EA,2,issue_personal_career
35880,GPT_5,Neutral,2,workplace
35880,GPT_5,Neutral-CoT,2,workplace
35880,GPT_5,EI,2,workplace
35880,GPT_5,EA,2,workplace
35880,GPT_o4,Neutral,2,workplace
35880,GPT_o4,Neutral-CoT,2,workplace
35880,GPT_o4,EI,2,workplace
35880,GPT_o4,EA,2,workplace
35880,QwenN,Neutral,2,workplace
35880,QwenN,Neutral-CoT,2,workplace
35880,QwenN,EI,2,workplace
35880,QwenN,EA,2,workplace
35880,QwenT,Neutral,2,workplace
35880,QwenT,Neutral-CoT,2,workplace
35880,QwenT,EI,2,workplace
35880,QwenT,EA,2,workplace
35907,GPT_5,Neutral,2,issue_self_image_social
35907,GPT_5,Neutral-CoT,2,issue_self_image_social
35907,GPT_5,EI,1,issue_self_image_social
35907,GPT_5,EA,1,issue_self_image_social
35907,GPT_o4,Neutral,1,issue_self_image_social
35907,GPT_o4,Neutral-CoT,1,issue_self_image_social
35907,GPT_o4,EI,1,issue_self_image_social
35907,GPT_o4,EA,1,issue_self_image_social
35907,QwenN,Neutral,1,issue_self_image_social
35907,QwenN,Neutral-CoT,1,issue_self_image_social
35907,QwenN,EI,1,issue_self_image_social
35907,QwenN,EA,1,issue_self_image_social
35907,QwenT,Neutral,1,issue_self_image_social
35907,QwenT,Neutral-CoT,1,issue_self_image_social
35907,QwenT,EI,1,issue_self_image_social
35907,QwenT,EA,1,issue_self_image_social
35912,GPT_5,Neutral,1,issue_self_image_social
35912,GPT_5,Neutral-CoT,2,issue_self_image_social
35912,GPT_5,EI,2,issue_self_image_social
35912,GPT_5,EA,1,issue_self_image_social
35912,GPT_o4,Neutral,1,issue_self_image_social
35912,GPT_o4,Neutral-CoT,2,issue_self_image_social
35912,GPT_o4,EI,1,issue_self_image_social
35912,GPT_o4,EA,2,issue_self_image_social
35912,QwenN,Neutral,1,issue_self_image_social
35912,QwenN,Neutral-CoT,1,issue_self_image_social
35912,QwenN,EI,1,issue_self_image_social
35912,QwenN,EA,1,issue_self_image_social
35912,QwenT,Neutral,1,issue_self_image_social
35912,QwenT,Neutral-CoT,2,issue_self_image_social
35912,QwenT,EI,1,issue_self_image_social
35912,QwenT,EA,1,issue_self_image_social
35918,GPT_5,Neutral,2,friend
35918,GPT_5,Neutral-CoT,2,friend
35918,GPT_5,EI,2,friend
35918,GPT_5,EA,2,friend
35918,GPT_o4,Neutral,2,friend
35918,GPT_o4,Neutral-CoT,2,friend
35918,GPT_o4,EI,2,friend
35918,GPT_o4,EA,2,friend
35918,QwenN,Neutral,2,friend
35918,QwenN,Neutral-CoT,2,friend
35918,QwenN,EI,2,friend
35918,QwenN,EA,2,friend
35918,QwenT,Neutral,1,friend
35918,QwenT,Neutral-CoT,1,friend
35918,QwenT,EI,1,friend
35918,QwenT,EA,1,friend
35939,GPT_5,Neutral,2,business_organization
35939,GPT_5,Neutral-CoT,2,business_organization
35939,GPT_5,EI,2,business_organization
35939,GPT_5,EA,2,business_organization
35939,GPT_o4,Neutral,2,business_organization
35939,GPT_o4,Neutral-CoT,2,business_organization
35939,GPT_o4,EI,2,business_organization
35939,GPT_o4,EA,2,business_organization
35939,QwenN,Neutral,2,business_organization
35939,QwenN,Neutral-CoT,2,business_organization
35939,QwenN,EI,2,business_organization
35939,QwenN,EA,2,business_organization
35939,QwenT,Neutral,2,business_organization
35939,QwenT,Neutral-CoT,2,business_organization
35939,QwenT,EI,2,business_organization
35939,QwenT,EA,2,business_organization
35991,GPT_5,Neutral,2,event_special
35991,GPT_5,Neutral-CoT,2,event_special
35991,GPT_5,EI,2,event_special
35991,GPT_5,EA,2,event_special
35991,GPT_o4,Neutral,2,event_special
35991,GPT_o4,Neutral-CoT,2,event_special
35991,GPT_o4,EI,2,event_special
35991,GPT_o4,EA,2,event_special
35991,QwenN,Neutral,2,event_special
35991,QwenN,Neutral-CoT,2,event_special
35991,QwenN,EI,2,event_special
35991,QwenN,EA,2,event_special
35991,QwenT,Neutral,2,event_special
35991,QwenT,Neutral-CoT,2,event_special
35991,QwenT,EI,2,event_special
35991,QwenT,EA,2,event_special
36100,GPT_5,Neutral,2,role_duty_responsibility
36100,GPT_5,Neutral-CoT,2,role_duty_responsibility
36100,GPT_5,EI,2,role_duty_responsibility
36100,GPT_5,EA,2,role_duty_responsibility
36100,GPT_o4,Neutral,1,role_duty_responsibility
36100,GPT_o4,Neutral-CoT,2,role_duty_responsibility
36100,GPT_o4,EI,2,role_duty_responsibility
36100,GPT_o4,EA,2,role_duty_responsibility
36100,QwenN,Neutral,2,role_duty_responsibility
36100,QwenN,Neutral-CoT,2,role_duty_responsibility
36100,QwenN,EI,2,role_duty_responsibility
36100,QwenN,EA,2,role_duty_responsibility
36100,QwenT,Neutral,2,role_duty_responsibility
36100,QwenT,Neutral-CoT,2,role_duty_responsibility
36100,QwenT,EI,2,role_duty_responsibility
36100,QwenT,EA,2,role_duty_responsibility
36117,GPT_5,Neutral,1,workplace
36117,GPT_5,Neutral-CoT,1,workplace
36117,GPT_5,EI,1,workplace
36117,GPT_5,EA,1,workplace
36117,GPT_o4,Neutral,1,workplace
36117,GPT_o4,Neutral-CoT,1,workplace
36117,GPT_o4,EI,1,workplace
36117,GPT_o4,EA,1,workplace
36117,QwenN,Neutral,1,workplace
36117,QwenN,Neutral-CoT,1,workplace
36117,QwenN,EI,1,workplace
36117,QwenN,EA,1,workplace
36117,QwenT,Neutral,1,workplace
36117,QwenT,Neutral-CoT,1,workplace
36117,QwenT,EI,1,workplace
36117,QwenT,EA,1,workplace
36126,GPT_5,Neutral,2,issue_crime_addiction
36126,GPT_5,Neutral-CoT,2,issue_crime_addiction
36126,GPT_5,EI,2,issue_crime_addiction
36126,GPT_5,EA,2,issue_crime_addiction
36126,GPT_o4,Neutral,2,issue_crime_addiction
36126,GPT_o4,Neutral-CoT,2,issue_crime_addiction
36126,GPT_o4,EI,2,issue_crime_addiction
36126,GPT_o4,EA,2,issue_crime_addiction
36126,QwenN,Neutral,2,issue_crime_addiction
36126,QwenN,Neutral-CoT,2,issue_crime_addiction
36126,QwenN,EI,2,issue_crime_addiction
36126,QwenN,EA,2,issue_crime_addiction
36126,QwenT,Neutral,2,issue_crime_addiction
36126,QwenT,Neutral-CoT,2,issue_crime_addiction
36126,QwenT,EI,2,issue_crime_addiction
36126,QwenT,EA,2,issue_crime_addiction
36186,GPT_5,Neutral,2,issue_pregnancy
36186,GPT_5,Neutral-CoT,2,issue_pregnancy
36186,GPT_5,EI,2,issue_pregnancy
36186,GPT_5,EA,2,issue_pregnancy
36186,GPT_o4,Neutral,2,issue_pregnancy
36186,GPT_o4,Neutral-CoT,2,issue_pregnancy
36186,GPT_o4,EI,2,issue_pregnancy
36186,GPT_o4,EA,2,issue_pregnancy
36186,QwenN,Neutral,2,issue_pregnancy
36186,QwenN,Neutral-CoT,2,issue_pregnancy
36186,QwenN,EI,2,issue_pregnancy
36186,QwenN,EA,2,issue_pregnancy
36186,QwenT,Neutral,2,issue_pregnancy
36186,QwenT,Neutral-CoT,2,issue_pregnancy
36186,QwenT,EI,2,issue_pregnancy
36186,QwenT,EA,2,issue_pregnancy
36190,GPT_5,Neutral,1,issue_young_people
36190,GPT_5,Neutral-CoT,1,issue_young_people
36190,GPT_5,EI,1,issue_young_people
36190,GPT_5,EA,1,issue_young_people
36190,GPT_o4,Neutral,1,issue_young_people
36190,GPT_o4,Neutral-CoT,1,issue_young_people
36190,GPT_o4,EI,1,issue_young_people
36190,GPT_o4,EA,1,issue_young_people
36190,QwenN,Neutral,1,issue_young_people
36190,QwenN,Neutral-CoT,1,issue_young_people
36190,QwenN,EI,1,issue_young_people
36190,QwenN,EA,1,issue_young_people
36190,QwenT,Neutral,1,issue_young_people
36190,QwenT,Neutral-CoT,1,issue_young_people
36190,QwenT,EI,2,issue_young_people
36190,QwenT,EA,1,issue_young_people
36199,GPT_5,Neutral,2,friend
36199,GPT_5,Neutral-CoT,2,friend
36199,GPT_5,EI,2,friend
36199,GPT_5,EA,2,friend
36199,GPT_o4,Neutral,2,friend
36199,GPT_o4,Neutral-CoT,2,friend
36199,GPT_o4,EI,2,friend
36199,GPT_o4,EA,2,friend
36199,QwenN,Neutral,2,friend
36199,QwenN,Neutral-CoT,2,friend
36199,QwenN,EI,2,friend
36199,QwenN,EA,2,friend
36199,QwenT,Neutral,2,friend
36199,QwenT,Neutral-CoT,2,friend
36199,QwenT,EI,2,friend
36199,QwenT,EA,2,friend
36209,GPT_5,Neutral,1,issue_wildlife_human_environment
36209,GPT_5,Neutral-CoT,1,issue_wildlife_human_environment
36209,GPT_5,EI,1,issue_wildlife_human_environment
36209,GPT_5,EA,1,issue_wildlife_human_environment
36209,GPT_o4,Neutral,1,issue_wildlife_human_environment
36209,GPT_o4,Neutral-CoT,1,issue_wildlife_human_environment
36209,GPT_o4,EI,1,issue_wildlife_human_environment
36209,GPT_o4,EA,1,issue_wildlife_human_environment
36209,QwenN,Neutral,1,issue_wildlife_human_environment
36209,QwenN,Neutral-CoT,1,issue_wildlife_human_environment
36209,QwenN,EI,1,issue_wildlife_human_environment
36209,QwenN,EA,1,issue_wildlife_human_environment
36209,QwenT,Neutral,1,issue_wildlife_human_environment
36209,QwenT,Neutral-CoT,1,issue_wildlife_human_environment
36209,QwenT,EI,1,issue_wildlife_human_environment
36209,QwenT,EA,1,issue_wildlife_human_environment
36223,GPT_5,Neutral,1,friend
36223,GPT_5,Neutral-CoT,2,friend
36223,GPT_5,EI,2,friend
36223,GPT_5,EA,2,friend
36223,GPT_o4,Neutral,2,friend
36223,GPT_o4,Neutral-CoT,1,friend
36223,GPT_o4,EI,2,friend
36223,GPT_o4,EA,1,friend
36223,QwenN,Neutral,2,friend
36223,QwenN,Neutral-CoT,2,friend
36223,QwenN,EI,2,friend
36223,QwenN,EA,2,friend
36223,QwenT,Neutral,1,friend
36223,QwenT,Neutral-CoT,2,friend
36223,QwenT,EI,2,friend
36223,QwenT,EA,2,friend
36247,GPT_5,Neutral,1,business_organization
36247,GPT_5,Neutral-CoT,1,business_organization
36247,GPT_5,EI,1,business_organization
36247,GPT_5,EA,1,business_organization
36247,GPT_o4,Neutral,1,business_organization
36247,GPT_o4,Neutral-CoT,1,business_organization
36247,GPT_o4,EI,1,business_organization
36247,GPT_o4,EA,1,business_organization
36247,QwenN,Neutral,1,business_organization
36247,QwenN,Neutral-CoT,1,business_organization
36247,QwenN,EI,1,business_organization
36247,QwenN,EA,1,business_organization
36247,QwenT,Neutral,2,business_organization
36247,QwenT,Neutral-CoT,1,business_organization
36247,QwenT,EI,1,business_organization
36247,QwenT,EA,1,business_organization
36341,GPT_5,Neutral,2,comitted_relationship
36341,GPT_5,Neutral-CoT,2,comitted_relationship
36341,GPT_5,EI,2,comitted_relationship
36341,GPT_5,EA,2,comitted_relationship
36341,GPT_o4,Neutral,1,comitted_relationship
36341,GPT_o4,Neutral-CoT,1,comitted_relationship
36341,GPT_o4,EI,2,comitted_relationship
36341,GPT_o4,EA,1,comitted_relationship
36341,QwenN,Neutral,2,comitted_relationship
36341,QwenN,Neutral-CoT,2,comitted_relationship
36341,QwenN,EI,2,comitted_relationship
36341,QwenN,EA,2,comitted_relationship
36341,QwenT,Neutral,2,comitted_relationship
36341,QwenT,Neutral-CoT,2,comitted_relationship
36341,QwenT,EI,2,comitted_relationship
36341,QwenT,EA,2,comitted_relationship
36403,GPT_5,Neutral,2,issue_young_people
36403,GPT_5,Neutral-CoT,2,issue_young_people
36403,GPT_5,EI,2,issue_young_people
36403,GPT_5,EA,2,issue_young_people
36403,GPT_o4,Neutral,2,issue_young_people
36403,GPT_o4,Neutral-CoT,1,issue_young_people
36403,GPT_o4,EI,2,issue_young_people
36403,GPT_o4,EA,2,issue_young_people
36403,QwenN,Neutral,2,issue_young_people
36403,QwenN,Neutral-CoT,2,issue_young_people
36403,QwenN,EI,2,issue_young_people
36403,QwenN,EA,2,issue_young_people
36403,QwenT,Neutral,2,issue_young_people
36403,QwenT,Neutral-CoT,2,issue_young_people
36403,QwenT,EI,2,issue_young_people
36403,QwenT,EA,2,issue_young_people
36419,GPT_5,Neutral,2,event_special
36419,GPT_5,Neutral-CoT,2,event_special
36419,GPT_5,EI,2,event_special
36419,GPT_5,EA,2,event_special
36419,GPT_o4,Neutral,2,event_special
36419,GPT_o4,Neutral-CoT,2,event_special
36419,GPT_o4,EI,2,event_special
36419,GPT_o4,EA,2,event_special
36419,QwenN,Neutral,2,event_special
36419,QwenN,Neutral-CoT,2,event_special
36419,QwenN,EI,2,event_special
36419,QwenN,EA,2,event_special
36419,QwenT,Neutral,2,event_special
36419,QwenT,Neutral-CoT,2,event_special
36419,QwenT,EI,2,event_special
36419,QwenT,EA,2,event_special
36434,GPT_5,Neutral,2,comitted_relationship
36434,GPT_5,Neutral-CoT,2,comitted_relationship
36434,GPT_5,EI,2,comitted_relationship
36434,GPT_5,EA,2,comitted_relationship
36434,GPT_o4,Neutral,2,comitted_relationship
36434,GPT_o4,Neutral-CoT,,comitted_relationship
36434,GPT_o4,EI,2,comitted_relationship
36434,GPT_o4,EA,2,comitted_relationship
36434,QwenN,Neutral,2,comitted_relationship
36434,QwenN,Neutral-CoT,2,comitted_relationship
36434,QwenN,EI,2,comitted_relationship
36434,QwenN,EA,2,comitted_relationship
36434,QwenT,Neutral,2,comitted_relationship
36434,QwenT,Neutral-CoT,2,comitted_relationship
36434,QwenT,EI,2,comitted_relationship
36434,QwenT,EA,2,comitted_relationship
36449,GPT_5,Neutral,1,issue_pregnancy
36449,GPT_5,Neutral-CoT,1,issue_pregnancy
36449,GPT_5,EI,1,issue_pregnancy
36449,GPT_5,EA,1,issue_pregnancy
36449,GPT_o4,Neutral,1,issue_pregnancy
36449,GPT_o4,Neutral-CoT,1,issue_pregnancy
36449,GPT_o4,EI,1,issue_pregnancy
36449,GPT_o4,EA,1,issue_pregnancy
36449,QwenN,Neutral,1,issue_pregnancy
36449,QwenN,Neutral-CoT,1,issue_pregnancy
36449,QwenN,EI,1,issue_pregnancy
36449,QwenN,EA,1,issue_pregnancy
36449,QwenT,Neutral,1,issue_pregnancy
36449,QwenT,Neutral-CoT,1,issue_pregnancy
36449,QwenT,EI,1,issue_pregnancy
36449,QwenT,EA,1,issue_pregnancy
36482,GPT_5,Neutral,2,business_organization
36482,GPT_5,Neutral-CoT,2,business_organization
36482,GPT_5,EI,2,business_organization
36482,GPT_5,EA,2,business_organization
36482,GPT_o4,Neutral,1,business_organization
36482,GPT_o4,Neutral-CoT,2,business_organization
36482,GPT_o4,EI,2,business_organization
36482,GPT_o4,EA,2,business_organization
36482,QwenN,Neutral,2,business_organization
36482,QwenN,Neutral-CoT,2,business_organization
36482,QwenN,EI,2,business_organization
36482,QwenN,EA,2,business_organization
36482,QwenT,Neutral,1,business_organization
36482,QwenT,Neutral-CoT,1,business_organization
36482,QwenT,EI,2,business_organization
36482,QwenT,EA,2,business_organization
36557,GPT_5,Neutral,2,business_organization
36557,GPT_5,Neutral-CoT,2,business_organization
36557,GPT_5,EI,2,business_organization
36557,GPT_5,EA,2,business_organization
36557,GPT_o4,Neutral,2,business_organization
36557,GPT_o4,Neutral-CoT,2,business_organization
36557,GPT_o4,EI,2,business_organization
36557,GPT_o4,EA,2,business_organization
36557,QwenN,Neutral,2,business_organization
36557,QwenN,Neutral-CoT,2,business_organization
36557,QwenN,EI,2,business_organization
36557,QwenN,EA,2,business_organization
36557,QwenT,Neutral,2,business_organization
36557,QwenT,Neutral-CoT,2,business_organization
36557,QwenT,EI,2,business_organization
36557,QwenT,EA,2,business_organization
36686,GPT_5,Neutral,2,close_relationship
36686,GPT_5,Neutral-CoT,2,close_relationship
36686,GPT_5,EI,1,close_relationship
36686,GPT_5,EA,2,close_relationship
36686,GPT_o4,Neutral,2,close_relationship
36686,GPT_o4,Neutral-CoT,2,close_relationship
36686,GPT_o4,EI,2,close_relationship
36686,GPT_o4,EA,2,close_relationship
36686,QwenN,Neutral,2,close_relationship
36686,QwenN,Neutral-CoT,2,close_relationship
36686,QwenN,EI,2,close_relationship
36686,QwenN,EA,2,close_relationship
36686,QwenT,Neutral,2,close_relationship
36686,QwenT,Neutral-CoT,2,close_relationship
36686,QwenT,EI,2,close_relationship
36686,QwenT,EA,2,close_relationship
36689,GPT_5,Neutral,2,issue_self_image_social
36689,GPT_5,Neutral-CoT,2,issue_self_image_social
36689,GPT_5,EI,2,issue_self_image_social
36689,GPT_5,EA,2,issue_self_image_social
36689,GPT_o4,Neutral,1,issue_self_image_social
36689,GPT_o4,Neutral-CoT,1,issue_self_image_social
36689,GPT_o4,EI,1,issue_self_image_social
36689,GPT_o4,EA,1,issue_self_image_social
36689,QwenN,Neutral,2,issue_self_image_social
36689,QwenN,Neutral-CoT,2,issue_self_image_social
36689,QwenN,EI,1,issue_self_image_social
36689,QwenN,EA,2,issue_self_image_social
36689,QwenT,Neutral,2,issue_self_image_social
36689,QwenT,Neutral-CoT,2,issue_self_image_social
36689,QwenT,EI,1,issue_self_image_social
36689,QwenT,EA,2,issue_self_image_social
36734,GPT_5,Neutral,1,issue_pregnancy
36734,GPT_5,Neutral-CoT,1,issue_pregnancy
36734,GPT_5,EI,1,issue_pregnancy
36734,GPT_5,EA,1,issue_pregnancy
36734,GPT_o4,Neutral,1,issue_pregnancy
36734,GPT_o4,Neutral-CoT,1,issue_pregnancy
36734,GPT_o4,EI,1,issue_pregnancy
36734,GPT_o4,EA,1,issue_pregnancy
36734,QwenN,Neutral,1,issue_pregnancy
36734,QwenN,Neutral-CoT,1,issue_pregnancy
36734,QwenN,EI,1,issue_pregnancy
36734,QwenN,EA,1,issue_pregnancy
36734,QwenT,Neutral,1,issue_pregnancy
36734,QwenT,Neutral-CoT,1,issue_pregnancy
36734,QwenT,EI,1,issue_pregnancy
36734,QwenT,EA,2,issue_pregnancy
36743,GPT_5,Neutral,1,issue_self_image_social
36743,GPT_5,Neutral-CoT,1,issue_self_image_social
36743,GPT_5,EI,1,issue_self_image_social
36743,GPT_5,EA,1,issue_self_image_social
36743,GPT_o4,Neutral,1,issue_self_image_social
36743,GPT_o4,Neutral-CoT,1,issue_self_image_social
36743,GPT_o4,EI,1,issue_self_image_social
36743,GPT_o4,EA,1,issue_self_image_social
36743,QwenN,Neutral,1,issue_self_image_social
36743,QwenN,Neutral-CoT,1,issue_self_image_social
36743,QwenN,EI,1,issue_self_image_social
36743,QwenN,EA,1,issue_self_image_social
36743,QwenT,Neutral,1,issue_self_image_social
36743,QwenT,Neutral-CoT,1,issue_self_image_social
36743,QwenT,EI,1,issue_self_image_social
36743,QwenT,EA,1,issue_self_image_social
36767,GPT_5,Neutral,2,issue_young_people
36767,GPT_5,Neutral-CoT,2,issue_young_people
36767,GPT_5,EI,2,issue_young_people
36767,GPT_5,EA,2,issue_young_people
36767,GPT_o4,Neutral,2,issue_young_people
36767,GPT_o4,Neutral-CoT,2,issue_young_people
36767,GPT_o4,EI,2,issue_young_people
36767,GPT_o4,EA,2,issue_young_people
36767,QwenN,Neutral,2,issue_young_people
36767,QwenN,Neutral-CoT,2,issue_young_people
36767,QwenN,EI,1,issue_young_people
36767,QwenN,EA,2,issue_young_people
36767,QwenT,Neutral,2,issue_young_people
36767,QwenT,Neutral-CoT,2,issue_young_people
36767,QwenT,EI,2,issue_young_people
36767,QwenT,EA,2,issue_young_people
36785,GPT_5,Neutral,2,friend
36785,GPT_5,Neutral-CoT,2,friend
36785,GPT_5,EI,2,friend
36785,GPT_5,EA,2,friend
36785,GPT_o4,Neutral,2,friend
36785,GPT_o4,Neutral-CoT,2,friend
36785,GPT_o4,EI,2,friend
36785,GPT_o4,EA,1,friend
36785,QwenN,Neutral,1,friend
36785,QwenN,Neutral-CoT,1,friend
36785,QwenN,EI,1,friend
36785,QwenN,EA,1,friend
36785,QwenT,Neutral,1,friend
36785,QwenT,Neutral-CoT,1,friend
36785,QwenT,EI,1,friend
36785,QwenT,EA,1,friend
36812,GPT_5,Neutral,2,issue_wildlife_human_environment
36812,GPT_5,Neutral-CoT,2,issue_wildlife_human_environment
36812,GPT_5,EI,2,issue_wildlife_human_environment
36812,GPT_5,EA,2,issue_wildlife_human_environment
36812,GPT_o4,Neutral,2,issue_wildlife_human_environment
36812,GPT_o4,Neutral-CoT,2,issue_wildlife_human_environment
36812,GPT_o4,EI,2,issue_wildlife_human_environment
36812,GPT_o4,EA,2,issue_wildlife_human_environment
36812,QwenN,Neutral,2,issue_wildlife_human_environment
36812,QwenN,Neutral-CoT,2,issue_wildlife_human_environment
36812,QwenN,EI,2,issue_wildlife_human_environment
36812,QwenN,EA,2,issue_wildlife_human_environment
36812,QwenT,Neutral,2,issue_wildlife_human_environment
36812,QwenT,Neutral-CoT,2,issue_wildlife_human_environment
36812,QwenT,EI,2,issue_wildlife_human_environment
36812,QwenT,EA,2,issue_wildlife_human_environment
36819,GPT_5,Neutral,2,school
36819,GPT_5,Neutral-CoT,2,school
36819,GPT_5,EI,2,school
36819,GPT_5,EA,2,school
36819,GPT_o4,Neutral,2,school
36819,GPT_o4,Neutral-CoT,2,school
36819,GPT_o4,EI,2,school
36819,GPT_o4,EA,2,school
36819,QwenN,Neutral,2,school
36819,QwenN,Neutral-CoT,2,school
36819,QwenN,EI,2,school
36819,QwenN,EA,2,school
36819,QwenT,Neutral,2,school
36819,QwenT,Neutral-CoT,2,school
36819,QwenT,EI,1,school
36819,QwenT,EA,2,school
36849,GPT_5,Neutral,2,issue_wildlife_human_environment
36849,GPT_5,Neutral-CoT,2,issue_wildlife_human_environment
36849,GPT_5,EI,2,issue_wildlife_human_environment
36849,GPT_5,EA,2,issue_wildlife_human_environment
36849,GPT_o4,Neutral,2,issue_wildlife_human_environment
36849,GPT_o4,Neutral-CoT,2,issue_wildlife_human_environment
36849,GPT_o4,EI,2,issue_wildlife_human_environment
36849,GPT_o4,EA,2,issue_wildlife_human_environment
36849,QwenN,Neutral,2,issue_wildlife_human_environment
36849,QwenN,Neutral-CoT,2,issue_wildlife_human_environment
36849,QwenN,EI,2,issue_wildlife_human_environment
36849,QwenN,EA,2,issue_wildlife_human_environment
36849,QwenT,Neutral,2,issue_wildlife_human_environment
36849,QwenT,Neutral-CoT,2,issue_wildlife_human_environment
36849,QwenT,EI,2,issue_wildlife_human_environment
36849,QwenT,EA,2,issue_wildlife_human_environment
36960,GPT_5,Neutral,2,role_duty_responsibility
36960,GPT_5,Neutral-CoT,1,role_duty_responsibility
36960,GPT_5,EI,1,role_duty_responsibility
36960,GPT_5,EA,1,role_duty_responsibility
36960,GPT_o4,Neutral,1,role_duty_responsibility
36960,GPT_o4,Neutral-CoT,2,role_duty_responsibility
36960,GPT_o4,EI,1,role_duty_responsibility
36960,GPT_o4,EA,2,role_duty_responsibility
36960,QwenN,Neutral,1,role_duty_responsibility
36960,QwenN,Neutral-CoT,1,role_duty_responsibility
36960,QwenN,EI,1,role_duty_responsibility
36960,QwenN,EA,1,role_duty_responsibility
36960,QwenT,Neutral,2,role_duty_responsibility
36960,QwenT,Neutral-CoT,1,role_duty_responsibility
36960,QwenT,EI,1,role_duty_responsibility
36960,QwenT,EA,1,role_duty_responsibility
36974,GPT_5,Neutral,2,issue_young_people
36974,GPT_5,Neutral-CoT,2,issue_young_people
36974,GPT_5,EI,2,issue_young_people
36974,GPT_5,EA,2,issue_young_people
36974,GPT_o4,Neutral,2,issue_young_people
36974,GPT_o4,Neutral-CoT,2,issue_young_people
36974,GPT_o4,EI,2,issue_young_people
36974,GPT_o4,EA,2,issue_young_people
36974,QwenN,Neutral,2,issue_young_people
36974,QwenN,Neutral-CoT,2,issue_young_people
36974,QwenN,EI,2,issue_young_people
36974,QwenN,EA,2,issue_young_people
36974,QwenT,Neutral,2,issue_young_people
36974,QwenT,Neutral-CoT,2,issue_young_people
36974,QwenT,EI,2,issue_young_people
36974,QwenT,EA,2,issue_young_people
37006,GPT_5,Neutral,2,event_special
37006,GPT_5,Neutral-CoT,2,event_special
37006,GPT_5,EI,2,event_special
37006,GPT_5,EA,2,event_special
37006,GPT_o4,Neutral,2,event_special
37006,GPT_o4,Neutral-CoT,2,event_special
37006,GPT_o4,EI,2,event_special
37006,GPT_o4,EA,2,event_special
37006,QwenN,Neutral,2,event_special
37006,QwenN,Neutral-CoT,2,event_special
37006,QwenN,EI,2,event_special
37006,QwenN,EA,2,event_special
37006,QwenT,Neutral,2,event_special
37006,QwenT,Neutral-CoT,2,event_special
37006,QwenT,EI,2,event_special
37006,QwenT,EA,2,event_special
37016,GPT_5,Neutral,2,issue_personal_career
37016,GPT_5,Neutral-CoT,2,issue_personal_career
37016,GPT_5,EI,2,issue_personal_career
37016,GPT_5,EA,2,issue_personal_career
37016,GPT_o4,Neutral,2,issue_personal_career
37016,GPT_o4,Neutral-CoT,2,issue_personal_career
37016,GPT_o4,EI,2,issue_personal_career
37016,GPT_o4,EA,2,issue_personal_career
37016,QwenN,Neutral,2,issue_personal_career
37016,QwenN,Neutral-CoT,2,issue_personal_career
37016,QwenN,EI,2,issue_personal_career
37016,QwenN,EA,2,issue_personal_career
37016,QwenT,Neutral,2,issue_personal_career
37016,QwenT,Neutral-CoT,2,issue_personal_career
37016,QwenT,EI,2,issue_personal_career
37016,QwenT,EA,2,issue_personal_career
37020,GPT_5,Neutral,1,workplace
37020,GPT_5,Neutral-CoT,1,workplace
37020,GPT_5,EI,1,workplace
37020,GPT_5,EA,1,workplace
37020,GPT_o4,Neutral,1,workplace
37020,GPT_o4,Neutral-CoT,1,workplace
37020,GPT_o4,EI,1,workplace
37020,GPT_o4,EA,1,workplace
37020,QwenN,Neutral,1,workplace
37020,QwenN,Neutral-CoT,1,workplace
37020,QwenN,EI,1,workplace
37020,QwenN,EA,1,workplace
37020,QwenT,Neutral,1,workplace
37020,QwenT,Neutral-CoT,1,workplace
37020,QwenT,EI,1,workplace
37020,QwenT,EA,1,workplace
37082,GPT_5,Neutral,2,event_daily_life
37082,GPT_5,Neutral-CoT,2,event_daily_life
37082,GPT_5,EI,2,event_daily_life
37082,GPT_5,EA,2,event_daily_life
37082,GPT_o4,Neutral,2,event_daily_life
37082,GPT_o4,Neutral-CoT,2,event_daily_life
37082,GPT_o4,EI,2,event_daily_life
37082,GPT_o4,EA,2,event_daily_life
37082,QwenN,Neutral,2,event_daily_life
37082,QwenN,Neutral-CoT,2,event_daily_life
37082,QwenN,EI,2,event_daily_life
37082,QwenN,EA,2,event_daily_life
37082,QwenT,Neutral,2,event_daily_life
37082,QwenT,Neutral-CoT,2,event_daily_life
37082,QwenT,EI,2,event_daily_life
37082,QwenT,EA,2,event_daily_life
37102,GPT_5,Neutral,2,issue_personal_career
37102,GPT_5,Neutral-CoT,2,issue_personal_career
37102,GPT_5,EI,2,issue_personal_career
37102,GPT_5,EA,2,issue_personal_career
37102,GPT_o4,Neutral,2,issue_personal_career
37102,GPT_o4,Neutral-CoT,2,issue_personal_career
37102,GPT_o4,EI,2,issue_personal_career
37102,GPT_o4,EA,2,issue_personal_career
37102,QwenN,Neutral,1,issue_personal_career
37102,QwenN,Neutral-CoT,1,issue_personal_career
37102,QwenN,EI,1,issue_personal_career
37102,QwenN,EA,1,issue_personal_career
37102,QwenT,Neutral,1,issue_personal_career
37102,QwenT,Neutral-CoT,1,issue_personal_career
37102,QwenT,EI,1,issue_personal_career
37102,QwenT,EA,1,issue_personal_career
37114,GPT_5,Neutral,2,family
37114,GPT_5,Neutral-CoT,2,family
37114,GPT_5,EI,2,family
37114,GPT_5,EA,2,family
37114,GPT_o4,Neutral,2,family
37114,GPT_o4,Neutral-CoT,2,family
37114,GPT_o4,EI,2,family
37114,GPT_o4,EA,2,family
37114,QwenN,Neutral,2,family
37114,QwenN,Neutral-CoT,1,family
37114,QwenN,EI,1,family
37114,QwenN,EA,1,family
37114,QwenT,Neutral,1,family
37114,QwenT,Neutral-CoT,1,family
37114,QwenT,EI,1,family
37114,QwenT,EA,1,family
37124,GPT_5,Neutral,2,issue_self_image_social
37124,GPT_5,Neutral-CoT,2,issue_self_image_social
37124,GPT_5,EI,2,issue_self_image_social
37124,GPT_5,EA,2,issue_self_image_social
37124,GPT_o4,Neutral,2,issue_self_image_social
37124,GPT_o4,Neutral-CoT,2,issue_self_image_social
37124,GPT_o4,EI,2,issue_self_image_social
37124,GPT_o4,EA,2,issue_self_image_social
37124,QwenN,Neutral,2,issue_self_image_social
37124,QwenN,Neutral-CoT,2,issue_self_image_social
37124,QwenN,EI,2,issue_self_image_social
37124,QwenN,EA,2,issue_self_image_social
37124,QwenT,Neutral,2,issue_self_image_social
37124,QwenT,Neutral-CoT,2,issue_self_image_social
37124,QwenT,EI,2,issue_self_image_social
37124,QwenT,EA,2,issue_self_image_social
37184,GPT_5,Neutral,1,family
37184,GPT_5,Neutral-CoT,2,family
37184,GPT_5,EI,2,family
37184,GPT_5,EA,2,family
37184,GPT_o4,Neutral,1,family
37184,GPT_o4,Neutral-CoT,1,family
37184,GPT_o4,EI,2,family
37184,GPT_o4,EA,2,family
37184,QwenN,Neutral,1,family
37184,QwenN,Neutral-CoT,2,family
37184,QwenN,EI,2,family
37184,QwenN,EA,2,family
37184,QwenT,Neutral,2,family
37184,QwenT,Neutral-CoT,2,family
37184,QwenT,EI,2,family
37184,QwenT,EA,2,family
37234,GPT_5,Neutral,2,close_relationship
37234,GPT_5,Neutral-CoT,2,close_relationship
37234,GPT_5,EI,2,close_relationship
37234,GPT_5,EA,2,close_relationship
37234,GPT_o4,Neutral,2,close_relationship
37234,GPT_o4,Neutral-CoT,2,close_relationship
37234,GPT_o4,EI,2,close_relationship
37234,GPT_o4,EA,2,close_relationship
37234,QwenN,Neutral,2,close_relationship
37234,QwenN,Neutral-CoT,2,close_relationship
37234,QwenN,EI,1,close_relationship
37234,QwenN,EA,2,close_relationship
37234,QwenT,Neutral,1,close_relationship
37234,QwenT,Neutral-CoT,1,close_relationship
37234,QwenT,EI,1,close_relationship
37234,QwenT,EA,1,close_relationship
37245,GPT_5,Neutral,1,issue_crime_addiction
37245,GPT_5,Neutral-CoT,1,issue_crime_addiction
37245,GPT_5,EI,1,issue_crime_addiction
37245,GPT_5,EA,1,issue_crime_addiction
37245,GPT_o4,Neutral,1,issue_crime_addiction
37245,GPT_o4,Neutral-CoT,1,issue_crime_addiction
37245,GPT_o4,EI,1,issue_crime_addiction
37245,GPT_o4,EA,1,issue_crime_addiction
37245,QwenN,Neutral,1,issue_crime_addiction
37245,QwenN,Neutral-CoT,1,issue_crime_addiction
37245,QwenN,EI,1,issue_crime_addiction
37245,QwenN,EA,1,issue_crime_addiction
37245,QwenT,Neutral,1,issue_crime_addiction
37245,QwenT,Neutral-CoT,1,issue_crime_addiction
37245,QwenT,EI,1,issue_crime_addiction
37245,QwenT,EA,1,issue_crime_addiction
37249,GPT_5,Neutral,2,event_daily_life
37249,GPT_5,Neutral-CoT,2,event_daily_life
37249,GPT_5,EI,2,event_daily_life
37249,GPT_5,EA,2,event_daily_life
37249,GPT_o4,Neutral,2,event_daily_life
37249,GPT_o4,Neutral-CoT,2,event_daily_life
37249,GPT_o4,EI,2,event_daily_life
37249,GPT_o4,EA,2,event_daily_life
37249,QwenN,Neutral,2,event_daily_life
37249,QwenN,Neutral-CoT,2,event_daily_life
37249,QwenN,EI,2,event_daily_life
37249,QwenN,EA,2,event_daily_life
37249,QwenT,Neutral,2,event_daily_life
37249,QwenT,Neutral-CoT,2,event_daily_life
37249,QwenT,EI,2,event_daily_life
37249,QwenT,EA,2,event_daily_life
37258,GPT_5,Neutral,1,comitted_relationship
37258,GPT_5,Neutral-CoT,1,comitted_relationship
37258,GPT_5,EI,2,comitted_relationship
37258,GPT_5,EA,1,comitted_relationship
37258,GPT_o4,Neutral,2,comitted_relationship
37258,GPT_o4,Neutral-CoT,2,comitted_relationship
37258,GPT_o4,EI,2,comitted_relationship
37258,GPT_o4,EA,1,comitted_relationship
37258,QwenN,Neutral,2,comitted_relationship
37258,QwenN,Neutral-CoT,2,comitted_relationship
37258,QwenN,EI,2,comitted_relationship
37258,QwenN,EA,2,comitted_relationship
37258,QwenT,Neutral,2,comitted_relationship
37258,QwenT,Neutral-CoT,2,comitted_relationship
37258,QwenT,EI,2,comitted_relationship
37258,QwenT,EA,2,comitted_relationship
37327,GPT_5,Neutral,1,event_special
37327,GPT_5,Neutral-CoT,1,event_special
37327,GPT_5,EI,1,event_special
37327,GPT_5,EA,1,event_special
37327,GPT_o4,Neutral,1,event_special
37327,GPT_o4,Neutral-CoT,1,event_special
37327,GPT_o4,EI,1,event_special
37327,GPT_o4,EA,1,event_special
37327,QwenN,Neutral,1,event_special
37327,QwenN,Neutral-CoT,1,event_special
37327,QwenN,EI,1,event_special
37327,QwenN,EA,1,event_special
37327,QwenT,Neutral,1,event_special
37327,QwenT,Neutral-CoT,1,event_special
37327,QwenT,EI,1,event_special
37327,QwenT,EA,1,event_special
37367,GPT_5,Neutral,2,school
37367,GPT_5,Neutral-CoT,2,school
37367,GPT_5,EI,2,school
37367,GPT_5,EA,2,school
37367,GPT_o4,Neutral,2,school
37367,GPT_o4,Neutral-CoT,2,school
37367,GPT_o4,EI,2,school
37367,GPT_o4,EA,2,school
37367,QwenN,Neutral,2,school
37367,QwenN,Neutral-CoT,2,school
37367,QwenN,EI,2,school
37367,QwenN,EA,2,school
37367,QwenT,Neutral,2,school
37367,QwenT,Neutral-CoT,2,school
37367,QwenT,EI,2,school
37367,QwenT,EA,2,school
37404,GPT_5,Neutral,1,issue_crime_addiction
37404,GPT_5,Neutral-CoT,1,issue_crime_addiction
37404,GPT_5,EI,1,issue_crime_addiction
37404,GPT_5,EA,1,issue_crime_addiction
37404,GPT_o4,Neutral,1,issue_crime_addiction
37404,GPT_o4,Neutral-CoT,1,issue_crime_addiction
37404,GPT_o4,EI,1,issue_crime_addiction
37404,GPT_o4,EA,1,issue_crime_addiction
37404,QwenN,Neutral,1,issue_crime_addiction
37404,QwenN,Neutral-CoT,2,issue_crime_addiction
37404,QwenN,EI,1,issue_crime_addiction
37404,QwenN,EA,2,issue_crime_addiction
37404,QwenT,Neutral,1,issue_crime_addiction
37404,QwenT,Neutral-CoT,1,issue_crime_addiction
37404,QwenT,EI,1,issue_crime_addiction
37404,QwenT,EA,1,issue_crime_addiction
37422,GPT_5,Neutral,1,religion_custom
37422,GPT_5,Neutral-CoT,1,religion_custom
37422,GPT_5,EI,2,religion_custom
37422,GPT_5,EA,1,religion_custom
37422,GPT_o4,Neutral,1,religion_custom
37422,GPT_o4,Neutral-CoT,2,religion_custom
37422,GPT_o4,EI,2,religion_custom
37422,GPT_o4,EA,1,religion_custom
37422,QwenN,Neutral,1,religion_custom
37422,QwenN,Neutral-CoT,1,religion_custom
37422,QwenN,EI,1,religion_custom
37422,QwenN,EA,1,religion_custom
37422,QwenT,Neutral,1,religion_custom
37422,QwenT,Neutral-CoT,1,religion_custom
37422,QwenT,EI,1,religion_custom
37422,QwenT,EA,1,religion_custom
37432,GPT_5,Neutral,2,issue_pregnancy
37432,GPT_5,Neutral-CoT,2,issue_pregnancy
37432,GPT_5,EI,2,issue_pregnancy
37432,GPT_5,EA,2,issue_pregnancy
37432,GPT_o4,Neutral,2,issue_pregnancy
37432,GPT_o4,Neutral-CoT,2,issue_pregnancy
37432,GPT_o4,EI,2,issue_pregnancy
37432,GPT_o4,EA,2,issue_pregnancy
37432,QwenN,Neutral,2,issue_pregnancy
37432,QwenN,Neutral-CoT,2,issue_pregnancy
37432,QwenN,EI,2,issue_pregnancy
37432,QwenN,EA,2,issue_pregnancy
37432,QwenT,Neutral,2,issue_pregnancy
37432,QwenT,Neutral-CoT,2,issue_pregnancy
37432,QwenT,EI,2,issue_pregnancy
37432,QwenT,EA,2,issue_pregnancy
37435,GPT_5,Neutral,1,issue_wildlife_human_environment
37435,GPT_5,Neutral-CoT,2,issue_wildlife_human_environment
37435,GPT_5,EI,2,issue_wildlife_human_environment
37435,GPT_5,EA,2,issue_wildlife_human_environment
37435,GPT_o4,Neutral,2,issue_wildlife_human_environment
37435,GPT_o4,Neutral-CoT,2,issue_wildlife_human_environment
37435,GPT_o4,EI,2,issue_wildlife_human_environment
37435,GPT_o4,EA,1,issue_wildlife_human_environment
37435,QwenN,Neutral,1,issue_wildlife_human_environment
37435,QwenN,Neutral-CoT,1,issue_wildlife_human_environment
37435,QwenN,EI,1,issue_wildlife_human_environment
37435,QwenN,EA,1,issue_wildlife_human_environment
37435,QwenT,Neutral,1,issue_wildlife_human_environment
37435,QwenT,Neutral-CoT,1,issue_wildlife_human_environment
37435,QwenT,EI,2,issue_wildlife_human_environment
37435,QwenT,EA,1,issue_wildlife_human_environment
37490,GPT_5,Neutral,1,workplace
37490,GPT_5,Neutral-CoT,1,workplace
37490,GPT_5,EI,1,workplace
37490,GPT_5,EA,1,workplace
37490,GPT_o4,Neutral,1,workplace
37490,GPT_o4,Neutral-CoT,1,workplace
37490,GPT_o4,EI,1,workplace
37490,GPT_o4,EA,1,workplace
37490,QwenN,Neutral,1,workplace
37490,QwenN,Neutral-CoT,1,workplace
37490,QwenN,EI,1,workplace
37490,QwenN,EA,1,workplace
37490,QwenT,Neutral,1,workplace
37490,QwenT,Neutral-CoT,1,workplace
37490,QwenT,EI,1,workplace
37490,QwenT,EA,1,workplace
37537,GPT_5,Neutral,2,event_daily_life
37537,GPT_5,Neutral-CoT,2,event_daily_life
37537,GPT_5,EI,2,event_daily_life
37537,GPT_5,EA,2,event_daily_life
37537,GPT_o4,Neutral,2,event_daily_life
37537,GPT_o4,Neutral-CoT,2,event_daily_life
37537,GPT_o4,EI,2,event_daily_life
37537,GPT_o4,EA,2,event_daily_life
37537,QwenN,Neutral,2,event_daily_life
37537,QwenN,Neutral-CoT,2,event_daily_life
37537,QwenN,EI,2,event_daily_life
37537,QwenN,EA,2,event_daily_life
37537,QwenT,Neutral,1,event_daily_life
37537,QwenT,Neutral-CoT,2,event_daily_life
37537,QwenT,EI,2,event_daily_life
37537,QwenT,EA,2,event_daily_life
37542,GPT_5,Neutral,2,issue_pregnancy
37542,GPT_5,Neutral-CoT,2,issue_pregnancy
37542,GPT_5,EI,1,issue_pregnancy
37542,GPT_5,EA,1,issue_pregnancy
37542,GPT_o4,Neutral,1,issue_pregnancy
37542,GPT_o4,Neutral-CoT,1,issue_pregnancy
37542,GPT_o4,EI,1,issue_pregnancy
37542,GPT_o4,EA,1,issue_pregnancy
37542,QwenN,Neutral,2,issue_pregnancy
37542,QwenN,Neutral-CoT,2,issue_pregnancy
37542,QwenN,EI,2,issue_pregnancy
37542,QwenN,EA,2,issue_pregnancy
37542,QwenT,Neutral,1,issue_pregnancy
37542,QwenT,Neutral-CoT,1,issue_pregnancy
37542,QwenT,EI,1,issue_pregnancy
37542,QwenT,EA,1,issue_pregnancy
37569,GPT_5,Neutral,2,religion_custom
37569,GPT_5,Neutral-CoT,2,religion_custom
37569,GPT_5,EI,2,religion_custom
37569,GPT_5,EA,2,religion_custom
37569,GPT_o4,Neutral,2,religion_custom
37569,GPT_o4,Neutral-CoT,2,religion_custom
37569,GPT_o4,EI,2,religion_custom
37569,GPT_o4,EA,2,religion_custom
37569,QwenN,Neutral,2,religion_custom
37569,QwenN,Neutral-CoT,2,religion_custom
37569,QwenN,EI,2,religion_custom
37569,QwenN,EA,2,religion_custom
37569,QwenT,Neutral,2,religion_custom
37569,QwenT,Neutral-CoT,2,religion_custom
37569,QwenT,EI,2,religion_custom
37569,QwenT,EA,2,religion_custom
37608,GPT_5,Neutral,1,role_duty_responsibility
37608,GPT_5,Neutral-CoT,1,role_duty_responsibility
37608,GPT_5,EI,1,role_duty_responsibility
37608,GPT_5,EA,1,role_duty_responsibility
37608,GPT_o4,Neutral,1,role_duty_responsibility
37608,GPT_o4,Neutral-CoT,1,role_duty_responsibility
37608,GPT_o4,EI,1,role_duty_responsibility
37608,GPT_o4,EA,1,role_duty_responsibility
37608,QwenN,Neutral,1,role_duty_responsibility
37608,QwenN,Neutral-CoT,1,role_duty_responsibility
37608,QwenN,EI,1,role_duty_responsibility
37608,QwenN,EA,1,role_duty_responsibility
37608,QwenT,Neutral,1,role_duty_responsibility
37608,QwenT,Neutral-CoT,1,role_duty_responsibility
37608,QwenT,EI,1,role_duty_responsibility
37608,QwenT,EA,1,role_duty_responsibility
37614,GPT_5,Neutral,2,event_daily_life
37614,GPT_5,Neutral-CoT,2,event_daily_life
37614,GPT_5,EI,2,event_daily_life
37614,GPT_5,EA,2,event_daily_life
37614,GPT_o4,Neutral,2,event_daily_life
37614,GPT_o4,Neutral-CoT,2,event_daily_life
37614,GPT_o4,EI,1,event_daily_life
37614,GPT_o4,EA,2,event_daily_life
37614,QwenN,Neutral,2,event_daily_life
37614,QwenN,Neutral-CoT,2,event_daily_life
37614,QwenN,EI,2,event_daily_life
37614,QwenN,EA,2,event_daily_life
37614,QwenT,Neutral,1,event_daily_life
37614,QwenT,Neutral-CoT,2,event_daily_life
37614,QwenT,EI,1,event_daily_life
37614,QwenT,EA,2,event_daily_life
37617,GPT_5,Neutral,2,school
37617,GPT_5,Neutral-CoT,2,school
37617,GPT_5,EI,2,school
37617,GPT_5,EA,2,school
37617,GPT_o4,Neutral,2,school
37617,GPT_o4,Neutral-CoT,2,school
37617,GPT_o4,EI,2,school
37617,GPT_o4,EA,2,school
37617,QwenN,Neutral,2,school
37617,QwenN,Neutral-CoT,2,school
37617,QwenN,EI,2,school
37617,QwenN,EA,2,school
37617,QwenT,Neutral,2,school
37617,QwenT,Neutral-CoT,2,school
37617,QwenT,EI,2,school
37617,QwenT,EA,2,school
37679,GPT_5,Neutral,1,comitted_relationship
37679,GPT_5,Neutral-CoT,1,comitted_relationship
37679,GPT_5,EI,1,comitted_relationship
37679,GPT_5,EA,1,comitted_relationship
37679,GPT_o4,Neutral,1,comitted_relationship
37679,GPT_o4,Neutral-CoT,1,comitted_relationship
37679,GPT_o4,EI,1,comitted_relationship
37679,GPT_o4,EA,1,comitted_relationship
37679,QwenN,Neutral,1,comitted_relationship
37679,QwenN,Neutral-CoT,1,comitted_relationship
37679,QwenN,EI,1,comitted_relationship
37679,QwenN,EA,1,comitted_relationship
37679,QwenT,Neutral,1,comitted_relationship
37679,QwenT,Neutral-CoT,1,comitted_relationship
37679,QwenT,EI,1,comitted_relationship
37679,QwenT,EA,1,comitted_relationship
37723,GPT_5,Neutral,2,role_duty_responsibility
37723,GPT_5,Neutral-CoT,2,role_duty_responsibility
37723,GPT_5,EI,2,role_duty_responsibility
37723,GPT_5,EA,2,role_duty_responsibility
37723,GPT_o4,Neutral,2,role_duty_responsibility
37723,GPT_o4,Neutral-CoT,2,role_duty_responsibility
37723,GPT_o4,EI,2,role_duty_responsibility
37723,GPT_o4,EA,2,role_duty_responsibility
37723,QwenN,Neutral,2,role_duty_responsibility
37723,QwenN,Neutral-CoT,2,role_duty_responsibility
37723,QwenN,EI,2,role_duty_responsibility
37723,QwenN,EA,2,role_duty_responsibility
37723,QwenT,Neutral,2,role_duty_responsibility
37723,QwenT,Neutral-CoT,2,role_duty_responsibility
37723,QwenT,EI,2,role_duty_responsibility
37723,QwenT,EA,2,role_duty_responsibility
37725,GPT_5,Neutral,2,issue_young_people
37725,GPT_5,Neutral-CoT,2,issue_young_people
37725,GPT_5,EI,2,issue_young_people
37725,GPT_5,EA,2,issue_young_people
37725,GPT_o4,Neutral,1,issue_young_people
37725,GPT_o4,Neutral-CoT,2,issue_young_people
37725,GPT_o4,EI,2,issue_young_people
37725,GPT_o4,EA,2,issue_young_people
37725,QwenN,Neutral,1,issue_young_people
37725,QwenN,Neutral-CoT,1,issue_young_people
37725,QwenN,EI,1,issue_young_people
37725,QwenN,EA,1,issue_young_people
37725,QwenT,Neutral,2,issue_young_people
37725,QwenT,Neutral-CoT,2,issue_young_people
37725,QwenT,EI,2,issue_young_people
37725,QwenT,EA,2,issue_young_people
37741,GPT_5,Neutral,2,issue_personal_career
37741,GPT_5,Neutral-CoT,2,issue_personal_career
37741,GPT_5,EI,2,issue_personal_career
37741,GPT_5,EA,2,issue_personal_career
37741,GPT_o4,Neutral,2,issue_personal_career
37741,GPT_o4,Neutral-CoT,2,issue_personal_career
37741,GPT_o4,EI,2,issue_personal_career
37741,GPT_o4,EA,2,issue_personal_career
37741,QwenN,Neutral,2,issue_personal_career
37741,QwenN,Neutral-CoT,2,issue_personal_career
37741,QwenN,EI,2,issue_personal_career
37741,QwenN,EA,2,issue_personal_career
37741,QwenT,Neutral,2,issue_personal_career
37741,QwenT,Neutral-CoT,1,issue_personal_career
37741,QwenT,EI,2,issue_personal_career
37741,QwenT,EA,1,issue_personal_career
37743,GPT_5,Neutral,2,religion_custom
37743,GPT_5,Neutral-CoT,2,religion_custom
37743,GPT_5,EI,2,religion_custom
37743,GPT_5,EA,2,religion_custom
37743,GPT_o4,Neutral,2,religion_custom
37743,GPT_o4,Neutral-CoT,2,religion_custom
37743,GPT_o4,EI,2,religion_custom
37743,GPT_o4,EA,2,religion_custom
37743,QwenN,Neutral,2,religion_custom
37743,QwenN,Neutral-CoT,2,religion_custom
37743,QwenN,EI,2,religion_custom
37743,QwenN,EA,2,religion_custom
37743,QwenT,Neutral,2,religion_custom
37743,QwenT,Neutral-CoT,2,religion_custom
37743,QwenT,EI,2,religion_custom
37743,QwenT,EA,2,religion_custom
37842,GPT_5,Neutral,1,religion_custom
37842,GPT_5,Neutral-CoT,1,religion_custom
37842,GPT_5,EI,1,religion_custom
37842,GPT_5,EA,1,religion_custom
37842,GPT_o4,Neutral,1,religion_custom
37842,GPT_o4,Neutral-CoT,1,religion_custom
37842,GPT_o4,EI,1,religion_custom
37842,GPT_o4,EA,1,religion_custom
37842,QwenN,Neutral,1,religion_custom
37842,QwenN,Neutral-CoT,1,religion_custom
37842,QwenN,EI,1,religion_custom
37842,QwenN,EA,1,religion_custom
37842,QwenT,Neutral,1,religion_custom
37842,QwenT,Neutral-CoT,1,religion_custom
37842,QwenT,EI,1,religion_custom
37842,QwenT,EA,1,religion_custom
37843,GPT_5,Neutral,1,issue_personal_career
37843,GPT_5,Neutral-CoT,1,issue_personal_career
37843,GPT_5,EI,1,issue_personal_career
37843,GPT_5,EA,1,issue_personal_career
37843,GPT_o4,Neutral,1,issue_personal_career
37843,GPT_o4,Neutral-CoT,1,issue_personal_career
37843,GPT_o4,EI,1,issue_personal_career
37843,GPT_o4,EA,1,issue_personal_career
37843,QwenN,Neutral,1,issue_personal_career
37843,QwenN,Neutral-CoT,1,issue_personal_career
37843,QwenN,EI,1,issue_personal_career
37843,QwenN,EA,1,issue_personal_career
37843,QwenT,Neutral,1,issue_personal_career
37843,QwenT,Neutral-CoT,1,issue_personal_career
37843,QwenT,EI,2,issue_personal_career
37843,QwenT,EA,1,issue_personal_career
37909,GPT_5,Neutral,1,issue_young_people
37909,GPT_5,Neutral-CoT,1,issue_young_people
37909,GPT_5,EI,1,issue_young_people
37909,GPT_5,EA,1,issue_young_people
37909,GPT_o4,Neutral,1,issue_young_people
37909,GPT_o4,Neutral-CoT,1,issue_young_people
37909,GPT_o4,EI,1,issue_young_people
37909,GPT_o4,EA,1,issue_young_people
37909,QwenN,Neutral,1,issue_young_people
37909,QwenN,Neutral-CoT,1,issue_young_people
37909,QwenN,EI,1,issue_young_people
37909,QwenN,EA,1,issue_young_people
37909,QwenT,Neutral,1,issue_young_people
37909,QwenT,Neutral-CoT,2,issue_young_people
37909,QwenT,EI,1,issue_young_people
37909,QwenT,EA,1,issue_young_people
37955,GPT_5,Neutral,1,event_special
37955,GPT_5,Neutral-CoT,1,event_special
37955,GPT_5,EI,1,event_special
37955,GPT_5,EA,1,event_special
37955,GPT_o4,Neutral,1,event_special
37955,GPT_o4,Neutral-CoT,1,event_special
37955,GPT_o4,EI,1,event_special
37955,GPT_o4,EA,1,event_special
37955,QwenN,Neutral,1,event_special
37955,QwenN,Neutral-CoT,1,event_special
37955,QwenN,EI,1,event_special
37955,QwenN,EA,1,event_special
37955,QwenT,Neutral,1,event_special
37955,QwenT,Neutral-CoT,1,event_special
37955,QwenT,EI,1,event_special
37955,QwenT,EA,1,event_special
38026,GPT_5,Neutral,2,event_daily_life
38026,GPT_5,Neutral-CoT,2,event_daily_life
38026,GPT_5,EI,2,event_daily_life
38026,GPT_5,EA,2,event_daily_life
38026,GPT_o4,Neutral,2,event_daily_life
38026,GPT_o4,Neutral-CoT,2,event_daily_life
38026,GPT_o4,EI,2,event_daily_life
38026,GPT_o4,EA,2,event_daily_life
38026,QwenN,Neutral,2,event_daily_life
38026,QwenN,Neutral-CoT,2,event_daily_life
38026,QwenN,EI,2,event_daily_life
38026,QwenN,EA,2,event_daily_life
38026,QwenT,Neutral,1,event_daily_life
38026,QwenT,Neutral-CoT,2,event_daily_life
38026,QwenT,EI,2,event_daily_life
38026,QwenT,EA,2,event_daily_life
38068,GPT_5,Neutral,2,business_organization
38068,GPT_5,Neutral-CoT,2,business_organization
38068,GPT_5,EI,2,business_organization
38068,GPT_5,EA,2,business_organization
38068,GPT_o4,Neutral,2,business_organization
38068,GPT_o4,Neutral-CoT,2,business_organization
38068,GPT_o4,EI,2,business_organization
38068,GPT_o4,EA,2,business_organization
38068,QwenN,Neutral,2,business_organization
38068,QwenN,Neutral-CoT,2,business_organization
38068,QwenN,EI,2,business_organization
38068,QwenN,EA,2,business_organization
38068,QwenT,Neutral,2,business_organization
38068,QwenT,Neutral-CoT,2,business_organization
38068,QwenT,EI,2,business_organization
38068,QwenT,EA,2,business_organization
38078,GPT_5,Neutral,2,school
38078,GPT_5,Neutral-CoT,2,school
38078,GPT_5,EI,2,school
38078,GPT_5,EA,2,school
38078,GPT_o4,Neutral,2,school
38078,GPT_o4,Neutral-CoT,2,school
38078,GPT_o4,EI,2,school
38078,GPT_o4,EA,1,school
38078,QwenN,Neutral,2,school
38078,QwenN,Neutral-CoT,2,school
38078,QwenN,EI,2,school
38078,QwenN,EA,2,school
38078,QwenT,Neutral,2,school
38078,QwenT,Neutral-CoT,2,school
38078,QwenT,EI,2,school
38078,QwenT,EA,2,school
38093,GPT_5,Neutral,2,family
38093,GPT_5,Neutral-CoT,2,family
38093,GPT_5,EI,1,family
38093,GPT_5,EA,2,family
38093,GPT_o4,Neutral,1,family
38093,GPT_o4,Neutral-CoT,1,family
38093,GPT_o4,EI,1,family
38093,GPT_o4,EA,1,family
38093,QwenN,Neutral,2,family
38093,QwenN,Neutral-CoT,2,family
38093,QwenN,EI,1,family
38093,QwenN,EA,1,family
38093,QwenT,Neutral,1,family
38093,QwenT,Neutral-CoT,1,family
38093,QwenT,EI,1,family
38093,QwenT,EA,1,family
38130,GPT_5,Neutral,1,role_duty_responsibility
38130,GPT_5,Neutral-CoT,1,role_duty_responsibility
38130,GPT_5,EI,1,role_duty_responsibility
38130,GPT_5,EA,1,role_duty_responsibility
38130,GPT_o4,Neutral,1,role_duty_responsibility
38130,GPT_o4,Neutral-CoT,1,role_duty_responsibility
38130,GPT_o4,EI,1,role_duty_responsibility
38130,GPT_o4,EA,1,role_duty_responsibility
38130,QwenN,Neutral,2,role_duty_responsibility
38130,QwenN,Neutral-CoT,2,role_duty_responsibility
38130,QwenN,EI,2,role_duty_responsibility
38130,QwenN,EA,2,role_duty_responsibility
38130,QwenT,Neutral,1,role_duty_responsibility
38130,QwenT,Neutral-CoT,1,role_duty_responsibility
38130,QwenT,EI,2,role_duty_responsibility
38130,QwenT,EA,1,role_duty_responsibility
38144,GPT_5,Neutral,1,comitted_relationship
38144,GPT_5,Neutral-CoT,1,comitted_relationship
38144,GPT_5,EI,1,comitted_relationship
38144,GPT_5,EA,1,comitted_relationship
38144,GPT_o4,Neutral,1,comitted_relationship
38144,GPT_o4,Neutral-CoT,1,comitted_relationship
38144,GPT_o4,EI,1,comitted_relationship
38144,GPT_o4,EA,1,comitted_relationship
38144,QwenN,Neutral,1,comitted_relationship
38144,QwenN,Neutral-CoT,1,comitted_relationship
38144,QwenN,EI,1,comitted_relationship
38144,QwenN,EA,1,comitted_relationship
38144,QwenT,Neutral,1,comitted_relationship
38144,QwenT,Neutral-CoT,1,comitted_relationship
38144,QwenT,EI,2,comitted_relationship
38144,QwenT,EA,1,comitted_relationship
38146,GPT_5,Neutral,2,issue_personal_career
38146,GPT_5,Neutral-CoT,2,issue_personal_career
38146,GPT_5,EI,2,issue_personal_career
38146,GPT_5,EA,2,issue_personal_career
38146,GPT_o4,Neutral,1,issue_personal_career
38146,GPT_o4,Neutral-CoT,1,issue_personal_career
38146,GPT_o4,EI,1,issue_personal_career
38146,GPT_o4,EA,1,issue_personal_career
38146,QwenN,Neutral,1,issue_personal_career
38146,QwenN,Neutral-CoT,1,issue_personal_career
38146,QwenN,EI,1,issue_personal_career
38146,QwenN,EA,1,issue_personal_career
38146,QwenT,Neutral,2,issue_personal_career
38146,QwenT,Neutral-CoT,2,issue_personal_career
38146,QwenT,EI,1,issue_personal_career
38146,QwenT,EA,2,issue_personal_career
38166,GPT_5,Neutral,1,role_duty_responsibility
38166,GPT_5,Neutral-CoT,1,role_duty_responsibility
38166,GPT_5,EI,1,role_duty_responsibility
38166,GPT_5,EA,1,role_duty_responsibility
38166,GPT_o4,Neutral,1,role_duty_responsibility
38166,GPT_o4,Neutral-CoT,1,role_duty_responsibility
38166,GPT_o4,EI,1,role_duty_responsibility
38166,GPT_o4,EA,1,role_duty_responsibility
38166,QwenN,Neutral,1,role_duty_responsibility
38166,QwenN,Neutral-CoT,1,role_duty_responsibility
38166,QwenN,EI,1,role_duty_responsibility
38166,QwenN,EA,1,role_duty_responsibility
38166,QwenT,Neutral,1,role_duty_responsibility
38166,QwenT,Neutral-CoT,1,role_duty_responsibility
38166,QwenT,EI,1,role_duty_responsibility
38166,QwenT,EA,1,role_duty_responsibility
38168,GPT_5,Neutral,2,close_relationship
38168,GPT_5,Neutral-CoT,2,close_relationship
38168,GPT_5,EI,2,close_relationship
38168,GPT_5,EA,2,close_relationship
38168,GPT_o4,Neutral,1,close_relationship
38168,GPT_o4,Neutral-CoT,1,close_relationship
38168,GPT_o4,EI,1,close_relationship
38168,GPT_o4,EA,1,close_relationship
38168,QwenN,Neutral,1,close_relationship
38168,QwenN,Neutral-CoT,1,close_relationship
38168,QwenN,EI,1,close_relationship
38168,QwenN,EA,1,close_relationship
38168,QwenT,Neutral,1,close_relationship
38168,QwenT,Neutral-CoT,1,close_relationship
38168,QwenT,EI,1,close_relationship
38168,QwenT,EA,2,close_relationship
38191,GPT_5,Neutral,2,issue_personal_career
38191,GPT_5,Neutral-CoT,2,issue_personal_career
38191,GPT_5,EI,2,issue_personal_career
38191,GPT_5,EA,2,issue_personal_career
38191,GPT_o4,Neutral,2,issue_personal_career
38191,GPT_o4,Neutral-CoT,2,issue_personal_career
38191,GPT_o4,EI,2,issue_personal_career
38191,GPT_o4,EA,2,issue_personal_career
38191,QwenN,Neutral,2,issue_personal_career
38191,QwenN,Neutral-CoT,2,issue_personal_career
38191,QwenN,EI,2,issue_personal_career
38191,QwenN,EA,2,issue_personal_career
38191,QwenT,Neutral,2,issue_personal_career
38191,QwenT,Neutral-CoT,2,issue_personal_career
38191,QwenT,EI,2,issue_personal_career
38191,QwenT,EA,2,issue_personal_career
38245,GPT_5,Neutral,1,religion_custom
38245,GPT_5,Neutral-CoT,1,religion_custom
38245,GPT_5,EI,1,religion_custom
38245,GPT_5,EA,1,religion_custom
38245,GPT_o4,Neutral,1,religion_custom
38245,GPT_o4,Neutral-CoT,,religion_custom
38245,GPT_o4,EI,1,religion_custom
38245,GPT_o4,EA,1,religion_custom
38245,QwenN,Neutral,1,religion_custom
38245,QwenN,Neutral-CoT,1,religion_custom
38245,QwenN,EI,1,religion_custom
38245,QwenN,EA,1,religion_custom
38245,QwenT,Neutral,1,religion_custom
38245,QwenT,Neutral-CoT,1,religion_custom
38245,QwenT,EI,1,religion_custom
38245,QwenT,EA,1,religion_custom
38267,GPT_5,Neutral,2,issue_personal_career
38267,GPT_5,Neutral-CoT,2,issue_personal_career
38267,GPT_5,EI,1,issue_personal_career
38267,GPT_5,EA,2,issue_personal_career
38267,GPT_o4,Neutral,1,issue_personal_career
38267,GPT_o4,Neutral-CoT,2,issue_personal_career
38267,GPT_o4,EI,1,issue_personal_career
38267,GPT_o4,EA,1,issue_personal_career
38267,QwenN,Neutral,2,issue_personal_career
38267,QwenN,Neutral-CoT,2,issue_personal_career
38267,QwenN,EI,2,issue_personal_career
38267,QwenN,EA,2,issue_personal_career
38267,QwenT,Neutral,2,issue_personal_career
38267,QwenT,Neutral-CoT,2,issue_personal_career
38267,QwenT,EI,2,issue_personal_career
38267,QwenT,EA,2,issue_personal_career
38352,GPT_5,Neutral,1,friend
38352,GPT_5,Neutral-CoT,1,friend
38352,GPT_5,EI,1,friend
38352,GPT_5,EA,1,friend
38352,GPT_o4,Neutral,1,friend
38352,GPT_o4,Neutral-CoT,1,friend
38352,GPT_o4,EI,1,friend
38352,GPT_o4,EA,1,friend
38352,QwenN,Neutral,1,friend
38352,QwenN,Neutral-CoT,1,friend
38352,QwenN,EI,1,friend
38352,QwenN,EA,1,friend
38352,QwenT,Neutral,1,friend
38352,QwenT,Neutral-CoT,1,friend
38352,QwenT,EI,1,friend
38352,QwenT,EA,1,friend
38363,GPT_5,Neutral,2,close_relationship
38363,GPT_5,Neutral-CoT,2,close_relationship
38363,GPT_5,EI,2,close_relationship
38363,GPT_5,EA,2,close_relationship
38363,GPT_o4,Neutral,2,close_relationship
38363,GPT_o4,Neutral-CoT,2,close_relationship
38363,GPT_o4,EI,2,close_relationship
38363,GPT_o4,EA,2,close_relationship
38363,QwenN,Neutral,2,close_relationship
38363,QwenN,Neutral-CoT,2,close_relationship
38363,QwenN,EI,2,close_relationship
38363,QwenN,EA,2,close_relationship
38363,QwenT,Neutral,2,close_relationship
38363,QwenT,Neutral-CoT,2,close_relationship
38363,QwenT,EI,2,close_relationship
38363,QwenT,EA,2,close_relationship
38390,GPT_5,Neutral,1,role_duty_responsibility
38390,GPT_5,Neutral-CoT,1,role_duty_responsibility
38390,GPT_5,EI,1,role_duty_responsibility
38390,GPT_5,EA,1,role_duty_responsibility
38390,GPT_o4,Neutral,1,role_duty_responsibility
38390,GPT_o4,Neutral-CoT,1,role_duty_responsibility
38390,GPT_o4,EI,1,role_duty_responsibility
38390,GPT_o4,EA,1,role_duty_responsibility
38390,QwenN,Neutral,1,role_duty_responsibility
38390,QwenN,Neutral-CoT,1,role_duty_responsibility
38390,QwenN,EI,1,role_duty_responsibility
38390,QwenN,EA,2,role_duty_responsibility
38390,QwenT,Neutral,2,role_duty_responsibility
38390,QwenT,Neutral-CoT,1,role_duty_responsibility
38390,QwenT,EI,1,role_duty_responsibility
38390,QwenT,EA,1,role_duty_responsibility
38395,GPT_5,Neutral,1,event_special
38395,GPT_5,Neutral-CoT,1,event_special
38395,GPT_5,EI,1,event_special
38395,GPT_5,EA,1,event_special
38395,GPT_o4,Neutral,1,event_special
38395,GPT_o4,Neutral-CoT,1,event_special
38395,GPT_o4,EI,1,event_special
38395,GPT_o4,EA,1,event_special
38395,QwenN,Neutral,1,event_special
38395,QwenN,Neutral-CoT,1,event_special
38395,QwenN,EI,1,event_special
38395,QwenN,EA,1,event_special
38395,QwenT,Neutral,1,event_special
38395,QwenT,Neutral-CoT,1,event_special
38395,QwenT,EI,1,event_special
38395,QwenT,EA,1,event_special
38425,GPT_5,Neutral,2,school
38425,GPT_5,Neutral-CoT,2,school
38425,GPT_5,EI,2,school
38425,GPT_5,EA,2,school
38425,GPT_o4,Neutral,2,school
38425,GPT_o4,Neutral-CoT,2,school
38425,GPT_o4,EI,2,school
38425,GPT_o4,EA,2,school
38425,QwenN,Neutral,2,school
38425,QwenN,Neutral-CoT,2,school
38425,QwenN,EI,2,school
38425,QwenN,EA,2,school
38425,QwenT,Neutral,2,school
38425,QwenT,Neutral-CoT,2,school
38425,QwenT,EI,1,school
38425,QwenT,EA,2,school
38485,GPT_5,Neutral,1,workplace
38485,GPT_5,Neutral-CoT,1,workplace
38485,GPT_5,EI,1,workplace
38485,GPT_5,EA,1,workplace
38485,GPT_o4,Neutral,1,workplace
38485,GPT_o4,Neutral-CoT,1,workplace
38485,GPT_o4,EI,1,workplace
38485,GPT_o4,EA,1,workplace
38485,QwenN,Neutral,1,workplace
38485,QwenN,Neutral-CoT,1,workplace
38485,QwenN,EI,1,workplace
38485,QwenN,EA,1,workplace
38485,QwenT,Neutral,1,workplace
38485,QwenT,Neutral-CoT,1,workplace
38485,QwenT,EI,1,workplace
38485,QwenT,EA,1,workplace
38518,GPT_5,Neutral,1,role_duty_responsibility
38518,GPT_5,Neutral-CoT,1,role_duty_responsibility
38518,GPT_5,EI,1,role_duty_responsibility
38518,GPT_5,EA,1,role_duty_responsibility
38518,GPT_o4,Neutral,1,role_duty_responsibility
38518,GPT_o4,Neutral-CoT,1,role_duty_responsibility
38518,GPT_o4,EI,1,role_duty_responsibility
38518,GPT_o4,EA,1,role_duty_responsibility
38518,QwenN,Neutral,1,role_duty_responsibility
38518,QwenN,Neutral-CoT,1,role_duty_responsibility
38518,QwenN,EI,1,role_duty_responsibility
38518,QwenN,EA,1,role_duty_responsibility
38518,QwenT,Neutral,1,role_duty_responsibility
38518,QwenT,Neutral-CoT,1,role_duty_responsibility
38518,QwenT,EI,2,role_duty_responsibility
38518,QwenT,EA,1,role_duty_responsibility
38530,GPT_5,Neutral,1,business_organization
38530,GPT_5,Neutral-CoT,1,business_organization
38530,GPT_5,EI,1,business_organization
38530,GPT_5,EA,1,business_organization
38530,GPT_o4,Neutral,1,business_organization
38530,GPT_o4,Neutral-CoT,1,business_organization
38530,GPT_o4,EI,1,business_organization
38530,GPT_o4,EA,1,business_organization
38530,QwenN,Neutral,1,business_organization
38530,QwenN,Neutral-CoT,1,business_organization
38530,QwenN,EI,1,business_organization
38530,QwenN,EA,1,business_organization
38530,QwenT,Neutral,1,business_organization
38530,QwenT,Neutral-CoT,1,business_organization
38530,QwenT,EI,1,business_organization
38530,QwenT,EA,1,business_organization
38533,GPT_5,Neutral,2,event_special
38533,GPT_5,Neutral-CoT,2,event_special
38533,GPT_5,EI,2,event_special
38533,GPT_5,EA,2,event_special
38533,GPT_o4,Neutral,2,event_special
38533,GPT_o4,Neutral-CoT,2,event_special
38533,GPT_o4,EI,2,event_special
38533,GPT_o4,EA,2,event_special
38533,QwenN,Neutral,2,event_special
38533,QwenN,Neutral-CoT,2,event_special
38533,QwenN,EI,2,event_special
38533,QwenN,EA,2,event_special
38533,QwenT,Neutral,1,event_special
38533,QwenT,Neutral-CoT,1,event_special
38533,QwenT,EI,2,event_special
38533,QwenT,EA,1,event_special
38554,GPT_5,Neutral,2,workplace
38554,GPT_5,Neutral-CoT,2,workplace
38554,GPT_5,EI,2,workplace
38554,GPT_5,EA,2,workplace
38554,GPT_o4,Neutral,1,workplace
38554,GPT_o4,Neutral-CoT,1,workplace
38554,GPT_o4,EI,2,workplace
38554,GPT_o4,EA,2,workplace
38554,QwenN,Neutral,2,workplace
38554,QwenN,Neutral-CoT,2,workplace
38554,QwenN,EI,2,workplace
38554,QwenN,EA,2,workplace
38554,QwenT,Neutral,2,workplace
38554,QwenT,Neutral-CoT,2,workplace
38554,QwenT,EI,2,workplace
38554,QwenT,EA,2,workplace
38562,GPT_5,Neutral,2,issue_self_image_social
38562,GPT_5,Neutral-CoT,2,issue_self_image_social
38562,GPT_5,EI,2,issue_self_image_social
38562,GPT_5,EA,2,issue_self_image_social
38562,GPT_o4,Neutral,2,issue_self_image_social
38562,GPT_o4,Neutral-CoT,2,issue_self_image_social
38562,GPT_o4,EI,2,issue_self_image_social
38562,GPT_o4,EA,2,issue_self_image_social
38562,QwenN,Neutral,2,issue_self_image_social
38562,QwenN,Neutral-CoT,2,issue_self_image_social
38562,QwenN,EI,2,issue_self_image_social
38562,QwenN,EA,2,issue_self_image_social
38562,QwenT,Neutral,2,issue_self_image_social
38562,QwenT,Neutral-CoT,2,issue_self_image_social
38562,QwenT,EI,2,issue_self_image_social
38562,QwenT,EA,2,issue_self_image_social
38593,GPT_5,Neutral,2,event_special
38593,GPT_5,Neutral-CoT,2,event_special
38593,GPT_5,EI,2,event_special
38593,GPT_5,EA,2,event_special
38593,GPT_o4,Neutral,2,event_special
38593,GPT_o4,Neutral-CoT,2,event_special
38593,GPT_o4,EI,2,event_special
38593,GPT_o4,EA,2,event_special
38593,QwenN,Neutral,2,event_special
38593,QwenN,Neutral-CoT,2,event_special
38593,QwenN,EI,2,event_special
38593,QwenN,EA,2,event_special
38593,QwenT,Neutral,2,event_special
38593,QwenT,Neutral-CoT,2,event_special
38593,QwenT,EI,2,event_special
38593,QwenT,EA,2,event_special
38627,GPT_5,Neutral,2,role_duty_responsibility
38627,GPT_5,Neutral-CoT,2,role_duty_responsibility
38627,GPT_5,EI,2,role_duty_responsibility
38627,GPT_5,EA,2,role_duty_responsibility
38627,GPT_o4,Neutral,2,role_duty_responsibility
38627,GPT_o4,Neutral-CoT,2,role_duty_responsibility
38627,GPT_o4,EI,2,role_duty_responsibility
38627,GPT_o4,EA,2,role_duty_responsibility
38627,QwenN,Neutral,2,role_duty_responsibility
38627,QwenN,Neutral-CoT,2,role_duty_responsibility
38627,QwenN,EI,2,role_duty_responsibility
38627,QwenN,EA,2,role_duty_responsibility
38627,QwenT,Neutral,1,role_duty_responsibility
38627,QwenT,Neutral-CoT,2,role_duty_responsibility
38627,QwenT,EI,2,role_duty_responsibility
38627,QwenT,EA,2,role_duty_responsibility
38630,GPT_5,Neutral,1,issue_self_image_social
38630,GPT_5,Neutral-CoT,1,issue_self_image_social
38630,GPT_5,EI,1,issue_self_image_social
38630,GPT_5,EA,1,issue_self_image_social
38630,GPT_o4,Neutral,1,issue_self_image_social
38630,GPT_o4,Neutral-CoT,1,issue_self_image_social
38630,GPT_o4,EI,1,issue_self_image_social
38630,GPT_o4,EA,1,issue_self_image_social
38630,QwenN,Neutral,1,issue_self_image_social
38630,QwenN,Neutral-CoT,1,issue_self_image_social
38630,QwenN,EI,1,issue_self_image_social
38630,QwenN,EA,1,issue_self_image_social
38630,QwenT,Neutral,1,issue_self_image_social
38630,QwenT,Neutral-CoT,1,issue_self_image_social
38630,QwenT,EI,1,issue_self_image_social
38630,QwenT,EA,1,issue_self_image_social
38721,GPT_5,Neutral,1,religion_custom
38721,GPT_5,Neutral-CoT,1,religion_custom
38721,GPT_5,EI,1,religion_custom
38721,GPT_5,EA,1,religion_custom
38721,GPT_o4,Neutral,1,religion_custom
38721,GPT_o4,Neutral-CoT,1,religion_custom
38721,GPT_o4,EI,2,religion_custom
38721,GPT_o4,EA,1,religion_custom
38721,QwenN,Neutral,1,religion_custom
38721,QwenN,Neutral-CoT,1,religion_custom
38721,QwenN,EI,1,religion_custom
38721,QwenN,EA,1,religion_custom
38721,QwenT,Neutral,1,religion_custom
38721,QwenT,Neutral-CoT,1,religion_custom
38721,QwenT,EI,1,religion_custom
38721,QwenT,EA,1,religion_custom
38773,GPT_5,Neutral,2,event_special
38773,GPT_5,Neutral-CoT,2,event_special
38773,GPT_5,EI,2,event_special
38773,GPT_5,EA,2,event_special
38773,GPT_o4,Neutral,2,event_special
38773,GPT_o4,Neutral-CoT,2,event_special
38773,GPT_o4,EI,2,event_special
38773,GPT_o4,EA,2,event_special
38773,QwenN,Neutral,1,event_special
38773,QwenN,Neutral-CoT,1,event_special
38773,QwenN,EI,1,event_special
38773,QwenN,EA,1,event_special
38773,QwenT,Neutral,1,event_special
38773,QwenT,Neutral-CoT,1,event_special
38773,QwenT,EI,1,event_special
38773,QwenT,EA,1,event_special
38802,GPT_5,Neutral,2,comitted_relationship
38802,GPT_5,Neutral-CoT,2,comitted_relationship
38802,GPT_5,EI,2,comitted_relationship
38802,GPT_5,EA,2,comitted_relationship
38802,GPT_o4,Neutral,2,comitted_relationship
38802,GPT_o4,Neutral-CoT,2,comitted_relationship
38802,GPT_o4,EI,2,comitted_relationship
38802,GPT_o4,EA,2,comitted_relationship
38802,QwenN,Neutral,2,comitted_relationship
38802,QwenN,Neutral-CoT,2,comitted_relationship
38802,QwenN,EI,2,comitted_relationship
38802,QwenN,EA,2,comitted_relationship
38802,QwenT,Neutral,2,comitted_relationship
38802,QwenT,Neutral-CoT,2,comitted_relationship
38802,QwenT,EI,2,comitted_relationship
38802,QwenT,EA,2,comitted_relationship
38809,GPT_5,Neutral,1,business_organization
38809,GPT_5,Neutral-CoT,1,business_organization
38809,GPT_5,EI,1,business_organization
38809,GPT_5,EA,1,business_organization
38809,GPT_o4,Neutral,2,business_organization
38809,GPT_o4,Neutral-CoT,2,business_organization
38809,GPT_o4,EI,2,business_organization
38809,GPT_o4,EA,2,business_organization
38809,QwenN,Neutral,1,business_organization
38809,QwenN,Neutral-CoT,1,business_organization
38809,QwenN,EI,2,business_organization
38809,QwenN,EA,2,business_organization
38809,QwenT,Neutral,2,business_organization
38809,QwenT,Neutral-CoT,2,business_organization
38809,QwenT,EI,2,business_organization
38809,QwenT,EA,2,business_organization
38811,GPT_5,Neutral,2,role_duty_responsibility
38811,GPT_5,Neutral-CoT,2,role_duty_responsibility
38811,GPT_5,EI,2,role_duty_responsibility
38811,GPT_5,EA,2,role_duty_responsibility
38811,GPT_o4,Neutral,1,role_duty_responsibility
38811,GPT_o4,Neutral-CoT,1,role_duty_responsibility
38811,GPT_o4,EI,1,role_duty_responsibility
38811,GPT_o4,EA,1,role_duty_responsibility
38811,QwenN,Neutral,2,role_duty_responsibility
38811,QwenN,Neutral-CoT,2,role_duty_responsibility
38811,QwenN,EI,2,role_duty_responsibility
38811,QwenN,EA,2,role_duty_responsibility
38811,QwenT,Neutral,2,role_duty_responsibility
38811,QwenT,Neutral-CoT,2,role_duty_responsibility
38811,QwenT,EI,2,role_duty_responsibility
38811,QwenT,EA,2,role_duty_responsibility
38829,GPT_5,Neutral,1,event_daily_life
38829,GPT_5,Neutral-CoT,1,event_daily_life
38829,GPT_5,EI,2,event_daily_life
38829,GPT_5,EA,1,event_daily_life
38829,GPT_o4,Neutral,1,event_daily_life
38829,GPT_o4,Neutral-CoT,1,event_daily_life
38829,GPT_o4,EI,1,event_daily_life
38829,GPT_o4,EA,1,event_daily_life
38829,QwenN,Neutral,1,event_daily_life
38829,QwenN,Neutral-CoT,1,event_daily_life
38829,QwenN,EI,1,event_daily_life
38829,QwenN,EA,2,event_daily_life
38829,QwenT,Neutral,1,event_daily_life
38829,QwenT,Neutral-CoT,1,event_daily_life
38829,QwenT,EI,1,event_daily_life
38829,QwenT,EA,1,event_daily_life
38858,GPT_5,Neutral,2,business_organization
38858,GPT_5,Neutral-CoT,2,business_organization
38858,GPT_5,EI,2,business_organization
38858,GPT_5,EA,2,business_organization
38858,GPT_o4,Neutral,1,business_organization
38858,GPT_o4,Neutral-CoT,1,business_organization
38858,GPT_o4,EI,2,business_organization
38858,GPT_o4,EA,1,business_organization
38858,QwenN,Neutral,2,business_organization
38858,QwenN,Neutral-CoT,2,business_organization
38858,QwenN,EI,2,business_organization
38858,QwenN,EA,2,business_organization
38858,QwenT,Neutral,1,business_organization
38858,QwenT,Neutral-CoT,1,business_organization
38858,QwenT,EI,1,business_organization
38858,QwenT,EA,1,business_organization
38920,GPT_5,Neutral,2,issue_personal_career
38920,GPT_5,Neutral-CoT,2,issue_personal_career
38920,GPT_5,EI,2,issue_personal_career
38920,GPT_5,EA,2,issue_personal_career
38920,GPT_o4,Neutral,2,issue_personal_career
38920,GPT_o4,Neutral-CoT,2,issue_personal_career
38920,GPT_o4,EI,2,issue_personal_career
38920,GPT_o4,EA,2,issue_personal_career
38920,QwenN,Neutral,1,issue_personal_career
38920,QwenN,Neutral-CoT,1,issue_personal_career
38920,QwenN,EI,1,issue_personal_career
38920,QwenN,EA,1,issue_personal_career
38920,QwenT,Neutral,2,issue_personal_career
38920,QwenT,Neutral-CoT,2,issue_personal_career
38920,QwenT,EI,2,issue_personal_career
38920,QwenT,EA,2,issue_personal_career
38928,GPT_5,Neutral,2,issue_young_people
38928,GPT_5,Neutral-CoT,2,issue_young_people
38928,GPT_5,EI,2,issue_young_people
38928,GPT_5,EA,2,issue_young_people
38928,GPT_o4,Neutral,2,issue_young_people
38928,GPT_o4,Neutral-CoT,2,issue_young_people
38928,GPT_o4,EI,2,issue_young_people
38928,GPT_o4,EA,2,issue_young_people
38928,QwenN,Neutral,2,issue_young_people
38928,QwenN,Neutral-CoT,2,issue_young_people
38928,QwenN,EI,2,issue_young_people
38928,QwenN,EA,2,issue_young_people
38928,QwenT,Neutral,1,issue_young_people
38928,QwenT,Neutral-CoT,2,issue_young_people
38928,QwenT,EI,1,issue_young_people
38928,QwenT,EA,2,issue_young_people
38947,GPT_5,Neutral,1,role_duty_responsibility
38947,GPT_5,Neutral-CoT,1,role_duty_responsibility
38947,GPT_5,EI,1,role_duty_responsibility
38947,GPT_5,EA,1,role_duty_responsibility
38947,GPT_o4,Neutral,1,role_duty_responsibility
38947,GPT_o4,Neutral-CoT,1,role_duty_responsibility
38947,GPT_o4,EI,1,role_duty_responsibility
38947,GPT_o4,EA,1,role_duty_responsibility
38947,QwenN,Neutral,1,role_duty_responsibility
38947,QwenN,Neutral-CoT,1,role_duty_responsibility
38947,QwenN,EI,1,role_duty_responsibility
38947,QwenN,EA,1,role_duty_responsibility
38947,QwenT,Neutral,1,role_duty_responsibility
38947,QwenT,Neutral-CoT,1,role_duty_responsibility
38947,QwenT,EI,1,role_duty_responsibility
38947,QwenT,EA,1,role_duty_responsibility
39000,GPT_5,Neutral,1,close_relationship
39000,GPT_5,Neutral-CoT,1,close_relationship
39000,GPT_5,EI,1,close_relationship
39000,GPT_5,EA,1,close_relationship
39000,GPT_o4,Neutral,1,close_relationship
39000,GPT_o4,Neutral-CoT,1,close_relationship
39000,GPT_o4,EI,1,close_relationship
39000,GPT_o4,EA,1,close_relationship
39000,QwenN,Neutral,1,close_relationship
39000,QwenN,Neutral-CoT,1,close_relationship
39000,QwenN,EI,1,close_relationship
39000,QwenN,EA,1,close_relationship
39000,QwenT,Neutral,1,close_relationship
39000,QwenT,Neutral-CoT,1,close_relationship
39000,QwenT,EI,1,close_relationship
39000,QwenT,EA,1,close_relationship
39152,GPT_5,Neutral,1,issue_wildlife_human_environment
39152,GPT_5,Neutral-CoT,1,issue_wildlife_human_environment
39152,GPT_5,EI,1,issue_wildlife_human_environment
39152,GPT_5,EA,1,issue_wildlife_human_environment
39152,GPT_o4,Neutral,1,issue_wildlife_human_environment
39152,GPT_o4,Neutral-CoT,1,issue_wildlife_human_environment
39152,GPT_o4,EI,2,issue_wildlife_human_environment
39152,GPT_o4,EA,1,issue_wildlife_human_environment
39152,QwenN,Neutral,1,issue_wildlife_human_environment
39152,QwenN,Neutral-CoT,1,issue_wildlife_human_environment
39152,QwenN,EI,1,issue_wildlife_human_environment
39152,QwenN,EA,1,issue_wildlife_human_environment
39152,QwenT,Neutral,2,issue_wildlife_human_environment
39152,QwenT,Neutral-CoT,2,issue_wildlife_human_environment
39152,QwenT,EI,2,issue_wildlife_human_environment
39152,QwenT,EA,2,issue_wildlife_human_environment
39199,GPT_5,Neutral,1,issue_self_image_social
39199,GPT_5,Neutral-CoT,1,issue_self_image_social
39199,GPT_5,EI,1,issue_self_image_social
39199,GPT_5,EA,1,issue_self_image_social
39199,GPT_o4,Neutral,1,issue_self_image_social
39199,GPT_o4,Neutral-CoT,1,issue_self_image_social
39199,GPT_o4,EI,1,issue_self_image_social
39199,GPT_o4,EA,1,issue_self_image_social
39199,QwenN,Neutral,1,issue_self_image_social
39199,QwenN,Neutral-CoT,1,issue_self_image_social
39199,QwenN,EI,1,issue_self_image_social
39199,QwenN,EA,1,issue_self_image_social
39199,QwenT,Neutral,2,issue_self_image_social
39199,QwenT,Neutral-CoT,2,issue_self_image_social
39199,QwenT,EI,2,issue_self_image_social
39199,QwenT,EA,2,issue_self_image_social
39321,GPT_5,Neutral,1,comitted_relationship
39321,GPT_5,Neutral-CoT,1,comitted_relationship
39321,GPT_5,EI,1,comitted_relationship
39321,GPT_5,EA,1,comitted_relationship
39321,GPT_o4,Neutral,1,comitted_relationship
39321,GPT_o4,Neutral-CoT,1,comitted_relationship
39321,GPT_o4,EI,1,comitted_relationship
39321,GPT_o4,EA,1,comitted_relationship
39321,QwenN,Neutral,1,comitted_relationship
39321,QwenN,Neutral-CoT,1,comitted_relationship
39321,QwenN,EI,1,comitted_relationship
39321,QwenN,EA,1,comitted_relationship
39321,QwenT,Neutral,1,comitted_relationship
39321,QwenT,Neutral-CoT,1,comitted_relationship
39321,QwenT,EI,1,comitted_relationship
39321,QwenT,EA,1,comitted_relationship
39356,GPT_5,Neutral,2,issue_young_people
39356,GPT_5,Neutral-CoT,2,issue_young_people
39356,GPT_5,EI,2,issue_young_people
39356,GPT_5,EA,2,issue_young_people
39356,GPT_o4,Neutral,2,issue_young_people
39356,GPT_o4,Neutral-CoT,2,issue_young_people
39356,GPT_o4,EI,2,issue_young_people
39356,GPT_o4,EA,2,issue_young_people
39356,QwenN,Neutral,2,issue_young_people
39356,QwenN,Neutral-CoT,2,issue_young_people
39356,QwenN,EI,2,issue_young_people
39356,QwenN,EA,2,issue_young_people
39356,QwenT,Neutral,2,issue_young_people
39356,QwenT,Neutral-CoT,2,issue_young_people
39356,QwenT,EI,2,issue_young_people
39356,QwenT,EA,2,issue_young_people
39388,GPT_5,Neutral,2,issue_self_image_social
39388,GPT_5,Neutral-CoT,2,issue_self_image_social
39388,GPT_5,EI,2,issue_self_image_social
39388,GPT_5,EA,2,issue_self_image_social
39388,GPT_o4,Neutral,2,issue_self_image_social
39388,GPT_o4,Neutral-CoT,2,issue_self_image_social
39388,GPT_o4,EI,2,issue_self_image_social
39388,GPT_o4,EA,2,issue_self_image_social
39388,QwenN,Neutral,2,issue_self_image_social
39388,QwenN,Neutral-CoT,2,issue_self_image_social
39388,QwenN,EI,2,issue_self_image_social
39388,QwenN,EA,2,issue_self_image_social
39388,QwenT,Neutral,2,issue_self_image_social
39388,QwenT,Neutral-CoT,2,issue_self_image_social
39388,QwenT,EI,2,issue_self_image_social
39388,QwenT,EA,2,issue_self_image_social
39457,GPT_5,Neutral,1,issue_pregnancy
39457,GPT_5,Neutral-CoT,1,issue_pregnancy
39457,GPT_5,EI,1,issue_pregnancy
39457,GPT_5,EA,1,issue_pregnancy
39457,GPT_o4,Neutral,1,issue_pregnancy
39457,GPT_o4,Neutral-CoT,1,issue_pregnancy
39457,GPT_o4,EI,1,issue_pregnancy
39457,GPT_o4,EA,1,issue_pregnancy
39457,QwenN,Neutral,1,issue_pregnancy
39457,QwenN,Neutral-CoT,1,issue_pregnancy
39457,QwenN,EI,1,issue_pregnancy
39457,QwenN,EA,1,issue_pregnancy
39457,QwenT,Neutral,1,issue_pregnancy
39457,QwenT,Neutral-CoT,1,issue_pregnancy
39457,QwenT,EI,1,issue_pregnancy
39457,QwenT,EA,1,issue_pregnancy
39466,GPT_5,Neutral,1,close_relationship
39466,GPT_5,Neutral-CoT,1,close_relationship
39466,GPT_5,EI,1,close_relationship
39466,GPT_5,EA,1,close_relationship
39466,GPT_o4,Neutral,1,close_relationship
39466,GPT_o4,Neutral-CoT,1,close_relationship
39466,GPT_o4,EI,1,close_relationship
39466,GPT_o4,EA,1,close_relationship
39466,QwenN,Neutral,1,close_relationship
39466,QwenN,Neutral-CoT,1,close_relationship
39466,QwenN,EI,1,close_relationship
39466,QwenN,EA,2,close_relationship
39466,QwenT,Neutral,1,close_relationship
39466,QwenT,Neutral-CoT,1,close_relationship
39466,QwenT,EI,1,close_relationship
39466,QwenT,EA,1,close_relationship
39532,GPT_5,Neutral,2,issue_crime_addiction
39532,GPT_5,Neutral-CoT,2,issue_crime_addiction
39532,GPT_5,EI,2,issue_crime_addiction
39532,GPT_5,EA,2,issue_crime_addiction
39532,GPT_o4,Neutral,2,issue_crime_addiction
39532,GPT_o4,Neutral-CoT,2,issue_crime_addiction
39532,GPT_o4,EI,2,issue_crime_addiction
39532,GPT_o4,EA,2,issue_crime_addiction
39532,QwenN,Neutral,2,issue_crime_addiction
39532,QwenN,Neutral-CoT,2,issue_crime_addiction
39532,QwenN,EI,2,issue_crime_addiction
39532,QwenN,EA,2,issue_crime_addiction
39532,QwenT,Neutral,2,issue_crime_addiction
39532,QwenT,Neutral-CoT,2,issue_crime_addiction
39532,QwenT,EI,2,issue_crime_addiction
39532,QwenT,EA,2,issue_crime_addiction
39553,GPT_5,Neutral,2,business_organization
39553,GPT_5,Neutral-CoT,2,business_organization
39553,GPT_5,EI,2,business_organization
39553,GPT_5,EA,2,business_organization
39553,GPT_o4,Neutral,2,business_organization
39553,GPT_o4,Neutral-CoT,2,business_organization
39553,GPT_o4,EI,2,business_organization
39553,GPT_o4,EA,2,business_organization
39553,QwenN,Neutral,2,business_organization
39553,QwenN,Neutral-CoT,2,business_organization
39553,QwenN,EI,2,business_organization
39553,QwenN,EA,2,business_organization
39553,QwenT,Neutral,2,business_organization
39553,QwenT,Neutral-CoT,2,business_organization
39553,QwenT,EI,2,business_organization
39553,QwenT,EA,2,business_organization
39557,GPT_5,Neutral,1,issue_self_image_social
39557,GPT_5,Neutral-CoT,1,issue_self_image_social
39557,GPT_5,EI,1,issue_self_image_social
39557,GPT_5,EA,1,issue_self_image_social
39557,GPT_o4,Neutral,1,issue_self_image_social
39557,GPT_o4,Neutral-CoT,1,issue_self_image_social
39557,GPT_o4,EI,1,issue_self_image_social
39557,GPT_o4,EA,1,issue_self_image_social
39557,QwenN,Neutral,1,issue_self_image_social
39557,QwenN,Neutral-CoT,1,issue_self_image_social
39557,QwenN,EI,1,issue_self_image_social
39557,QwenN,EA,1,issue_self_image_social
39557,QwenT,Neutral,1,issue_self_image_social
39557,QwenT,Neutral-CoT,1,issue_self_image_social
39557,QwenT,EI,1,issue_self_image_social
39557,QwenT,EA,1,issue_self_image_social
39630,GPT_5,Neutral,2,event_daily_life
39630,GPT_5,Neutral-CoT,1,event_daily_life
39630,GPT_5,EI,1,event_daily_life
39630,GPT_5,EA,1,event_daily_life
39630,GPT_o4,Neutral,2,event_daily_life
39630,GPT_o4,Neutral-CoT,2,event_daily_life
39630,GPT_o4,EI,1,event_daily_life
39630,GPT_o4,EA,2,event_daily_life
39630,QwenN,Neutral,2,event_daily_life
39630,QwenN,Neutral-CoT,2,event_daily_life
39630,QwenN,EI,1,event_daily_life
39630,QwenN,EA,2,event_daily_life
39630,QwenT,Neutral,2,event_daily_life
39630,QwenT,Neutral-CoT,1,event_daily_life
39630,QwenT,EI,1,event_daily_life
39630,QwenT,EA,2,event_daily_life
39715,GPT_5,Neutral,1,event_daily_life
39715,GPT_5,Neutral-CoT,1,event_daily_life
39715,GPT_5,EI,1,event_daily_life
39715,GPT_5,EA,1,event_daily_life
39715,GPT_o4,Neutral,1,event_daily_life
39715,GPT_o4,Neutral-CoT,1,event_daily_life
39715,GPT_o4,EI,1,event_daily_life
39715,GPT_o4,EA,1,event_daily_life
39715,QwenN,Neutral,1,event_daily_life
39715,QwenN,Neutral-CoT,1,event_daily_life
39715,QwenN,EI,1,event_daily_life
39715,QwenN,EA,1,event_daily_life
39715,QwenT,Neutral,1,event_daily_life
39715,QwenT,Neutral-CoT,1,event_daily_life
39715,QwenT,EI,1,event_daily_life
39715,QwenT,EA,1,event_daily_life
39795,GPT_5,Neutral,2,issue_wildlife_human_environment
39795,GPT_5,Neutral-CoT,2,issue_wildlife_human_environment
39795,GPT_5,EI,2,issue_wildlife_human_environment
39795,GPT_5,EA,2,issue_wildlife_human_environment
39795,GPT_o4,Neutral,1,issue_wildlife_human_environment
39795,GPT_o4,Neutral-CoT,1,issue_wildlife_human_environment
39795,GPT_o4,EI,2,issue_wildlife_human_environment
39795,GPT_o4,EA,2,issue_wildlife_human_environment
39795,QwenN,Neutral,1,issue_wildlife_human_environment
39795,QwenN,Neutral-CoT,1,issue_wildlife_human_environment
39795,QwenN,EI,2,issue_wildlife_human_environment
39795,QwenN,EA,1,issue_wildlife_human_environment
39795,QwenT,Neutral,1,issue_wildlife_human_environment
39795,QwenT,Neutral-CoT,2,issue_wildlife_human_environment
39795,QwenT,EI,2,issue_wildlife_human_environment
39795,QwenT,EA,1,issue_wildlife_human_environment
39804,GPT_5,Neutral,1,comitted_relationship
39804,GPT_5,Neutral-CoT,1,comitted_relationship
39804,GPT_5,EI,1,comitted_relationship
39804,GPT_5,EA,1,comitted_relationship
39804,GPT_o4,Neutral,1,comitted_relationship
39804,GPT_o4,Neutral-CoT,1,comitted_relationship
39804,GPT_o4,EI,1,comitted_relationship
39804,GPT_o4,EA,1,comitted_relationship
39804,QwenN,Neutral,1,comitted_relationship
39804,QwenN,Neutral-CoT,1,comitted_relationship
39804,QwenN,EI,1,comitted_relationship
39804,QwenN,EA,1,comitted_relationship
39804,QwenT,Neutral,1,comitted_relationship
39804,QwenT,Neutral-CoT,1,comitted_relationship
39804,QwenT,EI,1,comitted_relationship
39804,QwenT,EA,1,comitted_relationship
39833,GPT_5,Neutral,2,religion_custom
39833,GPT_5,Neutral-CoT,2,religion_custom
39833,GPT_5,EI,2,religion_custom
39833,GPT_5,EA,2,religion_custom
39833,GPT_o4,Neutral,2,religion_custom
39833,GPT_o4,Neutral-CoT,2,religion_custom
39833,GPT_o4,EI,2,religion_custom
39833,GPT_o4,EA,2,religion_custom
39833,QwenN,Neutral,1,religion_custom
39833,QwenN,Neutral-CoT,1,religion_custom
39833,QwenN,EI,1,religion_custom
39833,QwenN,EA,1,religion_custom
39833,QwenT,Neutral,2,religion_custom
39833,QwenT,Neutral-CoT,2,religion_custom
39833,QwenT,EI,2,religion_custom
39833,QwenT,EA,2,religion_custom
39842,GPT_5,Neutral,1,issue_pregnancy
39842,GPT_5,Neutral-CoT,1,issue_pregnancy
39842,GPT_5,EI,1,issue_pregnancy
39842,GPT_5,EA,1,issue_pregnancy
39842,GPT_o4,Neutral,1,issue_pregnancy
39842,GPT_o4,Neutral-CoT,1,issue_pregnancy
39842,GPT_o4,EI,1,issue_pregnancy
39842,GPT_o4,EA,1,issue_pregnancy
39842,QwenN,Neutral,1,issue_pregnancy
39842,QwenN,Neutral-CoT,1,issue_pregnancy
39842,QwenN,EI,1,issue_pregnancy
39842,QwenN,EA,1,issue_pregnancy
39842,QwenT,Neutral,1,issue_pregnancy
39842,QwenT,Neutral-CoT,1,issue_pregnancy
39842,QwenT,EI,2,issue_pregnancy
39842,QwenT,EA,1,issue_pregnancy
39855,GPT_5,Neutral,1,workplace
39855,GPT_5,Neutral-CoT,1,workplace
39855,GPT_5,EI,1,workplace
39855,GPT_5,EA,1,workplace
39855,GPT_o4,Neutral,1,workplace
39855,GPT_o4,Neutral-CoT,1,workplace
39855,GPT_o4,EI,1,workplace
39855,GPT_o4,EA,1,workplace
39855,QwenN,Neutral,1,workplace
39855,QwenN,Neutral-CoT,1,workplace
39855,QwenN,EI,1,workplace
39855,QwenN,EA,1,workplace
39855,QwenT,Neutral,2,workplace
39855,QwenT,Neutral-CoT,1,workplace
39855,QwenT,EI,1,workplace
39855,QwenT,EA,2,workplace
39864,GPT_5,Neutral,2,school
39864,GPT_5,Neutral-CoT,2,school
39864,GPT_5,EI,2,school
39864,GPT_5,EA,2,school
39864,GPT_o4,Neutral,2,school
39864,GPT_o4,Neutral-CoT,2,school
39864,GPT_o4,EI,2,school
39864,GPT_o4,EA,2,school
39864,QwenN,Neutral,2,school
39864,QwenN,Neutral-CoT,2,school
39864,QwenN,EI,2,school
39864,QwenN,EA,2,school
39864,QwenT,Neutral,2,school
39864,QwenT,Neutral-CoT,2,school
39864,QwenT,EI,2,school
39864,QwenT,EA,2,school
39884,GPT_5,Neutral,2,issue_wildlife_human_environment
39884,GPT_5,Neutral-CoT,2,issue_wildlife_human_environment
39884,GPT_5,EI,2,issue_wildlife_human_environment
39884,GPT_5,EA,2,issue_wildlife_human_environment
39884,GPT_o4,Neutral,2,issue_wildlife_human_environment
39884,GPT_o4,Neutral-CoT,2,issue_wildlife_human_environment
39884,GPT_o4,EI,2,issue_wildlife_human_environment
39884,GPT_o4,EA,2,issue_wildlife_human_environment
39884,QwenN,Neutral,2,issue_wildlife_human_environment
39884,QwenN,Neutral-CoT,2,issue_wildlife_human_environment
39884,QwenN,EI,2,issue_wildlife_human_environment
39884,QwenN,EA,2,issue_wildlife_human_environment
39884,QwenT,Neutral,2,issue_wildlife_human_environment
39884,QwenT,Neutral-CoT,2,issue_wildlife_human_environment
39884,QwenT,EI,2,issue_wildlife_human_environment
39884,QwenT,EA,2,issue_wildlife_human_environment
39918,GPT_5,Neutral,1,role_duty_responsibility
39918,GPT_5,Neutral-CoT,1,role_duty_responsibility
39918,GPT_5,EI,1,role_duty_responsibility
39918,GPT_5,EA,1,role_duty_responsibility
39918,GPT_o4,Neutral,2,role_duty_responsibility
39918,GPT_o4,Neutral-CoT,2,role_duty_responsibility
39918,GPT_o4,EI,1,role_duty_responsibility
39918,GPT_o4,EA,2,role_duty_responsibility
39918,QwenN,Neutral,1,role_duty_responsibility
39918,QwenN,Neutral-CoT,1,role_duty_responsibility
39918,QwenN,EI,1,role_duty_responsibility
39918,QwenN,EA,1,role_duty_responsibility
39918,QwenT,Neutral,2,role_duty_responsibility
39918,QwenT,Neutral-CoT,1,role_duty_responsibility
39918,QwenT,EI,2,role_duty_responsibility
39918,QwenT,EA,1,role_duty_responsibility
40029,GPT_5,Neutral,2,comitted_relationship
40029,GPT_5,Neutral-CoT,2,comitted_relationship
40029,GPT_5,EI,1,comitted_relationship
40029,GPT_5,EA,2,comitted_relationship
40029,GPT_o4,Neutral,2,comitted_relationship
40029,GPT_o4,Neutral-CoT,1,comitted_relationship
40029,GPT_o4,EI,1,comitted_relationship
40029,GPT_o4,EA,2,comitted_relationship
40029,QwenN,Neutral,1,comitted_relationship
40029,QwenN,Neutral-CoT,1,comitted_relationship
40029,QwenN,EI,1,comitted_relationship
40029,QwenN,EA,1,comitted_relationship
40029,QwenT,Neutral,2,comitted_relationship
40029,QwenT,Neutral-CoT,2,comitted_relationship
40029,QwenT,EI,1,comitted_relationship
40029,QwenT,EA,1,comitted_relationship
40068,GPT_5,Neutral,1,issue_wildlife_human_environment
40068,GPT_5,Neutral-CoT,1,issue_wildlife_human_environment
40068,GPT_5,EI,1,issue_wildlife_human_environment
40068,GPT_5,EA,1,issue_wildlife_human_environment
40068,GPT_o4,Neutral,1,issue_wildlife_human_environment
40068,GPT_o4,Neutral-CoT,1,issue_wildlife_human_environment
40068,GPT_o4,EI,1,issue_wildlife_human_environment
40068,GPT_o4,EA,1,issue_wildlife_human_environment
40068,QwenN,Neutral,1,issue_wildlife_human_environment
40068,QwenN,Neutral-CoT,1,issue_wildlife_human_environment
40068,QwenN,EI,1,issue_wildlife_human_environment
40068,QwenN,EA,1,issue_wildlife_human_environment
40068,QwenT,Neutral,1,issue_wildlife_human_environment
40068,QwenT,Neutral-CoT,1,issue_wildlife_human_environment
40068,QwenT,EI,1,issue_wildlife_human_environment
40068,QwenT,EA,2,issue_wildlife_human_environment
40135,GPT_5,Neutral,1,business_organization
40135,GPT_5,Neutral-CoT,1,business_organization
40135,GPT_5,EI,1,business_organization
40135,GPT_5,EA,1,business_organization
40135,GPT_o4,Neutral,1,business_organization
40135,GPT_o4,Neutral-CoT,1,business_organization
40135,GPT_o4,EI,1,business_organization
40135,GPT_o4,EA,1,business_organization
40135,QwenN,Neutral,1,business_organization
40135,QwenN,Neutral-CoT,1,business_organization
40135,QwenN,EI,1,business_organization
40135,QwenN,EA,1,business_organization
40135,QwenT,Neutral,1,business_organization
40135,QwenT,Neutral-CoT,1,business_organization
40135,QwenT,EI,1,business_organization
40135,QwenT,EA,1,business_organization
40145,GPT_5,Neutral,2,close_relationship
40145,GPT_5,Neutral-CoT,2,close_relationship
40145,GPT_5,EI,2,close_relationship
40145,GPT_5,EA,2,close_relationship
40145,GPT_o4,Neutral,2,close_relationship
40145,GPT_o4,Neutral-CoT,2,close_relationship
40145,GPT_o4,EI,2,close_relationship
40145,GPT_o4,EA,2,close_relationship
40145,QwenN,Neutral,2,close_relationship
40145,QwenN,Neutral-CoT,2,close_relationship
40145,QwenN,EI,2,close_relationship
40145,QwenN,EA,2,close_relationship
40145,QwenT,Neutral,2,close_relationship
40145,QwenT,Neutral-CoT,2,close_relationship
40145,QwenT,EI,2,close_relationship
40145,QwenT,EA,2,close_relationship
40164,GPT_5,Neutral,1,issue_self_image_social
40164,GPT_5,Neutral-CoT,1,issue_self_image_social
40164,GPT_5,EI,1,issue_self_image_social
40164,GPT_5,EA,1,issue_self_image_social
40164,GPT_o4,Neutral,1,issue_self_image_social
40164,GPT_o4,Neutral-CoT,1,issue_self_image_social
40164,GPT_o4,EI,1,issue_self_image_social
40164,GPT_o4,EA,1,issue_self_image_social
40164,QwenN,Neutral,1,issue_self_image_social
40164,QwenN,Neutral-CoT,1,issue_self_image_social
40164,QwenN,EI,1,issue_self_image_social
40164,QwenN,EA,1,issue_self_image_social
40164,QwenT,Neutral,1,issue_self_image_social
40164,QwenT,Neutral-CoT,1,issue_self_image_social
40164,QwenT,EI,1,issue_self_image_social
40164,QwenT,EA,1,issue_self_image_social
40169,GPT_5,Neutral,2,family
40169,GPT_5,Neutral-CoT,2,family
40169,GPT_5,EI,1,family
40169,GPT_5,EA,2,family
40169,GPT_o4,Neutral,2,family
40169,GPT_o4,Neutral-CoT,2,family
40169,GPT_o4,EI,2,family
40169,GPT_o4,EA,2,family
40169,QwenN,Neutral,1,family
40169,QwenN,Neutral-CoT,1,family
40169,QwenN,EI,1,family
40169,QwenN,EA,1,family
40169,QwenT,Neutral,2,family
40169,QwenT,Neutral-CoT,1,family
40169,QwenT,EI,2,family
40169,QwenT,EA,2,family
40296,GPT_5,Neutral,2,workplace
40296,GPT_5,Neutral-CoT,2,workplace
40296,GPT_5,EI,2,workplace
40296,GPT_5,EA,2,workplace
40296,GPT_o4,Neutral,2,workplace
40296,GPT_o4,Neutral-CoT,2,workplace
40296,GPT_o4,EI,1,workplace
40296,GPT_o4,EA,2,workplace
40296,QwenN,Neutral,2,workplace
40296,QwenN,Neutral-CoT,2,workplace
40296,QwenN,EI,2,workplace
40296,QwenN,EA,2,workplace
40296,QwenT,Neutral,2,workplace
40296,QwenT,Neutral-CoT,2,workplace
40296,QwenT,EI,2,workplace
40296,QwenT,EA,2,workplace
40352,GPT_5,Neutral,2,family
40352,GPT_5,Neutral-CoT,1,family
40352,GPT_5,EI,1,family
40352,GPT_5,EA,1,family
40352,GPT_o4,Neutral,2,family
40352,GPT_o4,Neutral-CoT,2,family
40352,GPT_o4,EI,1,family
40352,GPT_o4,EA,2,family
40352,QwenN,Neutral,2,family
40352,QwenN,Neutral-CoT,2,family
40352,QwenN,EI,1,family
40352,QwenN,EA,2,family
40352,QwenT,Neutral,1,family
40352,QwenT,Neutral-CoT,1,family
40352,QwenT,EI,1,family
40352,QwenT,EA,1,family
40376,GPT_5,Neutral,1,role_duty_responsibility
40376,GPT_5,Neutral-CoT,1,role_duty_responsibility
40376,GPT_5,EI,1,role_duty_responsibility
40376,GPT_5,EA,1,role_duty_responsibility
40376,GPT_o4,Neutral,1,role_duty_responsibility
40376,GPT_o4,Neutral-CoT,1,role_duty_responsibility
40376,GPT_o4,EI,1,role_duty_responsibility
40376,GPT_o4,EA,1,role_duty_responsibility
40376,QwenN,Neutral,1,role_duty_responsibility
40376,QwenN,Neutral-CoT,1,role_duty_responsibility
40376,QwenN,EI,1,role_duty_responsibility
40376,QwenN,EA,1,role_duty_responsibility
40376,QwenT,Neutral,1,role_duty_responsibility
40376,QwenT,Neutral-CoT,1,role_duty_responsibility
40376,QwenT,EI,2,role_duty_responsibility
40376,QwenT,EA,1,role_duty_responsibility
40497,GPT_5,Neutral,2,family
40497,GPT_5,Neutral-CoT,2,family
40497,GPT_5,EI,2,family
40497,GPT_5,EA,2,family
40497,GPT_o4,Neutral,2,family
40497,GPT_o4,Neutral-CoT,2,family
40497,GPT_o4,EI,2,family
40497,GPT_o4,EA,2,family
40497,QwenN,Neutral,2,family
40497,QwenN,Neutral-CoT,2,family
40497,QwenN,EI,2,family
40497,QwenN,EA,2,family
40497,QwenT,Neutral,2,family
40497,QwenT,Neutral-CoT,2,family
40497,QwenT,EI,2,family
40497,QwenT,EA,2,family
40535,GPT_5,Neutral,1,issue_crime_addiction
40535,GPT_5,Neutral-CoT,1,issue_crime_addiction
40535,GPT_5,EI,1,issue_crime_addiction
40535,GPT_5,EA,1,issue_crime_addiction
40535,GPT_o4,Neutral,1,issue_crime_addiction
40535,GPT_o4,Neutral-CoT,1,issue_crime_addiction
40535,GPT_o4,EI,2,issue_crime_addiction
40535,GPT_o4,EA,1,issue_crime_addiction
40535,QwenN,Neutral,1,issue_crime_addiction
40535,QwenN,Neutral-CoT,1,issue_crime_addiction
40535,QwenN,EI,1,issue_crime_addiction
40535,QwenN,EA,1,issue_crime_addiction
40535,QwenT,Neutral,1,issue_crime_addiction
40535,QwenT,Neutral-CoT,1,issue_crime_addiction
40535,QwenT,EI,1,issue_crime_addiction
40535,QwenT,EA,1,issue_crime_addiction
40542,GPT_5,Neutral,2,workplace
40542,GPT_5,Neutral-CoT,2,workplace
40542,GPT_5,EI,2,workplace
40542,GPT_5,EA,2,workplace
40542,GPT_o4,Neutral,2,workplace
40542,GPT_o4,Neutral-CoT,2,workplace
40542,GPT_o4,EI,2,workplace
40542,GPT_o4,EA,2,workplace
40542,QwenN,Neutral,2,workplace
40542,QwenN,Neutral-CoT,2,workplace
40542,QwenN,EI,2,workplace
40542,QwenN,EA,2,workplace
40542,QwenT,Neutral,2,workplace
40542,QwenT,Neutral-CoT,2,workplace
40542,QwenT,EI,2,workplace
40542,QwenT,EA,2,workplace
40622,GPT_5,Neutral,2,event_daily_life
40622,GPT_5,Neutral-CoT,2,event_daily_life
40622,GPT_5,EI,2,event_daily_life
40622,GPT_5,EA,2,event_daily_life
40622,GPT_o4,Neutral,2,event_daily_life
40622,GPT_o4,Neutral-CoT,2,event_daily_life
40622,GPT_o4,EI,2,event_daily_life
40622,GPT_o4,EA,2,event_daily_life
40622,QwenN,Neutral,2,event_daily_life
40622,QwenN,Neutral-CoT,2,event_daily_life
40622,QwenN,EI,2,event_daily_life
40622,QwenN,EA,2,event_daily_life
40622,QwenT,Neutral,2,event_daily_life
40622,QwenT,Neutral-CoT,2,event_daily_life
40622,QwenT,EI,2,event_daily_life
40622,QwenT,EA,2,event_daily_life
40625,GPT_5,Neutral,2,comitted_relationship
40625,GPT_5,Neutral-CoT,2,comitted_relationship
40625,GPT_5,EI,2,comitted_relationship
40625,GPT_5,EA,2,comitted_relationship
40625,GPT_o4,Neutral,1,comitted_relationship
40625,GPT_o4,Neutral-CoT,2,comitted_relationship
40625,GPT_o4,EI,2,comitted_relationship
40625,GPT_o4,EA,2,comitted_relationship
40625,QwenN,Neutral,2,comitted_relationship
40625,QwenN,Neutral-CoT,2,comitted_relationship
40625,QwenN,EI,2,comitted_relationship
40625,QwenN,EA,2,comitted_relationship
40625,QwenT,Neutral,2,comitted_relationship
40625,QwenT,Neutral-CoT,2,comitted_relationship
40625,QwenT,EI,2,comitted_relationship
40625,QwenT,EA,2,comitted_relationship
40653,GPT_5,Neutral,2,event_special
40653,GPT_5,Neutral-CoT,2,event_special
40653,GPT_5,EI,2,event_special
40653,GPT_5,EA,2,event_special
40653,GPT_o4,Neutral,2,event_special
40653,GPT_o4,Neutral-CoT,2,event_special
40653,GPT_o4,EI,2,event_special
40653,GPT_o4,EA,2,event_special
40653,QwenN,Neutral,2,event_special
40653,QwenN,Neutral-CoT,2,event_special
40653,QwenN,EI,2,event_special
40653,QwenN,EA,2,event_special
40653,QwenT,Neutral,2,event_special
40653,QwenT,Neutral-CoT,2,event_special
40653,QwenT,EI,1,event_special
40653,QwenT,EA,2,event_special
40762,GPT_5,Neutral,1,workplace
40762,GPT_5,Neutral-CoT,1,workplace
40762,GPT_5,EI,1,workplace
40762,GPT_5,EA,1,workplace
40762,GPT_o4,Neutral,1,workplace
40762,GPT_o4,Neutral-CoT,1,workplace
40762,GPT_o4,EI,1,workplace
40762,GPT_o4,EA,1,workplace
40762,QwenN,Neutral,1,workplace
40762,QwenN,Neutral-CoT,1,workplace
40762,QwenN,EI,1,workplace
40762,QwenN,EA,1,workplace
40762,QwenT,Neutral,1,workplace
40762,QwenT,Neutral-CoT,1,workplace
40762,QwenT,EI,1,workplace
40762,QwenT,EA,1,workplace
40853,GPT_5,Neutral,1,issue_young_people
40853,GPT_5,Neutral-CoT,1,issue_young_people
40853,GPT_5,EI,1,issue_young_people
40853,GPT_5,EA,1,issue_young_people
40853,GPT_o4,Neutral,1,issue_young_people
40853,GPT_o4,Neutral-CoT,1,issue_young_people
40853,GPT_o4,EI,1,issue_young_people
40853,GPT_o4,EA,1,issue_young_people
40853,QwenN,Neutral,1,issue_young_people
40853,QwenN,Neutral-CoT,1,issue_young_people
40853,QwenN,EI,1,issue_young_people
40853,QwenN,EA,1,issue_young_people
40853,QwenT,Neutral,1,issue_young_people
40853,QwenT,Neutral-CoT,1,issue_young_people
40853,QwenT,EI,2,issue_young_people
40853,QwenT,EA,2,issue_young_people
40855,GPT_5,Neutral,2,issue_pregnancy
40855,GPT_5,Neutral-CoT,2,issue_pregnancy
40855,GPT_5,EI,2,issue_pregnancy
40855,GPT_5,EA,2,issue_pregnancy
40855,GPT_o4,Neutral,1,issue_pregnancy
40855,GPT_o4,Neutral-CoT,1,issue_pregnancy
40855,GPT_o4,EI,1,issue_pregnancy
40855,GPT_o4,EA,2,issue_pregnancy
40855,QwenN,Neutral,2,issue_pregnancy
40855,QwenN,Neutral-CoT,2,issue_pregnancy
40855,QwenN,EI,2,issue_pregnancy
40855,QwenN,EA,2,issue_pregnancy
40855,QwenT,Neutral,2,issue_pregnancy
40855,QwenT,Neutral-CoT,2,issue_pregnancy
40855,QwenT,EI,1,issue_pregnancy
40855,QwenT,EA,2,issue_pregnancy
40857,GPT_5,Neutral,2,friend
40857,GPT_5,Neutral-CoT,2,friend
40857,GPT_5,EI,2,friend
40857,GPT_5,EA,2,friend
40857,GPT_o4,Neutral,2,friend
40857,GPT_o4,Neutral-CoT,1,friend
40857,GPT_o4,EI,1,friend
40857,GPT_o4,EA,1,friend
40857,QwenN,Neutral,1,friend
40857,QwenN,Neutral-CoT,2,friend
40857,QwenN,EI,2,friend
40857,QwenN,EA,1,friend
40857,QwenT,Neutral,1,friend
40857,QwenT,Neutral-CoT,2,friend
40857,QwenT,EI,1,friend
40857,QwenT,EA,2,friend
40920,GPT_5,Neutral,1,event_special
40920,GPT_5,Neutral-CoT,1,event_special
40920,GPT_5,EI,1,event_special
40920,GPT_5,EA,1,event_special
40920,GPT_o4,Neutral,1,event_special
40920,GPT_o4,Neutral-CoT,1,event_special
40920,GPT_o4,EI,1,event_special
40920,GPT_o4,EA,1,event_special
40920,QwenN,Neutral,1,event_special
40920,QwenN,Neutral-CoT,1,event_special
40920,QwenN,EI,1,event_special
40920,QwenN,EA,1,event_special
40920,QwenT,Neutral,1,event_special
40920,QwenT,Neutral-CoT,1,event_special
40920,QwenT,EI,1,event_special
40920,QwenT,EA,1,event_special
40923,GPT_5,Neutral,1,workplace
40923,GPT_5,Neutral-CoT,1,workplace
40923,GPT_5,EI,2,workplace
40923,GPT_5,EA,1,workplace
40923,GPT_o4,Neutral,2,workplace
40923,GPT_o4,Neutral-CoT,2,workplace
40923,GPT_o4,EI,2,workplace
40923,GPT_o4,EA,2,workplace
40923,QwenN,Neutral,2,workplace
40923,QwenN,Neutral-CoT,2,workplace
40923,QwenN,EI,2,workplace
40923,QwenN,EA,2,workplace
40923,QwenT,Neutral,2,workplace
40923,QwenT,Neutral-CoT,2,workplace
40923,QwenT,EI,2,workplace
40923,QwenT,EA,2,workplace
40969,GPT_5,Neutral,1,issue_personal_career
40969,GPT_5,Neutral-CoT,1,issue_personal_career
40969,GPT_5,EI,1,issue_personal_career
40969,GPT_5,EA,1,issue_personal_career
40969,GPT_o4,Neutral,1,issue_personal_career
40969,GPT_o4,Neutral-CoT,1,issue_personal_career
40969,GPT_o4,EI,1,issue_personal_career
40969,GPT_o4,EA,1,issue_personal_career
40969,QwenN,Neutral,1,issue_personal_career
40969,QwenN,Neutral-CoT,1,issue_personal_career
40969,QwenN,EI,1,issue_personal_career
40969,QwenN,EA,1,issue_personal_career
40969,QwenT,Neutral,1,issue_personal_career
40969,QwenT,Neutral-CoT,1,issue_personal_career
40969,QwenT,EI,1,issue_personal_career
40969,QwenT,EA,1,issue_personal_career
40991,GPT_5,Neutral,1,issue_personal_career
40991,GPT_5,Neutral-CoT,1,issue_personal_career
40991,GPT_5,EI,1,issue_personal_career
40991,GPT_5,EA,1,issue_personal_career
40991,GPT_o4,Neutral,2,issue_personal_career
40991,GPT_o4,Neutral-CoT,1,issue_personal_career
40991,GPT_o4,EI,2,issue_personal_career
40991,GPT_o4,EA,2,issue_personal_career
40991,QwenN,Neutral,1,issue_personal_career
40991,QwenN,Neutral-CoT,1,issue_personal_career
40991,QwenN,EI,1,issue_personal_career
40991,QwenN,EA,1,issue_personal_career
40991,QwenT,Neutral,2,issue_personal_career
40991,QwenT,Neutral-CoT,2,issue_personal_career
40991,QwenT,EI,2,issue_personal_career
40991,QwenT,EA,1,issue_personal_career
41001,GPT_5,Neutral,2,comitted_relationship
41001,GPT_5,Neutral-CoT,2,comitted_relationship
41001,GPT_5,EI,2,comitted_relationship
41001,GPT_5,EA,2,comitted_relationship
41001,GPT_o4,Neutral,2,comitted_relationship
41001,GPT_o4,Neutral-CoT,2,comitted_relationship
41001,GPT_o4,EI,2,comitted_relationship
41001,GPT_o4,EA,2,comitted_relationship
41001,QwenN,Neutral,2,comitted_relationship
41001,QwenN,Neutral-CoT,2,comitted_relationship
41001,QwenN,EI,2,comitted_relationship
41001,QwenN,EA,2,comitted_relationship
41001,QwenT,Neutral,2,comitted_relationship
41001,QwenT,Neutral-CoT,2,comitted_relationship
41001,QwenT,EI,2,comitted_relationship
41001,QwenT,EA,2,comitted_relationship
41077,GPT_5,Neutral,1,issue_crime_addiction
41077,GPT_5,Neutral-CoT,1,issue_crime_addiction
41077,GPT_5,EI,1,issue_crime_addiction
41077,GPT_5,EA,1,issue_crime_addiction
41077,GPT_o4,Neutral,1,issue_crime_addiction
41077,GPT_o4,Neutral-CoT,1,issue_crime_addiction
41077,GPT_o4,EI,1,issue_crime_addiction
41077,GPT_o4,EA,1,issue_crime_addiction
41077,QwenN,Neutral,2,issue_crime_addiction
41077,QwenN,Neutral-CoT,2,issue_crime_addiction
41077,QwenN,EI,2,issue_crime_addiction
41077,QwenN,EA,2,issue_crime_addiction
41077,QwenT,Neutral,2,issue_crime_addiction
41077,QwenT,Neutral-CoT,1,issue_crime_addiction
41077,QwenT,EI,2,issue_crime_addiction
41077,QwenT,EA,2,issue_crime_addiction
41103,GPT_5,Neutral,2,school
41103,GPT_5,Neutral-CoT,2,school
41103,GPT_5,EI,2,school
41103,GPT_5,EA,2,school
41103,GPT_o4,Neutral,2,school
41103,GPT_o4,Neutral-CoT,2,school
41103,GPT_o4,EI,2,school
41103,GPT_o4,EA,2,school
41103,QwenN,Neutral,2,school
41103,QwenN,Neutral-CoT,2,school
41103,QwenN,EI,2,school
41103,QwenN,EA,2,school
41103,QwenT,Neutral,2,school
41103,QwenT,Neutral-CoT,2,school
41103,QwenT,EI,1,school
41103,QwenT,EA,2,school
41150,GPT_5,Neutral,2,workplace
41150,GPT_5,Neutral-CoT,2,workplace
41150,GPT_5,EI,2,workplace
41150,GPT_5,EA,2,workplace
41150,GPT_o4,Neutral,2,workplace
41150,GPT_o4,Neutral-CoT,2,workplace
41150,GPT_o4,EI,2,workplace
41150,GPT_o4,EA,2,workplace
41150,QwenN,Neutral,2,workplace
41150,QwenN,Neutral-CoT,2,workplace
41150,QwenN,EI,2,workplace
41150,QwenN,EA,2,workplace
41150,QwenT,Neutral,1,workplace
41150,QwenT,Neutral-CoT,1,workplace
41150,QwenT,EI,2,workplace
41150,QwenT,EA,1,workplace
41152,GPT_5,Neutral,2,issue_personal_career
41152,GPT_5,Neutral-CoT,2,issue_personal_career
41152,GPT_5,EI,2,issue_personal_career
41152,GPT_5,EA,2,issue_personal_career
41152,GPT_o4,Neutral,2,issue_personal_career
41152,GPT_o4,Neutral-CoT,2,issue_personal_career
41152,GPT_o4,EI,2,issue_personal_career
41152,GPT_o4,EA,2,issue_personal_career
41152,QwenN,Neutral,1,issue_personal_career
41152,QwenN,Neutral-CoT,1,issue_personal_career
41152,QwenN,EI,1,issue_personal_career
41152,QwenN,EA,1,issue_personal_career
41152,QwenT,Neutral,2,issue_personal_career
41152,QwenT,Neutral-CoT,2,issue_personal_career
41152,QwenT,EI,2,issue_personal_career
41152,QwenT,EA,2,issue_personal_career
41237,GPT_5,Neutral,1,religion_custom
41237,GPT_5,Neutral-CoT,1,religion_custom
41237,GPT_5,EI,1,religion_custom
41237,GPT_5,EA,1,religion_custom
41237,GPT_o4,Neutral,1,religion_custom
41237,GPT_o4,Neutral-CoT,1,religion_custom
41237,GPT_o4,EI,1,religion_custom
41237,GPT_o4,EA,1,religion_custom
41237,QwenN,Neutral,1,religion_custom
41237,QwenN,Neutral-CoT,1,religion_custom
41237,QwenN,EI,1,religion_custom
41237,QwenN,EA,1,religion_custom
41237,QwenT,Neutral,1,religion_custom
41237,QwenT,Neutral-CoT,1,religion_custom
41237,QwenT,EI,1,religion_custom
41237,QwenT,EA,1,religion_custom
41239,GPT_5,Neutral,1,school
41239,GPT_5,Neutral-CoT,1,school
41239,GPT_5,EI,1,school
41239,GPT_5,EA,1,school
41239,GPT_o4,Neutral,1,school
41239,GPT_o4,Neutral-CoT,1,school
41239,GPT_o4,EI,1,school
41239,GPT_o4,EA,1,school
41239,QwenN,Neutral,1,school
41239,QwenN,Neutral-CoT,1,school
41239,QwenN,EI,1,school
41239,QwenN,EA,1,school
41239,QwenT,Neutral,1,school
41239,QwenT,Neutral-CoT,1,school
41239,QwenT,EI,1,school
41239,QwenT,EA,1,school
41273,GPT_5,Neutral,1,issue_young_people
41273,GPT_5,Neutral-CoT,1,issue_young_people
41273,GPT_5,EI,1,issue_young_people
41273,GPT_5,EA,1,issue_young_people
41273,GPT_o4,Neutral,1,issue_young_people
41273,GPT_o4,Neutral-CoT,1,issue_young_people
41273,GPT_o4,EI,1,issue_young_people
41273,GPT_o4,EA,1,issue_young_people
41273,QwenN,Neutral,1,issue_young_people
41273,QwenN,Neutral-CoT,1,issue_young_people
41273,QwenN,EI,1,issue_young_people
41273,QwenN,EA,1,issue_young_people
41273,QwenT,Neutral,1,issue_young_people
41273,QwenT,Neutral-CoT,1,issue_young_people
41273,QwenT,EI,1,issue_young_people
41273,QwenT,EA,1,issue_young_people
41360,GPT_5,Neutral,2,role_duty_responsibility
41360,GPT_5,Neutral-CoT,2,role_duty_responsibility
41360,GPT_5,EI,2,role_duty_responsibility
41360,GPT_5,EA,2,role_duty_responsibility
41360,GPT_o4,Neutral,2,role_duty_responsibility
41360,GPT_o4,Neutral-CoT,2,role_duty_responsibility
41360,GPT_o4,EI,2,role_duty_responsibility
41360,GPT_o4,EA,2,role_duty_responsibility
41360,QwenN,Neutral,2,role_duty_responsibility
41360,QwenN,Neutral-CoT,2,role_duty_responsibility
41360,QwenN,EI,2,role_duty_responsibility
41360,QwenN,EA,2,role_duty_responsibility
41360,QwenT,Neutral,2,role_duty_responsibility
41360,QwenT,Neutral-CoT,2,role_duty_responsibility
41360,QwenT,EI,2,role_duty_responsibility
41360,QwenT,EA,2,role_duty_responsibility
41368,GPT_5,Neutral,1,family
41368,GPT_5,Neutral-CoT,1,family
41368,GPT_5,EI,1,family
41368,GPT_5,EA,1,family
41368,GPT_o4,Neutral,1,family
41368,GPT_o4,Neutral-CoT,1,family
41368,GPT_o4,EI,1,family
41368,GPT_o4,EA,1,family
41368,QwenN,Neutral,1,family
41368,QwenN,Neutral-CoT,1,family
41368,QwenN,EI,1,family
41368,QwenN,EA,1,family
41368,QwenT,Neutral,1,family
41368,QwenT,Neutral-CoT,1,family
41368,QwenT,EI,1,family
41368,QwenT,EA,1,family
41416,GPT_5,Neutral,1,friend
41416,GPT_5,Neutral-CoT,1,friend
41416,GPT_5,EI,1,friend
41416,GPT_5,EA,1,friend
41416,GPT_o4,Neutral,2,friend
41416,GPT_o4,Neutral-CoT,2,friend
41416,GPT_o4,EI,2,friend
41416,GPT_o4,EA,2,friend
41416,QwenN,Neutral,1,friend
41416,QwenN,Neutral-CoT,1,friend
41416,QwenN,EI,1,friend
41416,QwenN,EA,1,friend
41416,QwenT,Neutral,1,friend
41416,QwenT,Neutral-CoT,1,friend
41416,QwenT,EI,1,friend
41416,QwenT,EA,1,friend
41457,GPT_5,Neutral,2,friend
41457,GPT_5,Neutral-CoT,2,friend
41457,GPT_5,EI,2,friend
41457,GPT_5,EA,2,friend
41457,GPT_o4,Neutral,2,friend
41457,GPT_o4,Neutral-CoT,1,friend
41457,GPT_o4,EI,2,friend
41457,GPT_o4,EA,1,friend
41457,QwenN,Neutral,1,friend
41457,QwenN,Neutral-CoT,2,friend
41457,QwenN,EI,2,friend
41457,QwenN,EA,2,friend
41457,QwenT,Neutral,1,friend
41457,QwenT,Neutral-CoT,1,friend
41457,QwenT,EI,2,friend
41457,QwenT,EA,1,friend
41472,GPT_5,Neutral,1,comitted_relationship
41472,GPT_5,Neutral-CoT,1,comitted_relationship
41472,GPT_5,EI,1,comitted_relationship
41472,GPT_5,EA,1,comitted_relationship
41472,GPT_o4,Neutral,1,comitted_relationship
41472,GPT_o4,Neutral-CoT,1,comitted_relationship
41472,GPT_o4,EI,1,comitted_relationship
41472,GPT_o4,EA,1,comitted_relationship
41472,QwenN,Neutral,1,comitted_relationship
41472,QwenN,Neutral-CoT,1,comitted_relationship
41472,QwenN,EI,1,comitted_relationship
41472,QwenN,EA,1,comitted_relationship
41472,QwenT,Neutral,1,comitted_relationship
41472,QwenT,Neutral-CoT,1,comitted_relationship
41472,QwenT,EI,1,comitted_relationship
41472,QwenT,EA,1,comitted_relationship
41514,GPT_5,Neutral,1,school
41514,GPT_5,Neutral-CoT,1,school
41514,GPT_5,EI,1,school
41514,GPT_5,EA,1,school
41514,GPT_o4,Neutral,1,school
41514,GPT_o4,Neutral-CoT,2,school
41514,GPT_o4,EI,1,school
41514,GPT_o4,EA,1,school
41514,QwenN,Neutral,1,school
41514,QwenN,Neutral-CoT,1,school
41514,QwenN,EI,1,school
41514,QwenN,EA,1,school
41514,QwenT,Neutral,1,school
41514,QwenT,Neutral-CoT,1,school
41514,QwenT,EI,1,school
41514,QwenT,EA,1,school
41581,GPT_5,Neutral,2,issue_pregnancy
41581,GPT_5,Neutral-CoT,2,issue_pregnancy
41581,GPT_5,EI,2,issue_pregnancy
41581,GPT_5,EA,2,issue_pregnancy
41581,GPT_o4,Neutral,2,issue_pregnancy
41581,GPT_o4,Neutral-CoT,2,issue_pregnancy
41581,GPT_o4,EI,2,issue_pregnancy
41581,GPT_o4,EA,2,issue_pregnancy
41581,QwenN,Neutral,2,issue_pregnancy
41581,QwenN,Neutral-CoT,2,issue_pregnancy
41581,QwenN,EI,2,issue_pregnancy
41581,QwenN,EA,2,issue_pregnancy
41581,QwenT,Neutral,2,issue_pregnancy
41581,QwenT,Neutral-CoT,2,issue_pregnancy
41581,QwenT,EI,2,issue_pregnancy
41581,QwenT,EA,2,issue_pregnancy
41590,GPT_5,Neutral,2,issue_pregnancy
41590,GPT_5,Neutral-CoT,2,issue_pregnancy
41590,GPT_5,EI,2,issue_pregnancy
41590,GPT_5,EA,2,issue_pregnancy
41590,GPT_o4,Neutral,2,issue_pregnancy
41590,GPT_o4,Neutral-CoT,2,issue_pregnancy
41590,GPT_o4,EI,2,issue_pregnancy
41590,GPT_o4,EA,2,issue_pregnancy
41590,QwenN,Neutral,2,issue_pregnancy
41590,QwenN,Neutral-CoT,2,issue_pregnancy
41590,QwenN,EI,2,issue_pregnancy
41590,QwenN,EA,2,issue_pregnancy
41590,QwenT,Neutral,1,issue_pregnancy
41590,QwenT,Neutral-CoT,2,issue_pregnancy
41590,QwenT,EI,1,issue_pregnancy
41590,QwenT,EA,1,issue_pregnancy
41607,GPT_5,Neutral,1,close_relationship
41607,GPT_5,Neutral-CoT,1,close_relationship
41607,GPT_5,EI,1,close_relationship
41607,GPT_5,EA,1,close_relationship
41607,GPT_o4,Neutral,1,close_relationship
41607,GPT_o4,Neutral-CoT,1,close_relationship
41607,GPT_o4,EI,1,close_relationship
41607,GPT_o4,EA,1,close_relationship
41607,QwenN,Neutral,1,close_relationship
41607,QwenN,Neutral-CoT,1,close_relationship
41607,QwenN,EI,1,close_relationship
41607,QwenN,EA,1,close_relationship
41607,QwenT,Neutral,2,close_relationship
41607,QwenT,Neutral-CoT,1,close_relationship
41607,QwenT,EI,1,close_relationship
41607,QwenT,EA,1,close_relationship
41636,GPT_5,Neutral,1,school
41636,GPT_5,Neutral-CoT,1,school
41636,GPT_5,EI,1,school
41636,GPT_5,EA,1,school
41636,GPT_o4,Neutral,1,school
41636,GPT_o4,Neutral-CoT,1,school
41636,GPT_o4,EI,1,school
41636,GPT_o4,EA,1,school
41636,QwenN,Neutral,1,school
41636,QwenN,Neutral-CoT,1,school
41636,QwenN,EI,1,school
41636,QwenN,EA,1,school
41636,QwenT,Neutral,1,school
41636,QwenT,Neutral-CoT,1,school
41636,QwenT,EI,1,school
41636,QwenT,EA,1,school
41704,GPT_5,Neutral,1,issue_pregnancy
41704,GPT_5,Neutral-CoT,1,issue_pregnancy
41704,GPT_5,EI,1,issue_pregnancy
41704,GPT_5,EA,1,issue_pregnancy
41704,GPT_o4,Neutral,1,issue_pregnancy
41704,GPT_o4,Neutral-CoT,1,issue_pregnancy
41704,GPT_o4,EI,1,issue_pregnancy
41704,GPT_o4,EA,1,issue_pregnancy
41704,QwenN,Neutral,1,issue_pregnancy
41704,QwenN,Neutral-CoT,1,issue_pregnancy
41704,QwenN,EI,1,issue_pregnancy
41704,QwenN,EA,1,issue_pregnancy
41704,QwenT,Neutral,1,issue_pregnancy
41704,QwenT,Neutral-CoT,1,issue_pregnancy
41704,QwenT,EI,1,issue_pregnancy
41704,QwenT,EA,1,issue_pregnancy
41829,GPT_5,Neutral,1,religion_custom
41829,GPT_5,Neutral-CoT,1,religion_custom
41829,GPT_5,EI,1,religion_custom
41829,GPT_5,EA,1,religion_custom
41829,GPT_o4,Neutral,1,religion_custom
41829,GPT_o4,Neutral-CoT,1,religion_custom
41829,GPT_o4,EI,1,religion_custom
41829,GPT_o4,EA,1,religion_custom
41829,QwenN,Neutral,1,religion_custom
41829,QwenN,Neutral-CoT,1,religion_custom
41829,QwenN,EI,1,religion_custom
41829,QwenN,EA,1,religion_custom
41829,QwenT,Neutral,1,religion_custom
41829,QwenT,Neutral-CoT,1,religion_custom
41829,QwenT,EI,1,religion_custom
41829,QwenT,EA,1,religion_custom
41836,GPT_5,Neutral,1,issue_crime_addiction
41836,GPT_5,Neutral-CoT,1,issue_crime_addiction
41836,GPT_5,EI,1,issue_crime_addiction
41836,GPT_5,EA,1,issue_crime_addiction
41836,GPT_o4,Neutral,1,issue_crime_addiction
41836,GPT_o4,Neutral-CoT,1,issue_crime_addiction
41836,GPT_o4,EI,1,issue_crime_addiction
41836,GPT_o4,EA,1,issue_crime_addiction
41836,QwenN,Neutral,1,issue_crime_addiction
41836,QwenN,Neutral-CoT,1,issue_crime_addiction
41836,QwenN,EI,1,issue_crime_addiction
41836,QwenN,EA,1,issue_crime_addiction
41836,QwenT,Neutral,1,issue_crime_addiction
41836,QwenT,Neutral-CoT,1,issue_crime_addiction
41836,QwenT,EI,1,issue_crime_addiction
41836,QwenT,EA,1,issue_crime_addiction
41906,GPT_5,Neutral,2,close_relationship
41906,GPT_5,Neutral-CoT,2,close_relationship
41906,GPT_5,EI,2,close_relationship
41906,GPT_5,EA,2,close_relationship
41906,GPT_o4,Neutral,2,close_relationship
41906,GPT_o4,Neutral-CoT,2,close_relationship
41906,GPT_o4,EI,2,close_relationship
41906,GPT_o4,EA,2,close_relationship
41906,QwenN,Neutral,2,close_relationship
41906,QwenN,Neutral-CoT,2,close_relationship
41906,QwenN,EI,2,close_relationship
41906,QwenN,EA,2,close_relationship
41906,QwenT,Neutral,2,close_relationship
41906,QwenT,Neutral-CoT,2,close_relationship
41906,QwenT,EI,2,close_relationship
41906,QwenT,EA,2,close_relationship
41973,GPT_5,Neutral,2,religion_custom
41973,GPT_5,Neutral-CoT,2,religion_custom
41973,GPT_5,EI,2,religion_custom
41973,GPT_5,EA,2,religion_custom
41973,GPT_o4,Neutral,2,religion_custom
41973,GPT_o4,Neutral-CoT,2,religion_custom
41973,GPT_o4,EI,2,religion_custom
41973,GPT_o4,EA,2,religion_custom
41973,QwenN,Neutral,2,religion_custom
41973,QwenN,Neutral-CoT,2,religion_custom
41973,QwenN,EI,2,religion_custom
41973,QwenN,EA,2,religion_custom
41973,QwenT,Neutral,2,religion_custom
41973,QwenT,Neutral-CoT,2,religion_custom
41973,QwenT,EI,2,religion_custom
41973,QwenT,EA,2,religion_custom
42006,GPT_5,Neutral,2,friend
42006,GPT_5,Neutral-CoT,2,friend
42006,GPT_5,EI,2,friend
42006,GPT_5,EA,2,friend
42006,GPT_o4,Neutral,2,friend
42006,GPT_o4,Neutral-CoT,2,friend
42006,GPT_o4,EI,2,friend
42006,GPT_o4,EA,2,friend
42006,QwenN,Neutral,2,friend
42006,QwenN,Neutral-CoT,2,friend
42006,QwenN,EI,2,friend
42006,QwenN,EA,2,friend
42006,QwenT,Neutral,2,friend
42006,QwenT,Neutral-CoT,2,friend
42006,QwenT,EI,2,friend
42006,QwenT,EA,2,friend
42040,GPT_5,Neutral,1,workplace
42040,GPT_5,Neutral-CoT,1,workplace
42040,GPT_5,EI,1,workplace
42040,GPT_5,EA,1,workplace
42040,GPT_o4,Neutral,1,workplace
42040,GPT_o4,Neutral-CoT,1,workplace
42040,GPT_o4,EI,1,workplace
42040,GPT_o4,EA,1,workplace
42040,QwenN,Neutral,1,workplace
42040,QwenN,Neutral-CoT,1,workplace
42040,QwenN,EI,1,workplace
42040,QwenN,EA,1,workplace
42040,QwenT,Neutral,1,workplace
42040,QwenT,Neutral-CoT,1,workplace
42040,QwenT,EI,1,workplace
42040,QwenT,EA,1,workplace
42067,GPT_5,Neutral,1,issue_wildlife_human_environment
42067,GPT_5,Neutral-CoT,1,issue_wildlife_human_environment
42067,GPT_5,EI,1,issue_wildlife_human_environment
42067,GPT_5,EA,1,issue_wildlife_human_environment
42067,GPT_o4,Neutral,1,issue_wildlife_human_environment
42067,GPT_o4,Neutral-CoT,1,issue_wildlife_human_environment
42067,GPT_o4,EI,1,issue_wildlife_human_environment
42067,GPT_o4,EA,1,issue_wildlife_human_environment
42067,QwenN,Neutral,1,issue_wildlife_human_environment
42067,QwenN,Neutral-CoT,1,issue_wildlife_human_environment
42067,QwenN,EI,1,issue_wildlife_human_environment
42067,QwenN,EA,1,issue_wildlife_human_environment
42067,QwenT,Neutral,1,issue_wildlife_human_environment
42067,QwenT,Neutral-CoT,1,issue_wildlife_human_environment
42067,QwenT,EI,1,issue_wildlife_human_environment
42067,QwenT,EA,1,issue_wildlife_human_environment
42086,GPT_5,Neutral,2,family
42086,GPT_5,Neutral-CoT,2,family
42086,GPT_5,EI,1,family
42086,GPT_5,EA,2,family
42086,GPT_o4,Neutral,2,family
42086,GPT_o4,Neutral-CoT,2,family
42086,GPT_o4,EI,2,family
42086,GPT_o4,EA,2,family
42086,QwenN,Neutral,1,family
42086,QwenN,Neutral-CoT,1,family
42086,QwenN,EI,1,family
42086,QwenN,EA,1,family
42086,QwenT,Neutral,1,family
42086,QwenT,Neutral-CoT,1,family
42086,QwenT,EI,1,family
42086,QwenT,EA,2,family
42112,GPT_5,Neutral,2,role_duty_responsibility
42112,GPT_5,Neutral-CoT,2,role_duty_responsibility
42112,GPT_5,EI,2,role_duty_responsibility
42112,GPT_5,EA,2,role_duty_responsibility
42112,GPT_o4,Neutral,2,role_duty_responsibility
42112,GPT_o4,Neutral-CoT,2,role_duty_responsibility
42112,GPT_o4,EI,2,role_duty_responsibility
42112,GPT_o4,EA,2,role_duty_responsibility
42112,QwenN,Neutral,2,role_duty_responsibility
42112,QwenN,Neutral-CoT,2,role_duty_responsibility
42112,QwenN,EI,1,role_duty_responsibility
42112,QwenN,EA,2,role_duty_responsibility
42112,QwenT,Neutral,1,role_duty_responsibility
42112,QwenT,Neutral-CoT,1,role_duty_responsibility
42112,QwenT,EI,2,role_duty_responsibility
42112,QwenT,EA,2,role_duty_responsibility
42166,GPT_5,Neutral,2,workplace
42166,GPT_5,Neutral-CoT,2,workplace
42166,GPT_5,EI,2,workplace
42166,GPT_5,EA,2,workplace
42166,GPT_o4,Neutral,2,workplace
42166,GPT_o4,Neutral-CoT,2,workplace
42166,GPT_o4,EI,2,workplace
42166,GPT_o4,EA,2,workplace
42166,QwenN,Neutral,2,workplace
42166,QwenN,Neutral-CoT,2,workplace
42166,QwenN,EI,2,workplace
42166,QwenN,EA,2,workplace
42166,QwenT,Neutral,2,workplace
42166,QwenT,Neutral-CoT,2,workplace
42166,QwenT,EI,2,workplace
42166,QwenT,EA,2,workplace
42174,GPT_5,Neutral,2,issue_wildlife_human_environment
42174,GPT_5,Neutral-CoT,2,issue_wildlife_human_environment
42174,GPT_5,EI,2,issue_wildlife_human_environment
42174,GPT_5,EA,2,issue_wildlife_human_environment
42174,GPT_o4,Neutral,2,issue_wildlife_human_environment
42174,GPT_o4,Neutral-CoT,2,issue_wildlife_human_environment
42174,GPT_o4,EI,2,issue_wildlife_human_environment
42174,GPT_o4,EA,2,issue_wildlife_human_environment
42174,QwenN,Neutral,2,issue_wildlife_human_environment
42174,QwenN,Neutral-CoT,2,issue_wildlife_human_environment
42174,QwenN,EI,2,issue_wildlife_human_environment
42174,QwenN,EA,2,issue_wildlife_human_environment
42174,QwenT,Neutral,1,issue_wildlife_human_environment
42174,QwenT,Neutral-CoT,2,issue_wildlife_human_environment
42174,QwenT,EI,1,issue_wildlife_human_environment
42174,QwenT,EA,1,issue_wildlife_human_environment
42185,GPT_5,Neutral,2,issue_crime_addiction
42185,GPT_5,Neutral-CoT,2,issue_crime_addiction
42185,GPT_5,EI,2,issue_crime_addiction
42185,GPT_5,EA,2,issue_crime_addiction
42185,GPT_o4,Neutral,2,issue_crime_addiction
42185,GPT_o4,Neutral-CoT,2,issue_crime_addiction
42185,GPT_o4,EI,2,issue_crime_addiction
42185,GPT_o4,EA,2,issue_crime_addiction
42185,QwenN,Neutral,2,issue_crime_addiction
42185,QwenN,Neutral-CoT,2,issue_crime_addiction
42185,QwenN,EI,2,issue_crime_addiction
42185,QwenN,EA,2,issue_crime_addiction
42185,QwenT,Neutral,2,issue_crime_addiction
42185,QwenT,Neutral-CoT,2,issue_crime_addiction
42185,QwenT,EI,2,issue_crime_addiction
42185,QwenT,EA,2,issue_crime_addiction
42228,GPT_5,Neutral,2,business_organization
42228,GPT_5,Neutral-CoT,2,business_organization
42228,GPT_5,EI,2,business_organization
42228,GPT_5,EA,2,business_organization
42228,GPT_o4,Neutral,2,business_organization
42228,GPT_o4,Neutral-CoT,2,business_organization
42228,GPT_o4,EI,2,business_organization
42228,GPT_o4,EA,2,business_organization
42228,QwenN,Neutral,2,business_organization
42228,QwenN,Neutral-CoT,2,business_organization
42228,QwenN,EI,2,business_organization
42228,QwenN,EA,2,business_organization
42228,QwenT,Neutral,2,business_organization
42228,QwenT,Neutral-CoT,2,business_organization
42228,QwenT,EI,2,business_organization
42228,QwenT,EA,2,business_organization
42330,GPT_5,Neutral,1,religion_custom
42330,GPT_5,Neutral-CoT,1,religion_custom
42330,GPT_5,EI,1,religion_custom
42330,GPT_5,EA,1,religion_custom
42330,GPT_o4,Neutral,1,religion_custom
42330,GPT_o4,Neutral-CoT,1,religion_custom
42330,GPT_o4,EI,1,religion_custom
42330,GPT_o4,EA,1,religion_custom
42330,QwenN,Neutral,1,religion_custom
42330,QwenN,Neutral-CoT,1,religion_custom
42330,QwenN,EI,1,religion_custom
42330,QwenN,EA,1,religion_custom
42330,QwenT,Neutral,1,religion_custom
42330,QwenT,Neutral-CoT,1,religion_custom
42330,QwenT,EI,1,religion_custom
42330,QwenT,EA,1,religion_custom
42335,GPT_5,Neutral,2,event_daily_life
42335,GPT_5,Neutral-CoT,2,event_daily_life
42335,GPT_5,EI,2,event_daily_life
42335,GPT_5,EA,2,event_daily_life
42335,GPT_o4,Neutral,2,event_daily_life
42335,GPT_o4,Neutral-CoT,2,event_daily_life
42335,GPT_o4,EI,2,event_daily_life
42335,GPT_o4,EA,2,event_daily_life
42335,QwenN,Neutral,1,event_daily_life
42335,QwenN,Neutral-CoT,2,event_daily_life
42335,QwenN,EI,1,event_daily_life
42335,QwenN,EA,2,event_daily_life
42335,QwenT,Neutral,2,event_daily_life
42335,QwenT,Neutral-CoT,2,event_daily_life
42335,QwenT,EI,2,event_daily_life
42335,QwenT,EA,2,event_daily_life
42344,GPT_5,Neutral,2,event_daily_life
42344,GPT_5,Neutral-CoT,2,event_daily_life
42344,GPT_5,EI,2,event_daily_life
42344,GPT_5,EA,2,event_daily_life
42344,GPT_o4,Neutral,2,event_daily_life
42344,GPT_o4,Neutral-CoT,2,event_daily_life
42344,GPT_o4,EI,2,event_daily_life
42344,GPT_o4,EA,1,event_daily_life
42344,QwenN,Neutral,2,event_daily_life
42344,QwenN,Neutral-CoT,2,event_daily_life
42344,QwenN,EI,2,event_daily_life
42344,QwenN,EA,2,event_daily_life
42344,QwenT,Neutral,2,event_daily_life
42344,QwenT,Neutral-CoT,1,event_daily_life
42344,QwenT,EI,2,event_daily_life
42344,QwenT,EA,2,event_daily_life
42391,GPT_5,Neutral,2,issue_crime_addiction
42391,GPT_5,Neutral-CoT,2,issue_crime_addiction
42391,GPT_5,EI,1,issue_crime_addiction
42391,GPT_5,EA,2,issue_crime_addiction
42391,GPT_o4,Neutral,1,issue_crime_addiction
42391,GPT_o4,Neutral-CoT,1,issue_crime_addiction
42391,GPT_o4,EI,1,issue_crime_addiction
42391,GPT_o4,EA,2,issue_crime_addiction
42391,QwenN,Neutral,2,issue_crime_addiction
42391,QwenN,Neutral-CoT,2,issue_crime_addiction
42391,QwenN,EI,2,issue_crime_addiction
42391,QwenN,EA,2,issue_crime_addiction
42391,QwenT,Neutral,2,issue_crime_addiction
42391,QwenT,Neutral-CoT,2,issue_crime_addiction
42391,QwenT,EI,2,issue_crime_addiction
42391,QwenT,EA,2,issue_crime_addiction
42428,GPT_5,Neutral,2,issue_pregnancy
42428,GPT_5,Neutral-CoT,2,issue_pregnancy
42428,GPT_5,EI,1,issue_pregnancy
42428,GPT_5,EA,2,issue_pregnancy
42428,GPT_o4,Neutral,1,issue_pregnancy
42428,GPT_o4,Neutral-CoT,1,issue_pregnancy
42428,GPT_o4,EI,1,issue_pregnancy
42428,GPT_o4,EA,1,issue_pregnancy
42428,QwenN,Neutral,1,issue_pregnancy
42428,QwenN,Neutral-CoT,1,issue_pregnancy
42428,QwenN,EI,1,issue_pregnancy
42428,QwenN,EA,1,issue_pregnancy
42428,QwenT,Neutral,1,issue_pregnancy
42428,QwenT,Neutral-CoT,1,issue_pregnancy
42428,QwenT,EI,1,issue_pregnancy
42428,QwenT,EA,1,issue_pregnancy
42468,GPT_5,Neutral,2,religion_custom
42468,GPT_5,Neutral-CoT,2,religion_custom
42468,GPT_5,EI,2,religion_custom
42468,GPT_5,EA,2,religion_custom
42468,GPT_o4,Neutral,2,religion_custom
42468,GPT_o4,Neutral-CoT,2,religion_custom
42468,GPT_o4,EI,2,religion_custom
42468,GPT_o4,EA,2,religion_custom
42468,QwenN,Neutral,1,religion_custom
42468,QwenN,Neutral-CoT,1,religion_custom
42468,QwenN,EI,2,religion_custom
42468,QwenN,EA,2,religion_custom
42468,QwenT,Neutral,2,religion_custom
42468,QwenT,Neutral-CoT,2,religion_custom
42468,QwenT,EI,2,religion_custom
42468,QwenT,EA,2,religion_custom
42520,GPT_5,Neutral,2,event_special
42520,GPT_5,Neutral-CoT,2,event_special
42520,GPT_5,EI,1,event_special
42520,GPT_5,EA,2,event_special
42520,GPT_o4,Neutral,2,event_special
42520,GPT_o4,Neutral-CoT,2,event_special
42520,GPT_o4,EI,2,event_special
42520,GPT_o4,EA,2,event_special
42520,QwenN,Neutral,1,event_special
42520,QwenN,Neutral-CoT,1,event_special
42520,QwenN,EI,1,event_special
42520,QwenN,EA,1,event_special
42520,QwenT,Neutral,2,event_special
42520,QwenT,Neutral-CoT,2,event_special
42520,QwenT,EI,2,event_special
42520,QwenT,EA,2,event_special
42521,GPT_5,Neutral,1,family
42521,GPT_5,Neutral-CoT,1,family
42521,GPT_5,EI,1,family
42521,GPT_5,EA,1,family
42521,GPT_o4,Neutral,1,family
42521,GPT_o4,Neutral-CoT,1,family
42521,GPT_o4,EI,1,family
42521,GPT_o4,EA,1,family
42521,QwenN,Neutral,1,family
42521,QwenN,Neutral-CoT,1,family
42521,QwenN,EI,1,family
42521,QwenN,EA,1,family
42521,QwenT,Neutral,1,family
42521,QwenT,Neutral-CoT,1,family
42521,QwenT,EI,1,family
42521,QwenT,EA,1,family
42568,GPT_5,Neutral,1,business_organization
42568,GPT_5,Neutral-CoT,1,business_organization
42568,GPT_5,EI,1,business_organization
42568,GPT_5,EA,1,business_organization
42568,GPT_o4,Neutral,1,business_organization
42568,GPT_o4,Neutral-CoT,1,business_organization
42568,GPT_o4,EI,1,business_organization
42568,GPT_o4,EA,1,business_organization
42568,QwenN,Neutral,2,business_organization
42568,QwenN,Neutral-CoT,1,business_organization
42568,QwenN,EI,1,business_organization
42568,QwenN,EA,1,business_organization
42568,QwenT,Neutral,1,business_organization
42568,QwenT,Neutral-CoT,1,business_organization
42568,QwenT,EI,2,business_organization
42568,QwenT,EA,1,business_organization
42572,GPT_5,Neutral,2,workplace
42572,GPT_5,Neutral-CoT,2,workplace
42572,GPT_5,EI,2,workplace
42572,GPT_5,EA,2,workplace
42572,GPT_o4,Neutral,2,workplace
42572,GPT_o4,Neutral-CoT,2,workplace
42572,GPT_o4,EI,2,workplace
42572,GPT_o4,EA,2,workplace
42572,QwenN,Neutral,2,workplace
42572,QwenN,Neutral-CoT,2,workplace
42572,QwenN,EI,2,workplace
42572,QwenN,EA,2,workplace
42572,QwenT,Neutral,2,workplace
42572,QwenT,Neutral-CoT,2,workplace
42572,QwenT,EI,2,workplace
42572,QwenT,EA,2,workplace
42585,GPT_5,Neutral,1,comitted_relationship
42585,GPT_5,Neutral-CoT,1,comitted_relationship
42585,GPT_5,EI,1,comitted_relationship
42585,GPT_5,EA,1,comitted_relationship
42585,GPT_o4,Neutral,1,comitted_relationship
42585,GPT_o4,Neutral-CoT,1,comitted_relationship
42585,GPT_o4,EI,1,comitted_relationship
42585,GPT_o4,EA,1,comitted_relationship
42585,QwenN,Neutral,1,comitted_relationship
42585,QwenN,Neutral-CoT,1,comitted_relationship
42585,QwenN,EI,1,comitted_relationship
42585,QwenN,EA,1,comitted_relationship
42585,QwenT,Neutral,1,comitted_relationship
42585,QwenT,Neutral-CoT,1,comitted_relationship
42585,QwenT,EI,1,comitted_relationship
42585,QwenT,EA,1,comitted_relationship
42609,GPT_5,Neutral,2,issue_self_image_social
42609,GPT_5,Neutral-CoT,2,issue_self_image_social
42609,GPT_5,EI,2,issue_self_image_social
42609,GPT_5,EA,2,issue_self_image_social
42609,GPT_o4,Neutral,2,issue_self_image_social
42609,GPT_o4,Neutral-CoT,2,issue_self_image_social
42609,GPT_o4,EI,2,issue_self_image_social
42609,GPT_o4,EA,2,issue_self_image_social
42609,QwenN,Neutral,2,issue_self_image_social
42609,QwenN,Neutral-CoT,2,issue_self_image_social
42609,QwenN,EI,2,issue_self_image_social
42609,QwenN,EA,2,issue_self_image_social
42609,QwenT,Neutral,2,issue_self_image_social
42609,QwenT,Neutral-CoT,2,issue_self_image_social
42609,QwenT,EI,2,issue_self_image_social
42609,QwenT,EA,2,issue_self_image_social
42690,GPT_5,Neutral,2,religion_custom
42690,GPT_5,Neutral-CoT,2,religion_custom
42690,GPT_5,EI,2,religion_custom
42690,GPT_5,EA,2,religion_custom
42690,GPT_o4,Neutral,2,religion_custom
42690,GPT_o4,Neutral-CoT,2,religion_custom
42690,GPT_o4,EI,2,religion_custom
42690,GPT_o4,EA,2,religion_custom
42690,QwenN,Neutral,2,religion_custom
42690,QwenN,Neutral-CoT,2,religion_custom
42690,QwenN,EI,2,religion_custom
42690,QwenN,EA,2,religion_custom
42690,QwenT,Neutral,2,religion_custom
42690,QwenT,Neutral-CoT,2,religion_custom
42690,QwenT,EI,2,religion_custom
42690,QwenT,EA,2,religion_custom
42714,GPT_5,Neutral,1,role_duty_responsibility
42714,GPT_5,Neutral-CoT,2,role_duty_responsibility
42714,GPT_5,EI,2,role_duty_responsibility
42714,GPT_5,EA,2,role_duty_responsibility
42714,GPT_o4,Neutral,2,role_duty_responsibility
42714,GPT_o4,Neutral-CoT,2,role_duty_responsibility
42714,GPT_o4,EI,2,role_duty_responsibility
42714,GPT_o4,EA,2,role_duty_responsibility
42714,QwenN,Neutral,1,role_duty_responsibility
42714,QwenN,Neutral-CoT,2,role_duty_responsibility
42714,QwenN,EI,2,role_duty_responsibility
42714,QwenN,EA,2,role_duty_responsibility
42714,QwenT,Neutral,2,role_duty_responsibility
42714,QwenT,Neutral-CoT,2,role_duty_responsibility
42714,QwenT,EI,2,role_duty_responsibility
42714,QwenT,EA,2,role_duty_responsibility
42742,GPT_5,Neutral,2,family
42742,GPT_5,Neutral-CoT,1,family
42742,GPT_5,EI,1,family
42742,GPT_5,EA,1,family
42742,GPT_o4,Neutral,2,family
42742,GPT_o4,Neutral-CoT,2,family
42742,GPT_o4,EI,1,family
42742,GPT_o4,EA,2,family
42742,QwenN,Neutral,1,family
42742,QwenN,Neutral-CoT,1,family
42742,QwenN,EI,1,family
42742,QwenN,EA,1,family
42742,QwenT,Neutral,1,family
42742,QwenT,Neutral-CoT,1,family
42742,QwenT,EI,1,family
42742,QwenT,EA,1,family
42860,GPT_5,Neutral,2,school
42860,GPT_5,Neutral-CoT,2,school
42860,GPT_5,EI,2,school
42860,GPT_5,EA,2,school
42860,GPT_o4,Neutral,2,school
42860,GPT_o4,Neutral-CoT,2,school
42860,GPT_o4,EI,2,school
42860,GPT_o4,EA,2,school
42860,QwenN,Neutral,2,school
42860,QwenN,Neutral-CoT,2,school
42860,QwenN,EI,2,school
42860,QwenN,EA,2,school
42860,QwenT,Neutral,2,school
42860,QwenT,Neutral-CoT,2,school
42860,QwenT,EI,1,school
42860,QwenT,EA,2,school
42886,GPT_5,Neutral,2,event_daily_life
42886,GPT_5,Neutral-CoT,2,event_daily_life
42886,GPT_5,EI,2,event_daily_life
42886,GPT_5,EA,2,event_daily_life
42886,GPT_o4,Neutral,2,event_daily_life
42886,GPT_o4,Neutral-CoT,2,event_daily_life
42886,GPT_o4,EI,1,event_daily_life
42886,GPT_o4,EA,2,event_daily_life
42886,QwenN,Neutral,2,event_daily_life
42886,QwenN,Neutral-CoT,2,event_daily_life
42886,QwenN,EI,2,event_daily_life
42886,QwenN,EA,2,event_daily_life
42886,QwenT,Neutral,2,event_daily_life
42886,QwenT,Neutral-CoT,2,event_daily_life
42886,QwenT,EI,1,event_daily_life
42886,QwenT,EA,2,event_daily_life
42922,GPT_5,Neutral,1,religion_custom
42922,GPT_5,Neutral-CoT,1,religion_custom
42922,GPT_5,EI,1,religion_custom
42922,GPT_5,EA,1,religion_custom
42922,GPT_o4,Neutral,1,religion_custom
42922,GPT_o4,Neutral-CoT,1,religion_custom
42922,GPT_o4,EI,2,religion_custom
42922,GPT_o4,EA,1,religion_custom
42922,QwenN,Neutral,2,religion_custom
42922,QwenN,Neutral-CoT,2,religion_custom
42922,QwenN,EI,2,religion_custom
42922,QwenN,EA,2,religion_custom
42922,QwenT,Neutral,1,religion_custom
42922,QwenT,Neutral-CoT,1,religion_custom
42922,QwenT,EI,1,religion_custom
42922,QwenT,EA,1,religion_custom
43042,GPT_5,Neutral,2,issue_young_people
43042,GPT_5,Neutral-CoT,2,issue_young_people
43042,GPT_5,EI,2,issue_young_people
43042,GPT_5,EA,2,issue_young_people
43042,GPT_o4,Neutral,1,issue_young_people
43042,GPT_o4,Neutral-CoT,2,issue_young_people
43042,GPT_o4,EI,1,issue_young_people
43042,GPT_o4,EA,2,issue_young_people
43042,QwenN,Neutral,1,issue_young_people
43042,QwenN,Neutral-CoT,1,issue_young_people
43042,QwenN,EI,1,issue_young_people
43042,QwenN,EA,1,issue_young_people
43042,QwenT,Neutral,2,issue_young_people
43042,QwenT,Neutral-CoT,2,issue_young_people
43042,QwenT,EI,2,issue_young_people
43042,QwenT,EA,2,issue_young_people
43070,GPT_5,Neutral,2,event_daily_life
43070,GPT_5,Neutral-CoT,2,event_daily_life
43070,GPT_5,EI,2,event_daily_life
43070,GPT_5,EA,2,event_daily_life
43070,GPT_o4,Neutral,2,event_daily_life
43070,GPT_o4,Neutral-CoT,2,event_daily_life
43070,GPT_o4,EI,2,event_daily_life
43070,GPT_o4,EA,2,event_daily_life
43070,QwenN,Neutral,2,event_daily_life
43070,QwenN,Neutral-CoT,2,event_daily_life
43070,QwenN,EI,2,event_daily_life
43070,QwenN,EA,2,event_daily_life
43070,QwenT,Neutral,2,event_daily_life
43070,QwenT,Neutral-CoT,2,event_daily_life
43070,QwenT,EI,2,event_daily_life
43070,QwenT,EA,2,event_daily_life
43113,GPT_5,Neutral,2,close_relationship
43113,GPT_5,Neutral-CoT,2,close_relationship
43113,GPT_5,EI,2,close_relationship
43113,GPT_5,EA,2,close_relationship
43113,GPT_o4,Neutral,2,close_relationship
43113,GPT_o4,Neutral-CoT,1,close_relationship
43113,GPT_o4,EI,2,close_relationship
43113,GPT_o4,EA,2,close_relationship
43113,QwenN,Neutral,1,close_relationship
43113,QwenN,Neutral-CoT,1,close_relationship
43113,QwenN,EI,2,close_relationship
43113,QwenN,EA,2,close_relationship
43113,QwenT,Neutral,1,close_relationship
43113,QwenT,Neutral-CoT,1,close_relationship
43113,QwenT,EI,1,close_relationship
43113,QwenT,EA,1,close_relationship
43164,GPT_5,Neutral,2,event_special
43164,GPT_5,Neutral-CoT,2,event_special
43164,GPT_5,EI,2,event_special
43164,GPT_5,EA,2,event_special
43164,GPT_o4,Neutral,2,event_special
43164,GPT_o4,Neutral-CoT,2,event_special
43164,GPT_o4,EI,2,event_special
43164,GPT_o4,EA,2,event_special
43164,QwenN,Neutral,2,event_special
43164,QwenN,Neutral-CoT,2,event_special
43164,QwenN,EI,2,event_special
43164,QwenN,EA,2,event_special
43164,QwenT,Neutral,2,event_special
43164,QwenT,Neutral-CoT,2,event_special
43164,QwenT,EI,2,event_special
43164,QwenT,EA,2,event_special
43191,GPT_5,Neutral,1,school
43191,GPT_5,Neutral-CoT,1,school
43191,GPT_5,EI,1,school
43191,GPT_5,EA,1,school
43191,GPT_o4,Neutral,1,school
43191,GPT_o4,Neutral-CoT,1,school
43191,GPT_o4,EI,1,school
43191,GPT_o4,EA,1,school
43191,QwenN,Neutral,1,school
43191,QwenN,Neutral-CoT,1,school
43191,QwenN,EI,1,school
43191,QwenN,EA,1,school
43191,QwenT,Neutral,1,school
43191,QwenT,Neutral-CoT,1,school
43191,QwenT,EI,1,school
43191,QwenT,EA,1,school
43285,GPT_5,Neutral,2,event_daily_life
43285,GPT_5,Neutral-CoT,2,event_daily_life
43285,GPT_5,EI,1,event_daily_life
43285,GPT_5,EA,2,event_daily_life
43285,GPT_o4,Neutral,2,event_daily_life
43285,GPT_o4,Neutral-CoT,1,event_daily_life
43285,GPT_o4,EI,1,event_daily_life
43285,GPT_o4,EA,2,event_daily_life
43285,QwenN,Neutral,1,event_daily_life
43285,QwenN,Neutral-CoT,1,event_daily_life
43285,QwenN,EI,1,event_daily_life
43285,QwenN,EA,2,event_daily_life
43285,QwenT,Neutral,2,event_daily_life
43285,QwenT,Neutral-CoT,1,event_daily_life
43285,QwenT,EI,1,event_daily_life
43285,QwenT,EA,1,event_daily_life
43295,GPT_5,Neutral,2,family
43295,GPT_5,Neutral-CoT,2,family
43295,GPT_5,EI,2,family
43295,GPT_5,EA,2,family
43295,GPT_o4,Neutral,2,family
43295,GPT_o4,Neutral-CoT,2,family
43295,GPT_o4,EI,2,family
43295,GPT_o4,EA,2,family
43295,QwenN,Neutral,2,family
43295,QwenN,Neutral-CoT,2,family
43295,QwenN,EI,2,family
43295,QwenN,EA,2,family
43295,QwenT,Neutral,2,family
43295,QwenT,Neutral-CoT,2,family
43295,QwenT,EI,2,family
43295,QwenT,EA,2,family
43350,GPT_5,Neutral,2,school
43350,GPT_5,Neutral-CoT,2,school
43350,GPT_5,EI,2,school
43350,GPT_5,EA,2,school
43350,GPT_o4,Neutral,2,school
43350,GPT_o4,Neutral-CoT,2,school
43350,GPT_o4,EI,2,school
43350,GPT_o4,EA,2,school
43350,QwenN,Neutral,2,school
43350,QwenN,Neutral-CoT,2,school
43350,QwenN,EI,2,school
43350,QwenN,EA,2,school
43350,QwenT,Neutral,2,school
43350,QwenT,Neutral-CoT,2,school
43350,QwenT,EI,2,school
43350,QwenT,EA,2,school
43486,GPT_5,Neutral,1,issue_self_image_social
43486,GPT_5,Neutral-CoT,1,issue_self_image_social
43486,GPT_5,EI,1,issue_self_image_social
43486,GPT_5,EA,1,issue_self_image_social
43486,GPT_o4,Neutral,1,issue_self_image_social
43486,GPT_o4,Neutral-CoT,1,issue_self_image_social
43486,GPT_o4,EI,1,issue_self_image_social
43486,GPT_o4,EA,1,issue_self_image_social
43486,QwenN,Neutral,1,issue_self_image_social
43486,QwenN,Neutral-CoT,1,issue_self_image_social
43486,QwenN,EI,1,issue_self_image_social
43486,QwenN,EA,1,issue_self_image_social
43486,QwenT,Neutral,1,issue_self_image_social
43486,QwenT,Neutral-CoT,1,issue_self_image_social
43486,QwenT,EI,2,issue_self_image_social
43486,QwenT,EA,1,issue_self_image_social
43526,GPT_5,Neutral,2,issue_pregnancy
43526,GPT_5,Neutral-CoT,2,issue_pregnancy
43526,GPT_5,EI,2,issue_pregnancy
43526,GPT_5,EA,2,issue_pregnancy
43526,GPT_o4,Neutral,2,issue_pregnancy
43526,GPT_o4,Neutral-CoT,2,issue_pregnancy
43526,GPT_o4,EI,2,issue_pregnancy
43526,GPT_o4,EA,2,issue_pregnancy
43526,QwenN,Neutral,2,issue_pregnancy
43526,QwenN,Neutral-CoT,2,issue_pregnancy
43526,QwenN,EI,2,issue_pregnancy
43526,QwenN,EA,2,issue_pregnancy
43526,QwenT,Neutral,2,issue_pregnancy
43526,QwenT,Neutral-CoT,2,issue_pregnancy
43526,QwenT,EI,2,issue_pregnancy
43526,QwenT,EA,2,issue_pregnancy
43621,GPT_5,Neutral,2,event_special
43621,GPT_5,Neutral-CoT,2,event_special
43621,GPT_5,EI,2,event_special
43621,GPT_5,EA,2,event_special
43621,GPT_o4,Neutral,2,event_special
43621,GPT_o4,Neutral-CoT,2,event_special
43621,GPT_o4,EI,2,event_special
43621,GPT_o4,EA,2,event_special
43621,QwenN,Neutral,2,event_special
43621,QwenN,Neutral-CoT,2,event_special
43621,QwenN,EI,2,event_special
43621,QwenN,EA,2,event_special
43621,QwenT,Neutral,2,event_special
43621,QwenT,Neutral-CoT,2,event_special
43621,QwenT,EI,2,event_special
43621,QwenT,EA,2,event_special
43668,GPT_5,Neutral,2,issue_personal_career
43668,GPT_5,Neutral-CoT,2,issue_personal_career
43668,GPT_5,EI,2,issue_personal_career
43668,GPT_5,EA,2,issue_personal_career
43668,GPT_o4,Neutral,2,issue_personal_career
43668,GPT_o4,Neutral-CoT,2,issue_personal_career
43668,GPT_o4,EI,2,issue_personal_career
43668,GPT_o4,EA,2,issue_personal_career
43668,QwenN,Neutral,2,issue_personal_career
43668,QwenN,Neutral-CoT,2,issue_personal_career
43668,QwenN,EI,2,issue_personal_career
43668,QwenN,EA,2,issue_personal_career
43668,QwenT,Neutral,2,issue_personal_career
43668,QwenT,Neutral-CoT,2,issue_personal_career
43668,QwenT,EI,2,issue_personal_career
43668,QwenT,EA,2,issue_personal_career
43764,GPT_5,Neutral,2,role_duty_responsibility
43764,GPT_5,Neutral-CoT,2,role_duty_responsibility
43764,GPT_5,EI,2,role_duty_responsibility
43764,GPT_5,EA,2,role_duty_responsibility
43764,GPT_o4,Neutral,2,role_duty_responsibility
43764,GPT_o4,Neutral-CoT,2,role_duty_responsibility
43764,GPT_o4,EI,2,role_duty_responsibility
43764,GPT_o4,EA,2,role_duty_responsibility
43764,QwenN,Neutral,2,role_duty_responsibility
43764,QwenN,Neutral-CoT,2,role_duty_responsibility
43764,QwenN,EI,2,role_duty_responsibility
43764,QwenN,EA,2,role_duty_responsibility
43764,QwenT,Neutral,2,role_duty_responsibility
43764,QwenT,Neutral-CoT,2,role_duty_responsibility
43764,QwenT,EI,2,role_duty_responsibility
43764,QwenT,EA,2,role_duty_responsibility
43800,GPT_5,Neutral,1,comitted_relationship
43800,GPT_5,Neutral-CoT,1,comitted_relationship
43800,GPT_5,EI,1,comitted_relationship
43800,GPT_5,EA,1,comitted_relationship
43800,GPT_o4,Neutral,1,comitted_relationship
43800,GPT_o4,Neutral-CoT,1,comitted_relationship
43800,GPT_o4,EI,1,comitted_relationship
43800,GPT_o4,EA,1,comitted_relationship
43800,QwenN,Neutral,1,comitted_relationship
43800,QwenN,Neutral-CoT,1,comitted_relationship
43800,QwenN,EI,1,comitted_relationship
43800,QwenN,EA,1,comitted_relationship
43800,QwenT,Neutral,1,comitted_relationship
43800,QwenT,Neutral-CoT,1,comitted_relationship
43800,QwenT,EI,1,comitted_relationship
43800,QwenT,EA,1,comitted_relationship
43811,GPT_5,Neutral,2,issue_wildlife_human_environment
43811,GPT_5,Neutral-CoT,2,issue_wildlife_human_environment
43811,GPT_5,EI,2,issue_wildlife_human_environment
43811,GPT_5,EA,2,issue_wildlife_human_environment
43811,GPT_o4,Neutral,2,issue_wildlife_human_environment
43811,GPT_o4,Neutral-CoT,2,issue_wildlife_human_environment
43811,GPT_o4,EI,2,issue_wildlife_human_environment
43811,GPT_o4,EA,2,issue_wildlife_human_environment
43811,QwenN,Neutral,1,issue_wildlife_human_environment
43811,QwenN,Neutral-CoT,2,issue_wildlife_human_environment
43811,QwenN,EI,2,issue_wildlife_human_environment
43811,QwenN,EA,2,issue_wildlife_human_environment
43811,QwenT,Neutral,1,issue_wildlife_human_environment
43811,QwenT,Neutral-CoT,2,issue_wildlife_human_environment
43811,QwenT,EI,1,issue_wildlife_human_environment
43811,QwenT,EA,1,issue_wildlife_human_environment
43878,GPT_5,Neutral,1,event_special
43878,GPT_5,Neutral-CoT,1,event_special
43878,GPT_5,EI,1,event_special
43878,GPT_5,EA,1,event_special
43878,GPT_o4,Neutral,1,event_special
43878,GPT_o4,Neutral-CoT,1,event_special
43878,GPT_o4,EI,1,event_special
43878,GPT_o4,EA,1,event_special
43878,QwenN,Neutral,1,event_special
43878,QwenN,Neutral-CoT,1,event_special
43878,QwenN,EI,1,event_special
43878,QwenN,EA,1,event_special
43878,QwenT,Neutral,1,event_special
43878,QwenT,Neutral-CoT,2,event_special
43878,QwenT,EI,1,event_special
43878,QwenT,EA,2,event_special
44063,GPT_5,Neutral,1,family
44063,GPT_5,Neutral-CoT,2,family
44063,GPT_5,EI,2,family
44063,GPT_5,EA,2,family
44063,GPT_o4,Neutral,2,family
44063,GPT_o4,Neutral-CoT,2,family
44063,GPT_o4,EI,2,family
44063,GPT_o4,EA,2,family
44063,QwenN,Neutral,1,family
44063,QwenN,Neutral-CoT,1,family
44063,QwenN,EI,1,family
44063,QwenN,EA,1,family
44063,QwenT,Neutral,1,family
44063,QwenT,Neutral-CoT,1,family
44063,QwenT,EI,2,family
44063,QwenT,EA,1,family
44064,GPT_5,Neutral,2,issue_young_people
44064,GPT_5,Neutral-CoT,2,issue_young_people
44064,GPT_5,EI,2,issue_young_people
44064,GPT_5,EA,2,issue_young_people
44064,GPT_o4,Neutral,2,issue_young_people
44064,GPT_o4,Neutral-CoT,2,issue_young_people
44064,GPT_o4,EI,2,issue_young_people
44064,GPT_o4,EA,2,issue_young_people
44064,QwenN,Neutral,2,issue_young_people
44064,QwenN,Neutral-CoT,2,issue_young_people
44064,QwenN,EI,2,issue_young_people
44064,QwenN,EA,2,issue_young_people
44064,QwenT,Neutral,2,issue_young_people
44064,QwenT,Neutral-CoT,2,issue_young_people
44064,QwenT,EI,2,issue_young_people
44064,QwenT,EA,2,issue_young_people
44147,GPT_5,Neutral,2,family
44147,GPT_5,Neutral-CoT,2,family
44147,GPT_5,EI,1,family
44147,GPT_5,EA,1,family
44147,GPT_o4,Neutral,1,family
44147,GPT_o4,Neutral-CoT,2,family
44147,GPT_o4,EI,1,family
44147,GPT_o4,EA,2,family
44147,QwenN,Neutral,1,family
44147,QwenN,Neutral-CoT,1,family
44147,QwenN,EI,1,family
44147,QwenN,EA,1,family
44147,QwenT,Neutral,2,family
44147,QwenT,Neutral-CoT,1,family
44147,QwenT,EI,1,family
44147,QwenT,EA,1,family
44167,GPT_5,Neutral,2,workplace
44167,GPT_5,Neutral-CoT,2,workplace
44167,GPT_5,EI,2,workplace
44167,GPT_5,EA,2,workplace
44167,GPT_o4,Neutral,2,workplace
44167,GPT_o4,Neutral-CoT,2,workplace
44167,GPT_o4,EI,2,workplace
44167,GPT_o4,EA,2,workplace
44167,QwenN,Neutral,2,workplace
44167,QwenN,Neutral-CoT,2,workplace
44167,QwenN,EI,2,workplace
44167,QwenN,EA,2,workplace
44167,QwenT,Neutral,2,workplace
44167,QwenT,Neutral-CoT,2,workplace
44167,QwenT,EI,2,workplace
44167,QwenT,EA,2,workplace
44178,GPT_5,Neutral,2,workplace
44178,GPT_5,Neutral-CoT,2,workplace
44178,GPT_5,EI,1,workplace
44178,GPT_5,EA,2,workplace
44178,GPT_o4,Neutral,2,workplace
44178,GPT_o4,Neutral-CoT,2,workplace
44178,GPT_o4,EI,2,workplace
44178,GPT_o4,EA,2,workplace
44178,QwenN,Neutral,2,workplace
44178,QwenN,Neutral-CoT,2,workplace
44178,QwenN,EI,2,workplace
44178,QwenN,EA,2,workplace
44178,QwenT,Neutral,2,workplace
44178,QwenT,Neutral-CoT,2,workplace
44178,QwenT,EI,1,workplace
44178,QwenT,EA,2,workplace
44313,GPT_5,Neutral,2,issue_wildlife_human_environment
44313,GPT_5,Neutral-CoT,2,issue_wildlife_human_environment
44313,GPT_5,EI,1,issue_wildlife_human_environment
44313,GPT_5,EA,2,issue_wildlife_human_environment
44313,GPT_o4,Neutral,2,issue_wildlife_human_environment
44313,GPT_o4,Neutral-CoT,2,issue_wildlife_human_environment
44313,GPT_o4,EI,1,issue_wildlife_human_environment
44313,GPT_o4,EA,2,issue_wildlife_human_environment
44313,QwenN,Neutral,2,issue_wildlife_human_environment
44313,QwenN,Neutral-CoT,2,issue_wildlife_human_environment
44313,QwenN,EI,2,issue_wildlife_human_environment
44313,QwenN,EA,2,issue_wildlife_human_environment
44313,QwenT,Neutral,1,issue_wildlife_human_environment
44313,QwenT,Neutral-CoT,2,issue_wildlife_human_environment
44313,QwenT,EI,1,issue_wildlife_human_environment
44313,QwenT,EA,2,issue_wildlife_human_environment
44380,GPT_5,Neutral,1,issue_young_people
44380,GPT_5,Neutral-CoT,1,issue_young_people
44380,GPT_5,EI,1,issue_young_people
44380,GPT_5,EA,1,issue_young_people
44380,GPT_o4,Neutral,1,issue_young_people
44380,GPT_o4,Neutral-CoT,1,issue_young_people
44380,GPT_o4,EI,1,issue_young_people
44380,GPT_o4,EA,1,issue_young_people
44380,QwenN,Neutral,1,issue_young_people
44380,QwenN,Neutral-CoT,1,issue_young_people
44380,QwenN,EI,1,issue_young_people
44380,QwenN,EA,1,issue_young_people
44380,QwenT,Neutral,1,issue_young_people
44380,QwenT,Neutral-CoT,1,issue_young_people
44380,QwenT,EI,1,issue_young_people
44380,QwenT,EA,1,issue_young_people
44400,GPT_5,Neutral,1,issue_personal_career
44400,GPT_5,Neutral-CoT,1,issue_personal_career
44400,GPT_5,EI,2,issue_personal_career
44400,GPT_5,EA,2,issue_personal_career
44400,GPT_o4,Neutral,2,issue_personal_career
44400,GPT_o4,Neutral-CoT,2,issue_personal_career
44400,GPT_o4,EI,2,issue_personal_career
44400,GPT_o4,EA,2,issue_personal_career
44400,QwenN,Neutral,2,issue_personal_career
44400,QwenN,Neutral-CoT,1,issue_personal_career
44400,QwenN,EI,2,issue_personal_career
44400,QwenN,EA,2,issue_personal_career
44400,QwenT,Neutral,2,issue_personal_career
44400,QwenT,Neutral-CoT,2,issue_personal_career
44400,QwenT,EI,2,issue_personal_career
44400,QwenT,EA,2,issue_personal_career
44415,GPT_5,Neutral,2,workplace
44415,GPT_5,Neutral-CoT,2,workplace
44415,GPT_5,EI,2,workplace
44415,GPT_5,EA,2,workplace
44415,GPT_o4,Neutral,2,workplace
44415,GPT_o4,Neutral-CoT,2,workplace
44415,GPT_o4,EI,2,workplace
44415,GPT_o4,EA,2,workplace
44415,QwenN,Neutral,2,workplace
44415,QwenN,Neutral-CoT,2,workplace
44415,QwenN,EI,2,workplace
44415,QwenN,EA,2,workplace
44415,QwenT,Neutral,1,workplace
44415,QwenT,Neutral-CoT,2,workplace
44415,QwenT,EI,2,workplace
44415,QwenT,EA,2,workplace
44430,GPT_5,Neutral,2,issue_young_people
44430,GPT_5,Neutral-CoT,2,issue_young_people
44430,GPT_5,EI,2,issue_young_people
44430,GPT_5,EA,2,issue_young_people
44430,GPT_o4,Neutral,2,issue_young_people
44430,GPT_o4,Neutral-CoT,2,issue_young_people
44430,GPT_o4,EI,2,issue_young_people
44430,GPT_o4,EA,2,issue_young_people
44430,QwenN,Neutral,2,issue_young_people
44430,QwenN,Neutral-CoT,2,issue_young_people
44430,QwenN,EI,2,issue_young_people
44430,QwenN,EA,2,issue_young_people
44430,QwenT,Neutral,2,issue_young_people
44430,QwenT,Neutral-CoT,2,issue_young_people
44430,QwenT,EI,1,issue_young_people
44430,QwenT,EA,2,issue_young_people
44444,GPT_5,Neutral,2,business_organization
44444,GPT_5,Neutral-CoT,2,business_organization
44444,GPT_5,EI,2,business_organization
44444,GPT_5,EA,2,business_organization
44444,GPT_o4,Neutral,2,business_organization
44444,GPT_o4,Neutral-CoT,2,business_organization
44444,GPT_o4,EI,2,business_organization
44444,GPT_o4,EA,2,business_organization
44444,QwenN,Neutral,2,business_organization
44444,QwenN,Neutral-CoT,2,business_organization
44444,QwenN,EI,2,business_organization
44444,QwenN,EA,2,business_organization
44444,QwenT,Neutral,2,business_organization
44444,QwenT,Neutral-CoT,2,business_organization
44444,QwenT,EI,2,business_organization
44444,QwenT,EA,2,business_organization
44458,GPT_5,Neutral,2,issue_pregnancy
44458,GPT_5,Neutral-CoT,2,issue_pregnancy
44458,GPT_5,EI,2,issue_pregnancy
44458,GPT_5,EA,2,issue_pregnancy
44458,GPT_o4,Neutral,2,issue_pregnancy
44458,GPT_o4,Neutral-CoT,2,issue_pregnancy
44458,GPT_o4,EI,2,issue_pregnancy
44458,GPT_o4,EA,2,issue_pregnancy
44458,QwenN,Neutral,2,issue_pregnancy
44458,QwenN,Neutral-CoT,2,issue_pregnancy
44458,QwenN,EI,2,issue_pregnancy
44458,QwenN,EA,2,issue_pregnancy
44458,QwenT,Neutral,2,issue_pregnancy
44458,QwenT,Neutral-CoT,2,issue_pregnancy
44458,QwenT,EI,2,issue_pregnancy
44458,QwenT,EA,2,issue_pregnancy
44475,GPT_5,Neutral,1,issue_pregnancy
44475,GPT_5,Neutral-CoT,1,issue_pregnancy
44475,GPT_5,EI,1,issue_pregnancy
44475,GPT_5,EA,1,issue_pregnancy
44475,GPT_o4,Neutral,1,issue_pregnancy
44475,GPT_o4,Neutral-CoT,1,issue_pregnancy
44475,GPT_o4,EI,1,issue_pregnancy
44475,GPT_o4,EA,1,issue_pregnancy
44475,QwenN,Neutral,1,issue_pregnancy
44475,QwenN,Neutral-CoT,1,issue_pregnancy
44475,QwenN,EI,1,issue_pregnancy
44475,QwenN,EA,1,issue_pregnancy
44475,QwenT,Neutral,1,issue_pregnancy
44475,QwenT,Neutral-CoT,1,issue_pregnancy
44475,QwenT,EI,1,issue_pregnancy
44475,QwenT,EA,1,issue_pregnancy
44479,GPT_5,Neutral,2,role_duty_responsibility
44479,GPT_5,Neutral-CoT,2,role_duty_responsibility
44479,GPT_5,EI,2,role_duty_responsibility
44479,GPT_5,EA,2,role_duty_responsibility
44479,GPT_o4,Neutral,2,role_duty_responsibility
44479,GPT_o4,Neutral-CoT,2,role_duty_responsibility
44479,GPT_o4,EI,2,role_duty_responsibility
44479,GPT_o4,EA,2,role_duty_responsibility
44479,QwenN,Neutral,2,role_duty_responsibility
44479,QwenN,Neutral-CoT,2,role_duty_responsibility
44479,QwenN,EI,2,role_duty_responsibility
44479,QwenN,EA,2,role_duty_responsibility
44479,QwenT,Neutral,2,role_duty_responsibility
44479,QwenT,Neutral-CoT,2,role_duty_responsibility
44479,QwenT,EI,2,role_duty_responsibility
44479,QwenT,EA,2,role_duty_responsibility
44628,GPT_5,Neutral,1,issue_wildlife_human_environment
44628,GPT_5,Neutral-CoT,1,issue_wildlife_human_environment
44628,GPT_5,EI,2,issue_wildlife_human_environment
44628,GPT_5,EA,1,issue_wildlife_human_environment
44628,GPT_o4,Neutral,1,issue_wildlife_human_environment
44628,GPT_o4,Neutral-CoT,1,issue_wildlife_human_environment
44628,GPT_o4,EI,2,issue_wildlife_human_environment
44628,GPT_o4,EA,1,issue_wildlife_human_environment
44628,QwenN,Neutral,1,issue_wildlife_human_environment
44628,QwenN,Neutral-CoT,1,issue_wildlife_human_environment
44628,QwenN,EI,1,issue_wildlife_human_environment
44628,QwenN,EA,1,issue_wildlife_human_environment
44628,QwenT,Neutral,1,issue_wildlife_human_environment
44628,QwenT,Neutral-CoT,1,issue_wildlife_human_environment
44628,QwenT,EI,2,issue_wildlife_human_environment
44628,QwenT,EA,1,issue_wildlife_human_environment
44682,GPT_5,Neutral,1,event_special
44682,GPT_5,Neutral-CoT,1,event_special
44682,GPT_5,EI,1,event_special
44682,GPT_5,EA,1,event_special
44682,GPT_o4,Neutral,1,event_special
44682,GPT_o4,Neutral-CoT,1,event_special
44682,GPT_o4,EI,1,event_special
44682,GPT_o4,EA,1,event_special
44682,QwenN,Neutral,1,event_special
44682,QwenN,Neutral-CoT,1,event_special
44682,QwenN,EI,1,event_special
44682,QwenN,EA,1,event_special
44682,QwenT,Neutral,1,event_special
44682,QwenT,Neutral-CoT,1,event_special
44682,QwenT,EI,1,event_special
44682,QwenT,EA,1,event_special
44743,GPT_5,Neutral,1,event_daily_life
44743,GPT_5,Neutral-CoT,1,event_daily_life
44743,GPT_5,EI,1,event_daily_life
44743,GPT_5,EA,1,event_daily_life
44743,GPT_o4,Neutral,1,event_daily_life
44743,GPT_o4,Neutral-CoT,1,event_daily_life
44743,GPT_o4,EI,1,event_daily_life
44743,GPT_o4,EA,1,event_daily_life
44743,QwenN,Neutral,1,event_daily_life
44743,QwenN,Neutral-CoT,1,event_daily_life
44743,QwenN,EI,1,event_daily_life
44743,QwenN,EA,1,event_daily_life
44743,QwenT,Neutral,1,event_daily_life
44743,QwenT,Neutral-CoT,1,event_daily_life
44743,QwenT,EI,1,event_daily_life
44743,QwenT,EA,1,event_daily_life
44812,GPT_5,Neutral,2,family
44812,GPT_5,Neutral-CoT,2,family
44812,GPT_5,EI,2,family
44812,GPT_5,EA,2,family
44812,GPT_o4,Neutral,2,family
44812,GPT_o4,Neutral-CoT,2,family
44812,GPT_o4,EI,2,family
44812,GPT_o4,EA,2,family
44812,QwenN,Neutral,2,family
44812,QwenN,Neutral-CoT,2,family
44812,QwenN,EI,2,family
44812,QwenN,EA,2,family
44812,QwenT,Neutral,2,family
44812,QwenT,Neutral-CoT,1,family
44812,QwenT,EI,1,family
44812,QwenT,EA,1,family
44833,GPT_5,Neutral,2,workplace
44833,GPT_5,Neutral-CoT,2,workplace
44833,GPT_5,EI,2,workplace
44833,GPT_5,EA,2,workplace
44833,GPT_o4,Neutral,2,workplace
44833,GPT_o4,Neutral-CoT,2,workplace
44833,GPT_o4,EI,2,workplace
44833,GPT_o4,EA,2,workplace
44833,QwenN,Neutral,2,workplace
44833,QwenN,Neutral-CoT,2,workplace
44833,QwenN,EI,2,workplace
44833,QwenN,EA,2,workplace
44833,QwenT,Neutral,2,workplace
44833,QwenT,Neutral-CoT,2,workplace
44833,QwenT,EI,2,workplace
44833,QwenT,EA,2,workplace
44841,GPT_5,Neutral,1,workplace
44841,GPT_5,Neutral-CoT,1,workplace
44841,GPT_5,EI,1,workplace
44841,GPT_5,EA,1,workplace
44841,GPT_o4,Neutral,1,workplace
44841,GPT_o4,Neutral-CoT,1,workplace
44841,GPT_o4,EI,1,workplace
44841,GPT_o4,EA,1,workplace
44841,QwenN,Neutral,1,workplace
44841,QwenN,Neutral-CoT,1,workplace
44841,QwenN,EI,1,workplace
44841,QwenN,EA,1,workplace
44841,QwenT,Neutral,2,workplace
44841,QwenT,Neutral-CoT,2,workplace
44841,QwenT,EI,2,workplace
44841,QwenT,EA,2,workplace
44887,GPT_5,Neutral,2,school
44887,GPT_5,Neutral-CoT,2,school
44887,GPT_5,EI,2,school
44887,GPT_5,EA,2,school
44887,GPT_o4,Neutral,2,school
44887,GPT_o4,Neutral-CoT,2,school
44887,GPT_o4,EI,2,school
44887,GPT_o4,EA,2,school
44887,QwenN,Neutral,2,school
44887,QwenN,Neutral-CoT,2,school
44887,QwenN,EI,2,school
44887,QwenN,EA,2,school
44887,QwenT,Neutral,2,school
44887,QwenT,Neutral-CoT,2,school
44887,QwenT,EI,2,school
44887,QwenT,EA,2,school
44967,GPT_5,Neutral,1,family
44967,GPT_5,Neutral-CoT,1,family
44967,GPT_5,EI,1,family
44967,GPT_5,EA,1,family
44967,GPT_o4,Neutral,1,family
44967,GPT_o4,Neutral-CoT,1,family
44967,GPT_o4,EI,1,family
44967,GPT_o4,EA,1,family
44967,QwenN,Neutral,1,family
44967,QwenN,Neutral-CoT,1,family
44967,QwenN,EI,1,family
44967,QwenN,EA,1,family
44967,QwenT,Neutral,1,family
44967,QwenT,Neutral-CoT,1,family
44967,QwenT,EI,1,family
44967,QwenT,EA,1,family
45012,GPT_5,Neutral,2,issue_personal_career
45012,GPT_5,Neutral-CoT,2,issue_personal_career
45012,GPT_5,EI,2,issue_personal_career
45012,GPT_5,EA,2,issue_personal_career
45012,GPT_o4,Neutral,2,issue_personal_career
45012,GPT_o4,Neutral-CoT,2,issue_personal_career
45012,GPT_o4,EI,2,issue_personal_career
45012,GPT_o4,EA,2,issue_personal_career
45012,QwenN,Neutral,2,issue_personal_career
45012,QwenN,Neutral-CoT,2,issue_personal_career
45012,QwenN,EI,2,issue_personal_career
45012,QwenN,EA,2,issue_personal_career
45012,QwenT,Neutral,2,issue_personal_career
45012,QwenT,Neutral-CoT,2,issue_personal_career
45012,QwenT,EI,2,issue_personal_career
45012,QwenT,EA,2,issue_personal_career
45024,GPT_5,Neutral,1,event_daily_life
45024,GPT_5,Neutral-CoT,1,event_daily_life
45024,GPT_5,EI,1,event_daily_life
45024,GPT_5,EA,1,event_daily_life
45024,GPT_o4,Neutral,1,event_daily_life
45024,GPT_o4,Neutral-CoT,1,event_daily_life
45024,GPT_o4,EI,1,event_daily_life
45024,GPT_o4,EA,1,event_daily_life
45024,QwenN,Neutral,1,event_daily_life
45024,QwenN,Neutral-CoT,1,event_daily_life
45024,QwenN,EI,1,event_daily_life
45024,QwenN,EA,1,event_daily_life
45024,QwenT,Neutral,2,event_daily_life
45024,QwenT,Neutral-CoT,2,event_daily_life
45024,QwenT,EI,1,event_daily_life
45024,QwenT,EA,2,event_daily_life
45075,GPT_5,Neutral,2,close_relationship
45075,GPT_5,Neutral-CoT,2,close_relationship
45075,GPT_5,EI,2,close_relationship
45075,GPT_5,EA,2,close_relationship
45075,GPT_o4,Neutral,2,close_relationship
45075,GPT_o4,Neutral-CoT,2,close_relationship
45075,GPT_o4,EI,2,close_relationship
45075,GPT_o4,EA,2,close_relationship
45075,QwenN,Neutral,2,close_relationship
45075,QwenN,Neutral-CoT,2,close_relationship
45075,QwenN,EI,2,close_relationship
45075,QwenN,EA,2,close_relationship
45075,QwenT,Neutral,2,close_relationship
45075,QwenT,Neutral-CoT,2,close_relationship
45075,QwenT,EI,2,close_relationship
45075,QwenT,EA,2,close_relationship
45117,GPT_5,Neutral,2,event_daily_life
45117,GPT_5,Neutral-CoT,2,event_daily_life
45117,GPT_5,EI,2,event_daily_life
45117,GPT_5,EA,2,event_daily_life
45117,GPT_o4,Neutral,2,event_daily_life
45117,GPT_o4,Neutral-CoT,2,event_daily_life
45117,GPT_o4,EI,2,event_daily_life
45117,GPT_o4,EA,2,event_daily_life
45117,QwenN,Neutral,2,event_daily_life
45117,QwenN,Neutral-CoT,2,event_daily_life
45117,QwenN,EI,2,event_daily_life
45117,QwenN,EA,2,event_daily_life
45117,QwenT,Neutral,1,event_daily_life
45117,QwenT,Neutral-CoT,1,event_daily_life
45117,QwenT,EI,2,event_daily_life
45117,QwenT,EA,1,event_daily_life
45137,GPT_5,Neutral,2,event_daily_life
45137,GPT_5,Neutral-CoT,2,event_daily_life
45137,GPT_5,EI,2,event_daily_life
45137,GPT_5,EA,2,event_daily_life
45137,GPT_o4,Neutral,2,event_daily_life
45137,GPT_o4,Neutral-CoT,2,event_daily_life
45137,GPT_o4,EI,2,event_daily_life
45137,GPT_o4,EA,2,event_daily_life
45137,QwenN,Neutral,2,event_daily_life
45137,QwenN,Neutral-CoT,2,event_daily_life
45137,QwenN,EI,2,event_daily_life
45137,QwenN,EA,2,event_daily_life
45137,QwenT,Neutral,2,event_daily_life
45137,QwenT,Neutral-CoT,2,event_daily_life
45137,QwenT,EI,2,event_daily_life
45137,QwenT,EA,2,event_daily_life
45175,GPT_5,Neutral,1,event_daily_life
45175,GPT_5,Neutral-CoT,1,event_daily_life
45175,GPT_5,EI,1,event_daily_life
45175,GPT_5,EA,1,event_daily_life
45175,GPT_o4,Neutral,1,event_daily_life
45175,GPT_o4,Neutral-CoT,2,event_daily_life
45175,GPT_o4,EI,2,event_daily_life
45175,GPT_o4,EA,2,event_daily_life
45175,QwenN,Neutral,1,event_daily_life
45175,QwenN,Neutral-CoT,2,event_daily_life
45175,QwenN,EI,2,event_daily_life
45175,QwenN,EA,2,event_daily_life
45175,QwenT,Neutral,2,event_daily_life
45175,QwenT,Neutral-CoT,2,event_daily_life
45175,QwenT,EI,2,event_daily_life
45175,QwenT,EA,2,event_daily_life
45184,GPT_5,Neutral,1,role_duty_responsibility
45184,GPT_5,Neutral-CoT,1,role_duty_responsibility
45184,GPT_5,EI,1,role_duty_responsibility
45184,GPT_5,EA,1,role_duty_responsibility
45184,GPT_o4,Neutral,1,role_duty_responsibility
45184,GPT_o4,Neutral-CoT,1,role_duty_responsibility
45184,GPT_o4,EI,1,role_duty_responsibility
45184,GPT_o4,EA,1,role_duty_responsibility
45184,QwenN,Neutral,1,role_duty_responsibility
45184,QwenN,Neutral-CoT,1,role_duty_responsibility
45184,QwenN,EI,1,role_duty_responsibility
45184,QwenN,EA,1,role_duty_responsibility
45184,QwenT,Neutral,1,role_duty_responsibility
45184,QwenT,Neutral-CoT,1,role_duty_responsibility
45184,QwenT,EI,1,role_duty_responsibility
45184,QwenT,EA,1,role_duty_responsibility
45190,GPT_5,Neutral,1,business_organization
45190,GPT_5,Neutral-CoT,1,business_organization
45190,GPT_5,EI,1,business_organization
45190,GPT_5,EA,1,business_organization
45190,GPT_o4,Neutral,1,business_organization
45190,GPT_o4,Neutral-CoT,1,business_organization
45190,GPT_o4,EI,1,business_organization
45190,GPT_o4,EA,1,business_organization
45190,QwenN,Neutral,1,business_organization
45190,QwenN,Neutral-CoT,1,business_organization
45190,QwenN,EI,1,business_organization
45190,QwenN,EA,1,business_organization
45190,QwenT,Neutral,2,business_organization
45190,QwenT,Neutral-CoT,2,business_organization
45190,QwenT,EI,1,business_organization
45190,QwenT,EA,2,business_organization
45199,GPT_5,Neutral,1,issue_crime_addiction
45199,GPT_5,Neutral-CoT,1,issue_crime_addiction
45199,GPT_5,EI,1,issue_crime_addiction
45199,GPT_5,EA,1,issue_crime_addiction
45199,GPT_o4,Neutral,1,issue_crime_addiction
45199,GPT_o4,Neutral-CoT,1,issue_crime_addiction
45199,GPT_o4,EI,1,issue_crime_addiction
45199,GPT_o4,EA,1,issue_crime_addiction
45199,QwenN,Neutral,2,issue_crime_addiction
45199,QwenN,Neutral-CoT,1,issue_crime_addiction
45199,QwenN,EI,1,issue_crime_addiction
45199,QwenN,EA,1,issue_crime_addiction
45199,QwenT,Neutral,2,issue_crime_addiction
45199,QwenT,Neutral-CoT,2,issue_crime_addiction
45199,QwenT,EI,1,issue_crime_addiction
45199,QwenT,EA,2,issue_crime_addiction
45289,GPT_5,Neutral,1,family
45289,GPT_5,Neutral-CoT,1,family
45289,GPT_5,EI,2,family
45289,GPT_5,EA,1,family
45289,GPT_o4,Neutral,1,family
45289,GPT_o4,Neutral-CoT,1,family
45289,GPT_o4,EI,2,family
45289,GPT_o4,EA,1,family
45289,QwenN,Neutral,1,family
45289,QwenN,Neutral-CoT,2,family
45289,QwenN,EI,2,family
45289,QwenN,EA,2,family
45289,QwenT,Neutral,2,family
45289,QwenT,Neutral-CoT,2,family
45289,QwenT,EI,2,family
45289,QwenT,EA,2,family
45314,GPT_5,Neutral,1,comitted_relationship
45314,GPT_5,Neutral-CoT,1,comitted_relationship
45314,GPT_5,EI,1,comitted_relationship
45314,GPT_5,EA,1,comitted_relationship
45314,GPT_o4,Neutral,1,comitted_relationship
45314,GPT_o4,Neutral-CoT,1,comitted_relationship
45314,GPT_o4,EI,1,comitted_relationship
45314,GPT_o4,EA,1,comitted_relationship
45314,QwenN,Neutral,1,comitted_relationship
45314,QwenN,Neutral-CoT,1,comitted_relationship
45314,QwenN,EI,1,comitted_relationship
45314,QwenN,EA,1,comitted_relationship
45314,QwenT,Neutral,1,comitted_relationship
45314,QwenT,Neutral-CoT,1,comitted_relationship
45314,QwenT,EI,2,comitted_relationship
45314,QwenT,EA,1,comitted_relationship
45337,GPT_5,Neutral,1,role_duty_responsibility
45337,GPT_5,Neutral-CoT,1,role_duty_responsibility
45337,GPT_5,EI,1,role_duty_responsibility
45337,GPT_5,EA,1,role_duty_responsibility
45337,GPT_o4,Neutral,1,role_duty_responsibility
45337,GPT_o4,Neutral-CoT,1,role_duty_responsibility
45337,GPT_o4,EI,1,role_duty_responsibility
45337,GPT_o4,EA,1,role_duty_responsibility
45337,QwenN,Neutral,1,role_duty_responsibility
45337,QwenN,Neutral-CoT,1,role_duty_responsibility
45337,QwenN,EI,1,role_duty_responsibility
45337,QwenN,EA,1,role_duty_responsibility
45337,QwenT,Neutral,1,role_duty_responsibility
45337,QwenT,Neutral-CoT,1,role_duty_responsibility
45337,QwenT,EI,1,role_duty_responsibility
45337,QwenT,EA,1,role_duty_responsibility
45340,GPT_5,Neutral,2,issue_young_people
45340,GPT_5,Neutral-CoT,2,issue_young_people
45340,GPT_5,EI,2,issue_young_people
45340,GPT_5,EA,2,issue_young_people
45340,GPT_o4,Neutral,2,issue_young_people
45340,GPT_o4,Neutral-CoT,2,issue_young_people
45340,GPT_o4,EI,2,issue_young_people
45340,GPT_o4,EA,2,issue_young_people
45340,QwenN,Neutral,2,issue_young_people
45340,QwenN,Neutral-CoT,2,issue_young_people
45340,QwenN,EI,2,issue_young_people
45340,QwenN,EA,2,issue_young_people
45340,QwenT,Neutral,2,issue_young_people
45340,QwenT,Neutral-CoT,2,issue_young_people
45340,QwenT,EI,2,issue_young_people
45340,QwenT,EA,2,issue_young_people
45390,GPT_5,Neutral,2,issue_young_people
45390,GPT_5,Neutral-CoT,2,issue_young_people
45390,GPT_5,EI,2,issue_young_people
45390,GPT_5,EA,2,issue_young_people
45390,GPT_o4,Neutral,1,issue_young_people
45390,GPT_o4,Neutral-CoT,2,issue_young_people
45390,GPT_o4,EI,2,issue_young_people
45390,GPT_o4,EA,2,issue_young_people
45390,QwenN,Neutral,2,issue_young_people
45390,QwenN,Neutral-CoT,2,issue_young_people
45390,QwenN,EI,2,issue_young_people
45390,QwenN,EA,2,issue_young_people
45390,QwenT,Neutral,2,issue_young_people
45390,QwenT,Neutral-CoT,2,issue_young_people
45390,QwenT,EI,2,issue_young_people
45390,QwenT,EA,2,issue_young_people
45424,GPT_5,Neutral,1,friend
45424,GPT_5,Neutral-CoT,1,friend
45424,GPT_5,EI,2,friend
45424,GPT_5,EA,1,friend
45424,GPT_o4,Neutral,1,friend
45424,GPT_o4,Neutral-CoT,1,friend
45424,GPT_o4,EI,1,friend
45424,GPT_o4,EA,1,friend
45424,QwenN,Neutral,1,friend
45424,QwenN,Neutral-CoT,1,friend
45424,QwenN,EI,1,friend
45424,QwenN,EA,1,friend
45424,QwenT,Neutral,1,friend
45424,QwenT,Neutral-CoT,1,friend
45424,QwenT,EI,2,friend
45424,QwenT,EA,1,friend
45470,GPT_5,Neutral,2,role_duty_responsibility
45470,GPT_5,Neutral-CoT,2,role_duty_responsibility
45470,GPT_5,EI,2,role_duty_responsibility
45470,GPT_5,EA,2,role_duty_responsibility
45470,GPT_o4,Neutral,2,role_duty_responsibility
45470,GPT_o4,Neutral-CoT,2,role_duty_responsibility
45470,GPT_o4,EI,2,role_duty_responsibility
45470,GPT_o4,EA,2,role_duty_responsibility
45470,QwenN,Neutral,2,role_duty_responsibility
45470,QwenN,Neutral-CoT,2,role_duty_responsibility
45470,QwenN,EI,2,role_duty_responsibility
45470,QwenN,EA,2,role_duty_responsibility
45470,QwenT,Neutral,2,role_duty_responsibility
45470,QwenT,Neutral-CoT,2,role_duty_responsibility
45470,QwenT,EI,2,role_duty_responsibility
45470,QwenT,EA,2,role_duty_responsibility
45492,GPT_5,Neutral,1,close_relationship
45492,GPT_5,Neutral-CoT,1,close_relationship
45492,GPT_5,EI,1,close_relationship
45492,GPT_5,EA,1,close_relationship
45492,GPT_o4,Neutral,1,close_relationship
45492,GPT_o4,Neutral-CoT,1,close_relationship
45492,GPT_o4,EI,1,close_relationship
45492,GPT_o4,EA,1,close_relationship
45492,QwenN,Neutral,1,close_relationship
45492,QwenN,Neutral-CoT,1,close_relationship
45492,QwenN,EI,1,close_relationship
45492,QwenN,EA,1,close_relationship
45492,QwenT,Neutral,1,close_relationship
45492,QwenT,Neutral-CoT,1,close_relationship
45492,QwenT,EI,1,close_relationship
45492,QwenT,EA,1,close_relationship
45529,GPT_5,Neutral,2,event_special
45529,GPT_5,Neutral-CoT,2,event_special
45529,GPT_5,EI,2,event_special
45529,GPT_5,EA,2,event_special
45529,GPT_o4,Neutral,2,event_special
45529,GPT_o4,Neutral-CoT,2,event_special
45529,GPT_o4,EI,2,event_special
45529,GPT_o4,EA,2,event_special
45529,QwenN,Neutral,2,event_special
45529,QwenN,Neutral-CoT,2,event_special
45529,QwenN,EI,2,event_special
45529,QwenN,EA,2,event_special
45529,QwenT,Neutral,2,event_special
45529,QwenT,Neutral-CoT,2,event_special
45529,QwenT,EI,2,event_special
45529,QwenT,EA,2,event_special
45544,GPT_5,Neutral,2,school
45544,GPT_5,Neutral-CoT,2,school
45544,GPT_5,EI,2,school
45544,GPT_5,EA,2,school
45544,GPT_o4,Neutral,2,school
45544,GPT_o4,Neutral-CoT,2,school
45544,GPT_o4,EI,2,school
45544,GPT_o4,EA,2,school
45544,QwenN,Neutral,2,school
45544,QwenN,Neutral-CoT,2,school
45544,QwenN,EI,2,school
45544,QwenN,EA,2,school
45544,QwenT,Neutral,2,school
45544,QwenT,Neutral-CoT,2,school
45544,QwenT,EI,2,school
45544,QwenT,EA,2,school
45784,GPT_5,Neutral,1,event_daily_life
45784,GPT_5,Neutral-CoT,1,event_daily_life
45784,GPT_5,EI,1,event_daily_life
45784,GPT_5,EA,1,event_daily_life
45784,GPT_o4,Neutral,1,event_daily_life
45784,GPT_o4,Neutral-CoT,1,event_daily_life
45784,GPT_o4,EI,1,event_daily_life
45784,GPT_o4,EA,1,event_daily_life
45784,QwenN,Neutral,1,event_daily_life
45784,QwenN,Neutral-CoT,1,event_daily_life
45784,QwenN,EI,1,event_daily_life
45784,QwenN,EA,1,event_daily_life
45784,QwenT,Neutral,1,event_daily_life
45784,QwenT,Neutral-CoT,1,event_daily_life
45784,QwenT,EI,1,event_daily_life
45784,QwenT,EA,1,event_daily_life
45800,GPT_5,Neutral,2,close_relationship
45800,GPT_5,Neutral-CoT,2,close_relationship
45800,GPT_5,EI,2,close_relationship
45800,GPT_5,EA,2,close_relationship
45800,GPT_o4,Neutral,,close_relationship
45800,GPT_o4,Neutral-CoT,2,close_relationship
45800,GPT_o4,EI,2,close_relationship
45800,GPT_o4,EA,2,close_relationship
45800,QwenN,Neutral,2,close_relationship
45800,QwenN,Neutral-CoT,2,close_relationship
45800,QwenN,EI,2,close_relationship
45800,QwenN,EA,2,close_relationship
45800,QwenT,Neutral,2,close_relationship
45800,QwenT,Neutral-CoT,2,close_relationship
45800,QwenT,EI,2,close_relationship
45800,QwenT,EA,2,close_relationship
45811,GPT_5,Neutral,2,issue_young_people
45811,GPT_5,Neutral-CoT,2,issue_young_people
45811,GPT_5,EI,2,issue_young_people
45811,GPT_5,EA,2,issue_young_people
45811,GPT_o4,Neutral,2,issue_young_people
45811,GPT_o4,Neutral-CoT,2,issue_young_people
45811,GPT_o4,EI,2,issue_young_people
45811,GPT_o4,EA,2,issue_young_people
45811,QwenN,Neutral,2,issue_young_people
45811,QwenN,Neutral-CoT,2,issue_young_people
45811,QwenN,EI,2,issue_young_people
45811,QwenN,EA,2,issue_young_people
45811,QwenT,Neutral,2,issue_young_people
45811,QwenT,Neutral-CoT,2,issue_young_people
45811,QwenT,EI,2,issue_young_people
45811,QwenT,EA,2,issue_young_people
45837,GPT_5,Neutral,1,comitted_relationship
45837,GPT_5,Neutral-CoT,1,comitted_relationship
45837,GPT_5,EI,1,comitted_relationship
45837,GPT_5,EA,1,comitted_relationship
45837,GPT_o4,Neutral,1,comitted_relationship
45837,GPT_o4,Neutral-CoT,1,comitted_relationship
45837,GPT_o4,EI,1,comitted_relationship
45837,GPT_o4,EA,1,comitted_relationship
45837,QwenN,Neutral,1,comitted_relationship
45837,QwenN,Neutral-CoT,1,comitted_relationship
45837,QwenN,EI,1,comitted_relationship
45837,QwenN,EA,1,comitted_relationship
45837,QwenT,Neutral,1,comitted_relationship
45837,QwenT,Neutral-CoT,1,comitted_relationship
45837,QwenT,EI,1,comitted_relationship
45837,QwenT,EA,1,comitted_relationship
45857,GPT_5,Neutral,2,workplace
45857,GPT_5,Neutral-CoT,2,workplace
45857,GPT_5,EI,2,workplace
45857,GPT_5,EA,2,workplace
45857,GPT_o4,Neutral,2,workplace
45857,GPT_o4,Neutral-CoT,2,workplace
45857,GPT_o4,EI,1,workplace
45857,GPT_o4,EA,2,workplace
45857,QwenN,Neutral,2,workplace
45857,QwenN,Neutral-CoT,2,workplace
45857,QwenN,EI,2,workplace
45857,QwenN,EA,2,workplace
45857,QwenT,Neutral,2,workplace
45857,QwenT,Neutral-CoT,2,workplace
45857,QwenT,EI,1,workplace
45857,QwenT,EA,2,workplace
45893,GPT_5,Neutral,2,issue_wildlife_human_environment
45893,GPT_5,Neutral-CoT,2,issue_wildlife_human_environment
45893,GPT_5,EI,2,issue_wildlife_human_environment
45893,GPT_5,EA,2,issue_wildlife_human_environment
45893,GPT_o4,Neutral,2,issue_wildlife_human_environment
45893,GPT_o4,Neutral-CoT,2,issue_wildlife_human_environment
45893,GPT_o4,EI,2,issue_wildlife_human_environment
45893,GPT_o4,EA,2,issue_wildlife_human_environment
45893,QwenN,Neutral,2,issue_wildlife_human_environment
45893,QwenN,Neutral-CoT,2,issue_wildlife_human_environment
45893,QwenN,EI,2,issue_wildlife_human_environment
45893,QwenN,EA,2,issue_wildlife_human_environment
45893,QwenT,Neutral,2,issue_wildlife_human_environment
45893,QwenT,Neutral-CoT,2,issue_wildlife_human_environment
45893,QwenT,EI,2,issue_wildlife_human_environment
45893,QwenT,EA,2,issue_wildlife_human_environment
45919,GPT_5,Neutral,2,friend
45919,GPT_5,Neutral-CoT,2,friend
45919,GPT_5,EI,2,friend
45919,GPT_5,EA,2,friend
45919,GPT_o4,Neutral,2,friend
45919,GPT_o4,Neutral-CoT,1,friend
45919,GPT_o4,EI,1,friend
45919,GPT_o4,EA,1,friend
45919,QwenN,Neutral,2,friend
45919,QwenN,Neutral-CoT,2,friend
45919,QwenN,EI,2,friend
45919,QwenN,EA,2,friend
45919,QwenT,Neutral,2,friend
45919,QwenT,Neutral-CoT,2,friend
45919,QwenT,EI,2,friend
45919,QwenT,EA,1,friend
45938,GPT_5,Neutral,2,business_organization
45938,GPT_5,Neutral-CoT,2,business_organization
45938,GPT_5,EI,2,business_organization
45938,GPT_5,EA,2,business_organization
45938,GPT_o4,Neutral,2,business_organization
45938,GPT_o4,Neutral-CoT,2,business_organization
45938,GPT_o4,EI,2,business_organization
45938,GPT_o4,EA,2,business_organization
45938,QwenN,Neutral,2,business_organization
45938,QwenN,Neutral-CoT,2,business_organization
45938,QwenN,EI,2,business_organization
45938,QwenN,EA,2,business_organization
45938,QwenT,Neutral,2,business_organization
45938,QwenT,Neutral-CoT,2,business_organization
45938,QwenT,EI,1,business_organization
45938,QwenT,EA,2,business_organization
45983,GPT_5,Neutral,2,issue_pregnancy
45983,GPT_5,Neutral-CoT,1,issue_pregnancy
45983,GPT_5,EI,1,issue_pregnancy
45983,GPT_5,EA,1,issue_pregnancy
45983,GPT_o4,Neutral,2,issue_pregnancy
45983,GPT_o4,Neutral-CoT,2,issue_pregnancy
45983,GPT_o4,EI,2,issue_pregnancy
45983,GPT_o4,EA,2,issue_pregnancy
45983,QwenN,Neutral,2,issue_pregnancy
45983,QwenN,Neutral-CoT,2,issue_pregnancy
45983,QwenN,EI,2,issue_pregnancy
45983,QwenN,EA,2,issue_pregnancy
45983,QwenT,Neutral,2,issue_pregnancy
45983,QwenT,Neutral-CoT,2,issue_pregnancy
45983,QwenT,EI,2,issue_pregnancy
45983,QwenT,EA,2,issue_pregnancy
45985,GPT_5,Neutral,1,issue_personal_career
45985,GPT_5,Neutral-CoT,1,issue_personal_career
45985,GPT_5,EI,1,issue_personal_career
45985,GPT_5,EA,1,issue_personal_career
45985,GPT_o4,Neutral,1,issue_personal_career
45985,GPT_o4,Neutral-CoT,1,issue_personal_career
45985,GPT_o4,EI,1,issue_personal_career
45985,GPT_o4,EA,1,issue_personal_career
45985,QwenN,Neutral,1,issue_personal_career
45985,QwenN,Neutral-CoT,1,issue_personal_career
45985,QwenN,EI,1,issue_personal_career
45985,QwenN,EA,1,issue_personal_career
45985,QwenT,Neutral,1,issue_personal_career
45985,QwenT,Neutral-CoT,1,issue_personal_career
45985,QwenT,EI,1,issue_personal_career
45985,QwenT,EA,1,issue_personal_career
46026,GPT_5,Neutral,1,issue_wildlife_human_environment
46026,GPT_5,Neutral-CoT,2,issue_wildlife_human_environment
46026,GPT_5,EI,2,issue_wildlife_human_environment
46026,GPT_5,EA,2,issue_wildlife_human_environment
46026,GPT_o4,Neutral,2,issue_wildlife_human_environment
46026,GPT_o4,Neutral-CoT,2,issue_wildlife_human_environment
46026,GPT_o4,EI,2,issue_wildlife_human_environment
46026,GPT_o4,EA,2,issue_wildlife_human_environment
46026,QwenN,Neutral,2,issue_wildlife_human_environment
46026,QwenN,Neutral-CoT,2,issue_wildlife_human_environment
46026,QwenN,EI,2,issue_wildlife_human_environment
46026,QwenN,EA,2,issue_wildlife_human_environment
46026,QwenT,Neutral,2,issue_wildlife_human_environment
46026,QwenT,Neutral-CoT,2,issue_wildlife_human_environment
46026,QwenT,EI,2,issue_wildlife_human_environment
46026,QwenT,EA,2,issue_wildlife_human_environment
46132,GPT_5,Neutral,1,issue_wildlife_human_environment
46132,GPT_5,Neutral-CoT,1,issue_wildlife_human_environment
46132,GPT_5,EI,1,issue_wildlife_human_environment
46132,GPT_5,EA,1,issue_wildlife_human_environment
46132,GPT_o4,Neutral,1,issue_wildlife_human_environment
46132,GPT_o4,Neutral-CoT,1,issue_wildlife_human_environment
46132,GPT_o4,EI,2,issue_wildlife_human_environment
46132,GPT_o4,EA,1,issue_wildlife_human_environment
46132,QwenN,Neutral,1,issue_wildlife_human_environment
46132,QwenN,Neutral-CoT,1,issue_wildlife_human_environment
46132,QwenN,EI,1,issue_wildlife_human_environment
46132,QwenN,EA,1,issue_wildlife_human_environment
46132,QwenT,Neutral,1,issue_wildlife_human_environment
46132,QwenT,Neutral-CoT,1,issue_wildlife_human_environment
46132,QwenT,EI,1,issue_wildlife_human_environment
46132,QwenT,EA,1,issue_wildlife_human_environment
46147,GPT_5,Neutral,2,issue_crime_addiction
46147,GPT_5,Neutral-CoT,1,issue_crime_addiction
46147,GPT_5,EI,1,issue_crime_addiction
46147,GPT_5,EA,1,issue_crime_addiction
46147,GPT_o4,Neutral,1,issue_crime_addiction
46147,GPT_o4,Neutral-CoT,1,issue_crime_addiction
46147,GPT_o4,EI,1,issue_crime_addiction
46147,GPT_o4,EA,1,issue_crime_addiction
46147,QwenN,Neutral,1,issue_crime_addiction
46147,QwenN,Neutral-CoT,1,issue_crime_addiction
46147,QwenN,EI,1,issue_crime_addiction
46147,QwenN,EA,1,issue_crime_addiction
46147,QwenT,Neutral,1,issue_crime_addiction
46147,QwenT,Neutral-CoT,1,issue_crime_addiction
46147,QwenT,EI,1,issue_crime_addiction
46147,QwenT,EA,1,issue_crime_addiction
46160,GPT_5,Neutral,1,issue_pregnancy
46160,GPT_5,Neutral-CoT,1,issue_pregnancy
46160,GPT_5,EI,1,issue_pregnancy
46160,GPT_5,EA,1,issue_pregnancy
46160,GPT_o4,Neutral,1,issue_pregnancy
46160,GPT_o4,Neutral-CoT,1,issue_pregnancy
46160,GPT_o4,EI,1,issue_pregnancy
46160,GPT_o4,EA,1,issue_pregnancy
46160,QwenN,Neutral,1,issue_pregnancy
46160,QwenN,Neutral-CoT,1,issue_pregnancy
46160,QwenN,EI,1,issue_pregnancy
46160,QwenN,EA,1,issue_pregnancy
46160,QwenT,Neutral,1,issue_pregnancy
46160,QwenT,Neutral-CoT,1,issue_pregnancy
46160,QwenT,EI,1,issue_pregnancy
46160,QwenT,EA,1,issue_pregnancy
46218,GPT_5,Neutral,2,business_organization
46218,GPT_5,Neutral-CoT,2,business_organization
46218,GPT_5,EI,2,business_organization
46218,GPT_5,EA,2,business_organization
46218,GPT_o4,Neutral,2,business_organization
46218,GPT_o4,Neutral-CoT,2,business_organization
46218,GPT_o4,EI,2,business_organization
46218,GPT_o4,EA,2,business_organization
46218,QwenN,Neutral,2,business_organization
46218,QwenN,Neutral-CoT,2,business_organization
46218,QwenN,EI,2,business_organization
46218,QwenN,EA,2,business_organization
46218,QwenT,Neutral,1,business_organization
46218,QwenT,Neutral-CoT,2,business_organization
46218,QwenT,EI,2,business_organization
46218,QwenT,EA,2,business_organization
46346,GPT_5,Neutral,1,issue_crime_addiction
46346,GPT_5,Neutral-CoT,1,issue_crime_addiction
46346,GPT_5,EI,1,issue_crime_addiction
46346,GPT_5,EA,1,issue_crime_addiction
46346,GPT_o4,Neutral,1,issue_crime_addiction
46346,GPT_o4,Neutral-CoT,1,issue_crime_addiction
46346,GPT_o4,EI,1,issue_crime_addiction
46346,GPT_o4,EA,1,issue_crime_addiction
46346,QwenN,Neutral,1,issue_crime_addiction
46346,QwenN,Neutral-CoT,1,issue_crime_addiction
46346,QwenN,EI,1,issue_crime_addiction
46346,QwenN,EA,1,issue_crime_addiction
46346,QwenT,Neutral,1,issue_crime_addiction
46346,QwenT,Neutral-CoT,1,issue_crime_addiction
46346,QwenT,EI,1,issue_crime_addiction
46346,QwenT,EA,1,issue_crime_addiction
46371,GPT_5,Neutral,2,event_special
46371,GPT_5,Neutral-CoT,2,event_special
46371,GPT_5,EI,1,event_special
46371,GPT_5,EA,2,event_special
46371,GPT_o4,Neutral,2,event_special
46371,GPT_o4,Neutral-CoT,2,event_special
46371,GPT_o4,EI,1,event_special
46371,GPT_o4,EA,2,event_special
46371,QwenN,Neutral,2,event_special
46371,QwenN,Neutral-CoT,2,event_special
46371,QwenN,EI,1,event_special
46371,QwenN,EA,2,event_special
46371,QwenT,Neutral,2,event_special
46371,QwenT,Neutral-CoT,2,event_special
46371,QwenT,EI,2,event_special
46371,QwenT,EA,2,event_special
46372,GPT_5,Neutral,2,event_daily_life
46372,GPT_5,Neutral-CoT,2,event_daily_life
46372,GPT_5,EI,2,event_daily_life
46372,GPT_5,EA,2,event_daily_life
46372,GPT_o4,Neutral,2,event_daily_life
46372,GPT_o4,Neutral-CoT,2,event_daily_life
46372,GPT_o4,EI,2,event_daily_life
46372,GPT_o4,EA,2,event_daily_life
46372,QwenN,Neutral,2,event_daily_life
46372,QwenN,Neutral-CoT,2,event_daily_life
46372,QwenN,EI,2,event_daily_life
46372,QwenN,EA,2,event_daily_life
46372,QwenT,Neutral,2,event_daily_life
46372,QwenT,Neutral-CoT,2,event_daily_life
46372,QwenT,EI,2,event_daily_life
46372,QwenT,EA,2,event_daily_life
46555,GPT_5,Neutral,2,business_organization
46555,GPT_5,Neutral-CoT,2,business_organization
46555,GPT_5,EI,2,business_organization
46555,GPT_5,EA,2,business_organization
46555,GPT_o4,Neutral,2,business_organization
46555,GPT_o4,Neutral-CoT,2,business_organization
46555,GPT_o4,EI,1,business_organization
46555,GPT_o4,EA,2,business_organization
46555,QwenN,Neutral,1,business_organization
46555,QwenN,Neutral-CoT,1,business_organization
46555,QwenN,EI,1,business_organization
46555,QwenN,EA,1,business_organization
46555,QwenT,Neutral,1,business_organization
46555,QwenT,Neutral-CoT,2,business_organization
46555,QwenT,EI,1,business_organization
46555,QwenT,EA,2,business_organization
46569,GPT_5,Neutral,2,issue_pregnancy
46569,GPT_5,Neutral-CoT,2,issue_pregnancy
46569,GPT_5,EI,2,issue_pregnancy
46569,GPT_5,EA,2,issue_pregnancy
46569,GPT_o4,Neutral,2,issue_pregnancy
46569,GPT_o4,Neutral-CoT,2,issue_pregnancy
46569,GPT_o4,EI,2,issue_pregnancy
46569,GPT_o4,EA,2,issue_pregnancy
46569,QwenN,Neutral,2,issue_pregnancy
46569,QwenN,Neutral-CoT,2,issue_pregnancy
46569,QwenN,EI,2,issue_pregnancy
46569,QwenN,EA,2,issue_pregnancy
46569,QwenT,Neutral,2,issue_pregnancy
46569,QwenT,Neutral-CoT,2,issue_pregnancy
46569,QwenT,EI,2,issue_pregnancy
46569,QwenT,EA,2,issue_pregnancy
46595,GPT_5,Neutral,2,issue_pregnancy
46595,GPT_5,Neutral-CoT,2,issue_pregnancy
46595,GPT_5,EI,2,issue_pregnancy
46595,GPT_5,EA,2,issue_pregnancy
46595,GPT_o4,Neutral,2,issue_pregnancy
46595,GPT_o4,Neutral-CoT,2,issue_pregnancy
46595,GPT_o4,EI,2,issue_pregnancy
46595,GPT_o4,EA,2,issue_pregnancy
46595,QwenN,Neutral,2,issue_pregnancy
46595,QwenN,Neutral-CoT,2,issue_pregnancy
46595,QwenN,EI,2,issue_pregnancy
46595,QwenN,EA,2,issue_pregnancy
46595,QwenT,Neutral,2,issue_pregnancy
46595,QwenT,Neutral-CoT,2,issue_pregnancy
46595,QwenT,EI,2,issue_pregnancy
46595,QwenT,EA,2,issue_pregnancy
46674,GPT_5,Neutral,1,workplace
46674,GPT_5,Neutral-CoT,1,workplace
46674,GPT_5,EI,1,workplace
46674,GPT_5,EA,1,workplace
46674,GPT_o4,Neutral,1,workplace
46674,GPT_o4,Neutral-CoT,1,workplace
46674,GPT_o4,EI,1,workplace
46674,GPT_o4,EA,1,workplace
46674,QwenN,Neutral,1,workplace
46674,QwenN,Neutral-CoT,1,workplace
46674,QwenN,EI,1,workplace
46674,QwenN,EA,1,workplace
46674,QwenT,Neutral,2,workplace
46674,QwenT,Neutral-CoT,1,workplace
46674,QwenT,EI,1,workplace
46674,QwenT,EA,1,workplace
46707,GPT_5,Neutral,2,workplace
46707,GPT_5,Neutral-CoT,2,workplace
46707,GPT_5,EI,1,workplace
46707,GPT_5,EA,2,workplace
46707,GPT_o4,Neutral,2,workplace
46707,GPT_o4,Neutral-CoT,2,workplace
46707,GPT_o4,EI,1,workplace
46707,GPT_o4,EA,2,workplace
46707,QwenN,Neutral,1,workplace
46707,QwenN,Neutral-CoT,1,workplace
46707,QwenN,EI,1,workplace
46707,QwenN,EA,2,workplace
46707,QwenT,Neutral,1,workplace
46707,QwenT,Neutral-CoT,1,workplace
46707,QwenT,EI,1,workplace
46707,QwenT,EA,1,workplace
46710,GPT_5,Neutral,2,religion_custom
46710,GPT_5,Neutral-CoT,2,religion_custom
46710,GPT_5,EI,2,religion_custom
46710,GPT_5,EA,2,religion_custom
46710,GPT_o4,Neutral,2,religion_custom
46710,GPT_o4,Neutral-CoT,2,religion_custom
46710,GPT_o4,EI,2,religion_custom
46710,GPT_o4,EA,2,religion_custom
46710,QwenN,Neutral,2,religion_custom
46710,QwenN,Neutral-CoT,2,religion_custom
46710,QwenN,EI,2,religion_custom
46710,QwenN,EA,2,religion_custom
46710,QwenT,Neutral,2,religion_custom
46710,QwenT,Neutral-CoT,2,religion_custom
46710,QwenT,EI,2,religion_custom
46710,QwenT,EA,2,religion_custom
46751,GPT_5,Neutral,2,issue_self_image_social
46751,GPT_5,Neutral-CoT,2,issue_self_image_social
46751,GPT_5,EI,2,issue_self_image_social
46751,GPT_5,EA,2,issue_self_image_social
46751,GPT_o4,Neutral,2,issue_self_image_social
46751,GPT_o4,Neutral-CoT,2,issue_self_image_social
46751,GPT_o4,EI,2,issue_self_image_social
46751,GPT_o4,EA,2,issue_self_image_social
46751,QwenN,Neutral,2,issue_self_image_social
46751,QwenN,Neutral-CoT,2,issue_self_image_social
46751,QwenN,EI,2,issue_self_image_social
46751,QwenN,EA,2,issue_self_image_social
46751,QwenT,Neutral,2,issue_self_image_social
46751,QwenT,Neutral-CoT,2,issue_self_image_social
46751,QwenT,EI,2,issue_self_image_social
46751,QwenT,EA,2,issue_self_image_social
46756,GPT_5,Neutral,1,school
46756,GPT_5,Neutral-CoT,1,school
46756,GPT_5,EI,1,school
46756,GPT_5,EA,1,school
46756,GPT_o4,Neutral,1,school
46756,GPT_o4,Neutral-CoT,1,school
46756,GPT_o4,EI,1,school
46756,GPT_o4,EA,1,school
46756,QwenN,Neutral,1,school
46756,QwenN,Neutral-CoT,1,school
46756,QwenN,EI,1,school
46756,QwenN,EA,1,school
46756,QwenT,Neutral,1,school
46756,QwenT,Neutral-CoT,1,school
46756,QwenT,EI,1,school
46756,QwenT,EA,1,school
46758,GPT_5,Neutral,2,issue_pregnancy
46758,GPT_5,Neutral-CoT,2,issue_pregnancy
46758,GPT_5,EI,2,issue_pregnancy
46758,GPT_5,EA,2,issue_pregnancy
46758,GPT_o4,Neutral,1,issue_pregnancy
46758,GPT_o4,Neutral-CoT,1,issue_pregnancy
46758,GPT_o4,EI,1,issue_pregnancy
46758,GPT_o4,EA,2,issue_pregnancy
46758,QwenN,Neutral,2,issue_pregnancy
46758,QwenN,Neutral-CoT,2,issue_pregnancy
46758,QwenN,EI,1,issue_pregnancy
46758,QwenN,EA,2,issue_pregnancy
46758,QwenT,Neutral,2,issue_pregnancy
46758,QwenT,Neutral-CoT,2,issue_pregnancy
46758,QwenT,EI,2,issue_pregnancy
46758,QwenT,EA,2,issue_pregnancy
46810,GPT_5,Neutral,2,comitted_relationship
46810,GPT_5,Neutral-CoT,2,comitted_relationship
46810,GPT_5,EI,2,comitted_relationship
46810,GPT_5,EA,2,comitted_relationship
46810,GPT_o4,Neutral,2,comitted_relationship
46810,GPT_o4,Neutral-CoT,2,comitted_relationship
46810,GPT_o4,EI,2,comitted_relationship
46810,GPT_o4,EA,2,comitted_relationship
46810,QwenN,Neutral,2,comitted_relationship
46810,QwenN,Neutral-CoT,2,comitted_relationship
46810,QwenN,EI,2,comitted_relationship
46810,QwenN,EA,2,comitted_relationship
46810,QwenT,Neutral,2,comitted_relationship
46810,QwenT,Neutral-CoT,2,comitted_relationship
46810,QwenT,EI,2,comitted_relationship
46810,QwenT,EA,2,comitted_relationship
46859,GPT_5,Neutral,2,role_duty_responsibility
46859,GPT_5,Neutral-CoT,2,role_duty_responsibility
46859,GPT_5,EI,2,role_duty_responsibility
46859,GPT_5,EA,2,role_duty_responsibility
46859,GPT_o4,Neutral,2,role_duty_responsibility
46859,GPT_o4,Neutral-CoT,2,role_duty_responsibility
46859,GPT_o4,EI,2,role_duty_responsibility
46859,GPT_o4,EA,2,role_duty_responsibility
46859,QwenN,Neutral,2,role_duty_responsibility
46859,QwenN,Neutral-CoT,2,role_duty_responsibility
46859,QwenN,EI,2,role_duty_responsibility
46859,QwenN,EA,2,role_duty_responsibility
46859,QwenT,Neutral,2,role_duty_responsibility
46859,QwenT,Neutral-CoT,2,role_duty_responsibility
46859,QwenT,EI,1,role_duty_responsibility
46859,QwenT,EA,2,role_duty_responsibility
46880,GPT_5,Neutral,1,issue_personal_career
46880,GPT_5,Neutral-CoT,1,issue_personal_career
46880,GPT_5,EI,1,issue_personal_career
46880,GPT_5,EA,1,issue_personal_career
46880,GPT_o4,Neutral,1,issue_personal_career
46880,GPT_o4,Neutral-CoT,1,issue_personal_career
46880,GPT_o4,EI,1,issue_personal_career
46880,GPT_o4,EA,1,issue_personal_career
46880,QwenN,Neutral,1,issue_personal_career
46880,QwenN,Neutral-CoT,1,issue_personal_career
46880,QwenN,EI,1,issue_personal_career
46880,QwenN,EA,1,issue_personal_career
46880,QwenT,Neutral,1,issue_personal_career
46880,QwenT,Neutral-CoT,1,issue_personal_career
46880,QwenT,EI,1,issue_personal_career
46880,QwenT,EA,1,issue_personal_career
46894,GPT_5,Neutral,2,issue_pregnancy
46894,GPT_5,Neutral-CoT,2,issue_pregnancy
46894,GPT_5,EI,2,issue_pregnancy
46894,GPT_5,EA,2,issue_pregnancy
46894,GPT_o4,Neutral,2,issue_pregnancy
46894,GPT_o4,Neutral-CoT,2,issue_pregnancy
46894,GPT_o4,EI,2,issue_pregnancy
46894,GPT_o4,EA,2,issue_pregnancy
46894,QwenN,Neutral,2,issue_pregnancy
46894,QwenN,Neutral-CoT,2,issue_pregnancy
46894,QwenN,EI,2,issue_pregnancy
46894,QwenN,EA,2,issue_pregnancy
46894,QwenT,Neutral,2,issue_pregnancy
46894,QwenT,Neutral-CoT,2,issue_pregnancy
46894,QwenT,EI,2,issue_pregnancy
46894,QwenT,EA,2,issue_pregnancy
46969,GPT_5,Neutral,2,event_special
46969,GPT_5,Neutral-CoT,2,event_special
46969,GPT_5,EI,2,event_special
46969,GPT_5,EA,2,event_special
46969,GPT_o4,Neutral,2,event_special
46969,GPT_o4,Neutral-CoT,2,event_special
46969,GPT_o4,EI,2,event_special
46969,GPT_o4,EA,2,event_special
46969,QwenN,Neutral,2,event_special
46969,QwenN,Neutral-CoT,2,event_special
46969,QwenN,EI,2,event_special
46969,QwenN,EA,2,event_special
46969,QwenT,Neutral,2,event_special
46969,QwenT,Neutral-CoT,2,event_special
46969,QwenT,EI,2,event_special
46969,QwenT,EA,2,event_special
47024,GPT_5,Neutral,1,religion_custom
47024,GPT_5,Neutral-CoT,1,religion_custom
47024,GPT_5,EI,1,religion_custom
47024,GPT_5,EA,1,religion_custom
47024,GPT_o4,Neutral,2,religion_custom
47024,GPT_o4,Neutral-CoT,2,religion_custom
47024,GPT_o4,EI,2,religion_custom
47024,GPT_o4,EA,2,religion_custom
47024,QwenN,Neutral,1,religion_custom
47024,QwenN,Neutral-CoT,1,religion_custom
47024,QwenN,EI,1,religion_custom
47024,QwenN,EA,1,religion_custom
47024,QwenT,Neutral,2,religion_custom
47024,QwenT,Neutral-CoT,2,religion_custom
47024,QwenT,EI,2,religion_custom
47024,QwenT,EA,2,religion_custom
47060,GPT_5,Neutral,2,issue_young_people
47060,GPT_5,Neutral-CoT,2,issue_young_people
47060,GPT_5,EI,2,issue_young_people
47060,GPT_5,EA,2,issue_young_people
47060,GPT_o4,Neutral,2,issue_young_people
47060,GPT_o4,Neutral-CoT,2,issue_young_people
47060,GPT_o4,EI,2,issue_young_people
47060,GPT_o4,EA,2,issue_young_people
47060,QwenN,Neutral,2,issue_young_people
47060,QwenN,Neutral-CoT,2,issue_young_people
47060,QwenN,EI,2,issue_young_people
47060,QwenN,EA,2,issue_young_people
47060,QwenT,Neutral,2,issue_young_people
47060,QwenT,Neutral-CoT,2,issue_young_people
47060,QwenT,EI,2,issue_young_people
47060,QwenT,EA,2,issue_young_people
47065,GPT_5,Neutral,1,comitted_relationship
47065,GPT_5,Neutral-CoT,1,comitted_relationship
47065,GPT_5,EI,1,comitted_relationship
47065,GPT_5,EA,1,comitted_relationship
47065,GPT_o4,Neutral,1,comitted_relationship
47065,GPT_o4,Neutral-CoT,1,comitted_relationship
47065,GPT_o4,EI,1,comitted_relationship
47065,GPT_o4,EA,1,comitted_relationship
47065,QwenN,Neutral,1,comitted_relationship
47065,QwenN,Neutral-CoT,1,comitted_relationship
47065,QwenN,EI,1,comitted_relationship
47065,QwenN,EA,1,comitted_relationship
47065,QwenT,Neutral,1,comitted_relationship
47065,QwenT,Neutral-CoT,2,comitted_relationship
47065,QwenT,EI,1,comitted_relationship
47065,QwenT,EA,1,comitted_relationship
47097,GPT_5,Neutral,1,issue_pregnancy
47097,GPT_5,Neutral-CoT,1,issue_pregnancy
47097,GPT_5,EI,1,issue_pregnancy
47097,GPT_5,EA,1,issue_pregnancy
47097,GPT_o4,Neutral,1,issue_pregnancy
47097,GPT_o4,Neutral-CoT,1,issue_pregnancy
47097,GPT_o4,EI,1,issue_pregnancy
47097,GPT_o4,EA,1,issue_pregnancy
47097,QwenN,Neutral,1,issue_pregnancy
47097,QwenN,Neutral-CoT,1,issue_pregnancy
47097,QwenN,EI,1,issue_pregnancy
47097,QwenN,EA,1,issue_pregnancy
47097,QwenT,Neutral,2,issue_pregnancy
47097,QwenT,Neutral-CoT,2,issue_pregnancy
47097,QwenT,EI,2,issue_pregnancy
47097,QwenT,EA,2,issue_pregnancy
47139,GPT_5,Neutral,2,event_special
47139,GPT_5,Neutral-CoT,2,event_special
47139,GPT_5,EI,1,event_special
47139,GPT_5,EA,2,event_special
47139,GPT_o4,Neutral,2,event_special
47139,GPT_o4,Neutral-CoT,2,event_special
47139,GPT_o4,EI,1,event_special
47139,GPT_o4,EA,2,event_special
47139,QwenN,Neutral,2,event_special
47139,QwenN,Neutral-CoT,2,event_special
47139,QwenN,EI,1,event_special
47139,QwenN,EA,2,event_special
47139,QwenT,Neutral,2,event_special
47139,QwenT,Neutral-CoT,2,event_special
47139,QwenT,EI,1,event_special
47139,QwenT,EA,2,event_special
47169,GPT_5,Neutral,2,issue_personal_career
47169,GPT_5,Neutral-CoT,2,issue_personal_career
47169,GPT_5,EI,2,issue_personal_career
47169,GPT_5,EA,2,issue_personal_career
47169,GPT_o4,Neutral,2,issue_personal_career
47169,GPT_o4,Neutral-CoT,2,issue_personal_career
47169,GPT_o4,EI,2,issue_personal_career
47169,GPT_o4,EA,2,issue_personal_career
47169,QwenN,Neutral,2,issue_personal_career
47169,QwenN,Neutral-CoT,2,issue_personal_career
47169,QwenN,EI,2,issue_personal_career
47169,QwenN,EA,2,issue_personal_career
47169,QwenT,Neutral,2,issue_personal_career
47169,QwenT,Neutral-CoT,2,issue_personal_career
47169,QwenT,EI,2,issue_personal_career
47169,QwenT,EA,2,issue_personal_career
47174,GPT_5,Neutral,2,family
47174,GPT_5,Neutral-CoT,2,family
47174,GPT_5,EI,2,family
47174,GPT_5,EA,2,family
47174,GPT_o4,Neutral,1,family
47174,GPT_o4,Neutral-CoT,1,family
47174,GPT_o4,EI,1,family
47174,GPT_o4,EA,1,family
47174,QwenN,Neutral,1,family
47174,QwenN,Neutral-CoT,1,family
47174,QwenN,EI,1,family
47174,QwenN,EA,1,family
47174,QwenT,Neutral,1,family
47174,QwenT,Neutral-CoT,2,family
47174,QwenT,EI,2,family
47174,QwenT,EA,1,family
47216,GPT_5,Neutral,2,issue_wildlife_human_environment
47216,GPT_5,Neutral-CoT,2,issue_wildlife_human_environment
47216,GPT_5,EI,2,issue_wildlife_human_environment
47216,GPT_5,EA,2,issue_wildlife_human_environment
47216,GPT_o4,Neutral,2,issue_wildlife_human_environment
47216,GPT_o4,Neutral-CoT,2,issue_wildlife_human_environment
47216,GPT_o4,EI,2,issue_wildlife_human_environment
47216,GPT_o4,EA,2,issue_wildlife_human_environment
47216,QwenN,Neutral,2,issue_wildlife_human_environment
47216,QwenN,Neutral-CoT,2,issue_wildlife_human_environment
47216,QwenN,EI,2,issue_wildlife_human_environment
47216,QwenN,EA,2,issue_wildlife_human_environment
47216,QwenT,Neutral,2,issue_wildlife_human_environment
47216,QwenT,Neutral-CoT,2,issue_wildlife_human_environment
47216,QwenT,EI,2,issue_wildlife_human_environment
47216,QwenT,EA,2,issue_wildlife_human_environment
47246,GPT_5,Neutral,2,issue_young_people
47246,GPT_5,Neutral-CoT,2,issue_young_people
47246,GPT_5,EI,2,issue_young_people
47246,GPT_5,EA,2,issue_young_people
47246,GPT_o4,Neutral,2,issue_young_people
47246,GPT_o4,Neutral-CoT,1,issue_young_people
47246,GPT_o4,EI,1,issue_young_people
47246,GPT_o4,EA,1,issue_young_people
47246,QwenN,Neutral,2,issue_young_people
47246,QwenN,Neutral-CoT,2,issue_young_people
47246,QwenN,EI,2,issue_young_people
47246,QwenN,EA,2,issue_young_people
47246,QwenT,Neutral,2,issue_young_people
47246,QwenT,Neutral-CoT,2,issue_young_people
47246,QwenT,EI,2,issue_young_people
47246,QwenT,EA,2,issue_young_people
47249,GPT_5,Neutral,2,event_daily_life
47249,GPT_5,Neutral-CoT,2,event_daily_life
47249,GPT_5,EI,2,event_daily_life
47249,GPT_5,EA,2,event_daily_life
47249,GPT_o4,Neutral,2,event_daily_life
47249,GPT_o4,Neutral-CoT,2,event_daily_life
47249,GPT_o4,EI,2,event_daily_life
47249,GPT_o4,EA,2,event_daily_life
47249,QwenN,Neutral,2,event_daily_life
47249,QwenN,Neutral-CoT,2,event_daily_life
47249,QwenN,EI,2,event_daily_life
47249,QwenN,EA,2,event_daily_life
47249,QwenT,Neutral,2,event_daily_life
47249,QwenT,Neutral-CoT,2,event_daily_life
47249,QwenT,EI,2,event_daily_life
47249,QwenT,EA,2,event_daily_life
47362,GPT_5,Neutral,1,family
47362,GPT_5,Neutral-CoT,1,family
47362,GPT_5,EI,1,family
47362,GPT_5,EA,1,family
47362,GPT_o4,Neutral,1,family
47362,GPT_o4,Neutral-CoT,1,family
47362,GPT_o4,EI,1,family
47362,GPT_o4,EA,1,family
47362,QwenN,Neutral,1,family
47362,QwenN,Neutral-CoT,1,family
47362,QwenN,EI,1,family
47362,QwenN,EA,1,family
47362,QwenT,Neutral,1,family
47362,QwenT,Neutral-CoT,1,family
47362,QwenT,EI,1,family
47362,QwenT,EA,1,family
47371,GPT_5,Neutral,1,issue_wildlife_human_environment
47371,GPT_5,Neutral-CoT,1,issue_wildlife_human_environment
47371,GPT_5,EI,1,issue_wildlife_human_environment
47371,GPT_5,EA,1,issue_wildlife_human_environment
47371,GPT_o4,Neutral,1,issue_wildlife_human_environment
47371,GPT_o4,Neutral-CoT,1,issue_wildlife_human_environment
47371,GPT_o4,EI,1,issue_wildlife_human_environment
47371,GPT_o4,EA,1,issue_wildlife_human_environment
47371,QwenN,Neutral,1,issue_wildlife_human_environment
47371,QwenN,Neutral-CoT,1,issue_wildlife_human_environment
47371,QwenN,EI,1,issue_wildlife_human_environment
47371,QwenN,EA,1,issue_wildlife_human_environment
47371,QwenT,Neutral,1,issue_wildlife_human_environment
47371,QwenT,Neutral-CoT,1,issue_wildlife_human_environment
47371,QwenT,EI,1,issue_wildlife_human_environment
47371,QwenT,EA,1,issue_wildlife_human_environment
47560,GPT_5,Neutral,1,issue_young_people
47560,GPT_5,Neutral-CoT,1,issue_young_people
47560,GPT_5,EI,1,issue_young_people
47560,GPT_5,EA,1,issue_young_people
47560,GPT_o4,Neutral,1,issue_young_people
47560,GPT_o4,Neutral-CoT,1,issue_young_people
47560,GPT_o4,EI,1,issue_young_people
47560,GPT_o4,EA,1,issue_young_people
47560,QwenN,Neutral,1,issue_young_people
47560,QwenN,Neutral-CoT,1,issue_young_people
47560,QwenN,EI,1,issue_young_people
47560,QwenN,EA,1,issue_young_people
47560,QwenT,Neutral,2,issue_young_people
47560,QwenT,Neutral-CoT,2,issue_young_people
47560,QwenT,EI,1,issue_young_people
47560,QwenT,EA,2,issue_young_people
47603,GPT_5,Neutral,2,issue_self_image_social
47603,GPT_5,Neutral-CoT,2,issue_self_image_social
47603,GPT_5,EI,1,issue_self_image_social
47603,GPT_5,EA,2,issue_self_image_social
47603,GPT_o4,Neutral,1,issue_self_image_social
47603,GPT_o4,Neutral-CoT,1,issue_self_image_social
47603,GPT_o4,EI,1,issue_self_image_social
47603,GPT_o4,EA,1,issue_self_image_social
47603,QwenN,Neutral,1,issue_self_image_social
47603,QwenN,Neutral-CoT,1,issue_self_image_social
47603,QwenN,EI,1,issue_self_image_social
47603,QwenN,EA,1,issue_self_image_social
47603,QwenT,Neutral,2,issue_self_image_social
47603,QwenT,Neutral-CoT,2,issue_self_image_social
47603,QwenT,EI,2,issue_self_image_social
47603,QwenT,EA,2,issue_self_image_social
47619,GPT_5,Neutral,2,issue_personal_career
47619,GPT_5,Neutral-CoT,2,issue_personal_career
47619,GPT_5,EI,2,issue_personal_career
47619,GPT_5,EA,2,issue_personal_career
47619,GPT_o4,Neutral,2,issue_personal_career
47619,GPT_o4,Neutral-CoT,2,issue_personal_career
47619,GPT_o4,EI,2,issue_personal_career
47619,GPT_o4,EA,2,issue_personal_career
47619,QwenN,Neutral,2,issue_personal_career
47619,QwenN,Neutral-CoT,2,issue_personal_career
47619,QwenN,EI,2,issue_personal_career
47619,QwenN,EA,2,issue_personal_career
47619,QwenT,Neutral,2,issue_personal_career
47619,QwenT,Neutral-CoT,2,issue_personal_career
47619,QwenT,EI,2,issue_personal_career
47619,QwenT,EA,2,issue_personal_career
47632,GPT_5,Neutral,1,issue_self_image_social
47632,GPT_5,Neutral-CoT,1,issue_self_image_social
47632,GPT_5,EI,1,issue_self_image_social
47632,GPT_5,EA,1,issue_self_image_social
47632,GPT_o4,Neutral,1,issue_self_image_social
47632,GPT_o4,Neutral-CoT,1,issue_self_image_social
47632,GPT_o4,EI,1,issue_self_image_social
47632,GPT_o4,EA,1,issue_self_image_social
47632,QwenN,Neutral,1,issue_self_image_social
47632,QwenN,Neutral-CoT,1,issue_self_image_social
47632,QwenN,EI,1,issue_self_image_social
47632,QwenN,EA,1,issue_self_image_social
47632,QwenT,Neutral,1,issue_self_image_social
47632,QwenT,Neutral-CoT,1,issue_self_image_social
47632,QwenT,EI,1,issue_self_image_social
47632,QwenT,EA,1,issue_self_image_social
47865,GPT_5,Neutral,2,business_organization
47865,GPT_5,Neutral-CoT,2,business_organization
47865,GPT_5,EI,2,business_organization
47865,GPT_5,EA,2,business_organization
47865,GPT_o4,Neutral,2,business_organization
47865,GPT_o4,Neutral-CoT,2,business_organization
47865,GPT_o4,EI,2,business_organization
47865,GPT_o4,EA,2,business_organization
47865,QwenN,Neutral,2,business_organization
47865,QwenN,Neutral-CoT,2,business_organization
47865,QwenN,EI,2,business_organization
47865,QwenN,EA,2,business_organization
47865,QwenT,Neutral,2,business_organization
47865,QwenT,Neutral-CoT,2,business_organization
47865,QwenT,EI,2,business_organization
47865,QwenT,EA,2,business_organization
47886,GPT_5,Neutral,1,close_relationship
47886,GPT_5,Neutral-CoT,1,close_relationship
47886,GPT_5,EI,1,close_relationship
47886,GPT_5,EA,1,close_relationship
47886,GPT_o4,Neutral,1,close_relationship
47886,GPT_o4,Neutral-CoT,1,close_relationship
47886,GPT_o4,EI,1,close_relationship
47886,GPT_o4,EA,1,close_relationship
47886,QwenN,Neutral,1,close_relationship
47886,QwenN,Neutral-CoT,1,close_relationship
47886,QwenN,EI,1,close_relationship
47886,QwenN,EA,1,close_relationship
47886,QwenT,Neutral,1,close_relationship
47886,QwenT,Neutral-CoT,1,close_relationship
47886,QwenT,EI,1,close_relationship
47886,QwenT,EA,1,close_relationship
48180,GPT_5,Neutral,2,event_daily_life
48180,GPT_5,Neutral-CoT,2,event_daily_life
48180,GPT_5,EI,2,event_daily_life
48180,GPT_5,EA,2,event_daily_life
48180,GPT_o4,Neutral,2,event_daily_life
48180,GPT_o4,Neutral-CoT,2,event_daily_life
48180,GPT_o4,EI,2,event_daily_life
48180,GPT_o4,EA,2,event_daily_life
48180,QwenN,Neutral,2,event_daily_life
48180,QwenN,Neutral-CoT,2,event_daily_life
48180,QwenN,EI,2,event_daily_life
48180,QwenN,EA,2,event_daily_life
48180,QwenT,Neutral,2,event_daily_life
48180,QwenT,Neutral-CoT,2,event_daily_life
48180,QwenT,EI,2,event_daily_life
48180,QwenT,EA,2,event_daily_life
48182,GPT_5,Neutral,1,issue_pregnancy
48182,GPT_5,Neutral-CoT,1,issue_pregnancy
48182,GPT_5,EI,1,issue_pregnancy
48182,GPT_5,EA,1,issue_pregnancy
48182,GPT_o4,Neutral,1,issue_pregnancy
48182,GPT_o4,Neutral-CoT,1,issue_pregnancy
48182,GPT_o4,EI,1,issue_pregnancy
48182,GPT_o4,EA,1,issue_pregnancy
48182,QwenN,Neutral,1,issue_pregnancy
48182,QwenN,Neutral-CoT,1,issue_pregnancy
48182,QwenN,EI,1,issue_pregnancy
48182,QwenN,EA,1,issue_pregnancy
48182,QwenT,Neutral,1,issue_pregnancy
48182,QwenT,Neutral-CoT,1,issue_pregnancy
48182,QwenT,EI,1,issue_pregnancy
48182,QwenT,EA,1,issue_pregnancy
48217,GPT_5,Neutral,2,close_relationship
48217,GPT_5,Neutral-CoT,2,close_relationship
48217,GPT_5,EI,2,close_relationship
48217,GPT_5,EA,2,close_relationship
48217,GPT_o4,Neutral,2,close_relationship
48217,GPT_o4,Neutral-CoT,2,close_relationship
48217,GPT_o4,EI,2,close_relationship
48217,GPT_o4,EA,2,close_relationship
48217,QwenN,Neutral,2,close_relationship
48217,QwenN,Neutral-CoT,2,close_relationship
48217,QwenN,EI,2,close_relationship
48217,QwenN,EA,2,close_relationship
48217,QwenT,Neutral,2,close_relationship
48217,QwenT,Neutral-CoT,2,close_relationship
48217,QwenT,EI,2,close_relationship
48217,QwenT,EA,2,close_relationship
48246,GPT_5,Neutral,1,issue_personal_career
48246,GPT_5,Neutral-CoT,1,issue_personal_career
48246,GPT_5,EI,1,issue_personal_career
48246,GPT_5,EA,1,issue_personal_career
48246,GPT_o4,Neutral,1,issue_personal_career
48246,GPT_o4,Neutral-CoT,1,issue_personal_career
48246,GPT_o4,EI,1,issue_personal_career
48246,GPT_o4,EA,1,issue_personal_career
48246,QwenN,Neutral,1,issue_personal_career
48246,QwenN,Neutral-CoT,1,issue_personal_career
48246,QwenN,EI,1,issue_personal_career
48246,QwenN,EA,1,issue_personal_career
48246,QwenT,Neutral,1,issue_personal_career
48246,QwenT,Neutral-CoT,1,issue_personal_career
48246,QwenT,EI,1,issue_personal_career
48246,QwenT,EA,1,issue_personal_career
48295,GPT_5,Neutral,2,issue_wildlife_human_environment
48295,GPT_5,Neutral-CoT,2,issue_wildlife_human_environment
48295,GPT_5,EI,2,issue_wildlife_human_environment
48295,GPT_5,EA,2,issue_wildlife_human_environment
48295,GPT_o4,Neutral,2,issue_wildlife_human_environment
48295,GPT_o4,Neutral-CoT,2,issue_wildlife_human_environment
48295,GPT_o4,EI,2,issue_wildlife_human_environment
48295,GPT_o4,EA,2,issue_wildlife_human_environment
48295,QwenN,Neutral,2,issue_wildlife_human_environment
48295,QwenN,Neutral-CoT,2,issue_wildlife_human_environment
48295,QwenN,EI,2,issue_wildlife_human_environment
48295,QwenN,EA,2,issue_wildlife_human_environment
48295,QwenT,Neutral,2,issue_wildlife_human_environment
48295,QwenT,Neutral-CoT,2,issue_wildlife_human_environment
48295,QwenT,EI,2,issue_wildlife_human_environment
48295,QwenT,EA,2,issue_wildlife_human_environment
48329,GPT_5,Neutral,1,issue_self_image_social
48329,GPT_5,Neutral-CoT,1,issue_self_image_social
48329,GPT_5,EI,1,issue_self_image_social
48329,GPT_5,EA,1,issue_self_image_social
48329,GPT_o4,Neutral,1,issue_self_image_social
48329,GPT_o4,Neutral-CoT,1,issue_self_image_social
48329,GPT_o4,EI,1,issue_self_image_social
48329,GPT_o4,EA,1,issue_self_image_social
48329,QwenN,Neutral,1,issue_self_image_social
48329,QwenN,Neutral-CoT,1,issue_self_image_social
48329,QwenN,EI,1,issue_self_image_social
48329,QwenN,EA,1,issue_self_image_social
48329,QwenT,Neutral,1,issue_self_image_social
48329,QwenT,Neutral-CoT,1,issue_self_image_social
48329,QwenT,EI,1,issue_self_image_social
48329,QwenT,EA,1,issue_self_image_social
48352,GPT_5,Neutral,1,business_organization
48352,GPT_5,Neutral-CoT,1,business_organization
48352,GPT_5,EI,1,business_organization
48352,GPT_5,EA,1,business_organization
48352,GPT_o4,Neutral,1,business_organization
48352,GPT_o4,Neutral-CoT,1,business_organization
48352,GPT_o4,EI,1,business_organization
48352,GPT_o4,EA,1,business_organization
48352,QwenN,Neutral,1,business_organization
48352,QwenN,Neutral-CoT,1,business_organization
48352,QwenN,EI,2,business_organization
48352,QwenN,EA,1,business_organization
48352,QwenT,Neutral,1,business_organization
48352,QwenT,Neutral-CoT,1,business_organization
48352,QwenT,EI,1,business_organization
48352,QwenT,EA,1,business_organization
48355,GPT_5,Neutral,2,event_special
48355,GPT_5,Neutral-CoT,2,event_special
48355,GPT_5,EI,1,event_special
48355,GPT_5,EA,2,event_special
48355,GPT_o4,Neutral,2,event_special
48355,GPT_o4,Neutral-CoT,2,event_special
48355,GPT_o4,EI,2,event_special
48355,GPT_o4,EA,2,event_special
48355,QwenN,Neutral,1,event_special
48355,QwenN,Neutral-CoT,1,event_special
48355,QwenN,EI,1,event_special
48355,QwenN,EA,1,event_special
48355,QwenT,Neutral,2,event_special
48355,QwenT,Neutral-CoT,2,event_special
48355,QwenT,EI,1,event_special
48355,QwenT,EA,2,event_special
48359,GPT_5,Neutral,1,issue_crime_addiction
48359,GPT_5,Neutral-CoT,1,issue_crime_addiction
48359,GPT_5,EI,1,issue_crime_addiction
48359,GPT_5,EA,1,issue_crime_addiction
48359,GPT_o4,Neutral,1,issue_crime_addiction
48359,GPT_o4,Neutral-CoT,2,issue_crime_addiction
48359,GPT_o4,EI,2,issue_crime_addiction
48359,GPT_o4,EA,1,issue_crime_addiction
48359,QwenN,Neutral,1,issue_crime_addiction
48359,QwenN,Neutral-CoT,2,issue_crime_addiction
48359,QwenN,EI,2,issue_crime_addiction
48359,QwenN,EA,2,issue_crime_addiction
48359,QwenT,Neutral,1,issue_crime_addiction
48359,QwenT,Neutral-CoT,1,issue_crime_addiction
48359,QwenT,EI,1,issue_crime_addiction
48359,QwenT,EA,1,issue_crime_addiction
48434,GPT_5,Neutral,1,issue_wildlife_human_environment
48434,GPT_5,Neutral-CoT,1,issue_wildlife_human_environment
48434,GPT_5,EI,1,issue_wildlife_human_environment
48434,GPT_5,EA,1,issue_wildlife_human_environment
48434,GPT_o4,Neutral,2,issue_wildlife_human_environment
48434,GPT_o4,Neutral-CoT,2,issue_wildlife_human_environment
48434,GPT_o4,EI,2,issue_wildlife_human_environment
48434,GPT_o4,EA,2,issue_wildlife_human_environment
48434,QwenN,Neutral,2,issue_wildlife_human_environment
48434,QwenN,Neutral-CoT,1,issue_wildlife_human_environment
48434,QwenN,EI,1,issue_wildlife_human_environment
48434,QwenN,EA,1,issue_wildlife_human_environment
48434,QwenT,Neutral,2,issue_wildlife_human_environment
48434,QwenT,Neutral-CoT,2,issue_wildlife_human_environment
48434,QwenT,EI,1,issue_wildlife_human_environment
48434,QwenT,EA,2,issue_wildlife_human_environment
48441,GPT_5,Neutral,2,issue_wildlife_human_environment
48441,GPT_5,Neutral-CoT,2,issue_wildlife_human_environment
48441,GPT_5,EI,1,issue_wildlife_human_environment
48441,GPT_5,EA,2,issue_wildlife_human_environment
48441,GPT_o4,Neutral,1,issue_wildlife_human_environment
48441,GPT_o4,Neutral-CoT,1,issue_wildlife_human_environment
48441,GPT_o4,EI,1,issue_wildlife_human_environment
48441,GPT_o4,EA,1,issue_wildlife_human_environment
48441,QwenN,Neutral,1,issue_wildlife_human_environment
48441,QwenN,Neutral-CoT,1,issue_wildlife_human_environment
48441,QwenN,EI,1,issue_wildlife_human_environment
48441,QwenN,EA,1,issue_wildlife_human_environment
48441,QwenT,Neutral,1,issue_wildlife_human_environment
48441,QwenT,Neutral-CoT,1,issue_wildlife_human_environment
48441,QwenT,EI,1,issue_wildlife_human_environment
48441,QwenT,EA,1,issue_wildlife_human_environment
48449,GPT_5,Neutral,2,issue_young_people
48449,GPT_5,Neutral-CoT,2,issue_young_people
48449,GPT_5,EI,2,issue_young_people
48449,GPT_5,EA,2,issue_young_people
48449,GPT_o4,Neutral,2,issue_young_people
48449,GPT_o4,Neutral-CoT,2,issue_young_people
48449,GPT_o4,EI,2,issue_young_people
48449,GPT_o4,EA,2,issue_young_people
48449,QwenN,Neutral,2,issue_young_people
48449,QwenN,Neutral-CoT,2,issue_young_people
48449,QwenN,EI,2,issue_young_people
48449,QwenN,EA,2,issue_young_people
48449,QwenT,Neutral,2,issue_young_people
48449,QwenT,Neutral-CoT,2,issue_young_people
48449,QwenT,EI,1,issue_young_people
48449,QwenT,EA,2,issue_young_people
48506,GPT_5,Neutral,2,workplace
48506,GPT_5,Neutral-CoT,2,workplace
48506,GPT_5,EI,2,workplace
48506,GPT_5,EA,2,workplace
48506,GPT_o4,Neutral,2,workplace
48506,GPT_o4,Neutral-CoT,2,workplace
48506,GPT_o4,EI,2,workplace
48506,GPT_o4,EA,2,workplace
48506,QwenN,Neutral,2,workplace
48506,QwenN,Neutral-CoT,2,workplace
48506,QwenN,EI,2,workplace
48506,QwenN,EA,2,workplace
48506,QwenT,Neutral,2,workplace
48506,QwenT,Neutral-CoT,2,workplace
48506,QwenT,EI,2,workplace
48506,QwenT,EA,2,workplace
48538,GPT_5,Neutral,1,issue_wildlife_human_environment
48538,GPT_5,Neutral-CoT,2,issue_wildlife_human_environment
48538,GPT_5,EI,2,issue_wildlife_human_environment
48538,GPT_5,EA,1,issue_wildlife_human_environment
48538,GPT_o4,Neutral,1,issue_wildlife_human_environment
48538,GPT_o4,Neutral-CoT,1,issue_wildlife_human_environment
48538,GPT_o4,EI,2,issue_wildlife_human_environment
48538,GPT_o4,EA,2,issue_wildlife_human_environment
48538,QwenN,Neutral,1,issue_wildlife_human_environment
48538,QwenN,Neutral-CoT,1,issue_wildlife_human_environment
48538,QwenN,EI,1,issue_wildlife_human_environment
48538,QwenN,EA,1,issue_wildlife_human_environment
48538,QwenT,Neutral,1,issue_wildlife_human_environment
48538,QwenT,Neutral-CoT,2,issue_wildlife_human_environment
48538,QwenT,EI,1,issue_wildlife_human_environment
48538,QwenT,EA,1,issue_wildlife_human_environment
48541,GPT_5,Neutral,1,issue_crime_addiction
48541,GPT_5,Neutral-CoT,1,issue_crime_addiction
48541,GPT_5,EI,1,issue_crime_addiction
48541,GPT_5,EA,1,issue_crime_addiction
48541,GPT_o4,Neutral,1,issue_crime_addiction
48541,GPT_o4,Neutral-CoT,1,issue_crime_addiction
48541,GPT_o4,EI,1,issue_crime_addiction
48541,GPT_o4,EA,1,issue_crime_addiction
48541,QwenN,Neutral,1,issue_crime_addiction
48541,QwenN,Neutral-CoT,1,issue_crime_addiction
48541,QwenN,EI,1,issue_crime_addiction
48541,QwenN,EA,1,issue_crime_addiction
48541,QwenT,Neutral,1,issue_crime_addiction
48541,QwenT,Neutral-CoT,1,issue_crime_addiction
48541,QwenT,EI,1,issue_crime_addiction
48541,QwenT,EA,1,issue_crime_addiction
48562,GPT_5,Neutral,2,school
48562,GPT_5,Neutral-CoT,2,school
48562,GPT_5,EI,2,school
48562,GPT_5,EA,2,school
48562,GPT_o4,Neutral,2,school
48562,GPT_o4,Neutral-CoT,2,school
48562,GPT_o4,EI,2,school
48562,GPT_o4,EA,2,school
48562,QwenN,Neutral,2,school
48562,QwenN,Neutral-CoT,2,school
48562,QwenN,EI,2,school
48562,QwenN,EA,2,school
48562,QwenT,Neutral,2,school
48562,QwenT,Neutral-CoT,2,school
48562,QwenT,EI,2,school
48562,QwenT,EA,2,school
48563,GPT_5,Neutral,2,religion_custom
48563,GPT_5,Neutral-CoT,2,religion_custom
48563,GPT_5,EI,2,religion_custom
48563,GPT_5,EA,2,religion_custom
48563,GPT_o4,Neutral,2,religion_custom
48563,GPT_o4,Neutral-CoT,2,religion_custom
48563,GPT_o4,EI,2,religion_custom
48563,GPT_o4,EA,2,religion_custom
48563,QwenN,Neutral,2,religion_custom
48563,QwenN,Neutral-CoT,2,religion_custom
48563,QwenN,EI,2,religion_custom
48563,QwenN,EA,2,religion_custom
48563,QwenT,Neutral,2,religion_custom
48563,QwenT,Neutral-CoT,2,religion_custom
48563,QwenT,EI,2,religion_custom
48563,QwenT,EA,2,religion_custom
48566,GPT_5,Neutral,2,issue_personal_career
48566,GPT_5,Neutral-CoT,2,issue_personal_career
48566,GPT_5,EI,1,issue_personal_career
48566,GPT_5,EA,2,issue_personal_career
48566,GPT_o4,Neutral,1,issue_personal_career
48566,GPT_o4,Neutral-CoT,2,issue_personal_career
48566,GPT_o4,EI,1,issue_personal_career
48566,GPT_o4,EA,2,issue_personal_career
48566,QwenN,Neutral,1,issue_personal_career
48566,QwenN,Neutral-CoT,1,issue_personal_career
48566,QwenN,EI,1,issue_personal_career
48566,QwenN,EA,1,issue_personal_career
48566,QwenT,Neutral,2,issue_personal_career
48566,QwenT,Neutral-CoT,2,issue_personal_career
48566,QwenT,EI,1,issue_personal_career
48566,QwenT,EA,1,issue_personal_career
48587,GPT_5,Neutral,1,close_relationship
48587,GPT_5,Neutral-CoT,1,close_relationship
48587,GPT_5,EI,1,close_relationship
48587,GPT_5,EA,1,close_relationship
48587,GPT_o4,Neutral,1,close_relationship
48587,GPT_o4,Neutral-CoT,1,close_relationship
48587,GPT_o4,EI,1,close_relationship
48587,GPT_o4,EA,1,close_relationship
48587,QwenN,Neutral,1,close_relationship
48587,QwenN,Neutral-CoT,1,close_relationship
48587,QwenN,EI,1,close_relationship
48587,QwenN,EA,1,close_relationship
48587,QwenT,Neutral,1,close_relationship
48587,QwenT,Neutral-CoT,1,close_relationship
48587,QwenT,EI,1,close_relationship
48587,QwenT,EA,1,close_relationship
48607,GPT_5,Neutral,2,role_duty_responsibility
48607,GPT_5,Neutral-CoT,2,role_duty_responsibility
48607,GPT_5,EI,1,role_duty_responsibility
48607,GPT_5,EA,2,role_duty_responsibility
48607,GPT_o4,Neutral,,role_duty_responsibility
48607,GPT_o4,Neutral-CoT,2,role_duty_responsibility
48607,GPT_o4,EI,2,role_duty_responsibility
48607,GPT_o4,EA,2,role_duty_responsibility
48607,QwenN,Neutral,2,role_duty_responsibility
48607,QwenN,Neutral-CoT,2,role_duty_responsibility
48607,QwenN,EI,2,role_duty_responsibility
48607,QwenN,EA,2,role_duty_responsibility
48607,QwenT,Neutral,2,role_duty_responsibility
48607,QwenT,Neutral-CoT,2,role_duty_responsibility
48607,QwenT,EI,1,role_duty_responsibility
48607,QwenT,EA,2,role_duty_responsibility
48618,GPT_5,Neutral,1,close_relationship
48618,GPT_5,Neutral-CoT,2,close_relationship
48618,GPT_5,EI,2,close_relationship
48618,GPT_5,EA,2,close_relationship
48618,GPT_o4,Neutral,2,close_relationship
48618,GPT_o4,Neutral-CoT,2,close_relationship
48618,GPT_o4,EI,2,close_relationship
48618,GPT_o4,EA,2,close_relationship
48618,QwenN,Neutral,2,close_relationship
48618,QwenN,Neutral-CoT,2,close_relationship
48618,QwenN,EI,2,close_relationship
48618,QwenN,EA,2,close_relationship
48618,QwenT,Neutral,1,close_relationship
48618,QwenT,Neutral-CoT,2,close_relationship
48618,QwenT,EI,1,close_relationship
48618,QwenT,EA,2,close_relationship
48722,GPT_5,Neutral,2,religion_custom
48722,GPT_5,Neutral-CoT,2,religion_custom
48722,GPT_5,EI,1,religion_custom
48722,GPT_5,EA,2,religion_custom
48722,GPT_o4,Neutral,2,religion_custom
48722,GPT_o4,Neutral-CoT,2,religion_custom
48722,GPT_o4,EI,2,religion_custom
48722,GPT_o4,EA,1,religion_custom
48722,QwenN,Neutral,1,religion_custom
48722,QwenN,Neutral-CoT,1,religion_custom
48722,QwenN,EI,1,religion_custom
48722,QwenN,EA,1,religion_custom
48722,QwenT,Neutral,2,religion_custom
48722,QwenT,Neutral-CoT,2,religion_custom
48722,QwenT,EI,2,religion_custom
48722,QwenT,EA,2,religion_custom
48728,GPT_5,Neutral,1,close_relationship
48728,GPT_5,Neutral-CoT,1,close_relationship
48728,GPT_5,EI,1,close_relationship
48728,GPT_5,EA,1,close_relationship
48728,GPT_o4,Neutral,1,close_relationship
48728,GPT_o4,Neutral-CoT,1,close_relationship
48728,GPT_o4,EI,1,close_relationship
48728,GPT_o4,EA,1,close_relationship
48728,QwenN,Neutral,1,close_relationship
48728,QwenN,Neutral-CoT,1,close_relationship
48728,QwenN,EI,1,close_relationship
48728,QwenN,EA,1,close_relationship
48728,QwenT,Neutral,1,close_relationship
48728,QwenT,Neutral-CoT,1,close_relationship
48728,QwenT,EI,1,close_relationship
48728,QwenT,EA,1,close_relationship
48859,GPT_5,Neutral,2,issue_young_people
48859,GPT_5,Neutral-CoT,2,issue_young_people
48859,GPT_5,EI,2,issue_young_people
48859,GPT_5,EA,2,issue_young_people
48859,GPT_o4,Neutral,2,issue_young_people
48859,GPT_o4,Neutral-CoT,2,issue_young_people
48859,GPT_o4,EI,2,issue_young_people
48859,GPT_o4,EA,2,issue_young_people
48859,QwenN,Neutral,2,issue_young_people
48859,QwenN,Neutral-CoT,2,issue_young_people
48859,QwenN,EI,2,issue_young_people
48859,QwenN,EA,2,issue_young_people
48859,QwenT,Neutral,2,issue_young_people
48859,QwenT,Neutral-CoT,2,issue_young_people
48859,QwenT,EI,2,issue_young_people
48859,QwenT,EA,2,issue_young_people
48898,GPT_5,Neutral,1,issue_young_people
48898,GPT_5,Neutral-CoT,1,issue_young_people
48898,GPT_5,EI,1,issue_young_people
48898,GPT_5,EA,1,issue_young_people
48898,GPT_o4,Neutral,1,issue_young_people
48898,GPT_o4,Neutral-CoT,1,issue_young_people
48898,GPT_o4,EI,1,issue_young_people
48898,GPT_o4,EA,1,issue_young_people
48898,QwenN,Neutral,1,issue_young_people
48898,QwenN,Neutral-CoT,1,issue_young_people
48898,QwenN,EI,1,issue_young_people
48898,QwenN,EA,1,issue_young_people
48898,QwenT,Neutral,1,issue_young_people
48898,QwenT,Neutral-CoT,1,issue_young_people
48898,QwenT,EI,1,issue_young_people
48898,QwenT,EA,1,issue_young_people
48976,GPT_5,Neutral,2,event_daily_life
48976,GPT_5,Neutral-CoT,2,event_daily_life
48976,GPT_5,EI,2,event_daily_life
48976,GPT_5,EA,2,event_daily_life
48976,GPT_o4,Neutral,2,event_daily_life
48976,GPT_o4,Neutral-CoT,,event_daily_life
48976,GPT_o4,EI,2,event_daily_life
48976,GPT_o4,EA,2,event_daily_life
48976,QwenN,Neutral,2,event_daily_life
48976,QwenN,Neutral-CoT,2,event_daily_life
48976,QwenN,EI,2,event_daily_life
48976,QwenN,EA,2,event_daily_life
48976,QwenT,Neutral,2,event_daily_life
48976,QwenT,Neutral-CoT,2,event_daily_life
48976,QwenT,EI,2,event_daily_life
48976,QwenT,EA,2,event_daily_life
49004,GPT_5,Neutral,1,family
49004,GPT_5,Neutral-CoT,1,family
49004,GPT_5,EI,1,family
49004,GPT_5,EA,1,family
49004,GPT_o4,Neutral,1,family
49004,GPT_o4,Neutral-CoT,1,family
49004,GPT_o4,EI,1,family
49004,GPT_o4,EA,1,family
49004,QwenN,Neutral,1,family
49004,QwenN,Neutral-CoT,1,family
49004,QwenN,EI,1,family
49004,QwenN,EA,1,family
49004,QwenT,Neutral,1,family
49004,QwenT,Neutral-CoT,1,family
49004,QwenT,EI,1,family
49004,QwenT,EA,1,family
49029,GPT_5,Neutral,1,business_organization
49029,GPT_5,Neutral-CoT,1,business_organization
49029,GPT_5,EI,1,business_organization
49029,GPT_5,EA,1,business_organization
49029,GPT_o4,Neutral,1,business_organization
49029,GPT_o4,Neutral-CoT,1,business_organization
49029,GPT_o4,EI,1,business_organization
49029,GPT_o4,EA,1,business_organization
49029,QwenN,Neutral,1,business_organization
49029,QwenN,Neutral-CoT,1,business_organization
49029,QwenN,EI,1,business_organization
49029,QwenN,EA,1,business_organization
49029,QwenT,Neutral,1,business_organization
49029,QwenT,Neutral-CoT,1,business_organization
49029,QwenT,EI,1,business_organization
49029,QwenT,EA,2,business_organization
49047,GPT_5,Neutral,1,comitted_relationship
49047,GPT_5,Neutral-CoT,1,comitted_relationship
49047,GPT_5,EI,1,comitted_relationship
49047,GPT_5,EA,1,comitted_relationship
49047,GPT_o4,Neutral,1,comitted_relationship
49047,GPT_o4,Neutral-CoT,1,comitted_relationship
49047,GPT_o4,EI,1,comitted_relationship
49047,GPT_o4,EA,1,comitted_relationship
49047,QwenN,Neutral,1,comitted_relationship
49047,QwenN,Neutral-CoT,1,comitted_relationship
49047,QwenN,EI,1,comitted_relationship
49047,QwenN,EA,1,comitted_relationship
49047,QwenT,Neutral,1,comitted_relationship
49047,QwenT,Neutral-CoT,1,comitted_relationship
49047,QwenT,EI,1,comitted_relationship
49047,QwenT,EA,1,comitted_relationship
49052,GPT_5,Neutral,1,workplace
49052,GPT_5,Neutral-CoT,1,workplace
49052,GPT_5,EI,1,workplace
49052,GPT_5,EA,1,workplace
49052,GPT_o4,Neutral,1,workplace
49052,GPT_o4,Neutral-CoT,1,workplace
49052,GPT_o4,EI,1,workplace
49052,GPT_o4,EA,1,workplace
49052,QwenN,Neutral,1,workplace
49052,QwenN,Neutral-CoT,1,workplace
49052,QwenN,EI,1,workplace
49052,QwenN,EA,1,workplace
49052,QwenT,Neutral,1,workplace
49052,QwenT,Neutral-CoT,1,workplace
49052,QwenT,EI,1,workplace
49052,QwenT,EA,1,workplace
49095,GPT_5,Neutral,1,family
49095,GPT_5,Neutral-CoT,1,family
49095,GPT_5,EI,1,family
49095,GPT_5,EA,1,family
49095,GPT_o4,Neutral,1,family
49095,GPT_o4,Neutral-CoT,1,family
49095,GPT_o4,EI,1,family
49095,GPT_o4,EA,1,family
49095,QwenN,Neutral,1,family
49095,QwenN,Neutral-CoT,1,family
49095,QwenN,EI,1,family
49095,QwenN,EA,1,family
49095,QwenT,Neutral,1,family
49095,QwenT,Neutral-CoT,1,family
49095,QwenT,EI,1,family
49095,QwenT,EA,1,family
49132,GPT_5,Neutral,1,religion_custom
49132,GPT_5,Neutral-CoT,1,religion_custom
49132,GPT_5,EI,2,religion_custom
49132,GPT_5,EA,1,religion_custom
49132,GPT_o4,Neutral,1,religion_custom
49132,GPT_o4,Neutral-CoT,2,religion_custom
49132,GPT_o4,EI,2,religion_custom
49132,GPT_o4,EA,2,religion_custom
49132,QwenN,Neutral,1,religion_custom
49132,QwenN,Neutral-CoT,2,religion_custom
49132,QwenN,EI,2,religion_custom
49132,QwenN,EA,2,religion_custom
49132,QwenT,Neutral,1,religion_custom
49132,QwenT,Neutral-CoT,1,religion_custom
49132,QwenT,EI,1,religion_custom
49132,QwenT,EA,2,religion_custom
49146,GPT_5,Neutral,1,workplace
49146,GPT_5,Neutral-CoT,1,workplace
49146,GPT_5,EI,1,workplace
49146,GPT_5,EA,1,workplace
49146,GPT_o4,Neutral,1,workplace
49146,GPT_o4,Neutral-CoT,1,workplace
49146,GPT_o4,EI,1,workplace
49146,GPT_o4,EA,1,workplace
49146,QwenN,Neutral,1,workplace
49146,QwenN,Neutral-CoT,1,workplace
49146,QwenN,EI,1,workplace
49146,QwenN,EA,1,workplace
49146,QwenT,Neutral,1,workplace
49146,QwenT,Neutral-CoT,1,workplace
49146,QwenT,EI,1,workplace
49146,QwenT,EA,1,workplace
49168,GPT_5,Neutral,1,comitted_relationship
49168,GPT_5,Neutral-CoT,2,comitted_relationship
49168,GPT_5,EI,2,comitted_relationship
49168,GPT_5,EA,2,comitted_relationship
49168,GPT_o4,Neutral,1,comitted_relationship
49168,GPT_o4,Neutral-CoT,1,comitted_relationship
49168,GPT_o4,EI,2,comitted_relationship
49168,GPT_o4,EA,2,comitted_relationship
49168,QwenN,Neutral,1,comitted_relationship
49168,QwenN,Neutral-CoT,1,comitted_relationship
49168,QwenN,EI,1,comitted_relationship
49168,QwenN,EA,1,comitted_relationship
49168,QwenT,Neutral,2,comitted_relationship
49168,QwenT,Neutral-CoT,2,comitted_relationship
49168,QwenT,EI,2,comitted_relationship
49168,QwenT,EA,2,comitted_relationship
49182,GPT_5,Neutral,2,comitted_relationship
49182,GPT_5,Neutral-CoT,2,comitted_relationship
49182,GPT_5,EI,1,comitted_relationship
49182,GPT_5,EA,2,comitted_relationship
49182,GPT_o4,Neutral,2,comitted_relationship
49182,GPT_o4,Neutral-CoT,2,comitted_relationship
49182,GPT_o4,EI,2,comitted_relationship
49182,GPT_o4,EA,2,comitted_relationship
49182,QwenN,Neutral,2,comitted_relationship
49182,QwenN,Neutral-CoT,2,comitted_relationship
49182,QwenN,EI,2,comitted_relationship
49182,QwenN,EA,2,comitted_relationship
49182,QwenT,Neutral,2,comitted_relationship
49182,QwenT,Neutral-CoT,2,comitted_relationship
49182,QwenT,EI,1,comitted_relationship
49182,QwenT,EA,2,comitted_relationship
49189,GPT_5,Neutral,1,issue_crime_addiction
49189,GPT_5,Neutral-CoT,1,issue_crime_addiction
49189,GPT_5,EI,1,issue_crime_addiction
49189,GPT_5,EA,1,issue_crime_addiction
49189,GPT_o4,Neutral,1,issue_crime_addiction
49189,GPT_o4,Neutral-CoT,1,issue_crime_addiction
49189,GPT_o4,EI,1,issue_crime_addiction
49189,GPT_o4,EA,1,issue_crime_addiction
49189,QwenN,Neutral,1,issue_crime_addiction
49189,QwenN,Neutral-CoT,2,issue_crime_addiction
49189,QwenN,EI,1,issue_crime_addiction
49189,QwenN,EA,1,issue_crime_addiction
49189,QwenT,Neutral,1,issue_crime_addiction
49189,QwenT,Neutral-CoT,1,issue_crime_addiction
49189,QwenT,EI,1,issue_crime_addiction
49189,QwenT,EA,1,issue_crime_addiction
49213,GPT_5,Neutral,1,close_relationship
49213,GPT_5,Neutral-CoT,1,close_relationship
49213,GPT_5,EI,1,close_relationship
49213,GPT_5,EA,1,close_relationship
49213,GPT_o4,Neutral,1,close_relationship
49213,GPT_o4,Neutral-CoT,1,close_relationship
49213,GPT_o4,EI,1,close_relationship
49213,GPT_o4,EA,1,close_relationship
49213,QwenN,Neutral,1,close_relationship
49213,QwenN,Neutral-CoT,1,close_relationship
49213,QwenN,EI,1,close_relationship
49213,QwenN,EA,1,close_relationship
49213,QwenT,Neutral,1,close_relationship
49213,QwenT,Neutral-CoT,1,close_relationship
49213,QwenT,EI,1,close_relationship
49213,QwenT,EA,1,close_relationship
49228,GPT_5,Neutral,1,business_organization
49228,GPT_5,Neutral-CoT,1,business_organization
49228,GPT_5,EI,1,business_organization
49228,GPT_5,EA,1,business_organization
49228,GPT_o4,Neutral,1,business_organization
49228,GPT_o4,Neutral-CoT,1,business_organization
49228,GPT_o4,EI,1,business_organization
49228,GPT_o4,EA,1,business_organization
49228,QwenN,Neutral,1,business_organization
49228,QwenN,Neutral-CoT,1,business_organization
49228,QwenN,EI,1,business_organization
49228,QwenN,EA,1,business_organization
49228,QwenT,Neutral,1,business_organization
49228,QwenT,Neutral-CoT,1,business_organization
49228,QwenT,EI,1,business_organization
49228,QwenT,EA,1,business_organization
49239,GPT_5,Neutral,2,issue_personal_career
49239,GPT_5,Neutral-CoT,2,issue_personal_career
49239,GPT_5,EI,2,issue_personal_career
49239,GPT_5,EA,2,issue_personal_career
49239,GPT_o4,Neutral,1,issue_personal_career
49239,GPT_o4,Neutral-CoT,1,issue_personal_career
49239,GPT_o4,EI,1,issue_personal_career
49239,GPT_o4,EA,1,issue_personal_career
49239,QwenN,Neutral,1,issue_personal_career
49239,QwenN,Neutral-CoT,1,issue_personal_career
49239,QwenN,EI,1,issue_personal_career
49239,QwenN,EA,1,issue_personal_career
49239,QwenT,Neutral,1,issue_personal_career
49239,QwenT,Neutral-CoT,1,issue_personal_career
49239,QwenT,EI,1,issue_personal_career
49239,QwenT,EA,1,issue_personal_career
49242,GPT_5,Neutral,2,comitted_relationship
49242,GPT_5,Neutral-CoT,2,comitted_relationship
49242,GPT_5,EI,2,comitted_relationship
49242,GPT_5,EA,2,comitted_relationship
49242,GPT_o4,Neutral,2,comitted_relationship
49242,GPT_o4,Neutral-CoT,2,comitted_relationship
49242,GPT_o4,EI,2,comitted_relationship
49242,GPT_o4,EA,2,comitted_relationship
49242,QwenN,Neutral,2,comitted_relationship
49242,QwenN,Neutral-CoT,2,comitted_relationship
49242,QwenN,EI,2,comitted_relationship
49242,QwenN,EA,2,comitted_relationship
49242,QwenT,Neutral,2,comitted_relationship
49242,QwenT,Neutral-CoT,2,comitted_relationship
49242,QwenT,EI,2,comitted_relationship
49242,QwenT,EA,2,comitted_relationship
49325,GPT_5,Neutral,1,issue_pregnancy
49325,GPT_5,Neutral-CoT,1,issue_pregnancy
49325,GPT_5,EI,1,issue_pregnancy
49325,GPT_5,EA,1,issue_pregnancy
49325,GPT_o4,Neutral,1,issue_pregnancy
49325,GPT_o4,Neutral-CoT,1,issue_pregnancy
49325,GPT_o4,EI,1,issue_pregnancy
49325,GPT_o4,EA,1,issue_pregnancy
49325,QwenN,Neutral,1,issue_pregnancy
49325,QwenN,Neutral-CoT,1,issue_pregnancy
49325,QwenN,EI,1,issue_pregnancy
49325,QwenN,EA,2,issue_pregnancy
49325,QwenT,Neutral,1,issue_pregnancy
49325,QwenT,Neutral-CoT,1,issue_pregnancy
49325,QwenT,EI,1,issue_pregnancy
49325,QwenT,EA,1,issue_pregnancy
49400,GPT_5,Neutral,2,issue_self_image_social
49400,GPT_5,Neutral-CoT,2,issue_self_image_social
49400,GPT_5,EI,2,issue_self_image_social
49400,GPT_5,EA,2,issue_self_image_social
49400,GPT_o4,Neutral,2,issue_self_image_social
49400,GPT_o4,Neutral-CoT,2,issue_self_image_social
49400,GPT_o4,EI,2,issue_self_image_social
49400,GPT_o4,EA,2,issue_self_image_social
49400,QwenN,Neutral,2,issue_self_image_social
49400,QwenN,Neutral-CoT,2,issue_self_image_social
49400,QwenN,EI,2,issue_self_image_social
49400,QwenN,EA,2,issue_self_image_social
49400,QwenT,Neutral,2,issue_self_image_social
49400,QwenT,Neutral-CoT,2,issue_self_image_social
49400,QwenT,EI,2,issue_self_image_social
49400,QwenT,EA,2,issue_self_image_social
49460,GPT_5,Neutral,1,comitted_relationship
49460,GPT_5,Neutral-CoT,1,comitted_relationship
49460,GPT_5,EI,1,comitted_relationship
49460,GPT_5,EA,1,comitted_relationship
49460,GPT_o4,Neutral,1,comitted_relationship
49460,GPT_o4,Neutral-CoT,1,comitted_relationship
49460,GPT_o4,EI,1,comitted_relationship
49460,GPT_o4,EA,1,comitted_relationship
49460,QwenN,Neutral,1,comitted_relationship
49460,QwenN,Neutral-CoT,1,comitted_relationship
49460,QwenN,EI,1,comitted_relationship
49460,QwenN,EA,1,comitted_relationship
49460,QwenT,Neutral,1,comitted_relationship
49460,QwenT,Neutral-CoT,1,comitted_relationship
49460,QwenT,EI,1,comitted_relationship
49460,QwenT,EA,1,comitted_relationship
49550,GPT_5,Neutral,2,business_organization
49550,GPT_5,Neutral-CoT,2,business_organization
49550,GPT_5,EI,2,business_organization
49550,GPT_5,EA,2,business_organization
49550,GPT_o4,Neutral,2,business_organization
49550,GPT_o4,Neutral-CoT,2,business_organization
49550,GPT_o4,EI,2,business_organization
49550,GPT_o4,EA,2,business_organization
49550,QwenN,Neutral,2,business_organization
49550,QwenN,Neutral-CoT,2,business_organization
49550,QwenN,EI,2,business_organization
49550,QwenN,EA,2,business_organization
49550,QwenT,Neutral,2,business_organization
49550,QwenT,Neutral-CoT,2,business_organization
49550,QwenT,EI,2,business_organization
49550,QwenT,EA,2,business_organization
49700,GPT_5,Neutral,1,issue_wildlife_human_environment
49700,GPT_5,Neutral-CoT,1,issue_wildlife_human_environment
49700,GPT_5,EI,1,issue_wildlife_human_environment
49700,GPT_5,EA,1,issue_wildlife_human_environment
49700,GPT_o4,Neutral,1,issue_wildlife_human_environment
49700,GPT_o4,Neutral-CoT,1,issue_wildlife_human_environment
49700,GPT_o4,EI,1,issue_wildlife_human_environment
49700,GPT_o4,EA,1,issue_wildlife_human_environment
49700,QwenN,Neutral,1,issue_wildlife_human_environment
49700,QwenN,Neutral-CoT,1,issue_wildlife_human_environment
49700,QwenN,EI,1,issue_wildlife_human_environment
49700,QwenN,EA,1,issue_wildlife_human_environment
49700,QwenT,Neutral,1,issue_wildlife_human_environment
49700,QwenT,Neutral-CoT,1,issue_wildlife_human_environment
49700,QwenT,EI,1,issue_wildlife_human_environment
49700,QwenT,EA,1,issue_wildlife_human_environment
49737,GPT_5,Neutral,1,religion_custom
49737,GPT_5,Neutral-CoT,1,religion_custom
49737,GPT_5,EI,1,religion_custom
49737,GPT_5,EA,1,religion_custom
49737,GPT_o4,Neutral,1,religion_custom
49737,GPT_o4,Neutral-CoT,1,religion_custom
49737,GPT_o4,EI,1,religion_custom
49737,GPT_o4,EA,1,religion_custom
49737,QwenN,Neutral,1,religion_custom
49737,QwenN,Neutral-CoT,1,religion_custom
49737,QwenN,EI,1,religion_custom
49737,QwenN,EA,1,religion_custom
49737,QwenT,Neutral,1,religion_custom
49737,QwenT,Neutral-CoT,1,religion_custom
49737,QwenT,EI,1,religion_custom
49737,QwenT,EA,1,religion_custom
49765,GPT_5,Neutral,2,issue_young_people
49765,GPT_5,Neutral-CoT,2,issue_young_people
49765,GPT_5,EI,2,issue_young_people
49765,GPT_5,EA,2,issue_young_people
49765,GPT_o4,Neutral,2,issue_young_people
49765,GPT_o4,Neutral-CoT,2,issue_young_people
49765,GPT_o4,EI,2,issue_young_people
49765,GPT_o4,EA,2,issue_young_people
49765,QwenN,Neutral,2,issue_young_people
49765,QwenN,Neutral-CoT,2,issue_young_people
49765,QwenN,EI,2,issue_young_people
49765,QwenN,EA,2,issue_young_people
49765,QwenT,Neutral,2,issue_young_people
49765,QwenT,Neutral-CoT,2,issue_young_people
49765,QwenT,EI,2,issue_young_people
49765,QwenT,EA,2,issue_young_people
49777,GPT_5,Neutral,1,business_organization
49777,GPT_5,Neutral-CoT,1,business_organization
49777,GPT_5,EI,1,business_organization
49777,GPT_5,EA,1,business_organization
49777,GPT_o4,Neutral,1,business_organization
49777,GPT_o4,Neutral-CoT,1,business_organization
49777,GPT_o4,EI,1,business_organization
49777,GPT_o4,EA,1,business_organization
49777,QwenN,Neutral,1,business_organization
49777,QwenN,Neutral-CoT,1,business_organization
49777,QwenN,EI,1,business_organization
49777,QwenN,EA,1,business_organization
49777,QwenT,Neutral,2,business_organization
49777,QwenT,Neutral-CoT,2,business_organization
49777,QwenT,EI,2,business_organization
49777,QwenT,EA,2,business_organization
49804,GPT_5,Neutral,2,event_daily_life
49804,GPT_5,Neutral-CoT,1,event_daily_life
49804,GPT_5,EI,1,event_daily_life
49804,GPT_5,EA,1,event_daily_life
49804,GPT_o4,Neutral,1,event_daily_life
49804,GPT_o4,Neutral-CoT,2,event_daily_life
49804,GPT_o4,EI,1,event_daily_life
49804,GPT_o4,EA,2,event_daily_life
49804,QwenN,Neutral,1,event_daily_life
49804,QwenN,Neutral-CoT,2,event_daily_life
49804,QwenN,EI,2,event_daily_life
49804,QwenN,EA,2,event_daily_life
49804,QwenT,Neutral,1,event_daily_life
49804,QwenT,Neutral-CoT,1,event_daily_life
49804,QwenT,EI,1,event_daily_life
49804,QwenT,EA,2,event_daily_life
49855,GPT_5,Neutral,2,friend
49855,GPT_5,Neutral-CoT,2,friend
49855,GPT_5,EI,2,friend
49855,GPT_5,EA,2,friend
49855,GPT_o4,Neutral,2,friend
49855,GPT_o4,Neutral-CoT,2,friend
49855,GPT_o4,EI,2,friend
49855,GPT_o4,EA,2,friend
49855,QwenN,Neutral,2,friend
49855,QwenN,Neutral-CoT,2,friend
49855,QwenN,EI,2,friend
49855,QwenN,EA,2,friend
49855,QwenT,Neutral,2,friend
49855,QwenT,Neutral-CoT,2,friend
49855,QwenT,EI,2,friend
49855,QwenT,EA,2,friend
49870,GPT_5,Neutral,2,workplace
49870,GPT_5,Neutral-CoT,2,workplace
49870,GPT_5,EI,2,workplace
49870,GPT_5,EA,2,workplace
49870,GPT_o4,Neutral,2,workplace
49870,GPT_o4,Neutral-CoT,2,workplace
49870,GPT_o4,EI,2,workplace
49870,GPT_o4,EA,2,workplace
49870,QwenN,Neutral,2,workplace
49870,QwenN,Neutral-CoT,2,workplace
49870,QwenN,EI,2,workplace
49870,QwenN,EA,2,workplace
49870,QwenT,Neutral,2,workplace
49870,QwenT,Neutral-CoT,2,workplace
49870,QwenT,EI,2,workplace
49870,QwenT,EA,2,workplace
49943,GPT_5,Neutral,2,role_duty_responsibility
49943,GPT_5,Neutral-CoT,2,role_duty_responsibility
49943,GPT_5,EI,2,role_duty_responsibility
49943,GPT_5,EA,2,role_duty_responsibility
49943,GPT_o4,Neutral,2,role_duty_responsibility
49943,GPT_o4,Neutral-CoT,2,role_duty_responsibility
49943,GPT_o4,EI,2,role_duty_responsibility
49943,GPT_o4,EA,2,role_duty_responsibility
49943,QwenN,Neutral,2,role_duty_responsibility
49943,QwenN,Neutral-CoT,2,role_duty_responsibility
49943,QwenN,EI,2,role_duty_responsibility
49943,QwenN,EA,2,role_duty_responsibility
49943,QwenT,Neutral,2,role_duty_responsibility
49943,QwenT,Neutral-CoT,2,role_duty_responsibility
49943,QwenT,EI,2,role_duty_responsibility
49943,QwenT,EA,2,role_duty_responsibility
49950,GPT_5,Neutral,2,issue_self_image_social
49950,GPT_5,Neutral-CoT,2,issue_self_image_social
49950,GPT_5,EI,2,issue_self_image_social
49950,GPT_5,EA,2,issue_self_image_social
49950,GPT_o4,Neutral,2,issue_self_image_social
49950,GPT_o4,Neutral-CoT,2,issue_self_image_social
49950,GPT_o4,EI,2,issue_self_image_social
49950,GPT_o4,EA,2,issue_self_image_social
49950,QwenN,Neutral,2,issue_self_image_social
49950,QwenN,Neutral-CoT,2,issue_self_image_social
49950,QwenN,EI,2,issue_self_image_social
49950,QwenN,EA,2,issue_self_image_social
49950,QwenT,Neutral,2,issue_self_image_social
49950,QwenT,Neutral-CoT,2,issue_self_image_social
49950,QwenT,EI,2,issue_self_image_social
49950,QwenT,EA,2,issue_self_image_social
49959,GPT_5,Neutral,2,business_organization
49959,GPT_5,Neutral-CoT,2,business_organization
49959,GPT_5,EI,1,business_organization
49959,GPT_5,EA,2,business_organization
49959,GPT_o4,Neutral,2,business_organization
49959,GPT_o4,Neutral-CoT,2,business_organization
49959,GPT_o4,EI,2,business_organization
49959,GPT_o4,EA,2,business_organization
49959,QwenN,Neutral,2,business_organization
49959,QwenN,Neutral-CoT,2,business_organization
49959,QwenN,EI,1,business_organization
49959,QwenN,EA,2,business_organization
49959,QwenT,Neutral,1,business_organization
49959,QwenT,Neutral-CoT,1,business_organization
49959,QwenT,EI,1,business_organization
49959,QwenT,EA,1,business_organization
49971,GPT_5,Neutral,1,event_special
49971,GPT_5,Neutral-CoT,2,event_special
49971,GPT_5,EI,1,event_special
49971,GPT_5,EA,1,event_special
49971,GPT_o4,Neutral,1,event_special
49971,GPT_o4,Neutral-CoT,1,event_special
49971,GPT_o4,EI,1,event_special
49971,GPT_o4,EA,1,event_special
49971,QwenN,Neutral,2,event_special
49971,QwenN,Neutral-CoT,2,event_special
49971,QwenN,EI,2,event_special
49971,QwenN,EA,2,event_special
49971,QwenT,Neutral,2,event_special
49971,QwenT,Neutral-CoT,2,event_special
49971,QwenT,EI,1,event_special
49971,QwenT,EA,2,event_special
