idx,mode,model,consensus_choice
55,Neutral,CN,1
107,Neutral,CN,2
176,Neutral,CN,1
283,Neutral,CN,2
284,Neutral,CN,2
287,Neutral,CN,1
310,Neutral,CN,2
337,Neutral,CN,2
379,Neutral,CN,2
393,Neutral,CN,2
405,Neutral,CN,2
423,Neutral,CN,1
450,Neutral,CN,2
504,Neutral,CN,2
545,Neutral,CN,1
626,Neutral,CN,2
715,Neutral,CN,2
722,Neutral,CN,1
793,Neutral,CN,2
813,Neutral,CN,2
856,Neutral,CN,2
893,Neutral,CN,2
922,Neutral,CN,1
1029,Neutral,CN,2
1057,Neutral,CN,2
1106,Neutral,CN,1
1176,Neutral,CN,2
1199,Neutral,CN,1
1200,Neutral,CN,2
1205,Neutral,CN,2
1261,Neutral,CN,2
1285,Neutral,CN,1
1290,Neutral,CN,1
1347,Neutral,CN,1
1363,Neutral,CN,2
1421,Neutral,CN,1
1481,Neutral,CN,1
1545,Neutral,CN,1
1552,Neutral,CN,1
1573,Neutral,CN,1
1656,Neutral,CN,2
1687,Neutral,CN,1
1707,Neutral,CN,2
1733,Neutral,CN,1
1735,Neutral,CN,2
1755,Neutral,CN,2
1814,Neutral,CN,2
1819,Neutral,CN,2
1822,Neutral,CN,1
1823,Neutral,CN,1
1862,Neutral,CN,1
2004,Neutral,CN,2
2039,Neutral,CN,2
2055,Neutral,CN,1
2068,Neutral,CN,2
2081,Neutral,CN,1
2155,Neutral,CN,2
2170,Neutral,CN,1
2221,Neutral,CN,2
2288,Neutral,CN,2
2375,Neutral,CN,2
2379,Neutral,CN,1
2408,Neutral,CN,2
2426,Neutral,CN,2
2584,Neutral,CN,2
2599,Neutral,CN,2
2600,Neutral,CN,1
2732,Neutral,CN,2
2844,Neutral,CN,1
2891,Neutral,CN,2
2932,Neutral,CN,2
2983,Neutral,CN,1
3056,Neutral,CN,1
3102,Neutral,CN,1
3191,Neutral,CN,1
3297,Neutral,CN,1
3363,Neutral,CN,1
3367,Neutral,CN,2
3400,Neutral,CN,1
3418,Neutral,CN,1
3429,Neutral,CN,2
3440,Neutral,CN,1
3512,Neutral,CN,1
3524,Neutral,CN,1
3567,Neutral,CN,1
3631,Neutral,CN,2
3824,Neutral,CN,1
3839,Neutral,CN,1
3867,Neutral,CN,1
3868,Neutral,CN,1
3929,Neutral,CN,2
3971,Neutral,CN,2
3979,Neutral,CN,2
4011,Neutral,CN,2
4066,Neutral,CN,2
4087,Neutral,CN,2
4153,Neutral,CN,2
4182,Neutral,CN,2
4187,Neutral,CN,1
4207,Neutral,CN,1
4211,Neutral,CN,1
4303,Neutral,CN,1
4314,Neutral,CN,1
4339,Neutral,CN,2
4348,Neutral,CN,2
4447,Neutral,CN,1
4462,Neutral,CN,1
4591,Neutral,CN,1
4624,Neutral,CN,2
4651,Neutral,CN,2
4652,Neutral,CN,1
4663,Neutral,CN,1
4706,Neutral,CN,2
4716,Neutral,CN,1
4744,Neutral,CN,2
4767,Neutral,CN,1
4795,Neutral,CN,1
4797,Neutral,CN,1
4812,Neutral,CN,2
4827,Neutral,CN,2
4829,Neutral,CN,2
4851,Neutral,CN,2
4856,Neutral,CN,2
4865,Neutral,CN,2
4871,Neutral,CN,1
4927,Neutral,CN,2
4937,Neutral,CN,1
5009,Neutral,CN,1
5024,Neutral,CN,1
5070,Neutral,CN,1
5086,Neutral,CN,2
5105,Neutral,CN,2
5119,Neutral,CN,1
5120,Neutral,CN,2
5159,Neutral,CN,1
5406,Neutral,CN,1
5424,Neutral,CN,2
5475,Neutral,CN,1
5499,Neutral,CN,1
5570,Neutral,CN,1
5586,Neutral,CN,2
5619,Neutral,CN,2
5651,Neutral,CN,1
5741,Neutral,CN,1
5797,Neutral,CN,2
5824,Neutral,CN,2
5829,Neutral,CN,1
5906,Neutral,CN,2
5913,Neutral,CN,2
5957,Neutral,CN,2
5998,Neutral,CN,2
6010,Neutral,CN,2
6059,Neutral,CN,2
6111,Neutral,CN,1
6137,Neutral,CN,1
6156,Neutral,CN,1
6252,Neutral,CN,1
6253,Neutral,CN,2
6255,Neutral,CN,2
6295,Neutral,CN,1
6347,Neutral,CN,1
6374,Neutral,CN,1
6420,Neutral,CN,2
6452,Neutral,CN,1
6465,Neutral,CN,1
6484,Neutral,CN,2
6488,Neutral,CN,2
6519,Neutral,CN,2
6527,Neutral,CN,2
6595,Neutral,CN,1
6631,Neutral,CN,1
6692,Neutral,CN,2
6715,Neutral,CN,2
6728,Neutral,CN,1
6756,Neutral,CN,2
6812,Neutral,CN,1
6824,Neutral,CN,1
6826,Neutral,CN,1
6842,Neutral,CN,1
6867,Neutral,CN,1
6899,Neutral,CN,2
6965,Neutral,CN,2
6977,Neutral,CN,2
6991,Neutral,CN,1
7001,Neutral,CN,2
7004,Neutral,CN,1
7070,Neutral,CN,2
7096,Neutral,CN,1
7099,Neutral,CN,1
7194,Neutral,CN,2
7220,Neutral,CN,2
7235,Neutral,CN,2
7313,Neutral,CN,2
7387,Neutral,CN,1
7407,Neutral,CN,1
7430,Neutral,CN,2
7439,Neutral,CN,1
7451,Neutral,CN,2
7498,Neutral,CN,2
7550,Neutral,CN,1
7553,Neutral,CN,2
7555,Neutral,CN,1
7581,Neutral,CN,2
7599,Neutral,CN,2
7631,Neutral,CN,1
7654,Neutral,CN,1
7687,Neutral,CN,1
7723,Neutral,CN,1
7832,Neutral,CN,2
7887,Neutral,CN,1
7894,Neutral,CN,1
7915,Neutral,CN,2
7966,Neutral,CN,1
7972,Neutral,CN,2
7992,Neutral,CN,1
8015,Neutral,CN,2
8033,Neutral,CN,1
8139,Neutral,CN,1
8217,Neutral,CN,2
8268,Neutral,CN,1
8339,Neutral,CN,1
8366,Neutral,CN,2
8444,Neutral,CN,1
8477,Neutral,CN,1
8580,Neutral,CN,2
8614,Neutral,CN,1
8630,Neutral,CN,2
8637,Neutral,CN,2
8672,Neutral,CN,1
8816,Neutral,CN,2
8902,Neutral,CN,2
8923,Neutral,CN,2
8948,Neutral,CN,1
8993,Neutral,CN,1
9004,Neutral,CN,1
9089,Neutral,CN,2
9102,Neutral,CN,1
9120,Neutral,CN,1
9134,Neutral,CN,2
9246,Neutral,CN,2
9268,Neutral,CN,1
9324,Neutral,CN,2
9325,Neutral,CN,1
9349,Neutral,CN,2
9357,Neutral,CN,2
9417,Neutral,CN,1
9459,Neutral,CN,1
9465,Neutral,CN,1
9469,Neutral,CN,2
9473,Neutral,CN,1
9485,Neutral,CN,1
9595,Neutral,CN,1
9632,Neutral,CN,2
9635,Neutral,CN,2
9677,Neutral,CN,2
9715,Neutral,CN,1
9724,Neutral,CN,2
9774,Neutral,CN,2
9796,Neutral,CN,1
9892,Neutral,CN,2
9899,Neutral,CN,1
9907,Neutral,CN,2
9934,Neutral,CN,1
9955,Neutral,CN,2
9987,Neutral,CN,1
10022,Neutral,CN,1
10156,Neutral,CN,1
10163,Neutral,CN,1
10174,Neutral,CN,1
10187,Neutral,CN,2
10189,Neutral,CN,2
10210,Neutral,CN,1
10301,Neutral,CN,1
10328,Neutral,CN,1
10330,Neutral,CN,2
10375,Neutral,CN,1
10423,Neutral,CN,2
10434,Neutral,CN,1
10450,Neutral,CN,2
10566,Neutral,CN,2
10600,Neutral,CN,1
10610,Neutral,CN,2
10621,Neutral,CN,1
10626,Neutral,CN,2
10634,Neutral,CN,2
10713,Neutral,CN,1
10771,Neutral,CN,2
10803,Neutral,CN,2
10910,Neutral,CN,2
10954,Neutral,CN,2
10978,Neutral,CN,1
11101,Neutral,CN,1
11102,Neutral,CN,1
11112,Neutral,CN,1
11120,Neutral,CN,2
11132,Neutral,CN,1
11189,Neutral,CN,2
11241,Neutral,CN,2
11264,Neutral,CN,1
11283,Neutral,CN,2
11511,Neutral,CN,2
11514,Neutral,CN,2
11523,Neutral,CN,2
11525,Neutral,CN,1
11553,Neutral,CN,1
11596,Neutral,CN,1
11603,Neutral,CN,2
11617,Neutral,CN,2
11630,Neutral,CN,1
11647,Neutral,CN,2
11742,Neutral,CN,2
11786,Neutral,CN,1
11850,Neutral,CN,2
11870,Neutral,CN,1
11874,Neutral,CN,1
11930,Neutral,CN,1
11935,Neutral,CN,2
11967,Neutral,CN,1
12012,Neutral,CN,2
12074,Neutral,CN,1
12143,Neutral,CN,1
12151,Neutral,CN,1
12153,Neutral,CN,1
12219,Neutral,CN,2
12271,Neutral,CN,2
12285,Neutral,CN,1
12301,Neutral,CN,1
12323,Neutral,CN,1
12429,Neutral,CN,2
12472,Neutral,CN,2
12486,Neutral,CN,2
12494,Neutral,CN,1
12645,Neutral,CN,1
12732,Neutral,CN,1
12798,Neutral,CN,2
12830,Neutral,CN,2
12860,Neutral,CN,2
12896,Neutral,CN,1
12903,Neutral,CN,1
12926,Neutral,CN,2
12936,Neutral,CN,2
12948,Neutral,CN,2
12975,Neutral,CN,2
13035,Neutral,CN,1
13050,Neutral,CN,2
13061,Neutral,CN,1
13113,Neutral,CN,2
13115,Neutral,CN,2
13137,Neutral,CN,2
13200,Neutral,CN,1
13227,Neutral,CN,2
13300,Neutral,CN,2
13319,Neutral,CN,1
13334,Neutral,CN,1
13384,Neutral,CN,1
13400,Neutral,CN,2
13447,Neutral,CN,2
13469,Neutral,CN,2
13484,Neutral,CN,2
13518,Neutral,CN,2
13531,Neutral,CN,1
13562,Neutral,CN,2
13726,Neutral,CN,2
13785,Neutral,CN,1
13843,Neutral,CN,2
13864,Neutral,CN,2
13874,Neutral,CN,1
13920,Neutral,CN,1
14011,Neutral,CN,2
14047,Neutral,CN,2
14055,Neutral,CN,2
14074,Neutral,CN,2
14137,Neutral,CN,2
14139,Neutral,CN,2
14259,Neutral,CN,1
14325,Neutral,CN,1
14408,Neutral,CN,1
14410,Neutral,CN,1
14469,Neutral,CN,1
14488,Neutral,CN,1
14532,Neutral,CN,2
14550,Neutral,CN,2
14557,Neutral,CN,1
14581,Neutral,CN,2
14617,Neutral,CN,2
14759,Neutral,CN,2
14793,Neutral,CN,1
14796,Neutral,CN,2
14845,Neutral,CN,2
14858,Neutral,CN,2
14868,Neutral,CN,1
14900,Neutral,CN,1
14932,Neutral,CN,2
14970,Neutral,CN,2
14988,Neutral,CN,2
15035,Neutral,CN,1
15066,Neutral,CN,2
15131,Neutral,CN,1
15133,Neutral,CN,2
15176,Neutral,CN,2
15189,Neutral,CN,1
15254,Neutral,CN,1
15290,Neutral,CN,1
15363,Neutral,CN,2
15452,Neutral,CN,2
15473,Neutral,CN,2
15535,Neutral,CN,2
15555,Neutral,CN,1
15614,Neutral,CN,2
15620,Neutral,CN,2
15693,Neutral,CN,1
15721,Neutral,CN,2
15735,Neutral,CN,1
15770,Neutral,CN,1
15810,Neutral,CN,2
15883,Neutral,CN,1
15894,Neutral,CN,2
15938,Neutral,CN,1
15980,Neutral,CN,2
16011,Neutral,CN,2
16114,Neutral,CN,1
16120,Neutral,CN,1
16170,Neutral,CN,2
16174,Neutral,CN,1
16212,Neutral,CN,2
16213,Neutral,CN,1
16230,Neutral,CN,1
16264,Neutral,CN,1
16339,Neutral,CN,1
16355,Neutral,CN,2
16398,Neutral,CN,1
16457,Neutral,CN,2
16521,Neutral,CN,2
16572,Neutral,CN,1
16600,Neutral,CN,1
16614,Neutral,CN,1
16642,Neutral,CN,1
16731,Neutral,CN,1
16801,Neutral,CN,2
16845,Neutral,CN,1
16858,Neutral,CN,2
16891,Neutral,CN,1
16903,Neutral,CN,1
16977,Neutral,CN,1
17002,Neutral,CN,2
17048,Neutral,CN,1
17079,Neutral,CN,2
17082,Neutral,CN,2
17121,Neutral,CN,2
17212,Neutral,CN,1
17227,Neutral,CN,1
17241,Neutral,CN,2
17280,Neutral,CN,2
17322,Neutral,CN,1
17355,Neutral,CN,2
17361,Neutral,CN,1
17364,Neutral,CN,2
17386,Neutral,CN,2
17423,Neutral,CN,2
17455,Neutral,CN,1
17468,Neutral,CN,1
17475,Neutral,CN,1
17553,Neutral,CN,1
17585,Neutral,CN,2
17693,Neutral,CN,1
17744,Neutral,CN,2
17746,Neutral,CN,2
17792,Neutral,CN,1
17806,Neutral,CN,2
17841,Neutral,CN,2
17877,Neutral,CN,1
17885,Neutral,CN,2
17914,Neutral,CN,2
17963,Neutral,CN,2
18290,Neutral,CN,1
18337,Neutral,CN,1
18550,Neutral,CN,2
18553,Neutral,CN,2
18597,Neutral,CN,2
18613,Neutral,CN,2
18630,Neutral,CN,2
18631,Neutral,CN,1
18643,Neutral,CN,1
18652,Neutral,CN,1
18656,Neutral,CN,2
18670,Neutral,CN,1
18805,Neutral,CN,2
18806,Neutral,CN,1
18820,Neutral,CN,1
18839,Neutral,CN,2
18874,Neutral,CN,1
18886,Neutral,CN,1
18935,Neutral,CN,1
18961,Neutral,CN,2
18970,Neutral,CN,1
18998,Neutral,CN,2
19036,Neutral,CN,2
19045,Neutral,CN,2
19113,Neutral,CN,1
19164,Neutral,CN,1
19267,Neutral,CN,2
19295,Neutral,CN,1
19331,Neutral,CN,2
19341,Neutral,CN,1
19383,Neutral,CN,1
19385,Neutral,CN,2
19395,Neutral,CN,2
19486,Neutral,CN,2
19496,Neutral,CN,2
19519,Neutral,CN,2
19532,Neutral,CN,1
19538,Neutral,CN,1
19593,Neutral,CN,1
19599,Neutral,CN,1
19643,Neutral,CN,1
19686,Neutral,CN,1
19738,Neutral,CN,1
19794,Neutral,CN,1
19811,Neutral,CN,1
19826,Neutral,CN,2
19830,Neutral,CN,2
19839,Neutral,CN,2
19854,Neutral,CN,2
19900,Neutral,CN,2
19915,Neutral,CN,1
19967,Neutral,CN,1
19968,Neutral,CN,2
20031,Neutral,CN,1
20132,Neutral,CN,2
20184,Neutral,CN,1
20195,Neutral,CN,1
20299,Neutral,CN,2
20338,Neutral,CN,2
20351,Neutral,CN,1
20380,Neutral,CN,2
20407,Neutral,CN,2
20420,Neutral,CN,1
20422,Neutral,CN,1
20431,Neutral,CN,1
20443,Neutral,CN,1
20446,Neutral,CN,2
20465,Neutral,CN,1
20467,Neutral,CN,1
20504,Neutral,CN,2
20542,Neutral,CN,1
20609,Neutral,CN,1
20666,Neutral,CN,1
20677,Neutral,CN,1
20685,Neutral,CN,2
20716,Neutral,CN,2
20839,Neutral,CN,2
20853,Neutral,CN,1
20869,Neutral,CN,2
20890,Neutral,CN,2
20895,Neutral,CN,2
20964,Neutral,CN,1
20971,Neutral,CN,2
21016,Neutral,CN,1
21051,Neutral,CN,2
21074,Neutral,CN,1
21098,Neutral,CN,2
21130,Neutral,CN,2
21158,Neutral,CN,1
21165,Neutral,CN,1
21167,Neutral,CN,1
21173,Neutral,CN,1
21180,Neutral,CN,2
21203,Neutral,CN,2
21210,Neutral,CN,1
21328,Neutral,CN,1
21399,Neutral,CN,1
21509,Neutral,CN,2
21544,Neutral,CN,2
21598,Neutral,CN,2
21606,Neutral,CN,2
21608,Neutral,CN,1
21629,Neutral,CN,1
21630,Neutral,CN,2
21666,Neutral,CN,2
21691,Neutral,CN,1
21847,Neutral,CN,2
21910,Neutral,CN,2
21961,Neutral,CN,1
21976,Neutral,CN,1
21987,Neutral,CN,2
22043,Neutral,CN,2
22052,Neutral,CN,1
22065,Neutral,CN,1
22066,Neutral,CN,2
22126,Neutral,CN,2
22166,Neutral,CN,2
22184,Neutral,CN,2
22189,Neutral,CN,2
22194,Neutral,CN,2
22266,Neutral,CN,1
22314,Neutral,CN,2
22356,Neutral,CN,2
22467,Neutral,CN,2
22679,Neutral,CN,1
22707,Neutral,CN,2
22767,Neutral,CN,2
22770,Neutral,CN,1
22814,Neutral,CN,1
22819,Neutral,CN,2
22833,Neutral,CN,1
22849,Neutral,CN,2
22966,Neutral,CN,2
23023,Neutral,CN,1
23052,Neutral,CN,1
23089,Neutral,CN,1
23104,Neutral,CN,2
23128,Neutral,CN,1
23200,Neutral,CN,1
23313,Neutral,CN,2
23322,Neutral,CN,1
23323,Neutral,CN,1
23404,Neutral,CN,2
23440,Neutral,CN,2
23453,Neutral,CN,2
23505,Neutral,CN,1
23514,Neutral,CN,2
23524,Neutral,CN,1
23530,Neutral,CN,2
23534,Neutral,CN,2
23574,Neutral,CN,1
23584,Neutral,CN,1
23605,Neutral,CN,1
23620,Neutral,CN,2
23648,Neutral,CN,2
23699,Neutral,CN,2
23713,Neutral,CN,2
23779,Neutral,CN,1
23871,Neutral,CN,1
23873,Neutral,CN,1
23901,Neutral,CN,1
24026,Neutral,CN,1
24163,Neutral,CN,1
24174,Neutral,CN,2
24223,Neutral,CN,1
24291,Neutral,CN,2
24304,Neutral,CN,1
24334,Neutral,CN,2
24405,Neutral,CN,2
24408,Neutral,CN,1
24500,Neutral,CN,2
24502,Neutral,CN,2
24541,Neutral,CN,2
24573,Neutral,CN,1
24637,Neutral,CN,2
24673,Neutral,CN,2
24706,Neutral,CN,1
24740,Neutral,CN,2
24774,Neutral,CN,2
24836,Neutral,CN,1
24871,Neutral,CN,1
24902,Neutral,CN,2
24959,Neutral,CN,2
24975,Neutral,CN,1
24995,Neutral,CN,1
25015,Neutral,CN,1
25038,Neutral,CN,1
25109,Neutral,CN,2
25137,Neutral,CN,1
25155,Neutral,CN,1
25239,Neutral,CN,2
25270,Neutral,CN,1
25302,Neutral,CN,2
25337,Neutral,CN,1
25348,Neutral,CN,1
25369,Neutral,CN,2
25416,Neutral,CN,1
25435,Neutral,CN,1
25447,Neutral,CN,1
25448,Neutral,CN,2
25471,Neutral,CN,2
25523,Neutral,CN,2
25650,Neutral,CN,1
25690,Neutral,CN,1
25698,Neutral,CN,2
25856,Neutral,CN,1
25868,Neutral,CN,1
25990,Neutral,CN,2
26032,Neutral,CN,1
26129,Neutral,CN,2
26161,Neutral,CN,1
26178,Neutral,CN,1
26211,Neutral,CN,2
26281,Neutral,CN,2
26287,Neutral,CN,2
26292,Neutral,CN,1
26302,Neutral,CN,1
26321,Neutral,CN,2
26337,Neutral,CN,1
26480,Neutral,CN,2
26492,Neutral,CN,2
26528,Neutral,CN,1
26546,Neutral,CN,1
26556,Neutral,CN,1
26575,Neutral,CN,2
26678,Neutral,CN,2
26714,Neutral,CN,2
26831,Neutral,CN,1
26865,Neutral,CN,2
26878,Neutral,CN,2
26995,Neutral,CN,1
27029,Neutral,CN,1
27088,Neutral,CN,1
27101,Neutral,CN,1
27271,Neutral,CN,1
27395,Neutral,CN,2
27431,Neutral,CN,2
27497,Neutral,CN,1
27524,Neutral,CN,2
27558,Neutral,CN,2
27668,Neutral,CN,2
27688,Neutral,CN,2
27740,Neutral,CN,2
27786,Neutral,CN,2
27828,Neutral,CN,2
27904,Neutral,CN,2
27910,Neutral,CN,2
27911,Neutral,CN,2
28011,Neutral,CN,2
28019,Neutral,CN,1
28051,Neutral,CN,2
28057,Neutral,CN,1
28067,Neutral,CN,2
28114,Neutral,CN,2
28222,Neutral,CN,2
28262,Neutral,CN,2
28271,Neutral,CN,1
28341,Neutral,CN,1
28365,Neutral,CN,2
28463,Neutral,CN,2
28490,Neutral,CN,1
28550,Neutral,CN,2
28574,Neutral,CN,2
28656,Neutral,CN,2
28674,Neutral,CN,2
28728,Neutral,CN,1
28789,Neutral,CN,2
28790,Neutral,CN,2
28814,Neutral,CN,2
28822,Neutral,CN,2
28963,Neutral,CN,1
29070,Neutral,CN,2
29105,Neutral,CN,2
29132,Neutral,CN,1
29144,Neutral,CN,1
29243,Neutral,CN,2
29385,Neutral,CN,1
29417,Neutral,CN,2
29454,Neutral,CN,2
29484,Neutral,CN,2
29582,Neutral,CN,1
29629,Neutral,CN,1
29644,Neutral,CN,1
29679,Neutral,CN,1
29768,Neutral,CN,1
29880,Neutral,CN,1
29903,Neutral,CN,1
29912,Neutral,CN,1
30052,Neutral,CN,1
30118,Neutral,CN,1
30131,Neutral,CN,2
30137,Neutral,CN,2
30143,Neutral,CN,1
30180,Neutral,CN,1
30259,Neutral,CN,1
30273,Neutral,CN,2
30285,Neutral,CN,2
30328,Neutral,CN,1
30329,Neutral,CN,1
30336,Neutral,CN,2
30340,Neutral,CN,1
30367,Neutral,CN,2
30457,Neutral,CN,2
30498,Neutral,CN,2
30514,Neutral,CN,1
30544,Neutral,CN,1
30637,Neutral,CN,1
30694,Neutral,CN,2
30701,Neutral,CN,2
30710,Neutral,CN,2
30794,Neutral,CN,2
30807,Neutral,CN,2
30825,Neutral,CN,2
30846,Neutral,CN,1
30856,Neutral,CN,2
30872,Neutral,CN,2
30880,Neutral,CN,1
30899,Neutral,CN,1
30922,Neutral,CN,2
30936,Neutral,CN,2
31029,Neutral,CN,1
31060,Neutral,CN,1
31081,Neutral,CN,2
31089,Neutral,CN,1
31128,Neutral,CN,2
31129,Neutral,CN,2
31138,Neutral,CN,1
31148,Neutral,CN,1
31247,Neutral,CN,1
31266,Neutral,CN,2
31350,Neutral,CN,2
31386,Neutral,CN,2
31470,Neutral,CN,2
31483,Neutral,CN,2
31597,Neutral,CN,1
31622,Neutral,CN,1
31628,Neutral,CN,1
31665,Neutral,CN,1
31720,Neutral,CN,1
31728,Neutral,CN,1
31883,Neutral,CN,2
31907,Neutral,CN,2
32003,Neutral,CN,2
32090,Neutral,CN,1
32112,Neutral,CN,2
32116,Neutral,CN,2
32131,Neutral,CN,2
32167,Neutral,CN,2
32177,Neutral,CN,2
32263,Neutral,CN,2
32265,Neutral,CN,1
32323,Neutral,CN,2
32372,Neutral,CN,1
32463,Neutral,CN,2
32518,Neutral,CN,1
32558,Neutral,CN,2
32572,Neutral,CN,2
32638,Neutral,CN,1
32679,Neutral,CN,1
32722,Neutral,CN,2
32747,Neutral,CN,1
32753,Neutral,CN,2
32785,Neutral,CN,1
32872,Neutral,CN,2
32913,Neutral,CN,2
32917,Neutral,CN,2
32963,Neutral,CN,2
32972,Neutral,CN,2
33026,Neutral,CN,1
33067,Neutral,CN,2
33126,Neutral,CN,2
33141,Neutral,CN,2
33154,Neutral,CN,1
33212,Neutral,CN,1
33262,Neutral,CN,2
33322,Neutral,CN,2
33345,Neutral,CN,1
33390,Neutral,CN,1
33409,Neutral,CN,2
33433,Neutral,CN,1
33470,Neutral,CN,1
33504,Neutral,CN,1
33509,Neutral,CN,2
33649,Neutral,CN,1
33743,Neutral,CN,2
33765,Neutral,CN,2
33808,Neutral,CN,2
33856,Neutral,CN,1
33859,Neutral,CN,2
33890,Neutral,CN,2
33936,Neutral,CN,1
33940,Neutral,CN,1
33961,Neutral,CN,1
33962,Neutral,CN,2
33986,Neutral,CN,1
34029,Neutral,CN,2
34125,Neutral,CN,2
34143,Neutral,CN,2
34171,Neutral,CN,1
34215,Neutral,CN,2
34276,Neutral,CN,1
34332,Neutral,CN,2
34354,Neutral,CN,1
34404,Neutral,CN,2
34414,Neutral,CN,2
34456,Neutral,CN,1
34460,Neutral,CN,2
34500,Neutral,CN,1
34573,Neutral,CN,1
34667,Neutral,CN,2
34714,Neutral,CN,2
34754,Neutral,CN,2
34812,Neutral,CN,2
34915,Neutral,CN,2
34918,Neutral,CN,2
34944,Neutral,CN,2
34983,Neutral,CN,2
35058,Neutral,CN,2
35064,Neutral,CN,1
35127,Neutral,CN,2
35156,Neutral,CN,2
35174,Neutral,CN,1
35191,Neutral,CN,2
35201,Neutral,CN,2
35204,Neutral,CN,2
35282,Neutral,CN,2
35287,Neutral,CN,1
35429,Neutral,CN,2
35467,Neutral,CN,1
35542,Neutral,CN,2
35564,Neutral,CN,2
35592,Neutral,CN,1
35643,Neutral,CN,2
35653,Neutral,CN,1
35715,Neutral,CN,2
35732,Neutral,CN,2
35738,Neutral,CN,2
35743,Neutral,CN,2
35871,Neutral,CN,2
35880,Neutral,CN,2
35907,Neutral,CN,2
35912,Neutral,CN,1
35918,Neutral,CN,2
35939,Neutral,CN,2
35991,Neutral,CN,2
36100,Neutral,CN,2
36117,Neutral,CN,1
36126,Neutral,CN,2
36186,Neutral,CN,2
36190,Neutral,CN,1
36199,Neutral,CN,2
36209,Neutral,CN,1
36247,Neutral,CN,1
36341,Neutral,CN,2
36403,Neutral,CN,2
36419,Neutral,CN,2
36434,Neutral,CN,2
36449,Neutral,CN,1
36482,Neutral,CN,2
36557,Neutral,CN,2
36686,Neutral,CN,2
36689,Neutral,CN,2
36734,Neutral,CN,1
36743,Neutral,CN,1
36767,Neutral,CN,2
36812,Neutral,CN,2
36819,Neutral,CN,2
36849,Neutral,CN,2
36960,Neutral,CN,2
36974,Neutral,CN,2
37006,Neutral,CN,2
37016,Neutral,CN,2
37020,Neutral,CN,1
37082,Neutral,CN,2
37102,Neutral,CN,2
37124,Neutral,CN,2
37234,Neutral,CN,1
37245,Neutral,CN,1
37249,Neutral,CN,1
37327,Neutral,CN,1
37367,Neutral,CN,2
37422,Neutral,CN,1
37432,Neutral,CN,2
37435,Neutral,CN,1
37490,Neutral,CN,1
37537,Neutral,CN,2
37569,Neutral,CN,2
37608,Neutral,CN,1
37614,Neutral,CN,2
37617,Neutral,CN,2
37679,Neutral,CN,1
37723,Neutral,CN,2
37741,Neutral,CN,2
37743,Neutral,CN,2
37842,Neutral,CN,1
37909,Neutral,CN,1
37955,Neutral,CN,1
38026,Neutral,CN,2
38068,Neutral,CN,2
38078,Neutral,CN,2
38093,Neutral,CN,2
38130,Neutral,CN,1
38144,Neutral,CN,1
38146,Neutral,CN,1
38166,Neutral,CN,1
38168,Neutral,CN,1
38191,Neutral,CN,2
38245,Neutral,CN,1
38267,Neutral,CN,2
38352,Neutral,CN,1
38363,Neutral,CN,2
38395,Neutral,CN,1
38425,Neutral,CN,2
38485,Neutral,CN,1
38518,Neutral,CN,1
38530,Neutral,CN,1
38533,Neutral,CN,2
38562,Neutral,CN,2
38593,Neutral,CN,2
38627,Neutral,CN,2
38630,Neutral,CN,1
38721,Neutral,CN,1
38773,Neutral,CN,2
38802,Neutral,CN,1
38809,Neutral,CN,1
38811,Neutral,CN,1
38858,Neutral,CN,1
38920,Neutral,CN,2
38928,Neutral,CN,2
38947,Neutral,CN,1
39000,Neutral,CN,1
39152,Neutral,CN,1
39199,Neutral,CN,1
39321,Neutral,CN,1
39356,Neutral,CN,2
39388,Neutral,CN,2
39457,Neutral,CN,1
39466,Neutral,CN,1
39532,Neutral,CN,2
39553,Neutral,CN,2
39557,Neutral,CN,1
39630,Neutral,CN,1
39715,Neutral,CN,1
39795,Neutral,CN,2
39804,Neutral,CN,1
39833,Neutral,CN,2
39842,Neutral,CN,1
39855,Neutral,CN,1
39864,Neutral,CN,2
39884,Neutral,CN,2
40068,Neutral,CN,1
40135,Neutral,CN,1
40145,Neutral,CN,2
40164,Neutral,CN,1
40296,Neutral,CN,2
40352,Neutral,CN,2
40376,Neutral,CN,1
40497,Neutral,CN,2
40535,Neutral,CN,1
40542,Neutral,CN,2
40622,Neutral,CN,2
40625,Neutral,CN,2
40653,Neutral,CN,2
40853,Neutral,CN,1
40855,Neutral,CN,2
40920,Neutral,CN,1
40969,Neutral,CN,1
40991,Neutral,CN,1
41001,Neutral,CN,2
41077,Neutral,CN,1
41103,Neutral,CN,2
41237,Neutral,CN,1
41239,Neutral,CN,1
41273,Neutral,CN,1
41360,Neutral,CN,2
41368,Neutral,CN,1
41416,Neutral,CN,1
41457,Neutral,CN,2
41472,Neutral,CN,1
41514,Neutral,CN,1
41581,Neutral,CN,2
41590,Neutral,CN,1
41607,Neutral,CN,1
41636,Neutral,CN,1
41704,Neutral,CN,1
41829,Neutral,CN,1
41836,Neutral,CN,1
41906,Neutral,CN,2
41973,Neutral,CN,2
42040,Neutral,CN,1
42067,Neutral,CN,1
42086,Neutral,CN,2
42112,Neutral,CN,2
42166,Neutral,CN,2
42185,Neutral,CN,2
42228,Neutral,CN,2
42330,Neutral,CN,1
42335,Neutral,CN,2
42344,Neutral,CN,2
42391,Neutral,CN,2
42428,Neutral,CN,1
42468,Neutral,CN,2
42520,Neutral,CN,2
42521,Neutral,CN,1
42568,Neutral,CN,1
42572,Neutral,CN,2
42585,Neutral,CN,1
42609,Neutral,CN,2
42690,Neutral,CN,1
42714,Neutral,CN,2
42860,Neutral,CN,2
42886,Neutral,CN,2
42922,Neutral,CN,2
43042,Neutral,CN,1
43070,Neutral,CN,2
43113,Neutral,CN,1
43164,Neutral,CN,2
43285,Neutral,CN,1
43295,Neutral,CN,2
43350,Neutral,CN,2
43486,Neutral,CN,1
43526,Neutral,CN,2
43621,Neutral,CN,2
43668,Neutral,CN,2
43764,Neutral,CN,2
43800,Neutral,CN,1
43811,Neutral,CN,2
43878,Neutral,CN,1
44064,Neutral,CN,2
44147,Neutral,CN,2
44167,Neutral,CN,2
44178,Neutral,CN,2
44313,Neutral,CN,2
44380,Neutral,CN,1
44400,Neutral,CN,2
44415,Neutral,CN,2
44430,Neutral,CN,2
44444,Neutral,CN,2
44458,Neutral,CN,2
44475,Neutral,CN,1
44479,Neutral,CN,2
44628,Neutral,CN,1
44682,Neutral,CN,1
44812,Neutral,CN,2
44841,Neutral,CN,1
44887,Neutral,CN,2
44967,Neutral,CN,1
45012,Neutral,CN,2
45024,Neutral,CN,1
45075,Neutral,CN,2
45117,Neutral,CN,2
45137,Neutral,CN,2
45175,Neutral,CN,2
45184,Neutral,CN,1
45190,Neutral,CN,1
45289,Neutral,CN,1
45314,Neutral,CN,1
45337,Neutral,CN,1
45340,Neutral,CN,2
45390,Neutral,CN,2
45470,Neutral,CN,2
45492,Neutral,CN,1
45529,Neutral,CN,2
45544,Neutral,CN,2
45784,Neutral,CN,1
45800,Neutral,CN,2
45811,Neutral,CN,2
45837,Neutral,CN,1
45857,Neutral,CN,2
45893,Neutral,CN,2
45919,Neutral,CN,1
45938,Neutral,CN,2
45983,Neutral,CN,2
45985,Neutral,CN,1
46132,Neutral,CN,1
46147,Neutral,CN,1
46160,Neutral,CN,1
46218,Neutral,CN,2
46346,Neutral,CN,1
46372,Neutral,CN,2
46555,Neutral,CN,2
46569,Neutral,CN,2
46595,Neutral,CN,2
46674,Neutral,CN,1
46707,Neutral,CN,2
46710,Neutral,CN,2
46751,Neutral,CN,2
46756,Neutral,CN,1
46758,Neutral,CN,2
46810,Neutral,CN,2
46859,Neutral,CN,2
46880,Neutral,CN,1
46894,Neutral,CN,2
46969,Neutral,CN,2
47060,Neutral,CN,2
47065,Neutral,CN,1
47097,Neutral,CN,1
47139,Neutral,CN,2
47169,Neutral,CN,2
47216,Neutral,CN,2
47246,Neutral,CN,2
47249,Neutral,CN,2
47362,Neutral,CN,1
47371,Neutral,CN,1
47560,Neutral,CN,1
47619,Neutral,CN,2
47632,Neutral,CN,1
47865,Neutral,CN,2
48180,Neutral,CN,2
48182,Neutral,CN,1
48217,Neutral,CN,2
48246,Neutral,CN,1
48295,Neutral,CN,2
48329,Neutral,CN,1
48352,Neutral,CN,1
48355,Neutral,CN,2
48359,Neutral,CN,1
48441,Neutral,CN,2
48449,Neutral,CN,2
48506,Neutral,CN,2
48538,Neutral,CN,1
48541,Neutral,CN,1
48562,Neutral,CN,2
48563,Neutral,CN,2
48566,Neutral,CN,2
48587,Neutral,CN,1
48607,Neutral,CN,2
48618,Neutral,CN,1
48722,Neutral,CN,2
48728,Neutral,CN,1
48859,Neutral,CN,2
48898,Neutral,CN,1
48976,Neutral,CN,2
49004,Neutral,CN,1
49029,Neutral,CN,1
49047,Neutral,CN,1
49052,Neutral,CN,1
49095,Neutral,CN,1
49132,Neutral,CN,1
49146,Neutral,CN,1
49182,Neutral,CN,2
49189,Neutral,CN,1
49213,Neutral,CN,1
49228,Neutral,CN,1
49239,Neutral,CN,1
49242,Neutral,CN,2
49325,Neutral,CN,1
49400,Neutral,CN,2
49460,Neutral,CN,1
49550,Neutral,CN,2
49700,Neutral,CN,1
49737,Neutral,CN,1
49765,Neutral,CN,2
49777,Neutral,CN,2
49804,Neutral,CN,2
49855,Neutral,CN,2
49870,Neutral,CN,2
49943,Neutral,CN,2
49950,Neutral,CN,2
49959,Neutral,CN,2
49971,Neutral,CN,1
55,Neutral,CT,1
107,Neutral,CT,2
176,Neutral,CT,1
257,Neutral,CT,1
283,Neutral,CT,2
284,Neutral,CT,2
287,Neutral,CT,1
310,Neutral,CT,2
379,Neutral,CT,2
393,Neutral,CT,2
405,Neutral,CT,2
423,Neutral,CT,1
450,Neutral,CT,2
504,Neutral,CT,2
545,Neutral,CT,1
626,Neutral,CT,2
715,Neutral,CT,2
722,Neutral,CT,1
793,Neutral,CT,2
804,Neutral,CT,2
813,Neutral,CT,2
856,Neutral,CT,2
893,Neutral,CT,2
922,Neutral,CT,1
1029,Neutral,CT,2
1057,Neutral,CT,2
1106,Neutral,CT,1
1176,Neutral,CT,2
1199,Neutral,CT,1
1200,Neutral,CT,2
1205,Neutral,CT,2
1227,Neutral,CT,1
1261,Neutral,CT,2
1285,Neutral,CT,1
1290,Neutral,CT,1
1347,Neutral,CT,1
1352,Neutral,CT,1
1363,Neutral,CT,2
1421,Neutral,CT,1
1434,Neutral,CT,2
1481,Neutral,CT,1
1552,Neutral,CT,1
1573,Neutral,CT,1
1656,Neutral,CT,2
1687,Neutral,CT,1
1707,Neutral,CT,2
1735,Neutral,CT,2
1755,Neutral,CT,2
1808,Neutral,CT,1
1814,Neutral,CT,2
1819,Neutral,CT,2
1822,Neutral,CT,1
1823,Neutral,CT,1
1862,Neutral,CT,1
2004,Neutral,CT,2
2039,Neutral,CT,2
2055,Neutral,CT,1
2068,Neutral,CT,2
2081,Neutral,CT,1
2155,Neutral,CT,2
2221,Neutral,CT,2
2288,Neutral,CT,2
2375,Neutral,CT,2
2379,Neutral,CT,1
2426,Neutral,CT,2
2584,Neutral,CT,2
2599,Neutral,CT,2
2600,Neutral,CT,1
2732,Neutral,CT,2
2844,Neutral,CT,1
2891,Neutral,CT,2
2932,Neutral,CT,2
2983,Neutral,CT,1
3056,Neutral,CT,1
3102,Neutral,CT,1
3191,Neutral,CT,1
3297,Neutral,CT,1
3363,Neutral,CT,1
3367,Neutral,CT,2
3385,Neutral,CT,1
3400,Neutral,CT,1
3418,Neutral,CT,1
3429,Neutral,CT,2
3440,Neutral,CT,1
3512,Neutral,CT,1
3524,Neutral,CT,1
3567,Neutral,CT,1
3631,Neutral,CT,2
3811,Neutral,CT,2
3824,Neutral,CT,1
3867,Neutral,CT,1
3912,Neutral,CT,2
3929,Neutral,CT,2
3954,Neutral,CT,2
3971,Neutral,CT,2
3979,Neutral,CT,2
4011,Neutral,CT,2
4017,Neutral,CT,1
4066,Neutral,CT,2
4087,Neutral,CT,2
4153,Neutral,CT,2
4182,Neutral,CT,2
4187,Neutral,CT,1
4207,Neutral,CT,1
4211,Neutral,CT,1
4303,Neutral,CT,1
4314,Neutral,CT,1
4339,Neutral,CT,2
4348,Neutral,CT,2
4447,Neutral,CT,1
4462,Neutral,CT,1
4591,Neutral,CT,1
4624,Neutral,CT,2
4651,Neutral,CT,2
4652,Neutral,CT,1
4663,Neutral,CT,1
4706,Neutral,CT,2
4716,Neutral,CT,1
4744,Neutral,CT,2
4767,Neutral,CT,1
4795,Neutral,CT,1
4797,Neutral,CT,1
4812,Neutral,CT,2
4827,Neutral,CT,2
4829,Neutral,CT,2
4851,Neutral,CT,2
4856,Neutral,CT,2
4865,Neutral,CT,2
4871,Neutral,CT,1
4927,Neutral,CT,2
4937,Neutral,CT,1
5009,Neutral,CT,1
5024,Neutral,CT,1
5070,Neutral,CT,1
5086,Neutral,CT,2
5105,Neutral,CT,2
5119,Neutral,CT,1
5120,Neutral,CT,2
5159,Neutral,CT,1
5406,Neutral,CT,1
5424,Neutral,CT,2
5499,Neutral,CT,1
5570,Neutral,CT,1
5586,Neutral,CT,2
5619,Neutral,CT,2
5651,Neutral,CT,1
5741,Neutral,CT,1
5797,Neutral,CT,2
5824,Neutral,CT,2
5829,Neutral,CT,1
5834,Neutral,CT,2
5906,Neutral,CT,2
5938,Neutral,CT,2
5957,Neutral,CT,2
5998,Neutral,CT,2
6010,Neutral,CT,2
6059,Neutral,CT,2
6111,Neutral,CT,1
6137,Neutral,CT,1
6156,Neutral,CT,1
6252,Neutral,CT,1
6253,Neutral,CT,2
6255,Neutral,CT,2
6295,Neutral,CT,1
6347,Neutral,CT,1
6374,Neutral,CT,1
6420,Neutral,CT,2
6452,Neutral,CT,1
6465,Neutral,CT,1
6484,Neutral,CT,2
6488,Neutral,CT,2
6519,Neutral,CT,2
6527,Neutral,CT,2
6595,Neutral,CT,1
6631,Neutral,CT,1
6692,Neutral,CT,2
6715,Neutral,CT,2
6728,Neutral,CT,1
6756,Neutral,CT,2
6812,Neutral,CT,1
6824,Neutral,CT,1
6826,Neutral,CT,1
6842,Neutral,CT,1
6867,Neutral,CT,1
6899,Neutral,CT,2
6965,Neutral,CT,2
6977,Neutral,CT,2
6991,Neutral,CT,1
7001,Neutral,CT,2
7004,Neutral,CT,1
7070,Neutral,CT,2
7096,Neutral,CT,1
7099,Neutral,CT,1
7194,Neutral,CT,2
7220,Neutral,CT,2
7235,Neutral,CT,2
7313,Neutral,CT,2
7387,Neutral,CT,1
7407,Neutral,CT,1
7430,Neutral,CT,2
7439,Neutral,CT,1
7451,Neutral,CT,2
7498,Neutral,CT,2
7550,Neutral,CT,1
7553,Neutral,CT,2
7555,Neutral,CT,1
7581,Neutral,CT,2
7599,Neutral,CT,2
7631,Neutral,CT,1
7654,Neutral,CT,1
7687,Neutral,CT,1
7723,Neutral,CT,1
7832,Neutral,CT,2
7887,Neutral,CT,1
7894,Neutral,CT,1
7915,Neutral,CT,2
7949,Neutral,CT,1
7966,Neutral,CT,1
7972,Neutral,CT,2
7992,Neutral,CT,1
8015,Neutral,CT,2
8033,Neutral,CT,1
8139,Neutral,CT,1
8217,Neutral,CT,2
8268,Neutral,CT,1
8339,Neutral,CT,1
8366,Neutral,CT,2
8444,Neutral,CT,1
8477,Neutral,CT,1
8580,Neutral,CT,2
8614,Neutral,CT,1
8630,Neutral,CT,2
8637,Neutral,CT,2
8672,Neutral,CT,1
8816,Neutral,CT,2
8902,Neutral,CT,2
8923,Neutral,CT,2
8948,Neutral,CT,1
8993,Neutral,CT,1
9004,Neutral,CT,1
9089,Neutral,CT,2
9102,Neutral,CT,1
9120,Neutral,CT,1
9134,Neutral,CT,2
9246,Neutral,CT,2
9268,Neutral,CT,1
9325,Neutral,CT,1
9349,Neutral,CT,2
9357,Neutral,CT,2
9417,Neutral,CT,1
9459,Neutral,CT,1
9465,Neutral,CT,1
9469,Neutral,CT,2
9473,Neutral,CT,1
9485,Neutral,CT,1
9544,Neutral,CT,1
9595,Neutral,CT,1
9632,Neutral,CT,2
9635,Neutral,CT,2
9677,Neutral,CT,2
9715,Neutral,CT,1
9724,Neutral,CT,2
9774,Neutral,CT,2
9796,Neutral,CT,1
9892,Neutral,CT,2
9899,Neutral,CT,1
9907,Neutral,CT,2
9934,Neutral,CT,1
9987,Neutral,CT,1
10022,Neutral,CT,1
10156,Neutral,CT,1
10163,Neutral,CT,1
10174,Neutral,CT,1
10187,Neutral,CT,1
10189,Neutral,CT,2
10210,Neutral,CT,1
10301,Neutral,CT,1
10328,Neutral,CT,1
10330,Neutral,CT,2
10375,Neutral,CT,1
10423,Neutral,CT,2
10434,Neutral,CT,1
10450,Neutral,CT,2
10566,Neutral,CT,2
10600,Neutral,CT,1
10610,Neutral,CT,2
10621,Neutral,CT,1
10626,Neutral,CT,2
10634,Neutral,CT,2
10771,Neutral,CT,2
10803,Neutral,CT,2
10910,Neutral,CT,2
10954,Neutral,CT,2
10978,Neutral,CT,1
11101,Neutral,CT,1
11102,Neutral,CT,1
11120,Neutral,CT,2
11132,Neutral,CT,1
11189,Neutral,CT,2
11241,Neutral,CT,2
11264,Neutral,CT,1
11283,Neutral,CT,2
11511,Neutral,CT,2
11514,Neutral,CT,2
11523,Neutral,CT,2
11525,Neutral,CT,1
11553,Neutral,CT,1
11596,Neutral,CT,1
11603,Neutral,CT,2
11617,Neutral,CT,2
11630,Neutral,CT,1
11647,Neutral,CT,2
11742,Neutral,CT,2
11786,Neutral,CT,1
11850,Neutral,CT,2
11870,Neutral,CT,1
11874,Neutral,CT,1
11930,Neutral,CT,1
11935,Neutral,CT,2
11967,Neutral,CT,1
12012,Neutral,CT,2
12074,Neutral,CT,1
12143,Neutral,CT,1
12151,Neutral,CT,1
12153,Neutral,CT,1
12219,Neutral,CT,2
12271,Neutral,CT,2
12285,Neutral,CT,1
12301,Neutral,CT,1
12323,Neutral,CT,1
12429,Neutral,CT,2
12472,Neutral,CT,2
12486,Neutral,CT,2
12494,Neutral,CT,1
12627,Neutral,CT,1
12645,Neutral,CT,1
12732,Neutral,CT,1
12798,Neutral,CT,2
12830,Neutral,CT,2
12860,Neutral,CT,2
12896,Neutral,CT,1
12903,Neutral,CT,1
12926,Neutral,CT,2
12936,Neutral,CT,2
12948,Neutral,CT,2
12975,Neutral,CT,2
12998,Neutral,CT,2
13035,Neutral,CT,1
13050,Neutral,CT,2
13061,Neutral,CT,1
13113,Neutral,CT,2
13115,Neutral,CT,2
13137,Neutral,CT,2
13200,Neutral,CT,1
13227,Neutral,CT,2
13300,Neutral,CT,2
13319,Neutral,CT,1
13334,Neutral,CT,1
13384,Neutral,CT,1
13400,Neutral,CT,2
13447,Neutral,CT,2
13469,Neutral,CT,2
13484,Neutral,CT,2
13518,Neutral,CT,2
13531,Neutral,CT,2
13726,Neutral,CT,2
13785,Neutral,CT,1
13843,Neutral,CT,2
13864,Neutral,CT,2
13874,Neutral,CT,1
13920,Neutral,CT,1
14011,Neutral,CT,2
14047,Neutral,CT,2
14055,Neutral,CT,2
14074,Neutral,CT,2
14137,Neutral,CT,2
14139,Neutral,CT,2
14224,Neutral,CT,1
14259,Neutral,CT,1
14325,Neutral,CT,1
14408,Neutral,CT,1
14410,Neutral,CT,1
14469,Neutral,CT,1
14488,Neutral,CT,1
14532,Neutral,CT,2
14550,Neutral,CT,2
14557,Neutral,CT,1
14581,Neutral,CT,2
14617,Neutral,CT,2
14707,Neutral,CT,2
14759,Neutral,CT,2
14793,Neutral,CT,1
14796,Neutral,CT,2
14818,Neutral,CT,1
14845,Neutral,CT,2
14858,Neutral,CT,2
14868,Neutral,CT,1
14900,Neutral,CT,1
14932,Neutral,CT,2
14970,Neutral,CT,2
14988,Neutral,CT,2
15035,Neutral,CT,1
15066,Neutral,CT,2
15131,Neutral,CT,1
15133,Neutral,CT,2
15176,Neutral,CT,2
15189,Neutral,CT,1
15254,Neutral,CT,1
15290,Neutral,CT,1
15363,Neutral,CT,2
15452,Neutral,CT,2
15473,Neutral,CT,2
15535,Neutral,CT,2
15538,Neutral,CT,1
15555,Neutral,CT,1
15585,Neutral,CT,1
15614,Neutral,CT,2
15620,Neutral,CT,2
15693,Neutral,CT,1
15721,Neutral,CT,2
15735,Neutral,CT,1
15770,Neutral,CT,1
15799,Neutral,CT,2
15810,Neutral,CT,2
15822,Neutral,CT,2
15883,Neutral,CT,1
15894,Neutral,CT,2
15938,Neutral,CT,1
15980,Neutral,CT,2
16011,Neutral,CT,2
16114,Neutral,CT,1
16120,Neutral,CT,1
16174,Neutral,CT,1
16212,Neutral,CT,2
16213,Neutral,CT,1
16230,Neutral,CT,1
16264,Neutral,CT,1
16339,Neutral,CT,1
16355,Neutral,CT,2
16386,Neutral,CT,1
16398,Neutral,CT,1
16457,Neutral,CT,2
16521,Neutral,CT,2
16572,Neutral,CT,1
16600,Neutral,CT,1
16614,Neutral,CT,1
16642,Neutral,CT,1
16731,Neutral,CT,1
16801,Neutral,CT,2
16845,Neutral,CT,1
16858,Neutral,CT,2
16891,Neutral,CT,1
16903,Neutral,CT,1
16977,Neutral,CT,1
17002,Neutral,CT,2
17048,Neutral,CT,1
17079,Neutral,CT,2
17082,Neutral,CT,2
17121,Neutral,CT,2
17212,Neutral,CT,1
17227,Neutral,CT,1
17241,Neutral,CT,2
17280,Neutral,CT,2
17322,Neutral,CT,1
17355,Neutral,CT,2
17361,Neutral,CT,1
17364,Neutral,CT,2
17386,Neutral,CT,2
17423,Neutral,CT,2
17455,Neutral,CT,1
17468,Neutral,CT,1
17475,Neutral,CT,1
17553,Neutral,CT,1
17585,Neutral,CT,2
17693,Neutral,CT,1
17744,Neutral,CT,2
17746,Neutral,CT,2
17792,Neutral,CT,1
17806,Neutral,CT,2
17841,Neutral,CT,2
17877,Neutral,CT,1
17885,Neutral,CT,2
17914,Neutral,CT,2
17963,Neutral,CT,2
18290,Neutral,CT,1
18337,Neutral,CT,1
18550,Neutral,CT,2
18553,Neutral,CT,2
18597,Neutral,CT,2
18613,Neutral,CT,2
18630,Neutral,CT,2
18631,Neutral,CT,1
18643,Neutral,CT,1
18652,Neutral,CT,1
18656,Neutral,CT,2
18670,Neutral,CT,1
18805,Neutral,CT,2
18806,Neutral,CT,1
18820,Neutral,CT,1
18839,Neutral,CT,2
18874,Neutral,CT,1
18886,Neutral,CT,1
18935,Neutral,CT,1
18961,Neutral,CT,2
18998,Neutral,CT,2
19036,Neutral,CT,2
19045,Neutral,CT,2
19164,Neutral,CT,1
19267,Neutral,CT,2
19295,Neutral,CT,1
19331,Neutral,CT,2
19341,Neutral,CT,1
19363,Neutral,CT,1
19383,Neutral,CT,1
19385,Neutral,CT,2
19395,Neutral,CT,2
19486,Neutral,CT,2
19496,Neutral,CT,2
19519,Neutral,CT,2
19532,Neutral,CT,1
19538,Neutral,CT,1
19599,Neutral,CT,1
19643,Neutral,CT,1
19686,Neutral,CT,1
19738,Neutral,CT,1
19794,Neutral,CT,1
19826,Neutral,CT,2
19830,Neutral,CT,2
19839,Neutral,CT,2
19854,Neutral,CT,2
19900,Neutral,CT,2
19915,Neutral,CT,1
19967,Neutral,CT,1
19968,Neutral,CT,2
20031,Neutral,CT,1
20132,Neutral,CT,2
20184,Neutral,CT,1
20195,Neutral,CT,1
20270,Neutral,CT,2
20283,Neutral,CT,2
20299,Neutral,CT,2
20338,Neutral,CT,2
20351,Neutral,CT,1
20380,Neutral,CT,2
20407,Neutral,CT,2
20420,Neutral,CT,1
20422,Neutral,CT,1
20431,Neutral,CT,1
20443,Neutral,CT,1
20446,Neutral,CT,2
20465,Neutral,CT,1
20467,Neutral,CT,1
20504,Neutral,CT,2
20528,Neutral,CT,1
20542,Neutral,CT,1
20549,Neutral,CT,1
20609,Neutral,CT,1
20666,Neutral,CT,1
20677,Neutral,CT,1
20685,Neutral,CT,2
20716,Neutral,CT,2
20717,Neutral,CT,2
20839,Neutral,CT,2
20853,Neutral,CT,1
20869,Neutral,CT,2
20890,Neutral,CT,2
20895,Neutral,CT,2
20964,Neutral,CT,1
20971,Neutral,CT,2
21051,Neutral,CT,2
21067,Neutral,CT,2
21074,Neutral,CT,1
21098,Neutral,CT,2
21130,Neutral,CT,2
21158,Neutral,CT,1
21165,Neutral,CT,1
21167,Neutral,CT,1
21173,Neutral,CT,1
21180,Neutral,CT,2
21203,Neutral,CT,2
21210,Neutral,CT,1
21328,Neutral,CT,1
21399,Neutral,CT,1
21509,Neutral,CT,2
21544,Neutral,CT,2
21598,Neutral,CT,2
21606,Neutral,CT,2
21629,Neutral,CT,1
21630,Neutral,CT,2
21666,Neutral,CT,2
21691,Neutral,CT,1
21847,Neutral,CT,2
21910,Neutral,CT,1
21961,Neutral,CT,1
21976,Neutral,CT,1
21987,Neutral,CT,2
22043,Neutral,CT,2
22052,Neutral,CT,1
22065,Neutral,CT,1
22066,Neutral,CT,2
22126,Neutral,CT,2
22166,Neutral,CT,2
22184,Neutral,CT,2
22189,Neutral,CT,2
22194,Neutral,CT,2
22266,Neutral,CT,1
22314,Neutral,CT,2
22356,Neutral,CT,2
22467,Neutral,CT,2
22679,Neutral,CT,1
22707,Neutral,CT,2
22767,Neutral,CT,2
22770,Neutral,CT,1
22814,Neutral,CT,1
22819,Neutral,CT,2
22833,Neutral,CT,1
22849,Neutral,CT,2
22966,Neutral,CT,2
23023,Neutral,CT,1
23052,Neutral,CT,1
23089,Neutral,CT,1
23104,Neutral,CT,2
23128,Neutral,CT,1
23200,Neutral,CT,1
23313,Neutral,CT,2
23322,Neutral,CT,1
23323,Neutral,CT,1
23404,Neutral,CT,2
23415,Neutral,CT,2
23440,Neutral,CT,2
23453,Neutral,CT,2
23505,Neutral,CT,1
23514,Neutral,CT,2
23524,Neutral,CT,1
23530,Neutral,CT,2
23574,Neutral,CT,1
23584,Neutral,CT,1
23605,Neutral,CT,1
23620,Neutral,CT,2
23648,Neutral,CT,2
23699,Neutral,CT,2
23713,Neutral,CT,2
23779,Neutral,CT,1
23871,Neutral,CT,1
23873,Neutral,CT,1
24026,Neutral,CT,1
24163,Neutral,CT,1
24174,Neutral,CT,2
24223,Neutral,CT,1
24260,Neutral,CT,1
24291,Neutral,CT,2
24304,Neutral,CT,1
24334,Neutral,CT,2
24405,Neutral,CT,2
24408,Neutral,CT,1
24500,Neutral,CT,2
24502,Neutral,CT,2
24541,Neutral,CT,2
24573,Neutral,CT,1
24577,Neutral,CT,1
24637,Neutral,CT,2
24673,Neutral,CT,2
24706,Neutral,CT,1
24740,Neutral,CT,2
24774,Neutral,CT,2
24836,Neutral,CT,1
24871,Neutral,CT,1
24902,Neutral,CT,2
24959,Neutral,CT,2
24975,Neutral,CT,1
24995,Neutral,CT,1
25015,Neutral,CT,1
25038,Neutral,CT,1
25109,Neutral,CT,2
25137,Neutral,CT,1
25155,Neutral,CT,1
25239,Neutral,CT,2
25270,Neutral,CT,1
25302,Neutral,CT,2
25337,Neutral,CT,1
25348,Neutral,CT,1
25369,Neutral,CT,2
25380,Neutral,CT,2
25416,Neutral,CT,1
25435,Neutral,CT,1
25447,Neutral,CT,1
25448,Neutral,CT,2
25471,Neutral,CT,2
25523,Neutral,CT,2
25591,Neutral,CT,1
25650,Neutral,CT,1
25690,Neutral,CT,1
25856,Neutral,CT,1
25868,Neutral,CT,1
25990,Neutral,CT,2
26032,Neutral,CT,1
26129,Neutral,CT,2
26161,Neutral,CT,1
26178,Neutral,CT,2
26211,Neutral,CT,2
26281,Neutral,CT,2
26287,Neutral,CT,2
26292,Neutral,CT,1
26321,Neutral,CT,2
26337,Neutral,CT,1
26345,Neutral,CT,1
26480,Neutral,CT,2
26492,Neutral,CT,2
26528,Neutral,CT,1
26546,Neutral,CT,1
26556,Neutral,CT,1
26575,Neutral,CT,2
26678,Neutral,CT,2
26714,Neutral,CT,2
26831,Neutral,CT,1
26865,Neutral,CT,2
26878,Neutral,CT,2
26995,Neutral,CT,1
27029,Neutral,CT,1
27088,Neutral,CT,1
27101,Neutral,CT,1
27117,Neutral,CT,2
27395,Neutral,CT,2
27431,Neutral,CT,2
27497,Neutral,CT,1
27524,Neutral,CT,2
27558,Neutral,CT,2
27668,Neutral,CT,2
27688,Neutral,CT,2
27740,Neutral,CT,2
27786,Neutral,CT,2
27828,Neutral,CT,2
27904,Neutral,CT,2
27910,Neutral,CT,2
27911,Neutral,CT,2
28011,Neutral,CT,2
28019,Neutral,CT,1
28051,Neutral,CT,2
28057,Neutral,CT,1
28067,Neutral,CT,2
28114,Neutral,CT,2
28222,Neutral,CT,2
28262,Neutral,CT,2
28271,Neutral,CT,1
28341,Neutral,CT,1
28365,Neutral,CT,2
28463,Neutral,CT,2
28490,Neutral,CT,1
28550,Neutral,CT,2
28574,Neutral,CT,2
28656,Neutral,CT,2
28674,Neutral,CT,2
28728,Neutral,CT,1
28789,Neutral,CT,2
28790,Neutral,CT,2
28814,Neutral,CT,2
28822,Neutral,CT,2
28963,Neutral,CT,1
29070,Neutral,CT,2
29105,Neutral,CT,2
29132,Neutral,CT,1
29144,Neutral,CT,1
29184,Neutral,CT,1
29243,Neutral,CT,2
29385,Neutral,CT,1
29417,Neutral,CT,2
29454,Neutral,CT,2
29484,Neutral,CT,2
29629,Neutral,CT,1
29644,Neutral,CT,1
29679,Neutral,CT,1
29768,Neutral,CT,1
29880,Neutral,CT,1
29903,Neutral,CT,1
29912,Neutral,CT,1
29978,Neutral,CT,1
30052,Neutral,CT,1
30118,Neutral,CT,1
30137,Neutral,CT,2
30143,Neutral,CT,1
30180,Neutral,CT,1
30259,Neutral,CT,1
30273,Neutral,CT,2
30285,Neutral,CT,2
30328,Neutral,CT,1
30329,Neutral,CT,1
30336,Neutral,CT,2
30340,Neutral,CT,1
30367,Neutral,CT,2
30457,Neutral,CT,2
30514,Neutral,CT,1
30544,Neutral,CT,1
30637,Neutral,CT,1
30694,Neutral,CT,2
30701,Neutral,CT,2
30710,Neutral,CT,2
30794,Neutral,CT,2
30807,Neutral,CT,2
30825,Neutral,CT,2
30846,Neutral,CT,1
30856,Neutral,CT,2
30872,Neutral,CT,2
30880,Neutral,CT,1
30899,Neutral,CT,1
30922,Neutral,CT,2
30936,Neutral,CT,2
31029,Neutral,CT,1
31060,Neutral,CT,1
31081,Neutral,CT,2
31089,Neutral,CT,1
31128,Neutral,CT,2
31129,Neutral,CT,2
31138,Neutral,CT,1
31148,Neutral,CT,1
31247,Neutral,CT,1
31266,Neutral,CT,2
31350,Neutral,CT,2
31386,Neutral,CT,2
31470,Neutral,CT,2
31483,Neutral,CT,2
31568,Neutral,CT,2
31597,Neutral,CT,1
31622,Neutral,CT,1
31628,Neutral,CT,1
31634,Neutral,CT,2
31665,Neutral,CT,1
31720,Neutral,CT,1
31728,Neutral,CT,1
31754,Neutral,CT,2
31883,Neutral,CT,2
31907,Neutral,CT,2
32003,Neutral,CT,2
32090,Neutral,CT,1
32112,Neutral,CT,2
32116,Neutral,CT,2
32131,Neutral,CT,2
32167,Neutral,CT,2
32177,Neutral,CT,2
32263,Neutral,CT,2
32265,Neutral,CT,1
32323,Neutral,CT,2
32372,Neutral,CT,1
32463,Neutral,CT,2
32489,Neutral,CT,1
32518,Neutral,CT,1
32572,Neutral,CT,2
32638,Neutral,CT,1
32679,Neutral,CT,1
32722,Neutral,CT,2
32747,Neutral,CT,1
32753,Neutral,CT,2
32785,Neutral,CT,1
32872,Neutral,CT,2
32894,Neutral,CT,1
32913,Neutral,CT,2
32917,Neutral,CT,2
32963,Neutral,CT,2
32972,Neutral,CT,2
33026,Neutral,CT,1
33067,Neutral,CT,2
33126,Neutral,CT,2
33141,Neutral,CT,2
33154,Neutral,CT,1
33212,Neutral,CT,1
33262,Neutral,CT,2
33291,Neutral,CT,2
33322,Neutral,CT,2
33345,Neutral,CT,1
33390,Neutral,CT,1
33409,Neutral,CT,2
33433,Neutral,CT,1
33470,Neutral,CT,1
33504,Neutral,CT,1
33509,Neutral,CT,2
33618,Neutral,CT,2
33649,Neutral,CT,1
33741,Neutral,CT,2
33743,Neutral,CT,2
33765,Neutral,CT,2
33806,Neutral,CT,2
33808,Neutral,CT,2
33856,Neutral,CT,1
33859,Neutral,CT,2
33890,Neutral,CT,2
33936,Neutral,CT,1
33940,Neutral,CT,1
33961,Neutral,CT,1
33962,Neutral,CT,2
33986,Neutral,CT,1
34029,Neutral,CT,2
34084,Neutral,CT,1
34125,Neutral,CT,2
34143,Neutral,CT,2
34171,Neutral,CT,1
34215,Neutral,CT,2
34276,Neutral,CT,1
34332,Neutral,CT,2
34354,Neutral,CT,1
34404,Neutral,CT,2
34456,Neutral,CT,1
34460,Neutral,CT,2
34500,Neutral,CT,1
34573,Neutral,CT,1
34667,Neutral,CT,2
34714,Neutral,CT,2
34754,Neutral,CT,2
34812,Neutral,CT,2
34918,Neutral,CT,2
34930,Neutral,CT,2
34944,Neutral,CT,2
34983,Neutral,CT,2
35058,Neutral,CT,2
35064,Neutral,CT,1
35127,Neutral,CT,2
35156,Neutral,CT,2
35174,Neutral,CT,1
35191,Neutral,CT,2
35201,Neutral,CT,2
35204,Neutral,CT,2
35282,Neutral,CT,2
35287,Neutral,CT,1
35429,Neutral,CT,2
35467,Neutral,CT,1
35564,Neutral,CT,2
35592,Neutral,CT,1
35643,Neutral,CT,2
35653,Neutral,CT,1
35715,Neutral,CT,2
35732,Neutral,CT,2
35738,Neutral,CT,2
35743,Neutral,CT,2
35871,Neutral,CT,2
35880,Neutral,CT,2
35907,Neutral,CT,2
35918,Neutral,CT,2
35939,Neutral,CT,2
35991,Neutral,CT,2
36100,Neutral,CT,2
36117,Neutral,CT,1
36126,Neutral,CT,2
36186,Neutral,CT,2
36190,Neutral,CT,1
36199,Neutral,CT,2
36209,Neutral,CT,1
36247,Neutral,CT,1
36341,Neutral,CT,2
36419,Neutral,CT,2
36434,Neutral,CT,2
36449,Neutral,CT,1
36482,Neutral,CT,2
36557,Neutral,CT,2
36686,Neutral,CT,2
36689,Neutral,CT,2
36734,Neutral,CT,1
36743,Neutral,CT,1
36767,Neutral,CT,2
36785,Neutral,CT,2
36812,Neutral,CT,2
36819,Neutral,CT,2
36849,Neutral,CT,2
36960,Neutral,CT,2
36974,Neutral,CT,2
37006,Neutral,CT,2
37016,Neutral,CT,2
37020,Neutral,CT,1
37082,Neutral,CT,2
37102,Neutral,CT,2
37114,Neutral,CT,1
37124,Neutral,CT,2
37184,Neutral,CT,1
37234,Neutral,CT,1
37249,Neutral,CT,1
37258,Neutral,CT,2
37327,Neutral,CT,1
37367,Neutral,CT,2
37404,Neutral,CT,2
37422,Neutral,CT,1
37432,Neutral,CT,2
37435,Neutral,CT,1
37490,Neutral,CT,1
37537,Neutral,CT,2
37542,Neutral,CT,1
37569,Neutral,CT,2
37608,Neutral,CT,1
37614,Neutral,CT,2
37617,Neutral,CT,2
37679,Neutral,CT,1
37723,Neutral,CT,2
37741,Neutral,CT,2
37743,Neutral,CT,2
37842,Neutral,CT,1
37909,Neutral,CT,1
37955,Neutral,CT,1
38026,Neutral,CT,2
38068,Neutral,CT,2
38078,Neutral,CT,2
38093,Neutral,CT,2
38130,Neutral,CT,1
38144,Neutral,CT,1
38146,Neutral,CT,1
38166,Neutral,CT,1
38168,Neutral,CT,1
38191,Neutral,CT,2
38245,Neutral,CT,1
38267,Neutral,CT,2
38352,Neutral,CT,1
38363,Neutral,CT,2
38395,Neutral,CT,1
38425,Neutral,CT,2
38485,Neutral,CT,1
38518,Neutral,CT,1
38530,Neutral,CT,1
38533,Neutral,CT,2
38562,Neutral,CT,2
38593,Neutral,CT,2
38627,Neutral,CT,2
38630,Neutral,CT,1
38721,Neutral,CT,1
38773,Neutral,CT,2
38802,Neutral,CT,1
38809,Neutral,CT,1
38811,Neutral,CT,1
38829,Neutral,CT,1
38858,Neutral,CT,1
38928,Neutral,CT,2
38947,Neutral,CT,1
39000,Neutral,CT,1
39152,Neutral,CT,1
39199,Neutral,CT,1
39321,Neutral,CT,1
39356,Neutral,CT,2
39388,Neutral,CT,2
39457,Neutral,CT,1
39466,Neutral,CT,1
39532,Neutral,CT,2
39553,Neutral,CT,2
39557,Neutral,CT,1
39630,Neutral,CT,1
39715,Neutral,CT,1
39795,Neutral,CT,2
39804,Neutral,CT,1
39833,Neutral,CT,2
39842,Neutral,CT,1
39855,Neutral,CT,1
39864,Neutral,CT,2
39884,Neutral,CT,2
39918,Neutral,CT,1
40068,Neutral,CT,1
40135,Neutral,CT,1
40145,Neutral,CT,2
40164,Neutral,CT,1
40169,Neutral,CT,1
40296,Neutral,CT,2
40352,Neutral,CT,2
40376,Neutral,CT,1
40497,Neutral,CT,2
40535,Neutral,CT,1
40542,Neutral,CT,2
40622,Neutral,CT,2
40625,Neutral,CT,2
40653,Neutral,CT,2
40853,Neutral,CT,1
40855,Neutral,CT,2
40920,Neutral,CT,1
40923,Neutral,CT,2
40969,Neutral,CT,1
40991,Neutral,CT,1
41001,Neutral,CT,2
41077,Neutral,CT,1
41103,Neutral,CT,2
41150,Neutral,CT,1
41152,Neutral,CT,2
41237,Neutral,CT,1
41239,Neutral,CT,1
41273,Neutral,CT,1
41360,Neutral,CT,2
41368,Neutral,CT,1
41416,Neutral,CT,1
41457,Neutral,CT,2
41472,Neutral,CT,1
41581,Neutral,CT,2
41590,Neutral,CT,1
41607,Neutral,CT,1
41636,Neutral,CT,1
41704,Neutral,CT,1
41829,Neutral,CT,1
41836,Neutral,CT,1
41906,Neutral,CT,2
41973,Neutral,CT,2
42006,Neutral,CT,2
42040,Neutral,CT,1
42067,Neutral,CT,1
42086,Neutral,CT,2
42112,Neutral,CT,2
42166,Neutral,CT,2
42185,Neutral,CT,2
42228,Neutral,CT,2
42330,Neutral,CT,1
42344,Neutral,CT,2
42391,Neutral,CT,2
42428,Neutral,CT,1
42468,Neutral,CT,2
42520,Neutral,CT,2
42521,Neutral,CT,1
42568,Neutral,CT,1
42572,Neutral,CT,2
42585,Neutral,CT,1
42609,Neutral,CT,2
42690,Neutral,CT,1
42714,Neutral,CT,2
42860,Neutral,CT,2
42886,Neutral,CT,2
42922,Neutral,CT,2
43042,Neutral,CT,1
43070,Neutral,CT,2
43113,Neutral,CT,1
43164,Neutral,CT,2
43191,Neutral,CT,1
43285,Neutral,CT,1
43295,Neutral,CT,2
43350,Neutral,CT,2
43486,Neutral,CT,1
43526,Neutral,CT,2
43621,Neutral,CT,2
43668,Neutral,CT,2
43764,Neutral,CT,2
43800,Neutral,CT,1
43811,Neutral,CT,2
43878,Neutral,CT,1
44064,Neutral,CT,2
44147,Neutral,CT,2
44167,Neutral,CT,2
44178,Neutral,CT,2
44313,Neutral,CT,2
44380,Neutral,CT,1
44400,Neutral,CT,2
44415,Neutral,CT,2
44430,Neutral,CT,2
44444,Neutral,CT,2
44458,Neutral,CT,2
44475,Neutral,CT,1
44479,Neutral,CT,2
44628,Neutral,CT,1
44682,Neutral,CT,1
44812,Neutral,CT,2
44833,Neutral,CT,2
44841,Neutral,CT,1
44887,Neutral,CT,2
44967,Neutral,CT,1
45012,Neutral,CT,2
45024,Neutral,CT,1
45075,Neutral,CT,2
45117,Neutral,CT,2
45137,Neutral,CT,2
45175,Neutral,CT,2
45184,Neutral,CT,1
45190,Neutral,CT,1
45314,Neutral,CT,1
45337,Neutral,CT,1
45340,Neutral,CT,2
45390,Neutral,CT,2
45424,Neutral,CT,2
45470,Neutral,CT,2
45492,Neutral,CT,1
45529,Neutral,CT,2
45544,Neutral,CT,2
45784,Neutral,CT,1
45800,Neutral,CT,2
45811,Neutral,CT,2
45837,Neutral,CT,1
45857,Neutral,CT,2
45893,Neutral,CT,2
45919,Neutral,CT,1
45938,Neutral,CT,2
45983,Neutral,CT,2
45985,Neutral,CT,1
46132,Neutral,CT,1
46147,Neutral,CT,1
46160,Neutral,CT,1
46346,Neutral,CT,1
46371,Neutral,CT,1
46372,Neutral,CT,2
46555,Neutral,CT,2
46569,Neutral,CT,2
46595,Neutral,CT,2
46674,Neutral,CT,1
46707,Neutral,CT,2
46710,Neutral,CT,2
46751,Neutral,CT,2
46756,Neutral,CT,1
46758,Neutral,CT,2
46810,Neutral,CT,2
46859,Neutral,CT,2
46880,Neutral,CT,1
46894,Neutral,CT,2
46969,Neutral,CT,2
47024,Neutral,CT,1
47060,Neutral,CT,2
47065,Neutral,CT,1
47097,Neutral,CT,1
47139,Neutral,CT,2
47169,Neutral,CT,2
47174,Neutral,CT,2
47216,Neutral,CT,2
47246,Neutral,CT,2
47249,Neutral,CT,2
47362,Neutral,CT,1
47371,Neutral,CT,1
47560,Neutral,CT,1
47619,Neutral,CT,2
47632,Neutral,CT,1
47865,Neutral,CT,2
47886,Neutral,CT,2
48180,Neutral,CT,2
48182,Neutral,CT,1
48217,Neutral,CT,2
48246,Neutral,CT,1
48295,Neutral,CT,2
48329,Neutral,CT,1
48352,Neutral,CT,1
48355,Neutral,CT,2
48359,Neutral,CT,1
48441,Neutral,CT,2
48449,Neutral,CT,2
48506,Neutral,CT,2
48538,Neutral,CT,1
48541,Neutral,CT,1
48562,Neutral,CT,2
48563,Neutral,CT,2
48587,Neutral,CT,1
48607,Neutral,CT,2
48618,Neutral,CT,1
48722,Neutral,CT,2
48728,Neutral,CT,1
48859,Neutral,CT,2
48898,Neutral,CT,1
48976,Neutral,CT,2
49004,Neutral,CT,1
49029,Neutral,CT,1
49047,Neutral,CT,1
49052,Neutral,CT,1
49095,Neutral,CT,1
49132,Neutral,CT,1
49146,Neutral,CT,1
49182,Neutral,CT,2
49189,Neutral,CT,1
49213,Neutral,CT,1
49228,Neutral,CT,1
49239,Neutral,CT,1
49242,Neutral,CT,2
49325,Neutral,CT,1
49400,Neutral,CT,2
49460,Neutral,CT,1
49550,Neutral,CT,2
49700,Neutral,CT,1
49737,Neutral,CT,1
49765,Neutral,CT,2
49777,Neutral,CT,1
49804,Neutral,CT,2
49855,Neutral,CT,2
49870,Neutral,CT,2
49943,Neutral,CT,2
49950,Neutral,CT,2
49959,Neutral,CT,2
49971,Neutral,CT,1
55,Neutral,R1,1
107,Neutral,R1,2
176,Neutral,R1,1
283,Neutral,R1,2
284,Neutral,R1,2
287,Neutral,R1,1
310,Neutral,R1,2
337,Neutral,R1,2
379,Neutral,R1,2
393,Neutral,R1,2
405,Neutral,R1,2
423,Neutral,R1,2
450,Neutral,R1,2
504,Neutral,R1,2
545,Neutral,R1,1
626,Neutral,R1,2
715,Neutral,R1,2
722,Neutral,R1,1
793,Neutral,R1,2
804,Neutral,R1,2
813,Neutral,R1,1
856,Neutral,R1,2
893,Neutral,R1,2
1029,Neutral,R1,2
1057,Neutral,R1,2
1106,Neutral,R1,1
1176,Neutral,R1,2
1199,Neutral,R1,1
1200,Neutral,R1,2
1205,Neutral,R1,2
1227,Neutral,R1,2
1261,Neutral,R1,2
1285,Neutral,R1,1
1290,Neutral,R1,1
1347,Neutral,R1,1
1352,Neutral,R1,2
1363,Neutral,R1,2
1421,Neutral,R1,1
1434,Neutral,R1,2
1481,Neutral,R1,1
1552,Neutral,R1,1
1573,Neutral,R1,1
1656,Neutral,R1,2
1687,Neutral,R1,1
1707,Neutral,R1,2
1733,Neutral,R1,2
1735,Neutral,R1,2
1755,Neutral,R1,2
1814,Neutral,R1,2
1819,Neutral,R1,2
1822,Neutral,R1,1
1823,Neutral,R1,1
1862,Neutral,R1,1
2004,Neutral,R1,2
2055,Neutral,R1,1
2068,Neutral,R1,2
2081,Neutral,R1,1
2155,Neutral,R1,2
2170,Neutral,R1,1
2221,Neutral,R1,2
2288,Neutral,R1,2
2375,Neutral,R1,2
2379,Neutral,R1,1
2426,Neutral,R1,2
2584,Neutral,R1,2
2585,Neutral,R1,1
2599,Neutral,R1,2
2600,Neutral,R1,1
2732,Neutral,R1,2
2844,Neutral,R1,1
2891,Neutral,R1,2
2932,Neutral,R1,2
2983,Neutral,R1,1
3056,Neutral,R1,1
3081,Neutral,R1,1
3102,Neutral,R1,1
3191,Neutral,R1,1
3230,Neutral,R1,1
3297,Neutral,R1,1
3363,Neutral,R1,1
3367,Neutral,R1,2
3385,Neutral,R1,1
3400,Neutral,R1,1
3429,Neutral,R1,2
3440,Neutral,R1,1
3512,Neutral,R1,2
3524,Neutral,R1,1
3567,Neutral,R1,1
3631,Neutral,R1,2
3811,Neutral,R1,2
3824,Neutral,R1,1
3839,Neutral,R1,1
3867,Neutral,R1,1
3912,Neutral,R1,2
3929,Neutral,R1,2
3954,Neutral,R1,2
3971,Neutral,R1,2
3979,Neutral,R1,2
4011,Neutral,R1,2
4066,Neutral,R1,2
4087,Neutral,R1,2
4153,Neutral,R1,2
4182,Neutral,R1,2
4187,Neutral,R1,1
4207,Neutral,R1,1
4211,Neutral,R1,1
4303,Neutral,R1,1
4314,Neutral,R1,1
4339,Neutral,R1,2
4348,Neutral,R1,2
4447,Neutral,R1,1
4462,Neutral,R1,1
4591,Neutral,R1,1
4624,Neutral,R1,2
4651,Neutral,R1,2
4652,Neutral,R1,1
4663,Neutral,R1,1
4706,Neutral,R1,2
4716,Neutral,R1,1
4744,Neutral,R1,2
4767,Neutral,R1,1
4795,Neutral,R1,1
4797,Neutral,R1,2
4812,Neutral,R1,2
4827,Neutral,R1,2
4829,Neutral,R1,2
4851,Neutral,R1,2
4856,Neutral,R1,2
4865,Neutral,R1,2
4871,Neutral,R1,1
4927,Neutral,R1,2
4937,Neutral,R1,1
5006,Neutral,R1,2
5009,Neutral,R1,1
5024,Neutral,R1,1
5070,Neutral,R1,1
5086,Neutral,R1,2
5105,Neutral,R1,2
5119,Neutral,R1,1
5120,Neutral,R1,2
5406,Neutral,R1,1
5424,Neutral,R1,2
5475,Neutral,R1,2
5499,Neutral,R1,1
5570,Neutral,R1,1
5619,Neutral,R1,2
5651,Neutral,R1,1
5741,Neutral,R1,2
5797,Neutral,R1,2
5824,Neutral,R1,2
5829,Neutral,R1,1
5834,Neutral,R1,1
5906,Neutral,R1,2
5913,Neutral,R1,2
5957,Neutral,R1,2
5998,Neutral,R1,2
6010,Neutral,R1,2
6059,Neutral,R1,2
6111,Neutral,R1,1
6137,Neutral,R1,1
6156,Neutral,R1,1
6252,Neutral,R1,1
6253,Neutral,R1,2
6255,Neutral,R1,2
6295,Neutral,R1,1
6347,Neutral,R1,1
6374,Neutral,R1,1
6420,Neutral,R1,2
6452,Neutral,R1,1
6465,Neutral,R1,1
6484,Neutral,R1,2
6519,Neutral,R1,2
6527,Neutral,R1,2
6595,Neutral,R1,1
6631,Neutral,R1,1
6692,Neutral,R1,2
6715,Neutral,R1,2
6728,Neutral,R1,1
6756,Neutral,R1,2
6812,Neutral,R1,1
6824,Neutral,R1,1
6826,Neutral,R1,1
6842,Neutral,R1,1
6867,Neutral,R1,1
6868,Neutral,R1,2
6899,Neutral,R1,2
6965,Neutral,R1,2
6977,Neutral,R1,2
6991,Neutral,R1,1
7001,Neutral,R1,2
7004,Neutral,R1,1
7070,Neutral,R1,2
7096,Neutral,R1,1
7099,Neutral,R1,1
7194,Neutral,R1,2
7220,Neutral,R1,2
7235,Neutral,R1,2
7313,Neutral,R1,2
7387,Neutral,R1,1
7407,Neutral,R1,1
7430,Neutral,R1,2
7439,Neutral,R1,1
7451,Neutral,R1,2
7498,Neutral,R1,2
7550,Neutral,R1,1
7553,Neutral,R1,2
7555,Neutral,R1,1
7581,Neutral,R1,2
7599,Neutral,R1,2
7654,Neutral,R1,1
7687,Neutral,R1,1
7723,Neutral,R1,1
7832,Neutral,R1,2
7887,Neutral,R1,1
7894,Neutral,R1,1
7915,Neutral,R1,2
7949,Neutral,R1,1
7966,Neutral,R1,1
7992,Neutral,R1,1
8015,Neutral,R1,2
8033,Neutral,R1,1
8139,Neutral,R1,1
8217,Neutral,R1,2
8268,Neutral,R1,1
8339,Neutral,R1,1
8366,Neutral,R1,2
8444,Neutral,R1,1
8477,Neutral,R1,1
8580,Neutral,R1,2
8614,Neutral,R1,1
8630,Neutral,R1,2
8672,Neutral,R1,1
8800,Neutral,R1,1
8816,Neutral,R1,2
8902,Neutral,R1,2
8923,Neutral,R1,2
8948,Neutral,R1,1
8993,Neutral,R1,1
9004,Neutral,R1,1
9089,Neutral,R1,2
9102,Neutral,R1,2
9120,Neutral,R1,2
9134,Neutral,R1,2
9246,Neutral,R1,2
9268,Neutral,R1,1
9325,Neutral,R1,1
9349,Neutral,R1,2
9357,Neutral,R1,2
9417,Neutral,R1,1
9459,Neutral,R1,1
9465,Neutral,R1,1
9469,Neutral,R1,2
9485,Neutral,R1,2
9595,Neutral,R1,1
9632,Neutral,R1,2
9635,Neutral,R1,2
9677,Neutral,R1,2
9715,Neutral,R1,1
9724,Neutral,R1,2
9774,Neutral,R1,2
9796,Neutral,R1,1
9892,Neutral,R1,2
9899,Neutral,R1,1
9907,Neutral,R1,2
9934,Neutral,R1,1
9955,Neutral,R1,2
9987,Neutral,R1,1
10022,Neutral,R1,1
10156,Neutral,R1,1
10163,Neutral,R1,1
10174,Neutral,R1,1
10187,Neutral,R1,1
10189,Neutral,R1,2
10210,Neutral,R1,1
10301,Neutral,R1,2
10328,Neutral,R1,1
10330,Neutral,R1,2
10375,Neutral,R1,1
10400,Neutral,R1,1
10423,Neutral,R1,2
10434,Neutral,R1,1
10450,Neutral,R1,2
10566,Neutral,R1,2
10600,Neutral,R1,1
10610,Neutral,R1,2
10621,Neutral,R1,1
10626,Neutral,R1,2
10634,Neutral,R1,2
10713,Neutral,R1,1
10771,Neutral,R1,2
10803,Neutral,R1,2
10910,Neutral,R1,2
10954,Neutral,R1,2
10978,Neutral,R1,1
11024,Neutral,R1,2
11101,Neutral,R1,2
11102,Neutral,R1,1
11120,Neutral,R1,2
11189,Neutral,R1,2
11241,Neutral,R1,2
11283,Neutral,R1,2
11511,Neutral,R1,2
11514,Neutral,R1,2
11523,Neutral,R1,2
11525,Neutral,R1,1
11553,Neutral,R1,1
11596,Neutral,R1,1
11603,Neutral,R1,2
11617,Neutral,R1,2
11630,Neutral,R1,1
11647,Neutral,R1,2
11742,Neutral,R1,2
11786,Neutral,R1,1
11850,Neutral,R1,2
11870,Neutral,R1,1
11874,Neutral,R1,1
11930,Neutral,R1,1
11935,Neutral,R1,2
11967,Neutral,R1,1
12012,Neutral,R1,2
12074,Neutral,R1,1
12151,Neutral,R1,1
12153,Neutral,R1,1
12219,Neutral,R1,1
12271,Neutral,R1,2
12284,Neutral,R1,1
12285,Neutral,R1,1
12301,Neutral,R1,1
12429,Neutral,R1,2
12472,Neutral,R1,2
12486,Neutral,R1,2
12494,Neutral,R1,1
12627,Neutral,R1,2
12645,Neutral,R1,1
12732,Neutral,R1,1
12798,Neutral,R1,2
12830,Neutral,R1,2
12860,Neutral,R1,2
12896,Neutral,R1,1
12903,Neutral,R1,1
12926,Neutral,R1,2
12936,Neutral,R1,2
12948,Neutral,R1,2
12975,Neutral,R1,2
12998,Neutral,R1,2
13035,Neutral,R1,1
13050,Neutral,R1,2
13061,Neutral,R1,1
13113,Neutral,R1,2
13115,Neutral,R1,2
13137,Neutral,R1,2
13141,Neutral,R1,1
13227,Neutral,R1,2
13300,Neutral,R1,2
13319,Neutral,R1,1
13334,Neutral,R1,1
13384,Neutral,R1,1
13400,Neutral,R1,2
13447,Neutral,R1,2
13469,Neutral,R1,2
13484,Neutral,R1,2
13518,Neutral,R1,2
13531,Neutral,R1,2
13562,Neutral,R1,2
13726,Neutral,R1,2
13785,Neutral,R1,1
13843,Neutral,R1,2
13864,Neutral,R1,2
13874,Neutral,R1,1
13920,Neutral,R1,2
13996,Neutral,R1,2
14011,Neutral,R1,2
14047,Neutral,R1,2
14055,Neutral,R1,2
14074,Neutral,R1,2
14137,Neutral,R1,2
14139,Neutral,R1,2
14259,Neutral,R1,1
14300,Neutral,R1,2
14325,Neutral,R1,1
14408,Neutral,R1,1
14410,Neutral,R1,1
14469,Neutral,R1,1
14488,Neutral,R1,1
14532,Neutral,R1,2
14550,Neutral,R1,2
14557,Neutral,R1,1
14581,Neutral,R1,2
14617,Neutral,R1,2
14759,Neutral,R1,2
14793,Neutral,R1,1
14796,Neutral,R1,2
14818,Neutral,R1,1
14845,Neutral,R1,2
14858,Neutral,R1,2
14868,Neutral,R1,1
14900,Neutral,R1,1
14932,Neutral,R1,2
14970,Neutral,R1,2
14988,Neutral,R1,2
15035,Neutral,R1,1
15066,Neutral,R1,2
15133,Neutral,R1,2
15176,Neutral,R1,2
15189,Neutral,R1,1
15254,Neutral,R1,1
15290,Neutral,R1,1
15363,Neutral,R1,2
15452,Neutral,R1,2
15473,Neutral,R1,2
15535,Neutral,R1,2
15538,Neutral,R1,2
15555,Neutral,R1,1
15585,Neutral,R1,2
15614,Neutral,R1,2
15620,Neutral,R1,2
15693,Neutral,R1,1
15735,Neutral,R1,1
15799,Neutral,R1,2
15810,Neutral,R1,2
15883,Neutral,R1,1
15894,Neutral,R1,2
15938,Neutral,R1,1
15980,Neutral,R1,2
16114,Neutral,R1,1
16120,Neutral,R1,1
16174,Neutral,R1,1
16212,Neutral,R1,2
16213,Neutral,R1,1
16230,Neutral,R1,1
16264,Neutral,R1,1
16339,Neutral,R1,1
16355,Neutral,R1,2
16386,Neutral,R1,2
16398,Neutral,R1,1
16457,Neutral,R1,2
16521,Neutral,R1,2
16572,Neutral,R1,1
16600,Neutral,R1,1
16614,Neutral,R1,1
16642,Neutral,R1,1
16731,Neutral,R1,1
16801,Neutral,R1,2
16845,Neutral,R1,1
16858,Neutral,R1,2
16891,Neutral,R1,1
16903,Neutral,R1,1
16977,Neutral,R1,1
17002,Neutral,R1,2
17048,Neutral,R1,1
17079,Neutral,R1,2
17082,Neutral,R1,2
17121,Neutral,R1,2
17165,Neutral,R1,2
17212,Neutral,R1,1
17227,Neutral,R1,1
17241,Neutral,R1,2
17322,Neutral,R1,1
17355,Neutral,R1,2
17361,Neutral,R1,1
17364,Neutral,R1,2
17386,Neutral,R1,2
17455,Neutral,R1,1
17468,Neutral,R1,1
17475,Neutral,R1,1
17553,Neutral,R1,1
17585,Neutral,R1,2
17693,Neutral,R1,1
17744,Neutral,R1,2
17746,Neutral,R1,2
17792,Neutral,R1,1
17806,Neutral,R1,2
17841,Neutral,R1,2
17877,Neutral,R1,1
17885,Neutral,R1,2
17963,Neutral,R1,2
18223,Neutral,R1,2
18290,Neutral,R1,1
18337,Neutral,R1,1
18550,Neutral,R1,2
18553,Neutral,R1,2
18597,Neutral,R1,2
18613,Neutral,R1,2
18630,Neutral,R1,2
18631,Neutral,R1,1
18643,Neutral,R1,1
18652,Neutral,R1,1
18656,Neutral,R1,2
18670,Neutral,R1,1
18805,Neutral,R1,2
18806,Neutral,R1,1
18820,Neutral,R1,1
18839,Neutral,R1,2
18874,Neutral,R1,1
18886,Neutral,R1,1
18961,Neutral,R1,2
18998,Neutral,R1,2
19036,Neutral,R1,2
19045,Neutral,R1,2
19164,Neutral,R1,1
19267,Neutral,R1,2
19295,Neutral,R1,1
19331,Neutral,R1,2
19341,Neutral,R1,1
19383,Neutral,R1,1
19385,Neutral,R1,2
19395,Neutral,R1,2
19486,Neutral,R1,2
19496,Neutral,R1,2
19519,Neutral,R1,2
19532,Neutral,R1,1
19538,Neutral,R1,1
19599,Neutral,R1,1
19643,Neutral,R1,1
19686,Neutral,R1,1
19738,Neutral,R1,1
19794,Neutral,R1,1
19811,Neutral,R1,1
19826,Neutral,R1,2
19830,Neutral,R1,2
19839,Neutral,R1,2
19854,Neutral,R1,2
19900,Neutral,R1,2
19915,Neutral,R1,1
19967,Neutral,R1,1
19968,Neutral,R1,2
20031,Neutral,R1,1
20132,Neutral,R1,2
20184,Neutral,R1,1
20195,Neutral,R1,1
20299,Neutral,R1,2
20338,Neutral,R1,2
20351,Neutral,R1,1
20380,Neutral,R1,2
20420,Neutral,R1,1
20422,Neutral,R1,1
20431,Neutral,R1,1
20443,Neutral,R1,1
20446,Neutral,R1,2
20465,Neutral,R1,1
20467,Neutral,R1,1
20504,Neutral,R1,2
20528,Neutral,R1,1
20542,Neutral,R1,1
20549,Neutral,R1,1
20609,Neutral,R1,1
20666,Neutral,R1,1
20677,Neutral,R1,1
20685,Neutral,R1,2
20716,Neutral,R1,2
20839,Neutral,R1,2
20853,Neutral,R1,1
20869,Neutral,R1,2
20890,Neutral,R1,2
20964,Neutral,R1,1
20971,Neutral,R1,2
21016,Neutral,R1,1
21051,Neutral,R1,2
21067,Neutral,R1,2
21074,Neutral,R1,1
21098,Neutral,R1,2
21130,Neutral,R1,2
21158,Neutral,R1,1
21165,Neutral,R1,1
21167,Neutral,R1,1
21173,Neutral,R1,1
21180,Neutral,R1,2
21203,Neutral,R1,2
21210,Neutral,R1,1
21399,Neutral,R1,1
21509,Neutral,R1,2
21544,Neutral,R1,2
21598,Neutral,R1,2
21599,Neutral,R1,1
21606,Neutral,R1,2
21608,Neutral,R1,2
21629,Neutral,R1,1
21630,Neutral,R1,2
21666,Neutral,R1,2
21691,Neutral,R1,1
21847,Neutral,R1,2
21935,Neutral,R1,2
21976,Neutral,R1,1
21987,Neutral,R1,2
22043,Neutral,R1,2
22052,Neutral,R1,1
22065,Neutral,R1,1
22066,Neutral,R1,2
22126,Neutral,R1,2
22166,Neutral,R1,2
22184,Neutral,R1,2
22194,Neutral,R1,2
22266,Neutral,R1,1
22314,Neutral,R1,2
22467,Neutral,R1,2
22679,Neutral,R1,1
22707,Neutral,R1,2
22767,Neutral,R1,2
22770,Neutral,R1,1
22814,Neutral,R1,1
22819,Neutral,R1,2
22849,Neutral,R1,2
22966,Neutral,R1,2
23023,Neutral,R1,1
23052,Neutral,R1,1
23089,Neutral,R1,1
23104,Neutral,R1,2
23128,Neutral,R1,1
23200,Neutral,R1,1
23313,Neutral,R1,2
23322,Neutral,R1,1
23323,Neutral,R1,1
23404,Neutral,R1,2
23415,Neutral,R1,2
23440,Neutral,R1,2
23453,Neutral,R1,2
23505,Neutral,R1,1
23514,Neutral,R1,2
23524,Neutral,R1,1
23530,Neutral,R1,2
23534,Neutral,R1,2
23574,Neutral,R1,1
23584,Neutral,R1,1
23605,Neutral,R1,1
23620,Neutral,R1,2
23648,Neutral,R1,2
23699,Neutral,R1,2
23713,Neutral,R1,2
23779,Neutral,R1,1
23871,Neutral,R1,1
23873,Neutral,R1,1
24163,Neutral,R1,1
24174,Neutral,R1,2
24291,Neutral,R1,2
24304,Neutral,R1,1
24334,Neutral,R1,2
24405,Neutral,R1,2
24408,Neutral,R1,1
24500,Neutral,R1,2
24502,Neutral,R1,2
24541,Neutral,R1,2
24573,Neutral,R1,1
24577,Neutral,R1,1
24637,Neutral,R1,2
24673,Neutral,R1,2
24706,Neutral,R1,1
24740,Neutral,R1,2
24774,Neutral,R1,2
24836,Neutral,R1,1
24902,Neutral,R1,2
24959,Neutral,R1,2
24975,Neutral,R1,1
24995,Neutral,R1,1
25109,Neutral,R1,2
25137,Neutral,R1,1
25155,Neutral,R1,1
25239,Neutral,R1,2
25270,Neutral,R1,1
25302,Neutral,R1,2
25337,Neutral,R1,1
25369,Neutral,R1,2
25380,Neutral,R1,1
25416,Neutral,R1,1
25435,Neutral,R1,1
25447,Neutral,R1,1
25448,Neutral,R1,2
25471,Neutral,R1,2
25523,Neutral,R1,2
25591,Neutral,R1,1
25650,Neutral,R1,1
25698,Neutral,R1,2
25868,Neutral,R1,1
25990,Neutral,R1,2
26032,Neutral,R1,1
26129,Neutral,R1,2
26161,Neutral,R1,2
26211,Neutral,R1,2
26281,Neutral,R1,2
26287,Neutral,R1,2
26292,Neutral,R1,1
26302,Neutral,R1,1
26321,Neutral,R1,2
26337,Neutral,R1,1
26480,Neutral,R1,2
26492,Neutral,R1,2
26528,Neutral,R1,1
26556,Neutral,R1,1
26575,Neutral,R1,2
26678,Neutral,R1,2
26714,Neutral,R1,2
26831,Neutral,R1,1
26865,Neutral,R1,2
26878,Neutral,R1,2
26995,Neutral,R1,1
27029,Neutral,R1,1
27088,Neutral,R1,1
27101,Neutral,R1,1
27395,Neutral,R1,2
27431,Neutral,R1,2
27497,Neutral,R1,1
27524,Neutral,R1,2
27558,Neutral,R1,2
27668,Neutral,R1,2
27688,Neutral,R1,2
27740,Neutral,R1,2
27786,Neutral,R1,2
27828,Neutral,R1,2
27904,Neutral,R1,2
27910,Neutral,R1,2
27911,Neutral,R1,2
28019,Neutral,R1,1
28051,Neutral,R1,2
28057,Neutral,R1,2
28067,Neutral,R1,2
28114,Neutral,R1,2
28222,Neutral,R1,2
28262,Neutral,R1,2
28271,Neutral,R1,1
28339,Neutral,R1,2
28341,Neutral,R1,1
28365,Neutral,R1,2
28463,Neutral,R1,2
28490,Neutral,R1,1
28550,Neutral,R1,2
28574,Neutral,R1,2
28656,Neutral,R1,2
28674,Neutral,R1,2
28728,Neutral,R1,1
28789,Neutral,R1,2
28814,Neutral,R1,2
28822,Neutral,R1,2
28963,Neutral,R1,1
29070,Neutral,R1,2
29105,Neutral,R1,2
29132,Neutral,R1,1
29144,Neutral,R1,1
29243,Neutral,R1,2
29385,Neutral,R1,1
29411,Neutral,R1,2
29417,Neutral,R1,2
29454,Neutral,R1,2
29465,Neutral,R1,2
29484,Neutral,R1,2
29582,Neutral,R1,1
29629,Neutral,R1,1
29644,Neutral,R1,1
29768,Neutral,R1,1
29880,Neutral,R1,1
29903,Neutral,R1,1
29912,Neutral,R1,1
30052,Neutral,R1,1
30118,Neutral,R1,1
30131,Neutral,R1,2
30137,Neutral,R1,2
30143,Neutral,R1,1
30180,Neutral,R1,1
30259,Neutral,R1,1
30273,Neutral,R1,2
30285,Neutral,R1,2
30328,Neutral,R1,1
30329,Neutral,R1,1
30336,Neutral,R1,2
30340,Neutral,R1,1
30367,Neutral,R1,2
30457,Neutral,R1,2
30498,Neutral,R1,1
30514,Neutral,R1,1
30544,Neutral,R1,1
30694,Neutral,R1,2
30701,Neutral,R1,2
30710,Neutral,R1,2
30794,Neutral,R1,2
30807,Neutral,R1,2
30825,Neutral,R1,2
30846,Neutral,R1,1
30856,Neutral,R1,2
30872,Neutral,R1,2
30880,Neutral,R1,1
30899,Neutral,R1,1
30922,Neutral,R1,2
30936,Neutral,R1,2
31029,Neutral,R1,1
31060,Neutral,R1,1
31081,Neutral,R1,2
31089,Neutral,R1,1
31128,Neutral,R1,1
31129,Neutral,R1,2
31138,Neutral,R1,1
31148,Neutral,R1,1
31247,Neutral,R1,1
31266,Neutral,R1,2
31350,Neutral,R1,2
31386,Neutral,R1,2
31470,Neutral,R1,2
31483,Neutral,R1,2
31568,Neutral,R1,1
31597,Neutral,R1,1
31622,Neutral,R1,1
31628,Neutral,R1,1
31634,Neutral,R1,1
31665,Neutral,R1,1
31720,Neutral,R1,1
31728,Neutral,R1,1
31754,Neutral,R1,1
31883,Neutral,R1,2
31907,Neutral,R1,2
32003,Neutral,R1,2
32090,Neutral,R1,1
32112,Neutral,R1,2
32116,Neutral,R1,2
32131,Neutral,R1,2
32167,Neutral,R1,2
32177,Neutral,R1,2
32263,Neutral,R1,2
32265,Neutral,R1,1
32323,Neutral,R1,2
32372,Neutral,R1,1
32463,Neutral,R1,2
32518,Neutral,R1,1
32558,Neutral,R1,2
32572,Neutral,R1,2
32638,Neutral,R1,1
32679,Neutral,R1,1
32722,Neutral,R1,2
32747,Neutral,R1,1
32753,Neutral,R1,2
32785,Neutral,R1,1
32872,Neutral,R1,2
32894,Neutral,R1,1
32963,Neutral,R1,1
32972,Neutral,R1,2
33067,Neutral,R1,2
33126,Neutral,R1,2
33141,Neutral,R1,2
33154,Neutral,R1,1
33212,Neutral,R1,1
33262,Neutral,R1,2
33291,Neutral,R1,2
33390,Neutral,R1,1
33470,Neutral,R1,1
33504,Neutral,R1,1
33618,Neutral,R1,2
33649,Neutral,R1,1
33743,Neutral,R1,2
33765,Neutral,R1,2
33780,Neutral,R1,2
33806,Neutral,R1,1
33808,Neutral,R1,2
33856,Neutral,R1,1
33859,Neutral,R1,2
33890,Neutral,R1,2
33940,Neutral,R1,1
33961,Neutral,R1,1
33962,Neutral,R1,2
33986,Neutral,R1,1
34029,Neutral,R1,2
34084,Neutral,R1,1
34125,Neutral,R1,2
34143,Neutral,R1,2
34171,Neutral,R1,1
34215,Neutral,R1,2
34276,Neutral,R1,1
34332,Neutral,R1,2
34404,Neutral,R1,2
34456,Neutral,R1,2
34460,Neutral,R1,2
34500,Neutral,R1,1
34573,Neutral,R1,1
34667,Neutral,R1,2
34714,Neutral,R1,2
34754,Neutral,R1,2
34812,Neutral,R1,2
34915,Neutral,R1,2
34918,Neutral,R1,2
34930,Neutral,R1,2
34944,Neutral,R1,2
34983,Neutral,R1,2
35058,Neutral,R1,2
35064,Neutral,R1,1
35127,Neutral,R1,2
35156,Neutral,R1,2
35174,Neutral,R1,1
35191,Neutral,R1,2
35201,Neutral,R1,2
35204,Neutral,R1,2
35282,Neutral,R1,2
35287,Neutral,R1,1
35397,Neutral,R1,2
35429,Neutral,R1,2
35542,Neutral,R1,2
35564,Neutral,R1,2
35592,Neutral,R1,1
35715,Neutral,R1,2
35732,Neutral,R1,2
35738,Neutral,R1,2
35743,Neutral,R1,2
35871,Neutral,R1,2
35880,Neutral,R1,2
35907,Neutral,R1,2
35918,Neutral,R1,2
35939,Neutral,R1,2
35991,Neutral,R1,2
36100,Neutral,R1,2
36117,Neutral,R1,1
36126,Neutral,R1,2
36186,Neutral,R1,2
36190,Neutral,R1,1
36199,Neutral,R1,2
36209,Neutral,R1,1
36247,Neutral,R1,1
36341,Neutral,R1,2
36403,Neutral,R1,2
36419,Neutral,R1,2
36434,Neutral,R1,2
36449,Neutral,R1,1
36482,Neutral,R1,2
36557,Neutral,R1,2
36686,Neutral,R1,2
36689,Neutral,R1,2
36734,Neutral,R1,1
36743,Neutral,R1,1
36767,Neutral,R1,2
36812,Neutral,R1,2
36819,Neutral,R1,2
36849,Neutral,R1,2
36960,Neutral,R1,2
36974,Neutral,R1,2
37006,Neutral,R1,2
37016,Neutral,R1,2
37020,Neutral,R1,1
37082,Neutral,R1,2
37102,Neutral,R1,2
37114,Neutral,R1,2
37124,Neutral,R1,2
37234,Neutral,R1,1
37245,Neutral,R1,1
37249,Neutral,R1,1
37327,Neutral,R1,1
37367,Neutral,R1,2
37404,Neutral,R1,1
37422,Neutral,R1,1
37432,Neutral,R1,2
37490,Neutral,R1,1
37537,Neutral,R1,2
37542,Neutral,R1,1
37569,Neutral,R1,2
37614,Neutral,R1,2
37617,Neutral,R1,2
37679,Neutral,R1,1
37723,Neutral,R1,2
37725,Neutral,R1,2
37741,Neutral,R1,2
37743,Neutral,R1,2
37842,Neutral,R1,1
37909,Neutral,R1,1
37955,Neutral,R1,1
38026,Neutral,R1,2
38068,Neutral,R1,2
38078,Neutral,R1,2
38130,Neutral,R1,1
38144,Neutral,R1,1
38146,Neutral,R1,1
38166,Neutral,R1,1
38168,Neutral,R1,1
38191,Neutral,R1,2
38245,Neutral,R1,1
38267,Neutral,R1,2
38352,Neutral,R1,1
38363,Neutral,R1,2
38395,Neutral,R1,1
38425,Neutral,R1,2
38485,Neutral,R1,1
38518,Neutral,R1,1
38530,Neutral,R1,1
38533,Neutral,R1,2
38554,Neutral,R1,2
38562,Neutral,R1,2
38593,Neutral,R1,2
38627,Neutral,R1,2
38630,Neutral,R1,1
38721,Neutral,R1,1
38773,Neutral,R1,2
38802,Neutral,R1,2
38809,Neutral,R1,1
38811,Neutral,R1,2
38829,Neutral,R1,1
38920,Neutral,R1,2
38928,Neutral,R1,2
38947,Neutral,R1,1
39000,Neutral,R1,1
39152,Neutral,R1,1
39199,Neutral,R1,1
39321,Neutral,R1,1
39356,Neutral,R1,2
39388,Neutral,R1,2
39457,Neutral,R1,1
39532,Neutral,R1,2
39553,Neutral,R1,2
39557,Neutral,R1,1
39715,Neutral,R1,1
39804,Neutral,R1,1
39833,Neutral,R1,2
39842,Neutral,R1,1
39855,Neutral,R1,1
39864,Neutral,R1,2
39884,Neutral,R1,2
39918,Neutral,R1,1
40029,Neutral,R1,1
40068,Neutral,R1,1
40135,Neutral,R1,1
40145,Neutral,R1,2
40164,Neutral,R1,1
40296,Neutral,R1,2
40497,Neutral,R1,2
40535,Neutral,R1,1
40542,Neutral,R1,2
40622,Neutral,R1,2
40625,Neutral,R1,2
40653,Neutral,R1,2
40762,Neutral,R1,1
40853,Neutral,R1,1
40855,Neutral,R1,2
40857,Neutral,R1,2
40920,Neutral,R1,2
40923,Neutral,R1,2
40969,Neutral,R1,1
40991,Neutral,R1,1
41001,Neutral,R1,2
41077,Neutral,R1,1
41103,Neutral,R1,2
41152,Neutral,R1,2
41237,Neutral,R1,1
41239,Neutral,R1,1
41273,Neutral,R1,1
41360,Neutral,R1,2
41368,Neutral,R1,1
41416,Neutral,R1,1
41472,Neutral,R1,1
41514,Neutral,R1,2
41581,Neutral,R1,2
41636,Neutral,R1,1
41704,Neutral,R1,1
41829,Neutral,R1,2
41836,Neutral,R1,1
41906,Neutral,R1,2
41973,Neutral,R1,2
42006,Neutral,R1,2
42040,Neutral,R1,1
42067,Neutral,R1,1
42086,Neutral,R1,2
42112,Neutral,R1,2
42166,Neutral,R1,2
42185,Neutral,R1,2
42228,Neutral,R1,2
42330,Neutral,R1,1
42335,Neutral,R1,2
42344,Neutral,R1,2
42391,Neutral,R1,2
42468,Neutral,R1,2
42520,Neutral,R1,2
42521,Neutral,R1,1
42568,Neutral,R1,1
42572,Neutral,R1,2
42585,Neutral,R1,1
42609,Neutral,R1,2
42714,Neutral,R1,2
42860,Neutral,R1,2
42886,Neutral,R1,2
42922,Neutral,R1,2
43070,Neutral,R1,2
43285,Neutral,R1,1
43295,Neutral,R1,2
43350,Neutral,R1,2
43486,Neutral,R1,1
43526,Neutral,R1,2
43621,Neutral,R1,2
43668,Neutral,R1,2
43764,Neutral,R1,2
43800,Neutral,R1,1
43811,Neutral,R1,2
43878,Neutral,R1,1
44063,Neutral,R1,2
44064,Neutral,R1,2
44147,Neutral,R1,2
44167,Neutral,R1,2
44178,Neutral,R1,2
44313,Neutral,R1,2
44380,Neutral,R1,1
44400,Neutral,R1,2
44415,Neutral,R1,2
44430,Neutral,R1,2
44444,Neutral,R1,2
44458,Neutral,R1,2
44479,Neutral,R1,2
44628,Neutral,R1,1
44682,Neutral,R1,1
44743,Neutral,R1,2
44812,Neutral,R1,2
44887,Neutral,R1,2
44967,Neutral,R1,1
45012,Neutral,R1,2
45024,Neutral,R1,1
45075,Neutral,R1,2
45117,Neutral,R1,2
45137,Neutral,R1,2
45175,Neutral,R1,2
45184,Neutral,R1,1
45190,Neutral,R1,1
45199,Neutral,R1,1
45337,Neutral,R1,1
45340,Neutral,R1,2
45390,Neutral,R1,2
45470,Neutral,R1,2
45492,Neutral,R1,1
45529,Neutral,R1,2
45544,Neutral,R1,2
45784,Neutral,R1,1
45800,Neutral,R1,2
45811,Neutral,R1,2
45837,Neutral,R1,1
45857,Neutral,R1,2
45893,Neutral,R1,2
45919,Neutral,R1,1
45938,Neutral,R1,2
45983,Neutral,R1,2
45985,Neutral,R1,1
46026,Neutral,R1,2
46132,Neutral,R1,1
46147,Neutral,R1,1
46160,Neutral,R1,1
46346,Neutral,R1,1
46371,Neutral,R1,1
46372,Neutral,R1,2
46555,Neutral,R1,2
46569,Neutral,R1,2
46595,Neutral,R1,2
46674,Neutral,R1,1
46707,Neutral,R1,2
46710,Neutral,R1,2
46751,Neutral,R1,2
46756,Neutral,R1,1
46758,Neutral,R1,2
46810,Neutral,R1,2
46859,Neutral,R1,2
46880,Neutral,R1,1
46894,Neutral,R1,2
46969,Neutral,R1,2
47024,Neutral,R1,2
47060,Neutral,R1,2
47065,Neutral,R1,1
47097,Neutral,R1,1
47139,Neutral,R1,2
47169,Neutral,R1,2
47216,Neutral,R1,2
47246,Neutral,R1,2
47249,Neutral,R1,2
47362,Neutral,R1,1
47371,Neutral,R1,1
47560,Neutral,R1,1
47619,Neutral,R1,2
47632,Neutral,R1,1
47865,Neutral,R1,2
47886,Neutral,R1,2
48180,Neutral,R1,2
48182,Neutral,R1,1
48217,Neutral,R1,2
48246,Neutral,R1,1
48295,Neutral,R1,2
48329,Neutral,R1,1
48355,Neutral,R1,2
48359,Neutral,R1,1
48434,Neutral,R1,2
48441,Neutral,R1,2
48449,Neutral,R1,2
48506,Neutral,R1,2
48538,Neutral,R1,2
48541,Neutral,R1,1
48562,Neutral,R1,2
48563,Neutral,R1,2
48566,Neutral,R1,2
48587,Neutral,R1,1
48607,Neutral,R1,2
48618,Neutral,R1,1
48722,Neutral,R1,2
48728,Neutral,R1,1
48859,Neutral,R1,2
48898,Neutral,R1,1
48976,Neutral,R1,2
49004,Neutral,R1,1
49029,Neutral,R1,1
49047,Neutral,R1,1
49052,Neutral,R1,1
49095,Neutral,R1,1
49132,Neutral,R1,1
49146,Neutral,R1,1
49168,Neutral,R1,2
49182,Neutral,R1,2
49189,Neutral,R1,1
49213,Neutral,R1,1
49228,Neutral,R1,1
49242,Neutral,R1,2
49325,Neutral,R1,1
49400,Neutral,R1,2
49460,Neutral,R1,1
49550,Neutral,R1,2
49700,Neutral,R1,1
49737,Neutral,R1,1
49765,Neutral,R1,2
49777,Neutral,R1,2
49804,Neutral,R1,2
49855,Neutral,R1,2
49870,Neutral,R1,2
49943,Neutral,R1,2
49950,Neutral,R1,2
49959,Neutral,R1,2
49971,Neutral,R1,1
55,Neutral,V3,1
107,Neutral,V3,2
176,Neutral,V3,1
257,Neutral,V3,1
283,Neutral,V3,2
284,Neutral,V3,2
287,Neutral,V3,1
310,Neutral,V3,2
337,Neutral,V3,2
379,Neutral,V3,2
393,Neutral,V3,2
405,Neutral,V3,2
423,Neutral,V3,2
450,Neutral,V3,2
504,Neutral,V3,2
525,Neutral,V3,2
545,Neutral,V3,1
626,Neutral,V3,2
715,Neutral,V3,2
722,Neutral,V3,1
793,Neutral,V3,2
804,Neutral,V3,2
813,Neutral,V3,2
856,Neutral,V3,2
893,Neutral,V3,2
922,Neutral,V3,1
1029,Neutral,V3,2
1057,Neutral,V3,1
1106,Neutral,V3,1
1199,Neutral,V3,1
1200,Neutral,V3,2
1205,Neutral,V3,2
1227,Neutral,V3,2
1261,Neutral,V3,2
1285,Neutral,V3,1
1290,Neutral,V3,1
1347,Neutral,V3,1
1352,Neutral,V3,2
1363,Neutral,V3,2
1421,Neutral,V3,1
1434,Neutral,V3,1
1481,Neutral,V3,1
1545,Neutral,V3,1
1552,Neutral,V3,1
1573,Neutral,V3,1
1656,Neutral,V3,2
1687,Neutral,V3,1
1707,Neutral,V3,2
1733,Neutral,V3,2
1735,Neutral,V3,2
1755,Neutral,V3,2
1814,Neutral,V3,2
1819,Neutral,V3,2
1822,Neutral,V3,1
1823,Neutral,V3,1
1862,Neutral,V3,1
2004,Neutral,V3,2
2039,Neutral,V3,2
2055,Neutral,V3,1
2068,Neutral,V3,2
2081,Neutral,V3,1
2155,Neutral,V3,2
2170,Neutral,V3,1
2221,Neutral,V3,2
2288,Neutral,V3,2
2375,Neutral,V3,2
2379,Neutral,V3,1
2408,Neutral,V3,2
2426,Neutral,V3,2
2584,Neutral,V3,2
2585,Neutral,V3,1
2599,Neutral,V3,2
2600,Neutral,V3,1
2732,Neutral,V3,2
2844,Neutral,V3,1
2891,Neutral,V3,2
2932,Neutral,V3,2
3056,Neutral,V3,1
3102,Neutral,V3,1
3191,Neutral,V3,1
3230,Neutral,V3,2
3297,Neutral,V3,1
3363,Neutral,V3,1
3367,Neutral,V3,2
3400,Neutral,V3,1
3418,Neutral,V3,1
3429,Neutral,V3,2
3440,Neutral,V3,1
3512,Neutral,V3,2
3524,Neutral,V3,1
3567,Neutral,V3,1
3631,Neutral,V3,2
3811,Neutral,V3,1
3824,Neutral,V3,1
3839,Neutral,V3,1
3867,Neutral,V3,1
3868,Neutral,V3,1
3929,Neutral,V3,2
3954,Neutral,V3,2
3971,Neutral,V3,2
3979,Neutral,V3,2
4011,Neutral,V3,2
4017,Neutral,V3,1
4066,Neutral,V3,2
4087,Neutral,V3,2
4153,Neutral,V3,2
4182,Neutral,V3,2
4187,Neutral,V3,1
4207,Neutral,V3,1
4211,Neutral,V3,1
4303,Neutral,V3,1
4314,Neutral,V3,1
4339,Neutral,V3,2
4348,Neutral,V3,2
4447,Neutral,V3,1
4462,Neutral,V3,1
4591,Neutral,V3,1
4624,Neutral,V3,2
4651,Neutral,V3,2
4652,Neutral,V3,1
4663,Neutral,V3,1
4706,Neutral,V3,2
4716,Neutral,V3,1
4744,Neutral,V3,2
4767,Neutral,V3,1
4795,Neutral,V3,1
4812,Neutral,V3,2
4827,Neutral,V3,2
4829,Neutral,V3,2
4851,Neutral,V3,2
4856,Neutral,V3,2
4865,Neutral,V3,2
4871,Neutral,V3,1
4927,Neutral,V3,2
4937,Neutral,V3,1
5006,Neutral,V3,1
5009,Neutral,V3,1
5024,Neutral,V3,1
5070,Neutral,V3,1
5086,Neutral,V3,2
5105,Neutral,V3,2
5119,Neutral,V3,1
5120,Neutral,V3,2
5159,Neutral,V3,2
5406,Neutral,V3,1
5424,Neutral,V3,2
5499,Neutral,V3,1
5570,Neutral,V3,1
5586,Neutral,V3,1
5619,Neutral,V3,2
5651,Neutral,V3,1
5741,Neutral,V3,1
5797,Neutral,V3,2
5824,Neutral,V3,2
5829,Neutral,V3,1
5834,Neutral,V3,1
5906,Neutral,V3,2
5913,Neutral,V3,2
5938,Neutral,V3,1
5957,Neutral,V3,2
5998,Neutral,V3,2
6010,Neutral,V3,2
6059,Neutral,V3,2
6111,Neutral,V3,1
6137,Neutral,V3,1
6156,Neutral,V3,1
6252,Neutral,V3,1
6253,Neutral,V3,2
6255,Neutral,V3,2
6295,Neutral,V3,1
6347,Neutral,V3,1
6374,Neutral,V3,1
6452,Neutral,V3,1
6465,Neutral,V3,1
6484,Neutral,V3,2
6488,Neutral,V3,2
6519,Neutral,V3,2
6527,Neutral,V3,2
6595,Neutral,V3,1
6631,Neutral,V3,1
6692,Neutral,V3,1
6715,Neutral,V3,2
6728,Neutral,V3,1
6756,Neutral,V3,2
6812,Neutral,V3,1
6824,Neutral,V3,1
6826,Neutral,V3,1
6842,Neutral,V3,1
6867,Neutral,V3,1
6868,Neutral,V3,2
6899,Neutral,V3,2
6965,Neutral,V3,2
6977,Neutral,V3,2
6991,Neutral,V3,1
7001,Neutral,V3,2
7004,Neutral,V3,1
7070,Neutral,V3,2
7096,Neutral,V3,1
7099,Neutral,V3,1
7194,Neutral,V3,2
7220,Neutral,V3,2
7235,Neutral,V3,2
7313,Neutral,V3,2
7387,Neutral,V3,1
7407,Neutral,V3,1
7430,Neutral,V3,2
7439,Neutral,V3,1
7451,Neutral,V3,2
7498,Neutral,V3,2
7550,Neutral,V3,1
7553,Neutral,V3,2
7555,Neutral,V3,1
7581,Neutral,V3,2
7599,Neutral,V3,2
7654,Neutral,V3,1
7687,Neutral,V3,1
7723,Neutral,V3,1
7756,Neutral,V3,2
7832,Neutral,V3,2
7887,Neutral,V3,1
7894,Neutral,V3,1
7966,Neutral,V3,1
8015,Neutral,V3,2
8033,Neutral,V3,1
8139,Neutral,V3,1
8217,Neutral,V3,2
8268,Neutral,V3,1
8339,Neutral,V3,1
8366,Neutral,V3,2
8444,Neutral,V3,1
8580,Neutral,V3,2
8614,Neutral,V3,1
8630,Neutral,V3,2
8637,Neutral,V3,1
8672,Neutral,V3,1
8800,Neutral,V3,1
8816,Neutral,V3,2
8902,Neutral,V3,2
8923,Neutral,V3,2
8948,Neutral,V3,1
8993,Neutral,V3,1
9004,Neutral,V3,1
9089,Neutral,V3,2
9120,Neutral,V3,2
9134,Neutral,V3,2
9246,Neutral,V3,2
9268,Neutral,V3,1
9324,Neutral,V3,2
9325,Neutral,V3,1
9349,Neutral,V3,2
9357,Neutral,V3,2
9417,Neutral,V3,1
9459,Neutral,V3,1
9465,Neutral,V3,1
9469,Neutral,V3,2
9485,Neutral,V3,2
9544,Neutral,V3,1
9595,Neutral,V3,1
9632,Neutral,V3,2
9635,Neutral,V3,2
9677,Neutral,V3,2
9715,Neutral,V3,1
9724,Neutral,V3,2
9774,Neutral,V3,2
9796,Neutral,V3,1
9892,Neutral,V3,2
9899,Neutral,V3,1
9907,Neutral,V3,2
9934,Neutral,V3,1
9987,Neutral,V3,1
10022,Neutral,V3,1
10156,Neutral,V3,1
10163,Neutral,V3,1
10174,Neutral,V3,1
10187,Neutral,V3,1
10189,Neutral,V3,2
10210,Neutral,V3,1
10301,Neutral,V3,2
10328,Neutral,V3,1
10330,Neutral,V3,2
10375,Neutral,V3,1
10400,Neutral,V3,1
10423,Neutral,V3,2
10434,Neutral,V3,1
10450,Neutral,V3,2
10566,Neutral,V3,2
10610,Neutral,V3,2
10621,Neutral,V3,1
10626,Neutral,V3,2
10634,Neutral,V3,2
10713,Neutral,V3,2
10771,Neutral,V3,2
10803,Neutral,V3,2
10910,Neutral,V3,2
10954,Neutral,V3,2
10978,Neutral,V3,1
11024,Neutral,V3,2
11102,Neutral,V3,1
11120,Neutral,V3,2
11189,Neutral,V3,2
11241,Neutral,V3,2
11283,Neutral,V3,2
11511,Neutral,V3,2
11514,Neutral,V3,2
11523,Neutral,V3,2
11525,Neutral,V3,1
11553,Neutral,V3,1
11596,Neutral,V3,1
11603,Neutral,V3,2
11617,Neutral,V3,2
11630,Neutral,V3,1
11647,Neutral,V3,2
11742,Neutral,V3,2
11786,Neutral,V3,1
11850,Neutral,V3,2
11870,Neutral,V3,1
11874,Neutral,V3,1
11930,Neutral,V3,1
11935,Neutral,V3,2
11967,Neutral,V3,1
12012,Neutral,V3,2
12074,Neutral,V3,1
12143,Neutral,V3,1
12151,Neutral,V3,1
12153,Neutral,V3,1
12219,Neutral,V3,1
12271,Neutral,V3,2
12284,Neutral,V3,2
12285,Neutral,V3,1
12301,Neutral,V3,1
12305,Neutral,V3,1
12323,Neutral,V3,1
12429,Neutral,V3,2
12472,Neutral,V3,2
12486,Neutral,V3,2
12494,Neutral,V3,1
12645,Neutral,V3,1
12732,Neutral,V3,1
12798,Neutral,V3,2
12830,Neutral,V3,2
12860,Neutral,V3,2
12896,Neutral,V3,1
12903,Neutral,V3,1
12926,Neutral,V3,2
12936,Neutral,V3,2
12948,Neutral,V3,2
12975,Neutral,V3,2
12998,Neutral,V3,2
13035,Neutral,V3,1
13050,Neutral,V3,2
13061,Neutral,V3,1
13113,Neutral,V3,2
13115,Neutral,V3,2
13137,Neutral,V3,2
13141,Neutral,V3,2
13200,Neutral,V3,1
13227,Neutral,V3,2
13300,Neutral,V3,2
13319,Neutral,V3,1
13334,Neutral,V3,1
13384,Neutral,V3,1
13400,Neutral,V3,2
13447,Neutral,V3,2
13469,Neutral,V3,2
13484,Neutral,V3,2
13518,Neutral,V3,2
13531,Neutral,V3,2
13562,Neutral,V3,2
13726,Neutral,V3,2
13785,Neutral,V3,1
13843,Neutral,V3,2
13864,Neutral,V3,2
13874,Neutral,V3,1
13920,Neutral,V3,2
13923,Neutral,V3,2
14011,Neutral,V3,2
14047,Neutral,V3,2
14055,Neutral,V3,2
14074,Neutral,V3,2
14139,Neutral,V3,2
14224,Neutral,V3,1
14259,Neutral,V3,1
14300,Neutral,V3,2
14325,Neutral,V3,1
14408,Neutral,V3,1
14410,Neutral,V3,1
14469,Neutral,V3,1
14488,Neutral,V3,1
14532,Neutral,V3,2
14550,Neutral,V3,2
14557,Neutral,V3,1
14581,Neutral,V3,2
14617,Neutral,V3,2
14759,Neutral,V3,2
14793,Neutral,V3,1
14796,Neutral,V3,2
14818,Neutral,V3,1
14845,Neutral,V3,2
14858,Neutral,V3,2
14868,Neutral,V3,1
14900,Neutral,V3,1
14932,Neutral,V3,2
14970,Neutral,V3,2
14988,Neutral,V3,2
15035,Neutral,V3,1
15066,Neutral,V3,2
15131,Neutral,V3,1
15133,Neutral,V3,2
15176,Neutral,V3,2
15189,Neutral,V3,1
15254,Neutral,V3,1
15290,Neutral,V3,1
15363,Neutral,V3,2
15452,Neutral,V3,2
15535,Neutral,V3,2
15555,Neutral,V3,1
15614,Neutral,V3,2
15620,Neutral,V3,2
15693,Neutral,V3,1
15721,Neutral,V3,2
15735,Neutral,V3,1
15770,Neutral,V3,1
15799,Neutral,V3,2
15810,Neutral,V3,2
15822,Neutral,V3,1
15883,Neutral,V3,1
15980,Neutral,V3,2
16114,Neutral,V3,1
16120,Neutral,V3,1
16174,Neutral,V3,1
16212,Neutral,V3,2
16213,Neutral,V3,1
16230,Neutral,V3,1
16264,Neutral,V3,1
16339,Neutral,V3,1
16355,Neutral,V3,2
16386,Neutral,V3,2
16398,Neutral,V3,1
16457,Neutral,V3,2
16521,Neutral,V3,2
16572,Neutral,V3,1
16600,Neutral,V3,1
16614,Neutral,V3,1
16642,Neutral,V3,1
16731,Neutral,V3,1
16801,Neutral,V3,2
16845,Neutral,V3,1
16858,Neutral,V3,2
16891,Neutral,V3,1
16903,Neutral,V3,1
16977,Neutral,V3,1
17002,Neutral,V3,2
17048,Neutral,V3,1
17079,Neutral,V3,2
17082,Neutral,V3,1
17121,Neutral,V3,2
17165,Neutral,V3,2
17212,Neutral,V3,1
17227,Neutral,V3,1
17241,Neutral,V3,2
17280,Neutral,V3,2
17322,Neutral,V3,1
17355,Neutral,V3,2
17361,Neutral,V3,1
17364,Neutral,V3,2
17386,Neutral,V3,2
17423,Neutral,V3,2
17455,Neutral,V3,1
17468,Neutral,V3,1
17475,Neutral,V3,1
17553,Neutral,V3,1
17585,Neutral,V3,2
17693,Neutral,V3,1
17744,Neutral,V3,2
17746,Neutral,V3,2
17792,Neutral,V3,1
17806,Neutral,V3,2
17877,Neutral,V3,1
17885,Neutral,V3,2
17914,Neutral,V3,1
17963,Neutral,V3,2
18223,Neutral,V3,2
18290,Neutral,V3,1
18337,Neutral,V3,1
18550,Neutral,V3,2
18553,Neutral,V3,2
18613,Neutral,V3,2
18630,Neutral,V3,2
18631,Neutral,V3,1
18643,Neutral,V3,1
18652,Neutral,V3,1
18656,Neutral,V3,2
18670,Neutral,V3,1
18805,Neutral,V3,2
18806,Neutral,V3,1
18820,Neutral,V3,1
18839,Neutral,V3,2
18874,Neutral,V3,1
18886,Neutral,V3,1
18935,Neutral,V3,1
18961,Neutral,V3,2
18970,Neutral,V3,2
18998,Neutral,V3,2
19036,Neutral,V3,2
19045,Neutral,V3,2
19113,Neutral,V3,1
19164,Neutral,V3,1
19267,Neutral,V3,2
19295,Neutral,V3,1
19331,Neutral,V3,2
19341,Neutral,V3,1
19363,Neutral,V3,2
19383,Neutral,V3,1
19385,Neutral,V3,2
19395,Neutral,V3,2
19486,Neutral,V3,2
19496,Neutral,V3,2
19519,Neutral,V3,2
19532,Neutral,V3,1
19538,Neutral,V3,1
19593,Neutral,V3,2
19599,Neutral,V3,1
19643,Neutral,V3,1
19686,Neutral,V3,1
19738,Neutral,V3,1
19794,Neutral,V3,1
19811,Neutral,V3,1
19826,Neutral,V3,2
19830,Neutral,V3,2
19839,Neutral,V3,2
19854,Neutral,V3,2
19900,Neutral,V3,2
19915,Neutral,V3,1
19967,Neutral,V3,1
19968,Neutral,V3,2
20031,Neutral,V3,1
20132,Neutral,V3,2
20184,Neutral,V3,1
20195,Neutral,V3,1
20270,Neutral,V3,1
20283,Neutral,V3,1
20299,Neutral,V3,2
20351,Neutral,V3,1
20380,Neutral,V3,2
20420,Neutral,V3,1
20422,Neutral,V3,1
20431,Neutral,V3,1
20443,Neutral,V3,1
20446,Neutral,V3,2
20465,Neutral,V3,1
20467,Neutral,V3,1
20504,Neutral,V3,2
20528,Neutral,V3,1
20542,Neutral,V3,1
20549,Neutral,V3,1
20609,Neutral,V3,1
20666,Neutral,V3,1
20677,Neutral,V3,1
20685,Neutral,V3,2
20716,Neutral,V3,2
20717,Neutral,V3,2
20839,Neutral,V3,2
20853,Neutral,V3,1
20869,Neutral,V3,2
20890,Neutral,V3,2
20895,Neutral,V3,1
20964,Neutral,V3,1
20971,Neutral,V3,2
21016,Neutral,V3,1
21051,Neutral,V3,2
21067,Neutral,V3,2
21074,Neutral,V3,1
21098,Neutral,V3,2
21130,Neutral,V3,2
21158,Neutral,V3,1
21165,Neutral,V3,1
21167,Neutral,V3,1
21173,Neutral,V3,1
21180,Neutral,V3,2
21203,Neutral,V3,2
21210,Neutral,V3,1
21328,Neutral,V3,2
21399,Neutral,V3,1
21509,Neutral,V3,2
21544,Neutral,V3,2
21598,Neutral,V3,2
21599,Neutral,V3,1
21606,Neutral,V3,2
21629,Neutral,V3,1
21630,Neutral,V3,2
21666,Neutral,V3,2
21691,Neutral,V3,1
21847,Neutral,V3,2
21910,Neutral,V3,2
21935,Neutral,V3,2
21961,Neutral,V3,2
21976,Neutral,V3,1
21987,Neutral,V3,2
22043,Neutral,V3,2
22052,Neutral,V3,1
22065,Neutral,V3,1
22066,Neutral,V3,2
22090,Neutral,V3,1
22126,Neutral,V3,2
22166,Neutral,V3,2
22184,Neutral,V3,2
22194,Neutral,V3,2
22266,Neutral,V3,1
22314,Neutral,V3,2
22356,Neutral,V3,2
22467,Neutral,V3,2
22679,Neutral,V3,1
22707,Neutral,V3,2
22767,Neutral,V3,2
22770,Neutral,V3,1
22814,Neutral,V3,1
22819,Neutral,V3,2
22833,Neutral,V3,1
22849,Neutral,V3,2
22966,Neutral,V3,2
23023,Neutral,V3,1
23052,Neutral,V3,1
23089,Neutral,V3,1
23103,Neutral,V3,1
23104,Neutral,V3,2
23128,Neutral,V3,1
23200,Neutral,V3,1
23313,Neutral,V3,2
23322,Neutral,V3,1
23323,Neutral,V3,1
23404,Neutral,V3,2
23415,Neutral,V3,1
23440,Neutral,V3,2
23453,Neutral,V3,2
23505,Neutral,V3,1
23514,Neutral,V3,2
23524,Neutral,V3,1
23530,Neutral,V3,2
23574,Neutral,V3,1
23584,Neutral,V3,1
23605,Neutral,V3,1
23620,Neutral,V3,2
23648,Neutral,V3,2
23699,Neutral,V3,2
23713,Neutral,V3,2
23779,Neutral,V3,1
23871,Neutral,V3,1
23873,Neutral,V3,1
23901,Neutral,V3,1
24163,Neutral,V3,1
24174,Neutral,V3,2
24223,Neutral,V3,1
24260,Neutral,V3,2
24291,Neutral,V3,2
24304,Neutral,V3,1
24334,Neutral,V3,2
24405,Neutral,V3,2
24408,Neutral,V3,1
24500,Neutral,V3,2
24502,Neutral,V3,2
24541,Neutral,V3,2
24573,Neutral,V3,1
24577,Neutral,V3,1
24637,Neutral,V3,2
24673,Neutral,V3,2
24706,Neutral,V3,1
24740,Neutral,V3,2
24774,Neutral,V3,2
24836,Neutral,V3,1
24871,Neutral,V3,2
24902,Neutral,V3,2
24959,Neutral,V3,2
24975,Neutral,V3,1
24995,Neutral,V3,1
25015,Neutral,V3,2
25038,Neutral,V3,1
25109,Neutral,V3,2
25137,Neutral,V3,1
25155,Neutral,V3,1
25239,Neutral,V3,2
25270,Neutral,V3,1
25302,Neutral,V3,2
25337,Neutral,V3,1
25348,Neutral,V3,1
25369,Neutral,V3,2
25416,Neutral,V3,1
25435,Neutral,V3,1
25447,Neutral,V3,1
25448,Neutral,V3,1
25471,Neutral,V3,2
25523,Neutral,V3,2
25591,Neutral,V3,1
25650,Neutral,V3,1
25698,Neutral,V3,1
25856,Neutral,V3,1
25868,Neutral,V3,1
25990,Neutral,V3,2
26032,Neutral,V3,1
26129,Neutral,V3,2
26161,Neutral,V3,1
26178,Neutral,V3,2
26211,Neutral,V3,2
26281,Neutral,V3,2
26287,Neutral,V3,2
26292,Neutral,V3,1
26302,Neutral,V3,1
26321,Neutral,V3,2
26337,Neutral,V3,1
26345,Neutral,V3,2
26480,Neutral,V3,2
26492,Neutral,V3,2
26528,Neutral,V3,1
26546,Neutral,V3,1
26556,Neutral,V3,1
26575,Neutral,V3,2
26678,Neutral,V3,2
26714,Neutral,V3,2
26831,Neutral,V3,1
26865,Neutral,V3,2
26878,Neutral,V3,2
26995,Neutral,V3,1
27029,Neutral,V3,1
27088,Neutral,V3,1
27101,Neutral,V3,1
27117,Neutral,V3,2
27271,Neutral,V3,2
27395,Neutral,V3,2
27431,Neutral,V3,2
27497,Neutral,V3,1
27524,Neutral,V3,2
27558,Neutral,V3,2
27610,Neutral,V3,2
27668,Neutral,V3,2
27688,Neutral,V3,2
27740,Neutral,V3,2
27786,Neutral,V3,2
27828,Neutral,V3,2
27904,Neutral,V3,2
27910,Neutral,V3,2
27911,Neutral,V3,2
28011,Neutral,V3,2
28019,Neutral,V3,1
28051,Neutral,V3,2
28057,Neutral,V3,2
28067,Neutral,V3,2
28114,Neutral,V3,2
28222,Neutral,V3,2
28262,Neutral,V3,2
28271,Neutral,V3,1
28339,Neutral,V3,2
28341,Neutral,V3,1
28365,Neutral,V3,2
28463,Neutral,V3,2
28490,Neutral,V3,1
28550,Neutral,V3,2
28574,Neutral,V3,2
28656,Neutral,V3,2
28674,Neutral,V3,2
28728,Neutral,V3,1
28789,Neutral,V3,2
28790,Neutral,V3,1
28814,Neutral,V3,2
28822,Neutral,V3,2
28963,Neutral,V3,1
29070,Neutral,V3,2
29105,Neutral,V3,2
29132,Neutral,V3,1
29144,Neutral,V3,1
29184,Neutral,V3,1
29243,Neutral,V3,2
29385,Neutral,V3,1
29411,Neutral,V3,2
29417,Neutral,V3,2
29454,Neutral,V3,2
29465,Neutral,V3,2
29484,Neutral,V3,2
29629,Neutral,V3,1
29644,Neutral,V3,1
29679,Neutral,V3,1
29768,Neutral,V3,1
29880,Neutral,V3,1
29903,Neutral,V3,1
29912,Neutral,V3,1
30052,Neutral,V3,1
30118,Neutral,V3,1
30131,Neutral,V3,2
30137,Neutral,V3,2
30143,Neutral,V3,1
30180,Neutral,V3,1
30259,Neutral,V3,1
30273,Neutral,V3,2
30285,Neutral,V3,2
30328,Neutral,V3,1
30329,Neutral,V3,1
30336,Neutral,V3,2
30340,Neutral,V3,1
30367,Neutral,V3,2
30457,Neutral,V3,1
30498,Neutral,V3,1
30514,Neutral,V3,1
30544,Neutral,V3,1
30694,Neutral,V3,2
30701,Neutral,V3,2
30710,Neutral,V3,2
30794,Neutral,V3,2
30825,Neutral,V3,2
30846,Neutral,V3,1
30856,Neutral,V3,2
30872,Neutral,V3,2
30880,Neutral,V3,1
30899,Neutral,V3,1
30922,Neutral,V3,2
30936,Neutral,V3,2
31029,Neutral,V3,1
31060,Neutral,V3,1
31081,Neutral,V3,2
31128,Neutral,V3,2
31129,Neutral,V3,2
31138,Neutral,V3,1
31148,Neutral,V3,1
31247,Neutral,V3,1
31266,Neutral,V3,2
31350,Neutral,V3,2
31386,Neutral,V3,2
31470,Neutral,V3,2
31483,Neutral,V3,2
31597,Neutral,V3,1
31622,Neutral,V3,1
31628,Neutral,V3,1
31634,Neutral,V3,1
31665,Neutral,V3,1
31720,Neutral,V3,1
31728,Neutral,V3,1
31808,Neutral,V3,2
31883,Neutral,V3,2
31907,Neutral,V3,2
32003,Neutral,V3,2
32090,Neutral,V3,1
32112,Neutral,V3,2
32116,Neutral,V3,2
32131,Neutral,V3,2
32167,Neutral,V3,1
32177,Neutral,V3,2
32263,Neutral,V3,2
32265,Neutral,V3,1
32323,Neutral,V3,2
32372,Neutral,V3,1
32463,Neutral,V3,2
32518,Neutral,V3,1
32558,Neutral,V3,2
32572,Neutral,V3,2
32638,Neutral,V3,1
32679,Neutral,V3,1
32722,Neutral,V3,2
32747,Neutral,V3,1
32753,Neutral,V3,2
32785,Neutral,V3,1
32872,Neutral,V3,2
32894,Neutral,V3,1
32913,Neutral,V3,2
32972,Neutral,V3,2
33026,Neutral,V3,1
33067,Neutral,V3,2
33126,Neutral,V3,2
33141,Neutral,V3,2
33154,Neutral,V3,1
33262,Neutral,V3,2
33291,Neutral,V3,2
33322,Neutral,V3,2
33390,Neutral,V3,1
33409,Neutral,V3,2
33433,Neutral,V3,1
33470,Neutral,V3,1
33504,Neutral,V3,1
33532,Neutral,V3,1
33618,Neutral,V3,2
33649,Neutral,V3,1
33743,Neutral,V3,2
33765,Neutral,V3,2
33780,Neutral,V3,1
33806,Neutral,V3,1
33808,Neutral,V3,2
33856,Neutral,V3,1
33859,Neutral,V3,2
33890,Neutral,V3,2
33936,Neutral,V3,2
33940,Neutral,V3,1
33961,Neutral,V3,1
33962,Neutral,V3,2
33986,Neutral,V3,1
34029,Neutral,V3,2
34084,Neutral,V3,1
34125,Neutral,V3,2
34143,Neutral,V3,2
34148,Neutral,V3,2
34171,Neutral,V3,1
34215,Neutral,V3,2
34276,Neutral,V3,1
34332,Neutral,V3,2
34354,Neutral,V3,1
34404,Neutral,V3,2
34414,Neutral,V3,2
34456,Neutral,V3,2
34460,Neutral,V3,2
34500,Neutral,V3,1
34573,Neutral,V3,1
34667,Neutral,V3,2
34714,Neutral,V3,2
34754,Neutral,V3,2
34812,Neutral,V3,2
34918,Neutral,V3,2
34930,Neutral,V3,2
34944,Neutral,V3,2
34983,Neutral,V3,2
35058,Neutral,V3,2
35064,Neutral,V3,1
35127,Neutral,V3,2
35156,Neutral,V3,2
35174,Neutral,V3,1
35191,Neutral,V3,2
35201,Neutral,V3,2
35204,Neutral,V3,2
35282,Neutral,V3,2
35287,Neutral,V3,1
35397,Neutral,V3,2
35429,Neutral,V3,2
35467,Neutral,V3,1
35542,Neutral,V3,2
35564,Neutral,V3,2
35592,Neutral,V3,1
35643,Neutral,V3,2
35715,Neutral,V3,2
35732,Neutral,V3,2
35738,Neutral,V3,2
35743,Neutral,V3,2
35871,Neutral,V3,2
35880,Neutral,V3,2
35912,Neutral,V3,1
35918,Neutral,V3,2
35939,Neutral,V3,2
35991,Neutral,V3,2
36100,Neutral,V3,2
36117,Neutral,V3,1
36126,Neutral,V3,2
36186,Neutral,V3,2
36190,Neutral,V3,1
36199,Neutral,V3,2
36209,Neutral,V3,1
36223,Neutral,V3,2
36247,Neutral,V3,1
36341,Neutral,V3,2
36403,Neutral,V3,2
36419,Neutral,V3,2
36434,Neutral,V3,2
36449,Neutral,V3,1
36482,Neutral,V3,2
36557,Neutral,V3,2
36686,Neutral,V3,2
36689,Neutral,V3,2
36734,Neutral,V3,1
36743,Neutral,V3,1
36767,Neutral,V3,2
36785,Neutral,V3,1
36812,Neutral,V3,2
36819,Neutral,V3,2
36849,Neutral,V3,2
36960,Neutral,V3,2
36974,Neutral,V3,2
37006,Neutral,V3,2
37016,Neutral,V3,2
37020,Neutral,V3,1
37082,Neutral,V3,2
37102,Neutral,V3,2
37114,Neutral,V3,2
37124,Neutral,V3,2
37234,Neutral,V3,1
37245,Neutral,V3,1
37249,Neutral,V3,1
37327,Neutral,V3,1
37367,Neutral,V3,2
37404,Neutral,V3,1
37422,Neutral,V3,1
37432,Neutral,V3,2
37490,Neutral,V3,1
37537,Neutral,V3,2
37542,Neutral,V3,1
37569,Neutral,V3,2
37608,Neutral,V3,2
37614,Neutral,V3,2
37617,Neutral,V3,2
37679,Neutral,V3,1
37723,Neutral,V3,2
37725,Neutral,V3,1
37741,Neutral,V3,2
37842,Neutral,V3,1
37909,Neutral,V3,1
37955,Neutral,V3,1
38026,Neutral,V3,2
38068,Neutral,V3,2
38078,Neutral,V3,2
38144,Neutral,V3,1
38146,Neutral,V3,1
38166,Neutral,V3,1
38168,Neutral,V3,1
38191,Neutral,V3,2
38245,Neutral,V3,1
38267,Neutral,V3,2
38352,Neutral,V3,1
38363,Neutral,V3,2
38395,Neutral,V3,1
38425,Neutral,V3,2
38485,Neutral,V3,1
38518,Neutral,V3,1
38530,Neutral,V3,1
38554,Neutral,V3,2
38562,Neutral,V3,2
38593,Neutral,V3,2
38627,Neutral,V3,2
38630,Neutral,V3,1
38721,Neutral,V3,1
38773,Neutral,V3,2
38802,Neutral,V3,2
38811,Neutral,V3,2
38829,Neutral,V3,1
38858,Neutral,V3,1
38920,Neutral,V3,2
38928,Neutral,V3,2
38947,Neutral,V3,1
39000,Neutral,V3,1
39152,Neutral,V3,1
39199,Neutral,V3,1
39321,Neutral,V3,1
39356,Neutral,V3,2
39388,Neutral,V3,2
39457,Neutral,V3,1
39466,Neutral,V3,1
39532,Neutral,V3,2
39553,Neutral,V3,2
39557,Neutral,V3,1
39630,Neutral,V3,1
39715,Neutral,V3,1
39795,Neutral,V3,1
39804,Neutral,V3,1
39833,Neutral,V3,2
39842,Neutral,V3,1
39855,Neutral,V3,1
39864,Neutral,V3,2
39884,Neutral,V3,2
39918,Neutral,V3,1
40029,Neutral,V3,2
40068,Neutral,V3,1
40135,Neutral,V3,1
40145,Neutral,V3,2
40164,Neutral,V3,1
40296,Neutral,V3,2
40352,Neutral,V3,1
40376,Neutral,V3,2
40497,Neutral,V3,2
40535,Neutral,V3,1
40542,Neutral,V3,2
40622,Neutral,V3,2
40625,Neutral,V3,2
40653,Neutral,V3,2
40762,Neutral,V3,1
40853,Neutral,V3,1
40855,Neutral,V3,2
40857,Neutral,V3,2
40923,Neutral,V3,1
40969,Neutral,V3,1
40991,Neutral,V3,1
41001,Neutral,V3,2
41077,Neutral,V3,1
41103,Neutral,V3,2
41150,Neutral,V3,2
41152,Neutral,V3,2
41237,Neutral,V3,1
41239,Neutral,V3,1
41273,Neutral,V3,1
41360,Neutral,V3,2
41368,Neutral,V3,1
41416,Neutral,V3,1
41457,Neutral,V3,2
41472,Neutral,V3,1
41514,Neutral,V3,2
41581,Neutral,V3,2
41590,Neutral,V3,1
41607,Neutral,V3,2
41636,Neutral,V3,1
41704,Neutral,V3,1
41829,Neutral,V3,2
41836,Neutral,V3,1
41906,Neutral,V3,2
41973,Neutral,V3,2
42006,Neutral,V3,2
42040,Neutral,V3,1
42067,Neutral,V3,1
42086,Neutral,V3,2
42112,Neutral,V3,2
42166,Neutral,V3,2
42174,Neutral,V3,2
42185,Neutral,V3,2
42228,Neutral,V3,2
42330,Neutral,V3,1
42344,Neutral,V3,2
42391,Neutral,V3,2
42428,Neutral,V3,1
42468,Neutral,V3,2
42520,Neutral,V3,1
42521,Neutral,V3,1
42568,Neutral,V3,1
42572,Neutral,V3,2
42585,Neutral,V3,1
42714,Neutral,V3,2
42860,Neutral,V3,2
42886,Neutral,V3,2
42922,Neutral,V3,2
43042,Neutral,V3,1
43070,Neutral,V3,2
43164,Neutral,V3,2
43191,Neutral,V3,1
43285,Neutral,V3,1
43295,Neutral,V3,2
43350,Neutral,V3,2
43486,Neutral,V3,1
43526,Neutral,V3,2
43621,Neutral,V3,2
43668,Neutral,V3,2
43764,Neutral,V3,2
43800,Neutral,V3,1
43811,Neutral,V3,2
43878,Neutral,V3,1
44063,Neutral,V3,2
44064,Neutral,V3,2
44167,Neutral,V3,2
44178,Neutral,V3,2
44313,Neutral,V3,2
44380,Neutral,V3,1
44400,Neutral,V3,2
44415,Neutral,V3,2
44430,Neutral,V3,2
44444,Neutral,V3,2
44458,Neutral,V3,2
44475,Neutral,V3,1
44479,Neutral,V3,2
44628,Neutral,V3,1
44682,Neutral,V3,1
44743,Neutral,V3,2
44812,Neutral,V3,2
44833,Neutral,V3,2
44841,Neutral,V3,1
44887,Neutral,V3,2
44967,Neutral,V3,1
45012,Neutral,V3,2
45024,Neutral,V3,1
45075,Neutral,V3,2
45117,Neutral,V3,2
45137,Neutral,V3,2
45175,Neutral,V3,2
45184,Neutral,V3,1
45190,Neutral,V3,1
45199,Neutral,V3,1
45289,Neutral,V3,2
45314,Neutral,V3,1
45337,Neutral,V3,1
45340,Neutral,V3,2
45390,Neutral,V3,2
45424,Neutral,V3,1
45470,Neutral,V3,2
45492,Neutral,V3,1
45529,Neutral,V3,2
45544,Neutral,V3,2
45784,Neutral,V3,1
45800,Neutral,V3,2
45811,Neutral,V3,2
45837,Neutral,V3,1
45857,Neutral,V3,2
45893,Neutral,V3,2
45919,Neutral,V3,1
45938,Neutral,V3,2
45983,Neutral,V3,2
45985,Neutral,V3,1
46026,Neutral,V3,1
46132,Neutral,V3,1
46147,Neutral,V3,1
46160,Neutral,V3,1
46218,Neutral,V3,1
46346,Neutral,V3,1
46372,Neutral,V3,2
46569,Neutral,V3,2
46595,Neutral,V3,2
46674,Neutral,V3,1
46707,Neutral,V3,2
46710,Neutral,V3,2
46751,Neutral,V3,2
46756,Neutral,V3,1
46758,Neutral,V3,2
46810,Neutral,V3,2
46859,Neutral,V3,2
46880,Neutral,V3,1
46894,Neutral,V3,2
46969,Neutral,V3,2
47024,Neutral,V3,1
47060,Neutral,V3,2
47065,Neutral,V3,1
47097,Neutral,V3,1
47139,Neutral,V3,2
47169,Neutral,V3,2
47174,Neutral,V3,1
47216,Neutral,V3,2
47246,Neutral,V3,2
47249,Neutral,V3,2
47362,Neutral,V3,1
47371,Neutral,V3,1
47560,Neutral,V3,1
47603,Neutral,V3,2
47619,Neutral,V3,2
47632,Neutral,V3,1
47865,Neutral,V3,2
48180,Neutral,V3,2
48182,Neutral,V3,1
48217,Neutral,V3,2
48246,Neutral,V3,1
48329,Neutral,V3,1
48355,Neutral,V3,2
48359,Neutral,V3,1
48434,Neutral,V3,2
48441,Neutral,V3,2
48449,Neutral,V3,2
48506,Neutral,V3,2
48538,Neutral,V3,2
48541,Neutral,V3,1
48562,Neutral,V3,2
48563,Neutral,V3,2
48566,Neutral,V3,1
48587,Neutral,V3,1
48607,Neutral,V3,2
48618,Neutral,V3,1
48722,Neutral,V3,2
48728,Neutral,V3,1
48859,Neutral,V3,2
48898,Neutral,V3,1
48976,Neutral,V3,2
49004,Neutral,V3,1
49029,Neutral,V3,1
49047,Neutral,V3,1
49052,Neutral,V3,1
49095,Neutral,V3,1
49132,Neutral,V3,1
49146,Neutral,V3,1
49182,Neutral,V3,2
49189,Neutral,V3,1
49213,Neutral,V3,1
49228,Neutral,V3,1
49239,Neutral,V3,1
49242,Neutral,V3,2
49325,Neutral,V3,1
49400,Neutral,V3,2
49460,Neutral,V3,1
49700,Neutral,V3,1
49737,Neutral,V3,1
49765,Neutral,V3,2
49777,Neutral,V3,1
49804,Neutral,V3,2
49855,Neutral,V3,2
49870,Neutral,V3,2
49943,Neutral,V3,2
49950,Neutral,V3,2
49959,Neutral,V3,2
49971,Neutral,V3,1
55,Neutral-CoT,CN,1
107,Neutral-CoT,CN,2
176,Neutral-CoT,CN,1
257,Neutral-CoT,CN,1
283,Neutral-CoT,CN,2
284,Neutral-CoT,CN,2
287,Neutral-CoT,CN,1
310,Neutral-CoT,CN,2
379,Neutral-CoT,CN,2
393,Neutral-CoT,CN,2
405,Neutral-CoT,CN,2
423,Neutral-CoT,CN,1
450,Neutral-CoT,CN,2
504,Neutral-CoT,CN,2
525,Neutral-CoT,CN,2
545,Neutral-CoT,CN,1
626,Neutral-CoT,CN,2
715,Neutral-CoT,CN,2
722,Neutral-CoT,CN,1
793,Neutral-CoT,CN,2
804,Neutral-CoT,CN,1
813,Neutral-CoT,CN,2
856,Neutral-CoT,CN,2
893,Neutral-CoT,CN,2
922,Neutral-CoT,CN,1
1029,Neutral-CoT,CN,2
1057,Neutral-CoT,CN,2
1106,Neutral-CoT,CN,1
1176,Neutral-CoT,CN,2
1199,Neutral-CoT,CN,1
1200,Neutral-CoT,CN,2
1205,Neutral-CoT,CN,2
1227,Neutral-CoT,CN,1
1261,Neutral-CoT,CN,2
1285,Neutral-CoT,CN,1
1290,Neutral-CoT,CN,1
1347,Neutral-CoT,CN,1
1363,Neutral-CoT,CN,2
1421,Neutral-CoT,CN,1
1434,Neutral-CoT,CN,1
1481,Neutral-CoT,CN,1
1545,Neutral-CoT,CN,1
1552,Neutral-CoT,CN,1
1573,Neutral-CoT,CN,1
1656,Neutral-CoT,CN,2
1687,Neutral-CoT,CN,1
1707,Neutral-CoT,CN,2
1733,Neutral-CoT,CN,2
1735,Neutral-CoT,CN,2
1755,Neutral-CoT,CN,2
1808,Neutral-CoT,CN,1
1814,Neutral-CoT,CN,2
1819,Neutral-CoT,CN,2
1822,Neutral-CoT,CN,1
1823,Neutral-CoT,CN,1
1862,Neutral-CoT,CN,1
2004,Neutral-CoT,CN,2
2039,Neutral-CoT,CN,2
2055,Neutral-CoT,CN,1
2068,Neutral-CoT,CN,2
2081,Neutral-CoT,CN,1
2155,Neutral-CoT,CN,2
2221,Neutral-CoT,CN,2
2288,Neutral-CoT,CN,2
2375,Neutral-CoT,CN,2
2379,Neutral-CoT,CN,1
2408,Neutral-CoT,CN,2
2426,Neutral-CoT,CN,2
2584,Neutral-CoT,CN,2
2585,Neutral-CoT,CN,1
2599,Neutral-CoT,CN,2
2600,Neutral-CoT,CN,1
2732,Neutral-CoT,CN,2
2844,Neutral-CoT,CN,1
2891,Neutral-CoT,CN,2
2932,Neutral-CoT,CN,2
3056,Neutral-CoT,CN,1
3102,Neutral-CoT,CN,1
3191,Neutral-CoT,CN,1
3297,Neutral-CoT,CN,1
3363,Neutral-CoT,CN,1
3367,Neutral-CoT,CN,2
3385,Neutral-CoT,CN,1
3400,Neutral-CoT,CN,1
3418,Neutral-CoT,CN,1
3429,Neutral-CoT,CN,2
3440,Neutral-CoT,CN,1
3512,Neutral-CoT,CN,1
3524,Neutral-CoT,CN,1
3567,Neutral-CoT,CN,1
3631,Neutral-CoT,CN,2
3811,Neutral-CoT,CN,2
3824,Neutral-CoT,CN,1
3839,Neutral-CoT,CN,1
3867,Neutral-CoT,CN,1
3868,Neutral-CoT,CN,1
3912,Neutral-CoT,CN,2
3929,Neutral-CoT,CN,2
3971,Neutral-CoT,CN,2
3979,Neutral-CoT,CN,2
4011,Neutral-CoT,CN,2
4017,Neutral-CoT,CN,1
4066,Neutral-CoT,CN,2
4087,Neutral-CoT,CN,2
4153,Neutral-CoT,CN,2
4182,Neutral-CoT,CN,2
4187,Neutral-CoT,CN,1
4207,Neutral-CoT,CN,1
4211,Neutral-CoT,CN,1
4303,Neutral-CoT,CN,1
4314,Neutral-CoT,CN,1
4339,Neutral-CoT,CN,2
4348,Neutral-CoT,CN,2
4447,Neutral-CoT,CN,1
4462,Neutral-CoT,CN,1
4591,Neutral-CoT,CN,1
4624,Neutral-CoT,CN,2
4651,Neutral-CoT,CN,2
4652,Neutral-CoT,CN,1
4663,Neutral-CoT,CN,1
4706,Neutral-CoT,CN,2
4716,Neutral-CoT,CN,1
4744,Neutral-CoT,CN,2
4767,Neutral-CoT,CN,1
4795,Neutral-CoT,CN,1
4797,Neutral-CoT,CN,1
4812,Neutral-CoT,CN,2
4829,Neutral-CoT,CN,2
4851,Neutral-CoT,CN,2
4856,Neutral-CoT,CN,2
4865,Neutral-CoT,CN,2
4871,Neutral-CoT,CN,1
4927,Neutral-CoT,CN,2
4937,Neutral-CoT,CN,1
5006,Neutral-CoT,CN,2
5009,Neutral-CoT,CN,1
5024,Neutral-CoT,CN,1
5070,Neutral-CoT,CN,1
5086,Neutral-CoT,CN,2
5105,Neutral-CoT,CN,2
5119,Neutral-CoT,CN,1
5120,Neutral-CoT,CN,2
5159,Neutral-CoT,CN,1
5406,Neutral-CoT,CN,1
5424,Neutral-CoT,CN,2
5475,Neutral-CoT,CN,1
5499,Neutral-CoT,CN,1
5570,Neutral-CoT,CN,1
5586,Neutral-CoT,CN,2
5619,Neutral-CoT,CN,2
5651,Neutral-CoT,CN,1
5741,Neutral-CoT,CN,1
5797,Neutral-CoT,CN,2
5824,Neutral-CoT,CN,2
5829,Neutral-CoT,CN,1
5906,Neutral-CoT,CN,2
5938,Neutral-CoT,CN,2
5957,Neutral-CoT,CN,2
5998,Neutral-CoT,CN,2
6010,Neutral-CoT,CN,2
6059,Neutral-CoT,CN,2
6111,Neutral-CoT,CN,1
6137,Neutral-CoT,CN,1
6156,Neutral-CoT,CN,1
6252,Neutral-CoT,CN,1
6253,Neutral-CoT,CN,2
6255,Neutral-CoT,CN,2
6295,Neutral-CoT,CN,1
6347,Neutral-CoT,CN,1
6374,Neutral-CoT,CN,1
6420,Neutral-CoT,CN,2
6452,Neutral-CoT,CN,1
6465,Neutral-CoT,CN,1
6484,Neutral-CoT,CN,2
6519,Neutral-CoT,CN,2
6527,Neutral-CoT,CN,2
6595,Neutral-CoT,CN,1
6631,Neutral-CoT,CN,1
6715,Neutral-CoT,CN,2
6728,Neutral-CoT,CN,1
6756,Neutral-CoT,CN,2
6812,Neutral-CoT,CN,1
6824,Neutral-CoT,CN,1
6826,Neutral-CoT,CN,1
6842,Neutral-CoT,CN,1
6867,Neutral-CoT,CN,1
6868,Neutral-CoT,CN,1
6899,Neutral-CoT,CN,2
6965,Neutral-CoT,CN,2
6977,Neutral-CoT,CN,2
6991,Neutral-CoT,CN,1
7001,Neutral-CoT,CN,2
7004,Neutral-CoT,CN,1
7042,Neutral-CoT,CN,1
7070,Neutral-CoT,CN,2
7096,Neutral-CoT,CN,1
7099,Neutral-CoT,CN,1
7194,Neutral-CoT,CN,2
7220,Neutral-CoT,CN,2
7235,Neutral-CoT,CN,2
7313,Neutral-CoT,CN,2
7387,Neutral-CoT,CN,1
7407,Neutral-CoT,CN,1
7430,Neutral-CoT,CN,2
7439,Neutral-CoT,CN,1
7451,Neutral-CoT,CN,2
7498,Neutral-CoT,CN,2
7550,Neutral-CoT,CN,1
7553,Neutral-CoT,CN,2
7555,Neutral-CoT,CN,1
7581,Neutral-CoT,CN,2
7599,Neutral-CoT,CN,2
7631,Neutral-CoT,CN,1
7654,Neutral-CoT,CN,1
7687,Neutral-CoT,CN,1
7723,Neutral-CoT,CN,1
7887,Neutral-CoT,CN,1
7894,Neutral-CoT,CN,1
7915,Neutral-CoT,CN,2
7966,Neutral-CoT,CN,1
7992,Neutral-CoT,CN,1
8015,Neutral-CoT,CN,2
8033,Neutral-CoT,CN,1
8139,Neutral-CoT,CN,1
8217,Neutral-CoT,CN,2
8268,Neutral-CoT,CN,1
8339,Neutral-CoT,CN,1
8366,Neutral-CoT,CN,2
8444,Neutral-CoT,CN,1
8580,Neutral-CoT,CN,2
8614,Neutral-CoT,CN,1
8630,Neutral-CoT,CN,2
8672,Neutral-CoT,CN,1
8800,Neutral-CoT,CN,1
8902,Neutral-CoT,CN,2
8923,Neutral-CoT,CN,2
8948,Neutral-CoT,CN,1
8993,Neutral-CoT,CN,1
9004,Neutral-CoT,CN,1
9089,Neutral-CoT,CN,2
9102,Neutral-CoT,CN,1
9120,Neutral-CoT,CN,1
9134,Neutral-CoT,CN,2
9246,Neutral-CoT,CN,2
9268,Neutral-CoT,CN,1
9324,Neutral-CoT,CN,2
9325,Neutral-CoT,CN,1
9349,Neutral-CoT,CN,2
9357,Neutral-CoT,CN,2
9417,Neutral-CoT,CN,1
9459,Neutral-CoT,CN,1
9465,Neutral-CoT,CN,1
9469,Neutral-CoT,CN,2
9473,Neutral-CoT,CN,1
9485,Neutral-CoT,CN,1
9595,Neutral-CoT,CN,1
9632,Neutral-CoT,CN,2
9635,Neutral-CoT,CN,2
9677,Neutral-CoT,CN,2
9715,Neutral-CoT,CN,1
9724,Neutral-CoT,CN,2
9774,Neutral-CoT,CN,2
9796,Neutral-CoT,CN,1
9892,Neutral-CoT,CN,2
9899,Neutral-CoT,CN,1
9907,Neutral-CoT,CN,2
9934,Neutral-CoT,CN,1
9987,Neutral-CoT,CN,1
10022,Neutral-CoT,CN,1
10156,Neutral-CoT,CN,1
10163,Neutral-CoT,CN,1
10174,Neutral-CoT,CN,1
10189,Neutral-CoT,CN,2
10210,Neutral-CoT,CN,1
10328,Neutral-CoT,CN,1
10330,Neutral-CoT,CN,2
10375,Neutral-CoT,CN,1
10400,Neutral-CoT,CN,1
10423,Neutral-CoT,CN,2
10434,Neutral-CoT,CN,1
10450,Neutral-CoT,CN,2
10566,Neutral-CoT,CN,2
10600,Neutral-CoT,CN,1
10610,Neutral-CoT,CN,2
10621,Neutral-CoT,CN,1
10626,Neutral-CoT,CN,2
10634,Neutral-CoT,CN,2
10713,Neutral-CoT,CN,1
10771,Neutral-CoT,CN,2
10803,Neutral-CoT,CN,2
10910,Neutral-CoT,CN,2
10954,Neutral-CoT,CN,2
10978,Neutral-CoT,CN,1
11024,Neutral-CoT,CN,2
11101,Neutral-CoT,CN,1
11102,Neutral-CoT,CN,1
11120,Neutral-CoT,CN,2
11132,Neutral-CoT,CN,1
11189,Neutral-CoT,CN,2
11241,Neutral-CoT,CN,2
11264,Neutral-CoT,CN,1
11283,Neutral-CoT,CN,2
11511,Neutral-CoT,CN,2
11514,Neutral-CoT,CN,2
11523,Neutral-CoT,CN,2
11525,Neutral-CoT,CN,1
11553,Neutral-CoT,CN,1
11596,Neutral-CoT,CN,1
11617,Neutral-CoT,CN,2
11630,Neutral-CoT,CN,1
11647,Neutral-CoT,CN,2
11742,Neutral-CoT,CN,2
11786,Neutral-CoT,CN,1
11850,Neutral-CoT,CN,2
11870,Neutral-CoT,CN,1
11874,Neutral-CoT,CN,1
11930,Neutral-CoT,CN,1
11935,Neutral-CoT,CN,2
11967,Neutral-CoT,CN,1
12012,Neutral-CoT,CN,2
12074,Neutral-CoT,CN,1
12151,Neutral-CoT,CN,1
12153,Neutral-CoT,CN,1
12271,Neutral-CoT,CN,2
12285,Neutral-CoT,CN,1
12301,Neutral-CoT,CN,1
12323,Neutral-CoT,CN,1
12429,Neutral-CoT,CN,2
12472,Neutral-CoT,CN,2
12486,Neutral-CoT,CN,2
12494,Neutral-CoT,CN,1
12627,Neutral-CoT,CN,2
12645,Neutral-CoT,CN,1
12732,Neutral-CoT,CN,1
12798,Neutral-CoT,CN,2
12830,Neutral-CoT,CN,2
12860,Neutral-CoT,CN,2
12896,Neutral-CoT,CN,1
12903,Neutral-CoT,CN,1
12926,Neutral-CoT,CN,2
12948,Neutral-CoT,CN,2
12975,Neutral-CoT,CN,2
12998,Neutral-CoT,CN,1
13035,Neutral-CoT,CN,1
13050,Neutral-CoT,CN,2
13061,Neutral-CoT,CN,1
13113,Neutral-CoT,CN,2
13115,Neutral-CoT,CN,2
13137,Neutral-CoT,CN,2
13141,Neutral-CoT,CN,1
13200,Neutral-CoT,CN,1
13227,Neutral-CoT,CN,2
13319,Neutral-CoT,CN,1
13334,Neutral-CoT,CN,1
13384,Neutral-CoT,CN,1
13400,Neutral-CoT,CN,1
13447,Neutral-CoT,CN,2
13469,Neutral-CoT,CN,2
13484,Neutral-CoT,CN,2
13562,Neutral-CoT,CN,1
13726,Neutral-CoT,CN,2
13785,Neutral-CoT,CN,1
13843,Neutral-CoT,CN,2
13864,Neutral-CoT,CN,2
13874,Neutral-CoT,CN,1
13920,Neutral-CoT,CN,1
13923,Neutral-CoT,CN,1
13996,Neutral-CoT,CN,1
14011,Neutral-CoT,CN,2
14047,Neutral-CoT,CN,2
14055,Neutral-CoT,CN,2
14074,Neutral-CoT,CN,2
14139,Neutral-CoT,CN,2
14224,Neutral-CoT,CN,1
14259,Neutral-CoT,CN,1
14325,Neutral-CoT,CN,1
14408,Neutral-CoT,CN,1
14410,Neutral-CoT,CN,1
14469,Neutral-CoT,CN,1
14532,Neutral-CoT,CN,2
14550,Neutral-CoT,CN,2
14557,Neutral-CoT,CN,1
14581,Neutral-CoT,CN,2
14617,Neutral-CoT,CN,2
14707,Neutral-CoT,CN,2
14759,Neutral-CoT,CN,2
14793,Neutral-CoT,CN,1
14796,Neutral-CoT,CN,2
14845,Neutral-CoT,CN,2
14858,Neutral-CoT,CN,2
14868,Neutral-CoT,CN,1
14900,Neutral-CoT,CN,1
14932,Neutral-CoT,CN,2
14970,Neutral-CoT,CN,2
14988,Neutral-CoT,CN,2
15035,Neutral-CoT,CN,1
15066,Neutral-CoT,CN,2
15131,Neutral-CoT,CN,1
15133,Neutral-CoT,CN,2
15176,Neutral-CoT,CN,2
15189,Neutral-CoT,CN,1
15254,Neutral-CoT,CN,1
15290,Neutral-CoT,CN,1
15363,Neutral-CoT,CN,2
15473,Neutral-CoT,CN,2
15535,Neutral-CoT,CN,2
15538,Neutral-CoT,CN,1
15555,Neutral-CoT,CN,1
15585,Neutral-CoT,CN,1
15614,Neutral-CoT,CN,2
15620,Neutral-CoT,CN,2
15693,Neutral-CoT,CN,1
15721,Neutral-CoT,CN,1
15735,Neutral-CoT,CN,1
15770,Neutral-CoT,CN,1
15810,Neutral-CoT,CN,2
15883,Neutral-CoT,CN,1
15894,Neutral-CoT,CN,2
15938,Neutral-CoT,CN,1
16114,Neutral-CoT,CN,1
16120,Neutral-CoT,CN,1
16170,Neutral-CoT,CN,2
16174,Neutral-CoT,CN,1
16212,Neutral-CoT,CN,2
16213,Neutral-CoT,CN,1
16230,Neutral-CoT,CN,1
16264,Neutral-CoT,CN,1
16339,Neutral-CoT,CN,1
16355,Neutral-CoT,CN,2
16386,Neutral-CoT,CN,1
16398,Neutral-CoT,CN,1
16521,Neutral-CoT,CN,2
16572,Neutral-CoT,CN,1
16600,Neutral-CoT,CN,1
16614,Neutral-CoT,CN,1
16642,Neutral-CoT,CN,1
16731,Neutral-CoT,CN,1
16801,Neutral-CoT,CN,2
16845,Neutral-CoT,CN,1
16858,Neutral-CoT,CN,2
16891,Neutral-CoT,CN,1
16903,Neutral-CoT,CN,1
16977,Neutral-CoT,CN,1
17002,Neutral-CoT,CN,2
17048,Neutral-CoT,CN,1
17079,Neutral-CoT,CN,2
17082,Neutral-CoT,CN,2
17121,Neutral-CoT,CN,2
17165,Neutral-CoT,CN,1
17212,Neutral-CoT,CN,1
17227,Neutral-CoT,CN,1
17241,Neutral-CoT,CN,2
17280,Neutral-CoT,CN,2
17322,Neutral-CoT,CN,1
17355,Neutral-CoT,CN,2
17364,Neutral-CoT,CN,2
17386,Neutral-CoT,CN,2
17455,Neutral-CoT,CN,1
17468,Neutral-CoT,CN,1
17475,Neutral-CoT,CN,1
17553,Neutral-CoT,CN,1
17585,Neutral-CoT,CN,2
17693,Neutral-CoT,CN,1
17744,Neutral-CoT,CN,2
17746,Neutral-CoT,CN,2
17792,Neutral-CoT,CN,1
17806,Neutral-CoT,CN,2
17841,Neutral-CoT,CN,2
17877,Neutral-CoT,CN,1
17885,Neutral-CoT,CN,2
17914,Neutral-CoT,CN,2
17929,Neutral-CoT,CN,1
17963,Neutral-CoT,CN,2
18223,Neutral-CoT,CN,1
18290,Neutral-CoT,CN,1
18337,Neutral-CoT,CN,1
18550,Neutral-CoT,CN,2
18553,Neutral-CoT,CN,2
18597,Neutral-CoT,CN,1
18613,Neutral-CoT,CN,2
18630,Neutral-CoT,CN,2
18631,Neutral-CoT,CN,1
18643,Neutral-CoT,CN,1
18652,Neutral-CoT,CN,1
18656,Neutral-CoT,CN,2
18670,Neutral-CoT,CN,1
18805,Neutral-CoT,CN,2
18806,Neutral-CoT,CN,1
18820,Neutral-CoT,CN,1
18839,Neutral-CoT,CN,2
18874,Neutral-CoT,CN,1
18886,Neutral-CoT,CN,1
18935,Neutral-CoT,CN,1
18961,Neutral-CoT,CN,2
18970,Neutral-CoT,CN,1
18998,Neutral-CoT,CN,2
19036,Neutral-CoT,CN,2
19045,Neutral-CoT,CN,2
19113,Neutral-CoT,CN,1
19164,Neutral-CoT,CN,1
19267,Neutral-CoT,CN,2
19295,Neutral-CoT,CN,1
19331,Neutral-CoT,CN,2
19341,Neutral-CoT,CN,1
19383,Neutral-CoT,CN,1
19385,Neutral-CoT,CN,2
19395,Neutral-CoT,CN,2
19486,Neutral-CoT,CN,2
19496,Neutral-CoT,CN,2
19519,Neutral-CoT,CN,2
19532,Neutral-CoT,CN,1
19538,Neutral-CoT,CN,1
19593,Neutral-CoT,CN,2
19599,Neutral-CoT,CN,1
19643,Neutral-CoT,CN,1
19686,Neutral-CoT,CN,1
19738,Neutral-CoT,CN,1
19794,Neutral-CoT,CN,1
19826,Neutral-CoT,CN,2
19830,Neutral-CoT,CN,2
19839,Neutral-CoT,CN,2
19854,Neutral-CoT,CN,2
19900,Neutral-CoT,CN,2
19915,Neutral-CoT,CN,1
19967,Neutral-CoT,CN,1
19968,Neutral-CoT,CN,2
20031,Neutral-CoT,CN,1
20132,Neutral-CoT,CN,2
20184,Neutral-CoT,CN,1
20195,Neutral-CoT,CN,1
20270,Neutral-CoT,CN,1
20283,Neutral-CoT,CN,2
20299,Neutral-CoT,CN,2
20351,Neutral-CoT,CN,1
20380,Neutral-CoT,CN,2
20407,Neutral-CoT,CN,2
20420,Neutral-CoT,CN,1
20422,Neutral-CoT,CN,1
20431,Neutral-CoT,CN,1
20443,Neutral-CoT,CN,1
20446,Neutral-CoT,CN,2
20465,Neutral-CoT,CN,1
20467,Neutral-CoT,CN,1
20504,Neutral-CoT,CN,2
20528,Neutral-CoT,CN,1
20542,Neutral-CoT,CN,1
20609,Neutral-CoT,CN,1
20666,Neutral-CoT,CN,1
20677,Neutral-CoT,CN,1
20685,Neutral-CoT,CN,2
20716,Neutral-CoT,CN,2
20717,Neutral-CoT,CN,1
20839,Neutral-CoT,CN,2
20853,Neutral-CoT,CN,1
20869,Neutral-CoT,CN,2
20890,Neutral-CoT,CN,2
20895,Neutral-CoT,CN,1
20964,Neutral-CoT,CN,1
20971,Neutral-CoT,CN,2
21016,Neutral-CoT,CN,1
21051,Neutral-CoT,CN,2
21067,Neutral-CoT,CN,1
21074,Neutral-CoT,CN,1
21098,Neutral-CoT,CN,2
21130,Neutral-CoT,CN,2
21158,Neutral-CoT,CN,1
21165,Neutral-CoT,CN,1
21167,Neutral-CoT,CN,1
21173,Neutral-CoT,CN,1
21180,Neutral-CoT,CN,2
21203,Neutral-CoT,CN,2
21210,Neutral-CoT,CN,1
21328,Neutral-CoT,CN,1
21399,Neutral-CoT,CN,1
21509,Neutral-CoT,CN,2
21544,Neutral-CoT,CN,2
21598,Neutral-CoT,CN,2
21599,Neutral-CoT,CN,1
21606,Neutral-CoT,CN,2
21608,Neutral-CoT,CN,2
21629,Neutral-CoT,CN,1
21630,Neutral-CoT,CN,2
21691,Neutral-CoT,CN,1
21847,Neutral-CoT,CN,2
21910,Neutral-CoT,CN,1
21935,Neutral-CoT,CN,2
21961,Neutral-CoT,CN,1
21976,Neutral-CoT,CN,1
21987,Neutral-CoT,CN,2
22043,Neutral-CoT,CN,2
22052,Neutral-CoT,CN,1
22065,Neutral-CoT,CN,1
22066,Neutral-CoT,CN,2
22090,Neutral-CoT,CN,1
22126,Neutral-CoT,CN,2
22166,Neutral-CoT,CN,2
22184,Neutral-CoT,CN,2
22189,Neutral-CoT,CN,2
22194,Neutral-CoT,CN,2
22266,Neutral-CoT,CN,1
22314,Neutral-CoT,CN,2
22356,Neutral-CoT,CN,2
22467,Neutral-CoT,CN,2
22679,Neutral-CoT,CN,1
22707,Neutral-CoT,CN,2
22767,Neutral-CoT,CN,2
22770,Neutral-CoT,CN,1
22814,Neutral-CoT,CN,1
22819,Neutral-CoT,CN,2
22849,Neutral-CoT,CN,2
22966,Neutral-CoT,CN,2
23023,Neutral-CoT,CN,1
23052,Neutral-CoT,CN,1
23089,Neutral-CoT,CN,1
23104,Neutral-CoT,CN,2
23128,Neutral-CoT,CN,1
23200,Neutral-CoT,CN,1
23313,Neutral-CoT,CN,2
23322,Neutral-CoT,CN,1
23323,Neutral-CoT,CN,1
23415,Neutral-CoT,CN,2
23440,Neutral-CoT,CN,2
23453,Neutral-CoT,CN,2
23505,Neutral-CoT,CN,1
23514,Neutral-CoT,CN,2
23524,Neutral-CoT,CN,1
23530,Neutral-CoT,CN,2
23574,Neutral-CoT,CN,1
23584,Neutral-CoT,CN,1
23605,Neutral-CoT,CN,1
23620,Neutral-CoT,CN,2
23648,Neutral-CoT,CN,2
23699,Neutral-CoT,CN,2
23713,Neutral-CoT,CN,2
23779,Neutral-CoT,CN,1
23871,Neutral-CoT,CN,1
23873,Neutral-CoT,CN,1
23901,Neutral-CoT,CN,1
24026,Neutral-CoT,CN,1
24163,Neutral-CoT,CN,1
24174,Neutral-CoT,CN,2
24223,Neutral-CoT,CN,1
24260,Neutral-CoT,CN,2
24291,Neutral-CoT,CN,2
24304,Neutral-CoT,CN,1
24334,Neutral-CoT,CN,2
24405,Neutral-CoT,CN,2
24408,Neutral-CoT,CN,1
24500,Neutral-CoT,CN,2
24502,Neutral-CoT,CN,2
24541,Neutral-CoT,CN,2
24573,Neutral-CoT,CN,1
24637,Neutral-CoT,CN,2
24673,Neutral-CoT,CN,2
24706,Neutral-CoT,CN,1
24740,Neutral-CoT,CN,2
24774,Neutral-CoT,CN,2
24836,Neutral-CoT,CN,1
24871,Neutral-CoT,CN,1
24902,Neutral-CoT,CN,2
24959,Neutral-CoT,CN,2
24975,Neutral-CoT,CN,1
24995,Neutral-CoT,CN,1
25015,Neutral-CoT,CN,1
25038,Neutral-CoT,CN,1
25109,Neutral-CoT,CN,2
25137,Neutral-CoT,CN,1
25155,Neutral-CoT,CN,1
25239,Neutral-CoT,CN,2
25270,Neutral-CoT,CN,1
25302,Neutral-CoT,CN,2
25337,Neutral-CoT,CN,1
25348,Neutral-CoT,CN,1
25369,Neutral-CoT,CN,2
25416,Neutral-CoT,CN,1
25435,Neutral-CoT,CN,1
25447,Neutral-CoT,CN,1
25471,Neutral-CoT,CN,2
25523,Neutral-CoT,CN,2
25591,Neutral-CoT,CN,1
25650,Neutral-CoT,CN,1
25690,Neutral-CoT,CN,1
25698,Neutral-CoT,CN,2
25868,Neutral-CoT,CN,1
25990,Neutral-CoT,CN,2
26032,Neutral-CoT,CN,1
26129,Neutral-CoT,CN,2
26161,Neutral-CoT,CN,1
26211,Neutral-CoT,CN,2
26287,Neutral-CoT,CN,2
26292,Neutral-CoT,CN,1
26302,Neutral-CoT,CN,1
26321,Neutral-CoT,CN,2
26337,Neutral-CoT,CN,1
26345,Neutral-CoT,CN,1
26480,Neutral-CoT,CN,2
26492,Neutral-CoT,CN,2
26528,Neutral-CoT,CN,1
26546,Neutral-CoT,CN,1
26556,Neutral-CoT,CN,1
26575,Neutral-CoT,CN,2
26678,Neutral-CoT,CN,2
26714,Neutral-CoT,CN,2
26831,Neutral-CoT,CN,1
26865,Neutral-CoT,CN,2
26878,Neutral-CoT,CN,2
26995,Neutral-CoT,CN,1
27029,Neutral-CoT,CN,1
27088,Neutral-CoT,CN,1
27101,Neutral-CoT,CN,1
27271,Neutral-CoT,CN,1
27395,Neutral-CoT,CN,2
27431,Neutral-CoT,CN,2
27497,Neutral-CoT,CN,1
27524,Neutral-CoT,CN,2
27558,Neutral-CoT,CN,2
27610,Neutral-CoT,CN,1
27668,Neutral-CoT,CN,2
27688,Neutral-CoT,CN,2
27740,Neutral-CoT,CN,2
27786,Neutral-CoT,CN,2
27828,Neutral-CoT,CN,2
27904,Neutral-CoT,CN,2
27910,Neutral-CoT,CN,2
27911,Neutral-CoT,CN,2
28011,Neutral-CoT,CN,2
28019,Neutral-CoT,CN,1
28051,Neutral-CoT,CN,2
28057,Neutral-CoT,CN,1
28067,Neutral-CoT,CN,2
28114,Neutral-CoT,CN,2
28222,Neutral-CoT,CN,2
28262,Neutral-CoT,CN,2
28271,Neutral-CoT,CN,1
28341,Neutral-CoT,CN,1
28365,Neutral-CoT,CN,2
28463,Neutral-CoT,CN,2
28550,Neutral-CoT,CN,2
28574,Neutral-CoT,CN,2
28656,Neutral-CoT,CN,2
28674,Neutral-CoT,CN,2
28728,Neutral-CoT,CN,1
28789,Neutral-CoT,CN,2
28790,Neutral-CoT,CN,2
28822,Neutral-CoT,CN,2
28963,Neutral-CoT,CN,1
29070,Neutral-CoT,CN,2
29105,Neutral-CoT,CN,2
29132,Neutral-CoT,CN,1
29144,Neutral-CoT,CN,1
29184,Neutral-CoT,CN,2
29243,Neutral-CoT,CN,2
29385,Neutral-CoT,CN,1
29417,Neutral-CoT,CN,2
29454,Neutral-CoT,CN,2
29484,Neutral-CoT,CN,2
29582,Neutral-CoT,CN,1
29629,Neutral-CoT,CN,1
29644,Neutral-CoT,CN,1
29679,Neutral-CoT,CN,1
29768,Neutral-CoT,CN,1
29880,Neutral-CoT,CN,1
29903,Neutral-CoT,CN,1
29912,Neutral-CoT,CN,1
29978,Neutral-CoT,CN,1
30052,Neutral-CoT,CN,1
30118,Neutral-CoT,CN,1
30137,Neutral-CoT,CN,2
30143,Neutral-CoT,CN,1
30180,Neutral-CoT,CN,1
30259,Neutral-CoT,CN,1
30273,Neutral-CoT,CN,2
30285,Neutral-CoT,CN,2
30328,Neutral-CoT,CN,1
30329,Neutral-CoT,CN,1
30336,Neutral-CoT,CN,2
30340,Neutral-CoT,CN,1
30352,Neutral-CoT,CN,2
30367,Neutral-CoT,CN,2
30457,Neutral-CoT,CN,2
30498,Neutral-CoT,CN,1
30514,Neutral-CoT,CN,1
30544,Neutral-CoT,CN,1
30637,Neutral-CoT,CN,1
30694,Neutral-CoT,CN,2
30701,Neutral-CoT,CN,2
30710,Neutral-CoT,CN,2
30794,Neutral-CoT,CN,2
30807,Neutral-CoT,CN,2
30825,Neutral-CoT,CN,2
30846,Neutral-CoT,CN,1
30856,Neutral-CoT,CN,2
30872,Neutral-CoT,CN,2
30880,Neutral-CoT,CN,1
30899,Neutral-CoT,CN,1
30922,Neutral-CoT,CN,2
30936,Neutral-CoT,CN,2
31029,Neutral-CoT,CN,1
31060,Neutral-CoT,CN,1
31081,Neutral-CoT,CN,2
31089,Neutral-CoT,CN,1
31129,Neutral-CoT,CN,2
31138,Neutral-CoT,CN,1
31148,Neutral-CoT,CN,1
31247,Neutral-CoT,CN,1
31266,Neutral-CoT,CN,2
31350,Neutral-CoT,CN,2
31386,Neutral-CoT,CN,2
31470,Neutral-CoT,CN,1
31483,Neutral-CoT,CN,2
31568,Neutral-CoT,CN,2
31597,Neutral-CoT,CN,1
31622,Neutral-CoT,CN,1
31628,Neutral-CoT,CN,1
31634,Neutral-CoT,CN,1
31665,Neutral-CoT,CN,1
31720,Neutral-CoT,CN,1
31728,Neutral-CoT,CN,1
31754,Neutral-CoT,CN,2
31883,Neutral-CoT,CN,2
31907,Neutral-CoT,CN,2
32003,Neutral-CoT,CN,2
32090,Neutral-CoT,CN,1
32112,Neutral-CoT,CN,2
32116,Neutral-CoT,CN,2
32131,Neutral-CoT,CN,2
32167,Neutral-CoT,CN,2
32263,Neutral-CoT,CN,2
32265,Neutral-CoT,CN,1
32323,Neutral-CoT,CN,2
32372,Neutral-CoT,CN,1
32463,Neutral-CoT,CN,2
32518,Neutral-CoT,CN,1
32572,Neutral-CoT,CN,2
32638,Neutral-CoT,CN,1
32679,Neutral-CoT,CN,1
32722,Neutral-CoT,CN,2
32747,Neutral-CoT,CN,1
32753,Neutral-CoT,CN,2
32785,Neutral-CoT,CN,1
32872,Neutral-CoT,CN,2
32894,Neutral-CoT,CN,2
32913,Neutral-CoT,CN,1
32917,Neutral-CoT,CN,2
32963,Neutral-CoT,CN,1
32972,Neutral-CoT,CN,2
33026,Neutral-CoT,CN,1
33067,Neutral-CoT,CN,2
33126,Neutral-CoT,CN,2
33141,Neutral-CoT,CN,2
33154,Neutral-CoT,CN,1
33212,Neutral-CoT,CN,1
33262,Neutral-CoT,CN,2
33345,Neutral-CoT,CN,1
33390,Neutral-CoT,CN,1
33409,Neutral-CoT,CN,2
33433,Neutral-CoT,CN,1
33470,Neutral-CoT,CN,1
33504,Neutral-CoT,CN,1
33509,Neutral-CoT,CN,2
33532,Neutral-CoT,CN,1
33618,Neutral-CoT,CN,2
33649,Neutral-CoT,CN,1
33743,Neutral-CoT,CN,2
33765,Neutral-CoT,CN,2
33780,Neutral-CoT,CN,1
33808,Neutral-CoT,CN,2
33856,Neutral-CoT,CN,1
33859,Neutral-CoT,CN,2
33890,Neutral-CoT,CN,2
33940,Neutral-CoT,CN,1
33961,Neutral-CoT,CN,1
33962,Neutral-CoT,CN,2
33986,Neutral-CoT,CN,1
34029,Neutral-CoT,CN,2
34084,Neutral-CoT,CN,1
34125,Neutral-CoT,CN,2
34143,Neutral-CoT,CN,2
34148,Neutral-CoT,CN,1
34171,Neutral-CoT,CN,1
34215,Neutral-CoT,CN,2
34276,Neutral-CoT,CN,1
34332,Neutral-CoT,CN,2
34354,Neutral-CoT,CN,1
34404,Neutral-CoT,CN,2
34414,Neutral-CoT,CN,1
34460,Neutral-CoT,CN,2
34500,Neutral-CoT,CN,1
34667,Neutral-CoT,CN,2
34714,Neutral-CoT,CN,2
34812,Neutral-CoT,CN,2
34918,Neutral-CoT,CN,2
34944,Neutral-CoT,CN,2
34983,Neutral-CoT,CN,2
35058,Neutral-CoT,CN,2
35064,Neutral-CoT,CN,1
35127,Neutral-CoT,CN,2
35156,Neutral-CoT,CN,2
35174,Neutral-CoT,CN,1
35191,Neutral-CoT,CN,2
35201,Neutral-CoT,CN,2
35204,Neutral-CoT,CN,2
35282,Neutral-CoT,CN,2
35287,Neutral-CoT,CN,1
35397,Neutral-CoT,CN,2
35429,Neutral-CoT,CN,2
35467,Neutral-CoT,CN,1
35542,Neutral-CoT,CN,2
35564,Neutral-CoT,CN,2
35592,Neutral-CoT,CN,1
35643,Neutral-CoT,CN,2
35653,Neutral-CoT,CN,1
35715,Neutral-CoT,CN,2
35732,Neutral-CoT,CN,2
35738,Neutral-CoT,CN,2
35743,Neutral-CoT,CN,2
35880,Neutral-CoT,CN,2
35907,Neutral-CoT,CN,1
35912,Neutral-CoT,CN,1
35918,Neutral-CoT,CN,2
35939,Neutral-CoT,CN,2
35991,Neutral-CoT,CN,2
36100,Neutral-CoT,CN,2
36117,Neutral-CoT,CN,1
36126,Neutral-CoT,CN,2
36186,Neutral-CoT,CN,2
36190,Neutral-CoT,CN,1
36199,Neutral-CoT,CN,2
36209,Neutral-CoT,CN,1
36247,Neutral-CoT,CN,1
36403,Neutral-CoT,CN,1
36419,Neutral-CoT,CN,2
36434,Neutral-CoT,CN,2
36449,Neutral-CoT,CN,1
36482,Neutral-CoT,CN,2
36557,Neutral-CoT,CN,2
36686,Neutral-CoT,CN,2
36734,Neutral-CoT,CN,1
36743,Neutral-CoT,CN,1
36812,Neutral-CoT,CN,2
36849,Neutral-CoT,CN,2
36960,Neutral-CoT,CN,2
36974,Neutral-CoT,CN,2
37006,Neutral-CoT,CN,2
37016,Neutral-CoT,CN,2
37020,Neutral-CoT,CN,1
37082,Neutral-CoT,CN,2
37114,Neutral-CoT,CN,1
37124,Neutral-CoT,CN,2
37184,Neutral-CoT,CN,1
37245,Neutral-CoT,CN,1
37249,Neutral-CoT,CN,1
37258,Neutral-CoT,CN,2
37327,Neutral-CoT,CN,1
37367,Neutral-CoT,CN,2
37404,Neutral-CoT,CN,2
37422,Neutral-CoT,CN,1
37432,Neutral-CoT,CN,2
37435,Neutral-CoT,CN,1
37490,Neutral-CoT,CN,1
37537,Neutral-CoT,CN,2
37569,Neutral-CoT,CN,2
37608,Neutral-CoT,CN,1
37614,Neutral-CoT,CN,2
37617,Neutral-CoT,CN,2
37679,Neutral-CoT,CN,1
37723,Neutral-CoT,CN,2
37741,Neutral-CoT,CN,1
37743,Neutral-CoT,CN,2
37842,Neutral-CoT,CN,1
37843,Neutral-CoT,CN,1
37909,Neutral-CoT,CN,1
37955,Neutral-CoT,CN,1
38026,Neutral-CoT,CN,2
38068,Neutral-CoT,CN,2
38078,Neutral-CoT,CN,2
38093,Neutral-CoT,CN,2
38130,Neutral-CoT,CN,1
38144,Neutral-CoT,CN,1
38146,Neutral-CoT,CN,1
38166,Neutral-CoT,CN,1
38168,Neutral-CoT,CN,1
38191,Neutral-CoT,CN,2
38245,Neutral-CoT,CN,1
38267,Neutral-CoT,CN,2
38352,Neutral-CoT,CN,1
38390,Neutral-CoT,CN,2
38395,Neutral-CoT,CN,1
38425,Neutral-CoT,CN,2
38485,Neutral-CoT,CN,1
38518,Neutral-CoT,CN,1
38530,Neutral-CoT,CN,1
38533,Neutral-CoT,CN,2
38554,Neutral-CoT,CN,1
38562,Neutral-CoT,CN,2
38593,Neutral-CoT,CN,2
38627,Neutral-CoT,CN,2
38630,Neutral-CoT,CN,1
38721,Neutral-CoT,CN,1
38773,Neutral-CoT,CN,2
38802,Neutral-CoT,CN,1
38809,Neutral-CoT,CN,1
38829,Neutral-CoT,CN,1
38858,Neutral-CoT,CN,1
38928,Neutral-CoT,CN,2
38947,Neutral-CoT,CN,1
39000,Neutral-CoT,CN,1
39152,Neutral-CoT,CN,1
39199,Neutral-CoT,CN,1
39321,Neutral-CoT,CN,1
39356,Neutral-CoT,CN,2
39388,Neutral-CoT,CN,2
39457,Neutral-CoT,CN,1
39466,Neutral-CoT,CN,1
39532,Neutral-CoT,CN,2
39553,Neutral-CoT,CN,2
39557,Neutral-CoT,CN,1
39630,Neutral-CoT,CN,1
39715,Neutral-CoT,CN,1
39795,Neutral-CoT,CN,2
39804,Neutral-CoT,CN,1
39833,Neutral-CoT,CN,2
39842,Neutral-CoT,CN,1
39855,Neutral-CoT,CN,1
39864,Neutral-CoT,CN,2
39884,Neutral-CoT,CN,2
39918,Neutral-CoT,CN,2
40029,Neutral-CoT,CN,1
40068,Neutral-CoT,CN,1
40135,Neutral-CoT,CN,1
40145,Neutral-CoT,CN,2
40164,Neutral-CoT,CN,1
40169,Neutral-CoT,CN,1
40296,Neutral-CoT,CN,2
40352,Neutral-CoT,CN,2
40376,Neutral-CoT,CN,1
40497,Neutral-CoT,CN,2
40535,Neutral-CoT,CN,1
40542,Neutral-CoT,CN,2
40622,Neutral-CoT,CN,2
40625,Neutral-CoT,CN,2
40653,Neutral-CoT,CN,2
40762,Neutral-CoT,CN,1
40853,Neutral-CoT,CN,1
40855,Neutral-CoT,CN,2
40857,Neutral-CoT,CN,2
40920,Neutral-CoT,CN,1
40969,Neutral-CoT,CN,1
40991,Neutral-CoT,CN,1
41001,Neutral-CoT,CN,2
41077,Neutral-CoT,CN,1
41103,Neutral-CoT,CN,2
41237,Neutral-CoT,CN,1
41239,Neutral-CoT,CN,1
41273,Neutral-CoT,CN,1
41368,Neutral-CoT,CN,1
41416,Neutral-CoT,CN,1
41457,Neutral-CoT,CN,2
41472,Neutral-CoT,CN,1
41514,Neutral-CoT,CN,2
41581,Neutral-CoT,CN,2
41590,Neutral-CoT,CN,1
41607,Neutral-CoT,CN,1
41636,Neutral-CoT,CN,1
41704,Neutral-CoT,CN,1
41829,Neutral-CoT,CN,1
41836,Neutral-CoT,CN,1
41906,Neutral-CoT,CN,2
41973,Neutral-CoT,CN,2
42006,Neutral-CoT,CN,2
42040,Neutral-CoT,CN,1
42067,Neutral-CoT,CN,1
42086,Neutral-CoT,CN,2
42112,Neutral-CoT,CN,2
42166,Neutral-CoT,CN,2
42174,Neutral-CoT,CN,1
42185,Neutral-CoT,CN,2
42228,Neutral-CoT,CN,2
42330,Neutral-CoT,CN,1
42344,Neutral-CoT,CN,2
42391,Neutral-CoT,CN,2
42428,Neutral-CoT,CN,1
42468,Neutral-CoT,CN,2
42520,Neutral-CoT,CN,2
42521,Neutral-CoT,CN,1
42568,Neutral-CoT,CN,1
42572,Neutral-CoT,CN,2
42585,Neutral-CoT,CN,1
42690,Neutral-CoT,CN,1
42714,Neutral-CoT,CN,2
42742,Neutral-CoT,CN,1
42860,Neutral-CoT,CN,2
42886,Neutral-CoT,CN,2
43042,Neutral-CoT,CN,1
43070,Neutral-CoT,CN,2
43164,Neutral-CoT,CN,2
43191,Neutral-CoT,CN,1
43285,Neutral-CoT,CN,1
43295,Neutral-CoT,CN,2
43350,Neutral-CoT,CN,2
43486,Neutral-CoT,CN,1
43526,Neutral-CoT,CN,2
43621,Neutral-CoT,CN,2
43668,Neutral-CoT,CN,2
43764,Neutral-CoT,CN,2
43800,Neutral-CoT,CN,1
43811,Neutral-CoT,CN,2
43878,Neutral-CoT,CN,1
44064,Neutral-CoT,CN,2
44167,Neutral-CoT,CN,2
44178,Neutral-CoT,CN,2
44313,Neutral-CoT,CN,2
44380,Neutral-CoT,CN,1
44400,Neutral-CoT,CN,2
44415,Neutral-CoT,CN,2
44430,Neutral-CoT,CN,2
44444,Neutral-CoT,CN,2
44458,Neutral-CoT,CN,2
44475,Neutral-CoT,CN,1
44479,Neutral-CoT,CN,2
44628,Neutral-CoT,CN,1
44682,Neutral-CoT,CN,1
44812,Neutral-CoT,CN,2
44833,Neutral-CoT,CN,2
44841,Neutral-CoT,CN,1
44887,Neutral-CoT,CN,2
44967,Neutral-CoT,CN,1
45012,Neutral-CoT,CN,2
45024,Neutral-CoT,CN,1
45075,Neutral-CoT,CN,2
45117,Neutral-CoT,CN,2
45137,Neutral-CoT,CN,2
45175,Neutral-CoT,CN,2
45184,Neutral-CoT,CN,1
45190,Neutral-CoT,CN,1
45199,Neutral-CoT,CN,1
45289,Neutral-CoT,CN,1
45314,Neutral-CoT,CN,1
45337,Neutral-CoT,CN,1
45340,Neutral-CoT,CN,2
45390,Neutral-CoT,CN,2
45424,Neutral-CoT,CN,2
45470,Neutral-CoT,CN,2
45492,Neutral-CoT,CN,1
45529,Neutral-CoT,CN,2
45544,Neutral-CoT,CN,2
45784,Neutral-CoT,CN,1
45800,Neutral-CoT,CN,2
45811,Neutral-CoT,CN,2
45837,Neutral-CoT,CN,1
45857,Neutral-CoT,CN,2
45893,Neutral-CoT,CN,2
45938,Neutral-CoT,CN,2
45983,Neutral-CoT,CN,2
45985,Neutral-CoT,CN,1
46026,Neutral-CoT,CN,2
46132,Neutral-CoT,CN,1
46147,Neutral-CoT,CN,1
46160,Neutral-CoT,CN,1
46218,Neutral-CoT,CN,2
46346,Neutral-CoT,CN,1
46371,Neutral-CoT,CN,1
46372,Neutral-CoT,CN,2
46555,Neutral-CoT,CN,2
46569,Neutral-CoT,CN,2
46595,Neutral-CoT,CN,2
46674,Neutral-CoT,CN,1
46707,Neutral-CoT,CN,2
46710,Neutral-CoT,CN,2
46751,Neutral-CoT,CN,2
46756,Neutral-CoT,CN,1
46810,Neutral-CoT,CN,2
46859,Neutral-CoT,CN,2
46880,Neutral-CoT,CN,1
46894,Neutral-CoT,CN,2
46969,Neutral-CoT,CN,2
47024,Neutral-CoT,CN,1
47060,Neutral-CoT,CN,2
47065,Neutral-CoT,CN,1
47097,Neutral-CoT,CN,1
47139,Neutral-CoT,CN,2
47169,Neutral-CoT,CN,2
47174,Neutral-CoT,CN,2
47216,Neutral-CoT,CN,2
47246,Neutral-CoT,CN,2
47249,Neutral-CoT,CN,2
47362,Neutral-CoT,CN,1
47371,Neutral-CoT,CN,1
47560,Neutral-CoT,CN,1
47603,Neutral-CoT,CN,1
47619,Neutral-CoT,CN,2
47632,Neutral-CoT,CN,1
47865,Neutral-CoT,CN,2
47886,Neutral-CoT,CN,1
48180,Neutral-CoT,CN,2
48182,Neutral-CoT,CN,1
48217,Neutral-CoT,CN,2
48246,Neutral-CoT,CN,1
48295,Neutral-CoT,CN,2
48329,Neutral-CoT,CN,1
48352,Neutral-CoT,CN,1
48355,Neutral-CoT,CN,2
48359,Neutral-CoT,CN,1
48441,Neutral-CoT,CN,2
48449,Neutral-CoT,CN,2
48506,Neutral-CoT,CN,2
48538,Neutral-CoT,CN,1
48541,Neutral-CoT,CN,1
48562,Neutral-CoT,CN,2
48566,Neutral-CoT,CN,1
48587,Neutral-CoT,CN,1
48607,Neutral-CoT,CN,2
48618,Neutral-CoT,CN,1
48722,Neutral-CoT,CN,2
48728,Neutral-CoT,CN,1
48859,Neutral-CoT,CN,2
48898,Neutral-CoT,CN,1
48976,Neutral-CoT,CN,2
49004,Neutral-CoT,CN,1
49029,Neutral-CoT,CN,1
49047,Neutral-CoT,CN,1
49052,Neutral-CoT,CN,1
49095,Neutral-CoT,CN,1
49132,Neutral-CoT,CN,1
49146,Neutral-CoT,CN,1
49189,Neutral-CoT,CN,1
49213,Neutral-CoT,CN,1
49228,Neutral-CoT,CN,1
49242,Neutral-CoT,CN,2
49325,Neutral-CoT,CN,1
49400,Neutral-CoT,CN,2
49460,Neutral-CoT,CN,1
49550,Neutral-CoT,CN,2
49700,Neutral-CoT,CN,1
49737,Neutral-CoT,CN,1
49765,Neutral-CoT,CN,2
49804,Neutral-CoT,CN,2
49855,Neutral-CoT,CN,2
49870,Neutral-CoT,CN,2
49943,Neutral-CoT,CN,2
49950,Neutral-CoT,CN,2
49959,Neutral-CoT,CN,2
49971,Neutral-CoT,CN,1
55,Neutral-CoT,CT,1
107,Neutral-CoT,CT,2
176,Neutral-CoT,CT,1
257,Neutral-CoT,CT,1
283,Neutral-CoT,CT,2
284,Neutral-CoT,CT,2
287,Neutral-CoT,CT,1
310,Neutral-CoT,CT,2
379,Neutral-CoT,CT,2
393,Neutral-CoT,CT,2
405,Neutral-CoT,CT,2
423,Neutral-CoT,CT,1
450,Neutral-CoT,CT,2
504,Neutral-CoT,CT,2
525,Neutral-CoT,CT,2
545,Neutral-CoT,CT,1
626,Neutral-CoT,CT,2
715,Neutral-CoT,CT,2
722,Neutral-CoT,CT,1
793,Neutral-CoT,CT,2
813,Neutral-CoT,CT,2
856,Neutral-CoT,CT,2
893,Neutral-CoT,CT,2
922,Neutral-CoT,CT,1
1029,Neutral-CoT,CT,2
1106,Neutral-CoT,CT,1
1199,Neutral-CoT,CT,1
1200,Neutral-CoT,CT,2
1205,Neutral-CoT,CT,2
1261,Neutral-CoT,CT,2
1285,Neutral-CoT,CT,1
1290,Neutral-CoT,CT,1
1347,Neutral-CoT,CT,1
1352,Neutral-CoT,CT,1
1363,Neutral-CoT,CT,2
1421,Neutral-CoT,CT,1
1481,Neutral-CoT,CT,1
1545,Neutral-CoT,CT,1
1552,Neutral-CoT,CT,1
1573,Neutral-CoT,CT,1
1656,Neutral-CoT,CT,2
1687,Neutral-CoT,CT,1
1707,Neutral-CoT,CT,2
1735,Neutral-CoT,CT,2
1755,Neutral-CoT,CT,2
1808,Neutral-CoT,CT,1
1814,Neutral-CoT,CT,2
1819,Neutral-CoT,CT,2
1822,Neutral-CoT,CT,1
1823,Neutral-CoT,CT,1
1862,Neutral-CoT,CT,1
2004,Neutral-CoT,CT,2
2039,Neutral-CoT,CT,2
2055,Neutral-CoT,CT,1
2068,Neutral-CoT,CT,2
2081,Neutral-CoT,CT,1
2155,Neutral-CoT,CT,2
2221,Neutral-CoT,CT,2
2288,Neutral-CoT,CT,2
2375,Neutral-CoT,CT,2
2379,Neutral-CoT,CT,1
2426,Neutral-CoT,CT,2
2584,Neutral-CoT,CT,2
2585,Neutral-CoT,CT,1
2600,Neutral-CoT,CT,1
2732,Neutral-CoT,CT,2
2844,Neutral-CoT,CT,1
2891,Neutral-CoT,CT,2
2932,Neutral-CoT,CT,2
2983,Neutral-CoT,CT,1
3056,Neutral-CoT,CT,1
3081,Neutral-CoT,CT,1
3102,Neutral-CoT,CT,1
3191,Neutral-CoT,CT,1
3297,Neutral-CoT,CT,1
3363,Neutral-CoT,CT,1
3367,Neutral-CoT,CT,2
3385,Neutral-CoT,CT,1
3400,Neutral-CoT,CT,1
3418,Neutral-CoT,CT,1
3429,Neutral-CoT,CT,2
3440,Neutral-CoT,CT,1
3524,Neutral-CoT,CT,1
3567,Neutral-CoT,CT,1
3631,Neutral-CoT,CT,2
3811,Neutral-CoT,CT,2
3824,Neutral-CoT,CT,1
3839,Neutral-CoT,CT,1
3867,Neutral-CoT,CT,1
3868,Neutral-CoT,CT,1
3912,Neutral-CoT,CT,2
3929,Neutral-CoT,CT,2
3971,Neutral-CoT,CT,2
3979,Neutral-CoT,CT,2
4011,Neutral-CoT,CT,2
4017,Neutral-CoT,CT,1
4066,Neutral-CoT,CT,2
4087,Neutral-CoT,CT,2
4153,Neutral-CoT,CT,2
4182,Neutral-CoT,CT,2
4187,Neutral-CoT,CT,1
4207,Neutral-CoT,CT,1
4211,Neutral-CoT,CT,1
4303,Neutral-CoT,CT,1
4314,Neutral-CoT,CT,1
4339,Neutral-CoT,CT,2
4348,Neutral-CoT,CT,2
4447,Neutral-CoT,CT,1
4462,Neutral-CoT,CT,1
4591,Neutral-CoT,CT,1
4624,Neutral-CoT,CT,2
4651,Neutral-CoT,CT,2
4652,Neutral-CoT,CT,1
4663,Neutral-CoT,CT,1
4706,Neutral-CoT,CT,2
4716,Neutral-CoT,CT,1
4744,Neutral-CoT,CT,2
4767,Neutral-CoT,CT,1
4795,Neutral-CoT,CT,1
4797,Neutral-CoT,CT,1
4812,Neutral-CoT,CT,2
4827,Neutral-CoT,CT,2
4829,Neutral-CoT,CT,2
4851,Neutral-CoT,CT,2
4856,Neutral-CoT,CT,2
4865,Neutral-CoT,CT,2
4871,Neutral-CoT,CT,1
4927,Neutral-CoT,CT,2
4937,Neutral-CoT,CT,1
5009,Neutral-CoT,CT,1
5024,Neutral-CoT,CT,1
5070,Neutral-CoT,CT,1
5086,Neutral-CoT,CT,2
5119,Neutral-CoT,CT,1
5120,Neutral-CoT,CT,2
5406,Neutral-CoT,CT,1
5424,Neutral-CoT,CT,2
5475,Neutral-CoT,CT,1
5499,Neutral-CoT,CT,1
5570,Neutral-CoT,CT,1
5586,Neutral-CoT,CT,2
5619,Neutral-CoT,CT,2
5651,Neutral-CoT,CT,1
5741,Neutral-CoT,CT,1
5797,Neutral-CoT,CT,2
5824,Neutral-CoT,CT,2
5829,Neutral-CoT,CT,1
5906,Neutral-CoT,CT,2
5938,Neutral-CoT,CT,2
5957,Neutral-CoT,CT,2
5998,Neutral-CoT,CT,2
6010,Neutral-CoT,CT,2
6059,Neutral-CoT,CT,2
6111,Neutral-CoT,CT,1
6137,Neutral-CoT,CT,1
6156,Neutral-CoT,CT,1
6252,Neutral-CoT,CT,1
6253,Neutral-CoT,CT,2
6255,Neutral-CoT,CT,2
6295,Neutral-CoT,CT,1
6347,Neutral-CoT,CT,1
6374,Neutral-CoT,CT,1
6420,Neutral-CoT,CT,2
6452,Neutral-CoT,CT,1
6465,Neutral-CoT,CT,1
6484,Neutral-CoT,CT,2
6488,Neutral-CoT,CT,2
6519,Neutral-CoT,CT,2
6527,Neutral-CoT,CT,2
6595,Neutral-CoT,CT,1
6631,Neutral-CoT,CT,1
6715,Neutral-CoT,CT,2
6728,Neutral-CoT,CT,1
6756,Neutral-CoT,CT,2
6812,Neutral-CoT,CT,1
6824,Neutral-CoT,CT,1
6826,Neutral-CoT,CT,1
6842,Neutral-CoT,CT,1
6867,Neutral-CoT,CT,1
6868,Neutral-CoT,CT,1
6899,Neutral-CoT,CT,2
6965,Neutral-CoT,CT,2
6977,Neutral-CoT,CT,2
6991,Neutral-CoT,CT,1
7001,Neutral-CoT,CT,2
7004,Neutral-CoT,CT,1
7042,Neutral-CoT,CT,1
7070,Neutral-CoT,CT,2
7096,Neutral-CoT,CT,1
7099,Neutral-CoT,CT,1
7194,Neutral-CoT,CT,2
7220,Neutral-CoT,CT,2
7235,Neutral-CoT,CT,2
7313,Neutral-CoT,CT,2
7387,Neutral-CoT,CT,1
7407,Neutral-CoT,CT,1
7430,Neutral-CoT,CT,2
7439,Neutral-CoT,CT,1
7451,Neutral-CoT,CT,2
7498,Neutral-CoT,CT,2
7550,Neutral-CoT,CT,1
7553,Neutral-CoT,CT,2
7555,Neutral-CoT,CT,1
7581,Neutral-CoT,CT,2
7599,Neutral-CoT,CT,2
7654,Neutral-CoT,CT,1
7687,Neutral-CoT,CT,1
7723,Neutral-CoT,CT,1
7832,Neutral-CoT,CT,2
7887,Neutral-CoT,CT,1
7894,Neutral-CoT,CT,1
7915,Neutral-CoT,CT,2
7966,Neutral-CoT,CT,1
8015,Neutral-CoT,CT,2
8033,Neutral-CoT,CT,1
8139,Neutral-CoT,CT,1
8217,Neutral-CoT,CT,2
8268,Neutral-CoT,CT,1
8339,Neutral-CoT,CT,1
8366,Neutral-CoT,CT,2
8444,Neutral-CoT,CT,1
8580,Neutral-CoT,CT,2
8614,Neutral-CoT,CT,1
8630,Neutral-CoT,CT,2
8672,Neutral-CoT,CT,1
8800,Neutral-CoT,CT,1
8902,Neutral-CoT,CT,2
8923,Neutral-CoT,CT,2
8948,Neutral-CoT,CT,1
8993,Neutral-CoT,CT,1
9004,Neutral-CoT,CT,1
9089,Neutral-CoT,CT,2
9102,Neutral-CoT,CT,1
9120,Neutral-CoT,CT,1
9134,Neutral-CoT,CT,2
9246,Neutral-CoT,CT,2
9268,Neutral-CoT,CT,1
9325,Neutral-CoT,CT,1
9349,Neutral-CoT,CT,2
9357,Neutral-CoT,CT,2
9417,Neutral-CoT,CT,1
9459,Neutral-CoT,CT,1
9465,Neutral-CoT,CT,1
9469,Neutral-CoT,CT,2
9473,Neutral-CoT,CT,1
9485,Neutral-CoT,CT,1
9544,Neutral-CoT,CT,2
9595,Neutral-CoT,CT,1
9632,Neutral-CoT,CT,2
9635,Neutral-CoT,CT,2
9677,Neutral-CoT,CT,2
9715,Neutral-CoT,CT,1
9724,Neutral-CoT,CT,2
9774,Neutral-CoT,CT,2
9796,Neutral-CoT,CT,1
9892,Neutral-CoT,CT,2
9899,Neutral-CoT,CT,1
9934,Neutral-CoT,CT,1
9955,Neutral-CoT,CT,1
9987,Neutral-CoT,CT,1
10022,Neutral-CoT,CT,1
10156,Neutral-CoT,CT,1
10163,Neutral-CoT,CT,1
10174,Neutral-CoT,CT,1
10187,Neutral-CoT,CT,1
10189,Neutral-CoT,CT,2
10210,Neutral-CoT,CT,1
10328,Neutral-CoT,CT,1
10330,Neutral-CoT,CT,2
10375,Neutral-CoT,CT,1
10400,Neutral-CoT,CT,1
10423,Neutral-CoT,CT,2
10434,Neutral-CoT,CT,1
10450,Neutral-CoT,CT,2
10566,Neutral-CoT,CT,2
10600,Neutral-CoT,CT,1
10610,Neutral-CoT,CT,2
10621,Neutral-CoT,CT,1
10626,Neutral-CoT,CT,2
10634,Neutral-CoT,CT,2
10771,Neutral-CoT,CT,2
10910,Neutral-CoT,CT,2
10954,Neutral-CoT,CT,2
10978,Neutral-CoT,CT,1
11024,Neutral-CoT,CT,2
11102,Neutral-CoT,CT,1
11120,Neutral-CoT,CT,2
11132,Neutral-CoT,CT,1
11189,Neutral-CoT,CT,2
11241,Neutral-CoT,CT,2
11264,Neutral-CoT,CT,1
11283,Neutral-CoT,CT,2
11511,Neutral-CoT,CT,2
11523,Neutral-CoT,CT,2
11525,Neutral-CoT,CT,1
11553,Neutral-CoT,CT,1
11596,Neutral-CoT,CT,1
11617,Neutral-CoT,CT,2
11630,Neutral-CoT,CT,1
11742,Neutral-CoT,CT,2
11786,Neutral-CoT,CT,1
11850,Neutral-CoT,CT,2
11870,Neutral-CoT,CT,1
11874,Neutral-CoT,CT,1
11930,Neutral-CoT,CT,1
11935,Neutral-CoT,CT,2
11967,Neutral-CoT,CT,1
12012,Neutral-CoT,CT,2
12074,Neutral-CoT,CT,1
12151,Neutral-CoT,CT,1
12153,Neutral-CoT,CT,1
12271,Neutral-CoT,CT,2
12285,Neutral-CoT,CT,1
12301,Neutral-CoT,CT,1
12323,Neutral-CoT,CT,1
12429,Neutral-CoT,CT,2
12472,Neutral-CoT,CT,2
12486,Neutral-CoT,CT,2
12494,Neutral-CoT,CT,1
12627,Neutral-CoT,CT,2
12645,Neutral-CoT,CT,1
12732,Neutral-CoT,CT,1
12798,Neutral-CoT,CT,2
12830,Neutral-CoT,CT,2
12860,Neutral-CoT,CT,2
12896,Neutral-CoT,CT,1
12903,Neutral-CoT,CT,1
12926,Neutral-CoT,CT,2
12936,Neutral-CoT,CT,2
12948,Neutral-CoT,CT,2
12975,Neutral-CoT,CT,2
12998,Neutral-CoT,CT,1
13035,Neutral-CoT,CT,1
13050,Neutral-CoT,CT,2
13061,Neutral-CoT,CT,1
13113,Neutral-CoT,CT,2
13137,Neutral-CoT,CT,2
13200,Neutral-CoT,CT,1
13227,Neutral-CoT,CT,2
13319,Neutral-CoT,CT,1
13334,Neutral-CoT,CT,1
13384,Neutral-CoT,CT,1
13400,Neutral-CoT,CT,2
13447,Neutral-CoT,CT,2
13469,Neutral-CoT,CT,2
13484,Neutral-CoT,CT,2
13518,Neutral-CoT,CT,2
13562,Neutral-CoT,CT,1
13726,Neutral-CoT,CT,2
13785,Neutral-CoT,CT,1
13843,Neutral-CoT,CT,2
13864,Neutral-CoT,CT,2
13874,Neutral-CoT,CT,1
13920,Neutral-CoT,CT,1
13923,Neutral-CoT,CT,1
13996,Neutral-CoT,CT,1
14011,Neutral-CoT,CT,2
14047,Neutral-CoT,CT,2
14055,Neutral-CoT,CT,2
14074,Neutral-CoT,CT,2
14137,Neutral-CoT,CT,2
14139,Neutral-CoT,CT,2
14224,Neutral-CoT,CT,1
14259,Neutral-CoT,CT,1
14300,Neutral-CoT,CT,2
14325,Neutral-CoT,CT,1
14408,Neutral-CoT,CT,1
14410,Neutral-CoT,CT,1
14469,Neutral-CoT,CT,1
14488,Neutral-CoT,CT,1
14532,Neutral-CoT,CT,2
14550,Neutral-CoT,CT,2
14557,Neutral-CoT,CT,1
14581,Neutral-CoT,CT,2
14617,Neutral-CoT,CT,2
14759,Neutral-CoT,CT,2
14793,Neutral-CoT,CT,1
14796,Neutral-CoT,CT,2
14845,Neutral-CoT,CT,2
14858,Neutral-CoT,CT,2
14868,Neutral-CoT,CT,1
14900,Neutral-CoT,CT,1
14932,Neutral-CoT,CT,2
14970,Neutral-CoT,CT,2
14988,Neutral-CoT,CT,2
15035,Neutral-CoT,CT,1
15066,Neutral-CoT,CT,2
15131,Neutral-CoT,CT,1
15133,Neutral-CoT,CT,2
15176,Neutral-CoT,CT,2
15189,Neutral-CoT,CT,1
15254,Neutral-CoT,CT,1
15290,Neutral-CoT,CT,1
15363,Neutral-CoT,CT,2
15473,Neutral-CoT,CT,2
15535,Neutral-CoT,CT,2
15538,Neutral-CoT,CT,1
15555,Neutral-CoT,CT,1
15614,Neutral-CoT,CT,2
15620,Neutral-CoT,CT,2
15693,Neutral-CoT,CT,1
15735,Neutral-CoT,CT,1
15770,Neutral-CoT,CT,1
15810,Neutral-CoT,CT,2
15883,Neutral-CoT,CT,1
15938,Neutral-CoT,CT,1
16114,Neutral-CoT,CT,1
16120,Neutral-CoT,CT,1
16170,Neutral-CoT,CT,2
16174,Neutral-CoT,CT,1
16212,Neutral-CoT,CT,2
16213,Neutral-CoT,CT,1
16230,Neutral-CoT,CT,1
16264,Neutral-CoT,CT,1
16339,Neutral-CoT,CT,1
16355,Neutral-CoT,CT,2
16386,Neutral-CoT,CT,1
16398,Neutral-CoT,CT,1
16457,Neutral-CoT,CT,2
16521,Neutral-CoT,CT,2
16572,Neutral-CoT,CT,1
16600,Neutral-CoT,CT,1
16614,Neutral-CoT,CT,1
16642,Neutral-CoT,CT,1
16731,Neutral-CoT,CT,1
16801,Neutral-CoT,CT,2
16845,Neutral-CoT,CT,1
16858,Neutral-CoT,CT,2
16891,Neutral-CoT,CT,1
16903,Neutral-CoT,CT,1
16977,Neutral-CoT,CT,1
17002,Neutral-CoT,CT,2
17048,Neutral-CoT,CT,1
17079,Neutral-CoT,CT,2
17082,Neutral-CoT,CT,2
17121,Neutral-CoT,CT,2
17165,Neutral-CoT,CT,1
17212,Neutral-CoT,CT,1
17227,Neutral-CoT,CT,1
17241,Neutral-CoT,CT,2
17280,Neutral-CoT,CT,2
17355,Neutral-CoT,CT,2
17361,Neutral-CoT,CT,1
17364,Neutral-CoT,CT,2
17386,Neutral-CoT,CT,2
17423,Neutral-CoT,CT,2
17455,Neutral-CoT,CT,1
17468,Neutral-CoT,CT,1
17475,Neutral-CoT,CT,1
17553,Neutral-CoT,CT,1
17693,Neutral-CoT,CT,1
17744,Neutral-CoT,CT,2
17746,Neutral-CoT,CT,2
17792,Neutral-CoT,CT,1
17806,Neutral-CoT,CT,2
17841,Neutral-CoT,CT,2
17877,Neutral-CoT,CT,1
17885,Neutral-CoT,CT,2
17929,Neutral-CoT,CT,1
17963,Neutral-CoT,CT,2
18290,Neutral-CoT,CT,1
18337,Neutral-CoT,CT,1
18550,Neutral-CoT,CT,2
18553,Neutral-CoT,CT,2
18613,Neutral-CoT,CT,2
18630,Neutral-CoT,CT,2
18631,Neutral-CoT,CT,1
18643,Neutral-CoT,CT,1
18652,Neutral-CoT,CT,1
18656,Neutral-CoT,CT,2
18670,Neutral-CoT,CT,1
18805,Neutral-CoT,CT,2
18806,Neutral-CoT,CT,1
18820,Neutral-CoT,CT,1
18839,Neutral-CoT,CT,2
18874,Neutral-CoT,CT,1
18886,Neutral-CoT,CT,1
18935,Neutral-CoT,CT,1
18961,Neutral-CoT,CT,2
18970,Neutral-CoT,CT,1
18998,Neutral-CoT,CT,2
19036,Neutral-CoT,CT,2
19045,Neutral-CoT,CT,2
19164,Neutral-CoT,CT,1
19267,Neutral-CoT,CT,2
19295,Neutral-CoT,CT,1
19331,Neutral-CoT,CT,2
19341,Neutral-CoT,CT,1
19383,Neutral-CoT,CT,1
19385,Neutral-CoT,CT,2
19395,Neutral-CoT,CT,2
19486,Neutral-CoT,CT,2
19496,Neutral-CoT,CT,2
19519,Neutral-CoT,CT,2
19532,Neutral-CoT,CT,1
19538,Neutral-CoT,CT,1
19593,Neutral-CoT,CT,2
19599,Neutral-CoT,CT,1
19643,Neutral-CoT,CT,1
19686,Neutral-CoT,CT,1
19738,Neutral-CoT,CT,1
19794,Neutral-CoT,CT,1
19811,Neutral-CoT,CT,2
19826,Neutral-CoT,CT,2
19830,Neutral-CoT,CT,2
19839,Neutral-CoT,CT,2
19854,Neutral-CoT,CT,2
19900,Neutral-CoT,CT,2
19915,Neutral-CoT,CT,1
19967,Neutral-CoT,CT,1
19968,Neutral-CoT,CT,2
20031,Neutral-CoT,CT,1
20132,Neutral-CoT,CT,2
20184,Neutral-CoT,CT,1
20195,Neutral-CoT,CT,1
20299,Neutral-CoT,CT,2
20351,Neutral-CoT,CT,1
20380,Neutral-CoT,CT,2
20407,Neutral-CoT,CT,2
20420,Neutral-CoT,CT,1
20422,Neutral-CoT,CT,1
20431,Neutral-CoT,CT,1
20443,Neutral-CoT,CT,1
20446,Neutral-CoT,CT,2
20465,Neutral-CoT,CT,1
20467,Neutral-CoT,CT,1
20504,Neutral-CoT,CT,2
20528,Neutral-CoT,CT,1
20542,Neutral-CoT,CT,1
20549,Neutral-CoT,CT,1
20609,Neutral-CoT,CT,1
20666,Neutral-CoT,CT,1
20677,Neutral-CoT,CT,1
20685,Neutral-CoT,CT,2
20716,Neutral-CoT,CT,2
20717,Neutral-CoT,CT,1
20839,Neutral-CoT,CT,2
20853,Neutral-CoT,CT,1
20869,Neutral-CoT,CT,2
20890,Neutral-CoT,CT,2
20895,Neutral-CoT,CT,1
20964,Neutral-CoT,CT,1
20971,Neutral-CoT,CT,2
21016,Neutral-CoT,CT,1
21051,Neutral-CoT,CT,2
21067,Neutral-CoT,CT,1
21074,Neutral-CoT,CT,1
21098,Neutral-CoT,CT,2
21130,Neutral-CoT,CT,2
21158,Neutral-CoT,CT,1
21165,Neutral-CoT,CT,1
21167,Neutral-CoT,CT,1
21173,Neutral-CoT,CT,1
21180,Neutral-CoT,CT,2
21203,Neutral-CoT,CT,2
21210,Neutral-CoT,CT,1
21328,Neutral-CoT,CT,1
21399,Neutral-CoT,CT,1
21509,Neutral-CoT,CT,2
21544,Neutral-CoT,CT,2
21598,Neutral-CoT,CT,2
21599,Neutral-CoT,CT,1
21606,Neutral-CoT,CT,2
21608,Neutral-CoT,CT,2
21629,Neutral-CoT,CT,1
21630,Neutral-CoT,CT,2
21666,Neutral-CoT,CT,2
21691,Neutral-CoT,CT,1
21847,Neutral-CoT,CT,2
21910,Neutral-CoT,CT,1
21961,Neutral-CoT,CT,1
21976,Neutral-CoT,CT,1
21987,Neutral-CoT,CT,2
22043,Neutral-CoT,CT,2
22052,Neutral-CoT,CT,1
22065,Neutral-CoT,CT,1
22066,Neutral-CoT,CT,2
22090,Neutral-CoT,CT,1
22126,Neutral-CoT,CT,2
22166,Neutral-CoT,CT,2
22184,Neutral-CoT,CT,2
22189,Neutral-CoT,CT,2
22194,Neutral-CoT,CT,2
22266,Neutral-CoT,CT,1
22356,Neutral-CoT,CT,2
22467,Neutral-CoT,CT,2
22679,Neutral-CoT,CT,1
22707,Neutral-CoT,CT,2
22767,Neutral-CoT,CT,2
22770,Neutral-CoT,CT,1
22814,Neutral-CoT,CT,1
22819,Neutral-CoT,CT,2
22849,Neutral-CoT,CT,2
22966,Neutral-CoT,CT,2
23023,Neutral-CoT,CT,1
23052,Neutral-CoT,CT,1
23089,Neutral-CoT,CT,1
23103,Neutral-CoT,CT,2
23104,Neutral-CoT,CT,2
23128,Neutral-CoT,CT,1
23200,Neutral-CoT,CT,1
23322,Neutral-CoT,CT,1
23323,Neutral-CoT,CT,1
23415,Neutral-CoT,CT,2
23440,Neutral-CoT,CT,2
23453,Neutral-CoT,CT,2
23505,Neutral-CoT,CT,1
23514,Neutral-CoT,CT,2
23524,Neutral-CoT,CT,1
23530,Neutral-CoT,CT,2
23574,Neutral-CoT,CT,1
23584,Neutral-CoT,CT,1
23605,Neutral-CoT,CT,1
23620,Neutral-CoT,CT,2
23648,Neutral-CoT,CT,2
23699,Neutral-CoT,CT,2
23713,Neutral-CoT,CT,2
23779,Neutral-CoT,CT,1
23871,Neutral-CoT,CT,1
23873,Neutral-CoT,CT,1
23901,Neutral-CoT,CT,1
24026,Neutral-CoT,CT,1
24163,Neutral-CoT,CT,1
24174,Neutral-CoT,CT,2
24223,Neutral-CoT,CT,1
24260,Neutral-CoT,CT,2
24291,Neutral-CoT,CT,2
24304,Neutral-CoT,CT,1
24334,Neutral-CoT,CT,2
24405,Neutral-CoT,CT,2
24408,Neutral-CoT,CT,1
24500,Neutral-CoT,CT,2
24502,Neutral-CoT,CT,2
24541,Neutral-CoT,CT,2
24573,Neutral-CoT,CT,1
24577,Neutral-CoT,CT,1
24637,Neutral-CoT,CT,2
24673,Neutral-CoT,CT,2
24706,Neutral-CoT,CT,1
24740,Neutral-CoT,CT,2
24774,Neutral-CoT,CT,2
24836,Neutral-CoT,CT,1
24871,Neutral-CoT,CT,1
24902,Neutral-CoT,CT,2
24959,Neutral-CoT,CT,2
24975,Neutral-CoT,CT,1
24995,Neutral-CoT,CT,1
25038,Neutral-CoT,CT,1
25109,Neutral-CoT,CT,2
25137,Neutral-CoT,CT,1
25155,Neutral-CoT,CT,1
25239,Neutral-CoT,CT,2
25270,Neutral-CoT,CT,1
25302,Neutral-CoT,CT,2
25337,Neutral-CoT,CT,1
25348,Neutral-CoT,CT,1
25369,Neutral-CoT,CT,2
25416,Neutral-CoT,CT,1
25435,Neutral-CoT,CT,1
25447,Neutral-CoT,CT,1
25471,Neutral-CoT,CT,2
25523,Neutral-CoT,CT,2
25591,Neutral-CoT,CT,1
25650,Neutral-CoT,CT,1
25690,Neutral-CoT,CT,1
25698,Neutral-CoT,CT,2
25856,Neutral-CoT,CT,1
25868,Neutral-CoT,CT,1
25990,Neutral-CoT,CT,2
26032,Neutral-CoT,CT,1
26129,Neutral-CoT,CT,2
26161,Neutral-CoT,CT,1
26211,Neutral-CoT,CT,2
26287,Neutral-CoT,CT,2
26292,Neutral-CoT,CT,1
26302,Neutral-CoT,CT,1
26321,Neutral-CoT,CT,2
26337,Neutral-CoT,CT,1
26345,Neutral-CoT,CT,1
26480,Neutral-CoT,CT,2
26492,Neutral-CoT,CT,2
26528,Neutral-CoT,CT,1
26546,Neutral-CoT,CT,1
26556,Neutral-CoT,CT,1
26575,Neutral-CoT,CT,2
26678,Neutral-CoT,CT,2
26714,Neutral-CoT,CT,2
26831,Neutral-CoT,CT,1
26878,Neutral-CoT,CT,2
26995,Neutral-CoT,CT,1
27029,Neutral-CoT,CT,1
27088,Neutral-CoT,CT,1
27101,Neutral-CoT,CT,1
27271,Neutral-CoT,CT,1
27395,Neutral-CoT,CT,2
27431,Neutral-CoT,CT,2
27497,Neutral-CoT,CT,1
27524,Neutral-CoT,CT,2
27558,Neutral-CoT,CT,2
27610,Neutral-CoT,CT,1
27668,Neutral-CoT,CT,2
27688,Neutral-CoT,CT,2
27740,Neutral-CoT,CT,2
27828,Neutral-CoT,CT,2
27904,Neutral-CoT,CT,2
27910,Neutral-CoT,CT,2
27911,Neutral-CoT,CT,2
28011,Neutral-CoT,CT,2
28019,Neutral-CoT,CT,1
28051,Neutral-CoT,CT,2
28057,Neutral-CoT,CT,1
28067,Neutral-CoT,CT,2
28114,Neutral-CoT,CT,2
28222,Neutral-CoT,CT,2
28262,Neutral-CoT,CT,2
28271,Neutral-CoT,CT,1
28341,Neutral-CoT,CT,1
28365,Neutral-CoT,CT,2
28463,Neutral-CoT,CT,2
28490,Neutral-CoT,CT,2
28550,Neutral-CoT,CT,2
28574,Neutral-CoT,CT,2
28656,Neutral-CoT,CT,2
28674,Neutral-CoT,CT,2
28728,Neutral-CoT,CT,1
28789,Neutral-CoT,CT,2
28822,Neutral-CoT,CT,2
28963,Neutral-CoT,CT,1
29070,Neutral-CoT,CT,2
29105,Neutral-CoT,CT,2
29132,Neutral-CoT,CT,1
29144,Neutral-CoT,CT,1
29184,Neutral-CoT,CT,2
29243,Neutral-CoT,CT,2
29385,Neutral-CoT,CT,1
29417,Neutral-CoT,CT,2
29454,Neutral-CoT,CT,2
29465,Neutral-CoT,CT,1
29484,Neutral-CoT,CT,2
29629,Neutral-CoT,CT,1
29644,Neutral-CoT,CT,1
29679,Neutral-CoT,CT,1
29768,Neutral-CoT,CT,1
29880,Neutral-CoT,CT,1
29903,Neutral-CoT,CT,1
29912,Neutral-CoT,CT,1
29978,Neutral-CoT,CT,1
30052,Neutral-CoT,CT,1
30118,Neutral-CoT,CT,1
30137,Neutral-CoT,CT,2
30143,Neutral-CoT,CT,1
30180,Neutral-CoT,CT,1
30259,Neutral-CoT,CT,1
30273,Neutral-CoT,CT,2
30285,Neutral-CoT,CT,2
30328,Neutral-CoT,CT,1
30329,Neutral-CoT,CT,1
30336,Neutral-CoT,CT,2
30340,Neutral-CoT,CT,1
30352,Neutral-CoT,CT,2
30367,Neutral-CoT,CT,2
30457,Neutral-CoT,CT,2
30498,Neutral-CoT,CT,1
30514,Neutral-CoT,CT,1
30544,Neutral-CoT,CT,1
30637,Neutral-CoT,CT,1
30694,Neutral-CoT,CT,2
30701,Neutral-CoT,CT,2
30710,Neutral-CoT,CT,2
30794,Neutral-CoT,CT,2
30807,Neutral-CoT,CT,2
30825,Neutral-CoT,CT,2
30846,Neutral-CoT,CT,1
30856,Neutral-CoT,CT,2
30872,Neutral-CoT,CT,2
30880,Neutral-CoT,CT,1
30899,Neutral-CoT,CT,1
30922,Neutral-CoT,CT,2
30936,Neutral-CoT,CT,2
31029,Neutral-CoT,CT,1
31060,Neutral-CoT,CT,1
31081,Neutral-CoT,CT,2
31089,Neutral-CoT,CT,1
31128,Neutral-CoT,CT,2
31129,Neutral-CoT,CT,2
31138,Neutral-CoT,CT,1
31148,Neutral-CoT,CT,1
31247,Neutral-CoT,CT,1
31266,Neutral-CoT,CT,2
31350,Neutral-CoT,CT,2
31386,Neutral-CoT,CT,2
31483,Neutral-CoT,CT,2
31568,Neutral-CoT,CT,2
31597,Neutral-CoT,CT,1
31622,Neutral-CoT,CT,1
31628,Neutral-CoT,CT,1
31634,Neutral-CoT,CT,2
31665,Neutral-CoT,CT,1
31720,Neutral-CoT,CT,1
31728,Neutral-CoT,CT,1
31754,Neutral-CoT,CT,2
31907,Neutral-CoT,CT,2
32003,Neutral-CoT,CT,2
32090,Neutral-CoT,CT,1
32112,Neutral-CoT,CT,2
32116,Neutral-CoT,CT,2
32131,Neutral-CoT,CT,2
32167,Neutral-CoT,CT,2
32177,Neutral-CoT,CT,1
32263,Neutral-CoT,CT,2
32265,Neutral-CoT,CT,1
32323,Neutral-CoT,CT,2
32372,Neutral-CoT,CT,1
32463,Neutral-CoT,CT,2
32518,Neutral-CoT,CT,1
32572,Neutral-CoT,CT,2
32638,Neutral-CoT,CT,1
32679,Neutral-CoT,CT,1
32722,Neutral-CoT,CT,2
32747,Neutral-CoT,CT,1
32753,Neutral-CoT,CT,2
32785,Neutral-CoT,CT,1
32872,Neutral-CoT,CT,2
32894,Neutral-CoT,CT,2
32917,Neutral-CoT,CT,2
32963,Neutral-CoT,CT,1
32972,Neutral-CoT,CT,2
33026,Neutral-CoT,CT,1
33067,Neutral-CoT,CT,2
33126,Neutral-CoT,CT,2
33141,Neutral-CoT,CT,2
33154,Neutral-CoT,CT,1
33212,Neutral-CoT,CT,1
33262,Neutral-CoT,CT,2
33291,Neutral-CoT,CT,1
33322,Neutral-CoT,CT,2
33345,Neutral-CoT,CT,1
33409,Neutral-CoT,CT,2
33433,Neutral-CoT,CT,1
33470,Neutral-CoT,CT,1
33504,Neutral-CoT,CT,1
33532,Neutral-CoT,CT,1
33649,Neutral-CoT,CT,1
33743,Neutral-CoT,CT,2
33765,Neutral-CoT,CT,2
33780,Neutral-CoT,CT,1
33806,Neutral-CoT,CT,1
33808,Neutral-CoT,CT,2
33856,Neutral-CoT,CT,1
33859,Neutral-CoT,CT,2
33890,Neutral-CoT,CT,2
33940,Neutral-CoT,CT,1
33961,Neutral-CoT,CT,1
33962,Neutral-CoT,CT,2
33986,Neutral-CoT,CT,1
34029,Neutral-CoT,CT,2
34125,Neutral-CoT,CT,2
34143,Neutral-CoT,CT,2
34171,Neutral-CoT,CT,1
34215,Neutral-CoT,CT,2
34276,Neutral-CoT,CT,1
34332,Neutral-CoT,CT,2
34354,Neutral-CoT,CT,1
34404,Neutral-CoT,CT,2
34460,Neutral-CoT,CT,2
34500,Neutral-CoT,CT,1
34667,Neutral-CoT,CT,2
34714,Neutral-CoT,CT,2
34754,Neutral-CoT,CT,2
34812,Neutral-CoT,CT,2
34915,Neutral-CoT,CT,1
34918,Neutral-CoT,CT,2
34944,Neutral-CoT,CT,2
34983,Neutral-CoT,CT,2
35058,Neutral-CoT,CT,2
35064,Neutral-CoT,CT,1
35127,Neutral-CoT,CT,2
35156,Neutral-CoT,CT,2
35174,Neutral-CoT,CT,1
35191,Neutral-CoT,CT,2
35201,Neutral-CoT,CT,2
35204,Neutral-CoT,CT,2
35282,Neutral-CoT,CT,2
35287,Neutral-CoT,CT,1
35429,Neutral-CoT,CT,2
35467,Neutral-CoT,CT,1
35542,Neutral-CoT,CT,2
35564,Neutral-CoT,CT,2
35592,Neutral-CoT,CT,1
35643,Neutral-CoT,CT,2
35653,Neutral-CoT,CT,1
35715,Neutral-CoT,CT,2
35732,Neutral-CoT,CT,2
35738,Neutral-CoT,CT,2
35743,Neutral-CoT,CT,2
35871,Neutral-CoT,CT,2
35880,Neutral-CoT,CT,2
35907,Neutral-CoT,CT,2
35912,Neutral-CoT,CT,1
35918,Neutral-CoT,CT,2
35939,Neutral-CoT,CT,2
35991,Neutral-CoT,CT,2
36100,Neutral-CoT,CT,2
36117,Neutral-CoT,CT,1
36126,Neutral-CoT,CT,2
36186,Neutral-CoT,CT,2
36190,Neutral-CoT,CT,1
36199,Neutral-CoT,CT,2
36209,Neutral-CoT,CT,1
36223,Neutral-CoT,CT,2
36247,Neutral-CoT,CT,1
36341,Neutral-CoT,CT,2
36419,Neutral-CoT,CT,2
36434,Neutral-CoT,CT,2
36449,Neutral-CoT,CT,1
36482,Neutral-CoT,CT,2
36557,Neutral-CoT,CT,2
36686,Neutral-CoT,CT,2
36689,Neutral-CoT,CT,2
36734,Neutral-CoT,CT,1
36743,Neutral-CoT,CT,1
36812,Neutral-CoT,CT,2
36849,Neutral-CoT,CT,2
36960,Neutral-CoT,CT,2
36974,Neutral-CoT,CT,2
37006,Neutral-CoT,CT,2
37016,Neutral-CoT,CT,2
37020,Neutral-CoT,CT,1
37082,Neutral-CoT,CT,2
37114,Neutral-CoT,CT,1
37124,Neutral-CoT,CT,2
37184,Neutral-CoT,CT,1
37234,Neutral-CoT,CT,1
37245,Neutral-CoT,CT,1
37249,Neutral-CoT,CT,1
37258,Neutral-CoT,CT,2
37327,Neutral-CoT,CT,1
37367,Neutral-CoT,CT,2
37422,Neutral-CoT,CT,1
37432,Neutral-CoT,CT,2
37435,Neutral-CoT,CT,1
37490,Neutral-CoT,CT,1
37537,Neutral-CoT,CT,2
37542,Neutral-CoT,CT,2
37569,Neutral-CoT,CT,2
37608,Neutral-CoT,CT,1
37614,Neutral-CoT,CT,2
37617,Neutral-CoT,CT,2
37679,Neutral-CoT,CT,1
37723,Neutral-CoT,CT,2
37741,Neutral-CoT,CT,1
37743,Neutral-CoT,CT,2
37842,Neutral-CoT,CT,1
37843,Neutral-CoT,CT,1
37909,Neutral-CoT,CT,1
37955,Neutral-CoT,CT,1
38026,Neutral-CoT,CT,2
38068,Neutral-CoT,CT,2
38078,Neutral-CoT,CT,2
38093,Neutral-CoT,CT,2
38130,Neutral-CoT,CT,1
38144,Neutral-CoT,CT,1
38146,Neutral-CoT,CT,1
38166,Neutral-CoT,CT,1
38168,Neutral-CoT,CT,1
38191,Neutral-CoT,CT,2
38245,Neutral-CoT,CT,1
38267,Neutral-CoT,CT,2
38352,Neutral-CoT,CT,1
38363,Neutral-CoT,CT,2
38390,Neutral-CoT,CT,2
38395,Neutral-CoT,CT,1
38425,Neutral-CoT,CT,2
38485,Neutral-CoT,CT,1
38518,Neutral-CoT,CT,1
38530,Neutral-CoT,CT,1
38533,Neutral-CoT,CT,2
38554,Neutral-CoT,CT,1
38562,Neutral-CoT,CT,2
38593,Neutral-CoT,CT,2
38627,Neutral-CoT,CT,2
38630,Neutral-CoT,CT,1
38721,Neutral-CoT,CT,1
38773,Neutral-CoT,CT,2
38809,Neutral-CoT,CT,1
38811,Neutral-CoT,CT,1
38829,Neutral-CoT,CT,1
38858,Neutral-CoT,CT,1
38928,Neutral-CoT,CT,2
38947,Neutral-CoT,CT,1
39000,Neutral-CoT,CT,1
39152,Neutral-CoT,CT,1
39199,Neutral-CoT,CT,1
39321,Neutral-CoT,CT,1
39356,Neutral-CoT,CT,2
39388,Neutral-CoT,CT,2
39457,Neutral-CoT,CT,1
39466,Neutral-CoT,CT,1
39532,Neutral-CoT,CT,2
39553,Neutral-CoT,CT,2
39557,Neutral-CoT,CT,1
39630,Neutral-CoT,CT,1
39715,Neutral-CoT,CT,1
39795,Neutral-CoT,CT,2
39804,Neutral-CoT,CT,1
39833,Neutral-CoT,CT,2
39842,Neutral-CoT,CT,1
39855,Neutral-CoT,CT,1
39864,Neutral-CoT,CT,2
39884,Neutral-CoT,CT,2
40029,Neutral-CoT,CT,1
40068,Neutral-CoT,CT,1
40135,Neutral-CoT,CT,1
40145,Neutral-CoT,CT,2
40164,Neutral-CoT,CT,1
40169,Neutral-CoT,CT,1
40296,Neutral-CoT,CT,2
40352,Neutral-CoT,CT,2
40376,Neutral-CoT,CT,1
40497,Neutral-CoT,CT,2
40535,Neutral-CoT,CT,1
40542,Neutral-CoT,CT,2
40622,Neutral-CoT,CT,2
40625,Neutral-CoT,CT,2
40653,Neutral-CoT,CT,2
40762,Neutral-CoT,CT,1
40853,Neutral-CoT,CT,1
40855,Neutral-CoT,CT,2
40857,Neutral-CoT,CT,2
40920,Neutral-CoT,CT,1
40923,Neutral-CoT,CT,2
40969,Neutral-CoT,CT,1
40991,Neutral-CoT,CT,1
41001,Neutral-CoT,CT,2
41077,Neutral-CoT,CT,1
41103,Neutral-CoT,CT,2
41237,Neutral-CoT,CT,1
41239,Neutral-CoT,CT,1
41273,Neutral-CoT,CT,1
41368,Neutral-CoT,CT,1
41416,Neutral-CoT,CT,1
41457,Neutral-CoT,CT,2
41472,Neutral-CoT,CT,1
41581,Neutral-CoT,CT,2
41590,Neutral-CoT,CT,1
41636,Neutral-CoT,CT,1
41704,Neutral-CoT,CT,1
41829,Neutral-CoT,CT,1
41836,Neutral-CoT,CT,1
41906,Neutral-CoT,CT,2
41973,Neutral-CoT,CT,2
42040,Neutral-CoT,CT,1
42067,Neutral-CoT,CT,1
42086,Neutral-CoT,CT,2
42112,Neutral-CoT,CT,2
42166,Neutral-CoT,CT,2
42185,Neutral-CoT,CT,2
42228,Neutral-CoT,CT,2
42330,Neutral-CoT,CT,1
42335,Neutral-CoT,CT,2
42344,Neutral-CoT,CT,2
42391,Neutral-CoT,CT,2
42428,Neutral-CoT,CT,1
42468,Neutral-CoT,CT,2
42520,Neutral-CoT,CT,2
42521,Neutral-CoT,CT,1
42568,Neutral-CoT,CT,1
42572,Neutral-CoT,CT,2
42585,Neutral-CoT,CT,1
42609,Neutral-CoT,CT,2
42690,Neutral-CoT,CT,1
42714,Neutral-CoT,CT,2
42742,Neutral-CoT,CT,1
42860,Neutral-CoT,CT,2
42886,Neutral-CoT,CT,2
43042,Neutral-CoT,CT,1
43070,Neutral-CoT,CT,2
43164,Neutral-CoT,CT,2
43191,Neutral-CoT,CT,1
43285,Neutral-CoT,CT,1
43295,Neutral-CoT,CT,2
43350,Neutral-CoT,CT,2
43486,Neutral-CoT,CT,1
43526,Neutral-CoT,CT,2
43621,Neutral-CoT,CT,2
43668,Neutral-CoT,CT,2
43764,Neutral-CoT,CT,2
43800,Neutral-CoT,CT,1
43811,Neutral-CoT,CT,2
43878,Neutral-CoT,CT,1
44063,Neutral-CoT,CT,1
44064,Neutral-CoT,CT,2
44147,Neutral-CoT,CT,1
44167,Neutral-CoT,CT,2
44178,Neutral-CoT,CT,2
44313,Neutral-CoT,CT,2
44380,Neutral-CoT,CT,1
44400,Neutral-CoT,CT,2
44415,Neutral-CoT,CT,2
44430,Neutral-CoT,CT,2
44444,Neutral-CoT,CT,2
44458,Neutral-CoT,CT,2
44475,Neutral-CoT,CT,1
44479,Neutral-CoT,CT,2
44628,Neutral-CoT,CT,1
44682,Neutral-CoT,CT,1
44743,Neutral-CoT,CT,2
44812,Neutral-CoT,CT,2
44833,Neutral-CoT,CT,1
44841,Neutral-CoT,CT,1
44887,Neutral-CoT,CT,2
44967,Neutral-CoT,CT,1
45012,Neutral-CoT,CT,2
45024,Neutral-CoT,CT,1
45075,Neutral-CoT,CT,2
45117,Neutral-CoT,CT,2
45137,Neutral-CoT,CT,2
45175,Neutral-CoT,CT,2
45184,Neutral-CoT,CT,1
45190,Neutral-CoT,CT,1
45199,Neutral-CoT,CT,1
45289,Neutral-CoT,CT,1
45314,Neutral-CoT,CT,1
45337,Neutral-CoT,CT,1
45340,Neutral-CoT,CT,2
45390,Neutral-CoT,CT,2
45470,Neutral-CoT,CT,2
45492,Neutral-CoT,CT,1
45529,Neutral-CoT,CT,2
45544,Neutral-CoT,CT,2
45784,Neutral-CoT,CT,1
45800,Neutral-CoT,CT,2
45811,Neutral-CoT,CT,2
45837,Neutral-CoT,CT,1
45857,Neutral-CoT,CT,2
45893,Neutral-CoT,CT,2
45938,Neutral-CoT,CT,2
45983,Neutral-CoT,CT,2
45985,Neutral-CoT,CT,1
46026,Neutral-CoT,CT,2
46132,Neutral-CoT,CT,1
46147,Neutral-CoT,CT,1
46160,Neutral-CoT,CT,1
46218,Neutral-CoT,CT,2
46346,Neutral-CoT,CT,1
46372,Neutral-CoT,CT,2
46555,Neutral-CoT,CT,2
46569,Neutral-CoT,CT,2
46595,Neutral-CoT,CT,2
46674,Neutral-CoT,CT,1
46707,Neutral-CoT,CT,2
46710,Neutral-CoT,CT,2
46751,Neutral-CoT,CT,2
46756,Neutral-CoT,CT,1
46758,Neutral-CoT,CT,2
46810,Neutral-CoT,CT,2
46859,Neutral-CoT,CT,2
46880,Neutral-CoT,CT,1
46894,Neutral-CoT,CT,2
46969,Neutral-CoT,CT,2
47024,Neutral-CoT,CT,1
47060,Neutral-CoT,CT,2
47065,Neutral-CoT,CT,1
47097,Neutral-CoT,CT,1
47139,Neutral-CoT,CT,2
47169,Neutral-CoT,CT,2
47174,Neutral-CoT,CT,2
47216,Neutral-CoT,CT,2
47246,Neutral-CoT,CT,2
47249,Neutral-CoT,CT,2
47362,Neutral-CoT,CT,1
47371,Neutral-CoT,CT,1
47560,Neutral-CoT,CT,1
47603,Neutral-CoT,CT,1
47619,Neutral-CoT,CT,2
47865,Neutral-CoT,CT,2
47886,Neutral-CoT,CT,1
48180,Neutral-CoT,CT,2
48182,Neutral-CoT,CT,1
48217,Neutral-CoT,CT,2
48246,Neutral-CoT,CT,1
48295,Neutral-CoT,CT,2
48329,Neutral-CoT,CT,1
48352,Neutral-CoT,CT,1
48355,Neutral-CoT,CT,2
48359,Neutral-CoT,CT,1
48434,Neutral-CoT,CT,1
48441,Neutral-CoT,CT,2
48449,Neutral-CoT,CT,2
48506,Neutral-CoT,CT,2
48538,Neutral-CoT,CT,1
48541,Neutral-CoT,CT,1
48562,Neutral-CoT,CT,2
48563,Neutral-CoT,CT,2
48566,Neutral-CoT,CT,1
48587,Neutral-CoT,CT,1
48607,Neutral-CoT,CT,2
48618,Neutral-CoT,CT,1
48722,Neutral-CoT,CT,2
48728,Neutral-CoT,CT,1
48859,Neutral-CoT,CT,2
48898,Neutral-CoT,CT,1
48976,Neutral-CoT,CT,2
49004,Neutral-CoT,CT,1
49029,Neutral-CoT,CT,1
49047,Neutral-CoT,CT,1
49052,Neutral-CoT,CT,1
49095,Neutral-CoT,CT,1
49132,Neutral-CoT,CT,1
49146,Neutral-CoT,CT,1
49168,Neutral-CoT,CT,1
49189,Neutral-CoT,CT,1
49213,Neutral-CoT,CT,1
49228,Neutral-CoT,CT,1
49239,Neutral-CoT,CT,1
49242,Neutral-CoT,CT,2
49325,Neutral-CoT,CT,1
49400,Neutral-CoT,CT,2
49460,Neutral-CoT,CT,1
49700,Neutral-CoT,CT,1
49737,Neutral-CoT,CT,1
49765,Neutral-CoT,CT,2
49777,Neutral-CoT,CT,1
49804,Neutral-CoT,CT,2
49855,Neutral-CoT,CT,2
49870,Neutral-CoT,CT,2
49943,Neutral-CoT,CT,2
49950,Neutral-CoT,CT,2
49959,Neutral-CoT,CT,2
49971,Neutral-CoT,CT,1
55,Neutral-CoT,R1,1
107,Neutral-CoT,R1,2
176,Neutral-CoT,R1,1
283,Neutral-CoT,R1,2
284,Neutral-CoT,R1,2
287,Neutral-CoT,R1,1
310,Neutral-CoT,R1,2
337,Neutral-CoT,R1,2
379,Neutral-CoT,R1,2
393,Neutral-CoT,R1,2
405,Neutral-CoT,R1,2
423,Neutral-CoT,R1,2
450,Neutral-CoT,R1,2
504,Neutral-CoT,R1,2
545,Neutral-CoT,R1,1
626,Neutral-CoT,R1,2
715,Neutral-CoT,R1,2
722,Neutral-CoT,R1,1
793,Neutral-CoT,R1,2
804,Neutral-CoT,R1,1
813,Neutral-CoT,R1,2
856,Neutral-CoT,R1,2
893,Neutral-CoT,R1,2
922,Neutral-CoT,R1,1
1029,Neutral-CoT,R1,2
1057,Neutral-CoT,R1,2
1106,Neutral-CoT,R1,1
1176,Neutral-CoT,R1,2
1199,Neutral-CoT,R1,1
1200,Neutral-CoT,R1,2
1205,Neutral-CoT,R1,2
1227,Neutral-CoT,R1,2
1261,Neutral-CoT,R1,2
1290,Neutral-CoT,R1,1
1347,Neutral-CoT,R1,1
1352,Neutral-CoT,R1,2
1363,Neutral-CoT,R1,2
1421,Neutral-CoT,R1,1
1434,Neutral-CoT,R1,2
1481,Neutral-CoT,R1,1
1552,Neutral-CoT,R1,1
1573,Neutral-CoT,R1,1
1656,Neutral-CoT,R1,2
1687,Neutral-CoT,R1,1
1707,Neutral-CoT,R1,2
1733,Neutral-CoT,R1,2
1735,Neutral-CoT,R1,2
1755,Neutral-CoT,R1,2
1814,Neutral-CoT,R1,2
1819,Neutral-CoT,R1,2
1822,Neutral-CoT,R1,1
1823,Neutral-CoT,R1,1
1862,Neutral-CoT,R1,1
2004,Neutral-CoT,R1,2
2039,Neutral-CoT,R1,2
2055,Neutral-CoT,R1,1
2068,Neutral-CoT,R1,2
2081,Neutral-CoT,R1,1
2155,Neutral-CoT,R1,2
2170,Neutral-CoT,R1,1
2221,Neutral-CoT,R1,2
2288,Neutral-CoT,R1,2
2375,Neutral-CoT,R1,2
2379,Neutral-CoT,R1,1
2426,Neutral-CoT,R1,2
2584,Neutral-CoT,R1,2
2585,Neutral-CoT,R1,1
2599,Neutral-CoT,R1,2
2600,Neutral-CoT,R1,1
2732,Neutral-CoT,R1,2
2844,Neutral-CoT,R1,1
2891,Neutral-CoT,R1,2
2932,Neutral-CoT,R1,2
2983,Neutral-CoT,R1,1
3056,Neutral-CoT,R1,1
3081,Neutral-CoT,R1,1
3102,Neutral-CoT,R1,1
3191,Neutral-CoT,R1,1
3297,Neutral-CoT,R1,1
3363,Neutral-CoT,R1,1
3367,Neutral-CoT,R1,2
3385,Neutral-CoT,R1,1
3400,Neutral-CoT,R1,1
3418,Neutral-CoT,R1,2
3429,Neutral-CoT,R1,2
3440,Neutral-CoT,R1,1
3512,Neutral-CoT,R1,2
3524,Neutral-CoT,R1,1
3567,Neutral-CoT,R1,1
3631,Neutral-CoT,R1,2
3811,Neutral-CoT,R1,2
3824,Neutral-CoT,R1,1
3839,Neutral-CoT,R1,1
3867,Neutral-CoT,R1,1
3912,Neutral-CoT,R1,2
3929,Neutral-CoT,R1,2
3954,Neutral-CoT,R1,2
3971,Neutral-CoT,R1,2
3979,Neutral-CoT,R1,2
4011,Neutral-CoT,R1,2
4017,Neutral-CoT,R1,1
4066,Neutral-CoT,R1,2
4087,Neutral-CoT,R1,2
4153,Neutral-CoT,R1,2
4182,Neutral-CoT,R1,2
4187,Neutral-CoT,R1,1
4207,Neutral-CoT,R1,1
4211,Neutral-CoT,R1,1
4303,Neutral-CoT,R1,1
4314,Neutral-CoT,R1,1
4339,Neutral-CoT,R1,2
4348,Neutral-CoT,R1,2
4447,Neutral-CoT,R1,1
4462,Neutral-CoT,R1,1
4591,Neutral-CoT,R1,1
4624,Neutral-CoT,R1,2
4651,Neutral-CoT,R1,2
4652,Neutral-CoT,R1,1
4663,Neutral-CoT,R1,1
4706,Neutral-CoT,R1,2
4716,Neutral-CoT,R1,1
4744,Neutral-CoT,R1,2
4767,Neutral-CoT,R1,1
4795,Neutral-CoT,R1,1
4812,Neutral-CoT,R1,2
4827,Neutral-CoT,R1,2
4829,Neutral-CoT,R1,2
4851,Neutral-CoT,R1,2
4856,Neutral-CoT,R1,2
4865,Neutral-CoT,R1,2
4871,Neutral-CoT,R1,1
4927,Neutral-CoT,R1,2
4937,Neutral-CoT,R1,1
5009,Neutral-CoT,R1,1
5024,Neutral-CoT,R1,1
5070,Neutral-CoT,R1,1
5086,Neutral-CoT,R1,2
5105,Neutral-CoT,R1,2
5119,Neutral-CoT,R1,1
5120,Neutral-CoT,R1,2
5406,Neutral-CoT,R1,1
5424,Neutral-CoT,R1,2
5475,Neutral-CoT,R1,1
5499,Neutral-CoT,R1,1
5570,Neutral-CoT,R1,1
5586,Neutral-CoT,R1,1
5619,Neutral-CoT,R1,2
5651,Neutral-CoT,R1,1
5741,Neutral-CoT,R1,2
5797,Neutral-CoT,R1,2
5824,Neutral-CoT,R1,2
5829,Neutral-CoT,R1,1
5834,Neutral-CoT,R1,1
5906,Neutral-CoT,R1,2
5913,Neutral-CoT,R1,2
5957,Neutral-CoT,R1,2
5998,Neutral-CoT,R1,2
6010,Neutral-CoT,R1,2
6059,Neutral-CoT,R1,2
6111,Neutral-CoT,R1,1
6137,Neutral-CoT,R1,1
6156,Neutral-CoT,R1,1
6252,Neutral-CoT,R1,1
6253,Neutral-CoT,R1,2
6255,Neutral-CoT,R1,2
6295,Neutral-CoT,R1,1
6347,Neutral-CoT,R1,1
6374,Neutral-CoT,R1,1
6420,Neutral-CoT,R1,2
6452,Neutral-CoT,R1,1
6465,Neutral-CoT,R1,1
6484,Neutral-CoT,R1,2
6488,Neutral-CoT,R1,2
6519,Neutral-CoT,R1,2
6527,Neutral-CoT,R1,2
6595,Neutral-CoT,R1,1
6631,Neutral-CoT,R1,1
6692,Neutral-CoT,R1,1
6715,Neutral-CoT,R1,2
6728,Neutral-CoT,R1,1
6756,Neutral-CoT,R1,2
6812,Neutral-CoT,R1,1
6824,Neutral-CoT,R1,1
6826,Neutral-CoT,R1,1
6842,Neutral-CoT,R1,1
6867,Neutral-CoT,R1,1
6868,Neutral-CoT,R1,2
6899,Neutral-CoT,R1,2
6965,Neutral-CoT,R1,2
6977,Neutral-CoT,R1,2
6991,Neutral-CoT,R1,1
7001,Neutral-CoT,R1,2
7004,Neutral-CoT,R1,1
7042,Neutral-CoT,R1,2
7070,Neutral-CoT,R1,2
7096,Neutral-CoT,R1,1
7099,Neutral-CoT,R1,1
7194,Neutral-CoT,R1,2
7220,Neutral-CoT,R1,2
7235,Neutral-CoT,R1,2
7313,Neutral-CoT,R1,2
7387,Neutral-CoT,R1,1
7407,Neutral-CoT,R1,1
7430,Neutral-CoT,R1,2
7439,Neutral-CoT,R1,1
7451,Neutral-CoT,R1,2
7498,Neutral-CoT,R1,2
7550,Neutral-CoT,R1,1
7553,Neutral-CoT,R1,2
7555,Neutral-CoT,R1,1
7581,Neutral-CoT,R1,2
7599,Neutral-CoT,R1,2
7631,Neutral-CoT,R1,1
7654,Neutral-CoT,R1,1
7687,Neutral-CoT,R1,1
7723,Neutral-CoT,R1,1
7832,Neutral-CoT,R1,2
7887,Neutral-CoT,R1,1
7894,Neutral-CoT,R1,1
7915,Neutral-CoT,R1,2
7949,Neutral-CoT,R1,1
7966,Neutral-CoT,R1,1
7972,Neutral-CoT,R1,1
7992,Neutral-CoT,R1,2
8015,Neutral-CoT,R1,2
8033,Neutral-CoT,R1,1
8139,Neutral-CoT,R1,1
8217,Neutral-CoT,R1,2
8268,Neutral-CoT,R1,1
8339,Neutral-CoT,R1,1
8366,Neutral-CoT,R1,2
8444,Neutral-CoT,R1,1
8580,Neutral-CoT,R1,2
8614,Neutral-CoT,R1,1
8630,Neutral-CoT,R1,2
8637,Neutral-CoT,R1,2
8672,Neutral-CoT,R1,1
8816,Neutral-CoT,R1,2
8902,Neutral-CoT,R1,2
8923,Neutral-CoT,R1,2
8948,Neutral-CoT,R1,1
8993,Neutral-CoT,R1,1
9004,Neutral-CoT,R1,1
9089,Neutral-CoT,R1,2
9102,Neutral-CoT,R1,2
9120,Neutral-CoT,R1,2
9134,Neutral-CoT,R1,2
9246,Neutral-CoT,R1,2
9268,Neutral-CoT,R1,1
9324,Neutral-CoT,R1,1
9325,Neutral-CoT,R1,1
9349,Neutral-CoT,R1,2
9357,Neutral-CoT,R1,2
9417,Neutral-CoT,R1,1
9459,Neutral-CoT,R1,1
9465,Neutral-CoT,R1,1
9469,Neutral-CoT,R1,2
9485,Neutral-CoT,R1,2
9595,Neutral-CoT,R1,1
9632,Neutral-CoT,R1,2
9635,Neutral-CoT,R1,2
9677,Neutral-CoT,R1,2
9715,Neutral-CoT,R1,1
9724,Neutral-CoT,R1,2
9774,Neutral-CoT,R1,2
9796,Neutral-CoT,R1,1
9892,Neutral-CoT,R1,2
9899,Neutral-CoT,R1,1
9907,Neutral-CoT,R1,2
9934,Neutral-CoT,R1,1
9955,Neutral-CoT,R1,2
9987,Neutral-CoT,R1,1
10022,Neutral-CoT,R1,1
10156,Neutral-CoT,R1,1
10163,Neutral-CoT,R1,1
10174,Neutral-CoT,R1,1
10187,Neutral-CoT,R1,2
10189,Neutral-CoT,R1,2
10210,Neutral-CoT,R1,1
10301,Neutral-CoT,R1,2
10328,Neutral-CoT,R1,1
10330,Neutral-CoT,R1,2
10361,Neutral-CoT,R1,2
10375,Neutral-CoT,R1,1
10423,Neutral-CoT,R1,2
10434,Neutral-CoT,R1,1
10450,Neutral-CoT,R1,2
10566,Neutral-CoT,R1,2
10600,Neutral-CoT,R1,1
10610,Neutral-CoT,R1,2
10621,Neutral-CoT,R1,1
10626,Neutral-CoT,R1,2
10634,Neutral-CoT,R1,2
10713,Neutral-CoT,R1,1
10771,Neutral-CoT,R1,2
10803,Neutral-CoT,R1,2
10910,Neutral-CoT,R1,2
10954,Neutral-CoT,R1,2
10978,Neutral-CoT,R1,1
11024,Neutral-CoT,R1,2
11101,Neutral-CoT,R1,2
11102,Neutral-CoT,R1,1
11112,Neutral-CoT,R1,2
11120,Neutral-CoT,R1,2
11189,Neutral-CoT,R1,2
11241,Neutral-CoT,R1,2
11283,Neutral-CoT,R1,2
11511,Neutral-CoT,R1,2
11514,Neutral-CoT,R1,2
11523,Neutral-CoT,R1,2
11525,Neutral-CoT,R1,1
11553,Neutral-CoT,R1,1
11596,Neutral-CoT,R1,1
11603,Neutral-CoT,R1,2
11617,Neutral-CoT,R1,2
11630,Neutral-CoT,R1,1
11647,Neutral-CoT,R1,2
11742,Neutral-CoT,R1,2
11786,Neutral-CoT,R1,1
11850,Neutral-CoT,R1,2
11870,Neutral-CoT,R1,1
11874,Neutral-CoT,R1,1
11930,Neutral-CoT,R1,1
11935,Neutral-CoT,R1,2
11967,Neutral-CoT,R1,1
12012,Neutral-CoT,R1,2
12074,Neutral-CoT,R1,1
12143,Neutral-CoT,R1,1
12151,Neutral-CoT,R1,1
12153,Neutral-CoT,R1,1
12219,Neutral-CoT,R1,1
12271,Neutral-CoT,R1,2
12284,Neutral-CoT,R1,1
12285,Neutral-CoT,R1,1
12301,Neutral-CoT,R1,1
12305,Neutral-CoT,R1,2
12323,Neutral-CoT,R1,1
12429,Neutral-CoT,R1,2
12472,Neutral-CoT,R1,2
12486,Neutral-CoT,R1,2
12494,Neutral-CoT,R1,1
12627,Neutral-CoT,R1,2
12645,Neutral-CoT,R1,1
12732,Neutral-CoT,R1,1
12798,Neutral-CoT,R1,2
12830,Neutral-CoT,R1,2
12860,Neutral-CoT,R1,2
12896,Neutral-CoT,R1,1
12903,Neutral-CoT,R1,1
12926,Neutral-CoT,R1,2
12936,Neutral-CoT,R1,2
12948,Neutral-CoT,R1,2
12975,Neutral-CoT,R1,2
13035,Neutral-CoT,R1,1
13050,Neutral-CoT,R1,2
13061,Neutral-CoT,R1,1
13113,Neutral-CoT,R1,2
13115,Neutral-CoT,R1,2
13137,Neutral-CoT,R1,2
13200,Neutral-CoT,R1,1
13227,Neutral-CoT,R1,2
13300,Neutral-CoT,R1,2
13319,Neutral-CoT,R1,1
13334,Neutral-CoT,R1,1
13384,Neutral-CoT,R1,1
13400,Neutral-CoT,R1,2
13447,Neutral-CoT,R1,2
13469,Neutral-CoT,R1,2
13484,Neutral-CoT,R1,2
13518,Neutral-CoT,R1,2
13531,Neutral-CoT,R1,2
13726,Neutral-CoT,R1,2
13785,Neutral-CoT,R1,1
13843,Neutral-CoT,R1,2
13864,Neutral-CoT,R1,2
13874,Neutral-CoT,R1,1
13920,Neutral-CoT,R1,2
13996,Neutral-CoT,R1,2
14011,Neutral-CoT,R1,2
14047,Neutral-CoT,R1,2
14055,Neutral-CoT,R1,2
14074,Neutral-CoT,R1,2
14137,Neutral-CoT,R1,2
14139,Neutral-CoT,R1,2
14224,Neutral-CoT,R1,1
14259,Neutral-CoT,R1,1
14300,Neutral-CoT,R1,2
14325,Neutral-CoT,R1,1
14408,Neutral-CoT,R1,1
14410,Neutral-CoT,R1,1
14469,Neutral-CoT,R1,1
14488,Neutral-CoT,R1,1
14532,Neutral-CoT,R1,2
14550,Neutral-CoT,R1,2
14557,Neutral-CoT,R1,1
14581,Neutral-CoT,R1,2
14617,Neutral-CoT,R1,2
14759,Neutral-CoT,R1,2
14793,Neutral-CoT,R1,1
14796,Neutral-CoT,R1,2
14818,Neutral-CoT,R1,1
14845,Neutral-CoT,R1,2
14858,Neutral-CoT,R1,2
14868,Neutral-CoT,R1,1
14900,Neutral-CoT,R1,1
14932,Neutral-CoT,R1,2
14970,Neutral-CoT,R1,2
14988,Neutral-CoT,R1,2
15035,Neutral-CoT,R1,1
15066,Neutral-CoT,R1,2
15131,Neutral-CoT,R1,1
15133,Neutral-CoT,R1,2
15176,Neutral-CoT,R1,2
15189,Neutral-CoT,R1,1
15254,Neutral-CoT,R1,1
15290,Neutral-CoT,R1,1
15363,Neutral-CoT,R1,2
15452,Neutral-CoT,R1,2
15473,Neutral-CoT,R1,2
15535,Neutral-CoT,R1,2
15538,Neutral-CoT,R1,2
15555,Neutral-CoT,R1,1
15614,Neutral-CoT,R1,2
15620,Neutral-CoT,R1,2
15693,Neutral-CoT,R1,1
15721,Neutral-CoT,R1,2
15735,Neutral-CoT,R1,1
15770,Neutral-CoT,R1,2
15799,Neutral-CoT,R1,2
15810,Neutral-CoT,R1,2
15822,Neutral-CoT,R1,1
15883,Neutral-CoT,R1,1
15894,Neutral-CoT,R1,2
15938,Neutral-CoT,R1,1
15980,Neutral-CoT,R1,2
16011,Neutral-CoT,R1,1
16114,Neutral-CoT,R1,1
16120,Neutral-CoT,R1,1
16170,Neutral-CoT,R1,1
16174,Neutral-CoT,R1,1
16212,Neutral-CoT,R1,2
16213,Neutral-CoT,R1,1
16230,Neutral-CoT,R1,1
16264,Neutral-CoT,R1,1
16355,Neutral-CoT,R1,2
16398,Neutral-CoT,R1,1
16457,Neutral-CoT,R1,2
16521,Neutral-CoT,R1,2
16572,Neutral-CoT,R1,1
16600,Neutral-CoT,R1,1
16614,Neutral-CoT,R1,1
16642,Neutral-CoT,R1,1
16731,Neutral-CoT,R1,1
16801,Neutral-CoT,R1,2
16845,Neutral-CoT,R1,1
16858,Neutral-CoT,R1,2
16891,Neutral-CoT,R1,1
16977,Neutral-CoT,R1,1
17002,Neutral-CoT,R1,2
17048,Neutral-CoT,R1,1
17079,Neutral-CoT,R1,2
17082,Neutral-CoT,R1,2
17121,Neutral-CoT,R1,2
17165,Neutral-CoT,R1,2
17212,Neutral-CoT,R1,1
17227,Neutral-CoT,R1,1
17241,Neutral-CoT,R1,2
17280,Neutral-CoT,R1,1
17322,Neutral-CoT,R1,1
17355,Neutral-CoT,R1,2
17361,Neutral-CoT,R1,1
17364,Neutral-CoT,R1,2
17386,Neutral-CoT,R1,2
17423,Neutral-CoT,R1,2
17455,Neutral-CoT,R1,1
17475,Neutral-CoT,R1,1
17553,Neutral-CoT,R1,1
17585,Neutral-CoT,R1,2
17693,Neutral-CoT,R1,1
17744,Neutral-CoT,R1,2
17746,Neutral-CoT,R1,2
17792,Neutral-CoT,R1,1
17806,Neutral-CoT,R1,2
17877,Neutral-CoT,R1,1
17885,Neutral-CoT,R1,2
17914,Neutral-CoT,R1,1
17963,Neutral-CoT,R1,2
18223,Neutral-CoT,R1,2
18290,Neutral-CoT,R1,1
18337,Neutral-CoT,R1,1
18550,Neutral-CoT,R1,2
18553,Neutral-CoT,R1,2
18597,Neutral-CoT,R1,2
18613,Neutral-CoT,R1,2
18630,Neutral-CoT,R1,2
18631,Neutral-CoT,R1,1
18643,Neutral-CoT,R1,1
18652,Neutral-CoT,R1,1
18656,Neutral-CoT,R1,2
18670,Neutral-CoT,R1,1
18805,Neutral-CoT,R1,2
18806,Neutral-CoT,R1,1
18820,Neutral-CoT,R1,1
18839,Neutral-CoT,R1,2
18874,Neutral-CoT,R1,1
18886,Neutral-CoT,R1,1
18935,Neutral-CoT,R1,1
18961,Neutral-CoT,R1,2
18998,Neutral-CoT,R1,2
19036,Neutral-CoT,R1,2
19045,Neutral-CoT,R1,2
19164,Neutral-CoT,R1,1
19267,Neutral-CoT,R1,2
19295,Neutral-CoT,R1,1
19331,Neutral-CoT,R1,2
19341,Neutral-CoT,R1,1
19363,Neutral-CoT,R1,2
19383,Neutral-CoT,R1,1
19385,Neutral-CoT,R1,2
19395,Neutral-CoT,R1,2
19486,Neutral-CoT,R1,2
19496,Neutral-CoT,R1,2
19519,Neutral-CoT,R1,2
19532,Neutral-CoT,R1,1
19538,Neutral-CoT,R1,1
19593,Neutral-CoT,R1,2
19599,Neutral-CoT,R1,1
19643,Neutral-CoT,R1,1
19686,Neutral-CoT,R1,1
19738,Neutral-CoT,R1,1
19794,Neutral-CoT,R1,1
19811,Neutral-CoT,R1,1
19826,Neutral-CoT,R1,2
19830,Neutral-CoT,R1,2
19839,Neutral-CoT,R1,2
19854,Neutral-CoT,R1,2
19900,Neutral-CoT,R1,2
19915,Neutral-CoT,R1,1
19967,Neutral-CoT,R1,1
19968,Neutral-CoT,R1,2
20031,Neutral-CoT,R1,1
20184,Neutral-CoT,R1,1
20195,Neutral-CoT,R1,1
20270,Neutral-CoT,R1,1
20283,Neutral-CoT,R1,2
20299,Neutral-CoT,R1,2
20338,Neutral-CoT,R1,2
20380,Neutral-CoT,R1,2
20407,Neutral-CoT,R1,2
20420,Neutral-CoT,R1,1
20422,Neutral-CoT,R1,1
20431,Neutral-CoT,R1,1
20443,Neutral-CoT,R1,1
20446,Neutral-CoT,R1,2
20465,Neutral-CoT,R1,1
20467,Neutral-CoT,R1,1
20504,Neutral-CoT,R1,2
20528,Neutral-CoT,R1,1
20542,Neutral-CoT,R1,1
20666,Neutral-CoT,R1,1
20677,Neutral-CoT,R1,1
20685,Neutral-CoT,R1,2
20716,Neutral-CoT,R1,2
20839,Neutral-CoT,R1,2
20853,Neutral-CoT,R1,1
20869,Neutral-CoT,R1,2
20890,Neutral-CoT,R1,2
20895,Neutral-CoT,R1,1
20964,Neutral-CoT,R1,1
20971,Neutral-CoT,R1,2
21016,Neutral-CoT,R1,1
21051,Neutral-CoT,R1,2
21067,Neutral-CoT,R1,2
21074,Neutral-CoT,R1,1
21098,Neutral-CoT,R1,2
21130,Neutral-CoT,R1,2
21158,Neutral-CoT,R1,1
21165,Neutral-CoT,R1,1
21167,Neutral-CoT,R1,1
21173,Neutral-CoT,R1,1
21180,Neutral-CoT,R1,2
21203,Neutral-CoT,R1,2
21210,Neutral-CoT,R1,1
21328,Neutral-CoT,R1,1
21399,Neutral-CoT,R1,1
21509,Neutral-CoT,R1,2
21544,Neutral-CoT,R1,2
21598,Neutral-CoT,R1,2
21599,Neutral-CoT,R1,1
21606,Neutral-CoT,R1,2
21608,Neutral-CoT,R1,2
21629,Neutral-CoT,R1,1
21630,Neutral-CoT,R1,2
21666,Neutral-CoT,R1,2
21691,Neutral-CoT,R1,1
21847,Neutral-CoT,R1,2
21935,Neutral-CoT,R1,2
21976,Neutral-CoT,R1,1
21987,Neutral-CoT,R1,2
22043,Neutral-CoT,R1,2
22052,Neutral-CoT,R1,1
22065,Neutral-CoT,R1,1
22066,Neutral-CoT,R1,2
22126,Neutral-CoT,R1,2
22166,Neutral-CoT,R1,2
22184,Neutral-CoT,R1,2
22189,Neutral-CoT,R1,1
22194,Neutral-CoT,R1,2
22266,Neutral-CoT,R1,1
22314,Neutral-CoT,R1,2
22356,Neutral-CoT,R1,2
22467,Neutral-CoT,R1,2
22679,Neutral-CoT,R1,1
22707,Neutral-CoT,R1,2
22767,Neutral-CoT,R1,2
22770,Neutral-CoT,R1,1
22814,Neutral-CoT,R1,1
22819,Neutral-CoT,R1,2
22833,Neutral-CoT,R1,1
22849,Neutral-CoT,R1,2
22966,Neutral-CoT,R1,2
23023,Neutral-CoT,R1,1
23052,Neutral-CoT,R1,1
23089,Neutral-CoT,R1,1
23103,Neutral-CoT,R1,2
23104,Neutral-CoT,R1,2
23128,Neutral-CoT,R1,1
23200,Neutral-CoT,R1,1
23313,Neutral-CoT,R1,2
23322,Neutral-CoT,R1,1
23323,Neutral-CoT,R1,1
23404,Neutral-CoT,R1,2
23415,Neutral-CoT,R1,2
23440,Neutral-CoT,R1,2
23453,Neutral-CoT,R1,2
23505,Neutral-CoT,R1,1
23514,Neutral-CoT,R1,2
23524,Neutral-CoT,R1,1
23530,Neutral-CoT,R1,2
23574,Neutral-CoT,R1,1
23584,Neutral-CoT,R1,1
23605,Neutral-CoT,R1,1
23620,Neutral-CoT,R1,2
23648,Neutral-CoT,R1,2
23699,Neutral-CoT,R1,2
23713,Neutral-CoT,R1,2
23779,Neutral-CoT,R1,1
23871,Neutral-CoT,R1,1
23873,Neutral-CoT,R1,1
23901,Neutral-CoT,R1,1
24163,Neutral-CoT,R1,1
24174,Neutral-CoT,R1,2
24223,Neutral-CoT,R1,1
24291,Neutral-CoT,R1,2
24304,Neutral-CoT,R1,1
24334,Neutral-CoT,R1,2
24405,Neutral-CoT,R1,2
24408,Neutral-CoT,R1,1
24500,Neutral-CoT,R1,2
24502,Neutral-CoT,R1,2
24541,Neutral-CoT,R1,2
24573,Neutral-CoT,R1,1
24577,Neutral-CoT,R1,1
24637,Neutral-CoT,R1,2
24673,Neutral-CoT,R1,2
24706,Neutral-CoT,R1,1
24740,Neutral-CoT,R1,2
24774,Neutral-CoT,R1,2
24836,Neutral-CoT,R1,1
24871,Neutral-CoT,R1,2
24902,Neutral-CoT,R1,2
24959,Neutral-CoT,R1,2
24975,Neutral-CoT,R1,1
24995,Neutral-CoT,R1,1
25015,Neutral-CoT,R1,2
25038,Neutral-CoT,R1,1
25109,Neutral-CoT,R1,2
25137,Neutral-CoT,R1,1
25155,Neutral-CoT,R1,1
25239,Neutral-CoT,R1,2
25270,Neutral-CoT,R1,1
25302,Neutral-CoT,R1,2
25337,Neutral-CoT,R1,1
25348,Neutral-CoT,R1,1
25369,Neutral-CoT,R1,2
25380,Neutral-CoT,R1,1
25416,Neutral-CoT,R1,1
25435,Neutral-CoT,R1,1
25447,Neutral-CoT,R1,1
25448,Neutral-CoT,R1,2
25471,Neutral-CoT,R1,2
25523,Neutral-CoT,R1,2
25591,Neutral-CoT,R1,1
25650,Neutral-CoT,R1,1
25690,Neutral-CoT,R1,2
25698,Neutral-CoT,R1,2
25856,Neutral-CoT,R1,1
25868,Neutral-CoT,R1,1
25990,Neutral-CoT,R1,2
26032,Neutral-CoT,R1,1
26129,Neutral-CoT,R1,2
26161,Neutral-CoT,R1,2
26178,Neutral-CoT,R1,2
26211,Neutral-CoT,R1,2
26281,Neutral-CoT,R1,2
26287,Neutral-CoT,R1,2
26292,Neutral-CoT,R1,1
26302,Neutral-CoT,R1,1
26321,Neutral-CoT,R1,2
26337,Neutral-CoT,R1,1
26480,Neutral-CoT,R1,2
26492,Neutral-CoT,R1,2
26528,Neutral-CoT,R1,1
26556,Neutral-CoT,R1,1
26575,Neutral-CoT,R1,2
26678,Neutral-CoT,R1,2
26714,Neutral-CoT,R1,2
26831,Neutral-CoT,R1,1
26865,Neutral-CoT,R1,2
26878,Neutral-CoT,R1,2
26995,Neutral-CoT,R1,1
27029,Neutral-CoT,R1,1
27088,Neutral-CoT,R1,1
27101,Neutral-CoT,R1,1
27395,Neutral-CoT,R1,2
27431,Neutral-CoT,R1,2
27497,Neutral-CoT,R1,1
27524,Neutral-CoT,R1,2
27558,Neutral-CoT,R1,2
27610,Neutral-CoT,R1,2
27668,Neutral-CoT,R1,2
27688,Neutral-CoT,R1,2
27740,Neutral-CoT,R1,2
27786,Neutral-CoT,R1,2
27828,Neutral-CoT,R1,2
27904,Neutral-CoT,R1,2
27910,Neutral-CoT,R1,2
27911,Neutral-CoT,R1,2
28011,Neutral-CoT,R1,2
28019,Neutral-CoT,R1,1
28051,Neutral-CoT,R1,2
28057,Neutral-CoT,R1,2
28067,Neutral-CoT,R1,2
28114,Neutral-CoT,R1,2
28222,Neutral-CoT,R1,2
28262,Neutral-CoT,R1,2
28271,Neutral-CoT,R1,1
28339,Neutral-CoT,R1,1
28341,Neutral-CoT,R1,1
28365,Neutral-CoT,R1,2
28463,Neutral-CoT,R1,2
28490,Neutral-CoT,R1,1
28550,Neutral-CoT,R1,2
28574,Neutral-CoT,R1,2
28656,Neutral-CoT,R1,2
28674,Neutral-CoT,R1,2
28728,Neutral-CoT,R1,1
28789,Neutral-CoT,R1,2
28814,Neutral-CoT,R1,2
28822,Neutral-CoT,R1,2
28963,Neutral-CoT,R1,1
29070,Neutral-CoT,R1,2
29105,Neutral-CoT,R1,2
29132,Neutral-CoT,R1,1
29144,Neutral-CoT,R1,1
29243,Neutral-CoT,R1,2
29385,Neutral-CoT,R1,1
29417,Neutral-CoT,R1,2
29454,Neutral-CoT,R1,2
29465,Neutral-CoT,R1,2
29484,Neutral-CoT,R1,2
29629,Neutral-CoT,R1,1
29768,Neutral-CoT,R1,1
29880,Neutral-CoT,R1,1
29903,Neutral-CoT,R1,1
29912,Neutral-CoT,R1,1
29978,Neutral-CoT,R1,2
30052,Neutral-CoT,R1,1
30118,Neutral-CoT,R1,1
30131,Neutral-CoT,R1,2
30137,Neutral-CoT,R1,2
30143,Neutral-CoT,R1,1
30180,Neutral-CoT,R1,1
30259,Neutral-CoT,R1,1
30273,Neutral-CoT,R1,2
30285,Neutral-CoT,R1,2
30328,Neutral-CoT,R1,1
30329,Neutral-CoT,R1,1
30336,Neutral-CoT,R1,2
30340,Neutral-CoT,R1,1
30367,Neutral-CoT,R1,2
30498,Neutral-CoT,R1,1
30514,Neutral-CoT,R1,1
30544,Neutral-CoT,R1,1
30694,Neutral-CoT,R1,2
30701,Neutral-CoT,R1,2
30710,Neutral-CoT,R1,2
30794,Neutral-CoT,R1,2
30825,Neutral-CoT,R1,2
30846,Neutral-CoT,R1,1
30856,Neutral-CoT,R1,2
30872,Neutral-CoT,R1,2
30880,Neutral-CoT,R1,1
30899,Neutral-CoT,R1,1
30922,Neutral-CoT,R1,2
30936,Neutral-CoT,R1,2
31029,Neutral-CoT,R1,1
31060,Neutral-CoT,R1,1
31081,Neutral-CoT,R1,2
31089,Neutral-CoT,R1,1
31129,Neutral-CoT,R1,2
31138,Neutral-CoT,R1,1
31148,Neutral-CoT,R1,1
31247,Neutral-CoT,R1,1
31266,Neutral-CoT,R1,2
31350,Neutral-CoT,R1,2
31386,Neutral-CoT,R1,2
31483,Neutral-CoT,R1,2
31568,Neutral-CoT,R1,1
31597,Neutral-CoT,R1,1
31622,Neutral-CoT,R1,1
31628,Neutral-CoT,R1,1
31634,Neutral-CoT,R1,1
31665,Neutral-CoT,R1,1
31720,Neutral-CoT,R1,1
31728,Neutral-CoT,R1,1
31754,Neutral-CoT,R1,1
31883,Neutral-CoT,R1,2
31907,Neutral-CoT,R1,2
32003,Neutral-CoT,R1,2
32090,Neutral-CoT,R1,1
32112,Neutral-CoT,R1,2
32116,Neutral-CoT,R1,2
32131,Neutral-CoT,R1,2
32167,Neutral-CoT,R1,2
32177,Neutral-CoT,R1,2
32263,Neutral-CoT,R1,2
32265,Neutral-CoT,R1,1
32323,Neutral-CoT,R1,2
32372,Neutral-CoT,R1,1
32463,Neutral-CoT,R1,2
32518,Neutral-CoT,R1,1
32558,Neutral-CoT,R1,2
32572,Neutral-CoT,R1,2
32638,Neutral-CoT,R1,1
32679,Neutral-CoT,R1,1
32722,Neutral-CoT,R1,2
32747,Neutral-CoT,R1,1
32753,Neutral-CoT,R1,2
32785,Neutral-CoT,R1,1
32872,Neutral-CoT,R1,2
32894,Neutral-CoT,R1,1
32913,Neutral-CoT,R1,2
32963,Neutral-CoT,R1,1
32972,Neutral-CoT,R1,2
33067,Neutral-CoT,R1,2
33126,Neutral-CoT,R1,2
33141,Neutral-CoT,R1,2
33154,Neutral-CoT,R1,1
33212,Neutral-CoT,R1,1
33262,Neutral-CoT,R1,2
33291,Neutral-CoT,R1,2
33322,Neutral-CoT,R1,2
33409,Neutral-CoT,R1,2
33433,Neutral-CoT,R1,2
33470,Neutral-CoT,R1,1
33504,Neutral-CoT,R1,1
33509,Neutral-CoT,R1,1
33532,Neutral-CoT,R1,2
33618,Neutral-CoT,R1,2
33649,Neutral-CoT,R1,1
33743,Neutral-CoT,R1,2
33765,Neutral-CoT,R1,2
33780,Neutral-CoT,R1,1
33806,Neutral-CoT,R1,1
33808,Neutral-CoT,R1,2
33856,Neutral-CoT,R1,1
33859,Neutral-CoT,R1,2
33890,Neutral-CoT,R1,2
33936,Neutral-CoT,R1,2
33940,Neutral-CoT,R1,1
33961,Neutral-CoT,R1,1
33962,Neutral-CoT,R1,2
33986,Neutral-CoT,R1,1
34029,Neutral-CoT,R1,2
34084,Neutral-CoT,R1,1
34125,Neutral-CoT,R1,2
34143,Neutral-CoT,R1,2
34148,Neutral-CoT,R1,1
34171,Neutral-CoT,R1,1
34215,Neutral-CoT,R1,2
34276,Neutral-CoT,R1,1
34332,Neutral-CoT,R1,2
34404,Neutral-CoT,R1,2
34414,Neutral-CoT,R1,1
34456,Neutral-CoT,R1,2
34460,Neutral-CoT,R1,2
34500,Neutral-CoT,R1,1
34667,Neutral-CoT,R1,2
34714,Neutral-CoT,R1,2
34754,Neutral-CoT,R1,2
34812,Neutral-CoT,R1,2
34915,Neutral-CoT,R1,2
34918,Neutral-CoT,R1,2
34930,Neutral-CoT,R1,2
34944,Neutral-CoT,R1,2
34983,Neutral-CoT,R1,2
35058,Neutral-CoT,R1,2
35064,Neutral-CoT,R1,1
35127,Neutral-CoT,R1,2
35156,Neutral-CoT,R1,2
35174,Neutral-CoT,R1,1
35191,Neutral-CoT,R1,2
35201,Neutral-CoT,R1,2
35204,Neutral-CoT,R1,2
35282,Neutral-CoT,R1,2
35287,Neutral-CoT,R1,1
35429,Neutral-CoT,R1,2
35564,Neutral-CoT,R1,2
35592,Neutral-CoT,R1,1
35643,Neutral-CoT,R1,2
35653,Neutral-CoT,R1,1
35715,Neutral-CoT,R1,2
35732,Neutral-CoT,R1,2
35738,Neutral-CoT,R1,2
35743,Neutral-CoT,R1,2
35871,Neutral-CoT,R1,2
35880,Neutral-CoT,R1,2
35907,Neutral-CoT,R1,2
35912,Neutral-CoT,R1,1
35918,Neutral-CoT,R1,2
35939,Neutral-CoT,R1,2
35991,Neutral-CoT,R1,2
36100,Neutral-CoT,R1,2
36117,Neutral-CoT,R1,1
36126,Neutral-CoT,R1,2
36186,Neutral-CoT,R1,2
36190,Neutral-CoT,R1,1
36199,Neutral-CoT,R1,2
36209,Neutral-CoT,R1,1
36223,Neutral-CoT,R1,2
36247,Neutral-CoT,R1,1
36341,Neutral-CoT,R1,2
36419,Neutral-CoT,R1,2
36434,Neutral-CoT,R1,2
36449,Neutral-CoT,R1,1
36482,Neutral-CoT,R1,2
36557,Neutral-CoT,R1,2
36686,Neutral-CoT,R1,2
36734,Neutral-CoT,R1,1
36743,Neutral-CoT,R1,1
36767,Neutral-CoT,R1,2
36812,Neutral-CoT,R1,2
36819,Neutral-CoT,R1,2
36849,Neutral-CoT,R1,2
36960,Neutral-CoT,R1,2
36974,Neutral-CoT,R1,2
37006,Neutral-CoT,R1,2
37016,Neutral-CoT,R1,2
37020,Neutral-CoT,R1,1
37082,Neutral-CoT,R1,2
37102,Neutral-CoT,R1,2
37114,Neutral-CoT,R1,2
37124,Neutral-CoT,R1,2
37234,Neutral-CoT,R1,1
37245,Neutral-CoT,R1,1
37249,Neutral-CoT,R1,1
37258,Neutral-CoT,R1,2
37367,Neutral-CoT,R1,2
37422,Neutral-CoT,R1,1
37432,Neutral-CoT,R1,2
37435,Neutral-CoT,R1,1
37490,Neutral-CoT,R1,1
37537,Neutral-CoT,R1,2
37542,Neutral-CoT,R1,1
37569,Neutral-CoT,R1,2
37614,Neutral-CoT,R1,2
37617,Neutral-CoT,R1,2
37679,Neutral-CoT,R1,1
37723,Neutral-CoT,R1,2
37725,Neutral-CoT,R1,2
37741,Neutral-CoT,R1,2
37743,Neutral-CoT,R1,2
37842,Neutral-CoT,R1,1
37909,Neutral-CoT,R1,1
37955,Neutral-CoT,R1,1
38026,Neutral-CoT,R1,2
38068,Neutral-CoT,R1,2
38078,Neutral-CoT,R1,2
38130,Neutral-CoT,R1,1
38144,Neutral-CoT,R1,1
38146,Neutral-CoT,R1,1
38166,Neutral-CoT,R1,1
38168,Neutral-CoT,R1,1
38191,Neutral-CoT,R1,2
38245,Neutral-CoT,R1,1
38267,Neutral-CoT,R1,2
38352,Neutral-CoT,R1,1
38363,Neutral-CoT,R1,2
38395,Neutral-CoT,R1,1
38425,Neutral-CoT,R1,2
38485,Neutral-CoT,R1,1
38518,Neutral-CoT,R1,1
38530,Neutral-CoT,R1,1
38533,Neutral-CoT,R1,2
38554,Neutral-CoT,R1,2
38562,Neutral-CoT,R1,2
38593,Neutral-CoT,R1,2
38627,Neutral-CoT,R1,2
38721,Neutral-CoT,R1,1
38773,Neutral-CoT,R1,2
38802,Neutral-CoT,R1,2
38809,Neutral-CoT,R1,1
38811,Neutral-CoT,R1,2
38829,Neutral-CoT,R1,1
38920,Neutral-CoT,R1,2
38928,Neutral-CoT,R1,2
38947,Neutral-CoT,R1,1
39000,Neutral-CoT,R1,1
39152,Neutral-CoT,R1,1
39199,Neutral-CoT,R1,1
39321,Neutral-CoT,R1,1
39356,Neutral-CoT,R1,2
39388,Neutral-CoT,R1,2
39457,Neutral-CoT,R1,1
39532,Neutral-CoT,R1,2
39553,Neutral-CoT,R1,2
39557,Neutral-CoT,R1,1
39715,Neutral-CoT,R1,1
39795,Neutral-CoT,R1,2
39804,Neutral-CoT,R1,1
39833,Neutral-CoT,R1,2
39842,Neutral-CoT,R1,1
39864,Neutral-CoT,R1,2
39884,Neutral-CoT,R1,2
39918,Neutral-CoT,R1,2
40029,Neutral-CoT,R1,1
40068,Neutral-CoT,R1,1
40135,Neutral-CoT,R1,1
40145,Neutral-CoT,R1,2
40164,Neutral-CoT,R1,1
40296,Neutral-CoT,R1,2
40376,Neutral-CoT,R1,1
40497,Neutral-CoT,R1,2
40535,Neutral-CoT,R1,1
40542,Neutral-CoT,R1,2
40622,Neutral-CoT,R1,2
40625,Neutral-CoT,R1,2
40653,Neutral-CoT,R1,2
40762,Neutral-CoT,R1,1
40853,Neutral-CoT,R1,1
40855,Neutral-CoT,R1,2
40857,Neutral-CoT,R1,2
40920,Neutral-CoT,R1,2
40923,Neutral-CoT,R1,2
40969,Neutral-CoT,R1,1
40991,Neutral-CoT,R1,1
41001,Neutral-CoT,R1,2
41077,Neutral-CoT,R1,1
41103,Neutral-CoT,R1,2
41152,Neutral-CoT,R1,2
41237,Neutral-CoT,R1,1
41239,Neutral-CoT,R1,1
41273,Neutral-CoT,R1,1
41368,Neutral-CoT,R1,1
41416,Neutral-CoT,R1,1
41457,Neutral-CoT,R1,1
41472,Neutral-CoT,R1,1
41514,Neutral-CoT,R1,2
41581,Neutral-CoT,R1,2
41590,Neutral-CoT,R1,1
41607,Neutral-CoT,R1,1
41636,Neutral-CoT,R1,1
41704,Neutral-CoT,R1,1
41836,Neutral-CoT,R1,1
41906,Neutral-CoT,R1,2
41973,Neutral-CoT,R1,2
42006,Neutral-CoT,R1,2
42040,Neutral-CoT,R1,1
42067,Neutral-CoT,R1,1
42086,Neutral-CoT,R1,2
42112,Neutral-CoT,R1,2
42166,Neutral-CoT,R1,2
42185,Neutral-CoT,R1,2
42228,Neutral-CoT,R1,2
42330,Neutral-CoT,R1,1
42335,Neutral-CoT,R1,2
42344,Neutral-CoT,R1,2
42391,Neutral-CoT,R1,2
42468,Neutral-CoT,R1,2
42520,Neutral-CoT,R1,2
42521,Neutral-CoT,R1,1
42568,Neutral-CoT,R1,1
42572,Neutral-CoT,R1,2
42585,Neutral-CoT,R1,1
42609,Neutral-CoT,R1,2
42714,Neutral-CoT,R1,2
42742,Neutral-CoT,R1,1
42860,Neutral-CoT,R1,2
42886,Neutral-CoT,R1,2
42922,Neutral-CoT,R1,2
43042,Neutral-CoT,R1,1
43070,Neutral-CoT,R1,2
43113,Neutral-CoT,R1,1
43191,Neutral-CoT,R1,1
43285,Neutral-CoT,R1,1
43295,Neutral-CoT,R1,2
43350,Neutral-CoT,R1,2
43486,Neutral-CoT,R1,1
43526,Neutral-CoT,R1,2
43621,Neutral-CoT,R1,2
43668,Neutral-CoT,R1,2
43764,Neutral-CoT,R1,2
43811,Neutral-CoT,R1,2
43878,Neutral-CoT,R1,1
44063,Neutral-CoT,R1,2
44064,Neutral-CoT,R1,2
44147,Neutral-CoT,R1,2
44167,Neutral-CoT,R1,2
44178,Neutral-CoT,R1,2
44313,Neutral-CoT,R1,2
44380,Neutral-CoT,R1,1
44400,Neutral-CoT,R1,2
44415,Neutral-CoT,R1,2
44430,Neutral-CoT,R1,2
44444,Neutral-CoT,R1,2
44458,Neutral-CoT,R1,2
44475,Neutral-CoT,R1,2
44479,Neutral-CoT,R1,2
44628,Neutral-CoT,R1,1
44682,Neutral-CoT,R1,1
44812,Neutral-CoT,R1,2
44833,Neutral-CoT,R1,1
44841,Neutral-CoT,R1,1
44887,Neutral-CoT,R1,2
44967,Neutral-CoT,R1,1
45012,Neutral-CoT,R1,2
45024,Neutral-CoT,R1,1
45075,Neutral-CoT,R1,2
45117,Neutral-CoT,R1,2
45137,Neutral-CoT,R1,2
45175,Neutral-CoT,R1,2
45184,Neutral-CoT,R1,1
45190,Neutral-CoT,R1,1
45199,Neutral-CoT,R1,1
45289,Neutral-CoT,R1,1
45337,Neutral-CoT,R1,1
45340,Neutral-CoT,R1,2
45390,Neutral-CoT,R1,2
45424,Neutral-CoT,R1,2
45470,Neutral-CoT,R1,2
45492,Neutral-CoT,R1,1
45529,Neutral-CoT,R1,2
45544,Neutral-CoT,R1,2
45784,Neutral-CoT,R1,1
45800,Neutral-CoT,R1,2
45811,Neutral-CoT,R1,2
45837,Neutral-CoT,R1,1
45857,Neutral-CoT,R1,2
45893,Neutral-CoT,R1,2
45919,Neutral-CoT,R1,1
45938,Neutral-CoT,R1,2
45983,Neutral-CoT,R1,2
45985,Neutral-CoT,R1,1
46026,Neutral-CoT,R1,2
46132,Neutral-CoT,R1,1
46147,Neutral-CoT,R1,1
46160,Neutral-CoT,R1,1
46218,Neutral-CoT,R1,1
46346,Neutral-CoT,R1,1
46372,Neutral-CoT,R1,2
46555,Neutral-CoT,R1,2
46569,Neutral-CoT,R1,2
46595,Neutral-CoT,R1,2
46674,Neutral-CoT,R1,1
46707,Neutral-CoT,R1,2
46710,Neutral-CoT,R1,2
46751,Neutral-CoT,R1,2
46756,Neutral-CoT,R1,1
46758,Neutral-CoT,R1,2
46810,Neutral-CoT,R1,2
46859,Neutral-CoT,R1,2
46880,Neutral-CoT,R1,1
46894,Neutral-CoT,R1,2
46969,Neutral-CoT,R1,2
47024,Neutral-CoT,R1,2
47060,Neutral-CoT,R1,2
47065,Neutral-CoT,R1,1
47097,Neutral-CoT,R1,1
47139,Neutral-CoT,R1,2
47169,Neutral-CoT,R1,2
47174,Neutral-CoT,R1,2
47216,Neutral-CoT,R1,2
47246,Neutral-CoT,R1,2
47249,Neutral-CoT,R1,2
47362,Neutral-CoT,R1,1
47371,Neutral-CoT,R1,1
47560,Neutral-CoT,R1,1
47619,Neutral-CoT,R1,2
47865,Neutral-CoT,R1,2
48180,Neutral-CoT,R1,2
48182,Neutral-CoT,R1,1
48217,Neutral-CoT,R1,2
48246,Neutral-CoT,R1,1
48295,Neutral-CoT,R1,2
48329,Neutral-CoT,R1,1
48352,Neutral-CoT,R1,1
48355,Neutral-CoT,R1,2
48359,Neutral-CoT,R1,1
48434,Neutral-CoT,R1,2
48441,Neutral-CoT,R1,2
48449,Neutral-CoT,R1,2
48506,Neutral-CoT,R1,2
48538,Neutral-CoT,R1,2
48541,Neutral-CoT,R1,1
48562,Neutral-CoT,R1,2
48563,Neutral-CoT,R1,2
48587,Neutral-CoT,R1,1
48607,Neutral-CoT,R1,2
48618,Neutral-CoT,R1,1
48728,Neutral-CoT,R1,1
48859,Neutral-CoT,R1,2
48898,Neutral-CoT,R1,1
48976,Neutral-CoT,R1,2
49004,Neutral-CoT,R1,1
49029,Neutral-CoT,R1,1
49047,Neutral-CoT,R1,1
49052,Neutral-CoT,R1,1
49095,Neutral-CoT,R1,1
49132,Neutral-CoT,R1,1
49146,Neutral-CoT,R1,1
49168,Neutral-CoT,R1,2
49182,Neutral-CoT,R1,2
49189,Neutral-CoT,R1,1
49213,Neutral-CoT,R1,1
49228,Neutral-CoT,R1,1
49239,Neutral-CoT,R1,1
49242,Neutral-CoT,R1,2
49325,Neutral-CoT,R1,1
49400,Neutral-CoT,R1,2
49460,Neutral-CoT,R1,1
49700,Neutral-CoT,R1,1
49737,Neutral-CoT,R1,1
49765,Neutral-CoT,R1,2
49777,Neutral-CoT,R1,2
49804,Neutral-CoT,R1,2
49855,Neutral-CoT,R1,2
49870,Neutral-CoT,R1,2
49943,Neutral-CoT,R1,2
49950,Neutral-CoT,R1,2
49959,Neutral-CoT,R1,2
49971,Neutral-CoT,R1,1
55,Neutral-CoT,V3,1
107,Neutral-CoT,V3,2
176,Neutral-CoT,V3,1
257,Neutral-CoT,V3,1
283,Neutral-CoT,V3,2
284,Neutral-CoT,V3,2
287,Neutral-CoT,V3,1
310,Neutral-CoT,V3,2
337,Neutral-CoT,V3,2
379,Neutral-CoT,V3,2
393,Neutral-CoT,V3,2
405,Neutral-CoT,V3,2
423,Neutral-CoT,V3,2
450,Neutral-CoT,V3,2
504,Neutral-CoT,V3,2
525,Neutral-CoT,V3,2
545,Neutral-CoT,V3,1
626,Neutral-CoT,V3,2
715,Neutral-CoT,V3,2
722,Neutral-CoT,V3,1
793,Neutral-CoT,V3,2
804,Neutral-CoT,V3,2
856,Neutral-CoT,V3,2
893,Neutral-CoT,V3,2
922,Neutral-CoT,V3,1
1029,Neutral-CoT,V3,2
1057,Neutral-CoT,V3,1
1106,Neutral-CoT,V3,1
1199,Neutral-CoT,V3,1
1200,Neutral-CoT,V3,2
1205,Neutral-CoT,V3,2
1227,Neutral-CoT,V3,2
1261,Neutral-CoT,V3,2
1285,Neutral-CoT,V3,1
1290,Neutral-CoT,V3,1
1347,Neutral-CoT,V3,1
1352,Neutral-CoT,V3,2
1363,Neutral-CoT,V3,2
1421,Neutral-CoT,V3,1
1481,Neutral-CoT,V3,1
1545,Neutral-CoT,V3,1
1552,Neutral-CoT,V3,1
1573,Neutral-CoT,V3,1
1656,Neutral-CoT,V3,2
1687,Neutral-CoT,V3,1
1707,Neutral-CoT,V3,2
1735,Neutral-CoT,V3,2
1755,Neutral-CoT,V3,2
1814,Neutral-CoT,V3,2
1819,Neutral-CoT,V3,2
1822,Neutral-CoT,V3,1
1823,Neutral-CoT,V3,1
1862,Neutral-CoT,V3,1
2004,Neutral-CoT,V3,2
2039,Neutral-CoT,V3,2
2055,Neutral-CoT,V3,1
2068,Neutral-CoT,V3,2
2081,Neutral-CoT,V3,1
2155,Neutral-CoT,V3,2
2170,Neutral-CoT,V3,1
2221,Neutral-CoT,V3,2
2288,Neutral-CoT,V3,2
2375,Neutral-CoT,V3,2
2379,Neutral-CoT,V3,1
2408,Neutral-CoT,V3,2
2426,Neutral-CoT,V3,2
2584,Neutral-CoT,V3,2
2585,Neutral-CoT,V3,1
2599,Neutral-CoT,V3,2
2600,Neutral-CoT,V3,1
2732,Neutral-CoT,V3,2
2844,Neutral-CoT,V3,1
2891,Neutral-CoT,V3,2
2932,Neutral-CoT,V3,2
2983,Neutral-CoT,V3,1
3056,Neutral-CoT,V3,1
3102,Neutral-CoT,V3,1
3191,Neutral-CoT,V3,1
3230,Neutral-CoT,V3,2
3297,Neutral-CoT,V3,1
3363,Neutral-CoT,V3,1
3367,Neutral-CoT,V3,2
3385,Neutral-CoT,V3,1
3400,Neutral-CoT,V3,1
3418,Neutral-CoT,V3,1
3429,Neutral-CoT,V3,2
3440,Neutral-CoT,V3,1
3512,Neutral-CoT,V3,2
3524,Neutral-CoT,V3,1
3567,Neutral-CoT,V3,1
3631,Neutral-CoT,V3,2
3811,Neutral-CoT,V3,1
3824,Neutral-CoT,V3,1
3839,Neutral-CoT,V3,1
3867,Neutral-CoT,V3,1
3868,Neutral-CoT,V3,1
3929,Neutral-CoT,V3,2
3954,Neutral-CoT,V3,2
3971,Neutral-CoT,V3,2
3979,Neutral-CoT,V3,2
4011,Neutral-CoT,V3,2
4017,Neutral-CoT,V3,1
4066,Neutral-CoT,V3,2
4087,Neutral-CoT,V3,2
4153,Neutral-CoT,V3,2
4182,Neutral-CoT,V3,2
4187,Neutral-CoT,V3,1
4207,Neutral-CoT,V3,1
4211,Neutral-CoT,V3,1
4303,Neutral-CoT,V3,1
4314,Neutral-CoT,V3,1
4339,Neutral-CoT,V3,2
4348,Neutral-CoT,V3,2
4447,Neutral-CoT,V3,1
4462,Neutral-CoT,V3,1
4591,Neutral-CoT,V3,1
4624,Neutral-CoT,V3,2
4651,Neutral-CoT,V3,2
4652,Neutral-CoT,V3,1
4663,Neutral-CoT,V3,1
4706,Neutral-CoT,V3,2
4716,Neutral-CoT,V3,1
4744,Neutral-CoT,V3,2
4767,Neutral-CoT,V3,1
4795,Neutral-CoT,V3,1
4812,Neutral-CoT,V3,2
4827,Neutral-CoT,V3,2
4829,Neutral-CoT,V3,2
4851,Neutral-CoT,V3,2
4856,Neutral-CoT,V3,2
4865,Neutral-CoT,V3,2
4871,Neutral-CoT,V3,1
4927,Neutral-CoT,V3,2
4937,Neutral-CoT,V3,1
5006,Neutral-CoT,V3,1
5009,Neutral-CoT,V3,1
5024,Neutral-CoT,V3,1
5070,Neutral-CoT,V3,1
5086,Neutral-CoT,V3,2
5105,Neutral-CoT,V3,2
5119,Neutral-CoT,V3,1
5120,Neutral-CoT,V3,2
5159,Neutral-CoT,V3,2
5406,Neutral-CoT,V3,1
5424,Neutral-CoT,V3,2
5475,Neutral-CoT,V3,1
5499,Neutral-CoT,V3,1
5570,Neutral-CoT,V3,1
5586,Neutral-CoT,V3,1
5619,Neutral-CoT,V3,2
5651,Neutral-CoT,V3,1
5797,Neutral-CoT,V3,2
5824,Neutral-CoT,V3,2
5829,Neutral-CoT,V3,1
5834,Neutral-CoT,V3,1
5906,Neutral-CoT,V3,2
5913,Neutral-CoT,V3,2
5938,Neutral-CoT,V3,1
5957,Neutral-CoT,V3,2
5998,Neutral-CoT,V3,2
6010,Neutral-CoT,V3,2
6059,Neutral-CoT,V3,2
6111,Neutral-CoT,V3,1
6137,Neutral-CoT,V3,1
6156,Neutral-CoT,V3,1
6252,Neutral-CoT,V3,1
6253,Neutral-CoT,V3,2
6255,Neutral-CoT,V3,2
6295,Neutral-CoT,V3,1
6347,Neutral-CoT,V3,1
6374,Neutral-CoT,V3,1
6452,Neutral-CoT,V3,1
6465,Neutral-CoT,V3,1
6484,Neutral-CoT,V3,2
6519,Neutral-CoT,V3,2
6527,Neutral-CoT,V3,2
6595,Neutral-CoT,V3,1
6631,Neutral-CoT,V3,1
6692,Neutral-CoT,V3,1
6715,Neutral-CoT,V3,2
6728,Neutral-CoT,V3,1
6756,Neutral-CoT,V3,2
6812,Neutral-CoT,V3,1
6824,Neutral-CoT,V3,1
6826,Neutral-CoT,V3,1
6842,Neutral-CoT,V3,1
6867,Neutral-CoT,V3,1
6868,Neutral-CoT,V3,2
6899,Neutral-CoT,V3,2
6965,Neutral-CoT,V3,2
6977,Neutral-CoT,V3,2
6991,Neutral-CoT,V3,1
7001,Neutral-CoT,V3,2
7004,Neutral-CoT,V3,1
7070,Neutral-CoT,V3,2
7096,Neutral-CoT,V3,1
7099,Neutral-CoT,V3,1
7194,Neutral-CoT,V3,2
7220,Neutral-CoT,V3,2
7235,Neutral-CoT,V3,2
7313,Neutral-CoT,V3,2
7387,Neutral-CoT,V3,1
7407,Neutral-CoT,V3,1
7430,Neutral-CoT,V3,2
7439,Neutral-CoT,V3,1
7451,Neutral-CoT,V3,2
7498,Neutral-CoT,V3,2
7550,Neutral-CoT,V3,1
7553,Neutral-CoT,V3,2
7555,Neutral-CoT,V3,1
7581,Neutral-CoT,V3,2
7599,Neutral-CoT,V3,2
7654,Neutral-CoT,V3,1
7687,Neutral-CoT,V3,1
7723,Neutral-CoT,V3,1
7756,Neutral-CoT,V3,2
7832,Neutral-CoT,V3,2
7887,Neutral-CoT,V3,1
7894,Neutral-CoT,V3,1
7915,Neutral-CoT,V3,2
7949,Neutral-CoT,V3,2
7966,Neutral-CoT,V3,1
7972,Neutral-CoT,V3,1
8015,Neutral-CoT,V3,2
8033,Neutral-CoT,V3,1
8139,Neutral-CoT,V3,1
8217,Neutral-CoT,V3,2
8268,Neutral-CoT,V3,1
8339,Neutral-CoT,V3,1
8366,Neutral-CoT,V3,2
8444,Neutral-CoT,V3,1
8580,Neutral-CoT,V3,2
8614,Neutral-CoT,V3,1
8630,Neutral-CoT,V3,2
8637,Neutral-CoT,V3,1
8672,Neutral-CoT,V3,1
8800,Neutral-CoT,V3,1
8816,Neutral-CoT,V3,2
8902,Neutral-CoT,V3,2
8923,Neutral-CoT,V3,2
8948,Neutral-CoT,V3,1
8993,Neutral-CoT,V3,1
9004,Neutral-CoT,V3,1
9089,Neutral-CoT,V3,2
9102,Neutral-CoT,V3,2
9120,Neutral-CoT,V3,2
9134,Neutral-CoT,V3,2
9246,Neutral-CoT,V3,2
9268,Neutral-CoT,V3,1
9324,Neutral-CoT,V3,2
9325,Neutral-CoT,V3,1
9349,Neutral-CoT,V3,2
9357,Neutral-CoT,V3,2
9417,Neutral-CoT,V3,1
9459,Neutral-CoT,V3,1
9465,Neutral-CoT,V3,1
9469,Neutral-CoT,V3,2
9485,Neutral-CoT,V3,2
9544,Neutral-CoT,V3,1
9595,Neutral-CoT,V3,1
9632,Neutral-CoT,V3,2
9635,Neutral-CoT,V3,2
9677,Neutral-CoT,V3,2
9715,Neutral-CoT,V3,1
9724,Neutral-CoT,V3,2
9774,Neutral-CoT,V3,2
9796,Neutral-CoT,V3,1
9892,Neutral-CoT,V3,2
9899,Neutral-CoT,V3,1
9907,Neutral-CoT,V3,2
9934,Neutral-CoT,V3,1
9987,Neutral-CoT,V3,1
10022,Neutral-CoT,V3,1
10156,Neutral-CoT,V3,1
10163,Neutral-CoT,V3,1
10174,Neutral-CoT,V3,1
10187,Neutral-CoT,V3,1
10189,Neutral-CoT,V3,2
10210,Neutral-CoT,V3,1
10301,Neutral-CoT,V3,2
10328,Neutral-CoT,V3,1
10330,Neutral-CoT,V3,2
10375,Neutral-CoT,V3,1
10400,Neutral-CoT,V3,1
10423,Neutral-CoT,V3,2
10434,Neutral-CoT,V3,1
10450,Neutral-CoT,V3,2
10566,Neutral-CoT,V3,2
10610,Neutral-CoT,V3,2
10621,Neutral-CoT,V3,1
10626,Neutral-CoT,V3,2
10634,Neutral-CoT,V3,2
10771,Neutral-CoT,V3,2
10803,Neutral-CoT,V3,2
10910,Neutral-CoT,V3,2
10954,Neutral-CoT,V3,2
10978,Neutral-CoT,V3,1
11102,Neutral-CoT,V3,1
11120,Neutral-CoT,V3,2
11132,Neutral-CoT,V3,1
11189,Neutral-CoT,V3,2
11241,Neutral-CoT,V3,2
11283,Neutral-CoT,V3,2
11511,Neutral-CoT,V3,2
11514,Neutral-CoT,V3,2
11523,Neutral-CoT,V3,2
11525,Neutral-CoT,V3,1
11553,Neutral-CoT,V3,1
11596,Neutral-CoT,V3,1
11603,Neutral-CoT,V3,2
11617,Neutral-CoT,V3,2
11630,Neutral-CoT,V3,1
11647,Neutral-CoT,V3,2
11742,Neutral-CoT,V3,2
11786,Neutral-CoT,V3,1
11850,Neutral-CoT,V3,2
11870,Neutral-CoT,V3,1
11874,Neutral-CoT,V3,1
11930,Neutral-CoT,V3,1
11935,Neutral-CoT,V3,2
11967,Neutral-CoT,V3,1
12012,Neutral-CoT,V3,2
12074,Neutral-CoT,V3,1
12143,Neutral-CoT,V3,1
12151,Neutral-CoT,V3,1
12153,Neutral-CoT,V3,1
12219,Neutral-CoT,V3,1
12271,Neutral-CoT,V3,2
12284,Neutral-CoT,V3,2
12285,Neutral-CoT,V3,1
12301,Neutral-CoT,V3,1
12305,Neutral-CoT,V3,1
12323,Neutral-CoT,V3,1
12429,Neutral-CoT,V3,2
12472,Neutral-CoT,V3,2
12486,Neutral-CoT,V3,2
12494,Neutral-CoT,V3,1
12645,Neutral-CoT,V3,1
12732,Neutral-CoT,V3,1
12798,Neutral-CoT,V3,2
12830,Neutral-CoT,V3,2
12860,Neutral-CoT,V3,2
12896,Neutral-CoT,V3,1
12903,Neutral-CoT,V3,1
12926,Neutral-CoT,V3,2
12936,Neutral-CoT,V3,2
12948,Neutral-CoT,V3,2
12975,Neutral-CoT,V3,2
12998,Neutral-CoT,V3,2
13035,Neutral-CoT,V3,1
13050,Neutral-CoT,V3,2
13061,Neutral-CoT,V3,1
13113,Neutral-CoT,V3,2
13115,Neutral-CoT,V3,2
13137,Neutral-CoT,V3,2
13141,Neutral-CoT,V3,1
13200,Neutral-CoT,V3,1
13227,Neutral-CoT,V3,2
13300,Neutral-CoT,V3,2
13319,Neutral-CoT,V3,1
13334,Neutral-CoT,V3,1
13384,Neutral-CoT,V3,1
13400,Neutral-CoT,V3,2
13447,Neutral-CoT,V3,2
13469,Neutral-CoT,V3,2
13484,Neutral-CoT,V3,2
13518,Neutral-CoT,V3,2
13531,Neutral-CoT,V3,2
13562,Neutral-CoT,V3,2
13726,Neutral-CoT,V3,2
13785,Neutral-CoT,V3,1
13843,Neutral-CoT,V3,2
13864,Neutral-CoT,V3,2
13874,Neutral-CoT,V3,1
13920,Neutral-CoT,V3,2
14011,Neutral-CoT,V3,2
14047,Neutral-CoT,V3,2
14055,Neutral-CoT,V3,2
14074,Neutral-CoT,V3,2
14137,Neutral-CoT,V3,2
14139,Neutral-CoT,V3,2
14224,Neutral-CoT,V3,2
14259,Neutral-CoT,V3,1
14300,Neutral-CoT,V3,2
14325,Neutral-CoT,V3,1
14408,Neutral-CoT,V3,1
14410,Neutral-CoT,V3,1
14469,Neutral-CoT,V3,1
14488,Neutral-CoT,V3,1
14532,Neutral-CoT,V3,2
14550,Neutral-CoT,V3,2
14557,Neutral-CoT,V3,1
14581,Neutral-CoT,V3,2
14617,Neutral-CoT,V3,2
14707,Neutral-CoT,V3,1
14759,Neutral-CoT,V3,2
14793,Neutral-CoT,V3,1
14796,Neutral-CoT,V3,2
14818,Neutral-CoT,V3,1
14845,Neutral-CoT,V3,2
14858,Neutral-CoT,V3,2
14868,Neutral-CoT,V3,1
14900,Neutral-CoT,V3,1
14932,Neutral-CoT,V3,2
14970,Neutral-CoT,V3,2
14988,Neutral-CoT,V3,2
15035,Neutral-CoT,V3,1
15066,Neutral-CoT,V3,2
15131,Neutral-CoT,V3,1
15133,Neutral-CoT,V3,2
15176,Neutral-CoT,V3,2
15189,Neutral-CoT,V3,1
15254,Neutral-CoT,V3,1
15290,Neutral-CoT,V3,1
15363,Neutral-CoT,V3,2
15452,Neutral-CoT,V3,2
15535,Neutral-CoT,V3,2
15538,Neutral-CoT,V3,2
15555,Neutral-CoT,V3,1
15585,Neutral-CoT,V3,2
15614,Neutral-CoT,V3,2
15620,Neutral-CoT,V3,2
15693,Neutral-CoT,V3,1
15721,Neutral-CoT,V3,2
15735,Neutral-CoT,V3,1
15770,Neutral-CoT,V3,1
15799,Neutral-CoT,V3,2
15810,Neutral-CoT,V3,2
15822,Neutral-CoT,V3,1
15883,Neutral-CoT,V3,1
15894,Neutral-CoT,V3,2
15980,Neutral-CoT,V3,2
16011,Neutral-CoT,V3,1
16114,Neutral-CoT,V3,1
16120,Neutral-CoT,V3,1
16170,Neutral-CoT,V3,2
16174,Neutral-CoT,V3,1
16204,Neutral-CoT,V3,2
16212,Neutral-CoT,V3,2
16213,Neutral-CoT,V3,1
16230,Neutral-CoT,V3,1
16264,Neutral-CoT,V3,1
16339,Neutral-CoT,V3,1
16355,Neutral-CoT,V3,2
16386,Neutral-CoT,V3,2
16398,Neutral-CoT,V3,1
16457,Neutral-CoT,V3,2
16521,Neutral-CoT,V3,2
16572,Neutral-CoT,V3,1
16600,Neutral-CoT,V3,1
16614,Neutral-CoT,V3,1
16642,Neutral-CoT,V3,1
16731,Neutral-CoT,V3,1
16801,Neutral-CoT,V3,2
16845,Neutral-CoT,V3,1
16858,Neutral-CoT,V3,2
16891,Neutral-CoT,V3,1
16977,Neutral-CoT,V3,1
17002,Neutral-CoT,V3,2
17048,Neutral-CoT,V3,1
17079,Neutral-CoT,V3,2
17082,Neutral-CoT,V3,1
17121,Neutral-CoT,V3,2
17165,Neutral-CoT,V3,2
17212,Neutral-CoT,V3,1
17227,Neutral-CoT,V3,1
17241,Neutral-CoT,V3,2
17280,Neutral-CoT,V3,2
17322,Neutral-CoT,V3,1
17355,Neutral-CoT,V3,2
17361,Neutral-CoT,V3,1
17364,Neutral-CoT,V3,2
17386,Neutral-CoT,V3,2
17423,Neutral-CoT,V3,2
17455,Neutral-CoT,V3,1
17468,Neutral-CoT,V3,1
17475,Neutral-CoT,V3,1
17553,Neutral-CoT,V3,1
17585,Neutral-CoT,V3,2
17693,Neutral-CoT,V3,1
17744,Neutral-CoT,V3,2
17746,Neutral-CoT,V3,2
17792,Neutral-CoT,V3,1
17806,Neutral-CoT,V3,2
17841,Neutral-CoT,V3,2
17877,Neutral-CoT,V3,1
17885,Neutral-CoT,V3,2
17914,Neutral-CoT,V3,1
17929,Neutral-CoT,V3,2
17963,Neutral-CoT,V3,2
18223,Neutral-CoT,V3,2
18290,Neutral-CoT,V3,1
18337,Neutral-CoT,V3,1
18550,Neutral-CoT,V3,2
18553,Neutral-CoT,V3,2
18613,Neutral-CoT,V3,2
18630,Neutral-CoT,V3,2
18631,Neutral-CoT,V3,1
18643,Neutral-CoT,V3,1
18652,Neutral-CoT,V3,1
18656,Neutral-CoT,V3,2
18670,Neutral-CoT,V3,1
18805,Neutral-CoT,V3,2
18806,Neutral-CoT,V3,1
18820,Neutral-CoT,V3,1
18839,Neutral-CoT,V3,2
18874,Neutral-CoT,V3,1
18886,Neutral-CoT,V3,1
18935,Neutral-CoT,V3,1
18961,Neutral-CoT,V3,2
18970,Neutral-CoT,V3,2
18998,Neutral-CoT,V3,2
19036,Neutral-CoT,V3,2
19045,Neutral-CoT,V3,2
19113,Neutral-CoT,V3,1
19164,Neutral-CoT,V3,1
19267,Neutral-CoT,V3,2
19295,Neutral-CoT,V3,1
19331,Neutral-CoT,V3,2
19341,Neutral-CoT,V3,1
19363,Neutral-CoT,V3,2
19383,Neutral-CoT,V3,1
19385,Neutral-CoT,V3,2
19395,Neutral-CoT,V3,2
19486,Neutral-CoT,V3,2
19496,Neutral-CoT,V3,2
19519,Neutral-CoT,V3,2
19532,Neutral-CoT,V3,1
19538,Neutral-CoT,V3,1
19593,Neutral-CoT,V3,2
19599,Neutral-CoT,V3,1
19643,Neutral-CoT,V3,1
19686,Neutral-CoT,V3,1
19738,Neutral-CoT,V3,1
19794,Neutral-CoT,V3,1
19811,Neutral-CoT,V3,1
19826,Neutral-CoT,V3,2
19830,Neutral-CoT,V3,2
19839,Neutral-CoT,V3,2
19854,Neutral-CoT,V3,2
19900,Neutral-CoT,V3,2
19915,Neutral-CoT,V3,1
19967,Neutral-CoT,V3,1
19968,Neutral-CoT,V3,2
20031,Neutral-CoT,V3,1
20132,Neutral-CoT,V3,2
20184,Neutral-CoT,V3,1
20195,Neutral-CoT,V3,1
20270,Neutral-CoT,V3,1
20283,Neutral-CoT,V3,1
20299,Neutral-CoT,V3,2
20338,Neutral-CoT,V3,1
20380,Neutral-CoT,V3,2
20420,Neutral-CoT,V3,1
20422,Neutral-CoT,V3,1
20431,Neutral-CoT,V3,1
20443,Neutral-CoT,V3,1
20446,Neutral-CoT,V3,2
20465,Neutral-CoT,V3,1
20467,Neutral-CoT,V3,1
20504,Neutral-CoT,V3,2
20528,Neutral-CoT,V3,1
20542,Neutral-CoT,V3,1
20609,Neutral-CoT,V3,1
20666,Neutral-CoT,V3,1
20677,Neutral-CoT,V3,1
20685,Neutral-CoT,V3,2
20716,Neutral-CoT,V3,2
20717,Neutral-CoT,V3,2
20839,Neutral-CoT,V3,2
20853,Neutral-CoT,V3,1
20869,Neutral-CoT,V3,2
20890,Neutral-CoT,V3,2
20895,Neutral-CoT,V3,1
20964,Neutral-CoT,V3,1
20971,Neutral-CoT,V3,2
21016,Neutral-CoT,V3,1
21051,Neutral-CoT,V3,2
21067,Neutral-CoT,V3,2
21074,Neutral-CoT,V3,1
21098,Neutral-CoT,V3,2
21130,Neutral-CoT,V3,2
21158,Neutral-CoT,V3,1
21165,Neutral-CoT,V3,1
21167,Neutral-CoT,V3,1
21173,Neutral-CoT,V3,1
21180,Neutral-CoT,V3,2
21203,Neutral-CoT,V3,2
21210,Neutral-CoT,V3,1
21399,Neutral-CoT,V3,1
21509,Neutral-CoT,V3,2
21544,Neutral-CoT,V3,2
21598,Neutral-CoT,V3,2
21599,Neutral-CoT,V3,1
21606,Neutral-CoT,V3,2
21608,Neutral-CoT,V3,1
21629,Neutral-CoT,V3,1
21630,Neutral-CoT,V3,1
21666,Neutral-CoT,V3,2
21691,Neutral-CoT,V3,1
21847,Neutral-CoT,V3,2
21910,Neutral-CoT,V3,2
21935,Neutral-CoT,V3,2
21961,Neutral-CoT,V3,2
21976,Neutral-CoT,V3,1
21987,Neutral-CoT,V3,2
22043,Neutral-CoT,V3,2
22052,Neutral-CoT,V3,1
22065,Neutral-CoT,V3,1
22066,Neutral-CoT,V3,2
22126,Neutral-CoT,V3,2
22166,Neutral-CoT,V3,2
22184,Neutral-CoT,V3,2
22194,Neutral-CoT,V3,2
22266,Neutral-CoT,V3,1
22314,Neutral-CoT,V3,2
22356,Neutral-CoT,V3,2
22467,Neutral-CoT,V3,2
22679,Neutral-CoT,V3,1
22707,Neutral-CoT,V3,2
22767,Neutral-CoT,V3,2
22770,Neutral-CoT,V3,1
22814,Neutral-CoT,V3,1
22819,Neutral-CoT,V3,2
22833,Neutral-CoT,V3,1
22849,Neutral-CoT,V3,2
22966,Neutral-CoT,V3,2
23023,Neutral-CoT,V3,1
23052,Neutral-CoT,V3,1
23089,Neutral-CoT,V3,1
23103,Neutral-CoT,V3,2
23104,Neutral-CoT,V3,2
23128,Neutral-CoT,V3,1
23200,Neutral-CoT,V3,1
23313,Neutral-CoT,V3,2
23322,Neutral-CoT,V3,1
23323,Neutral-CoT,V3,1
23404,Neutral-CoT,V3,2
23415,Neutral-CoT,V3,1
23440,Neutral-CoT,V3,2
23453,Neutral-CoT,V3,2
23505,Neutral-CoT,V3,1
23514,Neutral-CoT,V3,2
23524,Neutral-CoT,V3,1
23530,Neutral-CoT,V3,2
23534,Neutral-CoT,V3,1
23574,Neutral-CoT,V3,1
23584,Neutral-CoT,V3,1
23605,Neutral-CoT,V3,1
23620,Neutral-CoT,V3,2
23648,Neutral-CoT,V3,2
23699,Neutral-CoT,V3,2
23713,Neutral-CoT,V3,2
23779,Neutral-CoT,V3,1
23871,Neutral-CoT,V3,1
23873,Neutral-CoT,V3,1
23901,Neutral-CoT,V3,1
24026,Neutral-CoT,V3,2
24163,Neutral-CoT,V3,1
24174,Neutral-CoT,V3,2
24223,Neutral-CoT,V3,1
24260,Neutral-CoT,V3,2
24291,Neutral-CoT,V3,2
24304,Neutral-CoT,V3,1
24334,Neutral-CoT,V3,2
24405,Neutral-CoT,V3,2
24408,Neutral-CoT,V3,1
24500,Neutral-CoT,V3,2
24502,Neutral-CoT,V3,2
24541,Neutral-CoT,V3,2
24573,Neutral-CoT,V3,1
24577,Neutral-CoT,V3,1
24637,Neutral-CoT,V3,2
24673,Neutral-CoT,V3,2
24706,Neutral-CoT,V3,1
24740,Neutral-CoT,V3,2
24774,Neutral-CoT,V3,2
24836,Neutral-CoT,V3,1
24871,Neutral-CoT,V3,2
24902,Neutral-CoT,V3,2
24959,Neutral-CoT,V3,2
24975,Neutral-CoT,V3,1
24995,Neutral-CoT,V3,1
25015,Neutral-CoT,V3,2
25038,Neutral-CoT,V3,1
25109,Neutral-CoT,V3,2
25137,Neutral-CoT,V3,1
25155,Neutral-CoT,V3,1
25239,Neutral-CoT,V3,2
25270,Neutral-CoT,V3,1
25302,Neutral-CoT,V3,2
25337,Neutral-CoT,V3,1
25348,Neutral-CoT,V3,1
25369,Neutral-CoT,V3,2
25416,Neutral-CoT,V3,1
25435,Neutral-CoT,V3,1
25447,Neutral-CoT,V3,1
25471,Neutral-CoT,V3,2
25523,Neutral-CoT,V3,2
25591,Neutral-CoT,V3,1
25650,Neutral-CoT,V3,1
25690,Neutral-CoT,V3,1
25698,Neutral-CoT,V3,1
25856,Neutral-CoT,V3,1
25868,Neutral-CoT,V3,1
25990,Neutral-CoT,V3,2
26032,Neutral-CoT,V3,1
26129,Neutral-CoT,V3,2
26161,Neutral-CoT,V3,1
26178,Neutral-CoT,V3,2
26211,Neutral-CoT,V3,2
26281,Neutral-CoT,V3,2
26287,Neutral-CoT,V3,2
26292,Neutral-CoT,V3,1
26302,Neutral-CoT,V3,1
26321,Neutral-CoT,V3,2
26337,Neutral-CoT,V3,1
26345,Neutral-CoT,V3,2
26480,Neutral-CoT,V3,2
26492,Neutral-CoT,V3,2
26528,Neutral-CoT,V3,1
26546,Neutral-CoT,V3,1
26556,Neutral-CoT,V3,1
26575,Neutral-CoT,V3,2
26678,Neutral-CoT,V3,2
26714,Neutral-CoT,V3,2
26831,Neutral-CoT,V3,1
26865,Neutral-CoT,V3,2
26878,Neutral-CoT,V3,2
26995,Neutral-CoT,V3,1
27029,Neutral-CoT,V3,1
27088,Neutral-CoT,V3,1
27101,Neutral-CoT,V3,1
27117,Neutral-CoT,V3,2
27395,Neutral-CoT,V3,2
27431,Neutral-CoT,V3,2
27497,Neutral-CoT,V3,1
27524,Neutral-CoT,V3,2
27558,Neutral-CoT,V3,2
27668,Neutral-CoT,V3,2
27688,Neutral-CoT,V3,2
27740,Neutral-CoT,V3,2
27786,Neutral-CoT,V3,2
27828,Neutral-CoT,V3,2
27904,Neutral-CoT,V3,2
27910,Neutral-CoT,V3,2
27911,Neutral-CoT,V3,2
28011,Neutral-CoT,V3,2
28019,Neutral-CoT,V3,1
28051,Neutral-CoT,V3,2
28057,Neutral-CoT,V3,2
28067,Neutral-CoT,V3,2
28114,Neutral-CoT,V3,2
28222,Neutral-CoT,V3,2
28262,Neutral-CoT,V3,2
28271,Neutral-CoT,V3,1
28339,Neutral-CoT,V3,2
28341,Neutral-CoT,V3,1
28365,Neutral-CoT,V3,2
28463,Neutral-CoT,V3,2
28490,Neutral-CoT,V3,1
28550,Neutral-CoT,V3,2
28574,Neutral-CoT,V3,2
28656,Neutral-CoT,V3,2
28674,Neutral-CoT,V3,2
28728,Neutral-CoT,V3,1
28789,Neutral-CoT,V3,2
28790,Neutral-CoT,V3,1
28814,Neutral-CoT,V3,2
28822,Neutral-CoT,V3,2
28963,Neutral-CoT,V3,1
29070,Neutral-CoT,V3,2
29105,Neutral-CoT,V3,2
29132,Neutral-CoT,V3,1
29144,Neutral-CoT,V3,1
29184,Neutral-CoT,V3,1
29243,Neutral-CoT,V3,2
29385,Neutral-CoT,V3,1
29411,Neutral-CoT,V3,2
29417,Neutral-CoT,V3,2
29454,Neutral-CoT,V3,2
29465,Neutral-CoT,V3,2
29484,Neutral-CoT,V3,2
29629,Neutral-CoT,V3,1
29644,Neutral-CoT,V3,1
29679,Neutral-CoT,V3,1
29768,Neutral-CoT,V3,1
29880,Neutral-CoT,V3,1
29903,Neutral-CoT,V3,1
29912,Neutral-CoT,V3,1
29978,Neutral-CoT,V3,1
30052,Neutral-CoT,V3,1
30118,Neutral-CoT,V3,1
30131,Neutral-CoT,V3,2
30137,Neutral-CoT,V3,2
30143,Neutral-CoT,V3,1
30180,Neutral-CoT,V3,1
30259,Neutral-CoT,V3,1
30273,Neutral-CoT,V3,2
30285,Neutral-CoT,V3,2
30328,Neutral-CoT,V3,1
30329,Neutral-CoT,V3,1
30336,Neutral-CoT,V3,2
30340,Neutral-CoT,V3,1
30352,Neutral-CoT,V3,2
30367,Neutral-CoT,V3,2
30457,Neutral-CoT,V3,1
30498,Neutral-CoT,V3,1
30514,Neutral-CoT,V3,1
30544,Neutral-CoT,V3,1
30694,Neutral-CoT,V3,2
30701,Neutral-CoT,V3,2
30710,Neutral-CoT,V3,2
30794,Neutral-CoT,V3,2
30807,Neutral-CoT,V3,1
30846,Neutral-CoT,V3,1
30856,Neutral-CoT,V3,2
30872,Neutral-CoT,V3,2
30880,Neutral-CoT,V3,1
30899,Neutral-CoT,V3,1
30922,Neutral-CoT,V3,2
30936,Neutral-CoT,V3,2
31029,Neutral-CoT,V3,1
31060,Neutral-CoT,V3,1
31081,Neutral-CoT,V3,2
31089,Neutral-CoT,V3,1
31128,Neutral-CoT,V3,2
31129,Neutral-CoT,V3,2
31138,Neutral-CoT,V3,1
31148,Neutral-CoT,V3,1
31247,Neutral-CoT,V3,1
31266,Neutral-CoT,V3,2
31350,Neutral-CoT,V3,2
31386,Neutral-CoT,V3,2
31470,Neutral-CoT,V3,2
31483,Neutral-CoT,V3,2
31568,Neutral-CoT,V3,1
31597,Neutral-CoT,V3,1
31622,Neutral-CoT,V3,1
31628,Neutral-CoT,V3,1
31634,Neutral-CoT,V3,1
31665,Neutral-CoT,V3,1
31720,Neutral-CoT,V3,1
31728,Neutral-CoT,V3,1
31883,Neutral-CoT,V3,2
31907,Neutral-CoT,V3,2
32003,Neutral-CoT,V3,2
32090,Neutral-CoT,V3,1
32112,Neutral-CoT,V3,2
32116,Neutral-CoT,V3,2
32131,Neutral-CoT,V3,2
32167,Neutral-CoT,V3,1
32177,Neutral-CoT,V3,2
32263,Neutral-CoT,V3,2
32265,Neutral-CoT,V3,1
32323,Neutral-CoT,V3,2
32372,Neutral-CoT,V3,1
32463,Neutral-CoT,V3,2
32489,Neutral-CoT,V3,1
32518,Neutral-CoT,V3,1
32558,Neutral-CoT,V3,2
32572,Neutral-CoT,V3,2
32638,Neutral-CoT,V3,1
32679,Neutral-CoT,V3,1
32722,Neutral-CoT,V3,2
32747,Neutral-CoT,V3,1
32753,Neutral-CoT,V3,2
32785,Neutral-CoT,V3,1
32872,Neutral-CoT,V3,2
32894,Neutral-CoT,V3,1
32913,Neutral-CoT,V3,2
32917,Neutral-CoT,V3,2
32963,Neutral-CoT,V3,2
32972,Neutral-CoT,V3,2
33026,Neutral-CoT,V3,1
33067,Neutral-CoT,V3,2
33126,Neutral-CoT,V3,2
33141,Neutral-CoT,V3,2
33154,Neutral-CoT,V3,1
33212,Neutral-CoT,V3,1
33262,Neutral-CoT,V3,2
33291,Neutral-CoT,V3,2
33322,Neutral-CoT,V3,2
33345,Neutral-CoT,V3,1
33390,Neutral-CoT,V3,1
33433,Neutral-CoT,V3,1
33470,Neutral-CoT,V3,1
33504,Neutral-CoT,V3,1
33618,Neutral-CoT,V3,2
33649,Neutral-CoT,V3,1
33741,Neutral-CoT,V3,1
33743,Neutral-CoT,V3,2
33765,Neutral-CoT,V3,2
33780,Neutral-CoT,V3,1
33806,Neutral-CoT,V3,1
33808,Neutral-CoT,V3,2
33856,Neutral-CoT,V3,1
33859,Neutral-CoT,V3,2
33890,Neutral-CoT,V3,2
33936,Neutral-CoT,V3,2
33940,Neutral-CoT,V3,1
33961,Neutral-CoT,V3,1
33962,Neutral-CoT,V3,2
33986,Neutral-CoT,V3,1
34029,Neutral-CoT,V3,2
34084,Neutral-CoT,V3,1
34125,Neutral-CoT,V3,2
34143,Neutral-CoT,V3,2
34171,Neutral-CoT,V3,1
34215,Neutral-CoT,V3,2
34276,Neutral-CoT,V3,1
34332,Neutral-CoT,V3,2
34354,Neutral-CoT,V3,1
34404,Neutral-CoT,V3,2
34414,Neutral-CoT,V3,2
34456,Neutral-CoT,V3,2
34460,Neutral-CoT,V3,2
34500,Neutral-CoT,V3,1
34573,Neutral-CoT,V3,1
34667,Neutral-CoT,V3,2
34714,Neutral-CoT,V3,2
34754,Neutral-CoT,V3,2
34812,Neutral-CoT,V3,2
34915,Neutral-CoT,V3,1
34918,Neutral-CoT,V3,2
34930,Neutral-CoT,V3,2
34944,Neutral-CoT,V3,2
34983,Neutral-CoT,V3,2
35058,Neutral-CoT,V3,2
35064,Neutral-CoT,V3,1
35127,Neutral-CoT,V3,2
35156,Neutral-CoT,V3,2
35174,Neutral-CoT,V3,1
35191,Neutral-CoT,V3,2
35201,Neutral-CoT,V3,2
35204,Neutral-CoT,V3,2
35282,Neutral-CoT,V3,2
35287,Neutral-CoT,V3,1
35397,Neutral-CoT,V3,2
35429,Neutral-CoT,V3,2
35467,Neutral-CoT,V3,1
35542,Neutral-CoT,V3,2
35564,Neutral-CoT,V3,2
35592,Neutral-CoT,V3,1
35643,Neutral-CoT,V3,2
35653,Neutral-CoT,V3,2
35715,Neutral-CoT,V3,2
35732,Neutral-CoT,V3,2
35738,Neutral-CoT,V3,2
35743,Neutral-CoT,V3,2
35871,Neutral-CoT,V3,2
35880,Neutral-CoT,V3,2
35912,Neutral-CoT,V3,1
35918,Neutral-CoT,V3,2
35939,Neutral-CoT,V3,2
35991,Neutral-CoT,V3,2
36100,Neutral-CoT,V3,2
36117,Neutral-CoT,V3,1
36126,Neutral-CoT,V3,2
36186,Neutral-CoT,V3,2
36190,Neutral-CoT,V3,1
36199,Neutral-CoT,V3,2
36209,Neutral-CoT,V3,1
36223,Neutral-CoT,V3,2
36247,Neutral-CoT,V3,1
36341,Neutral-CoT,V3,2
36403,Neutral-CoT,V3,2
36419,Neutral-CoT,V3,2
36434,Neutral-CoT,V3,2
36449,Neutral-CoT,V3,1
36482,Neutral-CoT,V3,2
36557,Neutral-CoT,V3,2
36686,Neutral-CoT,V3,2
36689,Neutral-CoT,V3,1
36734,Neutral-CoT,V3,1
36743,Neutral-CoT,V3,1
36767,Neutral-CoT,V3,2
36785,Neutral-CoT,V3,2
36812,Neutral-CoT,V3,2
36819,Neutral-CoT,V3,2
36849,Neutral-CoT,V3,2
36960,Neutral-CoT,V3,2
36974,Neutral-CoT,V3,2
37006,Neutral-CoT,V3,2
37016,Neutral-CoT,V3,2
37020,Neutral-CoT,V3,1
37082,Neutral-CoT,V3,2
37102,Neutral-CoT,V3,2
37114,Neutral-CoT,V3,2
37124,Neutral-CoT,V3,2
37245,Neutral-CoT,V3,1
37327,Neutral-CoT,V3,1
37367,Neutral-CoT,V3,2
37404,Neutral-CoT,V3,1
37422,Neutral-CoT,V3,1
37432,Neutral-CoT,V3,2
37490,Neutral-CoT,V3,1
37537,Neutral-CoT,V3,2
37542,Neutral-CoT,V3,1
37569,Neutral-CoT,V3,2
37608,Neutral-CoT,V3,2
37614,Neutral-CoT,V3,2
37617,Neutral-CoT,V3,2
37679,Neutral-CoT,V3,1
37723,Neutral-CoT,V3,2
37725,Neutral-CoT,V3,1
37741,Neutral-CoT,V3,2
37842,Neutral-CoT,V3,1
37909,Neutral-CoT,V3,1
37955,Neutral-CoT,V3,1
38026,Neutral-CoT,V3,2
38068,Neutral-CoT,V3,2
38078,Neutral-CoT,V3,2
38130,Neutral-CoT,V3,2
38144,Neutral-CoT,V3,1
38146,Neutral-CoT,V3,1
38166,Neutral-CoT,V3,1
38168,Neutral-CoT,V3,1
38191,Neutral-CoT,V3,2
38245,Neutral-CoT,V3,1
38267,Neutral-CoT,V3,2
38352,Neutral-CoT,V3,1
38395,Neutral-CoT,V3,1
38425,Neutral-CoT,V3,2
38485,Neutral-CoT,V3,1
38518,Neutral-CoT,V3,1
38530,Neutral-CoT,V3,1
38533,Neutral-CoT,V3,2
38554,Neutral-CoT,V3,2
38562,Neutral-CoT,V3,2
38593,Neutral-CoT,V3,2
38627,Neutral-CoT,V3,2
38630,Neutral-CoT,V3,1
38721,Neutral-CoT,V3,1
38773,Neutral-CoT,V3,2
38802,Neutral-CoT,V3,2
38811,Neutral-CoT,V3,2
38829,Neutral-CoT,V3,1
38928,Neutral-CoT,V3,2
38947,Neutral-CoT,V3,1
39000,Neutral-CoT,V3,1
39152,Neutral-CoT,V3,1
39199,Neutral-CoT,V3,1
39321,Neutral-CoT,V3,1
39356,Neutral-CoT,V3,2
39388,Neutral-CoT,V3,2
39457,Neutral-CoT,V3,1
39466,Neutral-CoT,V3,1
39532,Neutral-CoT,V3,2
39553,Neutral-CoT,V3,2
39557,Neutral-CoT,V3,1
39630,Neutral-CoT,V3,1
39715,Neutral-CoT,V3,1
39795,Neutral-CoT,V3,1
39804,Neutral-CoT,V3,1
39833,Neutral-CoT,V3,2
39842,Neutral-CoT,V3,1
39855,Neutral-CoT,V3,1
39864,Neutral-CoT,V3,2
39884,Neutral-CoT,V3,2
39918,Neutral-CoT,V3,1
40029,Neutral-CoT,V3,1
40068,Neutral-CoT,V3,1
40135,Neutral-CoT,V3,1
40145,Neutral-CoT,V3,2
40164,Neutral-CoT,V3,1
40296,Neutral-CoT,V3,2
40497,Neutral-CoT,V3,2
40535,Neutral-CoT,V3,1
40542,Neutral-CoT,V3,2
40622,Neutral-CoT,V3,2
40625,Neutral-CoT,V3,2
40653,Neutral-CoT,V3,2
40762,Neutral-CoT,V3,1
40853,Neutral-CoT,V3,1
40855,Neutral-CoT,V3,2
40857,Neutral-CoT,V3,2
40920,Neutral-CoT,V3,1
40969,Neutral-CoT,V3,1
40991,Neutral-CoT,V3,1
41001,Neutral-CoT,V3,2
41077,Neutral-CoT,V3,1
41103,Neutral-CoT,V3,2
41150,Neutral-CoT,V3,2
41152,Neutral-CoT,V3,2
41237,Neutral-CoT,V3,1
41239,Neutral-CoT,V3,1
41273,Neutral-CoT,V3,1
41360,Neutral-CoT,V3,2
41368,Neutral-CoT,V3,1
41416,Neutral-CoT,V3,1
41457,Neutral-CoT,V3,2
41472,Neutral-CoT,V3,1
41514,Neutral-CoT,V3,2
41581,Neutral-CoT,V3,2
41590,Neutral-CoT,V3,1
41607,Neutral-CoT,V3,2
41636,Neutral-CoT,V3,1
41704,Neutral-CoT,V3,1
41829,Neutral-CoT,V3,2
41836,Neutral-CoT,V3,1
41906,Neutral-CoT,V3,2
41973,Neutral-CoT,V3,2
42006,Neutral-CoT,V3,2
42040,Neutral-CoT,V3,1
42067,Neutral-CoT,V3,1
42086,Neutral-CoT,V3,2
42112,Neutral-CoT,V3,2
42166,Neutral-CoT,V3,2
42174,Neutral-CoT,V3,2
42185,Neutral-CoT,V3,2
42228,Neutral-CoT,V3,2
42330,Neutral-CoT,V3,1
42335,Neutral-CoT,V3,2
42344,Neutral-CoT,V3,2
42391,Neutral-CoT,V3,2
42428,Neutral-CoT,V3,1
42468,Neutral-CoT,V3,2
42520,Neutral-CoT,V3,1
42521,Neutral-CoT,V3,1
42572,Neutral-CoT,V3,2
42585,Neutral-CoT,V3,1
42609,Neutral-CoT,V3,2
42714,Neutral-CoT,V3,2
42860,Neutral-CoT,V3,2
42886,Neutral-CoT,V3,2
42922,Neutral-CoT,V3,2
43042,Neutral-CoT,V3,1
43070,Neutral-CoT,V3,2
43164,Neutral-CoT,V3,2
43191,Neutral-CoT,V3,1
43285,Neutral-CoT,V3,1
43295,Neutral-CoT,V3,2
43350,Neutral-CoT,V3,2
43486,Neutral-CoT,V3,1
43526,Neutral-CoT,V3,2
43621,Neutral-CoT,V3,2
43668,Neutral-CoT,V3,2
43764,Neutral-CoT,V3,2
43800,Neutral-CoT,V3,1
43811,Neutral-CoT,V3,2
43878,Neutral-CoT,V3,1
44063,Neutral-CoT,V3,2
44064,Neutral-CoT,V3,2
44167,Neutral-CoT,V3,2
44178,Neutral-CoT,V3,2
44313,Neutral-CoT,V3,2
44380,Neutral-CoT,V3,1
44400,Neutral-CoT,V3,2
44415,Neutral-CoT,V3,2
44430,Neutral-CoT,V3,2
44444,Neutral-CoT,V3,2
44458,Neutral-CoT,V3,2
44475,Neutral-CoT,V3,1
44479,Neutral-CoT,V3,2
44628,Neutral-CoT,V3,1
44682,Neutral-CoT,V3,1
44743,Neutral-CoT,V3,2
44812,Neutral-CoT,V3,2
44833,Neutral-CoT,V3,2
44841,Neutral-CoT,V3,1
44887,Neutral-CoT,V3,2
44967,Neutral-CoT,V3,1
45012,Neutral-CoT,V3,2
45024,Neutral-CoT,V3,1
45075,Neutral-CoT,V3,2
45117,Neutral-CoT,V3,2
45137,Neutral-CoT,V3,2
45184,Neutral-CoT,V3,1
45190,Neutral-CoT,V3,1
45199,Neutral-CoT,V3,1
45289,Neutral-CoT,V3,2
45314,Neutral-CoT,V3,1
45337,Neutral-CoT,V3,1
45340,Neutral-CoT,V3,2
45390,Neutral-CoT,V3,2
45424,Neutral-CoT,V3,1
45470,Neutral-CoT,V3,2
45492,Neutral-CoT,V3,1
45529,Neutral-CoT,V3,2
45544,Neutral-CoT,V3,2
45784,Neutral-CoT,V3,1
45800,Neutral-CoT,V3,2
45811,Neutral-CoT,V3,2
45837,Neutral-CoT,V3,1
45857,Neutral-CoT,V3,2
45893,Neutral-CoT,V3,2
45919,Neutral-CoT,V3,1
45938,Neutral-CoT,V3,2
45983,Neutral-CoT,V3,2
45985,Neutral-CoT,V3,1
46026,Neutral-CoT,V3,1
46132,Neutral-CoT,V3,1
46147,Neutral-CoT,V3,1
46160,Neutral-CoT,V3,1
46218,Neutral-CoT,V3,2
46346,Neutral-CoT,V3,1
46372,Neutral-CoT,V3,2
46555,Neutral-CoT,V3,2
46569,Neutral-CoT,V3,2
46595,Neutral-CoT,V3,2
46674,Neutral-CoT,V3,1
46707,Neutral-CoT,V3,2
46710,Neutral-CoT,V3,2
46751,Neutral-CoT,V3,2
46756,Neutral-CoT,V3,1
46758,Neutral-CoT,V3,2
46810,Neutral-CoT,V3,2
46859,Neutral-CoT,V3,2
46880,Neutral-CoT,V3,1
46894,Neutral-CoT,V3,2
46969,Neutral-CoT,V3,2
47024,Neutral-CoT,V3,1
47060,Neutral-CoT,V3,2
47065,Neutral-CoT,V3,1
47097,Neutral-CoT,V3,1
47139,Neutral-CoT,V3,2
47169,Neutral-CoT,V3,2
47174,Neutral-CoT,V3,1
47216,Neutral-CoT,V3,2
47246,Neutral-CoT,V3,2
47249,Neutral-CoT,V3,2
47362,Neutral-CoT,V3,1
47371,Neutral-CoT,V3,1
47560,Neutral-CoT,V3,1
47619,Neutral-CoT,V3,2
47632,Neutral-CoT,V3,1
47865,Neutral-CoT,V3,2
48180,Neutral-CoT,V3,2
48182,Neutral-CoT,V3,1
48217,Neutral-CoT,V3,2
48246,Neutral-CoT,V3,1
48329,Neutral-CoT,V3,1
48352,Neutral-CoT,V3,2
48355,Neutral-CoT,V3,2
48359,Neutral-CoT,V3,1
48434,Neutral-CoT,V3,2
48441,Neutral-CoT,V3,2
48449,Neutral-CoT,V3,2
48506,Neutral-CoT,V3,2
48538,Neutral-CoT,V3,2
48541,Neutral-CoT,V3,1
48562,Neutral-CoT,V3,2
48563,Neutral-CoT,V3,2
48566,Neutral-CoT,V3,1
48587,Neutral-CoT,V3,1
48607,Neutral-CoT,V3,2
48618,Neutral-CoT,V3,1
48722,Neutral-CoT,V3,2
48728,Neutral-CoT,V3,1
48859,Neutral-CoT,V3,2
48898,Neutral-CoT,V3,1
48976,Neutral-CoT,V3,2
49004,Neutral-CoT,V3,1
49029,Neutral-CoT,V3,1
49047,Neutral-CoT,V3,1
49052,Neutral-CoT,V3,1
49095,Neutral-CoT,V3,1
49132,Neutral-CoT,V3,1
49146,Neutral-CoT,V3,1
49168,Neutral-CoT,V3,2
49182,Neutral-CoT,V3,2
49189,Neutral-CoT,V3,1
49213,Neutral-CoT,V3,1
49228,Neutral-CoT,V3,1
49239,Neutral-CoT,V3,1
49242,Neutral-CoT,V3,2
49325,Neutral-CoT,V3,1
49400,Neutral-CoT,V3,2
49460,Neutral-CoT,V3,1
49550,Neutral-CoT,V3,2
49700,Neutral-CoT,V3,1
49737,Neutral-CoT,V3,1
49765,Neutral-CoT,V3,2
49777,Neutral-CoT,V3,1
49804,Neutral-CoT,V3,2
49855,Neutral-CoT,V3,2
49870,Neutral-CoT,V3,2
49943,Neutral-CoT,V3,2
49950,Neutral-CoT,V3,2
49959,Neutral-CoT,V3,2
49971,Neutral-CoT,V3,1
55,EI,CN,2
107,EI,CN,2
176,EI,CN,1
257,EI,CN,1
283,EI,CN,2
284,EI,CN,2
287,EI,CN,1
310,EI,CN,2
337,EI,CN,2
379,EI,CN,2
393,EI,CN,2
405,EI,CN,2
450,EI,CN,2
504,EI,CN,2
545,EI,CN,1
626,EI,CN,2
715,EI,CN,2
722,EI,CN,1
793,EI,CN,2
804,EI,CN,2
813,EI,CN,2
856,EI,CN,2
893,EI,CN,2
922,EI,CN,1
1029,EI,CN,2
1057,EI,CN,1
1106,EI,CN,1
1176,EI,CN,2
1199,EI,CN,2
1200,EI,CN,2
1205,EI,CN,2
1227,EI,CN,2
1261,EI,CN,2
1285,EI,CN,1
1290,EI,CN,1
1347,EI,CN,1
1352,EI,CN,2
1363,EI,CN,2
1434,EI,CN,2
1481,EI,CN,1
1545,EI,CN,2
1552,EI,CN,1
1573,EI,CN,1
1656,EI,CN,2
1687,EI,CN,1
1707,EI,CN,2
1733,EI,CN,2
1735,EI,CN,2
1755,EI,CN,2
1808,EI,CN,2
1814,EI,CN,2
1819,EI,CN,2
1822,EI,CN,1
1823,EI,CN,1
2004,EI,CN,2
2039,EI,CN,2
2055,EI,CN,1
2068,EI,CN,2
2155,EI,CN,2
2170,EI,CN,1
2221,EI,CN,2
2288,EI,CN,2
2375,EI,CN,2
2379,EI,CN,1
2408,EI,CN,1
2426,EI,CN,2
2584,EI,CN,2
2585,EI,CN,1
2599,EI,CN,1
2600,EI,CN,1
2732,EI,CN,2
2844,EI,CN,1
2891,EI,CN,2
2932,EI,CN,2
2983,EI,CN,2
3056,EI,CN,1
3081,EI,CN,1
3102,EI,CN,1
3191,EI,CN,1
3230,EI,CN,1
3297,EI,CN,1
3363,EI,CN,1
3367,EI,CN,2
3385,EI,CN,1
3400,EI,CN,1
3418,EI,CN,1
3429,EI,CN,2
3440,EI,CN,1
3512,EI,CN,2
3524,EI,CN,1
3567,EI,CN,1
3631,EI,CN,2
3811,EI,CN,1
3824,EI,CN,1
3867,EI,CN,1
3868,EI,CN,1
3912,EI,CN,1
3929,EI,CN,2
3971,EI,CN,2
3979,EI,CN,2
4011,EI,CN,1
4066,EI,CN,2
4087,EI,CN,2
4153,EI,CN,2
4182,EI,CN,2
4187,EI,CN,1
4207,EI,CN,1
4211,EI,CN,1
4303,EI,CN,1
4314,EI,CN,1
4339,EI,CN,2
4348,EI,CN,2
4447,EI,CN,1
4462,EI,CN,1
4591,EI,CN,1
4624,EI,CN,2
4651,EI,CN,2
4652,EI,CN,1
4663,EI,CN,1
4706,EI,CN,2
4716,EI,CN,1
4744,EI,CN,2
4767,EI,CN,1
4795,EI,CN,1
4797,EI,CN,1
4812,EI,CN,2
4827,EI,CN,2
4829,EI,CN,2
4851,EI,CN,2
4856,EI,CN,2
4865,EI,CN,1
4871,EI,CN,1
4927,EI,CN,2
4937,EI,CN,1
5006,EI,CN,1
5009,EI,CN,1
5024,EI,CN,1
5070,EI,CN,1
5086,EI,CN,2
5105,EI,CN,2
5119,EI,CN,1
5120,EI,CN,2
5159,EI,CN,1
5406,EI,CN,1
5424,EI,CN,2
5475,EI,CN,1
5499,EI,CN,1
5570,EI,CN,1
5586,EI,CN,2
5619,EI,CN,2
5651,EI,CN,1
5741,EI,CN,1
5797,EI,CN,2
5824,EI,CN,2
5829,EI,CN,1
5834,EI,CN,1
5906,EI,CN,2
5913,EI,CN,2
5938,EI,CN,2
5957,EI,CN,2
5998,EI,CN,2
6010,EI,CN,2
6059,EI,CN,2
6111,EI,CN,1
6137,EI,CN,1
6156,EI,CN,1
6252,EI,CN,1
6253,EI,CN,2
6255,EI,CN,2
6295,EI,CN,1
6347,EI,CN,1
6374,EI,CN,1
6420,EI,CN,1
6452,EI,CN,1
6465,EI,CN,1
6484,EI,CN,2
6488,EI,CN,1
6519,EI,CN,2
6595,EI,CN,1
6631,EI,CN,1
6692,EI,CN,1
6715,EI,CN,2
6728,EI,CN,1
6756,EI,CN,2
6812,EI,CN,1
6824,EI,CN,1
6826,EI,CN,2
6842,EI,CN,1
6867,EI,CN,1
6868,EI,CN,2
6899,EI,CN,2
6965,EI,CN,1
6977,EI,CN,2
6991,EI,CN,1
7001,EI,CN,2
7004,EI,CN,1
7070,EI,CN,2
7099,EI,CN,1
7194,EI,CN,2
7220,EI,CN,2
7235,EI,CN,2
7313,EI,CN,2
7387,EI,CN,1
7407,EI,CN,1
7430,EI,CN,2
7439,EI,CN,1
7451,EI,CN,1
7498,EI,CN,2
7550,EI,CN,1
7553,EI,CN,2
7555,EI,CN,1
7581,EI,CN,2
7599,EI,CN,2
7631,EI,CN,1
7654,EI,CN,1
7687,EI,CN,1
7723,EI,CN,1
7756,EI,CN,2
7887,EI,CN,1
7894,EI,CN,1
7915,EI,CN,2
7949,EI,CN,2
7972,EI,CN,2
8015,EI,CN,2
8033,EI,CN,1
8139,EI,CN,1
8217,EI,CN,1
8268,EI,CN,2
8366,EI,CN,2
8444,EI,CN,1
8477,EI,CN,1
8580,EI,CN,2
8614,EI,CN,1
8630,EI,CN,2
8637,EI,CN,2
8672,EI,CN,1
8800,EI,CN,1
8816,EI,CN,2
8902,EI,CN,2
8923,EI,CN,2
8948,EI,CN,1
8993,EI,CN,1
9004,EI,CN,1
9089,EI,CN,2
9102,EI,CN,2
9120,EI,CN,1
9134,EI,CN,2
9246,EI,CN,2
9268,EI,CN,1
9324,EI,CN,1
9325,EI,CN,1
9349,EI,CN,2
9357,EI,CN,2
9417,EI,CN,1
9459,EI,CN,1
9465,EI,CN,1
9469,EI,CN,2
9473,EI,CN,1
9485,EI,CN,2
9544,EI,CN,1
9595,EI,CN,1
9632,EI,CN,2
9635,EI,CN,2
9677,EI,CN,2
9715,EI,CN,1
9724,EI,CN,1
9774,EI,CN,2
9796,EI,CN,1
9892,EI,CN,2
9899,EI,CN,1
9907,EI,CN,2
9934,EI,CN,1
9955,EI,CN,2
9987,EI,CN,1
10022,EI,CN,1
10156,EI,CN,1
10163,EI,CN,1
10174,EI,CN,1
10189,EI,CN,2
10210,EI,CN,1
10301,EI,CN,2
10328,EI,CN,1
10330,EI,CN,2
10361,EI,CN,1
10375,EI,CN,1
10400,EI,CN,1
10423,EI,CN,2
10434,EI,CN,1
10450,EI,CN,2
10566,EI,CN,2
10600,EI,CN,1
10610,EI,CN,2
10621,EI,CN,2
10634,EI,CN,2
10713,EI,CN,2
10771,EI,CN,2
10803,EI,CN,1
10910,EI,CN,2
10954,EI,CN,2
10978,EI,CN,1
11024,EI,CN,2
11101,EI,CN,1
11102,EI,CN,1
11112,EI,CN,2
11120,EI,CN,2
11132,EI,CN,1
11189,EI,CN,2
11241,EI,CN,1
11264,EI,CN,2
11283,EI,CN,1
11511,EI,CN,2
11514,EI,CN,1
11523,EI,CN,2
11525,EI,CN,1
11553,EI,CN,1
11596,EI,CN,1
11603,EI,CN,1
11617,EI,CN,2
11630,EI,CN,1
11647,EI,CN,1
11742,EI,CN,2
11786,EI,CN,1
11850,EI,CN,2
11870,EI,CN,1
11874,EI,CN,1
11930,EI,CN,1
11935,EI,CN,2
11967,EI,CN,1
12012,EI,CN,2
12074,EI,CN,1
12143,EI,CN,2
12151,EI,CN,1
12153,EI,CN,1
12219,EI,CN,1
12271,EI,CN,2
12284,EI,CN,2
12285,EI,CN,1
12301,EI,CN,1
12305,EI,CN,1
12323,EI,CN,1
12429,EI,CN,2
12472,EI,CN,2
12486,EI,CN,2
12494,EI,CN,1
12627,EI,CN,1
12645,EI,CN,1
12732,EI,CN,1
12798,EI,CN,2
12830,EI,CN,2
12860,EI,CN,2
12896,EI,CN,1
12903,EI,CN,2
12926,EI,CN,2
12936,EI,CN,2
12948,EI,CN,2
12975,EI,CN,2
12998,EI,CN,1
13035,EI,CN,1
13050,EI,CN,2
13113,EI,CN,2
13115,EI,CN,2
13137,EI,CN,2
13141,EI,CN,1
13200,EI,CN,1
13227,EI,CN,2
13300,EI,CN,1
13319,EI,CN,1
13334,EI,CN,1
13384,EI,CN,1
13400,EI,CN,1
13447,EI,CN,2
13469,EI,CN,2
13484,EI,CN,2
13518,EI,CN,2
13531,EI,CN,2
13562,EI,CN,2
13726,EI,CN,2
13785,EI,CN,1
13843,EI,CN,2
13864,EI,CN,2
13874,EI,CN,1
13920,EI,CN,1
13923,EI,CN,2
13996,EI,CN,1
14011,EI,CN,2
14055,EI,CN,2
14074,EI,CN,2
14137,EI,CN,2
14139,EI,CN,2
14224,EI,CN,2
14259,EI,CN,1
14300,EI,CN,1
14325,EI,CN,1
14408,EI,CN,1
14410,EI,CN,2
14469,EI,CN,1
14488,EI,CN,1
14532,EI,CN,2
14550,EI,CN,2
14557,EI,CN,1
14581,EI,CN,1
14617,EI,CN,2
14707,EI,CN,1
14759,EI,CN,2
14793,EI,CN,1
14796,EI,CN,2
14818,EI,CN,1
14845,EI,CN,2
14858,EI,CN,2
14868,EI,CN,1
14900,EI,CN,1
14932,EI,CN,2
14970,EI,CN,2
14988,EI,CN,2
15035,EI,CN,1
15066,EI,CN,2
15131,EI,CN,1
15133,EI,CN,2
15176,EI,CN,2
15189,EI,CN,1
15254,EI,CN,1
15290,EI,CN,1
15363,EI,CN,2
15452,EI,CN,2
15473,EI,CN,2
15535,EI,CN,2
15538,EI,CN,1
15555,EI,CN,2
15585,EI,CN,1
15614,EI,CN,2
15620,EI,CN,2
15693,EI,CN,1
15721,EI,CN,2
15735,EI,CN,1
15770,EI,CN,1
15799,EI,CN,2
15810,EI,CN,2
15822,EI,CN,1
15883,EI,CN,1
15894,EI,CN,1
15980,EI,CN,2
16011,EI,CN,1
16114,EI,CN,1
16120,EI,CN,1
16170,EI,CN,2
16174,EI,CN,1
16212,EI,CN,1
16213,EI,CN,1
16230,EI,CN,1
16264,EI,CN,1
16339,EI,CN,1
16355,EI,CN,2
16386,EI,CN,2
16398,EI,CN,1
16457,EI,CN,1
16521,EI,CN,2
16572,EI,CN,1
16600,EI,CN,1
16614,EI,CN,1
16642,EI,CN,1
16731,EI,CN,1
16801,EI,CN,2
16845,EI,CN,1
16858,EI,CN,2
16891,EI,CN,1
16903,EI,CN,1
16977,EI,CN,1
17002,EI,CN,2
17048,EI,CN,1
17079,EI,CN,2
17082,EI,CN,2
17121,EI,CN,2
17165,EI,CN,2
17212,EI,CN,1
17227,EI,CN,1
17241,EI,CN,2
17280,EI,CN,2
17322,EI,CN,1
17355,EI,CN,2
17361,EI,CN,1
17364,EI,CN,2
17386,EI,CN,2
17423,EI,CN,2
17455,EI,CN,1
17468,EI,CN,1
17475,EI,CN,1
17553,EI,CN,1
17585,EI,CN,2
17693,EI,CN,1
17744,EI,CN,2
17746,EI,CN,2
17792,EI,CN,1
17806,EI,CN,2
17841,EI,CN,2
17877,EI,CN,1
17885,EI,CN,2
17929,EI,CN,1
17963,EI,CN,2
18223,EI,CN,2
18290,EI,CN,1
18337,EI,CN,1
18550,EI,CN,2
18553,EI,CN,2
18597,EI,CN,1
18613,EI,CN,2
18630,EI,CN,2
18631,EI,CN,1
18643,EI,CN,1
18652,EI,CN,1
18656,EI,CN,1
18670,EI,CN,2
18805,EI,CN,1
18806,EI,CN,1
18820,EI,CN,1
18839,EI,CN,2
18874,EI,CN,1
18886,EI,CN,1
18935,EI,CN,1
18961,EI,CN,2
18970,EI,CN,1
18998,EI,CN,2
19036,EI,CN,2
19045,EI,CN,2
19113,EI,CN,2
19164,EI,CN,1
19267,EI,CN,2
19295,EI,CN,1
19331,EI,CN,2
19341,EI,CN,1
19363,EI,CN,1
19383,EI,CN,1
19385,EI,CN,2
19395,EI,CN,2
19486,EI,CN,2
19496,EI,CN,2
19519,EI,CN,2
19532,EI,CN,1
19538,EI,CN,1
19599,EI,CN,2
19643,EI,CN,1
19686,EI,CN,1
19738,EI,CN,1
19794,EI,CN,1
19811,EI,CN,1
19826,EI,CN,2
19830,EI,CN,2
19839,EI,CN,2
19854,EI,CN,2
19900,EI,CN,1
19915,EI,CN,1
19967,EI,CN,1
19968,EI,CN,2
20031,EI,CN,1
20132,EI,CN,2
20184,EI,CN,2
20195,EI,CN,1
20270,EI,CN,1
20283,EI,CN,1
20299,EI,CN,2
20338,EI,CN,1
20351,EI,CN,2
20380,EI,CN,2
20407,EI,CN,1
20420,EI,CN,1
20422,EI,CN,1
20431,EI,CN,1
20443,EI,CN,1
20446,EI,CN,2
20465,EI,CN,1
20467,EI,CN,1
20504,EI,CN,2
20528,EI,CN,1
20542,EI,CN,1
20549,EI,CN,2
20609,EI,CN,1
20666,EI,CN,1
20677,EI,CN,1
20685,EI,CN,2
20716,EI,CN,2
20717,EI,CN,2
20839,EI,CN,2
20853,EI,CN,1
20869,EI,CN,2
20890,EI,CN,2
20895,EI,CN,2
20964,EI,CN,1
20971,EI,CN,2
21016,EI,CN,1
21051,EI,CN,2
21067,EI,CN,2
21074,EI,CN,1
21098,EI,CN,2
21130,EI,CN,2
21158,EI,CN,1
21165,EI,CN,1
21167,EI,CN,1
21173,EI,CN,1
21180,EI,CN,2
21203,EI,CN,2
21210,EI,CN,1
21399,EI,CN,1
21509,EI,CN,2
21544,EI,CN,2
21598,EI,CN,1
21599,EI,CN,2
21606,EI,CN,2
21608,EI,CN,1
21629,EI,CN,1
21630,EI,CN,1
21666,EI,CN,2
21691,EI,CN,1
21847,EI,CN,2
21910,EI,CN,2
21935,EI,CN,1
21961,EI,CN,1
21976,EI,CN,1
21987,EI,CN,2
22043,EI,CN,2
22052,EI,CN,1
22065,EI,CN,1
22066,EI,CN,2
22126,EI,CN,2
22166,EI,CN,2
22184,EI,CN,2
22189,EI,CN,2
22194,EI,CN,2
22266,EI,CN,1
22314,EI,CN,2
22356,EI,CN,2
22467,EI,CN,2
22679,EI,CN,1
22707,EI,CN,2
22767,EI,CN,2
22770,EI,CN,1
22814,EI,CN,1
22819,EI,CN,2
22833,EI,CN,1
22849,EI,CN,2
22966,EI,CN,2
23023,EI,CN,1
23052,EI,CN,1
23089,EI,CN,1
23103,EI,CN,2
23104,EI,CN,2
23128,EI,CN,1
23200,EI,CN,1
23313,EI,CN,2
23322,EI,CN,1
23323,EI,CN,1
23404,EI,CN,2
23415,EI,CN,2
23440,EI,CN,2
23453,EI,CN,2
23505,EI,CN,1
23514,EI,CN,2
23524,EI,CN,1
23530,EI,CN,2
23534,EI,CN,1
23574,EI,CN,1
23584,EI,CN,1
23605,EI,CN,1
23620,EI,CN,2
23648,EI,CN,2
23699,EI,CN,2
23713,EI,CN,2
23779,EI,CN,1
23871,EI,CN,1
23873,EI,CN,1
23901,EI,CN,1
24026,EI,CN,2
24163,EI,CN,1
24174,EI,CN,2
24223,EI,CN,2
24260,EI,CN,2
24291,EI,CN,2
24304,EI,CN,1
24334,EI,CN,2
24405,EI,CN,2
24408,EI,CN,1
24500,EI,CN,2
24541,EI,CN,2
24573,EI,CN,1
24577,EI,CN,1
24637,EI,CN,2
24673,EI,CN,2
24706,EI,CN,1
24740,EI,CN,2
24774,EI,CN,2
24836,EI,CN,1
24871,EI,CN,1
24902,EI,CN,2
24959,EI,CN,1
24975,EI,CN,1
24995,EI,CN,1
25015,EI,CN,2
25038,EI,CN,1
25109,EI,CN,2
25137,EI,CN,1
25155,EI,CN,1
25239,EI,CN,2
25270,EI,CN,1
25302,EI,CN,2
25337,EI,CN,1
25348,EI,CN,1
25369,EI,CN,2
25380,EI,CN,1
25416,EI,CN,1
25435,EI,CN,1
25447,EI,CN,1
25448,EI,CN,2
25471,EI,CN,2
25523,EI,CN,2
25591,EI,CN,2
25650,EI,CN,1
25690,EI,CN,1
25698,EI,CN,2
25856,EI,CN,1
25868,EI,CN,1
25990,EI,CN,2
26032,EI,CN,1
26129,EI,CN,2
26161,EI,CN,1
26178,EI,CN,2
26211,EI,CN,2
26281,EI,CN,1
26287,EI,CN,2
26292,EI,CN,1
26302,EI,CN,1
26321,EI,CN,2
26337,EI,CN,1
26345,EI,CN,1
26480,EI,CN,2
26492,EI,CN,2
26528,EI,CN,1
26546,EI,CN,1
26556,EI,CN,1
26575,EI,CN,1
26678,EI,CN,2
26714,EI,CN,2
26831,EI,CN,1
26865,EI,CN,2
26878,EI,CN,2
26995,EI,CN,1
27029,EI,CN,2
27088,EI,CN,1
27101,EI,CN,1
27117,EI,CN,1
27271,EI,CN,1
27395,EI,CN,2
27431,EI,CN,2
27497,EI,CN,1
27524,EI,CN,2
27558,EI,CN,2
27610,EI,CN,1
27668,EI,CN,2
27688,EI,CN,2
27740,EI,CN,2
27786,EI,CN,2
27828,EI,CN,2
27904,EI,CN,2
27910,EI,CN,2
27911,EI,CN,2
28011,EI,CN,2
28051,EI,CN,2
28057,EI,CN,1
28067,EI,CN,1
28114,EI,CN,2
28222,EI,CN,2
28262,EI,CN,2
28271,EI,CN,1
28339,EI,CN,1
28341,EI,CN,1
28365,EI,CN,2
28463,EI,CN,2
28490,EI,CN,1
28550,EI,CN,1
28574,EI,CN,2
28656,EI,CN,2
28674,EI,CN,2
28728,EI,CN,1
28789,EI,CN,2
28790,EI,CN,1
28814,EI,CN,2
28822,EI,CN,2
28963,EI,CN,1
29070,EI,CN,2
29105,EI,CN,2
29132,EI,CN,1
29144,EI,CN,1
29184,EI,CN,1
29243,EI,CN,2
29385,EI,CN,1
29411,EI,CN,1
29417,EI,CN,2
29454,EI,CN,2
29465,EI,CN,1
29484,EI,CN,2
29582,EI,CN,1
29629,EI,CN,1
29644,EI,CN,1
29679,EI,CN,1
29768,EI,CN,1
29880,EI,CN,1
29903,EI,CN,1
29912,EI,CN,1
29978,EI,CN,2
30052,EI,CN,1
30118,EI,CN,1
30137,EI,CN,2
30143,EI,CN,1
30180,EI,CN,1
30259,EI,CN,1
30273,EI,CN,1
30285,EI,CN,2
30328,EI,CN,1
30329,EI,CN,1
30336,EI,CN,2
30340,EI,CN,1
30352,EI,CN,2
30367,EI,CN,2
30457,EI,CN,2
30498,EI,CN,1
30514,EI,CN,1
30544,EI,CN,1
30637,EI,CN,1
30694,EI,CN,2
30701,EI,CN,2
30710,EI,CN,2
30794,EI,CN,2
30807,EI,CN,2
30825,EI,CN,1
30846,EI,CN,1
30856,EI,CN,2
30872,EI,CN,2
30880,EI,CN,1
30899,EI,CN,1
30922,EI,CN,2
30936,EI,CN,2
31029,EI,CN,1
31060,EI,CN,1
31089,EI,CN,1
31128,EI,CN,1
31129,EI,CN,2
31138,EI,CN,1
31148,EI,CN,1
31247,EI,CN,1
31350,EI,CN,2
31386,EI,CN,2
31470,EI,CN,2
31483,EI,CN,2
31597,EI,CN,1
31622,EI,CN,1
31628,EI,CN,1
31634,EI,CN,1
31665,EI,CN,1
31720,EI,CN,1
31728,EI,CN,1
31754,EI,CN,2
31808,EI,CN,1
31883,EI,CN,2
31907,EI,CN,2
32003,EI,CN,2
32090,EI,CN,1
32112,EI,CN,2
32116,EI,CN,2
32131,EI,CN,2
32167,EI,CN,1
32177,EI,CN,1
32263,EI,CN,2
32265,EI,CN,1
32323,EI,CN,2
32372,EI,CN,1
32463,EI,CN,2
32518,EI,CN,1
32558,EI,CN,1
32572,EI,CN,2
32679,EI,CN,1
32722,EI,CN,2
32747,EI,CN,1
32753,EI,CN,2
32785,EI,CN,1
32872,EI,CN,2
32894,EI,CN,2
32913,EI,CN,1
32917,EI,CN,2
32963,EI,CN,1
32972,EI,CN,2
33026,EI,CN,1
33067,EI,CN,2
33126,EI,CN,2
33141,EI,CN,2
33154,EI,CN,1
33262,EI,CN,2
33291,EI,CN,1
33322,EI,CN,2
33345,EI,CN,1
33390,EI,CN,1
33433,EI,CN,1
33470,EI,CN,1
33504,EI,CN,1
33509,EI,CN,1
33532,EI,CN,2
33618,EI,CN,1
33649,EI,CN,1
33741,EI,CN,1
33743,EI,CN,2
33765,EI,CN,2
33780,EI,CN,1
33806,EI,CN,1
33808,EI,CN,2
33856,EI,CN,1
33859,EI,CN,2
33890,EI,CN,2
33936,EI,CN,1
33940,EI,CN,1
33961,EI,CN,1
33962,EI,CN,2
33986,EI,CN,1
34029,EI,CN,2
34084,EI,CN,2
34125,EI,CN,2
34143,EI,CN,2
34148,EI,CN,1
34171,EI,CN,1
34215,EI,CN,2
34276,EI,CN,1
34332,EI,CN,2
34354,EI,CN,1
34404,EI,CN,2
34414,EI,CN,2
34456,EI,CN,2
34460,EI,CN,2
34500,EI,CN,1
34573,EI,CN,1
34714,EI,CN,2
34754,EI,CN,2
34812,EI,CN,2
34915,EI,CN,2
34918,EI,CN,2
34944,EI,CN,2
34983,EI,CN,2
35058,EI,CN,2
35064,EI,CN,1
35127,EI,CN,2
35156,EI,CN,2
35174,EI,CN,1
35191,EI,CN,2
35201,EI,CN,2
35204,EI,CN,2
35282,EI,CN,2
35287,EI,CN,1
35429,EI,CN,2
35467,EI,CN,1
35542,EI,CN,2
35564,EI,CN,2
35592,EI,CN,1
35643,EI,CN,2
35653,EI,CN,1
35732,EI,CN,2
35738,EI,CN,2
35743,EI,CN,2
35880,EI,CN,2
35907,EI,CN,2
35912,EI,CN,1
35918,EI,CN,2
35939,EI,CN,2
35991,EI,CN,2
36100,EI,CN,2
36117,EI,CN,1
36126,EI,CN,2
36186,EI,CN,2
36190,EI,CN,1
36199,EI,CN,2
36209,EI,CN,1
36223,EI,CN,2
36247,EI,CN,1
36341,EI,CN,2
36419,EI,CN,2
36434,EI,CN,2
36449,EI,CN,1
36482,EI,CN,2
36557,EI,CN,2
36686,EI,CN,2
36689,EI,CN,2
36734,EI,CN,1
36743,EI,CN,1
36767,EI,CN,2
36785,EI,CN,2
36812,EI,CN,2
36819,EI,CN,2
36849,EI,CN,2
36960,EI,CN,1
36974,EI,CN,2
37006,EI,CN,2
37016,EI,CN,2
37020,EI,CN,1
37082,EI,CN,2
37102,EI,CN,2
37114,EI,CN,1
37124,EI,CN,2
37184,EI,CN,2
37234,EI,CN,1
37245,EI,CN,1
37249,EI,CN,2
37258,EI,CN,1
37327,EI,CN,1
37367,EI,CN,2
37404,EI,CN,1
37422,EI,CN,2
37432,EI,CN,2
37435,EI,CN,1
37490,EI,CN,1
37542,EI,CN,2
37569,EI,CN,2
37608,EI,CN,1
37614,EI,CN,1
37617,EI,CN,2
37679,EI,CN,1
37723,EI,CN,2
37725,EI,CN,2
37741,EI,CN,2
37743,EI,CN,2
37842,EI,CN,1
37843,EI,CN,1
37909,EI,CN,1
37955,EI,CN,1
38026,EI,CN,2
38068,EI,CN,2
38078,EI,CN,2
38130,EI,CN,1
38144,EI,CN,1
38146,EI,CN,1
38166,EI,CN,1
38168,EI,CN,1
38191,EI,CN,2
38245,EI,CN,1
38267,EI,CN,2
38352,EI,CN,1
38363,EI,CN,2
38390,EI,CN,2
38395,EI,CN,1
38425,EI,CN,2
38485,EI,CN,1
38518,EI,CN,1
38530,EI,CN,1
38533,EI,CN,2
38554,EI,CN,2
38562,EI,CN,2
38593,EI,CN,2
38627,EI,CN,2
38630,EI,CN,1
38721,EI,CN,1
38773,EI,CN,2
38802,EI,CN,1
38809,EI,CN,2
38811,EI,CN,2
38829,EI,CN,1
38858,EI,CN,1
38920,EI,CN,2
38928,EI,CN,2
38947,EI,CN,1
39000,EI,CN,2
39152,EI,CN,1
39199,EI,CN,1
39321,EI,CN,1
39356,EI,CN,2
39388,EI,CN,2
39457,EI,CN,1
39466,EI,CN,1
39532,EI,CN,2
39553,EI,CN,2
39557,EI,CN,1
39630,EI,CN,1
39715,EI,CN,1
39795,EI,CN,2
39804,EI,CN,1
39833,EI,CN,2
39842,EI,CN,1
39855,EI,CN,1
39864,EI,CN,2
39884,EI,CN,2
39918,EI,CN,1
40029,EI,CN,2
40068,EI,CN,1
40135,EI,CN,1
40145,EI,CN,2
40164,EI,CN,1
40296,EI,CN,2
40352,EI,CN,1
40376,EI,CN,1
40497,EI,CN,2
40535,EI,CN,1
40542,EI,CN,2
40622,EI,CN,2
40625,EI,CN,2
40653,EI,CN,2
40762,EI,CN,1
40853,EI,CN,1
40855,EI,CN,2
40857,EI,CN,2
40920,EI,CN,1
40923,EI,CN,2
40969,EI,CN,1
40991,EI,CN,1
41001,EI,CN,2
41077,EI,CN,1
41103,EI,CN,2
41150,EI,CN,2
41152,EI,CN,1
41237,EI,CN,1
41239,EI,CN,1
41273,EI,CN,1
41360,EI,CN,2
41368,EI,CN,1
41416,EI,CN,1
41457,EI,CN,2
41472,EI,CN,1
41514,EI,CN,1
41581,EI,CN,2
41590,EI,CN,1
41607,EI,CN,1
41636,EI,CN,1
41704,EI,CN,1
41829,EI,CN,1
41836,EI,CN,1
41906,EI,CN,2
41973,EI,CN,2
42040,EI,CN,1
42067,EI,CN,1
42086,EI,CN,2
42112,EI,CN,2
42166,EI,CN,2
42174,EI,CN,2
42185,EI,CN,2
42228,EI,CN,2
42330,EI,CN,1
42335,EI,CN,2
42344,EI,CN,1
42391,EI,CN,2
42428,EI,CN,1
42468,EI,CN,2
42520,EI,CN,1
42521,EI,CN,1
42568,EI,CN,1
42572,EI,CN,2
42585,EI,CN,1
42609,EI,CN,2
42690,EI,CN,2
42714,EI,CN,2
42742,EI,CN,1
42860,EI,CN,2
42886,EI,CN,2
42922,EI,CN,2
43042,EI,CN,1
43070,EI,CN,2
43113,EI,CN,1
43164,EI,CN,2
43191,EI,CN,1
43285,EI,CN,1
43295,EI,CN,2
43350,EI,CN,2
43486,EI,CN,1
43526,EI,CN,2
43621,EI,CN,2
43668,EI,CN,2
43764,EI,CN,2
43800,EI,CN,1
43811,EI,CN,2
43878,EI,CN,1
44063,EI,CN,2
44064,EI,CN,2
44147,EI,CN,1
44167,EI,CN,2
44178,EI,CN,2
44313,EI,CN,2
44380,EI,CN,1
44400,EI,CN,1
44415,EI,CN,2
44430,EI,CN,2
44444,EI,CN,2
44458,EI,CN,2
44475,EI,CN,1
44479,EI,CN,2
44628,EI,CN,1
44682,EI,CN,1
44743,EI,CN,1
44833,EI,CN,2
44841,EI,CN,1
44887,EI,CN,2
44967,EI,CN,1
45012,EI,CN,2
45024,EI,CN,1
45075,EI,CN,2
45117,EI,CN,2
45137,EI,CN,2
45175,EI,CN,2
45184,EI,CN,1
45199,EI,CN,1
45314,EI,CN,1
45337,EI,CN,1
45340,EI,CN,2
45390,EI,CN,2
45424,EI,CN,2
45470,EI,CN,2
45492,EI,CN,1
45529,EI,CN,2
45544,EI,CN,2
45784,EI,CN,1
45800,EI,CN,2
45811,EI,CN,2
45837,EI,CN,1
45857,EI,CN,2
45893,EI,CN,2
45919,EI,CN,2
45938,EI,CN,2
45983,EI,CN,1
45985,EI,CN,1
46026,EI,CN,2
46132,EI,CN,1
46147,EI,CN,1
46160,EI,CN,1
46218,EI,CN,2
46346,EI,CN,1
46371,EI,CN,2
46372,EI,CN,2
46555,EI,CN,2
46569,EI,CN,2
46595,EI,CN,2
46674,EI,CN,1
46707,EI,CN,1
46710,EI,CN,2
46751,EI,CN,2
46756,EI,CN,1
46758,EI,CN,2
46810,EI,CN,2
46859,EI,CN,2
46880,EI,CN,1
46894,EI,CN,2
46969,EI,CN,2
47060,EI,CN,2
47065,EI,CN,1
47097,EI,CN,1
47139,EI,CN,2
47169,EI,CN,2
47174,EI,CN,2
47216,EI,CN,2
47246,EI,CN,2
47249,EI,CN,2
47362,EI,CN,1
47371,EI,CN,1
47560,EI,CN,1
47603,EI,CN,1
47619,EI,CN,2
47632,EI,CN,1
47865,EI,CN,2
47886,EI,CN,1
48180,EI,CN,2
48182,EI,CN,1
48217,EI,CN,2
48246,EI,CN,1
48295,EI,CN,2
48329,EI,CN,1
48352,EI,CN,1
48355,EI,CN,2
48359,EI,CN,1
48434,EI,CN,1
48441,EI,CN,1
48449,EI,CN,2
48506,EI,CN,2
48541,EI,CN,1
48562,EI,CN,2
48563,EI,CN,2
48566,EI,CN,1
48607,EI,CN,2
48618,EI,CN,1
48722,EI,CN,1
48728,EI,CN,1
48859,EI,CN,2
48898,EI,CN,1
48976,EI,CN,2
49004,EI,CN,1
49029,EI,CN,1
49047,EI,CN,1
49052,EI,CN,1
49095,EI,CN,1
49132,EI,CN,1
49146,EI,CN,1
49182,EI,CN,1
49189,EI,CN,1
49213,EI,CN,1
49228,EI,CN,1
49239,EI,CN,1
49242,EI,CN,2
49325,EI,CN,1
49460,EI,CN,1
49550,EI,CN,1
49700,EI,CN,1
49737,EI,CN,1
49765,EI,CN,1
49777,EI,CN,1
49804,EI,CN,2
49855,EI,CN,2
49870,EI,CN,2
49943,EI,CN,2
49950,EI,CN,2
49959,EI,CN,2
49971,EI,CN,2
55,EI,CT,2
107,EI,CT,2
176,EI,CT,1
257,EI,CT,1
284,EI,CT,2
287,EI,CT,1
310,EI,CT,2
337,EI,CT,2
379,EI,CT,2
393,EI,CT,2
405,EI,CT,2
423,EI,CT,1
450,EI,CT,2
504,EI,CT,2
525,EI,CT,2
545,EI,CT,1
626,EI,CT,2
715,EI,CT,2
722,EI,CT,1
793,EI,CT,2
804,EI,CT,2
813,EI,CT,2
856,EI,CT,2
893,EI,CT,2
922,EI,CT,1
1029,EI,CT,2
1057,EI,CT,1
1106,EI,CT,1
1176,EI,CT,2
1199,EI,CT,1
1200,EI,CT,2
1227,EI,CT,2
1261,EI,CT,2
1290,EI,CT,1
1347,EI,CT,1
1352,EI,CT,2
1363,EI,CT,2
1421,EI,CT,1
1434,EI,CT,2
1481,EI,CT,1
1545,EI,CT,1
1552,EI,CT,1
1573,EI,CT,1
1656,EI,CT,2
1687,EI,CT,1
1707,EI,CT,2
1733,EI,CT,2
1735,EI,CT,2
1755,EI,CT,2
1808,EI,CT,2
1814,EI,CT,2
1819,EI,CT,2
1822,EI,CT,1
1823,EI,CT,1
1862,EI,CT,1
2004,EI,CT,2
2039,EI,CT,2
2055,EI,CT,1
2068,EI,CT,2
2081,EI,CT,1
2155,EI,CT,2
2170,EI,CT,1
2221,EI,CT,2
2288,EI,CT,2
2375,EI,CT,2
2379,EI,CT,1
2408,EI,CT,1
2426,EI,CT,2
2584,EI,CT,2
2585,EI,CT,1
2600,EI,CT,1
2732,EI,CT,2
2844,EI,CT,1
2891,EI,CT,2
2932,EI,CT,2
2983,EI,CT,1
3056,EI,CT,1
3081,EI,CT,1
3102,EI,CT,1
3191,EI,CT,1
3230,EI,CT,1
3297,EI,CT,1
3363,EI,CT,1
3367,EI,CT,2
3385,EI,CT,1
3400,EI,CT,1
3418,EI,CT,1
3429,EI,CT,2
3440,EI,CT,1
3512,EI,CT,2
3524,EI,CT,1
3567,EI,CT,1
3631,EI,CT,2
3811,EI,CT,2
3824,EI,CT,1
3839,EI,CT,1
3867,EI,CT,1
3912,EI,CT,1
3929,EI,CT,1
3954,EI,CT,2
3971,EI,CT,2
3979,EI,CT,2
4017,EI,CT,1
4066,EI,CT,2
4087,EI,CT,2
4153,EI,CT,2
4182,EI,CT,1
4187,EI,CT,1
4207,EI,CT,1
4211,EI,CT,1
4303,EI,CT,1
4314,EI,CT,1
4339,EI,CT,2
4348,EI,CT,2
4447,EI,CT,1
4462,EI,CT,1
4591,EI,CT,1
4624,EI,CT,2
4651,EI,CT,2
4652,EI,CT,1
4663,EI,CT,1
4706,EI,CT,2
4716,EI,CT,1
4744,EI,CT,2
4767,EI,CT,1
4795,EI,CT,1
4797,EI,CT,1
4812,EI,CT,2
4827,EI,CT,2
4829,EI,CT,2
4851,EI,CT,2
4865,EI,CT,1
4871,EI,CT,1
4927,EI,CT,2
5006,EI,CT,2
5009,EI,CT,1
5024,EI,CT,1
5070,EI,CT,1
5086,EI,CT,2
5119,EI,CT,1
5120,EI,CT,2
5159,EI,CT,1
5406,EI,CT,1
5424,EI,CT,2
5475,EI,CT,2
5499,EI,CT,1
5570,EI,CT,1
5586,EI,CT,2
5619,EI,CT,2
5651,EI,CT,1
5741,EI,CT,2
5797,EI,CT,2
5824,EI,CT,2
5829,EI,CT,1
5834,EI,CT,1
5906,EI,CT,2
5913,EI,CT,2
5938,EI,CT,2
5957,EI,CT,2
5998,EI,CT,2
6010,EI,CT,2
6059,EI,CT,2
6111,EI,CT,1
6137,EI,CT,1
6156,EI,CT,1
6252,EI,CT,1
6253,EI,CT,2
6255,EI,CT,2
6295,EI,CT,1
6347,EI,CT,1
6374,EI,CT,1
6420,EI,CT,1
6452,EI,CT,1
6465,EI,CT,1
6484,EI,CT,2
6488,EI,CT,1
6527,EI,CT,1
6595,EI,CT,1
6631,EI,CT,1
6715,EI,CT,2
6728,EI,CT,1
6756,EI,CT,2
6812,EI,CT,1
6824,EI,CT,1
6826,EI,CT,2
6842,EI,CT,1
6867,EI,CT,1
6868,EI,CT,2
6899,EI,CT,2
6977,EI,CT,2
6991,EI,CT,1
7001,EI,CT,2
7004,EI,CT,1
7042,EI,CT,2
7070,EI,CT,2
7096,EI,CT,1
7099,EI,CT,1
7194,EI,CT,2
7220,EI,CT,2
7235,EI,CT,2
7313,EI,CT,2
7387,EI,CT,1
7407,EI,CT,1
7430,EI,CT,2
7439,EI,CT,1
7451,EI,CT,2
7498,EI,CT,2
7550,EI,CT,1
7553,EI,CT,2
7555,EI,CT,1
7581,EI,CT,2
7599,EI,CT,2
7631,EI,CT,1
7654,EI,CT,1
7687,EI,CT,1
7723,EI,CT,1
7756,EI,CT,1
7832,EI,CT,2
7887,EI,CT,1
7894,EI,CT,1
7915,EI,CT,2
7949,EI,CT,2
7966,EI,CT,1
7972,EI,CT,1
7992,EI,CT,1
8015,EI,CT,2
8033,EI,CT,1
8139,EI,CT,1
8217,EI,CT,1
8268,EI,CT,2
8339,EI,CT,1
8366,EI,CT,2
8444,EI,CT,1
8477,EI,CT,1
8580,EI,CT,2
8614,EI,CT,1
8630,EI,CT,2
8637,EI,CT,1
8672,EI,CT,1
8800,EI,CT,1
8816,EI,CT,2
8902,EI,CT,2
8923,EI,CT,2
8948,EI,CT,1
8993,EI,CT,1
9004,EI,CT,1
9089,EI,CT,2
9102,EI,CT,2
9120,EI,CT,1
9134,EI,CT,2
9246,EI,CT,2
9268,EI,CT,1
9324,EI,CT,2
9325,EI,CT,1
9349,EI,CT,2
9357,EI,CT,2
9417,EI,CT,1
9465,EI,CT,1
9469,EI,CT,2
9485,EI,CT,2
9544,EI,CT,1
9595,EI,CT,1
9632,EI,CT,2
9635,EI,CT,2
9677,EI,CT,2
9715,EI,CT,1
9724,EI,CT,1
9774,EI,CT,2
9796,EI,CT,1
9892,EI,CT,2
9899,EI,CT,1
9907,EI,CT,2
9934,EI,CT,1
9955,EI,CT,1
9987,EI,CT,1
10022,EI,CT,1
10156,EI,CT,1
10163,EI,CT,1
10174,EI,CT,1
10187,EI,CT,2
10210,EI,CT,1
10301,EI,CT,1
10328,EI,CT,1
10330,EI,CT,2
10375,EI,CT,1
10400,EI,CT,1
10423,EI,CT,2
10434,EI,CT,1
10450,EI,CT,2
10566,EI,CT,2
10600,EI,CT,1
10610,EI,CT,2
10621,EI,CT,2
10626,EI,CT,2
10634,EI,CT,2
10713,EI,CT,1
10771,EI,CT,2
10910,EI,CT,2
10954,EI,CT,2
10978,EI,CT,1
11024,EI,CT,2
11101,EI,CT,1
11102,EI,CT,1
11112,EI,CT,1
11120,EI,CT,2
11132,EI,CT,1
11189,EI,CT,2
11241,EI,CT,1
11264,EI,CT,2
11283,EI,CT,2
11511,EI,CT,2
11514,EI,CT,1
11523,EI,CT,2
11525,EI,CT,1
11553,EI,CT,1
11596,EI,CT,1
11603,EI,CT,1
11630,EI,CT,1
11647,EI,CT,1
11742,EI,CT,2
11786,EI,CT,1
11850,EI,CT,2
11870,EI,CT,1
11874,EI,CT,1
11930,EI,CT,1
11935,EI,CT,2
11967,EI,CT,1
12012,EI,CT,2
12074,EI,CT,1
12143,EI,CT,2
12151,EI,CT,1
12153,EI,CT,1
12219,EI,CT,1
12271,EI,CT,2
12284,EI,CT,2
12285,EI,CT,1
12301,EI,CT,1
12305,EI,CT,1
12323,EI,CT,1
12429,EI,CT,2
12472,EI,CT,2
12486,EI,CT,2
12494,EI,CT,1
12627,EI,CT,1
12645,EI,CT,1
12732,EI,CT,1
12798,EI,CT,2
12830,EI,CT,2
12860,EI,CT,2
12896,EI,CT,1
12903,EI,CT,2
12926,EI,CT,2
12936,EI,CT,2
12948,EI,CT,2
12975,EI,CT,2
12998,EI,CT,2
13035,EI,CT,1
13050,EI,CT,2
13113,EI,CT,2
13115,EI,CT,2
13137,EI,CT,2
13141,EI,CT,1
13200,EI,CT,1
13227,EI,CT,2
13319,EI,CT,1
13334,EI,CT,1
13384,EI,CT,1
13400,EI,CT,1
13447,EI,CT,2
13469,EI,CT,2
13484,EI,CT,2
13518,EI,CT,2
13531,EI,CT,1
13562,EI,CT,2
13726,EI,CT,2
13785,EI,CT,1
13843,EI,CT,2
13864,EI,CT,2
13874,EI,CT,1
13920,EI,CT,1
13923,EI,CT,2
13996,EI,CT,1
14011,EI,CT,2
14047,EI,CT,2
14055,EI,CT,2
14074,EI,CT,2
14137,EI,CT,2
14139,EI,CT,2
14224,EI,CT,2
14259,EI,CT,1
14300,EI,CT,1
14325,EI,CT,1
14408,EI,CT,1
14469,EI,CT,1
14488,EI,CT,1
14532,EI,CT,2
14550,EI,CT,2
14557,EI,CT,1
14581,EI,CT,2
14617,EI,CT,2
14707,EI,CT,1
14759,EI,CT,2
14793,EI,CT,1
14796,EI,CT,2
14818,EI,CT,1
14845,EI,CT,2
14858,EI,CT,2
14868,EI,CT,1
14900,EI,CT,1
14932,EI,CT,2
14970,EI,CT,2
14988,EI,CT,2
15035,EI,CT,1
15066,EI,CT,2
15131,EI,CT,1
15133,EI,CT,2
15176,EI,CT,2
15189,EI,CT,1
15254,EI,CT,1
15290,EI,CT,1
15363,EI,CT,2
15452,EI,CT,2
15535,EI,CT,2
15538,EI,CT,1
15555,EI,CT,2
15585,EI,CT,2
15614,EI,CT,2
15620,EI,CT,2
15693,EI,CT,1
15721,EI,CT,2
15735,EI,CT,1
15799,EI,CT,2
15810,EI,CT,1
15822,EI,CT,1
15883,EI,CT,1
15894,EI,CT,1
15938,EI,CT,1
15980,EI,CT,2
16011,EI,CT,1
16114,EI,CT,1
16120,EI,CT,1
16170,EI,CT,2
16174,EI,CT,1
16204,EI,CT,1
16212,EI,CT,1
16213,EI,CT,1
16230,EI,CT,1
16264,EI,CT,1
16339,EI,CT,1
16355,EI,CT,2
16398,EI,CT,1
16572,EI,CT,1
16600,EI,CT,1
16614,EI,CT,1
16642,EI,CT,1
16731,EI,CT,1
16801,EI,CT,2
16845,EI,CT,1
16858,EI,CT,2
16891,EI,CT,1
16903,EI,CT,1
16977,EI,CT,1
17002,EI,CT,2
17048,EI,CT,1
17079,EI,CT,2
17121,EI,CT,2
17165,EI,CT,2
17212,EI,CT,1
17227,EI,CT,1
17241,EI,CT,2
17280,EI,CT,2
17322,EI,CT,1
17355,EI,CT,2
17361,EI,CT,1
17364,EI,CT,1
17386,EI,CT,2
17423,EI,CT,2
17455,EI,CT,1
17468,EI,CT,1
17475,EI,CT,1
17585,EI,CT,2
17693,EI,CT,1
17744,EI,CT,2
17746,EI,CT,2
17792,EI,CT,1
17806,EI,CT,2
17841,EI,CT,2
17877,EI,CT,1
17885,EI,CT,2
17914,EI,CT,1
17963,EI,CT,2
18223,EI,CT,2
18290,EI,CT,1
18337,EI,CT,1
18550,EI,CT,2
18597,EI,CT,1
18613,EI,CT,2
18630,EI,CT,2
18631,EI,CT,1
18643,EI,CT,1
18652,EI,CT,1
18656,EI,CT,2
18670,EI,CT,1
18805,EI,CT,1
18806,EI,CT,1
18820,EI,CT,1
18839,EI,CT,2
18874,EI,CT,1
18886,EI,CT,1
18935,EI,CT,1
18961,EI,CT,2
18970,EI,CT,1
18998,EI,CT,2
19036,EI,CT,2
19045,EI,CT,2
19113,EI,CT,2
19164,EI,CT,2
19267,EI,CT,2
19295,EI,CT,1
19331,EI,CT,2
19341,EI,CT,1
19363,EI,CT,1
19383,EI,CT,1
19385,EI,CT,2
19395,EI,CT,2
19486,EI,CT,2
19496,EI,CT,2
19532,EI,CT,1
19538,EI,CT,1
19593,EI,CT,2
19599,EI,CT,2
19643,EI,CT,1
19686,EI,CT,1
19738,EI,CT,1
19794,EI,CT,1
19811,EI,CT,1
19826,EI,CT,2
19830,EI,CT,2
19839,EI,CT,2
19854,EI,CT,2
19900,EI,CT,2
19915,EI,CT,1
19967,EI,CT,1
19968,EI,CT,2
20031,EI,CT,1
20132,EI,CT,2
20270,EI,CT,1
20283,EI,CT,2
20299,EI,CT,2
20338,EI,CT,1
20351,EI,CT,2
20380,EI,CT,2
20420,EI,CT,1
20422,EI,CT,1
20431,EI,CT,1
20443,EI,CT,1
20446,EI,CT,2
20465,EI,CT,1
20467,EI,CT,2
20504,EI,CT,2
20528,EI,CT,1
20542,EI,CT,1
20549,EI,CT,1
20609,EI,CT,1
20666,EI,CT,1
20677,EI,CT,1
20685,EI,CT,2
20716,EI,CT,2
20717,EI,CT,2
20839,EI,CT,2
20853,EI,CT,1
20869,EI,CT,2
20890,EI,CT,2
20895,EI,CT,1
20964,EI,CT,1
20971,EI,CT,2
21016,EI,CT,1
21051,EI,CT,2
21067,EI,CT,2
21074,EI,CT,1
21098,EI,CT,2
21130,EI,CT,2
21158,EI,CT,1
21165,EI,CT,1
21167,EI,CT,1
21173,EI,CT,1
21180,EI,CT,2
21203,EI,CT,2
21210,EI,CT,1
21328,EI,CT,1
21399,EI,CT,1
21509,EI,CT,2
21544,EI,CT,2
21598,EI,CT,2
21606,EI,CT,2
21608,EI,CT,1
21629,EI,CT,1
21630,EI,CT,2
21691,EI,CT,1
21847,EI,CT,2
21910,EI,CT,2
21935,EI,CT,1
21961,EI,CT,2
21976,EI,CT,1
21987,EI,CT,2
22043,EI,CT,2
22052,EI,CT,1
22065,EI,CT,1
22066,EI,CT,2
22090,EI,CT,1
22126,EI,CT,2
22166,EI,CT,2
22184,EI,CT,2
22189,EI,CT,2
22194,EI,CT,2
22266,EI,CT,1
22314,EI,CT,2
22356,EI,CT,2
22467,EI,CT,2
22679,EI,CT,1
22707,EI,CT,2
22767,EI,CT,2
22770,EI,CT,1
22814,EI,CT,1
22819,EI,CT,2
22833,EI,CT,1
22849,EI,CT,2
22966,EI,CT,2
23023,EI,CT,1
23052,EI,CT,1
23089,EI,CT,1
23103,EI,CT,2
23104,EI,CT,2
23128,EI,CT,1
23200,EI,CT,1
23313,EI,CT,2
23322,EI,CT,1
23323,EI,CT,1
23404,EI,CT,2
23415,EI,CT,2
23440,EI,CT,2
23453,EI,CT,2
23505,EI,CT,1
23514,EI,CT,2
23524,EI,CT,1
23530,EI,CT,2
23534,EI,CT,1
23574,EI,CT,1
23584,EI,CT,1
23605,EI,CT,1
23620,EI,CT,2
23648,EI,CT,2
23699,EI,CT,2
23713,EI,CT,2
23779,EI,CT,1
23871,EI,CT,1
23873,EI,CT,1
23901,EI,CT,1
24026,EI,CT,2
24163,EI,CT,1
24174,EI,CT,2
24260,EI,CT,2
24291,EI,CT,2
24304,EI,CT,1
24334,EI,CT,2
24405,EI,CT,2
24408,EI,CT,1
24500,EI,CT,2
24502,EI,CT,2
24541,EI,CT,2
24573,EI,CT,1
24577,EI,CT,1
24637,EI,CT,2
24673,EI,CT,2
24706,EI,CT,1
24740,EI,CT,2
24774,EI,CT,2
24836,EI,CT,1
24871,EI,CT,1
24902,EI,CT,2
24959,EI,CT,1
24975,EI,CT,1
24995,EI,CT,1
25015,EI,CT,1
25038,EI,CT,1
25109,EI,CT,2
25137,EI,CT,1
25155,EI,CT,1
25239,EI,CT,2
25270,EI,CT,1
25302,EI,CT,2
25337,EI,CT,1
25348,EI,CT,1
25369,EI,CT,2
25416,EI,CT,1
25435,EI,CT,1
25447,EI,CT,1
25448,EI,CT,2
25471,EI,CT,2
25591,EI,CT,1
25650,EI,CT,1
25690,EI,CT,1
25698,EI,CT,2
25856,EI,CT,1
25990,EI,CT,2
26032,EI,CT,1
26129,EI,CT,2
26161,EI,CT,1
26178,EI,CT,2
26211,EI,CT,2
26281,EI,CT,2
26287,EI,CT,2
26292,EI,CT,1
26302,EI,CT,1
26321,EI,CT,2
26337,EI,CT,1
26345,EI,CT,1
26480,EI,CT,2
26492,EI,CT,2
26528,EI,CT,1
26546,EI,CT,1
26556,EI,CT,1
26575,EI,CT,1
26678,EI,CT,2
26714,EI,CT,2
26831,EI,CT,1
26865,EI,CT,2
26878,EI,CT,2
26995,EI,CT,1
27029,EI,CT,2
27088,EI,CT,1
27101,EI,CT,1
27117,EI,CT,1
27271,EI,CT,1
27395,EI,CT,2
27431,EI,CT,2
27497,EI,CT,1
27524,EI,CT,2
27558,EI,CT,2
27610,EI,CT,2
27668,EI,CT,2
27688,EI,CT,2
27740,EI,CT,2
27786,EI,CT,2
27828,EI,CT,2
27904,EI,CT,2
27910,EI,CT,2
27911,EI,CT,2
28011,EI,CT,2
28019,EI,CT,1
28051,EI,CT,2
28057,EI,CT,1
28067,EI,CT,1
28114,EI,CT,2
28222,EI,CT,2
28262,EI,CT,2
28271,EI,CT,1
28339,EI,CT,1
28341,EI,CT,1
28365,EI,CT,2
28463,EI,CT,2
28490,EI,CT,1
28550,EI,CT,1
28574,EI,CT,2
28656,EI,CT,2
28674,EI,CT,2
28728,EI,CT,1
28789,EI,CT,2
28790,EI,CT,2
28822,EI,CT,2
28963,EI,CT,1
29070,EI,CT,2
29105,EI,CT,2
29132,EI,CT,1
29144,EI,CT,1
29184,EI,CT,1
29243,EI,CT,2
29385,EI,CT,1
29417,EI,CT,2
29465,EI,CT,1
29484,EI,CT,2
29582,EI,CT,1
29629,EI,CT,1
29644,EI,CT,1
29679,EI,CT,1
29768,EI,CT,1
29880,EI,CT,1
29903,EI,CT,1
29912,EI,CT,1
29978,EI,CT,2
30052,EI,CT,1
30118,EI,CT,1
30131,EI,CT,2
30137,EI,CT,2
30143,EI,CT,1
30180,EI,CT,1
30259,EI,CT,1
30273,EI,CT,1
30328,EI,CT,1
30329,EI,CT,1
30336,EI,CT,2
30340,EI,CT,1
30352,EI,CT,2
30367,EI,CT,2
30457,EI,CT,2
30498,EI,CT,2
30514,EI,CT,1
30544,EI,CT,1
30637,EI,CT,1
30694,EI,CT,2
30701,EI,CT,2
30710,EI,CT,2
30794,EI,CT,1
30807,EI,CT,2
30825,EI,CT,1
30846,EI,CT,1
30856,EI,CT,2
30872,EI,CT,2
30880,EI,CT,1
30899,EI,CT,1
30922,EI,CT,2
30936,EI,CT,2
31029,EI,CT,1
31060,EI,CT,1
31081,EI,CT,2
31089,EI,CT,1
31128,EI,CT,1
31129,EI,CT,2
31138,EI,CT,1
31148,EI,CT,1
31247,EI,CT,1
31266,EI,CT,2
31350,EI,CT,2
31386,EI,CT,2
31470,EI,CT,2
31483,EI,CT,2
31568,EI,CT,2
31597,EI,CT,1
31622,EI,CT,1
31628,EI,CT,1
31634,EI,CT,1
31665,EI,CT,1
31720,EI,CT,1
31728,EI,CT,1
31754,EI,CT,2
31808,EI,CT,2
31883,EI,CT,2
31907,EI,CT,2
32003,EI,CT,2
32090,EI,CT,1
32112,EI,CT,2
32116,EI,CT,2
32131,EI,CT,2
32167,EI,CT,1
32177,EI,CT,1
32263,EI,CT,2
32265,EI,CT,1
32323,EI,CT,2
32372,EI,CT,1
32463,EI,CT,2
32489,EI,CT,1
32518,EI,CT,1
32558,EI,CT,1
32572,EI,CT,2
32638,EI,CT,2
32679,EI,CT,1
32722,EI,CT,2
32747,EI,CT,1
32753,EI,CT,2
32785,EI,CT,1
32872,EI,CT,2
32894,EI,CT,2
32913,EI,CT,1
32917,EI,CT,2
32963,EI,CT,2
32972,EI,CT,2
33026,EI,CT,1
33067,EI,CT,2
33126,EI,CT,2
33141,EI,CT,2
33154,EI,CT,1
33262,EI,CT,2
33291,EI,CT,1
33322,EI,CT,2
33345,EI,CT,1
33390,EI,CT,1
33409,EI,CT,1
33433,EI,CT,1
33470,EI,CT,1
33504,EI,CT,1
33509,EI,CT,1
33532,EI,CT,2
33618,EI,CT,1
33649,EI,CT,1
33741,EI,CT,1
33743,EI,CT,2
33765,EI,CT,2
33806,EI,CT,1
33808,EI,CT,2
33856,EI,CT,1
33859,EI,CT,2
33890,EI,CT,2
33936,EI,CT,1
33940,EI,CT,1
33961,EI,CT,1
33962,EI,CT,2
33986,EI,CT,1
34029,EI,CT,2
34084,EI,CT,1
34125,EI,CT,2
34143,EI,CT,2
34148,EI,CT,1
34171,EI,CT,1
34215,EI,CT,2
34276,EI,CT,1
34332,EI,CT,2
34354,EI,CT,1
34404,EI,CT,2
34414,EI,CT,2
34460,EI,CT,2
34500,EI,CT,1
34573,EI,CT,1
34667,EI,CT,2
34714,EI,CT,2
34754,EI,CT,1
34812,EI,CT,2
34915,EI,CT,2
34918,EI,CT,2
34930,EI,CT,1
34944,EI,CT,2
34983,EI,CT,2
35058,EI,CT,2
35127,EI,CT,2
35156,EI,CT,2
35174,EI,CT,1
35191,EI,CT,2
35201,EI,CT,2
35204,EI,CT,2
35282,EI,CT,2
35287,EI,CT,1
35397,EI,CT,2
35429,EI,CT,2
35467,EI,CT,2
35542,EI,CT,2
35564,EI,CT,2
35592,EI,CT,1
35643,EI,CT,2
35653,EI,CT,1
35715,EI,CT,2
35732,EI,CT,2
35738,EI,CT,2
35743,EI,CT,2
35871,EI,CT,2
35880,EI,CT,2
35907,EI,CT,2
35912,EI,CT,1
35918,EI,CT,2
35939,EI,CT,2
35991,EI,CT,2
36100,EI,CT,2
36117,EI,CT,1
36126,EI,CT,2
36186,EI,CT,2
36190,EI,CT,1
36199,EI,CT,2
36209,EI,CT,1
36223,EI,CT,2
36247,EI,CT,1
36403,EI,CT,2
36419,EI,CT,2
36434,EI,CT,2
36449,EI,CT,1
36482,EI,CT,2
36557,EI,CT,2
36686,EI,CT,2
36689,EI,CT,2
36734,EI,CT,1
36743,EI,CT,1
36767,EI,CT,2
36785,EI,CT,2
36812,EI,CT,2
36819,EI,CT,2
36849,EI,CT,2
36960,EI,CT,1
36974,EI,CT,2
37006,EI,CT,2
37016,EI,CT,2
37020,EI,CT,1
37082,EI,CT,2
37102,EI,CT,2
37114,EI,CT,1
37124,EI,CT,2
37234,EI,CT,1
37245,EI,CT,1
37249,EI,CT,2
37258,EI,CT,1
37327,EI,CT,1
37367,EI,CT,2
37404,EI,CT,1
37432,EI,CT,2
37435,EI,CT,1
37490,EI,CT,1
37537,EI,CT,2
37542,EI,CT,1
37569,EI,CT,2
37608,EI,CT,1
37614,EI,CT,1
37617,EI,CT,2
37679,EI,CT,1
37723,EI,CT,2
37725,EI,CT,1
37741,EI,CT,2
37743,EI,CT,2
37842,EI,CT,1
37843,EI,CT,1
37909,EI,CT,1
37955,EI,CT,1
38026,EI,CT,2
38068,EI,CT,2
38078,EI,CT,2
38130,EI,CT,1
38144,EI,CT,1
38146,EI,CT,1
38166,EI,CT,1
38168,EI,CT,1
38191,EI,CT,2
38245,EI,CT,1
38267,EI,CT,2
38352,EI,CT,1
38390,EI,CT,1
38395,EI,CT,1
38425,EI,CT,2
38485,EI,CT,1
38518,EI,CT,1
38530,EI,CT,1
38533,EI,CT,2
38554,EI,CT,2
38562,EI,CT,2
38593,EI,CT,2
38627,EI,CT,2
38630,EI,CT,1
38721,EI,CT,1
38802,EI,CT,1
38809,EI,CT,1
38811,EI,CT,2
38829,EI,CT,1
38858,EI,CT,2
38920,EI,CT,2
38928,EI,CT,2
38947,EI,CT,1
39152,EI,CT,1
39199,EI,CT,1
39321,EI,CT,1
39356,EI,CT,2
39388,EI,CT,2
39457,EI,CT,1
39466,EI,CT,1
39532,EI,CT,2
39553,EI,CT,2
39557,EI,CT,1
39630,EI,CT,1
39715,EI,CT,1
39795,EI,CT,1
39804,EI,CT,1
39833,EI,CT,2
39842,EI,CT,1
39855,EI,CT,1
39864,EI,CT,2
39884,EI,CT,2
39918,EI,CT,1
40029,EI,CT,2
40068,EI,CT,1
40135,EI,CT,1
40145,EI,CT,2
40164,EI,CT,1
40169,EI,CT,1
40296,EI,CT,2
40352,EI,CT,1
40376,EI,CT,1
40497,EI,CT,2
40542,EI,CT,2
40622,EI,CT,2
40625,EI,CT,2
40653,EI,CT,2
40762,EI,CT,1
40853,EI,CT,1
40855,EI,CT,1
40857,EI,CT,2
40920,EI,CT,1
40923,EI,CT,2
40969,EI,CT,1
41001,EI,CT,2
41077,EI,CT,1
41103,EI,CT,2
41150,EI,CT,2
41152,EI,CT,2
41237,EI,CT,1
41239,EI,CT,1
41273,EI,CT,1
41360,EI,CT,2
41368,EI,CT,1
41416,EI,CT,1
41472,EI,CT,1
41514,EI,CT,1
41581,EI,CT,2
41590,EI,CT,2
41607,EI,CT,1
41636,EI,CT,1
41704,EI,CT,1
41829,EI,CT,1
41836,EI,CT,1
41906,EI,CT,2
41973,EI,CT,2
42006,EI,CT,2
42040,EI,CT,1
42067,EI,CT,1
42086,EI,CT,2
42112,EI,CT,2
42166,EI,CT,2
42174,EI,CT,2
42185,EI,CT,2
42228,EI,CT,2
42330,EI,CT,1
42335,EI,CT,2
42344,EI,CT,1
42391,EI,CT,2
42428,EI,CT,1
42468,EI,CT,2
42520,EI,CT,1
42521,EI,CT,1
42568,EI,CT,1
42572,EI,CT,2
42585,EI,CT,1
42609,EI,CT,2
42690,EI,CT,2
42714,EI,CT,2
42742,EI,CT,1
42860,EI,CT,2
42886,EI,CT,2
42922,EI,CT,2
43042,EI,CT,1
43070,EI,CT,2
43113,EI,CT,1
43164,EI,CT,2
43191,EI,CT,1
43285,EI,CT,1
43295,EI,CT,2
43350,EI,CT,2
43486,EI,CT,1
43526,EI,CT,2
43621,EI,CT,2
43668,EI,CT,2
43764,EI,CT,2
43800,EI,CT,1
43878,EI,CT,1
44064,EI,CT,2
44147,EI,CT,1
44167,EI,CT,2
44178,EI,CT,2
44380,EI,CT,1
44400,EI,CT,1
44415,EI,CT,2
44430,EI,CT,2
44444,EI,CT,2
44458,EI,CT,2
44475,EI,CT,1
44479,EI,CT,2
44628,EI,CT,1
44682,EI,CT,1
44743,EI,CT,1
44812,EI,CT,2
44833,EI,CT,2
44841,EI,CT,1
44887,EI,CT,2
44967,EI,CT,1
45012,EI,CT,2
45024,EI,CT,1
45075,EI,CT,2
45117,EI,CT,2
45137,EI,CT,2
45175,EI,CT,2
45184,EI,CT,1
45190,EI,CT,1
45199,EI,CT,1
45289,EI,CT,1
45314,EI,CT,1
45337,EI,CT,1
45340,EI,CT,2
45390,EI,CT,2
45470,EI,CT,2
45492,EI,CT,1
45529,EI,CT,2
45544,EI,CT,2
45784,EI,CT,1
45800,EI,CT,2
45811,EI,CT,2
45837,EI,CT,1
45857,EI,CT,1
45893,EI,CT,2
45938,EI,CT,2
45983,EI,CT,1
45985,EI,CT,1
46026,EI,CT,2
46132,EI,CT,1
46147,EI,CT,1
46160,EI,CT,1
46218,EI,CT,2
46346,EI,CT,1
46372,EI,CT,2
46555,EI,CT,2
46569,EI,CT,2
46595,EI,CT,2
46674,EI,CT,1
46707,EI,CT,1
46710,EI,CT,2
46751,EI,CT,2
46756,EI,CT,1
46810,EI,CT,2
46859,EI,CT,2
46880,EI,CT,1
46894,EI,CT,2
46969,EI,CT,2
47024,EI,CT,2
47060,EI,CT,2
47065,EI,CT,1
47097,EI,CT,1
47139,EI,CT,2
47169,EI,CT,2
47174,EI,CT,2
47216,EI,CT,2
47246,EI,CT,2
47249,EI,CT,2
47362,EI,CT,1
47371,EI,CT,1
47560,EI,CT,1
47603,EI,CT,1
47619,EI,CT,2
47632,EI,CT,1
47865,EI,CT,2
47886,EI,CT,1
48180,EI,CT,2
48182,EI,CT,1
48217,EI,CT,2
48246,EI,CT,1
48295,EI,CT,2
48329,EI,CT,1
48352,EI,CT,1
48355,EI,CT,2
48359,EI,CT,1
48434,EI,CT,1
48449,EI,CT,2
48506,EI,CT,2
48541,EI,CT,1
48562,EI,CT,2
48563,EI,CT,2
48566,EI,CT,1
48587,EI,CT,1
48607,EI,CT,2
48618,EI,CT,1
48722,EI,CT,2
48728,EI,CT,1
48859,EI,CT,2
48898,EI,CT,1
48976,EI,CT,2
49004,EI,CT,1
49029,EI,CT,1
49047,EI,CT,1
49052,EI,CT,1
49095,EI,CT,1
49132,EI,CT,1
49146,EI,CT,1
49168,EI,CT,2
49182,EI,CT,2
49189,EI,CT,1
49213,EI,CT,1
49228,EI,CT,1
49239,EI,CT,1
49242,EI,CT,2
49325,EI,CT,1
49400,EI,CT,2
49460,EI,CT,1
49550,EI,CT,1
49700,EI,CT,1
49737,EI,CT,1
49765,EI,CT,2
49804,EI,CT,2
49855,EI,CT,2
49870,EI,CT,2
49943,EI,CT,2
49950,EI,CT,2
49959,EI,CT,2
49971,EI,CT,1
107,EI,R1,2
176,EI,R1,1
257,EI,R1,1
284,EI,R1,2
287,EI,R1,1
310,EI,R1,2
337,EI,R1,2
379,EI,R1,2
393,EI,R1,2
423,EI,R1,2
450,EI,R1,2
504,EI,R1,2
545,EI,R1,1
626,EI,R1,2
715,EI,R1,2
722,EI,R1,1
793,EI,R1,2
804,EI,R1,2
813,EI,R1,2
856,EI,R1,2
893,EI,R1,2
922,EI,R1,1
1029,EI,R1,2
1057,EI,R1,1
1176,EI,R1,2
1199,EI,R1,1
1200,EI,R1,2
1205,EI,R1,2
1227,EI,R1,2
1261,EI,R1,2
1347,EI,R1,1
1352,EI,R1,2
1363,EI,R1,2
1421,EI,R1,1
1481,EI,R1,1
1552,EI,R1,1
1573,EI,R1,1
1656,EI,R1,2
1687,EI,R1,1
1707,EI,R1,2
1733,EI,R1,2
1755,EI,R1,2
1808,EI,R1,1
1814,EI,R1,2
1819,EI,R1,2
1822,EI,R1,1
1823,EI,R1,2
2004,EI,R1,2
2039,EI,R1,2
2055,EI,R1,1
2068,EI,R1,2
2081,EI,R1,1
2155,EI,R1,2
2221,EI,R1,2
2288,EI,R1,2
2375,EI,R1,2
2426,EI,R1,2
2584,EI,R1,2
2585,EI,R1,1
2599,EI,R1,1
2600,EI,R1,1
2844,EI,R1,1
2891,EI,R1,2
2932,EI,R1,2
2983,EI,R1,1
3056,EI,R1,1
3102,EI,R1,1
3191,EI,R1,1
3230,EI,R1,2
3297,EI,R1,1
3363,EI,R1,1
3385,EI,R1,1
3400,EI,R1,1
3418,EI,R1,1
3429,EI,R1,2
3440,EI,R1,1
3512,EI,R1,2
3524,EI,R1,1
3631,EI,R1,2
3811,EI,R1,2
3824,EI,R1,1
3867,EI,R1,1
3868,EI,R1,1
3912,EI,R1,1
3929,EI,R1,1
3954,EI,R1,2
3971,EI,R1,2
4017,EI,R1,2
4066,EI,R1,2
4087,EI,R1,2
4187,EI,R1,1
4207,EI,R1,1
4211,EI,R1,1
4303,EI,R1,1
4314,EI,R1,1
4339,EI,R1,1
4348,EI,R1,2
4447,EI,R1,1
4462,EI,R1,1
4591,EI,R1,1
4624,EI,R1,2
4651,EI,R1,1
4652,EI,R1,1
4663,EI,R1,1
4706,EI,R1,2
4716,EI,R1,1
4744,EI,R1,2
4767,EI,R1,1
4795,EI,R1,1
4797,EI,R1,1
4812,EI,R1,1
4827,EI,R1,2
4829,EI,R1,2
4851,EI,R1,2
4856,EI,R1,2
4927,EI,R1,2
4937,EI,R1,1
5006,EI,R1,1
5009,EI,R1,1
5024,EI,R1,1
5070,EI,R1,2
5086,EI,R1,2
5105,EI,R1,2
5119,EI,R1,1
5120,EI,R1,2
5159,EI,R1,1
5406,EI,R1,1
5424,EI,R1,2
5475,EI,R1,2
5499,EI,R1,1
5570,EI,R1,1
5586,EI,R1,1
5619,EI,R1,2
5651,EI,R1,1
5797,EI,R1,2
5824,EI,R1,2
5829,EI,R1,1
5906,EI,R1,2
5913,EI,R1,2
5938,EI,R1,2
5957,EI,R1,1
5998,EI,R1,2
6010,EI,R1,2
6059,EI,R1,1
6111,EI,R1,1
6137,EI,R1,1
6156,EI,R1,1
6253,EI,R1,2
6255,EI,R1,2
6295,EI,R1,1
6347,EI,R1,1
6374,EI,R1,1
6420,EI,R1,1
6452,EI,R1,1
6465,EI,R1,1
6484,EI,R1,2
6488,EI,R1,1
6519,EI,R1,1
6527,EI,R1,1
6595,EI,R1,1
6631,EI,R1,1
6692,EI,R1,1
6715,EI,R1,2
6728,EI,R1,1
6756,EI,R1,2
6812,EI,R1,1
6824,EI,R1,1
6826,EI,R1,2
6842,EI,R1,1
6867,EI,R1,1
6868,EI,R1,2
6899,EI,R1,2
6965,EI,R1,2
6977,EI,R1,2
6991,EI,R1,1
7001,EI,R1,2
7004,EI,R1,1
7042,EI,R1,2
7070,EI,R1,2
7096,EI,R1,1
7099,EI,R1,1
7194,EI,R1,2
7220,EI,R1,2
7313,EI,R1,2
7387,EI,R1,1
7407,EI,R1,1
7430,EI,R1,2
7439,EI,R1,1
7451,EI,R1,2
7498,EI,R1,2
7550,EI,R1,1
7553,EI,R1,2
7555,EI,R1,1
7581,EI,R1,2
7631,EI,R1,1
7654,EI,R1,1
7687,EI,R1,1
7723,EI,R1,1
7756,EI,R1,1
7832,EI,R1,1
7894,EI,R1,1
7915,EI,R1,2
7966,EI,R1,1
7972,EI,R1,1
8015,EI,R1,2
8033,EI,R1,2
8139,EI,R1,1
8217,EI,R1,2
8268,EI,R1,2
8339,EI,R1,2
8366,EI,R1,2
8444,EI,R1,1
8477,EI,R1,1
8580,EI,R1,2
8630,EI,R1,2
8637,EI,R1,1
8672,EI,R1,1
8800,EI,R1,2
8816,EI,R1,2
8902,EI,R1,2
8923,EI,R1,2
8948,EI,R1,1
8993,EI,R1,1
9004,EI,R1,1
9089,EI,R1,2
9102,EI,R1,2
9134,EI,R1,2
9246,EI,R1,2
9268,EI,R1,1
9324,EI,R1,2
9349,EI,R1,2
9357,EI,R1,2
9417,EI,R1,1
9459,EI,R1,2
9465,EI,R1,1
9469,EI,R1,2
9473,EI,R1,1
9485,EI,R1,2
9544,EI,R1,2
9595,EI,R1,2
9632,EI,R1,1
9635,EI,R1,2
9677,EI,R1,2
9715,EI,R1,1
9774,EI,R1,2
9796,EI,R1,1
9892,EI,R1,2
9907,EI,R1,2
9934,EI,R1,1
9955,EI,R1,2
10022,EI,R1,1
10156,EI,R1,1
10163,EI,R1,1
10174,EI,R1,1
10187,EI,R1,2
10189,EI,R1,2
10210,EI,R1,1
10328,EI,R1,1
10330,EI,R1,2
10361,EI,R1,1
10375,EI,R1,1
10400,EI,R1,1
10423,EI,R1,2
10434,EI,R1,1
10566,EI,R1,2
10600,EI,R1,1
10610,EI,R1,2
10621,EI,R1,2
10626,EI,R1,1
10634,EI,R1,2
10713,EI,R1,2
10771,EI,R1,2
10803,EI,R1,1
10910,EI,R1,2
10954,EI,R1,2
10978,EI,R1,1
11024,EI,R1,2
11101,EI,R1,2
11102,EI,R1,1
11112,EI,R1,1
11120,EI,R1,2
11132,EI,R1,1
11189,EI,R1,2
11264,EI,R1,2
11283,EI,R1,2
11511,EI,R1,2
11514,EI,R1,1
11523,EI,R1,2
11525,EI,R1,1
11596,EI,R1,1
11603,EI,R1,1
11617,EI,R1,2
11630,EI,R1,1
11647,EI,R1,1
11742,EI,R1,2
11786,EI,R1,1
11850,EI,R1,2
11870,EI,R1,1
11874,EI,R1,1
11930,EI,R1,1
11935,EI,R1,2
11967,EI,R1,1
12074,EI,R1,1
12151,EI,R1,1
12153,EI,R1,1
12219,EI,R1,1
12271,EI,R1,2
12285,EI,R1,1
12301,EI,R1,1
12305,EI,R1,1
12323,EI,R1,2
12429,EI,R1,2
12472,EI,R1,2
12486,EI,R1,2
12494,EI,R1,1
12645,EI,R1,1
12732,EI,R1,1
12798,EI,R1,2
12830,EI,R1,2
12860,EI,R1,2
12896,EI,R1,1
12903,EI,R1,2
12926,EI,R1,2
12936,EI,R1,2
12948,EI,R1,2
12975,EI,R1,2
12998,EI,R1,1
13035,EI,R1,1
13050,EI,R1,2
13061,EI,R1,1
13113,EI,R1,1
13115,EI,R1,1
13137,EI,R1,2
13141,EI,R1,1
13200,EI,R1,1
13227,EI,R1,2
13300,EI,R1,2
13319,EI,R1,1
13334,EI,R1,1
13384,EI,R1,1
13400,EI,R1,2
13447,EI,R1,2
13484,EI,R1,2
13518,EI,R1,2
13562,EI,R1,2
13726,EI,R1,1
13785,EI,R1,1
13843,EI,R1,2
13864,EI,R1,2
13874,EI,R1,1
13920,EI,R1,2
13996,EI,R1,2
14011,EI,R1,2
14047,EI,R1,2
14055,EI,R1,2
14074,EI,R1,2
14137,EI,R1,2
14139,EI,R1,2
14224,EI,R1,2
14259,EI,R1,1
14300,EI,R1,1
14325,EI,R1,1
14408,EI,R1,1
14410,EI,R1,2
14469,EI,R1,1
14488,EI,R1,1
14532,EI,R1,2
14550,EI,R1,2
14557,EI,R1,1
14581,EI,R1,2
14617,EI,R1,2
14759,EI,R1,2
14793,EI,R1,1
14796,EI,R1,2
14845,EI,R1,2
14858,EI,R1,2
14868,EI,R1,1
14900,EI,R1,1
14932,EI,R1,2
14970,EI,R1,2
14988,EI,R1,2
15035,EI,R1,1
15066,EI,R1,2
15131,EI,R1,2
15133,EI,R1,2
15176,EI,R1,2
15189,EI,R1,1
15254,EI,R1,1
15290,EI,R1,1
15363,EI,R1,2
15452,EI,R1,2
15473,EI,R1,2
15535,EI,R1,2
15538,EI,R1,1
15555,EI,R1,1
15585,EI,R1,1
15614,EI,R1,2
15620,EI,R1,2
15693,EI,R1,1
15721,EI,R1,2
15735,EI,R1,1
15799,EI,R1,2
15810,EI,R1,2
15822,EI,R1,1
15883,EI,R1,1
15894,EI,R1,1
15938,EI,R1,2
16011,EI,R1,1
16114,EI,R1,1
16120,EI,R1,1
16170,EI,R1,2
16174,EI,R1,1
16204,EI,R1,2
16212,EI,R1,1
16213,EI,R1,1
16230,EI,R1,1
16264,EI,R1,1
16339,EI,R1,1
16355,EI,R1,2
16398,EI,R1,1
16457,EI,R1,1
16521,EI,R1,2
16572,EI,R1,1
16600,EI,R1,1
16614,EI,R1,1
16642,EI,R1,1
16731,EI,R1,1
16801,EI,R1,2
16845,EI,R1,1
16858,EI,R1,2
16891,EI,R1,2
16977,EI,R1,1
17002,EI,R1,2
17048,EI,R1,1
17079,EI,R1,1
17082,EI,R1,1
17121,EI,R1,2
17165,EI,R1,2
17212,EI,R1,1
17227,EI,R1,2
17241,EI,R1,1
17280,EI,R1,1
17322,EI,R1,1
17355,EI,R1,2
17361,EI,R1,1
17364,EI,R1,2
17386,EI,R1,2
17423,EI,R1,2
17455,EI,R1,1
17468,EI,R1,1
17475,EI,R1,1
17553,EI,R1,2
17585,EI,R1,1
17693,EI,R1,2
17744,EI,R1,2
17746,EI,R1,2
17792,EI,R1,2
17806,EI,R1,2
17877,EI,R1,1
17885,EI,R1,2
17914,EI,R1,1
17929,EI,R1,2
17963,EI,R1,2
18223,EI,R1,2
18290,EI,R1,1
18337,EI,R1,2
18550,EI,R1,2
18553,EI,R1,2
18597,EI,R1,1
18613,EI,R1,2
18630,EI,R1,2
18631,EI,R1,1
18643,EI,R1,1
18652,EI,R1,1
18670,EI,R1,1
18805,EI,R1,2
18806,EI,R1,1
18820,EI,R1,1
18839,EI,R1,2
18874,EI,R1,1
18886,EI,R1,1
18935,EI,R1,1
18961,EI,R1,2
18970,EI,R1,1
18998,EI,R1,2
19036,EI,R1,1
19045,EI,R1,2
19113,EI,R1,1
19164,EI,R1,1
19267,EI,R1,2
19295,EI,R1,1
19331,EI,R1,2
19341,EI,R1,1
19363,EI,R1,1
19383,EI,R1,1
19385,EI,R1,2
19395,EI,R1,2
19486,EI,R1,2
19496,EI,R1,2
19532,EI,R1,1
19538,EI,R1,1
19593,EI,R1,1
19599,EI,R1,2
19686,EI,R1,1
19738,EI,R1,1
19794,EI,R1,1
19811,EI,R1,1
19830,EI,R1,2
19839,EI,R1,2
19854,EI,R1,2
19900,EI,R1,2
19915,EI,R1,1
19967,EI,R1,1
19968,EI,R1,2
20031,EI,R1,1
20184,EI,R1,2
20270,EI,R1,1
20283,EI,R1,1
20299,EI,R1,2
20338,EI,R1,1
20351,EI,R1,2
20380,EI,R1,2
20407,EI,R1,2
20420,EI,R1,1
20422,EI,R1,1
20431,EI,R1,1
20443,EI,R1,1
20446,EI,R1,2
20465,EI,R1,1
20467,EI,R1,1
20549,EI,R1,1
20609,EI,R1,1
20677,EI,R1,1
20716,EI,R1,2
20839,EI,R1,1
20853,EI,R1,1
20869,EI,R1,2
20890,EI,R1,2
20895,EI,R1,1
20964,EI,R1,1
20971,EI,R1,2
21016,EI,R1,1
21051,EI,R1,2
21067,EI,R1,1
21074,EI,R1,1
21098,EI,R1,2
21130,EI,R1,2
21158,EI,R1,1
21165,EI,R1,1
21167,EI,R1,1
21173,EI,R1,1
21180,EI,R1,2
21203,EI,R1,2
21210,EI,R1,1
21328,EI,R1,1
21399,EI,R1,1
21509,EI,R1,2
21544,EI,R1,2
21598,EI,R1,2
21606,EI,R1,2
21608,EI,R1,1
21629,EI,R1,1
21666,EI,R1,1
21691,EI,R1,1
21847,EI,R1,2
21910,EI,R1,1
21935,EI,R1,2
21961,EI,R1,1
21976,EI,R1,1
21987,EI,R1,2
22043,EI,R1,2
22052,EI,R1,1
22065,EI,R1,1
22066,EI,R1,2
22090,EI,R1,2
22126,EI,R1,2
22166,EI,R1,2
22184,EI,R1,2
22189,EI,R1,2
22194,EI,R1,2
22266,EI,R1,1
22314,EI,R1,2
22356,EI,R1,2
22467,EI,R1,2
22679,EI,R1,1
22707,EI,R1,2
22767,EI,R1,2
22770,EI,R1,1
22814,EI,R1,1
22819,EI,R1,2
22833,EI,R1,1
22849,EI,R1,2
22966,EI,R1,2
23023,EI,R1,1
23052,EI,R1,1
23089,EI,R1,1
23103,EI,R1,2
23104,EI,R1,2
23128,EI,R1,1
23200,EI,R1,1
23322,EI,R1,1
23323,EI,R1,1
23404,EI,R1,2
23415,EI,R1,1
23440,EI,R1,2
23453,EI,R1,2
23514,EI,R1,2
23524,EI,R1,1
23530,EI,R1,2
23574,EI,R1,1
23584,EI,R1,1
23605,EI,R1,1
23620,EI,R1,2
23648,EI,R1,2
23699,EI,R1,2
23713,EI,R1,2
23871,EI,R1,1
23873,EI,R1,1
23901,EI,R1,1
24026,EI,R1,2
24163,EI,R1,1
24174,EI,R1,2
24223,EI,R1,1
24260,EI,R1,2
24291,EI,R1,2
24304,EI,R1,1
24334,EI,R1,2
24405,EI,R1,2
24408,EI,R1,1
24500,EI,R1,2
24502,EI,R1,1
24541,EI,R1,2
24573,EI,R1,1
24637,EI,R1,2
24706,EI,R1,1
24740,EI,R1,2
24774,EI,R1,2
24836,EI,R1,1
24902,EI,R1,2
24975,EI,R1,1
24995,EI,R1,1
25015,EI,R1,1
25038,EI,R1,1
25109,EI,R1,2
25137,EI,R1,1
25155,EI,R1,1
25239,EI,R1,2
25270,EI,R1,1
25302,EI,R1,2
25337,EI,R1,1
25348,EI,R1,1
25369,EI,R1,2
25380,EI,R1,2
25416,EI,R1,1
25435,EI,R1,1
25447,EI,R1,1
25448,EI,R1,2
25471,EI,R1,2
25523,EI,R1,2
25591,EI,R1,1
25650,EI,R1,1
25690,EI,R1,1
25698,EI,R1,2
25856,EI,R1,1
25868,EI,R1,2
25990,EI,R1,2
26032,EI,R1,1
26129,EI,R1,2
26161,EI,R1,1
26178,EI,R1,1
26211,EI,R1,2
26281,EI,R1,1
26287,EI,R1,2
26292,EI,R1,2
26302,EI,R1,1
26321,EI,R1,2
26337,EI,R1,1
26480,EI,R1,2
26492,EI,R1,2
26528,EI,R1,1
26546,EI,R1,1
26556,EI,R1,1
26575,EI,R1,2
26678,EI,R1,2
26714,EI,R1,2
26831,EI,R1,1
26865,EI,R1,2
26878,EI,R1,2
27029,EI,R1,1
27088,EI,R1,1
27101,EI,R1,1
27117,EI,R1,1
27271,EI,R1,1
27395,EI,R1,1
27431,EI,R1,2
27497,EI,R1,1
27524,EI,R1,2
27558,EI,R1,2
27610,EI,R1,2
27668,EI,R1,2
27688,EI,R1,2
27740,EI,R1,2
27786,EI,R1,2
27828,EI,R1,2
27904,EI,R1,2
27910,EI,R1,2
27911,EI,R1,2
28011,EI,R1,2
28019,EI,R1,1
28057,EI,R1,2
28114,EI,R1,2
28262,EI,R1,2
28271,EI,R1,1
28339,EI,R1,2
28341,EI,R1,1
28365,EI,R1,2
28463,EI,R1,2
28490,EI,R1,1
28574,EI,R1,2
28656,EI,R1,2
28674,EI,R1,2
28728,EI,R1,1
28789,EI,R1,2
28814,EI,R1,1
28963,EI,R1,1
29070,EI,R1,2
29132,EI,R1,1
29144,EI,R1,1
29184,EI,R1,1
29243,EI,R1,2
29385,EI,R1,1
29417,EI,R1,2
29454,EI,R1,2
29465,EI,R1,1
29484,EI,R1,2
29582,EI,R1,1
29629,EI,R1,1
29644,EI,R1,1
29679,EI,R1,1
29768,EI,R1,1
29880,EI,R1,2
29912,EI,R1,1
29978,EI,R1,1
30052,EI,R1,1
30118,EI,R1,1
30137,EI,R1,2
30143,EI,R1,1
30180,EI,R1,1
30259,EI,R1,1
30273,EI,R1,1
30285,EI,R1,2
30328,EI,R1,1
30329,EI,R1,1
30336,EI,R1,2
30340,EI,R1,1
30352,EI,R1,2
30367,EI,R1,2
30457,EI,R1,1
30498,EI,R1,2
30544,EI,R1,1
30637,EI,R1,1
30694,EI,R1,1
30701,EI,R1,2
30710,EI,R1,2
30794,EI,R1,1
30807,EI,R1,1
30825,EI,R1,1
30846,EI,R1,1
30856,EI,R1,2
30872,EI,R1,2
30880,EI,R1,1
30899,EI,R1,1
30922,EI,R1,2
30936,EI,R1,2
31060,EI,R1,1
31081,EI,R1,2
31089,EI,R1,1
31128,EI,R1,1
31129,EI,R1,2
31138,EI,R1,1
31148,EI,R1,1
31247,EI,R1,1
31266,EI,R1,2
31350,EI,R1,2
31386,EI,R1,2
31470,EI,R1,2
31483,EI,R1,2
31568,EI,R1,1
31597,EI,R1,1
31622,EI,R1,1
31628,EI,R1,1
31634,EI,R1,1
31665,EI,R1,1
31720,EI,R1,1
31728,EI,R1,1
31754,EI,R1,2
31808,EI,R1,2
31907,EI,R1,2
32003,EI,R1,2
32090,EI,R1,1
32112,EI,R1,2
32116,EI,R1,2
32131,EI,R1,2
32167,EI,R1,1
32263,EI,R1,2
32265,EI,R1,1
32323,EI,R1,2
32372,EI,R1,1
32463,EI,R1,2
32489,EI,R1,2
32518,EI,R1,1
32558,EI,R1,2
32572,EI,R1,2
32638,EI,R1,1
32679,EI,R1,1
32722,EI,R1,2
32747,EI,R1,1
32753,EI,R1,2
32785,EI,R1,1
32872,EI,R1,2
32913,EI,R1,1
32963,EI,R1,1
32972,EI,R1,2
33026,EI,R1,2
33067,EI,R1,2
33126,EI,R1,2
33154,EI,R1,1
33212,EI,R1,2
33262,EI,R1,2
33291,EI,R1,1
33345,EI,R1,1
33390,EI,R1,1
33433,EI,R1,1
33470,EI,R1,1
33504,EI,R1,1
33532,EI,R1,2
33649,EI,R1,1
33741,EI,R1,1
33743,EI,R1,2
33765,EI,R1,2
33806,EI,R1,1
33808,EI,R1,2
33856,EI,R1,1
33859,EI,R1,2
33890,EI,R1,2
33936,EI,R1,2
33940,EI,R1,2
33961,EI,R1,1
33962,EI,R1,2
33986,EI,R1,1
34125,EI,R1,2
34143,EI,R1,2
34148,EI,R1,1
34171,EI,R1,1
34215,EI,R1,2
34276,EI,R1,1
34332,EI,R1,1
34354,EI,R1,1
34404,EI,R1,2
34414,EI,R1,2
34456,EI,R1,1
34460,EI,R1,2
34500,EI,R1,1
34573,EI,R1,1
34667,EI,R1,2
34714,EI,R1,2
34754,EI,R1,2
34915,EI,R1,1
34918,EI,R1,2
34930,EI,R1,1
34944,EI,R1,2
34983,EI,R1,2
35058,EI,R1,2
35064,EI,R1,2
35127,EI,R1,2
35156,EI,R1,2
35174,EI,R1,1
35191,EI,R1,1
35201,EI,R1,2
35204,EI,R1,2
35282,EI,R1,2
35287,EI,R1,1
35429,EI,R1,2
35467,EI,R1,2
35542,EI,R1,2
35564,EI,R1,2
35592,EI,R1,1
35643,EI,R1,2
35715,EI,R1,2
35732,EI,R1,2
35738,EI,R1,2
35743,EI,R1,1
35880,EI,R1,2
35907,EI,R1,1
35912,EI,R1,2
35918,EI,R1,2
35939,EI,R1,2
35991,EI,R1,2
36100,EI,R1,2
36117,EI,R1,1
36186,EI,R1,2
36190,EI,R1,1
36199,EI,R1,2
36209,EI,R1,1
36223,EI,R1,2
36247,EI,R1,1
36341,EI,R1,1
36419,EI,R1,2
36434,EI,R1,2
36449,EI,R1,1
36482,EI,R1,2
36557,EI,R1,2
36689,EI,R1,1
36734,EI,R1,1
36743,EI,R1,1
36767,EI,R1,2
36785,EI,R1,1
36812,EI,R1,2
36819,EI,R1,2
36849,EI,R1,2
36960,EI,R1,1
36974,EI,R1,2
37006,EI,R1,2
37016,EI,R1,2
37020,EI,R1,1
37082,EI,R1,2
37102,EI,R1,1
37114,EI,R1,2
37124,EI,R1,2
37184,EI,R1,2
37234,EI,R1,2
37245,EI,R1,1
37249,EI,R1,2
37258,EI,R1,2
37327,EI,R1,1
37367,EI,R1,2
37404,EI,R1,1
37432,EI,R1,2
37490,EI,R1,1
37537,EI,R1,2
37542,EI,R1,1
37569,EI,R1,2
37608,EI,R1,1
37617,EI,R1,2
37679,EI,R1,1
37723,EI,R1,2
37741,EI,R1,2
37743,EI,R1,2
37842,EI,R1,1
37843,EI,R1,2
37909,EI,R1,1
37955,EI,R1,1
38026,EI,R1,2
38068,EI,R1,2
38078,EI,R1,2
38093,EI,R1,1
38144,EI,R1,1
38166,EI,R1,1
38168,EI,R1,1
38191,EI,R1,2
38245,EI,R1,1
38267,EI,R1,1
38352,EI,R1,1
38363,EI,R1,2
38390,EI,R1,1
38395,EI,R1,1
38425,EI,R1,2
38485,EI,R1,1
38530,EI,R1,1
38533,EI,R1,2
38554,EI,R1,2
38562,EI,R1,2
38593,EI,R1,2
38627,EI,R1,2
38630,EI,R1,1
38721,EI,R1,1
38773,EI,R1,1
38802,EI,R1,2
38809,EI,R1,1
38811,EI,R1,2
38829,EI,R1,1
38858,EI,R1,2
38920,EI,R1,2
38928,EI,R1,2
38947,EI,R1,1
39152,EI,R1,2
39321,EI,R1,1
39356,EI,R1,2
39388,EI,R1,2
39457,EI,R1,1
39466,EI,R1,1
39532,EI,R1,2
39553,EI,R1,2
39557,EI,R1,1
39630,EI,R1,1
39804,EI,R1,1
39833,EI,R1,2
39842,EI,R1,1
39855,EI,R1,1
39864,EI,R1,2
39918,EI,R1,1
40068,EI,R1,1
40145,EI,R1,1
40164,EI,R1,1
40169,EI,R1,1
40296,EI,R1,2
40352,EI,R1,1
40497,EI,R1,2
40535,EI,R1,1
40542,EI,R1,2
40622,EI,R1,2
40625,EI,R1,2
40653,EI,R1,2
40762,EI,R1,1
40853,EI,R1,1
40855,EI,R1,2
40857,EI,R1,1
40920,EI,R1,2
40923,EI,R1,2
40969,EI,R1,1
41001,EI,R1,2
41077,EI,R1,1
41150,EI,R1,2
41152,EI,R1,2
41237,EI,R1,1
41273,EI,R1,1
41360,EI,R1,1
41368,EI,R1,1
41416,EI,R1,2
41457,EI,R1,2
41472,EI,R1,1
41581,EI,R1,2
41590,EI,R1,2
41607,EI,R1,1
41636,EI,R1,1
41704,EI,R1,1
41829,EI,R1,1
41836,EI,R1,1
41906,EI,R1,1
41973,EI,R1,2
42006,EI,R1,2
42040,EI,R1,1
42067,EI,R1,1
42112,EI,R1,2
42166,EI,R1,2
42174,EI,R1,1
42185,EI,R1,2
42228,EI,R1,2
42330,EI,R1,1
42335,EI,R1,2
42391,EI,R1,2
42428,EI,R1,1
42468,EI,R1,2
42520,EI,R1,1
42521,EI,R1,1
42568,EI,R1,2
42572,EI,R1,2
42585,EI,R1,1
42609,EI,R1,2
42690,EI,R1,2
42714,EI,R1,2
42742,EI,R1,1
42860,EI,R1,2
42922,EI,R1,2
43042,EI,R1,1
43070,EI,R1,2
43164,EI,R1,2
43191,EI,R1,1
43285,EI,R1,1
43295,EI,R1,2
43350,EI,R1,2
43486,EI,R1,2
43526,EI,R1,2
43621,EI,R1,2
43668,EI,R1,2
43800,EI,R1,2
43811,EI,R1,1
43878,EI,R1,1
44063,EI,R1,2
44064,EI,R1,2
44147,EI,R1,1
44167,EI,R1,2
44178,EI,R1,2
44313,EI,R1,1
44400,EI,R1,2
44415,EI,R1,2
44430,EI,R1,2
44444,EI,R1,1
44458,EI,R1,2
44475,EI,R1,1
44479,EI,R1,2
44628,EI,R1,1
44682,EI,R1,1
44833,EI,R1,2
44841,EI,R1,2
44887,EI,R1,2
44967,EI,R1,1
45012,EI,R1,2
45024,EI,R1,1
45075,EI,R1,2
45117,EI,R1,2
45137,EI,R1,2
45175,EI,R1,2
45184,EI,R1,1
45190,EI,R1,2
45199,EI,R1,1
45289,EI,R1,2
45314,EI,R1,1
45337,EI,R1,1
45340,EI,R1,2
45390,EI,R1,2
45424,EI,R1,1
45470,EI,R1,2
45492,EI,R1,1
45529,EI,R1,2
45544,EI,R1,2
45784,EI,R1,1
45800,EI,R1,2
45811,EI,R1,2
45837,EI,R1,1
45857,EI,R1,2
45893,EI,R1,2
45919,EI,R1,2
45938,EI,R1,1
45983,EI,R1,1
45985,EI,R1,1
46026,EI,R1,2
46147,EI,R1,1
46160,EI,R1,1
46218,EI,R1,2
46346,EI,R1,1
46371,EI,R1,1
46372,EI,R1,2
46555,EI,R1,2
46569,EI,R1,2
46595,EI,R1,2
46674,EI,R1,1
46707,EI,R1,1
46710,EI,R1,2
46751,EI,R1,2
46756,EI,R1,1
46810,EI,R1,2
46859,EI,R1,2
46880,EI,R1,1
46894,EI,R1,2
46969,EI,R1,2
47024,EI,R1,2
47060,EI,R1,2
47065,EI,R1,1
47097,EI,R1,1
47169,EI,R1,2
47174,EI,R1,2
47216,EI,R1,2
47246,EI,R1,2
47249,EI,R1,2
47362,EI,R1,1
47371,EI,R1,1
47560,EI,R1,1
47603,EI,R1,1
47619,EI,R1,2
47632,EI,R1,1
47865,EI,R1,2
47886,EI,R1,1
48180,EI,R1,1
48182,EI,R1,1
48217,EI,R1,2
48246,EI,R1,1
48295,EI,R1,2
48329,EI,R1,1
48352,EI,R1,1
48359,EI,R1,2
48441,EI,R1,1
48449,EI,R1,2
48506,EI,R1,2
48538,EI,R1,2
48541,EI,R1,1
48562,EI,R1,2
48563,EI,R1,2
48566,EI,R1,1
48587,EI,R1,1
48607,EI,R1,1
48618,EI,R1,1
48722,EI,R1,2
48728,EI,R1,1
48859,EI,R1,2
48898,EI,R1,1
48976,EI,R1,2
49004,EI,R1,1
49029,EI,R1,1
49047,EI,R1,1
49052,EI,R1,1
49095,EI,R1,1
49132,EI,R1,1
49146,EI,R1,1
49168,EI,R1,2
49182,EI,R1,1
49189,EI,R1,1
49213,EI,R1,1
49228,EI,R1,1
49239,EI,R1,2
49242,EI,R1,2
49400,EI,R1,2
49460,EI,R1,1
49550,EI,R1,2
49700,EI,R1,2
49737,EI,R1,1
49765,EI,R1,2
49804,EI,R1,1
49855,EI,R1,2
49943,EI,R1,2
49950,EI,R1,2
49959,EI,R1,1
49971,EI,R1,1
107,EI,V3,2
176,EI,V3,1
257,EI,V3,1
283,EI,V3,2
284,EI,V3,2
287,EI,V3,1
310,EI,V3,2
337,EI,V3,2
379,EI,V3,2
393,EI,V3,2
405,EI,V3,2
423,EI,V3,2
450,EI,V3,2
504,EI,V3,2
525,EI,V3,2
545,EI,V3,1
626,EI,V3,2
715,EI,V3,2
722,EI,V3,1
793,EI,V3,2
804,EI,V3,2
813,EI,V3,2
856,EI,V3,2
893,EI,V3,2
922,EI,V3,1
1029,EI,V3,2
1057,EI,V3,1
1176,EI,V3,2
1199,EI,V3,1
1200,EI,V3,2
1205,EI,V3,1
1227,EI,V3,2
1261,EI,V3,2
1285,EI,V3,1
1290,EI,V3,1
1347,EI,V3,1
1352,EI,V3,2
1363,EI,V3,2
1421,EI,V3,1
1434,EI,V3,1
1481,EI,V3,1
1545,EI,V3,1
1552,EI,V3,1
1573,EI,V3,1
1656,EI,V3,2
1687,EI,V3,1
1707,EI,V3,2
1733,EI,V3,2
1735,EI,V3,2
1755,EI,V3,2
1808,EI,V3,1
1814,EI,V3,2
1819,EI,V3,2
1822,EI,V3,1
1862,EI,V3,1
2004,EI,V3,2
2039,EI,V3,2
2055,EI,V3,1
2068,EI,V3,2
2081,EI,V3,1
2155,EI,V3,2
2170,EI,V3,1
2221,EI,V3,2
2288,EI,V3,2
2375,EI,V3,2
2379,EI,V3,1
2408,EI,V3,2
2426,EI,V3,2
2584,EI,V3,2
2585,EI,V3,1
2600,EI,V3,1
2732,EI,V3,2
2844,EI,V3,1
2891,EI,V3,2
2932,EI,V3,2
2983,EI,V3,1
3056,EI,V3,1
3081,EI,V3,2
3102,EI,V3,1
3191,EI,V3,1
3297,EI,V3,1
3363,EI,V3,1
3367,EI,V3,2
3385,EI,V3,2
3400,EI,V3,1
3418,EI,V3,1
3429,EI,V3,2
3440,EI,V3,1
3512,EI,V3,2
3524,EI,V3,1
3567,EI,V3,1
3631,EI,V3,2
3811,EI,V3,1
3824,EI,V3,1
3867,EI,V3,1
3868,EI,V3,1
3912,EI,V3,1
3929,EI,V3,1
3954,EI,V3,2
3971,EI,V3,2
3979,EI,V3,1
4011,EI,V3,1
4017,EI,V3,2
4066,EI,V3,2
4087,EI,V3,2
4153,EI,V3,2
4187,EI,V3,1
4207,EI,V3,1
4211,EI,V3,1
4303,EI,V3,1
4314,EI,V3,1
4339,EI,V3,1
4348,EI,V3,2
4447,EI,V3,1
4462,EI,V3,1
4591,EI,V3,1
4624,EI,V3,2
4651,EI,V3,2
4652,EI,V3,1
4663,EI,V3,1
4706,EI,V3,2
4716,EI,V3,1
4744,EI,V3,2
4767,EI,V3,1
4795,EI,V3,1
4797,EI,V3,1
4812,EI,V3,2
4827,EI,V3,2
4829,EI,V3,2
4851,EI,V3,2
4856,EI,V3,1
4871,EI,V3,1
4927,EI,V3,2
4937,EI,V3,1
5006,EI,V3,1
5024,EI,V3,1
5086,EI,V3,2
5105,EI,V3,2
5119,EI,V3,1
5120,EI,V3,2
5159,EI,V3,1
5406,EI,V3,1
5424,EI,V3,2
5475,EI,V3,1
5499,EI,V3,1
5570,EI,V3,1
5586,EI,V3,1
5619,EI,V3,2
5651,EI,V3,1
5741,EI,V3,1
5797,EI,V3,2
5824,EI,V3,2
5829,EI,V3,1
5906,EI,V3,2
5913,EI,V3,2
5938,EI,V3,2
5957,EI,V3,2
5998,EI,V3,2
6010,EI,V3,2
6111,EI,V3,1
6137,EI,V3,1
6156,EI,V3,1
6252,EI,V3,1
6253,EI,V3,2
6255,EI,V3,2
6295,EI,V3,1
6347,EI,V3,1
6374,EI,V3,1
6420,EI,V3,1
6452,EI,V3,1
6465,EI,V3,1
6484,EI,V3,2
6519,EI,V3,2
6527,EI,V3,1
6595,EI,V3,1
6631,EI,V3,1
6692,EI,V3,1
6715,EI,V3,2
6728,EI,V3,1
6756,EI,V3,2
6812,EI,V3,1
6824,EI,V3,1
6826,EI,V3,2
6842,EI,V3,2
6867,EI,V3,1
6868,EI,V3,2
6899,EI,V3,2
6965,EI,V3,2
6977,EI,V3,2
6991,EI,V3,1
7004,EI,V3,1
7042,EI,V3,2
7070,EI,V3,2
7096,EI,V3,1
7099,EI,V3,1
7194,EI,V3,2
7220,EI,V3,2
7235,EI,V3,2
7313,EI,V3,2
7387,EI,V3,1
7407,EI,V3,1
7430,EI,V3,2
7439,EI,V3,1
7451,EI,V3,2
7498,EI,V3,2
7550,EI,V3,1
7553,EI,V3,2
7555,EI,V3,1
7581,EI,V3,2
7599,EI,V3,2
7631,EI,V3,1
7654,EI,V3,1
7687,EI,V3,1
7723,EI,V3,1
7756,EI,V3,1
7887,EI,V3,1
7894,EI,V3,1
7915,EI,V3,2
7949,EI,V3,2
7966,EI,V3,1
7972,EI,V3,1
7992,EI,V3,2
8015,EI,V3,2
8139,EI,V3,1
8217,EI,V3,1
8268,EI,V3,1
8366,EI,V3,2
8444,EI,V3,1
8477,EI,V3,1
8580,EI,V3,2
8614,EI,V3,1
8630,EI,V3,2
8637,EI,V3,1
8672,EI,V3,1
8800,EI,V3,1
8816,EI,V3,2
8902,EI,V3,2
8923,EI,V3,2
8948,EI,V3,1
8993,EI,V3,1
9004,EI,V3,1
9089,EI,V3,2
9102,EI,V3,2
9120,EI,V3,1
9134,EI,V3,2
9246,EI,V3,2
9268,EI,V3,1
9325,EI,V3,1
9349,EI,V3,2
9357,EI,V3,2
9417,EI,V3,1
9459,EI,V3,2
9465,EI,V3,1
9469,EI,V3,2
9473,EI,V3,2
9485,EI,V3,2
9544,EI,V3,1
9595,EI,V3,1
9632,EI,V3,2
9635,EI,V3,2
9677,EI,V3,2
9715,EI,V3,1
9724,EI,V3,2
9774,EI,V3,2
9796,EI,V3,1
9892,EI,V3,2
9899,EI,V3,1
9907,EI,V3,2
9934,EI,V3,1
9955,EI,V3,2
9987,EI,V3,1
10022,EI,V3,1
10156,EI,V3,1
10163,EI,V3,1
10187,EI,V3,1
10210,EI,V3,1
10301,EI,V3,2
10328,EI,V3,1
10330,EI,V3,2
10361,EI,V3,1
10375,EI,V3,1
10400,EI,V3,1
10423,EI,V3,2
10434,EI,V3,1
10566,EI,V3,2
10600,EI,V3,1
10610,EI,V3,2
10626,EI,V3,1
10634,EI,V3,2
10713,EI,V3,2
10771,EI,V3,2
10803,EI,V3,1
10910,EI,V3,2
10954,EI,V3,2
10978,EI,V3,1
11024,EI,V3,2
11101,EI,V3,1
11102,EI,V3,1
11120,EI,V3,2
11189,EI,V3,2
11241,EI,V3,2
11264,EI,V3,2
11283,EI,V3,2
11511,EI,V3,2
11523,EI,V3,2
11525,EI,V3,1
11596,EI,V3,1
11603,EI,V3,1
11617,EI,V3,1
11630,EI,V3,1
11742,EI,V3,2
11786,EI,V3,1
11850,EI,V3,2
11870,EI,V3,1
11874,EI,V3,1
11930,EI,V3,1
11935,EI,V3,2
11967,EI,V3,1
12012,EI,V3,2
12074,EI,V3,1
12143,EI,V3,1
12151,EI,V3,1
12153,EI,V3,1
12219,EI,V3,1
12271,EI,V3,2
12284,EI,V3,1
12285,EI,V3,1
12301,EI,V3,1
12305,EI,V3,1
12323,EI,V3,2
12429,EI,V3,2
12472,EI,V3,1
12486,EI,V3,2
12494,EI,V3,1
12627,EI,V3,2
12645,EI,V3,1
12732,EI,V3,1
12798,EI,V3,2
12830,EI,V3,2
12860,EI,V3,2
12896,EI,V3,1
12903,EI,V3,1
12926,EI,V3,2
12936,EI,V3,2
12948,EI,V3,2
12975,EI,V3,2
12998,EI,V3,1
13050,EI,V3,2
13061,EI,V3,1
13113,EI,V3,2
13115,EI,V3,2
13137,EI,V3,2
13141,EI,V3,1
13227,EI,V3,2
13300,EI,V3,2
13319,EI,V3,1
13469,EI,V3,2
13484,EI,V3,2
13518,EI,V3,2
13531,EI,V3,1
13562,EI,V3,2
13726,EI,V3,1
13785,EI,V3,1
13843,EI,V3,2
13864,EI,V3,2
13874,EI,V3,1
13923,EI,V3,2
13996,EI,V3,2
14011,EI,V3,2
14047,EI,V3,2
14055,EI,V3,2
14074,EI,V3,2
14137,EI,V3,2
14139,EI,V3,2
14224,EI,V3,2
14259,EI,V3,1
14300,EI,V3,1
14325,EI,V3,1
14408,EI,V3,1
14410,EI,V3,2
14469,EI,V3,1
14488,EI,V3,1
14532,EI,V3,2
14550,EI,V3,2
14557,EI,V3,1
14581,EI,V3,2
14617,EI,V3,2
14759,EI,V3,2
14793,EI,V3,1
14796,EI,V3,2
14818,EI,V3,1
14845,EI,V3,2
14868,EI,V3,1
14900,EI,V3,1
14932,EI,V3,2
14970,EI,V3,2
14988,EI,V3,2
15035,EI,V3,1
15066,EI,V3,2
15131,EI,V3,2
15133,EI,V3,2
15176,EI,V3,2
15189,EI,V3,1
15254,EI,V3,1
15290,EI,V3,1
15363,EI,V3,2
15452,EI,V3,2
15535,EI,V3,2
15538,EI,V3,1
15555,EI,V3,1
15585,EI,V3,2
15614,EI,V3,2
15620,EI,V3,2
15693,EI,V3,1
15721,EI,V3,2
15735,EI,V3,1
15770,EI,V3,1
15799,EI,V3,2
15810,EI,V3,1
15883,EI,V3,1
15894,EI,V3,2
15938,EI,V3,2
16011,EI,V3,1
16114,EI,V3,1
16120,EI,V3,1
16170,EI,V3,2
16174,EI,V3,1
16204,EI,V3,1
16212,EI,V3,1
16230,EI,V3,1
16264,EI,V3,1
16339,EI,V3,1
16355,EI,V3,2
16398,EI,V3,1
16457,EI,V3,1
16521,EI,V3,2
16572,EI,V3,1
16600,EI,V3,1
16614,EI,V3,1
16642,EI,V3,1
16731,EI,V3,1
16801,EI,V3,2
16845,EI,V3,1
16858,EI,V3,2
16891,EI,V3,1
16903,EI,V3,1
16977,EI,V3,1
17002,EI,V3,2
17048,EI,V3,1
17079,EI,V3,2
17082,EI,V3,1
17121,EI,V3,2
17165,EI,V3,2
17212,EI,V3,1
17227,EI,V3,2
17241,EI,V3,2
17322,EI,V3,1
17355,EI,V3,2
17361,EI,V3,1
17364,EI,V3,2
17386,EI,V3,2
17423,EI,V3,2
17455,EI,V3,1
17468,EI,V3,1
17475,EI,V3,1
17585,EI,V3,2
17693,EI,V3,2
17744,EI,V3,2
17746,EI,V3,2
17792,EI,V3,1
17806,EI,V3,2
17841,EI,V3,2
17877,EI,V3,1
17885,EI,V3,2
17914,EI,V3,1
17929,EI,V3,2
17963,EI,V3,2
18223,EI,V3,2
18290,EI,V3,1
18337,EI,V3,1
18550,EI,V3,2
18597,EI,V3,1
18613,EI,V3,2
18630,EI,V3,2
18631,EI,V3,1
18643,EI,V3,1
18656,EI,V3,2
18670,EI,V3,1
18805,EI,V3,2
18806,EI,V3,1
18820,EI,V3,1
18874,EI,V3,1
18886,EI,V3,1
18935,EI,V3,1
18961,EI,V3,2
18998,EI,V3,2
19036,EI,V3,2
19045,EI,V3,2
19113,EI,V3,1
19164,EI,V3,2
19267,EI,V3,2
19295,EI,V3,1
19331,EI,V3,2
19341,EI,V3,1
19363,EI,V3,1
19383,EI,V3,1
19385,EI,V3,2
19395,EI,V3,2
19486,EI,V3,2
19496,EI,V3,2
19519,EI,V3,1
19532,EI,V3,1
19538,EI,V3,1
19599,EI,V3,2
19643,EI,V3,1
19686,EI,V3,1
19738,EI,V3,1
19794,EI,V3,1
19811,EI,V3,1
19826,EI,V3,2
19830,EI,V3,2
19839,EI,V3,2
19854,EI,V3,2
19900,EI,V3,1
19915,EI,V3,1
19967,EI,V3,1
19968,EI,V3,2
20031,EI,V3,1
20132,EI,V3,1
20184,EI,V3,1
20195,EI,V3,1
20270,EI,V3,1
20283,EI,V3,1
20299,EI,V3,2
20338,EI,V3,1
20351,EI,V3,2
20380,EI,V3,2
20407,EI,V3,2
20420,EI,V3,1
20422,EI,V3,1
20431,EI,V3,1
20443,EI,V3,1
20446,EI,V3,2
20465,EI,V3,1
20467,EI,V3,1
20504,EI,V3,2
20528,EI,V3,1
20542,EI,V3,1
20549,EI,V3,1
20609,EI,V3,1
20666,EI,V3,1
20677,EI,V3,1
20685,EI,V3,2
20716,EI,V3,2
20717,EI,V3,2
20839,EI,V3,2
20853,EI,V3,1
20869,EI,V3,2
20890,EI,V3,2
20895,EI,V3,1
20964,EI,V3,1
20971,EI,V3,2
21016,EI,V3,1
21051,EI,V3,2
21067,EI,V3,2
21074,EI,V3,1
21098,EI,V3,2
21130,EI,V3,2
21158,EI,V3,1
21165,EI,V3,1
21167,EI,V3,1
21173,EI,V3,1
21180,EI,V3,2
21203,EI,V3,2
21210,EI,V3,1
21328,EI,V3,1
21399,EI,V3,1
21509,EI,V3,2
21544,EI,V3,2
21598,EI,V3,2
21599,EI,V3,2
21606,EI,V3,2
21629,EI,V3,1
21691,EI,V3,1
21847,EI,V3,2
21910,EI,V3,1
21935,EI,V3,1
21976,EI,V3,1
21987,EI,V3,2
22043,EI,V3,2
22052,EI,V3,1
22065,EI,V3,1
22066,EI,V3,2
22090,EI,V3,2
22126,EI,V3,2
22166,EI,V3,2
22184,EI,V3,2
22189,EI,V3,2
22194,EI,V3,2
22266,EI,V3,1
22314,EI,V3,2
22356,EI,V3,2
22467,EI,V3,2
22679,EI,V3,1
22707,EI,V3,2
22767,EI,V3,2
22770,EI,V3,1
22814,EI,V3,1
22819,EI,V3,2
22833,EI,V3,1
22849,EI,V3,2
22966,EI,V3,2
23023,EI,V3,1
23052,EI,V3,1
23089,EI,V3,1
23103,EI,V3,2
23104,EI,V3,2
23128,EI,V3,1
23200,EI,V3,1
23313,EI,V3,2
23323,EI,V3,1
23415,EI,V3,1
23440,EI,V3,2
23453,EI,V3,2
23505,EI,V3,1
23514,EI,V3,2
23524,EI,V3,1
23530,EI,V3,2
23534,EI,V3,1
23574,EI,V3,1
23605,EI,V3,1
23620,EI,V3,2
23648,EI,V3,2
23699,EI,V3,2
23713,EI,V3,2
23779,EI,V3,1
23871,EI,V3,1
23873,EI,V3,1
23901,EI,V3,1
24026,EI,V3,2
24163,EI,V3,1
24174,EI,V3,1
24260,EI,V3,2
24291,EI,V3,1
24304,EI,V3,1
24334,EI,V3,2
24405,EI,V3,2
24408,EI,V3,1
24500,EI,V3,2
24502,EI,V3,1
24541,EI,V3,2
24573,EI,V3,1
24577,EI,V3,1
24637,EI,V3,2
24706,EI,V3,1
24740,EI,V3,2
24774,EI,V3,2
24836,EI,V3,1
24871,EI,V3,2
24959,EI,V3,2
24975,EI,V3,1
24995,EI,V3,1
25015,EI,V3,1
25038,EI,V3,1
25109,EI,V3,2
25137,EI,V3,1
25155,EI,V3,1
25239,EI,V3,1
25270,EI,V3,1
25302,EI,V3,2
25337,EI,V3,1
25348,EI,V3,1
25369,EI,V3,2
25380,EI,V3,2
25416,EI,V3,1
25435,EI,V3,2
25447,EI,V3,1
25448,EI,V3,2
25471,EI,V3,2
25523,EI,V3,2
25650,EI,V3,1
25690,EI,V3,1
25698,EI,V3,1
25856,EI,V3,1
25868,EI,V3,1
25990,EI,V3,2
26032,EI,V3,1
26129,EI,V3,2
26211,EI,V3,2
26281,EI,V3,1
26287,EI,V3,2
26292,EI,V3,1
26302,EI,V3,1
26321,EI,V3,2
26337,EI,V3,1
26345,EI,V3,2
26480,EI,V3,2
26492,EI,V3,2
26528,EI,V3,1
26546,EI,V3,1
26556,EI,V3,1
26575,EI,V3,2
26678,EI,V3,2
26714,EI,V3,2
26831,EI,V3,1
26865,EI,V3,2
26878,EI,V3,2
26995,EI,V3,2
27029,EI,V3,2
27088,EI,V3,1
27101,EI,V3,1
27117,EI,V3,2
27271,EI,V3,1
27395,EI,V3,1
27431,EI,V3,2
27497,EI,V3,1
27524,EI,V3,2
27558,EI,V3,2
27668,EI,V3,2
27688,EI,V3,1
27740,EI,V3,2
27786,EI,V3,2
27828,EI,V3,2
27904,EI,V3,2
27910,EI,V3,2
27911,EI,V3,2
28011,EI,V3,2
28051,EI,V3,2
28057,EI,V3,1
28067,EI,V3,1
28114,EI,V3,2
28222,EI,V3,2
28262,EI,V3,2
28271,EI,V3,1
28339,EI,V3,2
28341,EI,V3,1
28365,EI,V3,2
28463,EI,V3,2
28490,EI,V3,1
28550,EI,V3,2
28574,EI,V3,2
28656,EI,V3,2
28674,EI,V3,2
28728,EI,V3,1
28789,EI,V3,2
28790,EI,V3,1
28814,EI,V3,1
28822,EI,V3,2
28963,EI,V3,1
29070,EI,V3,2
29105,EI,V3,2
29132,EI,V3,1
29144,EI,V3,1
29184,EI,V3,1
29243,EI,V3,2
29385,EI,V3,1
29417,EI,V3,2
29454,EI,V3,2
29484,EI,V3,2
29629,EI,V3,1
29644,EI,V3,1
29679,EI,V3,1
29903,EI,V3,1
29912,EI,V3,1
29978,EI,V3,1
30052,EI,V3,1
30118,EI,V3,1
30131,EI,V3,2
30137,EI,V3,2
30143,EI,V3,1
30180,EI,V3,1
30259,EI,V3,1
30273,EI,V3,1
30285,EI,V3,2
30328,EI,V3,1
30329,EI,V3,1
30336,EI,V3,2
30340,EI,V3,1
30367,EI,V3,2
30457,EI,V3,1
30498,EI,V3,1
30514,EI,V3,1
30544,EI,V3,2
30637,EI,V3,1
30701,EI,V3,2
30710,EI,V3,2
30794,EI,V3,1
30807,EI,V3,1
30825,EI,V3,1
30846,EI,V3,1
30856,EI,V3,2
30872,EI,V3,2
30880,EI,V3,1
30899,EI,V3,1
30922,EI,V3,2
30936,EI,V3,2
31029,EI,V3,1
31060,EI,V3,1
31081,EI,V3,2
31089,EI,V3,1
31128,EI,V3,2
31138,EI,V3,1
31148,EI,V3,1
31247,EI,V3,1
31350,EI,V3,2
31386,EI,V3,2
31470,EI,V3,2
31483,EI,V3,2
31568,EI,V3,1
31597,EI,V3,1
31622,EI,V3,1
31628,EI,V3,1
31634,EI,V3,1
31665,EI,V3,1
31720,EI,V3,1
31728,EI,V3,1
31754,EI,V3,2
31883,EI,V3,1
31907,EI,V3,2
32003,EI,V3,2
32090,EI,V3,1
32112,EI,V3,2
32116,EI,V3,2
32131,EI,V3,2
32167,EI,V3,1
32177,EI,V3,2
32263,EI,V3,2
32265,EI,V3,1
32323,EI,V3,2
32372,EI,V3,1
32463,EI,V3,2
32489,EI,V3,1
32518,EI,V3,1
32558,EI,V3,1
32572,EI,V3,2
32679,EI,V3,1
32722,EI,V3,2
32747,EI,V3,1
32753,EI,V3,2
32785,EI,V3,1
32872,EI,V3,2
32894,EI,V3,1
32913,EI,V3,1
32917,EI,V3,2
32963,EI,V3,1
32972,EI,V3,2
33026,EI,V3,2
33067,EI,V3,2
33126,EI,V3,2
33141,EI,V3,2
33154,EI,V3,1
33262,EI,V3,2
33291,EI,V3,1
33345,EI,V3,1
33390,EI,V3,1
33409,EI,V3,1
33433,EI,V3,1
33470,EI,V3,1
33504,EI,V3,1
33509,EI,V3,1
33532,EI,V3,2
33618,EI,V3,1
33649,EI,V3,1
33741,EI,V3,1
33743,EI,V3,2
33765,EI,V3,2
33780,EI,V3,1
33806,EI,V3,1
33808,EI,V3,2
33856,EI,V3,1
33859,EI,V3,2
33890,EI,V3,2
33936,EI,V3,1
33961,EI,V3,1
33962,EI,V3,2
33986,EI,V3,1
34029,EI,V3,2
34084,EI,V3,2
34125,EI,V3,2
34143,EI,V3,2
34148,EI,V3,1
34171,EI,V3,1
34215,EI,V3,2
34276,EI,V3,1
34332,EI,V3,1
34354,EI,V3,1
34404,EI,V3,2
34414,EI,V3,2
34460,EI,V3,2
34573,EI,V3,1
34667,EI,V3,2
34714,EI,V3,2
34812,EI,V3,1
34915,EI,V3,1
34918,EI,V3,2
34930,EI,V3,1
34944,EI,V3,1
34983,EI,V3,2
35058,EI,V3,2
35064,EI,V3,2
35127,EI,V3,2
35156,EI,V3,2
35174,EI,V3,1
35201,EI,V3,2
35204,EI,V3,2
35282,EI,V3,2
35287,EI,V3,1
35397,EI,V3,2
35429,EI,V3,2
35467,EI,V3,2
35542,EI,V3,2
35564,EI,V3,2
35592,EI,V3,1
35643,EI,V3,2
35715,EI,V3,2
35732,EI,V3,2
35738,EI,V3,2
35743,EI,V3,2
35871,EI,V3,2
35880,EI,V3,2
35907,EI,V3,1
35918,EI,V3,1
35939,EI,V3,2
35991,EI,V3,2
36100,EI,V3,2
36117,EI,V3,1
36186,EI,V3,2
36190,EI,V3,1
36199,EI,V3,2
36209,EI,V3,1
36223,EI,V3,2
36247,EI,V3,1
36341,EI,V3,2
36403,EI,V3,2
36419,EI,V3,2
36434,EI,V3,2
36449,EI,V3,1
36482,EI,V3,2
36557,EI,V3,2
36686,EI,V3,1
36689,EI,V3,1
36734,EI,V3,1
36743,EI,V3,1
36767,EI,V3,2
36785,EI,V3,1
36812,EI,V3,2
36819,EI,V3,2
36849,EI,V3,2
36960,EI,V3,1
36974,EI,V3,2
37006,EI,V3,2
37016,EI,V3,2
37020,EI,V3,1
37082,EI,V3,2
37102,EI,V3,2
37124,EI,V3,2
37245,EI,V3,1
37249,EI,V3,2
37258,EI,V3,1
37327,EI,V3,1
37367,EI,V3,2
37404,EI,V3,2
37422,EI,V3,1
37432,EI,V3,2
37435,EI,V3,2
37490,EI,V3,1
37537,EI,V3,2
37542,EI,V3,1
37569,EI,V3,2
37608,EI,V3,1
37614,EI,V3,2
37617,EI,V3,2
37723,EI,V3,2
37725,EI,V3,1
37741,EI,V3,2
37743,EI,V3,2
37842,EI,V3,1
37909,EI,V3,1
37955,EI,V3,1
38026,EI,V3,2
38068,EI,V3,2
38078,EI,V3,2
38093,EI,V3,2
38144,EI,V3,1
38146,EI,V3,1
38166,EI,V3,1
38168,EI,V3,1
38191,EI,V3,1
38245,EI,V3,1
38267,EI,V3,1
38352,EI,V3,1
38363,EI,V3,2
38390,EI,V3,1
38395,EI,V3,1
38425,EI,V3,2
38485,EI,V3,1
38518,EI,V3,1
38530,EI,V3,1
38533,EI,V3,2
38554,EI,V3,2
38562,EI,V3,2
38593,EI,V3,2
38627,EI,V3,2
38630,EI,V3,1
38773,EI,V3,1
38802,EI,V3,2
38809,EI,V3,2
38811,EI,V3,2
38829,EI,V3,1
38858,EI,V3,1
38920,EI,V3,2
38928,EI,V3,2
38947,EI,V3,1
39152,EI,V3,1
39199,EI,V3,1
39321,EI,V3,1
39356,EI,V3,2
39388,EI,V3,2
39457,EI,V3,1
39466,EI,V3,1
39532,EI,V3,2
39553,EI,V3,2
39557,EI,V3,1
39630,EI,V3,1
39715,EI,V3,1
39804,EI,V3,1
39833,EI,V3,1
39842,EI,V3,1
39855,EI,V3,1
39864,EI,V3,2
39884,EI,V3,2
40029,EI,V3,1
40068,EI,V3,1
40135,EI,V3,1
40145,EI,V3,2
40164,EI,V3,1
40296,EI,V3,2
40352,EI,V3,1
40376,EI,V3,1
40497,EI,V3,2
40535,EI,V3,1
40542,EI,V3,2
40622,EI,V3,2
40653,EI,V3,2
40762,EI,V3,1
40853,EI,V3,1
40857,EI,V3,1
40923,EI,V3,2
40969,EI,V3,1
41001,EI,V3,2
41077,EI,V3,2
41150,EI,V3,2
41152,EI,V3,2
41237,EI,V3,1
41239,EI,V3,1
41273,EI,V3,1
41360,EI,V3,2
41368,EI,V3,1
41416,EI,V3,2
41457,EI,V3,2
41472,EI,V3,1
41514,EI,V3,2
41581,EI,V3,2
41590,EI,V3,2
41607,EI,V3,2
41636,EI,V3,1
41704,EI,V3,1
41829,EI,V3,1
41836,EI,V3,1
41906,EI,V3,2
41973,EI,V3,2
42006,EI,V3,2
42040,EI,V3,1
42067,EI,V3,1
42086,EI,V3,1
42112,EI,V3,2
42166,EI,V3,2
42174,EI,V3,2
42185,EI,V3,2
42228,EI,V3,2
42330,EI,V3,1
42344,EI,V3,2
42391,EI,V3,2
42428,EI,V3,1
42468,EI,V3,2
42520,EI,V3,1
42521,EI,V3,1
42568,EI,V3,2
42572,EI,V3,2
42585,EI,V3,1
42609,EI,V3,2
42690,EI,V3,2
42714,EI,V3,2
42742,EI,V3,2
42860,EI,V3,2
42886,EI,V3,2
42922,EI,V3,2
43042,EI,V3,1
43070,EI,V3,2
43113,EI,V3,2
43164,EI,V3,2
43191,EI,V3,1
43285,EI,V3,1
43295,EI,V3,2
43350,EI,V3,2
43526,EI,V3,2
43621,EI,V3,2
43668,EI,V3,2
43764,EI,V3,2
43800,EI,V3,1
43811,EI,V3,1
44063,EI,V3,2
44064,EI,V3,2
44147,EI,V3,1
44167,EI,V3,2
44178,EI,V3,2
44313,EI,V3,2
44380,EI,V3,2
44400,EI,V3,2
44415,EI,V3,2
44430,EI,V3,2
44444,EI,V3,2
44458,EI,V3,2
44475,EI,V3,1
44479,EI,V3,2
44628,EI,V3,1
44682,EI,V3,1
44743,EI,V3,1
44812,EI,V3,2
44833,EI,V3,2
44841,EI,V3,2
44887,EI,V3,2
44967,EI,V3,1
45012,EI,V3,2
45024,EI,V3,1
45075,EI,V3,2
45117,EI,V3,2
45175,EI,V3,2
45184,EI,V3,1
45190,EI,V3,2
45199,EI,V3,2
45289,EI,V3,1
45314,EI,V3,1
45337,EI,V3,1
45340,EI,V3,2
45390,EI,V3,2
45424,EI,V3,1
45470,EI,V3,2
45492,EI,V3,1
45529,EI,V3,2
45544,EI,V3,2
45784,EI,V3,1
45800,EI,V3,2
45811,EI,V3,2
45837,EI,V3,1
45857,EI,V3,2
45893,EI,V3,2
45938,EI,V3,2
45983,EI,V3,1
45985,EI,V3,1
46132,EI,V3,1
46147,EI,V3,1
46160,EI,V3,1
46218,EI,V3,2
46371,EI,V3,1
46372,EI,V3,2
46569,EI,V3,2
46595,EI,V3,2
46674,EI,V3,1
46707,EI,V3,1
46710,EI,V3,2
46751,EI,V3,2
46756,EI,V3,1
46810,EI,V3,1
46859,EI,V3,2
46880,EI,V3,1
46894,EI,V3,2
46969,EI,V3,2
47060,EI,V3,2
47065,EI,V3,1
47097,EI,V3,1
47139,EI,V3,1
47169,EI,V3,2
47216,EI,V3,2
47246,EI,V3,2
47249,EI,V3,2
47362,EI,V3,1
47371,EI,V3,1
47603,EI,V3,1
47619,EI,V3,2
47632,EI,V3,1
47865,EI,V3,2
47886,EI,V3,1
48182,EI,V3,1
48217,EI,V3,1
48246,EI,V3,1
48295,EI,V3,2
48329,EI,V3,1
48352,EI,V3,2
48355,EI,V3,2
48359,EI,V3,2
48434,EI,V3,1
48441,EI,V3,2
48449,EI,V3,2
48506,EI,V3,2
48538,EI,V3,2
48541,EI,V3,1
48562,EI,V3,2
48563,EI,V3,2
48566,EI,V3,1
48587,EI,V3,1
48607,EI,V3,2
48618,EI,V3,1
48722,EI,V3,2
48728,EI,V3,1
48859,EI,V3,2
48898,EI,V3,1
48976,EI,V3,2
49004,EI,V3,1
49029,EI,V3,1
49047,EI,V3,1
49052,EI,V3,1
49095,EI,V3,1
49132,EI,V3,2
49146,EI,V3,1
49168,EI,V3,2
49182,EI,V3,2
49189,EI,V3,1
49213,EI,V3,1
49228,EI,V3,1
49242,EI,V3,2
49325,EI,V3,1
49400,EI,V3,2
49460,EI,V3,1
49550,EI,V3,2
49700,EI,V3,1
49737,EI,V3,1
49777,EI,V3,1
49804,EI,V3,1
49855,EI,V3,2
49870,EI,V3,2
49943,EI,V3,2
49950,EI,V3,2
49959,EI,V3,2
49971,EI,V3,1
107,EA,CN,2
176,EA,CN,1
257,EA,CN,1
283,EA,CN,2
284,EA,CN,2
287,EA,CN,1
310,EA,CN,2
337,EA,CN,2
379,EA,CN,2
393,EA,CN,2
405,EA,CN,2
423,EA,CN,1
450,EA,CN,2
504,EA,CN,2
525,EA,CN,2
545,EA,CN,1
626,EA,CN,2
715,EA,CN,2
722,EA,CN,1
793,EA,CN,2
804,EA,CN,2
813,EA,CN,2
856,EA,CN,2
893,EA,CN,2
922,EA,CN,1
1029,EA,CN,2
1057,EA,CN,1
1106,EA,CN,1
1176,EA,CN,2
1199,EA,CN,1
1200,EA,CN,2
1227,EA,CN,2
1261,EA,CN,2
1285,EA,CN,1
1290,EA,CN,1
1347,EA,CN,1
1352,EA,CN,2
1363,EA,CN,2
1421,EA,CN,1
1434,EA,CN,2
1481,EA,CN,1
1545,EA,CN,2
1552,EA,CN,1
1573,EA,CN,1
1656,EA,CN,2
1687,EA,CN,1
1707,EA,CN,2
1733,EA,CN,2
1735,EA,CN,2
1755,EA,CN,2
1808,EA,CN,2
1814,EA,CN,2
1819,EA,CN,2
1822,EA,CN,1
1823,EA,CN,1
1862,EA,CN,1
2004,EA,CN,2
2039,EA,CN,2
2055,EA,CN,1
2068,EA,CN,2
2155,EA,CN,2
2221,EA,CN,2
2288,EA,CN,2
2375,EA,CN,2
2379,EA,CN,1
2408,EA,CN,1
2426,EA,CN,2
2584,EA,CN,2
2585,EA,CN,1
2599,EA,CN,1
2600,EA,CN,1
2732,EA,CN,2
2844,EA,CN,1
2891,EA,CN,2
2932,EA,CN,2
2983,EA,CN,1
3056,EA,CN,1
3102,EA,CN,1
3191,EA,CN,1
3297,EA,CN,1
3363,EA,CN,1
3367,EA,CN,2
3385,EA,CN,1
3400,EA,CN,1
3418,EA,CN,1
3429,EA,CN,2
3440,EA,CN,1
3512,EA,CN,2
3524,EA,CN,1
3567,EA,CN,1
3631,EA,CN,2
3811,EA,CN,1
3824,EA,CN,1
3839,EA,CN,1
3867,EA,CN,1
3868,EA,CN,1
3954,EA,CN,1
3971,EA,CN,2
3979,EA,CN,2
4011,EA,CN,1
4017,EA,CN,1
4066,EA,CN,2
4087,EA,CN,2
4153,EA,CN,2
4182,EA,CN,2
4187,EA,CN,1
4207,EA,CN,1
4211,EA,CN,1
4303,EA,CN,1
4314,EA,CN,1
4348,EA,CN,2
4447,EA,CN,1
4462,EA,CN,1
4591,EA,CN,1
4624,EA,CN,2
4651,EA,CN,2
4652,EA,CN,1
4663,EA,CN,1
4706,EA,CN,2
4716,EA,CN,1
4744,EA,CN,2
4767,EA,CN,1
4795,EA,CN,1
4797,EA,CN,2
4812,EA,CN,2
4829,EA,CN,2
4851,EA,CN,2
4871,EA,CN,1
4927,EA,CN,2
5009,EA,CN,1
5024,EA,CN,1
5070,EA,CN,1
5086,EA,CN,2
5105,EA,CN,2
5119,EA,CN,1
5120,EA,CN,2
5159,EA,CN,1
5406,EA,CN,1
5424,EA,CN,2
5499,EA,CN,1
5570,EA,CN,1
5586,EA,CN,1
5619,EA,CN,2
5651,EA,CN,1
5797,EA,CN,2
5824,EA,CN,2
5829,EA,CN,1
5906,EA,CN,2
5913,EA,CN,2
5938,EA,CN,2
5957,EA,CN,2
5998,EA,CN,2
6010,EA,CN,2
6059,EA,CN,2
6111,EA,CN,1
6137,EA,CN,1
6156,EA,CN,1
6252,EA,CN,1
6253,EA,CN,2
6255,EA,CN,2
6295,EA,CN,1
6347,EA,CN,1
6374,EA,CN,1
6452,EA,CN,1
6465,EA,CN,1
6484,EA,CN,2
6488,EA,CN,1
6519,EA,CN,2
6527,EA,CN,1
6595,EA,CN,1
6631,EA,CN,1
6692,EA,CN,1
6715,EA,CN,2
6728,EA,CN,1
6756,EA,CN,2
6812,EA,CN,1
6824,EA,CN,1
6842,EA,CN,1
6867,EA,CN,1
6868,EA,CN,2
6899,EA,CN,2
6977,EA,CN,2
6991,EA,CN,1
7001,EA,CN,2
7004,EA,CN,1
7070,EA,CN,2
7096,EA,CN,1
7099,EA,CN,1
7194,EA,CN,2
7220,EA,CN,2
7313,EA,CN,2
7387,EA,CN,1
7407,EA,CN,1
7430,EA,CN,2
7439,EA,CN,1
7451,EA,CN,1
7498,EA,CN,2
7550,EA,CN,1
7553,EA,CN,2
7555,EA,CN,1
7581,EA,CN,2
7599,EA,CN,2
7631,EA,CN,1
7654,EA,CN,1
7687,EA,CN,1
7723,EA,CN,1
7756,EA,CN,2
7887,EA,CN,1
7894,EA,CN,1
7966,EA,CN,1
7972,EA,CN,1
7992,EA,CN,1
8015,EA,CN,2
8139,EA,CN,1
8217,EA,CN,1
8268,EA,CN,1
8339,EA,CN,1
8366,EA,CN,2
8444,EA,CN,1
8477,EA,CN,1
8580,EA,CN,2
8614,EA,CN,1
8630,EA,CN,2
8637,EA,CN,1
8672,EA,CN,1
8800,EA,CN,1
8816,EA,CN,2
8902,EA,CN,2
8923,EA,CN,2
8948,EA,CN,1
8993,EA,CN,1
9004,EA,CN,1
9089,EA,CN,2
9120,EA,CN,1
9134,EA,CN,2
9246,EA,CN,2
9268,EA,CN,1
9324,EA,CN,1
9325,EA,CN,1
9349,EA,CN,2
9357,EA,CN,2
9417,EA,CN,1
9459,EA,CN,1
9465,EA,CN,1
9469,EA,CN,2
9473,EA,CN,1
9544,EA,CN,1
9595,EA,CN,1
9632,EA,CN,2
9635,EA,CN,2
9677,EA,CN,2
9715,EA,CN,1
9774,EA,CN,2
9796,EA,CN,1
9892,EA,CN,2
9899,EA,CN,1
9907,EA,CN,2
9934,EA,CN,1
9987,EA,CN,1
10022,EA,CN,1
10156,EA,CN,1
10163,EA,CN,1
10174,EA,CN,1
10187,EA,CN,2
10189,EA,CN,2
10210,EA,CN,1
10301,EA,CN,2
10328,EA,CN,1
10330,EA,CN,2
10361,EA,CN,1
10375,EA,CN,1
10400,EA,CN,1
10423,EA,CN,2
10434,EA,CN,1
10450,EA,CN,2
10566,EA,CN,2
10600,EA,CN,1
10610,EA,CN,2
10626,EA,CN,2
10634,EA,CN,2
10713,EA,CN,2
10771,EA,CN,2
10803,EA,CN,2
10910,EA,CN,2
10954,EA,CN,2
10978,EA,CN,1
11024,EA,CN,2
11101,EA,CN,1
11102,EA,CN,1
11112,EA,CN,2
11120,EA,CN,2
11132,EA,CN,1
11189,EA,CN,2
11241,EA,CN,1
11264,EA,CN,2
11283,EA,CN,1
11511,EA,CN,2
11514,EA,CN,1
11523,EA,CN,2
11525,EA,CN,1
11553,EA,CN,1
11596,EA,CN,1
11603,EA,CN,1
11617,EA,CN,2
11630,EA,CN,1
11647,EA,CN,1
11742,EA,CN,2
11786,EA,CN,1
11850,EA,CN,2
11870,EA,CN,1
11874,EA,CN,1
11930,EA,CN,1
11935,EA,CN,2
11967,EA,CN,1
12012,EA,CN,2
12074,EA,CN,1
12143,EA,CN,2
12151,EA,CN,1
12153,EA,CN,1
12219,EA,CN,1
12271,EA,CN,2
12284,EA,CN,2
12285,EA,CN,1
12305,EA,CN,1
12323,EA,CN,1
12429,EA,CN,2
12472,EA,CN,2
12486,EA,CN,2
12494,EA,CN,1
12627,EA,CN,2
12645,EA,CN,1
12732,EA,CN,1
12798,EA,CN,2
12830,EA,CN,2
12860,EA,CN,2
12896,EA,CN,1
12903,EA,CN,2
12926,EA,CN,2
12936,EA,CN,2
12948,EA,CN,2
12975,EA,CN,2
12998,EA,CN,1
13035,EA,CN,1
13050,EA,CN,2
13061,EA,CN,2
13113,EA,CN,2
13115,EA,CN,1
13137,EA,CN,2
13141,EA,CN,1
13200,EA,CN,1
13227,EA,CN,2
13300,EA,CN,1
13319,EA,CN,1
13334,EA,CN,1
13384,EA,CN,1
13400,EA,CN,1
13447,EA,CN,2
13469,EA,CN,2
13484,EA,CN,2
13518,EA,CN,2
13562,EA,CN,2
13726,EA,CN,2
13785,EA,CN,1
13843,EA,CN,2
13864,EA,CN,2
13874,EA,CN,1
13920,EA,CN,1
13996,EA,CN,1
14011,EA,CN,2
14055,EA,CN,2
14074,EA,CN,2
14137,EA,CN,2
14139,EA,CN,2
14259,EA,CN,1
14300,EA,CN,1
14325,EA,CN,1
14408,EA,CN,1
14410,EA,CN,1
14469,EA,CN,1
14488,EA,CN,1
14532,EA,CN,2
14550,EA,CN,2
14557,EA,CN,1
14581,EA,CN,1
14617,EA,CN,2
14707,EA,CN,1
14759,EA,CN,2
14793,EA,CN,1
14796,EA,CN,2
14818,EA,CN,1
14845,EA,CN,2
14858,EA,CN,2
14868,EA,CN,1
14900,EA,CN,1
14932,EA,CN,2
14970,EA,CN,2
14988,EA,CN,2
15035,EA,CN,1
15066,EA,CN,2
15131,EA,CN,1
15133,EA,CN,2
15176,EA,CN,2
15189,EA,CN,1
15254,EA,CN,1
15290,EA,CN,1
15363,EA,CN,2
15452,EA,CN,1
15473,EA,CN,2
15535,EA,CN,2
15538,EA,CN,1
15555,EA,CN,2
15585,EA,CN,1
15614,EA,CN,2
15620,EA,CN,2
15693,EA,CN,1
15735,EA,CN,1
15799,EA,CN,2
15822,EA,CN,1
15883,EA,CN,1
15894,EA,CN,1
15980,EA,CN,2
16011,EA,CN,1
16114,EA,CN,1
16120,EA,CN,1
16174,EA,CN,1
16204,EA,CN,1
16213,EA,CN,1
16230,EA,CN,1
16264,EA,CN,1
16339,EA,CN,1
16355,EA,CN,2
16386,EA,CN,1
16398,EA,CN,1
16457,EA,CN,1
16521,EA,CN,2
16572,EA,CN,1
16600,EA,CN,1
16614,EA,CN,1
16642,EA,CN,1
16731,EA,CN,1
16801,EA,CN,2
16845,EA,CN,1
16858,EA,CN,2
16891,EA,CN,1
16903,EA,CN,1
16977,EA,CN,1
17002,EA,CN,2
17048,EA,CN,1
17079,EA,CN,2
17082,EA,CN,2
17121,EA,CN,2
17212,EA,CN,1
17241,EA,CN,2
17322,EA,CN,1
17355,EA,CN,2
17361,EA,CN,1
17364,EA,CN,2
17386,EA,CN,2
17423,EA,CN,2
17455,EA,CN,1
17468,EA,CN,1
17475,EA,CN,1
17553,EA,CN,1
17585,EA,CN,2
17693,EA,CN,1
17744,EA,CN,2
17746,EA,CN,2
17792,EA,CN,1
17806,EA,CN,2
17877,EA,CN,1
17885,EA,CN,2
17929,EA,CN,1
17963,EA,CN,2
18290,EA,CN,1
18337,EA,CN,1
18550,EA,CN,2
18553,EA,CN,1
18597,EA,CN,1
18613,EA,CN,2
18630,EA,CN,2
18631,EA,CN,1
18643,EA,CN,1
18652,EA,CN,1
18656,EA,CN,1
18805,EA,CN,1
18820,EA,CN,1
18839,EA,CN,2
18874,EA,CN,1
18886,EA,CN,1
18935,EA,CN,1
18961,EA,CN,2
18970,EA,CN,1
18998,EA,CN,2
19036,EA,CN,2
19045,EA,CN,2
19113,EA,CN,2
19164,EA,CN,1
19267,EA,CN,2
19295,EA,CN,1
19331,EA,CN,2
19341,EA,CN,1
19363,EA,CN,1
19383,EA,CN,1
19385,EA,CN,2
19395,EA,CN,2
19486,EA,CN,2
19496,EA,CN,2
19519,EA,CN,2
19532,EA,CN,1
19538,EA,CN,1
19593,EA,CN,1
19599,EA,CN,1
19643,EA,CN,1
19686,EA,CN,1
19738,EA,CN,1
19794,EA,CN,1
19811,EA,CN,1
19826,EA,CN,2
19830,EA,CN,2
19839,EA,CN,2
19854,EA,CN,2
19900,EA,CN,1
19915,EA,CN,1
19967,EA,CN,1
19968,EA,CN,2
20031,EA,CN,1
20184,EA,CN,2
20270,EA,CN,2
20283,EA,CN,1
20299,EA,CN,2
20351,EA,CN,2
20380,EA,CN,2
20407,EA,CN,1
20420,EA,CN,1
20422,EA,CN,1
20431,EA,CN,1
20443,EA,CN,1
20446,EA,CN,2
20465,EA,CN,1
20467,EA,CN,1
20504,EA,CN,2
20528,EA,CN,1
20542,EA,CN,1
20609,EA,CN,1
20666,EA,CN,1
20677,EA,CN,1
20685,EA,CN,2
20717,EA,CN,2
20839,EA,CN,2
20853,EA,CN,1
20869,EA,CN,2
20890,EA,CN,2
20895,EA,CN,2
20964,EA,CN,1
20971,EA,CN,2
21051,EA,CN,2
21067,EA,CN,2
21074,EA,CN,1
21098,EA,CN,2
21130,EA,CN,2
21158,EA,CN,1
21165,EA,CN,1
21167,EA,CN,1
21173,EA,CN,1
21180,EA,CN,2
21203,EA,CN,2
21210,EA,CN,1
21328,EA,CN,1
21399,EA,CN,1
21509,EA,CN,2
21544,EA,CN,2
21598,EA,CN,1
21606,EA,CN,2
21608,EA,CN,1
21629,EA,CN,1
21630,EA,CN,2
21666,EA,CN,2
21691,EA,CN,1
21847,EA,CN,2
21910,EA,CN,2
21961,EA,CN,1
21976,EA,CN,1
21987,EA,CN,2
22043,EA,CN,2
22052,EA,CN,1
22065,EA,CN,1
22066,EA,CN,2
22090,EA,CN,1
22126,EA,CN,2
22166,EA,CN,2
22184,EA,CN,2
22194,EA,CN,2
22356,EA,CN,2
22467,EA,CN,2
22679,EA,CN,1
22707,EA,CN,2
22767,EA,CN,2
22770,EA,CN,1
22819,EA,CN,2
22833,EA,CN,1
22849,EA,CN,2
22966,EA,CN,2
23023,EA,CN,1
23052,EA,CN,1
23089,EA,CN,1
23104,EA,CN,2
23128,EA,CN,1
23200,EA,CN,1
23313,EA,CN,2
23322,EA,CN,1
23323,EA,CN,1
23404,EA,CN,2
23415,EA,CN,2
23440,EA,CN,2
23453,EA,CN,2
23505,EA,CN,1
23514,EA,CN,2
23524,EA,CN,1
23530,EA,CN,2
23534,EA,CN,1
23574,EA,CN,1
23584,EA,CN,1
23605,EA,CN,1
23620,EA,CN,2
23648,EA,CN,2
23699,EA,CN,2
23713,EA,CN,2
23779,EA,CN,1
23871,EA,CN,1
23873,EA,CN,1
23901,EA,CN,1
24026,EA,CN,2
24163,EA,CN,1
24174,EA,CN,2
24223,EA,CN,1
24260,EA,CN,2
24291,EA,CN,2
24304,EA,CN,1
24334,EA,CN,2
24405,EA,CN,2
24408,EA,CN,1
24500,EA,CN,2
24541,EA,CN,2
24573,EA,CN,1
24637,EA,CN,2
24673,EA,CN,2
24706,EA,CN,1
24740,EA,CN,2
24774,EA,CN,2
24836,EA,CN,1
24871,EA,CN,1
24902,EA,CN,2
24959,EA,CN,1
24975,EA,CN,1
24995,EA,CN,1
25038,EA,CN,1
25109,EA,CN,2
25137,EA,CN,1
25155,EA,CN,1
25239,EA,CN,2
25270,EA,CN,1
25302,EA,CN,2
25337,EA,CN,1
25369,EA,CN,2
25380,EA,CN,1
25416,EA,CN,1
25435,EA,CN,1
25447,EA,CN,1
25448,EA,CN,2
25471,EA,CN,2
25523,EA,CN,2
25591,EA,CN,2
25650,EA,CN,1
25690,EA,CN,1
25698,EA,CN,2
25856,EA,CN,1
25868,EA,CN,1
25990,EA,CN,2
26032,EA,CN,1
26129,EA,CN,2
26161,EA,CN,1
26178,EA,CN,1
26211,EA,CN,2
26281,EA,CN,2
26287,EA,CN,2
26292,EA,CN,1
26302,EA,CN,1
26321,EA,CN,2
26337,EA,CN,1
26345,EA,CN,1
26480,EA,CN,2
26492,EA,CN,2
26528,EA,CN,1
26575,EA,CN,1
26678,EA,CN,2
26714,EA,CN,2
26831,EA,CN,1
26865,EA,CN,2
26878,EA,CN,2
26995,EA,CN,1
27088,EA,CN,1
27101,EA,CN,1
27117,EA,CN,1
27271,EA,CN,1
27431,EA,CN,2
27497,EA,CN,1
27524,EA,CN,2
27558,EA,CN,2
27610,EA,CN,2
27668,EA,CN,2
27688,EA,CN,2
27740,EA,CN,2
27828,EA,CN,2
27904,EA,CN,2
27910,EA,CN,2
27911,EA,CN,2
28011,EA,CN,2
28051,EA,CN,2
28057,EA,CN,1
28067,EA,CN,1
28114,EA,CN,2
28222,EA,CN,2
28262,EA,CN,2
28271,EA,CN,1
28341,EA,CN,1
28365,EA,CN,2
28463,EA,CN,2
28550,EA,CN,1
28574,EA,CN,2
28656,EA,CN,2
28674,EA,CN,2
28728,EA,CN,1
28789,EA,CN,2
28790,EA,CN,1
28814,EA,CN,2
28822,EA,CN,2
28963,EA,CN,1
29070,EA,CN,2
29105,EA,CN,1
29132,EA,CN,1
29144,EA,CN,1
29243,EA,CN,2
29385,EA,CN,1
29411,EA,CN,1
29417,EA,CN,2
29454,EA,CN,2
29465,EA,CN,1
29484,EA,CN,2
29582,EA,CN,1
29629,EA,CN,1
29644,EA,CN,1
29679,EA,CN,1
29768,EA,CN,1
29903,EA,CN,1
29912,EA,CN,1
29978,EA,CN,2
30052,EA,CN,1
30118,EA,CN,1
30131,EA,CN,1
30137,EA,CN,2
30143,EA,CN,1
30180,EA,CN,1
30259,EA,CN,1
30273,EA,CN,1
30285,EA,CN,2
30328,EA,CN,1
30329,EA,CN,1
30336,EA,CN,2
30340,EA,CN,1
30352,EA,CN,2
30367,EA,CN,2
30457,EA,CN,2
30498,EA,CN,1
30514,EA,CN,1
30544,EA,CN,1
30637,EA,CN,1
30694,EA,CN,2
30701,EA,CN,2
30710,EA,CN,2
30807,EA,CN,2
30825,EA,CN,1
30846,EA,CN,1
30856,EA,CN,2
30872,EA,CN,2
30880,EA,CN,1
30899,EA,CN,1
30922,EA,CN,2
30936,EA,CN,2
31029,EA,CN,1
31060,EA,CN,1
31089,EA,CN,1
31128,EA,CN,1
31129,EA,CN,2
31138,EA,CN,1
31148,EA,CN,1
31247,EA,CN,1
31350,EA,CN,2
31386,EA,CN,2
31483,EA,CN,2
31568,EA,CN,1
31597,EA,CN,1
31622,EA,CN,1
31628,EA,CN,1
31665,EA,CN,1
31720,EA,CN,1
31728,EA,CN,1
31754,EA,CN,2
31808,EA,CN,1
31883,EA,CN,2
31907,EA,CN,2
32003,EA,CN,2
32090,EA,CN,1
32112,EA,CN,2
32116,EA,CN,2
32131,EA,CN,2
32167,EA,CN,1
32177,EA,CN,1
32263,EA,CN,2
32265,EA,CN,1
32323,EA,CN,2
32372,EA,CN,1
32463,EA,CN,2
32489,EA,CN,2
32518,EA,CN,1
32558,EA,CN,1
32572,EA,CN,2
32638,EA,CN,1
32679,EA,CN,1
32722,EA,CN,2
32747,EA,CN,1
32753,EA,CN,2
32785,EA,CN,1
32872,EA,CN,2
32894,EA,CN,2
32913,EA,CN,1
32917,EA,CN,2
32963,EA,CN,1
32972,EA,CN,2
33026,EA,CN,1
33067,EA,CN,2
33126,EA,CN,2
33141,EA,CN,2
33154,EA,CN,1
33212,EA,CN,1
33262,EA,CN,2
33291,EA,CN,1
33322,EA,CN,2
33345,EA,CN,1
33390,EA,CN,2
33433,EA,CN,1
33470,EA,CN,1
33509,EA,CN,1
33532,EA,CN,2
33618,EA,CN,2
33649,EA,CN,1
33741,EA,CN,1
33743,EA,CN,2
33765,EA,CN,2
33808,EA,CN,2
33856,EA,CN,1
33859,EA,CN,2
33890,EA,CN,2
33936,EA,CN,1
33940,EA,CN,1
33961,EA,CN,1
33962,EA,CN,2
33986,EA,CN,1
34029,EA,CN,2
34125,EA,CN,2
34143,EA,CN,2
34148,EA,CN,1
34171,EA,CN,2
34215,EA,CN,2
34276,EA,CN,1
34332,EA,CN,2
34354,EA,CN,1
34404,EA,CN,2
34456,EA,CN,2
34460,EA,CN,2
34500,EA,CN,1
34573,EA,CN,1
34714,EA,CN,2
34754,EA,CN,2
34812,EA,CN,2
34915,EA,CN,1
34930,EA,CN,1
34944,EA,CN,2
34983,EA,CN,2
35058,EA,CN,2
35064,EA,CN,1
35127,EA,CN,2
35156,EA,CN,2
35174,EA,CN,1
35191,EA,CN,2
35201,EA,CN,2
35204,EA,CN,2
35282,EA,CN,2
35287,EA,CN,1
35397,EA,CN,2
35429,EA,CN,2
35467,EA,CN,1
35542,EA,CN,2
35564,EA,CN,2
35592,EA,CN,1
35643,EA,CN,2
35653,EA,CN,1
35715,EA,CN,2
35732,EA,CN,2
35738,EA,CN,2
35871,EA,CN,1
35880,EA,CN,2
35907,EA,CN,2
35912,EA,CN,1
35918,EA,CN,2
35939,EA,CN,2
35991,EA,CN,2
36100,EA,CN,2
36117,EA,CN,1
36126,EA,CN,2
36186,EA,CN,2
36190,EA,CN,1
36199,EA,CN,2
36209,EA,CN,1
36223,EA,CN,2
36247,EA,CN,1
36341,EA,CN,2
36403,EA,CN,1
36419,EA,CN,2
36434,EA,CN,2
36449,EA,CN,1
36482,EA,CN,2
36557,EA,CN,2
36686,EA,CN,2
36689,EA,CN,2
36734,EA,CN,1
36743,EA,CN,1
36767,EA,CN,2
36785,EA,CN,2
36812,EA,CN,2
36819,EA,CN,2
36849,EA,CN,2
36960,EA,CN,1
36974,EA,CN,2
37016,EA,CN,2
37020,EA,CN,1
37082,EA,CN,2
37102,EA,CN,2
37114,EA,CN,1
37124,EA,CN,2
37184,EA,CN,2
37234,EA,CN,1
37245,EA,CN,1
37258,EA,CN,1
37327,EA,CN,1
37367,EA,CN,2
37404,EA,CN,1
37422,EA,CN,1
37432,EA,CN,2
37435,EA,CN,1
37490,EA,CN,1
37569,EA,CN,2
37608,EA,CN,1
37614,EA,CN,2
37617,EA,CN,2
37679,EA,CN,1
37723,EA,CN,2
37725,EA,CN,2
37743,EA,CN,2
37842,EA,CN,1
37843,EA,CN,1
37909,EA,CN,1
37955,EA,CN,1
38026,EA,CN,2
38068,EA,CN,2
38078,EA,CN,2
38130,EA,CN,1
38144,EA,CN,1
38146,EA,CN,1
38166,EA,CN,1
38168,EA,CN,1
38191,EA,CN,2
38245,EA,CN,1
38352,EA,CN,1
38390,EA,CN,2
38395,EA,CN,1
38425,EA,CN,2
38485,EA,CN,1
38518,EA,CN,1
38530,EA,CN,1
38533,EA,CN,2
38562,EA,CN,2
38593,EA,CN,2
38627,EA,CN,2
38630,EA,CN,1
38721,EA,CN,1
38773,EA,CN,2
38802,EA,CN,1
38809,EA,CN,2
38811,EA,CN,2
38829,EA,CN,1
38858,EA,CN,1
38920,EA,CN,2
38928,EA,CN,2
38947,EA,CN,1
39152,EA,CN,1
39199,EA,CN,1
39321,EA,CN,1
39356,EA,CN,2
39388,EA,CN,2
39457,EA,CN,1
39466,EA,CN,1
39532,EA,CN,2
39553,EA,CN,2
39557,EA,CN,1
39630,EA,CN,1
39715,EA,CN,1
39795,EA,CN,1
39804,EA,CN,1
39833,EA,CN,2
39842,EA,CN,1
39855,EA,CN,1
39864,EA,CN,2
39884,EA,CN,2
39918,EA,CN,1
40068,EA,CN,1
40135,EA,CN,1
40164,EA,CN,1
40169,EA,CN,1
40296,EA,CN,2
40352,EA,CN,2
40376,EA,CN,1
40497,EA,CN,2
40535,EA,CN,1
40542,EA,CN,2
40622,EA,CN,2
40625,EA,CN,2
40653,EA,CN,2
40762,EA,CN,1
40853,EA,CN,1
40855,EA,CN,2
40857,EA,CN,2
40920,EA,CN,1
40923,EA,CN,2
40969,EA,CN,1
40991,EA,CN,1
41001,EA,CN,2
41077,EA,CN,1
41103,EA,CN,2
41150,EA,CN,1
41152,EA,CN,1
41237,EA,CN,1
41239,EA,CN,1
41273,EA,CN,1
41360,EA,CN,2
41368,EA,CN,1
41416,EA,CN,1
41457,EA,CN,2
41472,EA,CN,1
41514,EA,CN,1
41581,EA,CN,2
41590,EA,CN,1
41607,EA,CN,1
41636,EA,CN,1
41704,EA,CN,1
41829,EA,CN,1
41836,EA,CN,1
41906,EA,CN,2
41973,EA,CN,2
42006,EA,CN,1
42040,EA,CN,1
42067,EA,CN,1
42086,EA,CN,2
42112,EA,CN,2
42166,EA,CN,2
42174,EA,CN,2
42185,EA,CN,2
42228,EA,CN,2
42330,EA,CN,1
42335,EA,CN,2
42344,EA,CN,1
42391,EA,CN,2
42428,EA,CN,1
42468,EA,CN,1
42520,EA,CN,2
42521,EA,CN,1
42568,EA,CN,1
42572,EA,CN,2
42585,EA,CN,1
42609,EA,CN,2
42690,EA,CN,2
42714,EA,CN,2
42742,EA,CN,1
42860,EA,CN,2
42886,EA,CN,2
42922,EA,CN,2
43042,EA,CN,1
43070,EA,CN,2
43113,EA,CN,1
43164,EA,CN,2
43191,EA,CN,1
43285,EA,CN,1
43295,EA,CN,2
43350,EA,CN,2
43486,EA,CN,1
43526,EA,CN,2
43621,EA,CN,2
43668,EA,CN,2
43764,EA,CN,2
43800,EA,CN,2
43811,EA,CN,2
43878,EA,CN,1
44063,EA,CN,2
44064,EA,CN,2
44147,EA,CN,1
44167,EA,CN,2
44178,EA,CN,2
44313,EA,CN,2
44380,EA,CN,1
44400,EA,CN,1
44415,EA,CN,2
44430,EA,CN,2
44444,EA,CN,2
44458,EA,CN,2
44475,EA,CN,1
44479,EA,CN,2
44628,EA,CN,1
44682,EA,CN,1
44743,EA,CN,1
44833,EA,CN,1
44841,EA,CN,1
44887,EA,CN,2
44967,EA,CN,1
45012,EA,CN,2
45024,EA,CN,1
45075,EA,CN,2
45117,EA,CN,2
45137,EA,CN,2
45175,EA,CN,2
45184,EA,CN,1
45199,EA,CN,1
45289,EA,CN,1
45314,EA,CN,1
45337,EA,CN,1
45340,EA,CN,2
45390,EA,CN,2
45424,EA,CN,2
45470,EA,CN,2
45492,EA,CN,1
45529,EA,CN,2
45544,EA,CN,2
45784,EA,CN,1
45800,EA,CN,2
45811,EA,CN,2
45837,EA,CN,1
45857,EA,CN,2
45893,EA,CN,2
45919,EA,CN,2
45938,EA,CN,2
45983,EA,CN,1
45985,EA,CN,1
46026,EA,CN,2
46132,EA,CN,1
46147,EA,CN,1
46160,EA,CN,1
46218,EA,CN,2
46346,EA,CN,1
46371,EA,CN,2
46372,EA,CN,2
46555,EA,CN,2
46569,EA,CN,2
46595,EA,CN,2
46674,EA,CN,1
46707,EA,CN,1
46710,EA,CN,2
46751,EA,CN,2
46756,EA,CN,1
46758,EA,CN,2
46810,EA,CN,2
46859,EA,CN,2
46880,EA,CN,1
46894,EA,CN,2
46969,EA,CN,2
47060,EA,CN,2
47065,EA,CN,1
47097,EA,CN,1
47139,EA,CN,2
47169,EA,CN,2
47174,EA,CN,2
47216,EA,CN,2
47246,EA,CN,2
47249,EA,CN,2
47362,EA,CN,1
47371,EA,CN,1
47560,EA,CN,1
47603,EA,CN,1
47619,EA,CN,2
47632,EA,CN,1
47865,EA,CN,2
48180,EA,CN,2
48182,EA,CN,1
48246,EA,CN,1
48295,EA,CN,2
48329,EA,CN,1
48352,EA,CN,1
48355,EA,CN,2
48359,EA,CN,1
48441,EA,CN,1
48449,EA,CN,2
48506,EA,CN,2
48538,EA,CN,2
48541,EA,CN,1
48562,EA,CN,2
48566,EA,CN,1
48607,EA,CN,2
48618,EA,CN,1
48728,EA,CN,1
48859,EA,CN,2
48976,EA,CN,2
49004,EA,CN,1
49029,EA,CN,1
49047,EA,CN,1
49052,EA,CN,1
49095,EA,CN,1
49132,EA,CN,1
49146,EA,CN,1
49168,EA,CN,1
49182,EA,CN,1
49189,EA,CN,1
49213,EA,CN,1
49228,EA,CN,1
49239,EA,CN,1
49242,EA,CN,2
49325,EA,CN,1
49460,EA,CN,1
49550,EA,CN,1
49700,EA,CN,1
49737,EA,CN,1
49765,EA,CN,1
49777,EA,CN,1
49804,EA,CN,2
49855,EA,CN,2
49870,EA,CN,2
49943,EA,CN,2
49950,EA,CN,2
49959,EA,CN,2
49971,EA,CN,2
55,EA,CT,1
107,EA,CT,2
176,EA,CT,1
257,EA,CT,1
284,EA,CT,2
287,EA,CT,1
310,EA,CT,2
337,EA,CT,2
379,EA,CT,2
393,EA,CT,2
405,EA,CT,2
423,EA,CT,1
450,EA,CT,2
504,EA,CT,2
525,EA,CT,2
545,EA,CT,1
715,EA,CT,2
722,EA,CT,1
793,EA,CT,2
804,EA,CT,2
813,EA,CT,2
856,EA,CT,2
893,EA,CT,2
922,EA,CT,1
1029,EA,CT,2
1057,EA,CT,1
1106,EA,CT,1
1200,EA,CT,2
1227,EA,CT,2
1261,EA,CT,2
1290,EA,CT,1
1347,EA,CT,1
1352,EA,CT,2
1363,EA,CT,2
1421,EA,CT,1
1434,EA,CT,2
1481,EA,CT,1
1545,EA,CT,1
1552,EA,CT,1
1573,EA,CT,1
1656,EA,CT,2
1687,EA,CT,1
1707,EA,CT,2
1733,EA,CT,2
1735,EA,CT,2
1755,EA,CT,2
1808,EA,CT,2
1814,EA,CT,2
1819,EA,CT,2
1822,EA,CT,1
1823,EA,CT,1
2004,EA,CT,2
2039,EA,CT,2
2055,EA,CT,1
2068,EA,CT,2
2081,EA,CT,1
2155,EA,CT,2
2221,EA,CT,2
2288,EA,CT,2
2375,EA,CT,2
2408,EA,CT,1
2426,EA,CT,2
2584,EA,CT,2
2585,EA,CT,1
2599,EA,CT,2
2600,EA,CT,1
2732,EA,CT,2
2844,EA,CT,1
2891,EA,CT,2
2932,EA,CT,2
2983,EA,CT,1
3056,EA,CT,1
3081,EA,CT,1
3102,EA,CT,1
3191,EA,CT,1
3230,EA,CT,1
3297,EA,CT,1
3363,EA,CT,1
3367,EA,CT,2
3385,EA,CT,1
3400,EA,CT,2
3418,EA,CT,1
3429,EA,CT,2
3440,EA,CT,1
3512,EA,CT,2
3524,EA,CT,1
3567,EA,CT,1
3631,EA,CT,2
3824,EA,CT,1
3839,EA,CT,1
3867,EA,CT,1
3868,EA,CT,2
3912,EA,CT,2
3929,EA,CT,1
3954,EA,CT,2
3971,EA,CT,2
3979,EA,CT,2
4017,EA,CT,1
4066,EA,CT,2
4087,EA,CT,2
4153,EA,CT,2
4187,EA,CT,1
4207,EA,CT,1
4211,EA,CT,1
4303,EA,CT,1
4314,EA,CT,1
4339,EA,CT,2
4348,EA,CT,2
4447,EA,CT,1
4462,EA,CT,1
4591,EA,CT,1
4624,EA,CT,2
4651,EA,CT,2
4652,EA,CT,1
4663,EA,CT,1
4706,EA,CT,2
4716,EA,CT,1
4744,EA,CT,2
4767,EA,CT,1
4795,EA,CT,1
4797,EA,CT,1
4812,EA,CT,2
4827,EA,CT,2
4829,EA,CT,2
4851,EA,CT,2
4856,EA,CT,1
4865,EA,CT,1
4871,EA,CT,1
4927,EA,CT,2
5009,EA,CT,1
5024,EA,CT,1
5070,EA,CT,1
5086,EA,CT,2
5105,EA,CT,2
5119,EA,CT,1
5120,EA,CT,2
5159,EA,CT,1
5406,EA,CT,1
5424,EA,CT,2
5475,EA,CT,2
5499,EA,CT,1
5570,EA,CT,1
5586,EA,CT,2
5619,EA,CT,2
5651,EA,CT,1
5741,EA,CT,2
5797,EA,CT,2
5824,EA,CT,2
5829,EA,CT,1
5834,EA,CT,1
5906,EA,CT,2
5913,EA,CT,2
5938,EA,CT,2
5957,EA,CT,2
5998,EA,CT,2
6010,EA,CT,2
6059,EA,CT,2
6111,EA,CT,1
6137,EA,CT,1
6156,EA,CT,1
6252,EA,CT,1
6253,EA,CT,2
6255,EA,CT,2
6295,EA,CT,1
6347,EA,CT,1
6374,EA,CT,1
6420,EA,CT,1
6452,EA,CT,1
6465,EA,CT,1
6484,EA,CT,2
6488,EA,CT,1
6527,EA,CT,1
6595,EA,CT,1
6631,EA,CT,1
6715,EA,CT,2
6728,EA,CT,1
6756,EA,CT,2
6812,EA,CT,1
6824,EA,CT,1
6842,EA,CT,1
6867,EA,CT,1
6868,EA,CT,2
6899,EA,CT,2
6965,EA,CT,1
6977,EA,CT,2
6991,EA,CT,1
7001,EA,CT,2
7004,EA,CT,1
7042,EA,CT,2
7070,EA,CT,2
7096,EA,CT,1
7099,EA,CT,1
7194,EA,CT,2
7220,EA,CT,2
7235,EA,CT,2
7313,EA,CT,2
7387,EA,CT,1
7407,EA,CT,1
7430,EA,CT,2
7439,EA,CT,1
7451,EA,CT,2
7498,EA,CT,2
7550,EA,CT,1
7553,EA,CT,2
7555,EA,CT,1
7581,EA,CT,2
7599,EA,CT,2
7631,EA,CT,1
7654,EA,CT,1
7687,EA,CT,1
7723,EA,CT,1
7756,EA,CT,1
7832,EA,CT,2
7887,EA,CT,1
7894,EA,CT,1
7915,EA,CT,2
7966,EA,CT,1
7972,EA,CT,1
7992,EA,CT,1
8015,EA,CT,2
8033,EA,CT,1
8139,EA,CT,1
8217,EA,CT,1
8268,EA,CT,1
8339,EA,CT,1
8366,EA,CT,2
8444,EA,CT,1
8477,EA,CT,1
8580,EA,CT,2
8614,EA,CT,1
8630,EA,CT,2
8637,EA,CT,1
8672,EA,CT,1
8800,EA,CT,1
8816,EA,CT,2
8902,EA,CT,2
8923,EA,CT,2
8948,EA,CT,1
8993,EA,CT,1
9004,EA,CT,1
9089,EA,CT,2
9102,EA,CT,2
9120,EA,CT,1
9134,EA,CT,2
9246,EA,CT,2
9268,EA,CT,1
9324,EA,CT,2
9325,EA,CT,1
9349,EA,CT,2
9357,EA,CT,2
9417,EA,CT,1
9459,EA,CT,1
9465,EA,CT,1
9469,EA,CT,2
9473,EA,CT,2
9485,EA,CT,2
9595,EA,CT,1
9632,EA,CT,2
9635,EA,CT,2
9677,EA,CT,2
9715,EA,CT,1
9724,EA,CT,1
9774,EA,CT,2
9796,EA,CT,1
9892,EA,CT,2
9899,EA,CT,1
9934,EA,CT,1
9955,EA,CT,1
9987,EA,CT,1
10022,EA,CT,1
10156,EA,CT,1
10163,EA,CT,1
10174,EA,CT,1
10187,EA,CT,2
10210,EA,CT,1
10301,EA,CT,1
10328,EA,CT,1
10330,EA,CT,2
10361,EA,CT,1
10375,EA,CT,1
10400,EA,CT,1
10423,EA,CT,2
10434,EA,CT,1
10450,EA,CT,2
10566,EA,CT,2
10600,EA,CT,1
10610,EA,CT,2
10621,EA,CT,2
10626,EA,CT,2
10634,EA,CT,2
10713,EA,CT,1
10771,EA,CT,2
10803,EA,CT,2
10910,EA,CT,2
10954,EA,CT,2
10978,EA,CT,1
11024,EA,CT,2
11102,EA,CT,1
11112,EA,CT,2
11120,EA,CT,2
11132,EA,CT,1
11189,EA,CT,2
11241,EA,CT,1
11264,EA,CT,2
11283,EA,CT,2
11511,EA,CT,2
11514,EA,CT,1
11523,EA,CT,2
11525,EA,CT,1
11553,EA,CT,1
11596,EA,CT,1
11603,EA,CT,1
11617,EA,CT,2
11630,EA,CT,1
11647,EA,CT,1
11742,EA,CT,2
11786,EA,CT,1
11850,EA,CT,2
11870,EA,CT,1
11874,EA,CT,1
11930,EA,CT,1
11935,EA,CT,2
11967,EA,CT,1
12012,EA,CT,2
12074,EA,CT,1
12143,EA,CT,2
12151,EA,CT,1
12153,EA,CT,1
12219,EA,CT,1
12271,EA,CT,2
12285,EA,CT,1
12305,EA,CT,1
12323,EA,CT,1
12429,EA,CT,2
12472,EA,CT,2
12494,EA,CT,1
12627,EA,CT,2
12645,EA,CT,1
12732,EA,CT,1
12798,EA,CT,2
12830,EA,CT,2
12860,EA,CT,2
12896,EA,CT,1
12903,EA,CT,2
12926,EA,CT,2
12936,EA,CT,2
12948,EA,CT,2
12975,EA,CT,2
13035,EA,CT,1
13050,EA,CT,2
13061,EA,CT,2
13113,EA,CT,2
13115,EA,CT,1
13137,EA,CT,2
13141,EA,CT,1
13200,EA,CT,1
13227,EA,CT,2
13319,EA,CT,1
13334,EA,CT,1
13384,EA,CT,1
13400,EA,CT,1
13447,EA,CT,2
13469,EA,CT,2
13484,EA,CT,2
13518,EA,CT,2
13531,EA,CT,1
13562,EA,CT,2
13726,EA,CT,2
13785,EA,CT,1
13843,EA,CT,2
13864,EA,CT,2
13874,EA,CT,1
13920,EA,CT,1
13923,EA,CT,1
13996,EA,CT,1
14011,EA,CT,2
14047,EA,CT,2
14055,EA,CT,2
14074,EA,CT,2
14137,EA,CT,2
14139,EA,CT,2
14259,EA,CT,1
14300,EA,CT,1
14325,EA,CT,1
14408,EA,CT,1
14410,EA,CT,1
14469,EA,CT,1
14488,EA,CT,1
14532,EA,CT,2
14550,EA,CT,2
14557,EA,CT,1
14581,EA,CT,2
14617,EA,CT,2
14707,EA,CT,1
14759,EA,CT,2
14793,EA,CT,1
14796,EA,CT,2
14818,EA,CT,1
14845,EA,CT,2
14858,EA,CT,2
14868,EA,CT,1
14900,EA,CT,1
14932,EA,CT,2
14970,EA,CT,2
14988,EA,CT,2
15035,EA,CT,1
15066,EA,CT,2
15131,EA,CT,1
15133,EA,CT,2
15176,EA,CT,2
15189,EA,CT,1
15254,EA,CT,1
15290,EA,CT,1
15363,EA,CT,2
15452,EA,CT,2
15473,EA,CT,2
15535,EA,CT,2
15538,EA,CT,1
15555,EA,CT,2
15585,EA,CT,2
15614,EA,CT,2
15620,EA,CT,2
15721,EA,CT,2
15735,EA,CT,1
15799,EA,CT,2
15810,EA,CT,1
15822,EA,CT,1
15883,EA,CT,1
15938,EA,CT,1
15980,EA,CT,2
16011,EA,CT,1
16114,EA,CT,1
16120,EA,CT,1
16170,EA,CT,2
16174,EA,CT,1
16204,EA,CT,1
16212,EA,CT,2
16213,EA,CT,1
16230,EA,CT,1
16264,EA,CT,1
16339,EA,CT,1
16355,EA,CT,2
16386,EA,CT,1
16398,EA,CT,1
16457,EA,CT,1
16572,EA,CT,1
16600,EA,CT,1
16614,EA,CT,1
16642,EA,CT,1
16731,EA,CT,1
16801,EA,CT,2
16845,EA,CT,1
16858,EA,CT,2
16891,EA,CT,1
16903,EA,CT,1
16977,EA,CT,1
17002,EA,CT,2
17048,EA,CT,1
17079,EA,CT,2
17082,EA,CT,2
17121,EA,CT,2
17165,EA,CT,2
17212,EA,CT,1
17241,EA,CT,2
17280,EA,CT,2
17322,EA,CT,1
17355,EA,CT,2
17364,EA,CT,2
17386,EA,CT,2
17423,EA,CT,2
17455,EA,CT,1
17468,EA,CT,1
17475,EA,CT,1
17553,EA,CT,1
17693,EA,CT,1
17744,EA,CT,2
17746,EA,CT,2
17792,EA,CT,1
17806,EA,CT,2
17841,EA,CT,2
17877,EA,CT,1
17885,EA,CT,2
17963,EA,CT,2
18290,EA,CT,1
18337,EA,CT,1
18550,EA,CT,2
18553,EA,CT,1
18597,EA,CT,1
18613,EA,CT,2
18630,EA,CT,2
18631,EA,CT,1
18643,EA,CT,1
18652,EA,CT,1
18656,EA,CT,2
18670,EA,CT,1
18805,EA,CT,1
18806,EA,CT,1
18820,EA,CT,1
18839,EA,CT,2
18874,EA,CT,1
18886,EA,CT,1
18935,EA,CT,1
18970,EA,CT,1
18998,EA,CT,2
19036,EA,CT,2
19045,EA,CT,2
19164,EA,CT,2
19267,EA,CT,2
19295,EA,CT,1
19331,EA,CT,2
19341,EA,CT,1
19363,EA,CT,1
19383,EA,CT,1
19385,EA,CT,2
19395,EA,CT,2
19486,EA,CT,2
19496,EA,CT,2
19519,EA,CT,2
19532,EA,CT,1
19538,EA,CT,1
19593,EA,CT,2
19599,EA,CT,2
19643,EA,CT,1
19686,EA,CT,1
19738,EA,CT,1
19794,EA,CT,1
19811,EA,CT,1
19826,EA,CT,1
19830,EA,CT,2
19839,EA,CT,2
19854,EA,CT,2
19900,EA,CT,2
19915,EA,CT,1
19967,EA,CT,1
19968,EA,CT,2
20031,EA,CT,1
20132,EA,CT,1
20184,EA,CT,1
20195,EA,CT,1
20270,EA,CT,1
20299,EA,CT,2
20338,EA,CT,1
20351,EA,CT,1
20380,EA,CT,2
20420,EA,CT,1
20422,EA,CT,1
20431,EA,CT,1
20443,EA,CT,1
20446,EA,CT,2
20465,EA,CT,1
20467,EA,CT,2
20504,EA,CT,2
20528,EA,CT,1
20542,EA,CT,1
20549,EA,CT,1
20609,EA,CT,1
20666,EA,CT,1
20677,EA,CT,1
20685,EA,CT,2
20839,EA,CT,2
20853,EA,CT,1
20869,EA,CT,2
20890,EA,CT,2
20895,EA,CT,1
20964,EA,CT,1
20971,EA,CT,2
21016,EA,CT,1
21051,EA,CT,2
21067,EA,CT,2
21074,EA,CT,1
21098,EA,CT,2
21130,EA,CT,2
21158,EA,CT,1
21165,EA,CT,1
21167,EA,CT,1
21173,EA,CT,1
21180,EA,CT,2
21203,EA,CT,2
21210,EA,CT,1
21328,EA,CT,1
21399,EA,CT,1
21509,EA,CT,2
21544,EA,CT,2
21599,EA,CT,1
21606,EA,CT,2
21629,EA,CT,1
21630,EA,CT,2
21666,EA,CT,2
21691,EA,CT,1
21847,EA,CT,2
21910,EA,CT,2
21935,EA,CT,1
21976,EA,CT,1
21987,EA,CT,2
22043,EA,CT,2
22052,EA,CT,1
22065,EA,CT,1
22066,EA,CT,2
22090,EA,CT,1
22126,EA,CT,2
22166,EA,CT,2
22184,EA,CT,2
22189,EA,CT,2
22194,EA,CT,2
22266,EA,CT,1
22356,EA,CT,2
22467,EA,CT,2
22679,EA,CT,1
22707,EA,CT,2
22767,EA,CT,2
22770,EA,CT,1
22814,EA,CT,1
22819,EA,CT,2
22833,EA,CT,1
22849,EA,CT,2
22966,EA,CT,2
23023,EA,CT,1
23052,EA,CT,1
23089,EA,CT,1
23104,EA,CT,2
23128,EA,CT,1
23200,EA,CT,1
23313,EA,CT,2
23322,EA,CT,1
23404,EA,CT,2
23415,EA,CT,2
23440,EA,CT,2
23453,EA,CT,2
23505,EA,CT,1
23514,EA,CT,2
23524,EA,CT,1
23530,EA,CT,2
23534,EA,CT,1
23574,EA,CT,1
23584,EA,CT,1
23605,EA,CT,1
23620,EA,CT,2
23648,EA,CT,2
23699,EA,CT,2
23713,EA,CT,2
23779,EA,CT,1
23871,EA,CT,1
23873,EA,CT,1
23901,EA,CT,1
24026,EA,CT,2
24163,EA,CT,1
24174,EA,CT,2
24223,EA,CT,1
24260,EA,CT,2
24291,EA,CT,2
24304,EA,CT,1
24334,EA,CT,2
24405,EA,CT,2
24408,EA,CT,1
24502,EA,CT,2
24541,EA,CT,2
24573,EA,CT,1
24577,EA,CT,1
24637,EA,CT,2
24673,EA,CT,2
24706,EA,CT,1
24740,EA,CT,2
24774,EA,CT,2
24836,EA,CT,1
24871,EA,CT,1
24902,EA,CT,2
24959,EA,CT,1
24975,EA,CT,1
24995,EA,CT,1
25038,EA,CT,1
25109,EA,CT,2
25137,EA,CT,1
25155,EA,CT,1
25239,EA,CT,2
25270,EA,CT,1
25302,EA,CT,2
25337,EA,CT,1
25348,EA,CT,1
25369,EA,CT,2
25380,EA,CT,1
25416,EA,CT,1
25435,EA,CT,1
25447,EA,CT,1
25448,EA,CT,2
25471,EA,CT,2
25523,EA,CT,2
25650,EA,CT,1
25690,EA,CT,1
25698,EA,CT,2
25856,EA,CT,1
25868,EA,CT,1
25990,EA,CT,2
26032,EA,CT,1
26129,EA,CT,2
26161,EA,CT,1
26211,EA,CT,2
26281,EA,CT,2
26287,EA,CT,2
26292,EA,CT,1
26302,EA,CT,1
26321,EA,CT,2
26337,EA,CT,1
26345,EA,CT,1
26480,EA,CT,2
26528,EA,CT,1
26546,EA,CT,1
26556,EA,CT,1
26678,EA,CT,2
26714,EA,CT,2
26831,EA,CT,1
26865,EA,CT,2
26878,EA,CT,2
26995,EA,CT,1
27029,EA,CT,2
27088,EA,CT,1
27101,EA,CT,1
27117,EA,CT,1
27271,EA,CT,1
27395,EA,CT,2
27431,EA,CT,2
27497,EA,CT,1
27524,EA,CT,2
27558,EA,CT,2
27610,EA,CT,2
27668,EA,CT,2
27688,EA,CT,2
27740,EA,CT,2
27786,EA,CT,2
27828,EA,CT,2
27904,EA,CT,2
27910,EA,CT,2
27911,EA,CT,2
28011,EA,CT,2
28019,EA,CT,1
28051,EA,CT,2
28057,EA,CT,1
28067,EA,CT,1
28114,EA,CT,2
28222,EA,CT,2
28262,EA,CT,2
28271,EA,CT,1
28339,EA,CT,1
28341,EA,CT,1
28365,EA,CT,2
28463,EA,CT,2
28490,EA,CT,1
28550,EA,CT,1
28574,EA,CT,2
28656,EA,CT,2
28674,EA,CT,2
28728,EA,CT,1
28789,EA,CT,2
28814,EA,CT,2
28822,EA,CT,2
28963,EA,CT,1
29070,EA,CT,2
29105,EA,CT,2
29132,EA,CT,1
29144,EA,CT,1
29184,EA,CT,1
29243,EA,CT,2
29385,EA,CT,1
29411,EA,CT,1
29417,EA,CT,2
29454,EA,CT,2
29465,EA,CT,1
29484,EA,CT,2
29582,EA,CT,1
29629,EA,CT,1
29644,EA,CT,1
29679,EA,CT,1
29768,EA,CT,1
29880,EA,CT,1
29903,EA,CT,1
29912,EA,CT,1
29978,EA,CT,2
30052,EA,CT,1
30118,EA,CT,1
30131,EA,CT,1
30137,EA,CT,2
30143,EA,CT,1
30180,EA,CT,1
30259,EA,CT,1
30273,EA,CT,1
30285,EA,CT,1
30328,EA,CT,1
30329,EA,CT,1
30336,EA,CT,2
30340,EA,CT,1
30352,EA,CT,2
30367,EA,CT,2
30498,EA,CT,2
30514,EA,CT,1
30544,EA,CT,1
30637,EA,CT,1
30694,EA,CT,2
30701,EA,CT,2
30710,EA,CT,2
30794,EA,CT,1
30807,EA,CT,2
30825,EA,CT,1
30846,EA,CT,1
30856,EA,CT,2
30872,EA,CT,2
30880,EA,CT,1
30899,EA,CT,1
30922,EA,CT,2
30936,EA,CT,2
31029,EA,CT,1
31060,EA,CT,1
31081,EA,CT,2
31089,EA,CT,1
31128,EA,CT,1
31129,EA,CT,2
31138,EA,CT,1
31148,EA,CT,1
31247,EA,CT,1
31266,EA,CT,2
31350,EA,CT,2
31386,EA,CT,2
31470,EA,CT,2
31483,EA,CT,2
31597,EA,CT,1
31622,EA,CT,1
31628,EA,CT,1
31634,EA,CT,1
31665,EA,CT,1
31720,EA,CT,1
31728,EA,CT,1
31754,EA,CT,2
31883,EA,CT,2
31907,EA,CT,2
32003,EA,CT,2
32090,EA,CT,1
32112,EA,CT,2
32116,EA,CT,2
32131,EA,CT,2
32167,EA,CT,2
32177,EA,CT,1
32263,EA,CT,2
32265,EA,CT,1
32323,EA,CT,2
32372,EA,CT,1
32463,EA,CT,2
32489,EA,CT,1
32518,EA,CT,1
32572,EA,CT,2
32679,EA,CT,1
32722,EA,CT,2
32747,EA,CT,1
32753,EA,CT,2
32785,EA,CT,1
32872,EA,CT,2
32894,EA,CT,2
32913,EA,CT,1
32917,EA,CT,2
32972,EA,CT,2
33026,EA,CT,1
33067,EA,CT,2
33126,EA,CT,2
33141,EA,CT,2
33154,EA,CT,1
33262,EA,CT,2
33291,EA,CT,1
33345,EA,CT,1
33433,EA,CT,1
33470,EA,CT,1
33504,EA,CT,1
33509,EA,CT,1
33532,EA,CT,2
33618,EA,CT,2
33649,EA,CT,1
33741,EA,CT,1
33743,EA,CT,2
33765,EA,CT,2
33808,EA,CT,2
33856,EA,CT,1
33859,EA,CT,2
33890,EA,CT,2
33936,EA,CT,1
33940,EA,CT,1
33961,EA,CT,1
33962,EA,CT,2
33986,EA,CT,1
34029,EA,CT,2
34084,EA,CT,1
34125,EA,CT,2
34143,EA,CT,2
34148,EA,CT,1
34171,EA,CT,1
34215,EA,CT,2
34276,EA,CT,1
34332,EA,CT,2
34354,EA,CT,1
34404,EA,CT,2
34414,EA,CT,2
34460,EA,CT,2
34500,EA,CT,1
34573,EA,CT,1
34667,EA,CT,2
34714,EA,CT,2
34918,EA,CT,2
34930,EA,CT,1
34944,EA,CT,2
34983,EA,CT,2
35058,EA,CT,2
35064,EA,CT,1
35127,EA,CT,2
35156,EA,CT,2
35174,EA,CT,1
35191,EA,CT,2
35201,EA,CT,2
35204,EA,CT,2
35282,EA,CT,2
35287,EA,CT,1
35397,EA,CT,2
35429,EA,CT,2
35467,EA,CT,2
35542,EA,CT,2
35564,EA,CT,2
35592,EA,CT,1
35643,EA,CT,2
35653,EA,CT,1
35732,EA,CT,2
35738,EA,CT,2
35743,EA,CT,2
35871,EA,CT,2
35880,EA,CT,2
35907,EA,CT,2
35912,EA,CT,1
35918,EA,CT,2
35939,EA,CT,2
35991,EA,CT,2
36100,EA,CT,2
36117,EA,CT,1
36126,EA,CT,2
36186,EA,CT,2
36190,EA,CT,1
36199,EA,CT,2
36209,EA,CT,1
36223,EA,CT,1
36247,EA,CT,1
36419,EA,CT,2
36434,EA,CT,2
36449,EA,CT,1
36482,EA,CT,2
36557,EA,CT,2
36686,EA,CT,2
36689,EA,CT,2
36734,EA,CT,1
36743,EA,CT,1
36785,EA,CT,2
36812,EA,CT,2
36819,EA,CT,2
36849,EA,CT,2
36960,EA,CT,1
36974,EA,CT,2
37006,EA,CT,2
37016,EA,CT,2
37020,EA,CT,1
37082,EA,CT,2
37102,EA,CT,2
37124,EA,CT,2
37184,EA,CT,1
37234,EA,CT,1
37245,EA,CT,1
37258,EA,CT,1
37327,EA,CT,1
37367,EA,CT,2
37404,EA,CT,1
37422,EA,CT,1
37432,EA,CT,2
37435,EA,CT,1
37490,EA,CT,1
37537,EA,CT,1
37542,EA,CT,1
37569,EA,CT,2
37608,EA,CT,1
37679,EA,CT,1
37723,EA,CT,2
37741,EA,CT,1
37743,EA,CT,2
37842,EA,CT,1
37843,EA,CT,1
37909,EA,CT,1
37955,EA,CT,1
38026,EA,CT,2
38068,EA,CT,2
38078,EA,CT,2
38130,EA,CT,1
38144,EA,CT,1
38146,EA,CT,1
38166,EA,CT,1
38168,EA,CT,1
38191,EA,CT,2
38245,EA,CT,1
38267,EA,CT,2
38352,EA,CT,1
38363,EA,CT,1
38390,EA,CT,1
38395,EA,CT,1
38425,EA,CT,2
38485,EA,CT,1
38518,EA,CT,1
38530,EA,CT,1
38562,EA,CT,2
38593,EA,CT,2
38627,EA,CT,2
38630,EA,CT,1
38721,EA,CT,1
38773,EA,CT,2
38802,EA,CT,1
38809,EA,CT,1
38811,EA,CT,2
38829,EA,CT,1
38858,EA,CT,1
38920,EA,CT,2
38928,EA,CT,2
38947,EA,CT,1
39152,EA,CT,1
39199,EA,CT,1
39321,EA,CT,1
39356,EA,CT,2
39388,EA,CT,2
39457,EA,CT,1
39466,EA,CT,1
39532,EA,CT,2
39553,EA,CT,2
39557,EA,CT,1
39630,EA,CT,1
39715,EA,CT,1
39795,EA,CT,1
39804,EA,CT,1
39833,EA,CT,2
39842,EA,CT,1
39855,EA,CT,1
39864,EA,CT,2
39884,EA,CT,2
39918,EA,CT,1
40029,EA,CT,2
40068,EA,CT,1
40135,EA,CT,1
40145,EA,CT,2
40164,EA,CT,1
40169,EA,CT,1
40296,EA,CT,2
40376,EA,CT,1
40497,EA,CT,2
40542,EA,CT,2
40622,EA,CT,2
40625,EA,CT,2
40653,EA,CT,2
40762,EA,CT,1
40853,EA,CT,1
40855,EA,CT,1
40857,EA,CT,2
40920,EA,CT,1
40969,EA,CT,1
41001,EA,CT,2
41077,EA,CT,1
41103,EA,CT,2
41152,EA,CT,2
41237,EA,CT,1
41239,EA,CT,1
41273,EA,CT,1
41360,EA,CT,2
41368,EA,CT,1
41416,EA,CT,1
41472,EA,CT,1
41514,EA,CT,1
41581,EA,CT,2
41590,EA,CT,2
41607,EA,CT,1
41636,EA,CT,1
41704,EA,CT,1
41829,EA,CT,1
41836,EA,CT,1
41906,EA,CT,2
42006,EA,CT,1
42040,EA,CT,1
42067,EA,CT,1
42086,EA,CT,2
42112,EA,CT,2
42166,EA,CT,2
42174,EA,CT,2
42185,EA,CT,2
42228,EA,CT,2
42330,EA,CT,1
42335,EA,CT,2
42344,EA,CT,1
42391,EA,CT,2
42428,EA,CT,1
42468,EA,CT,2
42520,EA,CT,1
42521,EA,CT,1
42568,EA,CT,1
42585,EA,CT,1
42609,EA,CT,2
42690,EA,CT,2
42714,EA,CT,2
42860,EA,CT,2
42886,EA,CT,2
42922,EA,CT,2
43042,EA,CT,1
43070,EA,CT,2
43113,EA,CT,1
43164,EA,CT,2
43285,EA,CT,2
43295,EA,CT,2
43350,EA,CT,2
43486,EA,CT,1
43526,EA,CT,2
43621,EA,CT,2
43668,EA,CT,2
43764,EA,CT,2
43800,EA,CT,2
43811,EA,CT,2
43878,EA,CT,1
44064,EA,CT,2
44167,EA,CT,2
44178,EA,CT,2
44313,EA,CT,1
44380,EA,CT,1
44400,EA,CT,1
44415,EA,CT,2
44430,EA,CT,2
44444,EA,CT,2
44458,EA,CT,2
44475,EA,CT,1
44479,EA,CT,2
44628,EA,CT,1
44682,EA,CT,1
44743,EA,CT,1
44812,EA,CT,2
44833,EA,CT,2
44841,EA,CT,1
44887,EA,CT,2
45012,EA,CT,2
45024,EA,CT,1
45075,EA,CT,2
45117,EA,CT,2
45137,EA,CT,2
45175,EA,CT,2
45184,EA,CT,1
45190,EA,CT,1
45289,EA,CT,1
45314,EA,CT,1
45337,EA,CT,1
45340,EA,CT,2
45390,EA,CT,2
45424,EA,CT,1
45470,EA,CT,2
45492,EA,CT,1
45529,EA,CT,2
45784,EA,CT,1
45800,EA,CT,2
45811,EA,CT,2
45837,EA,CT,1
45857,EA,CT,2
45893,EA,CT,2
45919,EA,CT,2
45938,EA,CT,2
45985,EA,CT,1
46026,EA,CT,2
46132,EA,CT,1
46147,EA,CT,1
46160,EA,CT,1
46218,EA,CT,2
46346,EA,CT,1
46371,EA,CT,2
46372,EA,CT,2
46555,EA,CT,2
46569,EA,CT,2
46595,EA,CT,2
46674,EA,CT,1
46707,EA,CT,1
46710,EA,CT,2
46751,EA,CT,2
46756,EA,CT,1
46810,EA,CT,2
46859,EA,CT,2
46880,EA,CT,1
46894,EA,CT,2
46969,EA,CT,2
47024,EA,CT,2
47060,EA,CT,2
47065,EA,CT,1
47097,EA,CT,1
47139,EA,CT,2
47169,EA,CT,2
47174,EA,CT,2
47216,EA,CT,2
47246,EA,CT,2
47249,EA,CT,2
47362,EA,CT,1
47371,EA,CT,1
47560,EA,CT,1
47603,EA,CT,1
47619,EA,CT,2
47632,EA,CT,1
47865,EA,CT,2
47886,EA,CT,1
48180,EA,CT,2
48182,EA,CT,1
48246,EA,CT,1
48329,EA,CT,1
48352,EA,CT,1
48355,EA,CT,2
48359,EA,CT,1
48434,EA,CT,1
48449,EA,CT,2
48506,EA,CT,2
48538,EA,CT,2
48541,EA,CT,1
48562,EA,CT,2
48563,EA,CT,2
48566,EA,CT,2
48587,EA,CT,1
48607,EA,CT,2
48618,EA,CT,1
48722,EA,CT,2
48728,EA,CT,1
48859,EA,CT,2
48898,EA,CT,1
48976,EA,CT,2
49004,EA,CT,1
49029,EA,CT,1
49047,EA,CT,1
49052,EA,CT,1
49095,EA,CT,1
49132,EA,CT,1
49146,EA,CT,1
49168,EA,CT,2
49182,EA,CT,2
49189,EA,CT,1
49213,EA,CT,1
49228,EA,CT,1
49239,EA,CT,1
49242,EA,CT,2
49325,EA,CT,1
49400,EA,CT,2
49460,EA,CT,1
49550,EA,CT,1
49700,EA,CT,1
49737,EA,CT,1
49765,EA,CT,2
49804,EA,CT,2
49855,EA,CT,2
49870,EA,CT,2
49943,EA,CT,2
49950,EA,CT,2
49959,EA,CT,2
49971,EA,CT,1
55,EA,R1,1
107,EA,R1,2
176,EA,R1,1
257,EA,R1,1
283,EA,R1,2
284,EA,R1,2
287,EA,R1,1
310,EA,R1,2
337,EA,R1,2
379,EA,R1,2
393,EA,R1,2
405,EA,R1,2
423,EA,R1,2
450,EA,R1,2
504,EA,R1,2
525,EA,R1,2
545,EA,R1,1
715,EA,R1,2
722,EA,R1,1
793,EA,R1,2
804,EA,R1,2
856,EA,R1,2
893,EA,R1,2
922,EA,R1,1
1029,EA,R1,2
1057,EA,R1,1
1106,EA,R1,1
1176,EA,R1,2
1199,EA,R1,1
1200,EA,R1,2
1205,EA,R1,2
1227,EA,R1,2
1261,EA,R1,2
1285,EA,R1,1
1290,EA,R1,2
1352,EA,R1,2
1363,EA,R1,2
1434,EA,R1,2
1481,EA,R1,1
1545,EA,R1,2
1552,EA,R1,1
1573,EA,R1,1
1656,EA,R1,2
1687,EA,R1,1
1707,EA,R1,2
1733,EA,R1,2
1735,EA,R1,2
1755,EA,R1,2
1808,EA,R1,2
1814,EA,R1,2
1819,EA,R1,2
1822,EA,R1,1
1823,EA,R1,1
1862,EA,R1,1
2004,EA,R1,2
2039,EA,R1,2
2055,EA,R1,1
2068,EA,R1,2
2081,EA,R1,1
2155,EA,R1,2
2170,EA,R1,1
2221,EA,R1,2
2288,EA,R1,2
2375,EA,R1,2
2426,EA,R1,2
2584,EA,R1,2
2600,EA,R1,1
2732,EA,R1,2
2844,EA,R1,1
2891,EA,R1,2
2932,EA,R1,2
2983,EA,R1,1
3056,EA,R1,1
3081,EA,R1,1
3102,EA,R1,1
3191,EA,R1,1
3230,EA,R1,2
3297,EA,R1,1
3363,EA,R1,1
3367,EA,R1,2
3418,EA,R1,1
3429,EA,R1,2
3440,EA,R1,1
3512,EA,R1,2
3524,EA,R1,1
3631,EA,R1,2
3824,EA,R1,1
3839,EA,R1,1
3867,EA,R1,1
3868,EA,R1,1
3954,EA,R1,2
3971,EA,R1,2
3979,EA,R1,2
4017,EA,R1,1
4066,EA,R1,2
4087,EA,R1,2
4153,EA,R1,2
4182,EA,R1,2
4187,EA,R1,1
4207,EA,R1,1
4211,EA,R1,1
4303,EA,R1,1
4314,EA,R1,1
4339,EA,R1,1
4348,EA,R1,2
4447,EA,R1,1
4462,EA,R1,1
4624,EA,R1,2
4651,EA,R1,2
4652,EA,R1,1
4663,EA,R1,1
4706,EA,R1,2
4716,EA,R1,1
4767,EA,R1,1
4795,EA,R1,1
4812,EA,R1,1
4829,EA,R1,2
4856,EA,R1,2
4871,EA,R1,1
4927,EA,R1,2
5006,EA,R1,2
5009,EA,R1,1
5024,EA,R1,1
5070,EA,R1,1
5086,EA,R1,2
5105,EA,R1,2
5119,EA,R1,1
5120,EA,R1,2
5159,EA,R1,1
5406,EA,R1,1
5424,EA,R1,2
5475,EA,R1,2
5499,EA,R1,1
5570,EA,R1,1
5586,EA,R1,1
5619,EA,R1,2
5651,EA,R1,1
5741,EA,R1,2
5797,EA,R1,2
5824,EA,R1,2
5829,EA,R1,1
5834,EA,R1,2
5906,EA,R1,2
5913,EA,R1,2
5938,EA,R1,2
5957,EA,R1,2
5998,EA,R1,2
6010,EA,R1,2
6059,EA,R1,2
6111,EA,R1,1
6137,EA,R1,1
6156,EA,R1,1
6253,EA,R1,2
6255,EA,R1,2
6295,EA,R1,1
6347,EA,R1,1
6374,EA,R1,1
6420,EA,R1,1
6452,EA,R1,1
6465,EA,R1,1
6484,EA,R1,2
6488,EA,R1,1
6519,EA,R1,2
6527,EA,R1,1
6595,EA,R1,1
6631,EA,R1,1
6692,EA,R1,1
6715,EA,R1,2
6728,EA,R1,1
6756,EA,R1,2
6812,EA,R1,1
6824,EA,R1,1
6826,EA,R1,2
6842,EA,R1,1
6867,EA,R1,1
6868,EA,R1,2
6899,EA,R1,2
6965,EA,R1,2
6977,EA,R1,2
6991,EA,R1,1
7001,EA,R1,2
7004,EA,R1,1
7042,EA,R1,2
7070,EA,R1,2
7096,EA,R1,1
7099,EA,R1,1
7194,EA,R1,2
7220,EA,R1,2
7235,EA,R1,2
7313,EA,R1,2
7407,EA,R1,1
7430,EA,R1,2
7439,EA,R1,1
7451,EA,R1,2
7498,EA,R1,2
7550,EA,R1,1
7553,EA,R1,2
7555,EA,R1,1
7581,EA,R1,2
7599,EA,R1,2
7631,EA,R1,1
7654,EA,R1,1
7687,EA,R1,1
7723,EA,R1,1
7832,EA,R1,2
7887,EA,R1,1
7894,EA,R1,1
7915,EA,R1,2
7949,EA,R1,1
7966,EA,R1,1
7972,EA,R1,1
7992,EA,R1,2
8015,EA,R1,2
8033,EA,R1,1
8139,EA,R1,1
8217,EA,R1,2
8339,EA,R1,1
8366,EA,R1,2
8444,EA,R1,1
8477,EA,R1,1
8580,EA,R1,2
8614,EA,R1,1
8630,EA,R1,2
8637,EA,R1,1
8672,EA,R1,1
8816,EA,R1,2
8902,EA,R1,2
8923,EA,R1,2
8948,EA,R1,1
8993,EA,R1,1
9004,EA,R1,1
9089,EA,R1,2
9102,EA,R1,2
9120,EA,R1,1
9134,EA,R1,2
9246,EA,R1,2
9268,EA,R1,1
9325,EA,R1,1
9349,EA,R1,2
9357,EA,R1,2
9417,EA,R1,1
9465,EA,R1,1
9469,EA,R1,2
9473,EA,R1,1
9485,EA,R1,1
9595,EA,R1,2
9635,EA,R1,2
9677,EA,R1,2
9715,EA,R1,1
9724,EA,R1,2
9774,EA,R1,2
9796,EA,R1,1
9892,EA,R1,2
9907,EA,R1,2
9934,EA,R1,1
9955,EA,R1,2
9987,EA,R1,1
10022,EA,R1,1
10156,EA,R1,1
10163,EA,R1,1
10174,EA,R1,1
10187,EA,R1,2
10189,EA,R1,2
10210,EA,R1,1
10301,EA,R1,1
10328,EA,R1,1
10330,EA,R1,2
10361,EA,R1,1
10375,EA,R1,1
10400,EA,R1,1
10423,EA,R1,2
10434,EA,R1,1
10450,EA,R1,2
10566,EA,R1,2
10600,EA,R1,1
10610,EA,R1,2
10621,EA,R1,2
10626,EA,R1,1
10634,EA,R1,2
10713,EA,R1,1
10771,EA,R1,2
10803,EA,R1,1
10910,EA,R1,2
10954,EA,R1,2
10978,EA,R1,1
11024,EA,R1,2
11101,EA,R1,2
11102,EA,R1,1
11112,EA,R1,1
11120,EA,R1,2
11132,EA,R1,1
11189,EA,R1,2
11264,EA,R1,2
11283,EA,R1,2
11511,EA,R1,2
11514,EA,R1,2
11523,EA,R1,2
11525,EA,R1,1
11596,EA,R1,1
11617,EA,R1,2
11630,EA,R1,1
11647,EA,R1,1
11742,EA,R1,2
11786,EA,R1,1
11850,EA,R1,2
11870,EA,R1,1
11874,EA,R1,1
11930,EA,R1,1
11935,EA,R1,2
11967,EA,R1,1
12012,EA,R1,2
12074,EA,R1,1
12151,EA,R1,1
12153,EA,R1,1
12219,EA,R1,1
12271,EA,R1,2
12284,EA,R1,1
12285,EA,R1,1
12301,EA,R1,1
12305,EA,R1,1
12323,EA,R1,2
12429,EA,R1,2
12472,EA,R1,2
12486,EA,R1,2
12494,EA,R1,1
12627,EA,R1,2
12645,EA,R1,1
12732,EA,R1,1
12798,EA,R1,2
12830,EA,R1,2
12860,EA,R1,2
12896,EA,R1,1
12903,EA,R1,2
12926,EA,R1,2
12936,EA,R1,2
12948,EA,R1,2
12975,EA,R1,2
12998,EA,R1,1
13035,EA,R1,1
13050,EA,R1,2
13061,EA,R1,1
13137,EA,R1,2
13141,EA,R1,1
13200,EA,R1,1
13227,EA,R1,2
13300,EA,R1,2
13319,EA,R1,1
13334,EA,R1,1
13384,EA,R1,1
13400,EA,R1,2
13447,EA,R1,2
13484,EA,R1,2
13518,EA,R1,2
13531,EA,R1,1
13562,EA,R1,2
13726,EA,R1,1
13785,EA,R1,1
13843,EA,R1,2
13864,EA,R1,2
13874,EA,R1,1
13920,EA,R1,2
13996,EA,R1,2
14011,EA,R1,2
14047,EA,R1,2
14055,EA,R1,2
14074,EA,R1,2
14137,EA,R1,2
14139,EA,R1,2
14224,EA,R1,2
14259,EA,R1,1
14300,EA,R1,1
14325,EA,R1,1
14408,EA,R1,1
14469,EA,R1,1
14488,EA,R1,1
14532,EA,R1,2
14557,EA,R1,1
14581,EA,R1,2
14617,EA,R1,2
14707,EA,R1,2
14759,EA,R1,2
14793,EA,R1,1
14796,EA,R1,2
14818,EA,R1,1
14845,EA,R1,2
14858,EA,R1,2
14868,EA,R1,1
14900,EA,R1,1
14932,EA,R1,2
14970,EA,R1,2
14988,EA,R1,2
15035,EA,R1,1
15066,EA,R1,2
15131,EA,R1,2
15133,EA,R1,2
15176,EA,R1,2
15189,EA,R1,1
15290,EA,R1,1
15363,EA,R1,2
15452,EA,R1,2
15473,EA,R1,2
15535,EA,R1,2
15555,EA,R1,1
15585,EA,R1,1
15614,EA,R1,2
15620,EA,R1,2
15693,EA,R1,1
15721,EA,R1,2
15735,EA,R1,1
15770,EA,R1,2
15799,EA,R1,2
15810,EA,R1,2
15883,EA,R1,1
15894,EA,R1,2
15938,EA,R1,2
16011,EA,R1,1
16114,EA,R1,1
16120,EA,R1,1
16170,EA,R1,1
16174,EA,R1,1
16204,EA,R1,2
16212,EA,R1,1
16213,EA,R1,1
16230,EA,R1,1
16264,EA,R1,1
16339,EA,R1,1
16355,EA,R1,2
16386,EA,R1,1
16398,EA,R1,1
16457,EA,R1,1
16521,EA,R1,2
16572,EA,R1,1
16600,EA,R1,1
16614,EA,R1,1
16642,EA,R1,1
16731,EA,R1,1
16801,EA,R1,2
16845,EA,R1,1
16858,EA,R1,2
16891,EA,R1,2
16977,EA,R1,1
17002,EA,R1,2
17048,EA,R1,1
17121,EA,R1,2
17165,EA,R1,2
17212,EA,R1,1
17227,EA,R1,2
17322,EA,R1,1
17355,EA,R1,2
17361,EA,R1,1
17364,EA,R1,2
17386,EA,R1,2
17455,EA,R1,1
17468,EA,R1,1
17475,EA,R1,1
17553,EA,R1,1
17744,EA,R1,2
17746,EA,R1,2
17792,EA,R1,1
17806,EA,R1,2
17841,EA,R1,1
17877,EA,R1,1
17885,EA,R1,2
17929,EA,R1,2
17963,EA,R1,2
18223,EA,R1,2
18290,EA,R1,1
18550,EA,R1,2
18553,EA,R1,2
18597,EA,R1,2
18613,EA,R1,2
18630,EA,R1,2
18631,EA,R1,1
18643,EA,R1,1
18652,EA,R1,1
18656,EA,R1,2
18670,EA,R1,1
18805,EA,R1,2
18806,EA,R1,1
18820,EA,R1,1
18839,EA,R1,2
18874,EA,R1,1
18886,EA,R1,1
18935,EA,R1,1
18961,EA,R1,2
18970,EA,R1,1
18998,EA,R1,2
19036,EA,R1,2
19045,EA,R1,2
19113,EA,R1,1
19164,EA,R1,1
19267,EA,R1,2
19295,EA,R1,1
19331,EA,R1,2
19341,EA,R1,1
19363,EA,R1,1
19383,EA,R1,1
19385,EA,R1,2
19395,EA,R1,2
19486,EA,R1,2
19496,EA,R1,2
19519,EA,R1,2
19532,EA,R1,1
19538,EA,R1,1
19599,EA,R1,2
19643,EA,R1,1
19686,EA,R1,1
19738,EA,R1,1
19794,EA,R1,1
19811,EA,R1,1
19830,EA,R1,2
19839,EA,R1,2
19854,EA,R1,2
19900,EA,R1,2
19915,EA,R1,1
19967,EA,R1,1
19968,EA,R1,2
20031,EA,R1,1
20132,EA,R1,1
20184,EA,R1,2
20283,EA,R1,1
20299,EA,R1,2
20338,EA,R1,1
20351,EA,R1,2
20380,EA,R1,2
20407,EA,R1,2
20420,EA,R1,1
20431,EA,R1,1
20443,EA,R1,1
20446,EA,R1,2
20465,EA,R1,1
20467,EA,R1,1
20504,EA,R1,2
20528,EA,R1,1
20549,EA,R1,1
20609,EA,R1,1
20666,EA,R1,1
20677,EA,R1,1
20685,EA,R1,2
20716,EA,R1,2
20839,EA,R1,2
20853,EA,R1,1
20869,EA,R1,2
20890,EA,R1,2
20895,EA,R1,1
20964,EA,R1,1
20971,EA,R1,2
21016,EA,R1,1
21051,EA,R1,2
21067,EA,R1,2
21074,EA,R1,1
21098,EA,R1,2
21130,EA,R1,2
21158,EA,R1,1
21165,EA,R1,1
21167,EA,R1,1
21173,EA,R1,1
21180,EA,R1,2
21203,EA,R1,2
21210,EA,R1,1
21399,EA,R1,1
21509,EA,R1,2
21544,EA,R1,2
21598,EA,R1,2
21599,EA,R1,2
21606,EA,R1,2
21608,EA,R1,1
21629,EA,R1,1
21666,EA,R1,1
21691,EA,R1,1
21847,EA,R1,2
21910,EA,R1,1
21935,EA,R1,2
21961,EA,R1,1
21976,EA,R1,1
21987,EA,R1,2
22043,EA,R1,2
22052,EA,R1,1
22065,EA,R1,1
22066,EA,R1,2
22090,EA,R1,2
22126,EA,R1,2
22166,EA,R1,2
22184,EA,R1,2
22189,EA,R1,1
22194,EA,R1,2
22266,EA,R1,1
22356,EA,R1,2
22467,EA,R1,2
22707,EA,R1,2
22767,EA,R1,2
22770,EA,R1,1
22819,EA,R1,2
22833,EA,R1,1
22849,EA,R1,2
22966,EA,R1,2
23023,EA,R1,1
23052,EA,R1,1
23089,EA,R1,1
23103,EA,R1,2
23104,EA,R1,2
23128,EA,R1,1
23200,EA,R1,1
23313,EA,R1,2
23322,EA,R1,1
23404,EA,R1,2
23415,EA,R1,1
23440,EA,R1,2
23453,EA,R1,2
23505,EA,R1,1
23514,EA,R1,2
23524,EA,R1,1
23530,EA,R1,2
23534,EA,R1,2
23574,EA,R1,1
23584,EA,R1,1
23605,EA,R1,1
23620,EA,R1,2
23648,EA,R1,2
23699,EA,R1,2
23713,EA,R1,2
23779,EA,R1,1
23871,EA,R1,1
23873,EA,R1,1
23901,EA,R1,1
24026,EA,R1,2
24163,EA,R1,1
24174,EA,R1,2
24223,EA,R1,1
24304,EA,R1,1
24334,EA,R1,2
24405,EA,R1,2
24408,EA,R1,1
24500,EA,R1,2
24541,EA,R1,2
24573,EA,R1,1
24577,EA,R1,2
24637,EA,R1,2
24673,EA,R1,1
24706,EA,R1,1
24740,EA,R1,2
24774,EA,R1,2
24836,EA,R1,1
24902,EA,R1,2
24959,EA,R1,2
24975,EA,R1,1
24995,EA,R1,1
25015,EA,R1,1
25038,EA,R1,1
25109,EA,R1,2
25137,EA,R1,1
25155,EA,R1,1
25239,EA,R1,2
25270,EA,R1,1
25302,EA,R1,2
25337,EA,R1,1
25348,EA,R1,1
25369,EA,R1,2
25416,EA,R1,1
25435,EA,R1,1
25447,EA,R1,1
25448,EA,R1,2
25471,EA,R1,2
25523,EA,R1,2
25591,EA,R1,1
25650,EA,R1,1
25690,EA,R1,1
25698,EA,R1,2
25868,EA,R1,1
25990,EA,R1,2
26032,EA,R1,1
26129,EA,R1,2
26161,EA,R1,1
26178,EA,R1,2
26211,EA,R1,2
26281,EA,R1,1
26287,EA,R1,2
26292,EA,R1,1
26302,EA,R1,1
26321,EA,R1,2
26337,EA,R1,1
26480,EA,R1,2
26492,EA,R1,2
26528,EA,R1,1
26546,EA,R1,1
26556,EA,R1,1
26575,EA,R1,2
26678,EA,R1,2
26714,EA,R1,2
26831,EA,R1,1
26865,EA,R1,2
26878,EA,R1,2
27029,EA,R1,1
27088,EA,R1,1
27101,EA,R1,1
27117,EA,R1,1
27271,EA,R1,1
27395,EA,R1,2
27431,EA,R1,2
27497,EA,R1,1
27524,EA,R1,2
27558,EA,R1,2
27610,EA,R1,2
27668,EA,R1,2
27740,EA,R1,2
27786,EA,R1,2
27828,EA,R1,2
27904,EA,R1,2
27910,EA,R1,2
27911,EA,R1,2
28011,EA,R1,2
28019,EA,R1,1
28051,EA,R1,2
28067,EA,R1,1
28114,EA,R1,2
28222,EA,R1,2
28262,EA,R1,2
28271,EA,R1,1
28339,EA,R1,2
28341,EA,R1,1
28365,EA,R1,2
28463,EA,R1,2
28490,EA,R1,1
28550,EA,R1,2
28574,EA,R1,2
28656,EA,R1,2
28674,EA,R1,2
28728,EA,R1,1
28789,EA,R1,2
28814,EA,R1,1
28822,EA,R1,2
28963,EA,R1,1
29070,EA,R1,2
29105,EA,R1,2
29144,EA,R1,1
29184,EA,R1,1
29243,EA,R1,2
29385,EA,R1,1
29411,EA,R1,1
29417,EA,R1,2
29454,EA,R1,2
29484,EA,R1,2
29582,EA,R1,1
29629,EA,R1,1
29644,EA,R1,1
29679,EA,R1,1
29768,EA,R1,1
29880,EA,R1,2
29903,EA,R1,1
29912,EA,R1,1
29978,EA,R1,1
30052,EA,R1,1
30118,EA,R1,1
30137,EA,R1,2
30143,EA,R1,1
30180,EA,R1,1
30259,EA,R1,1
30273,EA,R1,1
30285,EA,R1,2
30328,EA,R1,1
30329,EA,R1,1
30336,EA,R1,2
30340,EA,R1,1
30352,EA,R1,2
30367,EA,R1,2
30457,EA,R1,2
30498,EA,R1,2
30514,EA,R1,1
30544,EA,R1,1
30637,EA,R1,1
30694,EA,R1,2
30701,EA,R1,2
30710,EA,R1,2
30794,EA,R1,1
30807,EA,R1,1
30825,EA,R1,1
30846,EA,R1,1
30856,EA,R1,2
30872,EA,R1,2
30880,EA,R1,1
30899,EA,R1,1
30922,EA,R1,1
30936,EA,R1,2
31029,EA,R1,1
31060,EA,R1,1
31081,EA,R1,2
31089,EA,R1,1
31128,EA,R1,1
31129,EA,R1,2
31138,EA,R1,1
31148,EA,R1,1
31247,EA,R1,1
31266,EA,R1,2
31350,EA,R1,2
31386,EA,R1,2
31470,EA,R1,1
31483,EA,R1,2
31568,EA,R1,1
31597,EA,R1,1
31622,EA,R1,1
31628,EA,R1,1
31634,EA,R1,1
31665,EA,R1,1
31720,EA,R1,1
31728,EA,R1,1
31808,EA,R1,2
31883,EA,R1,2
31907,EA,R1,2
32003,EA,R1,2
32090,EA,R1,1
32112,EA,R1,2
32116,EA,R1,2
32131,EA,R1,2
32167,EA,R1,1
32177,EA,R1,1
32263,EA,R1,2
32265,EA,R1,1
32323,EA,R1,2
32372,EA,R1,1
32463,EA,R1,2
32489,EA,R1,2
32518,EA,R1,1
32558,EA,R1,2
32572,EA,R1,2
32638,EA,R1,1
32679,EA,R1,1
32722,EA,R1,2
32747,EA,R1,1
32753,EA,R1,2
32785,EA,R1,1
32872,EA,R1,2
32894,EA,R1,1
32913,EA,R1,1
32963,EA,R1,1
32972,EA,R1,2
33026,EA,R1,2
33067,EA,R1,2
33126,EA,R1,2
33141,EA,R1,2
33154,EA,R1,1
33212,EA,R1,2
33262,EA,R1,2
33291,EA,R1,1
33322,EA,R1,1
33345,EA,R1,1
33390,EA,R1,1
33409,EA,R1,2
33470,EA,R1,1
33504,EA,R1,1
33509,EA,R1,1
33532,EA,R1,2
33649,EA,R1,1
33741,EA,R1,1
33743,EA,R1,2
33765,EA,R1,2
33806,EA,R1,1
33808,EA,R1,2
33856,EA,R1,1
33859,EA,R1,2
33890,EA,R1,2
33936,EA,R1,2
33940,EA,R1,2
33961,EA,R1,1
33962,EA,R1,2
33986,EA,R1,1
34029,EA,R1,2
34084,EA,R1,1
34125,EA,R1,2
34143,EA,R1,2
34148,EA,R1,1
34171,EA,R1,1
34215,EA,R1,2
34276,EA,R1,1
34354,EA,R1,1
34404,EA,R1,2
34414,EA,R1,2
34460,EA,R1,2
34500,EA,R1,1
34573,EA,R1,1
34667,EA,R1,2
34714,EA,R1,2
34754,EA,R1,2
34812,EA,R1,2
34915,EA,R1,2
34918,EA,R1,2
34944,EA,R1,2
34983,EA,R1,2
35058,EA,R1,2
35064,EA,R1,2
35127,EA,R1,2
35156,EA,R1,2
35174,EA,R1,1
35191,EA,R1,2
35201,EA,R1,2
35204,EA,R1,2
35282,EA,R1,2
35287,EA,R1,1
35397,EA,R1,2
35429,EA,R1,2
35467,EA,R1,2
35542,EA,R1,2
35564,EA,R1,2
35592,EA,R1,1
35643,EA,R1,2
35653,EA,R1,2
35715,EA,R1,2
35732,EA,R1,2
35738,EA,R1,2
35743,EA,R1,1
35871,EA,R1,2
35880,EA,R1,2
35912,EA,R1,2
35939,EA,R1,2
35991,EA,R1,2
36100,EA,R1,2
36117,EA,R1,1
36126,EA,R1,2
36186,EA,R1,2
36190,EA,R1,1
36199,EA,R1,2
36209,EA,R1,1
36247,EA,R1,1
36403,EA,R1,2
36419,EA,R1,2
36434,EA,R1,2
36449,EA,R1,1
36482,EA,R1,2
36557,EA,R1,2
36686,EA,R1,2
36689,EA,R1,1
36734,EA,R1,1
36743,EA,R1,1
36767,EA,R1,2
36812,EA,R1,2
36819,EA,R1,2
36849,EA,R1,2
36960,EA,R1,1
36974,EA,R1,2
37006,EA,R1,2
37016,EA,R1,2
37020,EA,R1,1
37082,EA,R1,2
37102,EA,R1,1
37114,EA,R1,2
37124,EA,R1,2
37184,EA,R1,2
37234,EA,R1,2
37245,EA,R1,1
37249,EA,R1,2
37258,EA,R1,2
37327,EA,R1,1
37367,EA,R1,2
37404,EA,R1,1
37422,EA,R1,1
37432,EA,R1,2
37435,EA,R1,1
37490,EA,R1,1
37537,EA,R1,2
37542,EA,R1,1
37569,EA,R1,2
37608,EA,R1,1
37614,EA,R1,2
37679,EA,R1,1
37723,EA,R1,2
37725,EA,R1,2
37741,EA,R1,2
37743,EA,R1,2
37842,EA,R1,1
37843,EA,R1,1
37909,EA,R1,1
37955,EA,R1,1
38026,EA,R1,2
38068,EA,R1,2
38078,EA,R1,2
38093,EA,R1,2
38130,EA,R1,2
38144,EA,R1,1
38146,EA,R1,1
38166,EA,R1,1
38191,EA,R1,2
38245,EA,R1,1
38267,EA,R1,1
38352,EA,R1,1
38363,EA,R1,2
38390,EA,R1,1
38395,EA,R1,1
38425,EA,R1,2
38485,EA,R1,1
38518,EA,R1,1
38530,EA,R1,1
38554,EA,R1,2
38562,EA,R1,2
38593,EA,R1,2
38627,EA,R1,2
38630,EA,R1,1
38721,EA,R1,1
38773,EA,R1,1
38802,EA,R1,2
38809,EA,R1,1
38811,EA,R1,2
38829,EA,R1,1
38858,EA,R1,2
38920,EA,R1,2
38928,EA,R1,2
38947,EA,R1,1
39000,EA,R1,2
39152,EA,R1,2
39199,EA,R1,1
39321,EA,R1,1
39356,EA,R1,2
39388,EA,R1,2
39457,EA,R1,1
39466,EA,R1,1
39532,EA,R1,2
39553,EA,R1,2
39557,EA,R1,1
39715,EA,R1,2
39795,EA,R1,1
39804,EA,R1,1
39833,EA,R1,2
39842,EA,R1,1
39855,EA,R1,2
39864,EA,R1,2
39884,EA,R1,2
39918,EA,R1,1
40068,EA,R1,1
40135,EA,R1,1
40145,EA,R1,1
40164,EA,R1,1
40169,EA,R1,1
40296,EA,R1,2
40352,EA,R1,1
40376,EA,R1,1
40497,EA,R1,2
40535,EA,R1,1
40542,EA,R1,2
40622,EA,R1,2
40625,EA,R1,2
40653,EA,R1,2
40762,EA,R1,1
40853,EA,R1,1
40855,EA,R1,2
40920,EA,R1,2
40923,EA,R1,2
40969,EA,R1,1
41001,EA,R1,2
41077,EA,R1,1
41103,EA,R1,2
41150,EA,R1,2
41152,EA,R1,2
41237,EA,R1,1
41239,EA,R1,1
41360,EA,R1,2
41368,EA,R1,1
41416,EA,R1,2
41472,EA,R1,1
41514,EA,R1,2
41581,EA,R1,2
41590,EA,R1,2
41607,EA,R1,1
41636,EA,R1,1
41704,EA,R1,1
41829,EA,R1,1
41836,EA,R1,1
41906,EA,R1,2
41973,EA,R1,2
42006,EA,R1,2
42040,EA,R1,1
42067,EA,R1,1
42086,EA,R1,2
42112,EA,R1,2
42166,EA,R1,2
42174,EA,R1,1
42185,EA,R1,2
42228,EA,R1,2
42330,EA,R1,1
42335,EA,R1,2
42344,EA,R1,1
42391,EA,R1,2
42428,EA,R1,1
42468,EA,R1,2
42521,EA,R1,1
42568,EA,R1,2
42572,EA,R1,2
42585,EA,R1,1
42609,EA,R1,2
42690,EA,R1,2
42714,EA,R1,2
42860,EA,R1,2
42886,EA,R1,2
42922,EA,R1,2
43042,EA,R1,1
43070,EA,R1,2
43164,EA,R1,2
43191,EA,R1,1
43295,EA,R1,2
43350,EA,R1,2
43486,EA,R1,1
43526,EA,R1,2
43621,EA,R1,2
43668,EA,R1,2
43764,EA,R1,2
43800,EA,R1,2
43878,EA,R1,1
44063,EA,R1,2
44064,EA,R1,2
44147,EA,R1,2
44167,EA,R1,2
44178,EA,R1,2
44313,EA,R1,2
44380,EA,R1,1
44400,EA,R1,2
44415,EA,R1,2
44430,EA,R1,2
44444,EA,R1,2
44458,EA,R1,2
44475,EA,R1,1
44479,EA,R1,2
44628,EA,R1,1
44682,EA,R1,1
44743,EA,R1,1
44812,EA,R1,2
44833,EA,R1,1
44841,EA,R1,2
44887,EA,R1,2
44967,EA,R1,1
45012,EA,R1,2
45024,EA,R1,1
45075,EA,R1,2
45117,EA,R1,2
45137,EA,R1,2
45175,EA,R1,2
45184,EA,R1,1
45190,EA,R1,2
45289,EA,R1,1
45314,EA,R1,1
45337,EA,R1,1
45340,EA,R1,2
45390,EA,R1,2
45424,EA,R1,2
45470,EA,R1,2
45492,EA,R1,1
45529,EA,R1,2
45544,EA,R1,2
45784,EA,R1,1
45800,EA,R1,2
45811,EA,R1,2
45837,EA,R1,1
45857,EA,R1,2
45893,EA,R1,2
45938,EA,R1,2
45983,EA,R1,1
45985,EA,R1,1
46026,EA,R1,2
46132,EA,R1,1
46147,EA,R1,1
46160,EA,R1,1
46346,EA,R1,1
46371,EA,R1,1
46372,EA,R1,2
46555,EA,R1,2
46569,EA,R1,2
46595,EA,R1,2
46674,EA,R1,1
46707,EA,R1,1
46710,EA,R1,2
46751,EA,R1,2
46756,EA,R1,1
46810,EA,R1,2
46859,EA,R1,2
46880,EA,R1,1
46894,EA,R1,2
46969,EA,R1,2
47024,EA,R1,2
47060,EA,R1,2
47065,EA,R1,2
47097,EA,R1,1
47139,EA,R1,2
47169,EA,R1,2
47174,EA,R1,2
47216,EA,R1,2
47246,EA,R1,2
47249,EA,R1,2
47362,EA,R1,1
47371,EA,R1,1
47560,EA,R1,1
47603,EA,R1,1
47619,EA,R1,2
47632,EA,R1,1
47865,EA,R1,2
47886,EA,R1,1
48180,EA,R1,1
48182,EA,R1,1
48217,EA,R1,2
48246,EA,R1,1
48329,EA,R1,1
48352,EA,R1,1
48355,EA,R1,2
48434,EA,R1,2
48441,EA,R1,2
48449,EA,R1,2
48506,EA,R1,2
48538,EA,R1,2
48541,EA,R1,1
48562,EA,R1,2
48563,EA,R1,2
48566,EA,R1,1
48587,EA,R1,1
48722,EA,R1,2
48728,EA,R1,1
48859,EA,R1,2
48898,EA,R1,1
48976,EA,R1,2
49004,EA,R1,1
49029,EA,R1,2
49047,EA,R1,1
49052,EA,R1,1
49095,EA,R1,1
49132,EA,R1,1
49146,EA,R1,1
49168,EA,R1,1
49182,EA,R1,2
49189,EA,R1,1
49213,EA,R1,1
49228,EA,R1,1
49242,EA,R1,2
49325,EA,R1,1
49400,EA,R1,2
49460,EA,R1,1
49550,EA,R1,2
49700,EA,R1,2
49737,EA,R1,1
49765,EA,R1,2
49777,EA,R1,1
49855,EA,R1,2
49870,EA,R1,2
49943,EA,R1,2
49950,EA,R1,2
49959,EA,R1,2
49971,EA,R1,1
55,EA,V3,1
107,EA,V3,2
176,EA,V3,1
257,EA,V3,1
283,EA,V3,2
284,EA,V3,2
287,EA,V3,1
310,EA,V3,2
337,EA,V3,2
379,EA,V3,2
393,EA,V3,2
405,EA,V3,2
423,EA,V3,2
450,EA,V3,2
504,EA,V3,2
525,EA,V3,2
545,EA,V3,1
626,EA,V3,2
715,EA,V3,2
722,EA,V3,1
793,EA,V3,2
804,EA,V3,2
813,EA,V3,2
856,EA,V3,2
893,EA,V3,2
922,EA,V3,1
1029,EA,V3,2
1057,EA,V3,1
1106,EA,V3,1
1176,EA,V3,2
1199,EA,V3,1
1200,EA,V3,2
1205,EA,V3,1
1227,EA,V3,2
1261,EA,V3,2
1285,EA,V3,1
1290,EA,V3,1
1347,EA,V3,1
1352,EA,V3,2
1363,EA,V3,2
1421,EA,V3,1
1481,EA,V3,1
1545,EA,V3,1
1552,EA,V3,1
1573,EA,V3,1
1656,EA,V3,2
1687,EA,V3,1
1707,EA,V3,2
1733,EA,V3,2
1735,EA,V3,2
1755,EA,V3,2
1808,EA,V3,1
1814,EA,V3,2
1819,EA,V3,2
1822,EA,V3,1
1823,EA,V3,1
1862,EA,V3,1
2004,EA,V3,2
2039,EA,V3,2
2055,EA,V3,1
2068,EA,V3,2
2081,EA,V3,1
2155,EA,V3,2
2170,EA,V3,1
2221,EA,V3,2
2288,EA,V3,2
2375,EA,V3,2
2379,EA,V3,1
2408,EA,V3,2
2426,EA,V3,2
2584,EA,V3,2
2585,EA,V3,1
2599,EA,V3,2
2600,EA,V3,1
2732,EA,V3,2
2844,EA,V3,1
2891,EA,V3,2
2932,EA,V3,2
2983,EA,V3,1
3056,EA,V3,1
3102,EA,V3,1
3191,EA,V3,1
3297,EA,V3,1
3363,EA,V3,1
3367,EA,V3,2
3385,EA,V3,2
3400,EA,V3,1
3418,EA,V3,1
3429,EA,V3,2
3440,EA,V3,1
3512,EA,V3,2
3524,EA,V3,1
3567,EA,V3,1
3631,EA,V3,2
3811,EA,V3,1
3824,EA,V3,1
3839,EA,V3,1
3867,EA,V3,1
3868,EA,V3,1
3912,EA,V3,1
3929,EA,V3,1
3954,EA,V3,2
3971,EA,V3,2
4011,EA,V3,1
4017,EA,V3,2
4066,EA,V3,2
4087,EA,V3,2
4153,EA,V3,2
4182,EA,V3,2
4187,EA,V3,1
4207,EA,V3,1
4211,EA,V3,1
4303,EA,V3,1
4314,EA,V3,1
4339,EA,V3,1
4348,EA,V3,2
4447,EA,V3,1
4462,EA,V3,1
4591,EA,V3,1
4624,EA,V3,2
4651,EA,V3,2
4652,EA,V3,1
4663,EA,V3,1
4706,EA,V3,2
4716,EA,V3,1
4744,EA,V3,2
4767,EA,V3,1
4795,EA,V3,1
4797,EA,V3,1
4812,EA,V3,2
4827,EA,V3,2
4829,EA,V3,2
4856,EA,V3,1
4871,EA,V3,1
4927,EA,V3,2
4937,EA,V3,1
5009,EA,V3,1
5024,EA,V3,1
5070,EA,V3,1
5086,EA,V3,2
5105,EA,V3,2
5119,EA,V3,1
5120,EA,V3,2
5159,EA,V3,1
5406,EA,V3,1
5424,EA,V3,2
5475,EA,V3,1
5499,EA,V3,1
5570,EA,V3,1
5619,EA,V3,2
5651,EA,V3,1
5797,EA,V3,2
5824,EA,V3,2
5829,EA,V3,1
5906,EA,V3,2
5913,EA,V3,2
5938,EA,V3,2
5957,EA,V3,2
5998,EA,V3,2
6010,EA,V3,2
6059,EA,V3,2
6111,EA,V3,1
6137,EA,V3,1
6156,EA,V3,1
6252,EA,V3,1
6253,EA,V3,2
6255,EA,V3,2
6295,EA,V3,1
6347,EA,V3,1
6374,EA,V3,1
6452,EA,V3,1
6465,EA,V3,1
6484,EA,V3,2
6519,EA,V3,2
6527,EA,V3,1
6595,EA,V3,1
6631,EA,V3,1
6692,EA,V3,1
6715,EA,V3,2
6728,EA,V3,1
6756,EA,V3,2
6812,EA,V3,1
6824,EA,V3,1
6826,EA,V3,1
6842,EA,V3,2
6867,EA,V3,1
6868,EA,V3,2
6899,EA,V3,2
6965,EA,V3,2
6977,EA,V3,2
6991,EA,V3,1
7001,EA,V3,2
7004,EA,V3,1
7042,EA,V3,2
7070,EA,V3,2
7096,EA,V3,1
7099,EA,V3,1
7194,EA,V3,2
7220,EA,V3,2
7313,EA,V3,2
7387,EA,V3,1
7407,EA,V3,1
7430,EA,V3,2
7439,EA,V3,1
7451,EA,V3,2
7498,EA,V3,2
7550,EA,V3,1
7553,EA,V3,2
7555,EA,V3,1
7581,EA,V3,2
7599,EA,V3,2
7631,EA,V3,1
7654,EA,V3,1
7687,EA,V3,1
7723,EA,V3,1
7832,EA,V3,2
7887,EA,V3,1
7894,EA,V3,1
7915,EA,V3,2
7949,EA,V3,2
7966,EA,V3,1
7972,EA,V3,1
7992,EA,V3,2
8015,EA,V3,2
8033,EA,V3,1
8139,EA,V3,1
8217,EA,V3,1
8268,EA,V3,1
8339,EA,V3,1
8366,EA,V3,2
8444,EA,V3,1
8477,EA,V3,1
8580,EA,V3,2
8614,EA,V3,1
8630,EA,V3,2
8637,EA,V3,1
8672,EA,V3,1
8800,EA,V3,1
8816,EA,V3,2
8902,EA,V3,2
8923,EA,V3,2
8948,EA,V3,1
8993,EA,V3,1
9004,EA,V3,1
9089,EA,V3,2
9102,EA,V3,2
9120,EA,V3,1
9134,EA,V3,2
9246,EA,V3,2
9268,EA,V3,1
9325,EA,V3,1
9349,EA,V3,2
9357,EA,V3,2
9417,EA,V3,1
9459,EA,V3,2
9465,EA,V3,1
9469,EA,V3,2
9473,EA,V3,2
9485,EA,V3,2
9544,EA,V3,1
9595,EA,V3,1
9632,EA,V3,2
9635,EA,V3,2
9677,EA,V3,2
9715,EA,V3,1
9724,EA,V3,2
9774,EA,V3,2
9796,EA,V3,1
9892,EA,V3,2
9899,EA,V3,1
9907,EA,V3,2
9934,EA,V3,1
9955,EA,V3,2
9987,EA,V3,1
10022,EA,V3,1
10156,EA,V3,1
10163,EA,V3,1
10187,EA,V3,1
10210,EA,V3,1
10301,EA,V3,2
10328,EA,V3,1
10330,EA,V3,2
10361,EA,V3,1
10375,EA,V3,1
10400,EA,V3,1
10423,EA,V3,2
10434,EA,V3,1
10450,EA,V3,2
10566,EA,V3,2
10600,EA,V3,1
10610,EA,V3,2
10626,EA,V3,1
10634,EA,V3,2
10713,EA,V3,2
10771,EA,V3,2
10803,EA,V3,1
10910,EA,V3,2
10954,EA,V3,2
10978,EA,V3,1
11024,EA,V3,2
11101,EA,V3,1
11102,EA,V3,1
11112,EA,V3,2
11120,EA,V3,2
11132,EA,V3,1
11189,EA,V3,2
11241,EA,V3,2
11264,EA,V3,2
11283,EA,V3,2
11511,EA,V3,2
11523,EA,V3,2
11525,EA,V3,1
11596,EA,V3,1
11603,EA,V3,1
11617,EA,V3,1
11630,EA,V3,1
11742,EA,V3,2
11786,EA,V3,1
11850,EA,V3,2
11870,EA,V3,1
11874,EA,V3,1
11930,EA,V3,1
11935,EA,V3,2
11967,EA,V3,1
12012,EA,V3,2
12074,EA,V3,1
12143,EA,V3,1
12151,EA,V3,1
12153,EA,V3,1
12219,EA,V3,1
12271,EA,V3,2
12284,EA,V3,1
12285,EA,V3,1
12301,EA,V3,1
12305,EA,V3,1
12323,EA,V3,1
12429,EA,V3,2
12486,EA,V3,2
12494,EA,V3,1
12645,EA,V3,1
12732,EA,V3,1
12798,EA,V3,2
12830,EA,V3,2
12860,EA,V3,2
12896,EA,V3,1
12903,EA,V3,1
12926,EA,V3,2
12936,EA,V3,2
12948,EA,V3,2
12975,EA,V3,2
12998,EA,V3,1
13035,EA,V3,1
13050,EA,V3,2
13061,EA,V3,1
13113,EA,V3,2
13115,EA,V3,2
13137,EA,V3,2
13141,EA,V3,1
13200,EA,V3,1
13227,EA,V3,2
13300,EA,V3,2
13319,EA,V3,1
13384,EA,V3,2
13469,EA,V3,2
13484,EA,V3,2
13518,EA,V3,2
13531,EA,V3,1
13562,EA,V3,2
13785,EA,V3,1
13843,EA,V3,2
13864,EA,V3,2
13874,EA,V3,1
13923,EA,V3,2
13996,EA,V3,2
14011,EA,V3,2
14047,EA,V3,2
14055,EA,V3,2
14074,EA,V3,2
14137,EA,V3,2
14139,EA,V3,2
14224,EA,V3,2
14259,EA,V3,1
14300,EA,V3,1
14325,EA,V3,1
14408,EA,V3,1
14410,EA,V3,2
14469,EA,V3,1
14488,EA,V3,1
14532,EA,V3,2
14550,EA,V3,2
14557,EA,V3,1
14581,EA,V3,2
14617,EA,V3,2
14759,EA,V3,2
14793,EA,V3,1
14796,EA,V3,2
14818,EA,V3,1
14845,EA,V3,2
14858,EA,V3,1
14868,EA,V3,1
14900,EA,V3,1
14932,EA,V3,2
14970,EA,V3,2
14988,EA,V3,2
15035,EA,V3,1
15066,EA,V3,2
15131,EA,V3,2
15133,EA,V3,2
15176,EA,V3,2
15189,EA,V3,1
15254,EA,V3,1
15290,EA,V3,1
15363,EA,V3,2
15473,EA,V3,1
15535,EA,V3,2
15538,EA,V3,1
15555,EA,V3,1
15585,EA,V3,2
15614,EA,V3,2
15620,EA,V3,2
15693,EA,V3,1
15721,EA,V3,2
15735,EA,V3,1
15770,EA,V3,1
15799,EA,V3,2
15810,EA,V3,1
15822,EA,V3,1
15883,EA,V3,1
15894,EA,V3,2
15938,EA,V3,2
16011,EA,V3,1
16114,EA,V3,1
16120,EA,V3,1
16170,EA,V3,2
16174,EA,V3,1
16204,EA,V3,2
16230,EA,V3,1
16264,EA,V3,1
16339,EA,V3,1
16355,EA,V3,2
16386,EA,V3,1
16398,EA,V3,1
16457,EA,V3,1
16521,EA,V3,2
16572,EA,V3,1
16600,EA,V3,1
16614,EA,V3,1
16642,EA,V3,1
16731,EA,V3,1
16801,EA,V3,2
16845,EA,V3,1
16858,EA,V3,2
16891,EA,V3,1
16903,EA,V3,1
16977,EA,V3,1
17002,EA,V3,2
17048,EA,V3,1
17079,EA,V3,2
17082,EA,V3,1
17121,EA,V3,2
17165,EA,V3,2
17212,EA,V3,1
17241,EA,V3,2
17322,EA,V3,1
17355,EA,V3,2
17361,EA,V3,1
17364,EA,V3,2
17386,EA,V3,2
17423,EA,V3,2
17455,EA,V3,1
17468,EA,V3,1
17475,EA,V3,1
17553,EA,V3,1
17585,EA,V3,2
17744,EA,V3,2
17746,EA,V3,2
17792,EA,V3,1
17806,EA,V3,2
17841,EA,V3,2
17877,EA,V3,1
17885,EA,V3,2
17914,EA,V3,1
17929,EA,V3,2
17963,EA,V3,2
18223,EA,V3,2
18290,EA,V3,1
18337,EA,V3,1
18550,EA,V3,2
18553,EA,V3,2
18597,EA,V3,1
18613,EA,V3,2
18630,EA,V3,2
18631,EA,V3,1
18643,EA,V3,1
18656,EA,V3,2
18670,EA,V3,1
18806,EA,V3,1
18820,EA,V3,1
18839,EA,V3,2
18874,EA,V3,1
18886,EA,V3,1
18935,EA,V3,1
18961,EA,V3,2
18998,EA,V3,2
19036,EA,V3,2
19045,EA,V3,2
19113,EA,V3,1
19267,EA,V3,2
19295,EA,V3,1
19331,EA,V3,2
19341,EA,V3,1
19363,EA,V3,1
19383,EA,V3,1
19385,EA,V3,2
19395,EA,V3,2
19486,EA,V3,2
19496,EA,V3,2
19519,EA,V3,1
19532,EA,V3,1
19538,EA,V3,1
19593,EA,V3,2
19599,EA,V3,2
19643,EA,V3,1
19686,EA,V3,1
19738,EA,V3,1
19794,EA,V3,1
19811,EA,V3,1
19826,EA,V3,2
19830,EA,V3,2
19839,EA,V3,2
19854,EA,V3,2
19900,EA,V3,1
19915,EA,V3,1
19968,EA,V3,2
20031,EA,V3,1
20132,EA,V3,1
20184,EA,V3,1
20195,EA,V3,1
20270,EA,V3,1
20283,EA,V3,1
20299,EA,V3,2
20338,EA,V3,1
20351,EA,V3,2
20380,EA,V3,2
20407,EA,V3,2
20420,EA,V3,1
20422,EA,V3,1
20431,EA,V3,1
20443,EA,V3,1
20446,EA,V3,2
20465,EA,V3,1
20467,EA,V3,1
20504,EA,V3,2
20528,EA,V3,1
20542,EA,V3,1
20549,EA,V3,1
20609,EA,V3,1
20666,EA,V3,1
20677,EA,V3,1
20685,EA,V3,2
20716,EA,V3,2
20717,EA,V3,2
20839,EA,V3,2
20853,EA,V3,1
20869,EA,V3,2
20890,EA,V3,2
20895,EA,V3,1
20964,EA,V3,1
20971,EA,V3,2
21016,EA,V3,1
21051,EA,V3,2
21067,EA,V3,2
21074,EA,V3,1
21098,EA,V3,2
21130,EA,V3,2
21158,EA,V3,1
21165,EA,V3,1
21167,EA,V3,1
21173,EA,V3,1
21180,EA,V3,2
21203,EA,V3,2
21210,EA,V3,1
21399,EA,V3,1
21509,EA,V3,2
21544,EA,V3,2
21598,EA,V3,2
21599,EA,V3,2
21606,EA,V3,2
21608,EA,V3,1
21629,EA,V3,1
21630,EA,V3,1
21666,EA,V3,2
21691,EA,V3,1
21847,EA,V3,2
21910,EA,V3,1
21935,EA,V3,1
21961,EA,V3,1
21976,EA,V3,1
21987,EA,V3,2
22043,EA,V3,2
22052,EA,V3,1
22065,EA,V3,1
22066,EA,V3,2
22090,EA,V3,2
22126,EA,V3,2
22166,EA,V3,2
22184,EA,V3,2
22189,EA,V3,2
22194,EA,V3,2
22266,EA,V3,1
22314,EA,V3,2
22356,EA,V3,2
22467,EA,V3,2
22679,EA,V3,1
22707,EA,V3,2
22767,EA,V3,2
22770,EA,V3,1
22814,EA,V3,1
22819,EA,V3,2
22833,EA,V3,1
22849,EA,V3,2
22966,EA,V3,2
23023,EA,V3,1
23052,EA,V3,1
23089,EA,V3,1
23103,EA,V3,2
23104,EA,V3,2
23128,EA,V3,1
23200,EA,V3,1
23313,EA,V3,2
23322,EA,V3,1
23323,EA,V3,1
23415,EA,V3,1
23440,EA,V3,2
23453,EA,V3,2
23505,EA,V3,1
23514,EA,V3,2
23524,EA,V3,1
23530,EA,V3,2
23534,EA,V3,1
23574,EA,V3,1
23584,EA,V3,1
23605,EA,V3,1
23620,EA,V3,2
23648,EA,V3,2
23699,EA,V3,2
23713,EA,V3,2
23779,EA,V3,1
23871,EA,V3,1
23873,EA,V3,1
23901,EA,V3,1
24026,EA,V3,2
24163,EA,V3,1
24174,EA,V3,2
24223,EA,V3,1
24291,EA,V3,1
24304,EA,V3,1
24334,EA,V3,2
24405,EA,V3,2
24408,EA,V3,1
24500,EA,V3,2
24502,EA,V3,1
24541,EA,V3,2
24573,EA,V3,1
24577,EA,V3,1
24637,EA,V3,2
24706,EA,V3,1
24740,EA,V3,2
24774,EA,V3,2
24836,EA,V3,1
24871,EA,V3,1
24975,EA,V3,1
24995,EA,V3,1
25015,EA,V3,1
25038,EA,V3,1
25109,EA,V3,2
25137,EA,V3,1
25155,EA,V3,1
25239,EA,V3,1
25270,EA,V3,1
25302,EA,V3,2
25337,EA,V3,1
25348,EA,V3,1
25369,EA,V3,2
25416,EA,V3,1
25447,EA,V3,1
25448,EA,V3,2
25471,EA,V3,2
25523,EA,V3,2
25591,EA,V3,2
25650,EA,V3,1
25690,EA,V3,1
25856,EA,V3,1
25868,EA,V3,1
25990,EA,V3,2
26032,EA,V3,1
26129,EA,V3,2
26161,EA,V3,2
26178,EA,V3,1
26211,EA,V3,2
26287,EA,V3,2
26292,EA,V3,1
26302,EA,V3,1
26321,EA,V3,2
26337,EA,V3,1
26345,EA,V3,2
26480,EA,V3,2
26492,EA,V3,2
26528,EA,V3,1
26546,EA,V3,1
26556,EA,V3,1
26575,EA,V3,2
26678,EA,V3,2
26714,EA,V3,2
26831,EA,V3,1
26865,EA,V3,2
26878,EA,V3,2
27029,EA,V3,1
27088,EA,V3,1
27101,EA,V3,1
27117,EA,V3,2
27271,EA,V3,1
27395,EA,V3,1
27431,EA,V3,2
27497,EA,V3,1
27524,EA,V3,2
27558,EA,V3,2
27610,EA,V3,1
27668,EA,V3,2
27688,EA,V3,1
27740,EA,V3,2
27786,EA,V3,2
27828,EA,V3,2
27904,EA,V3,2
27910,EA,V3,2
27911,EA,V3,2
28011,EA,V3,2
28051,EA,V3,2
28057,EA,V3,1
28067,EA,V3,1
28114,EA,V3,2
28222,EA,V3,2
28262,EA,V3,2
28271,EA,V3,1
28339,EA,V3,2
28341,EA,V3,1
28365,EA,V3,2
28463,EA,V3,2
28490,EA,V3,1
28550,EA,V3,2
28574,EA,V3,2
28656,EA,V3,2
28674,EA,V3,2
28728,EA,V3,1
28789,EA,V3,2
28790,EA,V3,1
28814,EA,V3,1
28822,EA,V3,2
28963,EA,V3,1
29070,EA,V3,2
29105,EA,V3,2
29132,EA,V3,1
29144,EA,V3,1
29184,EA,V3,1
29243,EA,V3,2
29385,EA,V3,1
29411,EA,V3,1
29417,EA,V3,2
29454,EA,V3,2
29465,EA,V3,2
29484,EA,V3,2
29582,EA,V3,2
29629,EA,V3,1
29644,EA,V3,1
29679,EA,V3,1
29768,EA,V3,1
29880,EA,V3,1
29903,EA,V3,1
29912,EA,V3,1
29978,EA,V3,1
30052,EA,V3,1
30118,EA,V3,1
30131,EA,V3,2
30137,EA,V3,2
30143,EA,V3,1
30180,EA,V3,1
30259,EA,V3,1
30285,EA,V3,2
30328,EA,V3,1
30329,EA,V3,1
30336,EA,V3,2
30340,EA,V3,1
30352,EA,V3,1
30367,EA,V3,2
30457,EA,V3,1
30498,EA,V3,1
30514,EA,V3,1
30637,EA,V3,1
30694,EA,V3,2
30701,EA,V3,2
30710,EA,V3,2
30794,EA,V3,1
30825,EA,V3,1
30846,EA,V3,1
30856,EA,V3,2
30872,EA,V3,2
30880,EA,V3,1
30899,EA,V3,1
30922,EA,V3,2
30936,EA,V3,2
31029,EA,V3,1
31060,EA,V3,1
31081,EA,V3,2
31089,EA,V3,1
31128,EA,V3,2
31129,EA,V3,2
31138,EA,V3,1
31148,EA,V3,1
31247,EA,V3,1
31266,EA,V3,1
31350,EA,V3,2
31386,EA,V3,2
31470,EA,V3,1
31483,EA,V3,2
31568,EA,V3,1
31597,EA,V3,1
31622,EA,V3,1
31628,EA,V3,1
31634,EA,V3,1
31665,EA,V3,1
31720,EA,V3,1
31728,EA,V3,1
31754,EA,V3,2
31808,EA,V3,2
31883,EA,V3,1
31907,EA,V3,2
32003,EA,V3,2
32090,EA,V3,1
32112,EA,V3,2
32116,EA,V3,2
32131,EA,V3,2
32167,EA,V3,1
32177,EA,V3,2
32263,EA,V3,2
32265,EA,V3,1
32323,EA,V3,2
32372,EA,V3,1
32463,EA,V3,2
32489,EA,V3,1
32518,EA,V3,1
32558,EA,V3,1
32572,EA,V3,2
32638,EA,V3,2
32679,EA,V3,1
32722,EA,V3,2
32747,EA,V3,1
32753,EA,V3,2
32785,EA,V3,1
32872,EA,V3,2
32894,EA,V3,1
32913,EA,V3,1
32917,EA,V3,2
32963,EA,V3,1
32972,EA,V3,2
33026,EA,V3,2
33067,EA,V3,2
33126,EA,V3,2
33141,EA,V3,2
33154,EA,V3,1
33262,EA,V3,2
33291,EA,V3,1
33345,EA,V3,1
33390,EA,V3,1
33409,EA,V3,1
33433,EA,V3,1
33470,EA,V3,1
33504,EA,V3,1
33509,EA,V3,1
33532,EA,V3,2
33618,EA,V3,1
33649,EA,V3,1
33741,EA,V3,1
33743,EA,V3,2
33765,EA,V3,2
33780,EA,V3,1
33806,EA,V3,1
33808,EA,V3,2
33856,EA,V3,1
33859,EA,V3,2
33890,EA,V3,2
33936,EA,V3,1
33940,EA,V3,2
33961,EA,V3,1
33962,EA,V3,2
33986,EA,V3,1
34029,EA,V3,2
34084,EA,V3,2
34125,EA,V3,2
34143,EA,V3,2
34148,EA,V3,1
34171,EA,V3,1
34215,EA,V3,2
34276,EA,V3,1
34332,EA,V3,2
34354,EA,V3,1
34404,EA,V3,2
34414,EA,V3,2
34456,EA,V3,1
34460,EA,V3,2
34500,EA,V3,1
34573,EA,V3,1
34667,EA,V3,2
34714,EA,V3,2
34754,EA,V3,1
34812,EA,V3,1
34915,EA,V3,2
34918,EA,V3,2
34930,EA,V3,1
34983,EA,V3,2
35064,EA,V3,1
35127,EA,V3,2
35156,EA,V3,2
35174,EA,V3,1
35191,EA,V3,2
35201,EA,V3,2
35204,EA,V3,2
35282,EA,V3,2
35287,EA,V3,1
35397,EA,V3,2
35429,EA,V3,2
35467,EA,V3,2
35542,EA,V3,2
35564,EA,V3,2
35592,EA,V3,1
35643,EA,V3,2
35715,EA,V3,2
35732,EA,V3,2
35738,EA,V3,2
35743,EA,V3,2
35871,EA,V3,2
35880,EA,V3,2
35912,EA,V3,1
35918,EA,V3,1
35939,EA,V3,2
35991,EA,V3,2
36117,EA,V3,1
36186,EA,V3,2
36190,EA,V3,1
36199,EA,V3,2
36209,EA,V3,1
36223,EA,V3,2
36247,EA,V3,1
36341,EA,V3,2
36403,EA,V3,1
36419,EA,V3,2
36434,EA,V3,2
36449,EA,V3,1
36482,EA,V3,2
36557,EA,V3,2
36686,EA,V3,1
36689,EA,V3,1
36734,EA,V3,1
36743,EA,V3,1
36767,EA,V3,2
36812,EA,V3,2
36819,EA,V3,2
36849,EA,V3,2
36960,EA,V3,1
36974,EA,V3,2
37006,EA,V3,2
37016,EA,V3,2
37020,EA,V3,1
37082,EA,V3,2
37102,EA,V3,2
37124,EA,V3,2
37245,EA,V3,1
37249,EA,V3,2
37258,EA,V3,1
37327,EA,V3,1
37367,EA,V3,2
37422,EA,V3,1
37432,EA,V3,2
37435,EA,V3,2
37490,EA,V3,1
37537,EA,V3,2
37542,EA,V3,1
37569,EA,V3,2
37608,EA,V3,1
37614,EA,V3,2
37617,EA,V3,2
37679,EA,V3,1
37723,EA,V3,2
37725,EA,V3,1
37743,EA,V3,2
37842,EA,V3,1
37843,EA,V3,1
37909,EA,V3,1
37955,EA,V3,1
38068,EA,V3,2
38078,EA,V3,2
38093,EA,V3,2
38130,EA,V3,2
38144,EA,V3,1
38146,EA,V3,1
38166,EA,V3,1
38168,EA,V3,1
38191,EA,V3,1
38245,EA,V3,1
38352,EA,V3,1
38395,EA,V3,1
38425,EA,V3,2
38485,EA,V3,1
38518,EA,V3,1
38530,EA,V3,1
38533,EA,V3,2
38554,EA,V3,2
38562,EA,V3,2
38593,EA,V3,2
38627,EA,V3,2
38630,EA,V3,1
38721,EA,V3,1
38773,EA,V3,1
38802,EA,V3,2
38809,EA,V3,2
38811,EA,V3,2
38829,EA,V3,1
38858,EA,V3,1
38928,EA,V3,2
38947,EA,V3,1
39000,EA,V3,2
39152,EA,V3,1
39199,EA,V3,1
39321,EA,V3,1
39356,EA,V3,2
39388,EA,V3,2
39457,EA,V3,1
39466,EA,V3,1
39532,EA,V3,2
39553,EA,V3,2
39557,EA,V3,1
39630,EA,V3,1
39715,EA,V3,1
39795,EA,V3,1
39804,EA,V3,1
39833,EA,V3,1
39842,EA,V3,1
39855,EA,V3,1
39864,EA,V3,2
39884,EA,V3,2
39918,EA,V3,1
40029,EA,V3,1
40068,EA,V3,1
40135,EA,V3,1
40145,EA,V3,2
40164,EA,V3,1
40296,EA,V3,2
40352,EA,V3,1
40376,EA,V3,1
40497,EA,V3,2
40535,EA,V3,1
40542,EA,V3,2
40622,EA,V3,2
40625,EA,V3,1
40653,EA,V3,2
40762,EA,V3,1
40853,EA,V3,1
40855,EA,V3,1
40857,EA,V3,1
40920,EA,V3,1
40969,EA,V3,1
41001,EA,V3,2
41077,EA,V3,2
41103,EA,V3,2
41150,EA,V3,2
41152,EA,V3,2
41237,EA,V3,1
41239,EA,V3,1
41273,EA,V3,1
41360,EA,V3,2
41368,EA,V3,1
41457,EA,V3,2
41472,EA,V3,1
41581,EA,V3,2
41590,EA,V3,2
41607,EA,V3,1
41636,EA,V3,1
41704,EA,V3,1
41829,EA,V3,1
41836,EA,V3,1
41906,EA,V3,2
42006,EA,V3,2
42040,EA,V3,1
42067,EA,V3,1
42112,EA,V3,2
42166,EA,V3,2
42174,EA,V3,2
42185,EA,V3,2
42228,EA,V3,2
42330,EA,V3,1
42335,EA,V3,2
42344,EA,V3,2
42391,EA,V3,2
42428,EA,V3,1
42468,EA,V3,2
42520,EA,V3,1
42521,EA,V3,1
42568,EA,V3,2
42572,EA,V3,2
42585,EA,V3,1
42609,EA,V3,2
42690,EA,V3,2
42714,EA,V3,2
42742,EA,V3,2
42860,EA,V3,2
42886,EA,V3,2
43042,EA,V3,1
43070,EA,V3,2
43113,EA,V3,2
43164,EA,V3,2
43191,EA,V3,1
43285,EA,V3,1
43295,EA,V3,2
43350,EA,V3,2
43486,EA,V3,1
43526,EA,V3,2
43621,EA,V3,2
43668,EA,V3,2
43764,EA,V3,2
43800,EA,V3,1
43811,EA,V3,1
44063,EA,V3,2
44064,EA,V3,2
44147,EA,V3,1
44167,EA,V3,2
44178,EA,V3,2
44313,EA,V3,2
44380,EA,V3,1
44400,EA,V3,2
44415,EA,V3,2
44430,EA,V3,2
44444,EA,V3,2
44458,EA,V3,2
44475,EA,V3,1
44479,EA,V3,2
44628,EA,V3,1
44682,EA,V3,1
44743,EA,V3,1
44812,EA,V3,2
44833,EA,V3,2
44841,EA,V3,2
44887,EA,V3,2
44967,EA,V3,1
45012,EA,V3,2
45024,EA,V3,1
45075,EA,V3,2
45117,EA,V3,1
45175,EA,V3,2
45184,EA,V3,1
45190,EA,V3,2
45289,EA,V3,1
45314,EA,V3,1
45337,EA,V3,1
45340,EA,V3,2
45390,EA,V3,2
45424,EA,V3,1
45470,EA,V3,2
45492,EA,V3,1
45529,EA,V3,2
45544,EA,V3,2
45784,EA,V3,1
45800,EA,V3,2
45811,EA,V3,2
45837,EA,V3,1
45857,EA,V3,2
45893,EA,V3,2
45919,EA,V3,1
45938,EA,V3,2
45983,EA,V3,1
45985,EA,V3,1
46026,EA,V3,2
46132,EA,V3,1
46147,EA,V3,1
46160,EA,V3,1
46218,EA,V3,2
46346,EA,V3,1
46371,EA,V3,2
46372,EA,V3,2
46569,EA,V3,2
46595,EA,V3,2
46674,EA,V3,1
46707,EA,V3,1
46710,EA,V3,2
46751,EA,V3,2
46756,EA,V3,1
46810,EA,V3,1
46859,EA,V3,2
46880,EA,V3,1
46894,EA,V3,2
46969,EA,V3,2
47060,EA,V3,2
47065,EA,V3,1
47097,EA,V3,1
47139,EA,V3,2
47169,EA,V3,2
47216,EA,V3,2
47246,EA,V3,2
47249,EA,V3,2
47362,EA,V3,1
47371,EA,V3,1
47560,EA,V3,1
47603,EA,V3,1
47619,EA,V3,2
47632,EA,V3,1
47865,EA,V3,2
47886,EA,V3,1
48182,EA,V3,1
48217,EA,V3,1
48246,EA,V3,1
48295,EA,V3,2
48329,EA,V3,1
48352,EA,V3,2
48355,EA,V3,2
48359,EA,V3,2
48434,EA,V3,1
48441,EA,V3,2
48449,EA,V3,2
48506,EA,V3,2
48538,EA,V3,1
48541,EA,V3,1
48562,EA,V3,2
48563,EA,V3,2
48566,EA,V3,1
48587,EA,V3,1
48607,EA,V3,2
48618,EA,V3,1
48722,EA,V3,2
48728,EA,V3,1
48859,EA,V3,2
48898,EA,V3,1
48976,EA,V3,2
49004,EA,V3,1
49029,EA,V3,1
49047,EA,V3,1
49052,EA,V3,1
49095,EA,V3,1
49132,EA,V3,2
49146,EA,V3,1
49168,EA,V3,1
49182,EA,V3,2
49189,EA,V3,1
49213,EA,V3,1
49228,EA,V3,1
49239,EA,V3,1
49242,EA,V3,2
49325,EA,V3,1
49400,EA,V3,2
49460,EA,V3,1
49700,EA,V3,1
49737,EA,V3,1
49777,EA,V3,1
49804,EA,V3,1
49855,EA,V3,2
49870,EA,V3,2
49943,EA,V3,2
49950,EA,V3,2
49959,EA,V3,2
49971,EA,V3,1
