idx,run1_choice,run2_choice,run3_choice,mode,model,consistent_indicator,is_consistent,consensus_choice
55,1,1,1,Neutral,CN,1,True,1
107,2,2,2,Neutral,CN,1,True,2
176,1,1,1,Neutral,CN,1,True,1
257,1,2,1,Neutral,CN,0,False,1
283,2,2,2,Neutral,CN,1,True,2
284,2,2,2,Neutral,CN,1,True,2
287,1,1,1,Neutral,CN,1,True,1
310,2,2,2,Neutral,CN,1,True,2
337,2,2,2,Neutral,CN,1,True,2
379,2,2,2,Neutral,CN,1,True,2
393,2,2,2,Neutral,CN,1,True,2
405,2,2,2,Neutral,CN,1,True,2
423,1,1,1,Neutral,CN,1,True,1
450,2,2,2,Neutral,CN,1,True,2
504,2,2,2,Neutral,CN,1,True,2
525,2,2,1,Neutral,CN,0,False,2
545,1,1,1,Neutral,CN,1,True,1
626,2,2,2,Neutral,CN,1,True,2
715,2,2,2,Neutral,CN,1,True,2
722,1,1,1,Neutral,CN,1,True,1
793,2,2,2,Neutral,CN,1,True,2
804,1,2,1,Neutral,CN,0,False,1
813,2,2,2,Neutral,CN,1,True,2
856,2,2,2,Neutral,CN,1,True,2
893,2,2,2,Neutral,CN,1,True,2
922,1,1,1,Neutral,CN,1,True,1
1029,2,2,2,Neutral,CN,1,True,2
1057,2,2,2,Neutral,CN,1,True,2
1106,1,1,1,Neutral,CN,1,True,1
1176,2,2,2,Neutral,CN,1,True,2
1199,1,1,1,Neutral,CN,1,True,1
1200,2,2,2,Neutral,CN,1,True,2
1205,2,2,2,Neutral,CN,1,True,2
1227,1,2,1,Neutral,CN,0,False,1
1261,2,2,2,Neutral,CN,1,True,2
1285,1,1,1,Neutral,CN,1,True,1
1290,1,1,1,Neutral,CN,1,True,1
1347,1,1,1,Neutral,CN,1,True,1
1352,2,1,1,Neutral,CN,0,False,2
1363,2,2,2,Neutral,CN,1,True,2
1421,1,1,1,Neutral,CN,1,True,1
1434,1,2,1,Neutral,CN,0,False,1
1481,1,1,1,Neutral,CN,1,True,1
1545,1,1,1,Neutral,CN,1,True,1
1552,1,1,1,Neutral,CN,1,True,1
1573,1,1,1,Neutral,CN,1,True,1
1656,2,2,2,Neutral,CN,1,True,2
1687,1,1,1,Neutral,CN,1,True,1
1707,2,2,2,Neutral,CN,1,True,2
1733,1,1,1,Neutral,CN,1,True,1
1735,2,2,2,Neutral,CN,1,True,2
1755,2,2,2,Neutral,CN,1,True,2
1808,1,2,1,Neutral,CN,0,False,1
1814,2,2,2,Neutral,CN,1,True,2
1819,2,2,2,Neutral,CN,1,True,2
1822,1,1,1,Neutral,CN,1,True,1
1823,1,1,1,Neutral,CN,1,True,1
1862,1,1,1,Neutral,CN,1,True,1
2004,2,2,2,Neutral,CN,1,True,2
2039,2,2,2,Neutral,CN,1,True,2
2055,1,1,1,Neutral,CN,1,True,1
2068,2,2,2,Neutral,CN,1,True,2
2081,1,1,1,Neutral,CN,1,True,1
2155,2,2,2,Neutral,CN,1,True,2
2170,1,1,1,Neutral,CN,1,True,1
2221,2,2,2,Neutral,CN,1,True,2
2288,2,2,2,Neutral,CN,1,True,2
2375,2,2,2,Neutral,CN,1,True,2
2379,1,1,1,Neutral,CN,1,True,1
2408,2,2,2,Neutral,CN,1,True,2
2426,2,2,2,Neutral,CN,1,True,2
2584,2,2,2,Neutral,CN,1,True,2
2585,1,2,2,Neutral,CN,0,False,1
2599,2,2,2,Neutral,CN,1,True,2
2600,1,1,1,Neutral,CN,1,True,1
2732,2,2,2,Neutral,CN,1,True,2
2844,1,1,1,Neutral,CN,1,True,1
2891,2,2,2,Neutral,CN,1,True,2
2932,2,2,2,Neutral,CN,1,True,2
2983,1,1,1,Neutral,CN,1,True,1
3056,1,1,1,Neutral,CN,1,True,1
3081,1,2,1,Neutral,CN,0,False,1
3102,1,1,1,Neutral,CN,1,True,1
3191,1,1,1,Neutral,CN,1,True,1
3230,1,2,1,Neutral,CN,0,False,1
3297,1,1,1,Neutral,CN,1,True,1
3363,1,1,1,Neutral,CN,1,True,1
3367,2,2,2,Neutral,CN,1,True,2
3385,1,2,1,Neutral,CN,0,False,1
3400,1,1,1,Neutral,CN,1,True,1
3418,1,1,1,Neutral,CN,1,True,1
3429,2,2,2,Neutral,CN,1,True,2
3440,1,1,1,Neutral,CN,1,True,1
3512,1,1,1,Neutral,CN,1,True,1
3524,1,1,1,Neutral,CN,1,True,1
3567,1,1,1,Neutral,CN,1,True,1
3631,2,2,2,Neutral,CN,1,True,2
3811,1,2,1,Neutral,CN,0,False,1
3824,1,1,1,Neutral,CN,1,True,1
3839,1,1,1,Neutral,CN,1,True,1
3867,1,1,1,Neutral,CN,1,True,1
3868,1,1,1,Neutral,CN,1,True,1
3912,1,1,2,Neutral,CN,0,False,1
3929,2,2,2,Neutral,CN,1,True,2
3954,1,2,1,Neutral,CN,0,False,1
3971,2,2,2,Neutral,CN,1,True,2
3979,2,2,2,Neutral,CN,1,True,2
4011,2,2,2,Neutral,CN,1,True,2
4017,1,2,1,Neutral,CN,0,False,1
4066,2,2,2,Neutral,CN,1,True,2
4087,2,2,2,Neutral,CN,1,True,2
4153,2,2,2,Neutral,CN,1,True,2
4182,2,2,2,Neutral,CN,1,True,2
4187,1,1,1,Neutral,CN,1,True,1
4207,1,1,1,Neutral,CN,1,True,1
4211,1,1,1,Neutral,CN,1,True,1
4303,1,1,1,Neutral,CN,1,True,1
4314,1,1,1,Neutral,CN,1,True,1
4339,2,2,2,Neutral,CN,1,True,2
4348,2,2,2,Neutral,CN,1,True,2
4447,1,1,1,Neutral,CN,1,True,1
4462,1,1,1,Neutral,CN,1,True,1
4591,1,1,1,Neutral,CN,1,True,1
4624,2,2,2,Neutral,CN,1,True,2
4651,2,2,2,Neutral,CN,1,True,2
4652,1,1,1,Neutral,CN,1,True,1
4663,1,1,1,Neutral,CN,1,True,1
4706,2,2,2,Neutral,CN,1,True,2
4716,1,1,1,Neutral,CN,1,True,1
4744,2,2,2,Neutral,CN,1,True,2
4767,1,1,1,Neutral,CN,1,True,1
4795,1,1,1,Neutral,CN,1,True,1
4797,1,1,1,Neutral,CN,1,True,1
4812,2,2,2,Neutral,CN,1,True,2
4827,2,2,2,Neutral,CN,1,True,2
4829,2,2,2,Neutral,CN,1,True,2
4851,2,2,2,Neutral,CN,1,True,2
4856,2,2,2,Neutral,CN,1,True,2
4865,2,2,2,Neutral,CN,1,True,2
4871,1,1,1,Neutral,CN,1,True,1
4927,2,2,2,Neutral,CN,1,True,2
4937,1,1,1,Neutral,CN,1,True,1
5006,1,2,1,Neutral,CN,0,False,1
5009,1,1,1,Neutral,CN,1,True,1
5024,1,1,1,Neutral,CN,1,True,1
5070,1,1,1,Neutral,CN,1,True,1
5086,2,2,2,Neutral,CN,1,True,2
5105,2,2,2,Neutral,CN,1,True,2
5119,1,1,1,Neutral,CN,1,True,1
5120,2,2,2,Neutral,CN,1,True,2
5159,1,1,1,Neutral,CN,1,True,1
5406,1,1,1,Neutral,CN,1,True,1
5424,2,2,2,Neutral,CN,1,True,2
5475,1,1,1,Neutral,CN,1,True,1
5499,1,1,1,Neutral,CN,1,True,1
5570,1,1,1,Neutral,CN,1,True,1
5586,2,2,2,Neutral,CN,1,True,2
5619,2,2,2,Neutral,CN,1,True,2
5651,1,1,1,Neutral,CN,1,True,1
5741,1,1,1,Neutral,CN,1,True,1
5797,2,2,2,Neutral,CN,1,True,2
5824,2,2,2,Neutral,CN,1,True,2
5829,1,1,1,Neutral,CN,1,True,1
5834,1,2,1,Neutral,CN,0,False,1
5906,2,2,2,Neutral,CN,1,True,2
5913,2,2,2,Neutral,CN,1,True,2
5938,2,1,2,Neutral,CN,0,False,2
5957,2,2,2,Neutral,CN,1,True,2
5998,2,2,2,Neutral,CN,1,True,2
6010,2,2,2,Neutral,CN,1,True,2
6059,2,2,2,Neutral,CN,1,True,2
6111,1,1,1,Neutral,CN,1,True,1
6137,1,1,1,Neutral,CN,1,True,1
6156,1,1,1,Neutral,CN,1,True,1
6252,1,1,1,Neutral,CN,1,True,1
6253,2,2,2,Neutral,CN,1,True,2
6255,2,2,2,Neutral,CN,1,True,2
6295,1,1,1,Neutral,CN,1,True,1
6347,1,1,1,Neutral,CN,1,True,1
6374,1,1,1,Neutral,CN,1,True,1
6420,2,2,2,Neutral,CN,1,True,2
6452,1,1,1,Neutral,CN,1,True,1
6465,1,1,1,Neutral,CN,1,True,1
6484,2,2,2,Neutral,CN,1,True,2
6488,2,2,2,Neutral,CN,1,True,2
6519,2,2,2,Neutral,CN,1,True,2
6527,2,2,2,Neutral,CN,1,True,2
6595,1,1,1,Neutral,CN,1,True,1
6631,1,1,1,Neutral,CN,1,True,1
6692,2,2,2,Neutral,CN,1,True,2
6715,2,2,2,Neutral,CN,1,True,2
6728,1,1,1,Neutral,CN,1,True,1
6756,2,2,2,Neutral,CN,1,True,2
6812,1,1,1,Neutral,CN,1,True,1
6824,1,1,1,Neutral,CN,1,True,1
6826,1,1,1,Neutral,CN,1,True,1
6842,1,1,1,Neutral,CN,1,True,1
6867,1,1,1,Neutral,CN,1,True,1
6868,2,2,1,Neutral,CN,0,False,2
6899,2,2,2,Neutral,CN,1,True,2
6965,2,2,2,Neutral,CN,1,True,2
6977,2,2,2,Neutral,CN,1,True,2
6991,1,1,1,Neutral,CN,1,True,1
7001,2,2,2,Neutral,CN,1,True,2
7004,1,1,1,Neutral,CN,1,True,1
7042,1,2,1,Neutral,CN,0,False,1
7070,2,2,2,Neutral,CN,1,True,2
7096,1,1,1,Neutral,CN,1,True,1
7099,1,1,1,Neutral,CN,1,True,1
7194,2,2,2,Neutral,CN,1,True,2
7220,2,2,2,Neutral,CN,1,True,2
7235,2,2,2,Neutral,CN,1,True,2
7313,2,2,2,Neutral,CN,1,True,2
7387,1,1,1,Neutral,CN,1,True,1
7407,1,1,1,Neutral,CN,1,True,1
7430,2,2,2,Neutral,CN,1,True,2
7439,1,1,1,Neutral,CN,1,True,1
7451,2,2,2,Neutral,CN,1,True,2
7498,2,2,2,Neutral,CN,1,True,2
7550,1,1,1,Neutral,CN,1,True,1
7553,2,2,2,Neutral,CN,1,True,2
7555,1,1,1,Neutral,CN,1,True,1
7581,2,2,2,Neutral,CN,1,True,2
7599,2,2,2,Neutral,CN,1,True,2
7631,1,1,1,Neutral,CN,1,True,1
7654,1,1,1,Neutral,CN,1,True,1
7687,1,1,1,Neutral,CN,1,True,1
7723,1,1,1,Neutral,CN,1,True,1
7756,1,2,2,Neutral,CN,0,False,1
7832,2,2,2,Neutral,CN,1,True,2
7887,1,1,1,Neutral,CN,1,True,1
7894,1,1,1,Neutral,CN,1,True,1
7915,2,2,2,Neutral,CN,1,True,2
7949,2,2,1,Neutral,CN,0,False,2
7966,1,1,1,Neutral,CN,1,True,1
7972,2,2,2,Neutral,CN,1,True,2
7992,1,1,1,Neutral,CN,1,True,1
8015,2,2,2,Neutral,CN,1,True,2
8033,1,1,1,Neutral,CN,1,True,1
8139,1,1,1,Neutral,CN,1,True,1
8217,2,2,2,Neutral,CN,1,True,2
8268,1,1,1,Neutral,CN,1,True,1
8339,1,1,1,Neutral,CN,1,True,1
8366,2,2,2,Neutral,CN,1,True,2
8444,1,1,1,Neutral,CN,1,True,1
8477,1,1,1,Neutral,CN,1,True,1
8580,2,2,2,Neutral,CN,1,True,2
8614,1,1,1,Neutral,CN,1,True,1
8630,2,2,2,Neutral,CN,1,True,2
8637,2,2,2,Neutral,CN,1,True,2
8672,1,1,1,Neutral,CN,1,True,1
8800,1,2,1,Neutral,CN,0,False,1
8816,2,2,2,Neutral,CN,1,True,2
8902,2,2,2,Neutral,CN,1,True,2
8923,2,2,2,Neutral,CN,1,True,2
8948,1,1,1,Neutral,CN,1,True,1
8993,1,1,1,Neutral,CN,1,True,1
9004,1,1,1,Neutral,CN,1,True,1
9089,2,2,2,Neutral,CN,1,True,2
9102,1,1,1,Neutral,CN,1,True,1
9120,1,1,1,Neutral,CN,1,True,1
9134,2,2,2,Neutral,CN,1,True,2
9246,2,2,2,Neutral,CN,1,True,2
9268,1,1,1,Neutral,CN,1,True,1
9324,2,2,2,Neutral,CN,1,True,2
9325,1,1,1,Neutral,CN,1,True,1
9349,2,2,2,Neutral,CN,1,True,2
9357,2,2,2,Neutral,CN,1,True,2
9417,1,1,1,Neutral,CN,1,True,1
9459,1,1,1,Neutral,CN,1,True,1
9465,1,1,1,Neutral,CN,1,True,1
9469,2,2,2,Neutral,CN,1,True,2
9473,1,1,1,Neutral,CN,1,True,1
9485,1,1,1,Neutral,CN,1,True,1
9544,1,2,1,Neutral,CN,0,False,1
9595,1,1,1,Neutral,CN,1,True,1
9632,2,2,2,Neutral,CN,1,True,2
9635,2,2,2,Neutral,CN,1,True,2
9677,2,2,2,Neutral,CN,1,True,2
9715,1,1,1,Neutral,CN,1,True,1
9724,2,2,2,Neutral,CN,1,True,2
9774,2,2,2,Neutral,CN,1,True,2
9796,1,1,1,Neutral,CN,1,True,1
9892,2,2,2,Neutral,CN,1,True,2
9899,1,1,1,Neutral,CN,1,True,1
9907,2,2,2,Neutral,CN,1,True,2
9934,1,1,1,Neutral,CN,1,True,1
9955,2,2,2,Neutral,CN,1,True,2
9987,1,1,1,Neutral,CN,1,True,1
10022,1,1,1,Neutral,CN,1,True,1
10156,1,1,1,Neutral,CN,1,True,1
10163,1,1,1,Neutral,CN,1,True,1
10174,1,1,1,Neutral,CN,1,True,1
10187,2,2,2,Neutral,CN,1,True,2
10189,2,2,2,Neutral,CN,1,True,2
10210,1,1,1,Neutral,CN,1,True,1
10301,1,1,1,Neutral,CN,1,True,1
10328,1,1,1,Neutral,CN,1,True,1
10330,2,2,2,Neutral,CN,1,True,2
10361,1,2,2,Neutral,CN,0,False,1
10375,1,1,1,Neutral,CN,1,True,1
10400,1,2,2,Neutral,CN,0,False,1
10423,2,2,2,Neutral,CN,1,True,2
10434,1,1,1,Neutral,CN,1,True,1
10450,2,2,2,Neutral,CN,1,True,2
10566,2,2,2,Neutral,CN,1,True,2
10600,1,1,1,Neutral,CN,1,True,1
10610,2,2,2,Neutral,CN,1,True,2
10621,1,1,1,Neutral,CN,1,True,1
10626,2,2,2,Neutral,CN,1,True,2
10634,2,2,2,Neutral,CN,1,True,2
10713,1,1,1,Neutral,CN,1,True,1
10771,2,2,2,Neutral,CN,1,True,2
10803,2,2,2,Neutral,CN,1,True,2
10910,2,2,2,Neutral,CN,1,True,2
10954,2,2,2,Neutral,CN,1,True,2
10978,1,1,1,Neutral,CN,1,True,1
11024,2,2,1,Neutral,CN,0,False,2
11101,1,1,1,Neutral,CN,1,True,1
11102,1,1,1,Neutral,CN,1,True,1
11112,1,1,1,Neutral,CN,1,True,1
11120,2,2,2,Neutral,CN,1,True,2
11132,1,1,1,Neutral,CN,1,True,1
11189,2,2,2,Neutral,CN,1,True,2
11241,2,2,2,Neutral,CN,1,True,2
11264,1,1,1,Neutral,CN,1,True,1
11283,2,2,2,Neutral,CN,1,True,2
11511,2,2,2,Neutral,CN,1,True,2
11514,2,2,2,Neutral,CN,1,True,2
11523,2,2,2,Neutral,CN,1,True,2
11525,1,1,1,Neutral,CN,1,True,1
11553,1,1,1,Neutral,CN,1,True,1
11596,1,1,1,Neutral,CN,1,True,1
11603,2,2,2,Neutral,CN,1,True,2
11617,2,2,2,Neutral,CN,1,True,2
11630,1,1,1,Neutral,CN,1,True,1
11647,2,2,2,Neutral,CN,1,True,2
11742,2,2,2,Neutral,CN,1,True,2
11786,1,1,1,Neutral,CN,1,True,1
11850,2,2,2,Neutral,CN,1,True,2
11870,1,1,1,Neutral,CN,1,True,1
11874,1,1,1,Neutral,CN,1,True,1
11930,1,1,1,Neutral,CN,1,True,1
11935,2,2,2,Neutral,CN,1,True,2
11967,1,1,1,Neutral,CN,1,True,1
12012,2,2,2,Neutral,CN,1,True,2
12074,1,1,1,Neutral,CN,1,True,1
12143,1,1,1,Neutral,CN,1,True,1
12151,1,1,1,Neutral,CN,1,True,1
12153,1,1,1,Neutral,CN,1,True,1
12219,2,2,2,Neutral,CN,1,True,2
12271,2,2,2,Neutral,CN,1,True,2
12284,2,2,1,Neutral,CN,0,False,2
12285,1,1,1,Neutral,CN,1,True,1
12301,1,1,1,Neutral,CN,1,True,1
12305,1,2,1,Neutral,CN,0,False,1
12323,1,1,1,Neutral,CN,1,True,1
12429,2,2,2,Neutral,CN,1,True,2
12472,2,2,2,Neutral,CN,1,True,2
12486,2,2,2,Neutral,CN,1,True,2
12494,1,1,1,Neutral,CN,1,True,1
12627,1,2,1,Neutral,CN,0,False,1
12645,1,1,1,Neutral,CN,1,True,1
12732,1,1,1,Neutral,CN,1,True,1
12798,2,2,2,Neutral,CN,1,True,2
12830,2,2,2,Neutral,CN,1,True,2
12860,2,2,2,Neutral,CN,1,True,2
12896,1,1,1,Neutral,CN,1,True,1
12903,1,1,1,Neutral,CN,1,True,1
12926,2,2,2,Neutral,CN,1,True,2
12936,2,2,2,Neutral,CN,1,True,2
12948,2,2,2,Neutral,CN,1,True,2
12975,2,2,2,Neutral,CN,1,True,2
12998,1,2,1,Neutral,CN,0,False,1
13035,1,1,1,Neutral,CN,1,True,1
13050,2,2,2,Neutral,CN,1,True,2
13061,1,1,1,Neutral,CN,1,True,1
13113,2,2,2,Neutral,CN,1,True,2
13115,2,2,2,Neutral,CN,1,True,2
13137,2,2,2,Neutral,CN,1,True,2
13141,1,2,1,Neutral,CN,0,False,1
13200,1,1,1,Neutral,CN,1,True,1
13227,2,2,2,Neutral,CN,1,True,2
13300,2,2,2,Neutral,CN,1,True,2
13319,1,1,1,Neutral,CN,1,True,1
13334,1,1,1,Neutral,CN,1,True,1
13384,1,1,1,Neutral,CN,1,True,1
13400,2,2,2,Neutral,CN,1,True,2
13447,2,2,2,Neutral,CN,1,True,2
13469,2,2,2,Neutral,CN,1,True,2
13484,2,2,2,Neutral,CN,1,True,2
13518,2,2,2,Neutral,CN,1,True,2
13531,1,1,1,Neutral,CN,1,True,1
13562,2,2,2,Neutral,CN,1,True,2
13726,2,2,2,Neutral,CN,1,True,2
13785,1,1,1,Neutral,CN,1,True,1
13843,2,2,2,Neutral,CN,1,True,2
13864,2,2,2,Neutral,CN,1,True,2
13874,1,1,1,Neutral,CN,1,True,1
13920,1,1,1,Neutral,CN,1,True,1
13923,1,1,2,Neutral,CN,0,False,1
13996,1,1,2,Neutral,CN,0,False,1
14011,2,2,2,Neutral,CN,1,True,2
14047,2,2,2,Neutral,CN,1,True,2
14055,2,2,2,Neutral,CN,1,True,2
14074,2,2,2,Neutral,CN,1,True,2
14137,2,2,2,Neutral,CN,1,True,2
14139,2,2,2,Neutral,CN,1,True,2
14224,1,2,1,Neutral,CN,0,False,1
14259,1,1,1,Neutral,CN,1,True,1
14300,1,2,1,Neutral,CN,0,False,1
14325,1,1,1,Neutral,CN,1,True,1
14408,1,1,1,Neutral,CN,1,True,1
14410,1,1,1,Neutral,CN,1,True,1
14469,1,1,1,Neutral,CN,1,True,1
14488,1,1,1,Neutral,CN,1,True,1
14532,2,2,2,Neutral,CN,1,True,2
14550,2,2,2,Neutral,CN,1,True,2
14557,1,1,1,Neutral,CN,1,True,1
14581,2,2,2,Neutral,CN,1,True,2
14617,2,2,2,Neutral,CN,1,True,2
14707,1,2,2,Neutral,CN,0,False,1
14759,2,2,2,Neutral,CN,1,True,2
14793,1,1,1,Neutral,CN,1,True,1
14796,2,2,2,Neutral,CN,1,True,2
14818,1,1,2,Neutral,CN,0,False,1
14845,2,2,2,Neutral,CN,1,True,2
14858,2,2,2,Neutral,CN,1,True,2
14868,1,1,1,Neutral,CN,1,True,1
14900,1,1,1,Neutral,CN,1,True,1
14932,2,2,2,Neutral,CN,1,True,2
14970,2,2,2,Neutral,CN,1,True,2
14988,2,2,2,Neutral,CN,1,True,2
15035,1,1,1,Neutral,CN,1,True,1
15066,2,2,2,Neutral,CN,1,True,2
15131,1,1,1,Neutral,CN,1,True,1
15133,2,2,2,Neutral,CN,1,True,2
15176,2,2,2,Neutral,CN,1,True,2
15189,1,1,1,Neutral,CN,1,True,1
15254,1,1,1,Neutral,CN,1,True,1
15290,1,1,1,Neutral,CN,1,True,1
15363,2,2,2,Neutral,CN,1,True,2
15452,2,2,2,Neutral,CN,1,True,2
15473,2,2,2,Neutral,CN,1,True,2
15535,2,2,2,Neutral,CN,1,True,2
15538,1,2,1,Neutral,CN,0,False,1
15555,1,1,1,Neutral,CN,1,True,1
15585,1,2,1,Neutral,CN,0,False,1
15614,2,2,2,Neutral,CN,1,True,2
15620,2,2,2,Neutral,CN,1,True,2
15693,1,1,1,Neutral,CN,1,True,1
15721,2,2,2,Neutral,CN,1,True,2
15735,1,1,1,Neutral,CN,1,True,1
15770,1,1,1,Neutral,CN,1,True,1
15799,2,2,1,Neutral,CN,0,False,2
15810,2,2,2,Neutral,CN,1,True,2
15822,1,2,1,Neutral,CN,0,False,1
15883,1,1,1,Neutral,CN,1,True,1
15894,2,2,2,Neutral,CN,1,True,2
15938,1,1,1,Neutral,CN,1,True,1
15980,2,2,2,Neutral,CN,1,True,2
16011,2,2,2,Neutral,CN,1,True,2
16114,1,1,1,Neutral,CN,1,True,1
16120,1,1,1,Neutral,CN,1,True,1
16170,2,2,2,Neutral,CN,1,True,2
16174,1,1,1,Neutral,CN,1,True,1
16204,2,1,1,Neutral,CN,0,False,2
16212,2,2,2,Neutral,CN,1,True,2
16213,1,1,1,Neutral,CN,1,True,1
16230,1,1,1,Neutral,CN,1,True,1
16264,1,1,1,Neutral,CN,1,True,1
16339,1,1,1,Neutral,CN,1,True,1
16355,2,2,2,Neutral,CN,1,True,2
16386,1,2,1,Neutral,CN,0,False,1
16398,1,1,1,Neutral,CN,1,True,1
16457,2,2,2,Neutral,CN,1,True,2
16521,2,2,2,Neutral,CN,1,True,2
16572,1,1,1,Neutral,CN,1,True,1
16600,1,1,1,Neutral,CN,1,True,1
16614,1,1,1,Neutral,CN,1,True,1
16642,1,1,1,Neutral,CN,1,True,1
16731,1,1,1,Neutral,CN,1,True,1
16801,2,2,2,Neutral,CN,1,True,2
16845,1,1,1,Neutral,CN,1,True,1
16858,2,2,2,Neutral,CN,1,True,2
16891,1,1,1,Neutral,CN,1,True,1
16903,1,1,1,Neutral,CN,1,True,1
16977,1,1,1,Neutral,CN,1,True,1
17002,2,2,2,Neutral,CN,1,True,2
17048,1,1,1,Neutral,CN,1,True,1
17079,2,2,2,Neutral,CN,1,True,2
17082,2,2,2,Neutral,CN,1,True,2
17121,2,2,2,Neutral,CN,1,True,2
17165,1,2,1,Neutral,CN,0,False,1
17212,1,1,1,Neutral,CN,1,True,1
17227,1,1,1,Neutral,CN,1,True,1
17241,2,2,2,Neutral,CN,1,True,2
17280,2,2,2,Neutral,CN,1,True,2
17322,1,1,1,Neutral,CN,1,True,1
17355,2,2,2,Neutral,CN,1,True,2
17361,1,1,1,Neutral,CN,1,True,1
17364,2,2,2,Neutral,CN,1,True,2
17386,2,2,2,Neutral,CN,1,True,2
17423,2,2,2,Neutral,CN,1,True,2
17455,1,1,1,Neutral,CN,1,True,1
17468,1,1,1,Neutral,CN,1,True,1
17475,1,1,1,Neutral,CN,1,True,1
17553,1,1,1,Neutral,CN,1,True,1
17585,2,2,2,Neutral,CN,1,True,2
17693,1,1,1,Neutral,CN,1,True,1
17744,2,2,2,Neutral,CN,1,True,2
17746,2,2,2,Neutral,CN,1,True,2
17792,1,1,1,Neutral,CN,1,True,1
17806,2,2,2,Neutral,CN,1,True,2
17841,2,2,2,Neutral,CN,1,True,2
17877,1,1,1,Neutral,CN,1,True,1
17885,2,2,2,Neutral,CN,1,True,2
17914,2,2,2,Neutral,CN,1,True,2
17929,1,2,1,Neutral,CN,0,False,1
17963,2,2,2,Neutral,CN,1,True,2
18223,2,2,1,Neutral,CN,0,False,2
18290,1,1,1,Neutral,CN,1,True,1
18337,1,1,1,Neutral,CN,1,True,1
18550,2,2,2,Neutral,CN,1,True,2
18553,2,2,2,Neutral,CN,1,True,2
18597,2,2,2,Neutral,CN,1,True,2
18613,2,2,2,Neutral,CN,1,True,2
18630,2,2,2,Neutral,CN,1,True,2
18631,1,1,1,Neutral,CN,1,True,1
18643,1,1,1,Neutral,CN,1,True,1
18652,1,1,1,Neutral,CN,1,True,1
18656,2,2,2,Neutral,CN,1,True,2
18670,1,1,1,Neutral,CN,1,True,1
18805,2,2,2,Neutral,CN,1,True,2
18806,1,1,1,Neutral,CN,1,True,1
18820,1,1,1,Neutral,CN,1,True,1
18839,2,2,2,Neutral,CN,1,True,2
18874,1,1,1,Neutral,CN,1,True,1
18886,1,1,1,Neutral,CN,1,True,1
18935,1,1,1,Neutral,CN,1,True,1
18961,2,2,2,Neutral,CN,1,True,2
18970,1,1,1,Neutral,CN,1,True,1
18998,2,2,2,Neutral,CN,1,True,2
19036,2,2,2,Neutral,CN,1,True,2
19045,2,2,2,Neutral,CN,1,True,2
19113,1,1,1,Neutral,CN,1,True,1
19164,1,1,1,Neutral,CN,1,True,1
19267,2,2,2,Neutral,CN,1,True,2
19295,1,1,1,Neutral,CN,1,True,1
19331,2,2,2,Neutral,CN,1,True,2
19341,1,1,1,Neutral,CN,1,True,1
19363,1,2,1,Neutral,CN,0,False,1
19383,1,1,1,Neutral,CN,1,True,1
19385,2,2,2,Neutral,CN,1,True,2
19395,2,2,2,Neutral,CN,1,True,2
19486,2,2,2,Neutral,CN,1,True,2
19496,2,2,2,Neutral,CN,1,True,2
19519,2,2,2,Neutral,CN,1,True,2
19532,1,1,1,Neutral,CN,1,True,1
19538,1,1,1,Neutral,CN,1,True,1
19593,1,1,1,Neutral,CN,1,True,1
19599,1,1,1,Neutral,CN,1,True,1
19643,1,1,1,Neutral,CN,1,True,1
19686,1,1,1,Neutral,CN,1,True,1
19738,1,1,1,Neutral,CN,1,True,1
19794,1,1,1,Neutral,CN,1,True,1
19811,1,1,1,Neutral,CN,1,True,1
19826,2,2,2,Neutral,CN,1,True,2
19830,2,2,2,Neutral,CN,1,True,2
19839,2,2,2,Neutral,CN,1,True,2
19854,2,2,2,Neutral,CN,1,True,2
19900,2,2,2,Neutral,CN,1,True,2
19915,1,1,1,Neutral,CN,1,True,1
19967,1,1,1,Neutral,CN,1,True,1
19968,2,2,2,Neutral,CN,1,True,2
20031,1,1,1,Neutral,CN,1,True,1
20132,2,2,2,Neutral,CN,1,True,2
20184,1,1,1,Neutral,CN,1,True,1
20195,1,1,1,Neutral,CN,1,True,1
20270,1,2,2,Neutral,CN,0,False,1
20283,1,2,1,Neutral,CN,0,False,1
20299,2,2,2,Neutral,CN,1,True,2
20338,2,2,2,Neutral,CN,1,True,2
20351,1,1,1,Neutral,CN,1,True,1
20380,2,2,2,Neutral,CN,1,True,2
20407,2,2,2,Neutral,CN,1,True,2
20420,1,1,1,Neutral,CN,1,True,1
20422,1,1,1,Neutral,CN,1,True,1
20431,1,1,1,Neutral,CN,1,True,1
20443,1,1,1,Neutral,CN,1,True,1
20446,2,2,2,Neutral,CN,1,True,2
20465,1,1,1,Neutral,CN,1,True,1
20467,1,1,1,Neutral,CN,1,True,1
20504,2,2,2,Neutral,CN,1,True,2
20528,1,2,1,Neutral,CN,0,False,1
20542,1,1,1,Neutral,CN,1,True,1
20549,1,2,1,Neutral,CN,0,False,1
20609,1,1,1,Neutral,CN,1,True,1
20666,1,1,1,Neutral,CN,1,True,1
20677,1,1,1,Neutral,CN,1,True,1
20685,2,2,2,Neutral,CN,1,True,2
20716,2,2,2,Neutral,CN,1,True,2
20717,1,2,2,Neutral,CN,0,False,1
20839,2,2,2,Neutral,CN,1,True,2
20853,1,1,1,Neutral,CN,1,True,1
20869,2,2,2,Neutral,CN,1,True,2
20890,2,2,2,Neutral,CN,1,True,2
20895,2,2,2,Neutral,CN,1,True,2
20964,1,1,1,Neutral,CN,1,True,1
20971,2,2,2,Neutral,CN,1,True,2
21016,1,1,1,Neutral,CN,1,True,1
21051,2,2,2,Neutral,CN,1,True,2
21067,2,2,1,Neutral,CN,0,False,2
21074,1,1,1,Neutral,CN,1,True,1
21098,2,2,2,Neutral,CN,1,True,2
21130,2,2,2,Neutral,CN,1,True,2
21158,1,1,1,Neutral,CN,1,True,1
21165,1,1,1,Neutral,CN,1,True,1
21167,1,1,1,Neutral,CN,1,True,1
21173,1,1,1,Neutral,CN,1,True,1
21180,2,2,2,Neutral,CN,1,True,2
21203,2,2,2,Neutral,CN,1,True,2
21210,1,1,1,Neutral,CN,1,True,1
21328,1,1,1,Neutral,CN,1,True,1
21399,1,1,1,Neutral,CN,1,True,1
21509,2,2,2,Neutral,CN,1,True,2
21544,2,2,2,Neutral,CN,1,True,2
21598,2,2,2,Neutral,CN,1,True,2
21599,1,2,1,Neutral,CN,0,False,1
21606,2,2,2,Neutral,CN,1,True,2
21608,1,1,1,Neutral,CN,1,True,1
21629,1,1,1,Neutral,CN,1,True,1
21630,2,2,2,Neutral,CN,1,True,2
21666,2,2,2,Neutral,CN,1,True,2
21691,1,1,1,Neutral,CN,1,True,1
21847,2,2,2,Neutral,CN,1,True,2
21910,2,2,2,Neutral,CN,1,True,2
21935,2,2,1,Neutral,CN,0,False,2
21961,1,1,1,Neutral,CN,1,True,1
21976,1,1,1,Neutral,CN,1,True,1
21987,2,2,2,Neutral,CN,1,True,2
22043,2,2,2,Neutral,CN,1,True,2
22052,1,1,1,Neutral,CN,1,True,1
22065,1,1,1,Neutral,CN,1,True,1
22066,2,2,2,Neutral,CN,1,True,2
22090,1,2,2,Neutral,CN,0,False,1
22126,2,2,2,Neutral,CN,1,True,2
22166,2,2,2,Neutral,CN,1,True,2
22184,2,2,2,Neutral,CN,1,True,2
22189,2,2,2,Neutral,CN,1,True,2
22194,2,2,2,Neutral,CN,1,True,2
22266,1,1,1,Neutral,CN,1,True,1
22314,2,2,2,Neutral,CN,1,True,2
22356,2,2,2,Neutral,CN,1,True,2
22467,2,2,2,Neutral,CN,1,True,2
22679,1,1,1,Neutral,CN,1,True,1
22707,2,2,2,Neutral,CN,1,True,2
22767,2,2,2,Neutral,CN,1,True,2
22770,1,1,1,Neutral,CN,1,True,1
22814,1,1,1,Neutral,CN,1,True,1
22819,2,2,2,Neutral,CN,1,True,2
22833,1,1,1,Neutral,CN,1,True,1
22849,2,2,2,Neutral,CN,1,True,2
22966,2,2,2,Neutral,CN,1,True,2
23023,1,1,1,Neutral,CN,1,True,1
23052,1,1,1,Neutral,CN,1,True,1
23089,1,1,1,Neutral,CN,1,True,1
23103,1,2,1,Neutral,CN,0,False,1
23104,2,2,2,Neutral,CN,1,True,2
23128,1,1,1,Neutral,CN,1,True,1
23200,1,1,1,Neutral,CN,1,True,1
23313,2,2,2,Neutral,CN,1,True,2
23322,1,1,1,Neutral,CN,1,True,1
23323,1,1,1,Neutral,CN,1,True,1
23404,2,2,2,Neutral,CN,1,True,2
23415,1,2,1,Neutral,CN,0,False,1
23440,2,2,2,Neutral,CN,1,True,2
23453,2,2,2,Neutral,CN,1,True,2
23505,1,1,1,Neutral,CN,1,True,1
23514,2,2,2,Neutral,CN,1,True,2
23524,1,1,1,Neutral,CN,1,True,1
23530,2,2,2,Neutral,CN,1,True,2
23534,2,2,2,Neutral,CN,1,True,2
23574,1,1,1,Neutral,CN,1,True,1
23584,1,1,1,Neutral,CN,1,True,1
23605,1,1,1,Neutral,CN,1,True,1
23620,2,2,2,Neutral,CN,1,True,2
23648,2,2,2,Neutral,CN,1,True,2
23699,2,2,2,Neutral,CN,1,True,2
23713,2,2,2,Neutral,CN,1,True,2
23779,1,1,1,Neutral,CN,1,True,1
23871,1,1,1,Neutral,CN,1,True,1
23873,1,1,1,Neutral,CN,1,True,1
23901,1,1,1,Neutral,CN,1,True,1
24026,1,1,1,Neutral,CN,1,True,1
24163,1,1,1,Neutral,CN,1,True,1
24174,2,2,2,Neutral,CN,1,True,2
24223,1,1,1,Neutral,CN,1,True,1
24260,1,2,1,Neutral,CN,0,False,1
24291,2,2,2,Neutral,CN,1,True,2
24304,1,1,1,Neutral,CN,1,True,1
24334,2,2,2,Neutral,CN,1,True,2
24405,2,2,2,Neutral,CN,1,True,2
24408,1,1,1,Neutral,CN,1,True,1
24500,2,2,2,Neutral,CN,1,True,2
24502,2,2,2,Neutral,CN,1,True,2
24541,2,2,2,Neutral,CN,1,True,2
24573,1,1,1,Neutral,CN,1,True,1
24577,1,2,2,Neutral,CN,0,False,1
24637,2,2,2,Neutral,CN,1,True,2
24673,2,2,2,Neutral,CN,1,True,2
24706,1,1,1,Neutral,CN,1,True,1
24740,2,2,2,Neutral,CN,1,True,2
24774,2,2,2,Neutral,CN,1,True,2
24836,1,1,1,Neutral,CN,1,True,1
24871,1,1,1,Neutral,CN,1,True,1
24902,2,2,2,Neutral,CN,1,True,2
24959,2,2,2,Neutral,CN,1,True,2
24975,1,1,1,Neutral,CN,1,True,1
24995,1,1,1,Neutral,CN,1,True,1
25015,1,1,1,Neutral,CN,1,True,1
25038,1,1,1,Neutral,CN,1,True,1
25109,2,2,2,Neutral,CN,1,True,2
25137,1,1,1,Neutral,CN,1,True,1
25155,1,1,1,Neutral,CN,1,True,1
25239,2,2,2,Neutral,CN,1,True,2
25270,1,1,1,Neutral,CN,1,True,1
25302,2,2,2,Neutral,CN,1,True,2
25337,1,1,1,Neutral,CN,1,True,1
25348,1,1,1,Neutral,CN,1,True,1
25369,2,2,2,Neutral,CN,1,True,2
25380,1,2,1,Neutral,CN,0,False,1
25416,1,1,1,Neutral,CN,1,True,1
25435,1,1,1,Neutral,CN,1,True,1
25447,1,1,1,Neutral,CN,1,True,1
25448,2,2,2,Neutral,CN,1,True,2
25471,2,2,2,Neutral,CN,1,True,2
25523,2,2,2,Neutral,CN,1,True,2
25591,1,1,2,Neutral,CN,0,False,1
25650,1,1,1,Neutral,CN,1,True,1
25690,1,1,1,Neutral,CN,1,True,1
25698,2,2,2,Neutral,CN,1,True,2
25856,1,1,1,Neutral,CN,1,True,1
25868,1,1,1,Neutral,CN,1,True,1
25990,2,2,2,Neutral,CN,1,True,2
26032,1,1,1,Neutral,CN,1,True,1
26129,2,2,2,Neutral,CN,1,True,2
26161,1,1,1,Neutral,CN,1,True,1
26178,1,1,1,Neutral,CN,1,True,1
26211,2,2,2,Neutral,CN,1,True,2
26281,2,2,2,Neutral,CN,1,True,2
26287,2,2,2,Neutral,CN,1,True,2
26292,1,1,1,Neutral,CN,1,True,1
26302,1,1,1,Neutral,CN,1,True,1
26321,2,2,2,Neutral,CN,1,True,2
26337,1,1,1,Neutral,CN,1,True,1
26345,1,2,1,Neutral,CN,0,False,1
26480,2,2,2,Neutral,CN,1,True,2
26492,2,2,2,Neutral,CN,1,True,2
26528,1,1,1,Neutral,CN,1,True,1
26546,1,1,1,Neutral,CN,1,True,1
26556,1,1,1,Neutral,CN,1,True,1
26575,2,2,2,Neutral,CN,1,True,2
26678,2,2,2,Neutral,CN,1,True,2
26714,2,2,2,Neutral,CN,1,True,2
26831,1,1,1,Neutral,CN,1,True,1
26865,2,2,2,Neutral,CN,1,True,2
26878,2,2,2,Neutral,CN,1,True,2
26995,1,1,1,Neutral,CN,1,True,1
27029,1,1,1,Neutral,CN,1,True,1
27088,1,1,1,Neutral,CN,1,True,1
27101,1,1,1,Neutral,CN,1,True,1
27117,1,2,1,Neutral,CN,0,False,1
27271,1,1,1,Neutral,CN,1,True,1
27395,2,2,2,Neutral,CN,1,True,2
27431,2,2,2,Neutral,CN,1,True,2
27497,1,1,1,Neutral,CN,1,True,1
27524,2,2,2,Neutral,CN,1,True,2
27558,2,2,2,Neutral,CN,1,True,2
27610,1,1,2,Neutral,CN,0,False,1
27668,2,2,2,Neutral,CN,1,True,2
27688,2,2,2,Neutral,CN,1,True,2
27740,2,2,2,Neutral,CN,1,True,2
27786,2,2,2,Neutral,CN,1,True,2
27828,2,2,2,Neutral,CN,1,True,2
27904,2,2,2,Neutral,CN,1,True,2
27910,2,2,2,Neutral,CN,1,True,2
27911,2,2,2,Neutral,CN,1,True,2
28011,2,2,2,Neutral,CN,1,True,2
28019,1,1,1,Neutral,CN,1,True,1
28051,2,2,2,Neutral,CN,1,True,2
28057,1,1,1,Neutral,CN,1,True,1
28067,2,2,2,Neutral,CN,1,True,2
28114,2,2,2,Neutral,CN,1,True,2
28222,2,2,2,Neutral,CN,1,True,2
28262,2,2,2,Neutral,CN,1,True,2
28271,1,1,1,Neutral,CN,1,True,1
28339,1,2,1,Neutral,CN,0,False,1
28341,1,1,1,Neutral,CN,1,True,1
28365,2,2,2,Neutral,CN,1,True,2
28463,2,2,2,Neutral,CN,1,True,2
28490,1,1,1,Neutral,CN,1,True,1
28550,2,2,2,Neutral,CN,1,True,2
28574,2,2,2,Neutral,CN,1,True,2
28656,2,2,2,Neutral,CN,1,True,2
28674,2,2,2,Neutral,CN,1,True,2
28728,1,1,1,Neutral,CN,1,True,1
28789,2,2,2,Neutral,CN,1,True,2
28790,2,2,2,Neutral,CN,1,True,2
28814,2,2,2,Neutral,CN,1,True,2
28822,2,2,2,Neutral,CN,1,True,2
28963,1,1,1,Neutral,CN,1,True,1
29070,2,2,2,Neutral,CN,1,True,2
29105,2,2,2,Neutral,CN,1,True,2
29132,1,1,1,Neutral,CN,1,True,1
29144,1,1,1,Neutral,CN,1,True,1
29184,1,2,2,Neutral,CN,0,False,1
29243,2,2,2,Neutral,CN,1,True,2
29385,1,1,1,Neutral,CN,1,True,1
29411,1,2,1,Neutral,CN,0,False,1
29417,2,2,2,Neutral,CN,1,True,2
29454,2,2,2,Neutral,CN,1,True,2
29465,1,2,2,Neutral,CN,0,False,1
29484,2,2,2,Neutral,CN,1,True,2
29582,1,1,1,Neutral,CN,1,True,1
29629,1,1,1,Neutral,CN,1,True,1
29644,1,1,1,Neutral,CN,1,True,1
29679,1,1,1,Neutral,CN,1,True,1
29768,1,1,1,Neutral,CN,1,True,1
29880,1,1,1,Neutral,CN,1,True,1
29903,1,1,1,Neutral,CN,1,True,1
29912,1,1,1,Neutral,CN,1,True,1
29978,2,1,1,Neutral,CN,0,False,2
30052,1,1,1,Neutral,CN,1,True,1
30118,1,1,1,Neutral,CN,1,True,1
30131,2,2,2,Neutral,CN,1,True,2
30137,2,2,2,Neutral,CN,1,True,2
30143,1,1,1,Neutral,CN,1,True,1
30180,1,1,1,Neutral,CN,1,True,1
30259,1,1,1,Neutral,CN,1,True,1
30273,2,2,2,Neutral,CN,1,True,2
30285,2,2,2,Neutral,CN,1,True,2
30328,1,1,1,Neutral,CN,1,True,1
30329,1,1,1,Neutral,CN,1,True,1
30336,2,2,2,Neutral,CN,1,True,2
30340,1,1,1,Neutral,CN,1,True,1
30352,2,2,1,Neutral,CN,0,False,2
30367,2,2,2,Neutral,CN,1,True,2
30457,2,2,2,Neutral,CN,1,True,2
30498,2,2,2,Neutral,CN,1,True,2
30514,1,1,1,Neutral,CN,1,True,1
30544,1,1,1,Neutral,CN,1,True,1
30637,1,1,1,Neutral,CN,1,True,1
30694,2,2,2,Neutral,CN,1,True,2
30701,2,2,2,Neutral,CN,1,True,2
30710,2,2,2,Neutral,CN,1,True,2
30794,2,2,2,Neutral,CN,1,True,2
30807,2,2,2,Neutral,CN,1,True,2
30825,2,2,2,Neutral,CN,1,True,2
30846,1,1,1,Neutral,CN,1,True,1
30856,2,2,2,Neutral,CN,1,True,2
30872,2,2,2,Neutral,CN,1,True,2
30880,1,1,1,Neutral,CN,1,True,1
30899,1,1,1,Neutral,CN,1,True,1
30922,2,2,2,Neutral,CN,1,True,2
30936,2,2,2,Neutral,CN,1,True,2
31029,1,1,1,Neutral,CN,1,True,1
31060,1,1,1,Neutral,CN,1,True,1
31081,2,2,2,Neutral,CN,1,True,2
31089,1,1,1,Neutral,CN,1,True,1
31128,2,2,2,Neutral,CN,1,True,2
31129,2,2,2,Neutral,CN,1,True,2
31138,1,1,1,Neutral,CN,1,True,1
31148,1,1,1,Neutral,CN,1,True,1
31247,1,1,1,Neutral,CN,1,True,1
31266,2,2,2,Neutral,CN,1,True,2
31350,2,2,2,Neutral,CN,1,True,2
31386,2,2,2,Neutral,CN,1,True,2
31470,2,2,2,Neutral,CN,1,True,2
31483,2,2,2,Neutral,CN,1,True,2
31568,1,2,2,Neutral,CN,0,False,1
31597,1,1,1,Neutral,CN,1,True,1
31622,1,1,1,Neutral,CN,1,True,1
31628,1,1,1,Neutral,CN,1,True,1
31634,2,1,2,Neutral,CN,0,False,2
31665,1,1,1,Neutral,CN,1,True,1
31720,1,1,1,Neutral,CN,1,True,1
31728,1,1,1,Neutral,CN,1,True,1
31754,2,1,2,Neutral,CN,0,False,2
31808,1,2,2,Neutral,CN,0,False,1
31883,2,2,2,Neutral,CN,1,True,2
31907,2,2,2,Neutral,CN,1,True,2
32003,2,2,2,Neutral,CN,1,True,2
32090,1,1,1,Neutral,CN,1,True,1
32112,2,2,2,Neutral,CN,1,True,2
32116,2,2,2,Neutral,CN,1,True,2
32131,2,2,2,Neutral,CN,1,True,2
32167,2,2,2,Neutral,CN,1,True,2
32177,2,2,2,Neutral,CN,1,True,2
32263,2,2,2,Neutral,CN,1,True,2
32265,1,1,1,Neutral,CN,1,True,1
32323,2,2,2,Neutral,CN,1,True,2
32372,1,1,1,Neutral,CN,1,True,1
32463,2,2,2,Neutral,CN,1,True,2
32489,1,2,1,Neutral,CN,0,False,1
32518,1,1,1,Neutral,CN,1,True,1
32558,2,2,2,Neutral,CN,1,True,2
32572,2,2,2,Neutral,CN,1,True,2
32638,1,1,1,Neutral,CN,1,True,1
32679,1,1,1,Neutral,CN,1,True,1
32722,2,2,2,Neutral,CN,1,True,2
32747,1,1,1,Neutral,CN,1,True,1
32753,2,2,2,Neutral,CN,1,True,2
32785,1,1,1,Neutral,CN,1,True,1
32872,2,2,2,Neutral,CN,1,True,2
32894,1,2,1,Neutral,CN,0,False,1
32913,2,2,2,Neutral,CN,1,True,2
32917,2,2,2,Neutral,CN,1,True,2
32963,2,2,2,Neutral,CN,1,True,2
32972,2,2,2,Neutral,CN,1,True,2
33026,1,1,1,Neutral,CN,1,True,1
33067,2,2,2,Neutral,CN,1,True,2
33126,2,2,2,Neutral,CN,1,True,2
33141,2,2,2,Neutral,CN,1,True,2
33154,1,1,1,Neutral,CN,1,True,1
33212,1,1,1,Neutral,CN,1,True,1
33262,2,2,2,Neutral,CN,1,True,2
33291,1,2,1,Neutral,CN,0,False,1
33322,2,2,2,Neutral,CN,1,True,2
33345,1,1,1,Neutral,CN,1,True,1
33390,1,1,1,Neutral,CN,1,True,1
33409,2,2,2,Neutral,CN,1,True,2
33433,1,1,1,Neutral,CN,1,True,1
33470,1,1,1,Neutral,CN,1,True,1
33504,1,1,1,Neutral,CN,1,True,1
33509,2,2,2,Neutral,CN,1,True,2
33532,1,2,1,Neutral,CN,0,False,1
33618,1,1,2,Neutral,CN,0,False,1
33649,1,1,1,Neutral,CN,1,True,1
33741,1,2,2,Neutral,CN,0,False,1
33743,2,2,2,Neutral,CN,1,True,2
33765,2,2,2,Neutral,CN,1,True,2
33780,1,2,1,Neutral,CN,0,False,1
33806,1,2,2,Neutral,CN,0,False,1
33808,2,2,2,Neutral,CN,1,True,2
33856,1,1,1,Neutral,CN,1,True,1
33859,2,2,2,Neutral,CN,1,True,2
33890,2,2,2,Neutral,CN,1,True,2
33936,1,1,1,Neutral,CN,1,True,1
33940,1,1,1,Neutral,CN,1,True,1
33961,1,1,1,Neutral,CN,1,True,1
33962,2,2,2,Neutral,CN,1,True,2
33986,1,1,1,Neutral,CN,1,True,1
34029,2,2,2,Neutral,CN,1,True,2
34084,1,2,1,Neutral,CN,0,False,1
34125,2,2,2,Neutral,CN,1,True,2
34143,2,2,2,Neutral,CN,1,True,2
34148,1,2,2,Neutral,CN,0,False,1
34171,1,1,1,Neutral,CN,1,True,1
34215,2,2,2,Neutral,CN,1,True,2
34276,1,1,1,Neutral,CN,1,True,1
34332,2,2,2,Neutral,CN,1,True,2
34354,1,1,1,Neutral,CN,1,True,1
34404,2,2,2,Neutral,CN,1,True,2
34414,2,2,2,Neutral,CN,1,True,2
34456,1,1,1,Neutral,CN,1,True,1
34460,2,2,2,Neutral,CN,1,True,2
34500,1,1,1,Neutral,CN,1,True,1
34573,1,1,1,Neutral,CN,1,True,1
34667,2,2,2,Neutral,CN,1,True,2
34714,2,2,2,Neutral,CN,1,True,2
34754,2,2,2,Neutral,CN,1,True,2
34812,2,2,2,Neutral,CN,1,True,2
34915,2,2,2,Neutral,CN,1,True,2
34918,2,2,2,Neutral,CN,1,True,2
34930,2,2,1,Neutral,CN,0,False,2
34944,2,2,2,Neutral,CN,1,True,2
34983,2,2,2,Neutral,CN,1,True,2
35058,2,2,2,Neutral,CN,1,True,2
35064,1,1,1,Neutral,CN,1,True,1
35127,2,2,2,Neutral,CN,1,True,2
35156,2,2,2,Neutral,CN,1,True,2
35174,1,1,1,Neutral,CN,1,True,1
35191,2,2,2,Neutral,CN,1,True,2
35201,2,2,2,Neutral,CN,1,True,2
35204,2,2,2,Neutral,CN,1,True,2
35282,2,2,2,Neutral,CN,1,True,2
35287,1,1,1,Neutral,CN,1,True,1
35397,2,2,1,Neutral,CN,0,False,2
35429,2,2,2,Neutral,CN,1,True,2
35467,1,1,1,Neutral,CN,1,True,1
35542,2,2,2,Neutral,CN,1,True,2
35564,2,2,2,Neutral,CN,1,True,2
35592,1,1,1,Neutral,CN,1,True,1
35643,2,2,2,Neutral,CN,1,True,2
35653,1,1,1,Neutral,CN,1,True,1
35715,2,2,2,Neutral,CN,1,True,2
35732,2,2,2,Neutral,CN,1,True,2
35738,2,2,2,Neutral,CN,1,True,2
35743,2,2,2,Neutral,CN,1,True,2
35871,2,2,2,Neutral,CN,1,True,2
35880,2,2,2,Neutral,CN,1,True,2
35907,2,2,2,Neutral,CN,1,True,2
35912,1,1,1,Neutral,CN,1,True,1
35918,2,2,2,Neutral,CN,1,True,2
35939,2,2,2,Neutral,CN,1,True,2
35991,2,2,2,Neutral,CN,1,True,2
36100,2,2,2,Neutral,CN,1,True,2
36117,1,1,1,Neutral,CN,1,True,1
36126,2,2,2,Neutral,CN,1,True,2
36186,2,2,2,Neutral,CN,1,True,2
36190,1,1,1,Neutral,CN,1,True,1
36199,2,2,2,Neutral,CN,1,True,2
36209,1,1,1,Neutral,CN,1,True,1
36223,1,2,2,Neutral,CN,0,False,1
36247,1,1,1,Neutral,CN,1,True,1
36341,2,2,2,Neutral,CN,1,True,2
36403,2,2,2,Neutral,CN,1,True,2
36419,2,2,2,Neutral,CN,1,True,2
36434,2,2,2,Neutral,CN,1,True,2
36449,1,1,1,Neutral,CN,1,True,1
36482,2,2,2,Neutral,CN,1,True,2
36557,2,2,2,Neutral,CN,1,True,2
36686,2,2,2,Neutral,CN,1,True,2
36689,2,2,2,Neutral,CN,1,True,2
36734,1,1,1,Neutral,CN,1,True,1
36743,1,1,1,Neutral,CN,1,True,1
36767,2,2,2,Neutral,CN,1,True,2
36785,2,2,1,Neutral,CN,0,False,2
36812,2,2,2,Neutral,CN,1,True,2
36819,2,2,2,Neutral,CN,1,True,2
36849,2,2,2,Neutral,CN,1,True,2
36960,2,2,2,Neutral,CN,1,True,2
36974,2,2,2,Neutral,CN,1,True,2
37006,2,2,2,Neutral,CN,1,True,2
37016,2,2,2,Neutral,CN,1,True,2
37020,1,1,1,Neutral,CN,1,True,1
37082,2,2,2,Neutral,CN,1,True,2
37102,2,2,2,Neutral,CN,1,True,2
37114,2,1,1,Neutral,CN,0,False,2
37124,2,2,2,Neutral,CN,1,True,2
37184,1,2,1,Neutral,CN,0,False,1
37234,1,1,1,Neutral,CN,1,True,1
37245,1,1,1,Neutral,CN,1,True,1
37249,1,1,1,Neutral,CN,1,True,1
37258,1,2,1,Neutral,CN,0,False,1
37327,1,1,1,Neutral,CN,1,True,1
37367,2,2,2,Neutral,CN,1,True,2
37404,2,1,2,Neutral,CN,0,False,2
37422,1,1,1,Neutral,CN,1,True,1
37432,2,2,2,Neutral,CN,1,True,2
37435,1,1,1,Neutral,CN,1,True,1
37490,1,1,1,Neutral,CN,1,True,1
37537,2,2,2,Neutral,CN,1,True,2
37542,1,2,1,Neutral,CN,0,False,1
37569,2,2,2,Neutral,CN,1,True,2
37608,1,1,1,Neutral,CN,1,True,1
37614,2,2,2,Neutral,CN,1,True,2
37617,2,2,2,Neutral,CN,1,True,2
37679,1,1,1,Neutral,CN,1,True,1
37723,2,2,2,Neutral,CN,1,True,2
37725,1,2,1,Neutral,CN,0,False,1
37741,2,2,2,Neutral,CN,1,True,2
37743,2,2,2,Neutral,CN,1,True,2
37842,1,1,1,Neutral,CN,1,True,1
37843,1,2,2,Neutral,CN,0,False,1
37909,1,1,1,Neutral,CN,1,True,1
37955,1,1,1,Neutral,CN,1,True,1
38026,2,2,2,Neutral,CN,1,True,2
38068,2,2,2,Neutral,CN,1,True,2
38078,2,2,2,Neutral,CN,1,True,2
38093,2,2,2,Neutral,CN,1,True,2
38130,1,1,1,Neutral,CN,1,True,1
38144,1,1,1,Neutral,CN,1,True,1
38146,1,1,1,Neutral,CN,1,True,1
38166,1,1,1,Neutral,CN,1,True,1
38168,1,1,1,Neutral,CN,1,True,1
38191,2,2,2,Neutral,CN,1,True,2
38245,1,1,1,Neutral,CN,1,True,1
38267,2,2,2,Neutral,CN,1,True,2
38352,1,1,1,Neutral,CN,1,True,1
38363,2,2,2,Neutral,CN,1,True,2
38390,1,2,2,Neutral,CN,0,False,1
38395,1,1,1,Neutral,CN,1,True,1
38425,2,2,2,Neutral,CN,1,True,2
38485,1,1,1,Neutral,CN,1,True,1
38518,1,1,1,Neutral,CN,1,True,1
38530,1,1,1,Neutral,CN,1,True,1
38533,2,2,2,Neutral,CN,1,True,2
38554,2,2,1,Neutral,CN,0,False,2
38562,2,2,2,Neutral,CN,1,True,2
38593,2,2,2,Neutral,CN,1,True,2
38627,2,2,2,Neutral,CN,1,True,2
38630,1,1,1,Neutral,CN,1,True,1
38721,1,1,1,Neutral,CN,1,True,1
38773,2,2,2,Neutral,CN,1,True,2
38802,1,1,1,Neutral,CN,1,True,1
38809,1,1,1,Neutral,CN,1,True,1
38811,1,1,1,Neutral,CN,1,True,1
38829,1,2,1,Neutral,CN,0,False,1
38858,1,1,1,Neutral,CN,1,True,1
38920,2,2,2,Neutral,CN,1,True,2
38928,2,2,2,Neutral,CN,1,True,2
38947,1,1,1,Neutral,CN,1,True,1
39000,1,1,1,Neutral,CN,1,True,1
39152,1,1,1,Neutral,CN,1,True,1
39199,1,1,1,Neutral,CN,1,True,1
39321,1,1,1,Neutral,CN,1,True,1
39356,2,2,2,Neutral,CN,1,True,2
39388,2,2,2,Neutral,CN,1,True,2
39457,1,1,1,Neutral,CN,1,True,1
39466,1,1,1,Neutral,CN,1,True,1
39532,2,2,2,Neutral,CN,1,True,2
39553,2,2,2,Neutral,CN,1,True,2
39557,1,1,1,Neutral,CN,1,True,1
39630,1,1,1,Neutral,CN,1,True,1
39715,1,1,1,Neutral,CN,1,True,1
39795,2,2,2,Neutral,CN,1,True,2
39804,1,1,1,Neutral,CN,1,True,1
39833,2,2,2,Neutral,CN,1,True,2
39842,1,1,1,Neutral,CN,1,True,1
39855,1,1,1,Neutral,CN,1,True,1
39864,2,2,2,Neutral,CN,1,True,2
39884,2,2,2,Neutral,CN,1,True,2
39918,2,1,1,Neutral,CN,0,False,2
40029,1,2,1,Neutral,CN,0,False,1
40068,1,1,1,Neutral,CN,1,True,1
40135,1,1,1,Neutral,CN,1,True,1
40145,2,2,2,Neutral,CN,1,True,2
40164,1,1,1,Neutral,CN,1,True,1
40169,1,2,1,Neutral,CN,0,False,1
40296,2,2,2,Neutral,CN,1,True,2
40352,2,2,2,Neutral,CN,1,True,2
40376,1,1,1,Neutral,CN,1,True,1
40497,2,2,2,Neutral,CN,1,True,2
40535,1,1,1,Neutral,CN,1,True,1
40542,2,2,2,Neutral,CN,1,True,2
40622,2,2,2,Neutral,CN,1,True,2
40625,2,2,2,Neutral,CN,1,True,2
40653,2,2,2,Neutral,CN,1,True,2
40762,2,2,1,Neutral,CN,0,False,2
40853,1,1,1,Neutral,CN,1,True,1
40855,2,2,2,Neutral,CN,1,True,2
40857,1,2,1,Neutral,CN,0,False,1
40920,1,1,1,Neutral,CN,1,True,1
40923,2,1,2,Neutral,CN,0,False,2
40969,1,1,1,Neutral,CN,1,True,1
40991,1,1,1,Neutral,CN,1,True,1
41001,2,2,2,Neutral,CN,1,True,2
41077,1,1,1,Neutral,CN,1,True,1
41103,2,2,2,Neutral,CN,1,True,2
41150,1,2,1,Neutral,CN,0,False,1
41152,1,2,2,Neutral,CN,0,False,1
41237,1,1,1,Neutral,CN,1,True,1
41239,1,1,1,Neutral,CN,1,True,1
41273,1,1,1,Neutral,CN,1,True,1
41360,2,2,2,Neutral,CN,1,True,2
41368,1,1,1,Neutral,CN,1,True,1
41416,1,1,1,Neutral,CN,1,True,1
41457,2,2,2,Neutral,CN,1,True,2
41472,1,1,1,Neutral,CN,1,True,1
41514,1,1,1,Neutral,CN,1,True,1
41581,2,2,2,Neutral,CN,1,True,2
41590,1,1,1,Neutral,CN,1,True,1
41607,1,1,1,Neutral,CN,1,True,1
41636,1,1,1,Neutral,CN,1,True,1
41704,1,1,1,Neutral,CN,1,True,1
41829,1,1,1,Neutral,CN,1,True,1
41836,1,1,1,Neutral,CN,1,True,1
41906,2,2,2,Neutral,CN,1,True,2
41973,2,2,2,Neutral,CN,1,True,2
42006,2,2,1,Neutral,CN,0,False,2
42040,1,1,1,Neutral,CN,1,True,1
42067,1,1,1,Neutral,CN,1,True,1
42086,2,2,2,Neutral,CN,1,True,2
42112,2,2,2,Neutral,CN,1,True,2
42166,2,2,2,Neutral,CN,1,True,2
42174,2,1,1,Neutral,CN,0,False,2
42185,2,2,2,Neutral,CN,1,True,2
42228,2,2,2,Neutral,CN,1,True,2
42330,1,1,1,Neutral,CN,1,True,1
42335,2,2,2,Neutral,CN,1,True,2
42344,2,2,2,Neutral,CN,1,True,2
42391,2,2,2,Neutral,CN,1,True,2
42428,1,1,1,Neutral,CN,1,True,1
42468,2,2,2,Neutral,CN,1,True,2
42520,2,2,2,Neutral,CN,1,True,2
42521,1,1,1,Neutral,CN,1,True,1
42568,1,1,1,Neutral,CN,1,True,1
42572,2,2,2,Neutral,CN,1,True,2
42585,1,1,1,Neutral,CN,1,True,1
42609,2,2,2,Neutral,CN,1,True,2
42690,1,1,1,Neutral,CN,1,True,1
42714,2,2,2,Neutral,CN,1,True,2
42742,2,1,2,Neutral,CN,0,False,2
42860,2,2,2,Neutral,CN,1,True,2
42886,2,2,2,Neutral,CN,1,True,2
42922,2,2,2,Neutral,CN,1,True,2
43042,1,1,1,Neutral,CN,1,True,1
43070,2,2,2,Neutral,CN,1,True,2
43113,1,1,1,Neutral,CN,1,True,1
43164,2,2,2,Neutral,CN,1,True,2
43191,1,2,1,Neutral,CN,0,False,1
43285,1,1,1,Neutral,CN,1,True,1
43295,2,2,2,Neutral,CN,1,True,2
43350,2,2,2,Neutral,CN,1,True,2
43486,1,1,1,Neutral,CN,1,True,1
43526,2,2,2,Neutral,CN,1,True,2
43621,2,2,2,Neutral,CN,1,True,2
43668,2,2,2,Neutral,CN,1,True,2
43764,2,2,2,Neutral,CN,1,True,2
43800,1,1,1,Neutral,CN,1,True,1
43811,2,2,2,Neutral,CN,1,True,2
43878,1,1,1,Neutral,CN,1,True,1
44063,2,2,1,Neutral,CN,0,False,2
44064,2,2,2,Neutral,CN,1,True,2
44147,2,2,2,Neutral,CN,1,True,2
44167,2,2,2,Neutral,CN,1,True,2
44178,2,2,2,Neutral,CN,1,True,2
44313,2,2,2,Neutral,CN,1,True,2
44380,1,1,1,Neutral,CN,1,True,1
44400,2,2,2,Neutral,CN,1,True,2
44415,2,2,2,Neutral,CN,1,True,2
44430,2,2,2,Neutral,CN,1,True,2
44444,2,2,2,Neutral,CN,1,True,2
44458,2,2,2,Neutral,CN,1,True,2
44475,1,1,1,Neutral,CN,1,True,1
44479,2,2,2,Neutral,CN,1,True,2
44628,1,1,1,Neutral,CN,1,True,1
44682,1,1,1,Neutral,CN,1,True,1
44743,2,2,1,Neutral,CN,0,False,2
44812,2,2,2,Neutral,CN,1,True,2
44833,2,2,1,Neutral,CN,0,False,2
44841,1,1,1,Neutral,CN,1,True,1
44887,2,2,2,Neutral,CN,1,True,2
44967,1,1,1,Neutral,CN,1,True,1
45012,2,2,2,Neutral,CN,1,True,2
45024,1,1,1,Neutral,CN,1,True,1
45075,2,2,2,Neutral,CN,1,True,2
45117,2,2,2,Neutral,CN,1,True,2
45137,2,2,2,Neutral,CN,1,True,2
45175,2,2,2,Neutral,CN,1,True,2
45184,1,1,1,Neutral,CN,1,True,1
45190,1,1,1,Neutral,CN,1,True,1
45199,2,1,1,Neutral,CN,0,False,2
45289,1,1,1,Neutral,CN,1,True,1
45314,1,1,1,Neutral,CN,1,True,1
45337,1,1,1,Neutral,CN,1,True,1
45340,2,2,2,Neutral,CN,1,True,2
45390,2,2,2,Neutral,CN,1,True,2
45424,1,2,2,Neutral,CN,0,False,1
45470,2,2,2,Neutral,CN,1,True,2
45492,1,1,1,Neutral,CN,1,True,1
45529,2,2,2,Neutral,CN,1,True,2
45544,2,2,2,Neutral,CN,1,True,2
45784,1,1,1,Neutral,CN,1,True,1
45800,2,2,2,Neutral,CN,1,True,2
45811,2,2,2,Neutral,CN,1,True,2
45837,1,1,1,Neutral,CN,1,True,1
45857,2,2,2,Neutral,CN,1,True,2
45893,2,2,2,Neutral,CN,1,True,2
45919,1,1,1,Neutral,CN,1,True,1
45938,2,2,2,Neutral,CN,1,True,2
45983,2,2,2,Neutral,CN,1,True,2
45985,1,1,1,Neutral,CN,1,True,1
46026,1,1,2,Neutral,CN,0,False,1
46132,1,1,1,Neutral,CN,1,True,1
46147,1,1,1,Neutral,CN,1,True,1
46160,1,1,1,Neutral,CN,1,True,1
46218,2,2,2,Neutral,CN,1,True,2
46346,1,1,1,Neutral,CN,1,True,1
46371,1,2,1,Neutral,CN,0,False,1
46372,2,2,2,Neutral,CN,1,True,2
46555,2,2,2,Neutral,CN,1,True,2
46569,2,2,2,Neutral,CN,1,True,2
46595,2,2,2,Neutral,CN,1,True,2
46674,1,1,1,Neutral,CN,1,True,1
46707,2,2,2,Neutral,CN,1,True,2
46710,2,2,2,Neutral,CN,1,True,2
46751,2,2,2,Neutral,CN,1,True,2
46756,1,1,1,Neutral,CN,1,True,1
46758,2,2,2,Neutral,CN,1,True,2
46810,2,2,2,Neutral,CN,1,True,2
46859,2,2,2,Neutral,CN,1,True,2
46880,1,1,1,Neutral,CN,1,True,1
46894,2,2,2,Neutral,CN,1,True,2
46969,2,2,2,Neutral,CN,1,True,2
47024,1,2,1,Neutral,CN,0,False,1
47060,2,2,2,Neutral,CN,1,True,2
47065,1,1,1,Neutral,CN,1,True,1
47097,1,1,1,Neutral,CN,1,True,1
47139,2,2,2,Neutral,CN,1,True,2
47169,2,2,2,Neutral,CN,1,True,2
47174,2,2,1,Neutral,CN,0,False,2
47216,2,2,2,Neutral,CN,1,True,2
47246,2,2,2,Neutral,CN,1,True,2
47249,2,2,2,Neutral,CN,1,True,2
47362,1,1,1,Neutral,CN,1,True,1
47371,1,1,1,Neutral,CN,1,True,1
47560,1,1,1,Neutral,CN,1,True,1
47603,1,2,1,Neutral,CN,0,False,1
47619,2,2,2,Neutral,CN,1,True,2
47632,1,1,1,Neutral,CN,1,True,1
47865,2,2,2,Neutral,CN,1,True,2
47886,1,2,1,Neutral,CN,0,False,1
48180,2,2,2,Neutral,CN,1,True,2
48182,1,1,1,Neutral,CN,1,True,1
48217,2,2,2,Neutral,CN,1,True,2
48246,1,1,1,Neutral,CN,1,True,1
48295,2,2,2,Neutral,CN,1,True,2
48329,1,1,1,Neutral,CN,1,True,1
48352,1,1,1,Neutral,CN,1,True,1
48355,2,2,2,Neutral,CN,1,True,2
48359,1,1,1,Neutral,CN,1,True,1
48434,2,2,1,Neutral,CN,0,False,2
48441,2,2,2,Neutral,CN,1,True,2
48449,2,2,2,Neutral,CN,1,True,2
48506,2,2,2,Neutral,CN,1,True,2
48538,1,1,1,Neutral,CN,1,True,1
48541,1,1,1,Neutral,CN,1,True,1
48562,2,2,2,Neutral,CN,1,True,2
48563,2,2,2,Neutral,CN,1,True,2
48566,2,2,2,Neutral,CN,1,True,2
48587,1,1,1,Neutral,CN,1,True,1
48607,2,2,2,Neutral,CN,1,True,2
48618,1,1,1,Neutral,CN,1,True,1
48722,2,2,2,Neutral,CN,1,True,2
48728,1,1,1,Neutral,CN,1,True,1
48859,2,2,2,Neutral,CN,1,True,2
48898,1,1,1,Neutral,CN,1,True,1
48976,2,2,2,Neutral,CN,1,True,2
49004,1,1,1,Neutral,CN,1,True,1
49029,1,1,1,Neutral,CN,1,True,1
49047,1,1,1,Neutral,CN,1,True,1
49052,1,1,1,Neutral,CN,1,True,1
49095,1,1,1,Neutral,CN,1,True,1
49132,1,1,1,Neutral,CN,1,True,1
49146,1,1,1,Neutral,CN,1,True,1
49168,1,2,2,Neutral,CN,0,False,1
49182,2,2,2,Neutral,CN,1,True,2
49189,1,1,1,Neutral,CN,1,True,1
49213,1,1,1,Neutral,CN,1,True,1
49228,1,1,1,Neutral,CN,1,True,1
49239,1,1,1,Neutral,CN,1,True,1
49242,2,2,2,Neutral,CN,1,True,2
49325,1,1,1,Neutral,CN,1,True,1
49400,2,2,2,Neutral,CN,1,True,2
49460,1,1,1,Neutral,CN,1,True,1
49550,2,2,2,Neutral,CN,1,True,2
49700,1,1,1,Neutral,CN,1,True,1
49737,1,1,1,Neutral,CN,1,True,1
49765,2,2,2,Neutral,CN,1,True,2
49777,2,2,2,Neutral,CN,1,True,2
49804,2,2,2,Neutral,CN,1,True,2
49855,2,2,2,Neutral,CN,1,True,2
49870,2,2,2,Neutral,CN,1,True,2
49943,2,2,2,Neutral,CN,1,True,2
49950,2,2,2,Neutral,CN,1,True,2
49959,2,2,2,Neutral,CN,1,True,2
49971,1,1,1,Neutral,CN,1,True,1
55,1,1,1,Neutral,CT,1,True,1
107,2,2,2,Neutral,CT,1,True,2
176,1,1,1,Neutral,CT,1,True,1
257,1,1,1,Neutral,CT,1,True,1
283,2,2,2,Neutral,CT,1,True,2
284,2,2,2,Neutral,CT,1,True,2
287,1,1,1,Neutral,CT,1,True,1
310,2,2,2,Neutral,CT,1,True,2
337,2,2,1,Neutral,CT,0,False,2
379,2,2,2,Neutral,CT,1,True,2
393,2,2,2,Neutral,CT,1,True,2
405,2,2,2,Neutral,CT,1,True,2
423,1,1,1,Neutral,CT,1,True,1
450,2,2,2,Neutral,CT,1,True,2
504,2,2,2,Neutral,CT,1,True,2
525,1,2,1,Neutral,CT,0,False,1
545,1,1,1,Neutral,CT,1,True,1
626,2,2,2,Neutral,CT,1,True,2
715,2,2,2,Neutral,CT,1,True,2
722,1,1,1,Neutral,CT,1,True,1
793,2,2,2,Neutral,CT,1,True,2
804,2,2,2,Neutral,CT,1,True,2
813,2,2,2,Neutral,CT,1,True,2
856,2,2,2,Neutral,CT,1,True,2
893,2,2,2,Neutral,CT,1,True,2
922,1,1,1,Neutral,CT,1,True,1
1029,2,2,2,Neutral,CT,1,True,2
1057,2,2,2,Neutral,CT,1,True,2
1106,1,1,1,Neutral,CT,1,True,1
1176,2,2,2,Neutral,CT,1,True,2
1199,1,1,1,Neutral,CT,1,True,1
1200,2,2,2,Neutral,CT,1,True,2
1205,2,2,2,Neutral,CT,1,True,2
1227,1,1,1,Neutral,CT,1,True,1
1261,2,2,2,Neutral,CT,1,True,2
1285,1,1,1,Neutral,CT,1,True,1
1290,1,1,1,Neutral,CT,1,True,1
1347,1,1,1,Neutral,CT,1,True,1
1352,1,1,1,Neutral,CT,1,True,1
1363,2,2,2,Neutral,CT,1,True,2
1421,1,1,1,Neutral,CT,1,True,1
1434,2,2,2,Neutral,CT,1,True,2
1481,1,1,1,Neutral,CT,1,True,1
1545,1,1,2,Neutral,CT,0,False,1
1552,1,1,1,Neutral,CT,1,True,1
1573,1,1,1,Neutral,CT,1,True,1
1656,2,2,2,Neutral,CT,1,True,2
1687,1,1,1,Neutral,CT,1,True,1
1707,2,2,2,Neutral,CT,1,True,2
1733,1,2,2,Neutral,CT,0,False,1
1735,2,2,2,Neutral,CT,1,True,2
1755,2,2,2,Neutral,CT,1,True,2
1808,1,1,1,Neutral,CT,1,True,1
1814,2,2,2,Neutral,CT,1,True,2
1819,2,2,2,Neutral,CT,1,True,2
1822,1,1,1,Neutral,CT,1,True,1
1823,1,1,1,Neutral,CT,1,True,1
1862,1,1,1,Neutral,CT,1,True,1
2004,2,2,2,Neutral,CT,1,True,2
2039,2,2,2,Neutral,CT,1,True,2
2055,1,1,1,Neutral,CT,1,True,1
2068,2,2,2,Neutral,CT,1,True,2
2081,1,1,1,Neutral,CT,1,True,1
2155,2,2,2,Neutral,CT,1,True,2
2170,1,2,2,Neutral,CT,0,False,1
2221,2,2,2,Neutral,CT,1,True,2
2288,2,2,2,Neutral,CT,1,True,2
2375,2,2,2,Neutral,CT,1,True,2
2379,1,1,1,Neutral,CT,1,True,1
2408,2,1,2,Neutral,CT,0,False,2
2426,2,2,2,Neutral,CT,1,True,2
2584,2,2,2,Neutral,CT,1,True,2
2585,1,2,1,Neutral,CT,0,False,1
2599,2,2,2,Neutral,CT,1,True,2
2600,1,1,1,Neutral,CT,1,True,1
2732,2,2,2,Neutral,CT,1,True,2
2844,1,1,1,Neutral,CT,1,True,1
2891,2,2,2,Neutral,CT,1,True,2
2932,2,2,2,Neutral,CT,1,True,2
2983,1,1,1,Neutral,CT,1,True,1
3056,1,1,1,Neutral,CT,1,True,1
3081,2,1,2,Neutral,CT,0,False,2
3102,1,1,1,Neutral,CT,1,True,1
3191,1,1,1,Neutral,CT,1,True,1
3230,1,2,1,Neutral,CT,0,False,1
3297,1,1,1,Neutral,CT,1,True,1
3363,1,1,1,Neutral,CT,1,True,1
3367,2,2,2,Neutral,CT,1,True,2
3385,1,1,1,Neutral,CT,1,True,1
3400,1,1,1,Neutral,CT,1,True,1
3418,1,1,1,Neutral,CT,1,True,1
3429,2,2,2,Neutral,CT,1,True,2
3440,1,1,1,Neutral,CT,1,True,1
3512,1,1,1,Neutral,CT,1,True,1
3524,1,1,1,Neutral,CT,1,True,1
3567,1,1,1,Neutral,CT,1,True,1
3631,2,2,2,Neutral,CT,1,True,2
3811,2,2,2,Neutral,CT,1,True,2
3824,1,1,1,Neutral,CT,1,True,1
3839,1,2,1,Neutral,CT,0,False,1
3867,1,1,1,Neutral,CT,1,True,1
3868,1,2,1,Neutral,CT,0,False,1
3912,2,2,2,Neutral,CT,1,True,2
3929,2,2,2,Neutral,CT,1,True,2
3954,2,2,2,Neutral,CT,1,True,2
3971,2,2,2,Neutral,CT,1,True,2
3979,2,2,2,Neutral,CT,1,True,2
4011,2,2,2,Neutral,CT,1,True,2
4017,1,1,1,Neutral,CT,1,True,1
4066,2,2,2,Neutral,CT,1,True,2
4087,2,2,2,Neutral,CT,1,True,2
4153,2,2,2,Neutral,CT,1,True,2
4182,2,2,2,Neutral,CT,1,True,2
4187,1,1,1,Neutral,CT,1,True,1
4207,1,1,1,Neutral,CT,1,True,1
4211,1,1,1,Neutral,CT,1,True,1
4303,1,1,1,Neutral,CT,1,True,1
4314,1,1,1,Neutral,CT,1,True,1
4339,2,2,2,Neutral,CT,1,True,2
4348,2,2,2,Neutral,CT,1,True,2
4447,1,1,1,Neutral,CT,1,True,1
4462,1,1,1,Neutral,CT,1,True,1
4591,1,1,1,Neutral,CT,1,True,1
4624,2,2,2,Neutral,CT,1,True,2
4651,2,2,2,Neutral,CT,1,True,2
4652,1,1,1,Neutral,CT,1,True,1
4663,1,1,1,Neutral,CT,1,True,1
4706,2,2,2,Neutral,CT,1,True,2
4716,1,1,1,Neutral,CT,1,True,1
4744,2,2,2,Neutral,CT,1,True,2
4767,1,1,1,Neutral,CT,1,True,1
4795,1,1,1,Neutral,CT,1,True,1
4797,1,1,1,Neutral,CT,1,True,1
4812,2,2,2,Neutral,CT,1,True,2
4827,2,2,2,Neutral,CT,1,True,2
4829,2,2,2,Neutral,CT,1,True,2
4851,2,2,2,Neutral,CT,1,True,2
4856,2,2,2,Neutral,CT,1,True,2
4865,2,2,2,Neutral,CT,1,True,2
4871,1,1,1,Neutral,CT,1,True,1
4927,2,2,2,Neutral,CT,1,True,2
4937,1,1,1,Neutral,CT,1,True,1
5006,1,2,1,Neutral,CT,0,False,1
5009,1,1,1,Neutral,CT,1,True,1
5024,1,1,1,Neutral,CT,1,True,1
5070,1,1,1,Neutral,CT,1,True,1
5086,2,2,2,Neutral,CT,1,True,2
5105,2,2,2,Neutral,CT,1,True,2
5119,1,1,1,Neutral,CT,1,True,1
5120,2,2,2,Neutral,CT,1,True,2
5159,1,1,1,Neutral,CT,1,True,1
5406,1,1,1,Neutral,CT,1,True,1
5424,2,2,2,Neutral,CT,1,True,2
5475,1,2,1,Neutral,CT,0,False,1
5499,1,1,1,Neutral,CT,1,True,1
5570,1,1,1,Neutral,CT,1,True,1
5586,2,2,2,Neutral,CT,1,True,2
5619,2,2,2,Neutral,CT,1,True,2
5651,1,1,1,Neutral,CT,1,True,1
5741,1,1,1,Neutral,CT,1,True,1
5797,2,2,2,Neutral,CT,1,True,2
5824,2,2,2,Neutral,CT,1,True,2
5829,1,1,1,Neutral,CT,1,True,1
5834,2,2,2,Neutral,CT,1,True,2
5906,2,2,2,Neutral,CT,1,True,2
5913,2,2,1,Neutral,CT,0,False,2
5938,2,2,2,Neutral,CT,1,True,2
5957,2,2,2,Neutral,CT,1,True,2
5998,2,2,2,Neutral,CT,1,True,2
6010,2,2,2,Neutral,CT,1,True,2
6059,2,2,2,Neutral,CT,1,True,2
6111,1,1,1,Neutral,CT,1,True,1
6137,1,1,1,Neutral,CT,1,True,1
6156,1,1,1,Neutral,CT,1,True,1
6252,1,1,1,Neutral,CT,1,True,1
6253,2,2,2,Neutral,CT,1,True,2
6255,2,2,2,Neutral,CT,1,True,2
6295,1,1,1,Neutral,CT,1,True,1
6347,1,1,1,Neutral,CT,1,True,1
6374,1,1,1,Neutral,CT,1,True,1
6420,2,2,2,Neutral,CT,1,True,2
6452,1,1,1,Neutral,CT,1,True,1
6465,1,1,1,Neutral,CT,1,True,1
6484,2,2,2,Neutral,CT,1,True,2
6488,2,2,2,Neutral,CT,1,True,2
6519,2,2,2,Neutral,CT,1,True,2
6527,2,2,2,Neutral,CT,1,True,2
6595,1,1,1,Neutral,CT,1,True,1
6631,1,1,1,Neutral,CT,1,True,1
6692,2,2,2,Neutral,CT,1,True,2
6715,2,2,2,Neutral,CT,1,True,2
6728,1,1,1,Neutral,CT,1,True,1
6756,2,2,2,Neutral,CT,1,True,2
6812,1,1,1,Neutral,CT,1,True,1
6824,1,1,1,Neutral,CT,1,True,1
6826,1,1,1,Neutral,CT,1,True,1
6842,1,1,1,Neutral,CT,1,True,1
6867,1,1,1,Neutral,CT,1,True,1
6868,2,2,1,Neutral,CT,0,False,2
6899,2,2,2,Neutral,CT,1,True,2
6965,2,2,2,Neutral,CT,1,True,2
6977,2,2,2,Neutral,CT,1,True,2
6991,1,1,1,Neutral,CT,1,True,1
7001,2,2,2,Neutral,CT,1,True,2
7004,1,1,1,Neutral,CT,1,True,1
7042,1,2,1,Neutral,CT,0,False,1
7070,2,2,2,Neutral,CT,1,True,2
7096,1,1,1,Neutral,CT,1,True,1
7099,1,1,1,Neutral,CT,1,True,1
7194,2,2,2,Neutral,CT,1,True,2
7220,2,2,2,Neutral,CT,1,True,2
7235,2,2,2,Neutral,CT,1,True,2
7313,2,2,2,Neutral,CT,1,True,2
7387,1,1,1,Neutral,CT,1,True,1
7407,1,1,1,Neutral,CT,1,True,1
7430,2,2,2,Neutral,CT,1,True,2
7439,1,1,1,Neutral,CT,1,True,1
7451,2,2,2,Neutral,CT,1,True,2
7498,2,2,2,Neutral,CT,1,True,2
7550,1,1,1,Neutral,CT,1,True,1
7553,2,2,2,Neutral,CT,1,True,2
7555,1,1,1,Neutral,CT,1,True,1
7581,2,2,2,Neutral,CT,1,True,2
7599,2,2,2,Neutral,CT,1,True,2
7631,1,1,1,Neutral,CT,1,True,1
7654,1,1,1,Neutral,CT,1,True,1
7687,1,1,1,Neutral,CT,1,True,1
7723,1,1,1,Neutral,CT,1,True,1
7756,1,2,1,Neutral,CT,0,False,1
7832,2,2,2,Neutral,CT,1,True,2
7887,1,1,1,Neutral,CT,1,True,1
7894,1,1,1,Neutral,CT,1,True,1
7915,2,2,2,Neutral,CT,1,True,2
7949,1,1,1,Neutral,CT,1,True,1
7966,1,1,1,Neutral,CT,1,True,1
7972,2,2,2,Neutral,CT,1,True,2
7992,1,1,1,Neutral,CT,1,True,1
8015,2,2,2,Neutral,CT,1,True,2
8033,1,1,1,Neutral,CT,1,True,1
8139,1,1,1,Neutral,CT,1,True,1
8217,2,2,2,Neutral,CT,1,True,2
8268,1,1,1,Neutral,CT,1,True,1
8339,1,1,1,Neutral,CT,1,True,1
8366,2,2,2,Neutral,CT,1,True,2
8444,1,1,1,Neutral,CT,1,True,1
8477,1,1,1,Neutral,CT,1,True,1
8580,2,2,2,Neutral,CT,1,True,2
8614,1,1,1,Neutral,CT,1,True,1
8630,2,2,2,Neutral,CT,1,True,2
8637,2,2,2,Neutral,CT,1,True,2
8672,1,1,1,Neutral,CT,1,True,1
8800,1,2,1,Neutral,CT,0,False,1
8816,2,2,2,Neutral,CT,1,True,2
8902,2,2,2,Neutral,CT,1,True,2
8923,2,2,2,Neutral,CT,1,True,2
8948,1,1,1,Neutral,CT,1,True,1
8993,1,1,1,Neutral,CT,1,True,1
9004,1,1,1,Neutral,CT,1,True,1
9089,2,2,2,Neutral,CT,1,True,2
9102,1,1,1,Neutral,CT,1,True,1
9120,1,1,1,Neutral,CT,1,True,1
9134,2,2,2,Neutral,CT,1,True,2
9246,2,2,2,Neutral,CT,1,True,2
9268,1,1,1,Neutral,CT,1,True,1
9324,2,1,1,Neutral,CT,0,False,2
9325,1,1,1,Neutral,CT,1,True,1
9349,2,2,2,Neutral,CT,1,True,2
9357,2,2,2,Neutral,CT,1,True,2
9417,1,1,1,Neutral,CT,1,True,1
9459,1,1,1,Neutral,CT,1,True,1
9465,1,1,1,Neutral,CT,1,True,1
9469,2,2,2,Neutral,CT,1,True,2
9473,1,1,1,Neutral,CT,1,True,1
9485,1,1,1,Neutral,CT,1,True,1
9544,1,1,1,Neutral,CT,1,True,1
9595,1,1,1,Neutral,CT,1,True,1
9632,2,2,2,Neutral,CT,1,True,2
9635,2,2,2,Neutral,CT,1,True,2
9677,2,2,2,Neutral,CT,1,True,2
9715,1,1,1,Neutral,CT,1,True,1
9724,2,2,2,Neutral,CT,1,True,2
9774,2,2,2,Neutral,CT,1,True,2
9796,1,1,1,Neutral,CT,1,True,1
9892,2,2,2,Neutral,CT,1,True,2
9899,1,1,1,Neutral,CT,1,True,1
9907,2,2,2,Neutral,CT,1,True,2
9934,1,1,1,Neutral,CT,1,True,1
9955,2,1,2,Neutral,CT,0,False,2
9987,1,1,1,Neutral,CT,1,True,1
10022,1,1,1,Neutral,CT,1,True,1
10156,1,1,1,Neutral,CT,1,True,1
10163,1,1,1,Neutral,CT,1,True,1
10174,1,1,1,Neutral,CT,1,True,1
10187,1,1,1,Neutral,CT,1,True,1
10189,2,2,2,Neutral,CT,1,True,2
10210,1,1,1,Neutral,CT,1,True,1
10301,1,1,1,Neutral,CT,1,True,1
10328,1,1,1,Neutral,CT,1,True,1
10330,2,2,2,Neutral,CT,1,True,2
10361,2,1,2,Neutral,CT,0,False,2
10375,1,1,1,Neutral,CT,1,True,1
10400,2,2,1,Neutral,CT,0,False,2
10423,2,2,2,Neutral,CT,1,True,2
10434,1,1,1,Neutral,CT,1,True,1
10450,2,2,2,Neutral,CT,1,True,2
10566,2,2,2,Neutral,CT,1,True,2
10600,1,1,1,Neutral,CT,1,True,1
10610,2,2,2,Neutral,CT,1,True,2
10621,1,1,1,Neutral,CT,1,True,1
10626,2,2,2,Neutral,CT,1,True,2
10634,2,2,2,Neutral,CT,1,True,2
10713,1,1,2,Neutral,CT,0,False,1
10771,2,2,2,Neutral,CT,1,True,2
10803,2,2,2,Neutral,CT,1,True,2
10910,2,2,2,Neutral,CT,1,True,2
10954,2,2,2,Neutral,CT,1,True,2
10978,1,1,1,Neutral,CT,1,True,1
11024,1,2,1,Neutral,CT,0,False,1
11101,1,1,1,Neutral,CT,1,True,1
11102,1,1,1,Neutral,CT,1,True,1
11112,2,1,1,Neutral,CT,0,False,2
11120,2,2,2,Neutral,CT,1,True,2
11132,1,1,1,Neutral,CT,1,True,1
11189,2,2,2,Neutral,CT,1,True,2
11241,2,2,2,Neutral,CT,1,True,2
11264,1,1,1,Neutral,CT,1,True,1
11283,2,2,2,Neutral,CT,1,True,2
11511,2,2,2,Neutral,CT,1,True,2
11514,2,2,2,Neutral,CT,1,True,2
11523,2,2,2,Neutral,CT,1,True,2
11525,1,1,1,Neutral,CT,1,True,1
11553,1,1,1,Neutral,CT,1,True,1
11596,1,1,1,Neutral,CT,1,True,1
11603,2,2,2,Neutral,CT,1,True,2
11617,2,2,2,Neutral,CT,1,True,2
11630,1,1,1,Neutral,CT,1,True,1
11647,2,2,2,Neutral,CT,1,True,2
11742,2,2,2,Neutral,CT,1,True,2
11786,1,1,1,Neutral,CT,1,True,1
11850,2,2,2,Neutral,CT,1,True,2
11870,1,1,1,Neutral,CT,1,True,1
11874,1,1,1,Neutral,CT,1,True,1
11930,1,1,1,Neutral,CT,1,True,1
11935,2,2,2,Neutral,CT,1,True,2
11967,1,1,1,Neutral,CT,1,True,1
12012,2,2,2,Neutral,CT,1,True,2
12074,1,1,1,Neutral,CT,1,True,1
12143,1,1,1,Neutral,CT,1,True,1
12151,1,1,1,Neutral,CT,1,True,1
12153,1,1,1,Neutral,CT,1,True,1
12219,2,2,2,Neutral,CT,1,True,2
12271,2,2,2,Neutral,CT,1,True,2
12284,1,2,1,Neutral,CT,0,False,1
12285,1,1,1,Neutral,CT,1,True,1
12301,1,1,1,Neutral,CT,1,True,1
12305,1,2,1,Neutral,CT,0,False,1
12323,1,1,1,Neutral,CT,1,True,1
12429,2,2,2,Neutral,CT,1,True,2
12472,2,2,2,Neutral,CT,1,True,2
12486,2,2,2,Neutral,CT,1,True,2
12494,1,1,1,Neutral,CT,1,True,1
12627,1,1,1,Neutral,CT,1,True,1
12645,1,1,1,Neutral,CT,1,True,1
12732,1,1,1,Neutral,CT,1,True,1
12798,2,2,2,Neutral,CT,1,True,2
12830,2,2,2,Neutral,CT,1,True,2
12860,2,2,2,Neutral,CT,1,True,2
12896,1,1,1,Neutral,CT,1,True,1
12903,1,1,1,Neutral,CT,1,True,1
12926,2,2,2,Neutral,CT,1,True,2
12936,2,2,2,Neutral,CT,1,True,2
12948,2,2,2,Neutral,CT,1,True,2
12975,2,2,2,Neutral,CT,1,True,2
12998,2,2,2,Neutral,CT,1,True,2
13035,1,1,1,Neutral,CT,1,True,1
13050,2,2,2,Neutral,CT,1,True,2
13061,1,1,1,Neutral,CT,1,True,1
13113,2,2,2,Neutral,CT,1,True,2
13115,2,2,2,Neutral,CT,1,True,2
13137,2,2,2,Neutral,CT,1,True,2
13141,2,2,1,Neutral,CT,0,False,2
13200,1,1,1,Neutral,CT,1,True,1
13227,2,2,2,Neutral,CT,1,True,2
13300,2,2,2,Neutral,CT,1,True,2
13319,1,1,1,Neutral,CT,1,True,1
13334,1,1,1,Neutral,CT,1,True,1
13384,1,1,1,Neutral,CT,1,True,1
13400,2,2,2,Neutral,CT,1,True,2
13447,2,2,2,Neutral,CT,1,True,2
13469,2,2,2,Neutral,CT,1,True,2
13484,2,2,2,Neutral,CT,1,True,2
13518,2,2,2,Neutral,CT,1,True,2
13531,2,2,2,Neutral,CT,1,True,2
13562,2,1,1,Neutral,CT,0,False,2
13726,2,2,2,Neutral,CT,1,True,2
13785,1,1,1,Neutral,CT,1,True,1
13843,2,2,2,Neutral,CT,1,True,2
13864,2,2,2,Neutral,CT,1,True,2
13874,1,1,1,Neutral,CT,1,True,1
13920,1,1,1,Neutral,CT,1,True,1
13923,2,1,1,Neutral,CT,0,False,2
13996,2,2,1,Neutral,CT,0,False,2
14011,2,2,2,Neutral,CT,1,True,2
14047,2,2,2,Neutral,CT,1,True,2
14055,2,2,2,Neutral,CT,1,True,2
14074,2,2,2,Neutral,CT,1,True,2
14137,2,2,2,Neutral,CT,1,True,2
14139,2,2,2,Neutral,CT,1,True,2
14224,1,1,1,Neutral,CT,1,True,1
14259,1,1,1,Neutral,CT,1,True,1
14300,2,2,1,Neutral,CT,0,False,2
14325,1,1,1,Neutral,CT,1,True,1
14408,1,1,1,Neutral,CT,1,True,1
14410,1,1,1,Neutral,CT,1,True,1
14469,1,1,1,Neutral,CT,1,True,1
14488,1,1,1,Neutral,CT,1,True,1
14532,2,2,2,Neutral,CT,1,True,2
14550,2,2,2,Neutral,CT,1,True,2
14557,1,1,1,Neutral,CT,1,True,1
14581,2,2,2,Neutral,CT,1,True,2
14617,2,2,2,Neutral,CT,1,True,2
14707,2,2,2,Neutral,CT,1,True,2
14759,2,2,2,Neutral,CT,1,True,2
14793,1,1,1,Neutral,CT,1,True,1
14796,2,2,2,Neutral,CT,1,True,2
14818,1,1,1,Neutral,CT,1,True,1
14845,2,2,2,Neutral,CT,1,True,2
14858,2,2,2,Neutral,CT,1,True,2
14868,1,1,1,Neutral,CT,1,True,1
14900,1,1,1,Neutral,CT,1,True,1
14932,2,2,2,Neutral,CT,1,True,2
14970,2,2,2,Neutral,CT,1,True,2
14988,2,2,2,Neutral,CT,1,True,2
15035,1,1,1,Neutral,CT,1,True,1
15066,2,2,2,Neutral,CT,1,True,2
15131,1,1,1,Neutral,CT,1,True,1
15133,2,2,2,Neutral,CT,1,True,2
15176,2,2,2,Neutral,CT,1,True,2
15189,1,1,1,Neutral,CT,1,True,1
15254,1,1,1,Neutral,CT,1,True,1
15290,1,1,1,Neutral,CT,1,True,1
15363,2,2,2,Neutral,CT,1,True,2
15452,2,2,2,Neutral,CT,1,True,2
15473,2,2,2,Neutral,CT,1,True,2
15535,2,2,2,Neutral,CT,1,True,2
15538,1,1,1,Neutral,CT,1,True,1
15555,1,1,1,Neutral,CT,1,True,1
15585,1,1,1,Neutral,CT,1,True,1
15614,2,2,2,Neutral,CT,1,True,2
15620,2,2,2,Neutral,CT,1,True,2
15693,1,1,1,Neutral,CT,1,True,1
15721,2,2,2,Neutral,CT,1,True,2
15735,1,1,1,Neutral,CT,1,True,1
15770,1,1,1,Neutral,CT,1,True,1
15799,2,2,2,Neutral,CT,1,True,2
15810,2,2,2,Neutral,CT,1,True,2
15822,2,2,2,Neutral,CT,1,True,2
15883,1,1,1,Neutral,CT,1,True,1
15894,2,2,2,Neutral,CT,1,True,2
15938,1,1,1,Neutral,CT,1,True,1
15980,2,2,2,Neutral,CT,1,True,2
16011,2,2,2,Neutral,CT,1,True,2
16114,1,1,1,Neutral,CT,1,True,1
16120,1,1,1,Neutral,CT,1,True,1
16170,1,2,2,Neutral,CT,0,False,1
16174,1,1,1,Neutral,CT,1,True,1
16204,1,1,2,Neutral,CT,0,False,1
16212,2,2,2,Neutral,CT,1,True,2
16213,1,1,1,Neutral,CT,1,True,1
16230,1,1,1,Neutral,CT,1,True,1
16264,1,1,1,Neutral,CT,1,True,1
16339,1,1,1,Neutral,CT,1,True,1
16355,2,2,2,Neutral,CT,1,True,2
16386,1,1,1,Neutral,CT,1,True,1
16398,1,1,1,Neutral,CT,1,True,1
16457,2,2,2,Neutral,CT,1,True,2
16521,2,2,2,Neutral,CT,1,True,2
16572,1,1,1,Neutral,CT,1,True,1
16600,1,1,1,Neutral,CT,1,True,1
16614,1,1,1,Neutral,CT,1,True,1
16642,1,1,1,Neutral,CT,1,True,1
16731,1,1,1,Neutral,CT,1,True,1
16801,2,2,2,Neutral,CT,1,True,2
16845,1,1,1,Neutral,CT,1,True,1
16858,2,2,2,Neutral,CT,1,True,2
16891,1,1,1,Neutral,CT,1,True,1
16903,1,1,1,Neutral,CT,1,True,1
16977,1,1,1,Neutral,CT,1,True,1
17002,2,2,2,Neutral,CT,1,True,2
17048,1,1,1,Neutral,CT,1,True,1
17079,2,2,2,Neutral,CT,1,True,2
17082,2,2,2,Neutral,CT,1,True,2
17121,2,2,2,Neutral,CT,1,True,2
17165,2,1,1,Neutral,CT,0,False,2
17212,1,1,1,Neutral,CT,1,True,1
17227,1,1,1,Neutral,CT,1,True,1
17241,2,2,2,Neutral,CT,1,True,2
17280,2,2,2,Neutral,CT,1,True,2
17322,1,1,1,Neutral,CT,1,True,1
17355,2,2,2,Neutral,CT,1,True,2
17361,1,1,1,Neutral,CT,1,True,1
17364,2,2,2,Neutral,CT,1,True,2
17386,2,2,2,Neutral,CT,1,True,2
17423,2,2,2,Neutral,CT,1,True,2
17455,1,1,1,Neutral,CT,1,True,1
17468,1,1,1,Neutral,CT,1,True,1
17475,1,1,1,Neutral,CT,1,True,1
17553,1,1,1,Neutral,CT,1,True,1
17585,2,2,2,Neutral,CT,1,True,2
17693,1,1,1,Neutral,CT,1,True,1
17744,2,2,2,Neutral,CT,1,True,2
17746,2,2,2,Neutral,CT,1,True,2
17792,1,1,1,Neutral,CT,1,True,1
17806,2,2,2,Neutral,CT,1,True,2
17841,2,2,2,Neutral,CT,1,True,2
17877,1,1,1,Neutral,CT,1,True,1
17885,2,2,2,Neutral,CT,1,True,2
17914,2,2,2,Neutral,CT,1,True,2
17929,1,1,2,Neutral,CT,0,False,1
17963,2,2,2,Neutral,CT,1,True,2
18223,1,2,1,Neutral,CT,0,False,1
18290,1,1,1,Neutral,CT,1,True,1
18337,1,1,1,Neutral,CT,1,True,1
18550,2,2,2,Neutral,CT,1,True,2
18553,2,2,2,Neutral,CT,1,True,2
18597,2,2,2,Neutral,CT,1,True,2
18613,2,2,2,Neutral,CT,1,True,2
18630,2,2,2,Neutral,CT,1,True,2
18631,1,1,1,Neutral,CT,1,True,1
18643,1,1,1,Neutral,CT,1,True,1
18652,1,1,1,Neutral,CT,1,True,1
18656,2,2,2,Neutral,CT,1,True,2
18670,1,1,1,Neutral,CT,1,True,1
18805,2,2,2,Neutral,CT,1,True,2
18806,1,1,1,Neutral,CT,1,True,1
18820,1,1,1,Neutral,CT,1,True,1
18839,2,2,2,Neutral,CT,1,True,2
18874,1,1,1,Neutral,CT,1,True,1
18886,1,1,1,Neutral,CT,1,True,1
18935,1,1,1,Neutral,CT,1,True,1
18961,2,2,2,Neutral,CT,1,True,2
18970,1,2,1,Neutral,CT,0,False,1
18998,2,2,2,Neutral,CT,1,True,2
19036,2,2,2,Neutral,CT,1,True,2
19045,2,2,2,Neutral,CT,1,True,2
19113,2,1,2,Neutral,CT,0,False,2
19164,1,1,1,Neutral,CT,1,True,1
19267,2,2,2,Neutral,CT,1,True,2
19295,1,1,1,Neutral,CT,1,True,1
19331,2,2,2,Neutral,CT,1,True,2
19341,1,1,1,Neutral,CT,1,True,1
19363,1,1,1,Neutral,CT,1,True,1
19383,1,1,1,Neutral,CT,1,True,1
19385,2,2,2,Neutral,CT,1,True,2
19395,2,2,2,Neutral,CT,1,True,2
19486,2,2,2,Neutral,CT,1,True,2
19496,2,2,2,Neutral,CT,1,True,2
19519,2,2,2,Neutral,CT,1,True,2
19532,1,1,1,Neutral,CT,1,True,1
19538,1,1,1,Neutral,CT,1,True,1
19593,2,1,2,Neutral,CT,0,False,2
19599,1,1,1,Neutral,CT,1,True,1
19643,1,1,1,Neutral,CT,1,True,1
19686,1,1,1,Neutral,CT,1,True,1
19738,1,1,1,Neutral,CT,1,True,1
19794,1,1,1,Neutral,CT,1,True,1
19811,1,2,1,Neutral,CT,0,False,1
19826,2,2,2,Neutral,CT,1,True,2
19830,2,2,2,Neutral,CT,1,True,2
19839,2,2,2,Neutral,CT,1,True,2
19854,2,2,2,Neutral,CT,1,True,2
19900,2,2,2,Neutral,CT,1,True,2
19915,1,1,1,Neutral,CT,1,True,1
19967,1,1,1,Neutral,CT,1,True,1
19968,2,2,2,Neutral,CT,1,True,2
20031,1,1,1,Neutral,CT,1,True,1
20132,2,2,2,Neutral,CT,1,True,2
20184,1,1,1,Neutral,CT,1,True,1
20195,1,1,1,Neutral,CT,1,True,1
20270,2,2,2,Neutral,CT,1,True,2
20283,2,2,2,Neutral,CT,1,True,2
20299,2,2,2,Neutral,CT,1,True,2
20338,2,2,2,Neutral,CT,1,True,2
20351,1,1,1,Neutral,CT,1,True,1
20380,2,2,2,Neutral,CT,1,True,2
20407,2,2,2,Neutral,CT,1,True,2
20420,1,1,1,Neutral,CT,1,True,1
20422,1,1,1,Neutral,CT,1,True,1
20431,1,1,1,Neutral,CT,1,True,1
20443,1,1,1,Neutral,CT,1,True,1
20446,2,2,2,Neutral,CT,1,True,2
20465,1,1,1,Neutral,CT,1,True,1
20467,1,1,1,Neutral,CT,1,True,1
20504,2,2,2,Neutral,CT,1,True,2
20528,1,1,1,Neutral,CT,1,True,1
20542,1,1,1,Neutral,CT,1,True,1
20549,1,1,1,Neutral,CT,1,True,1
20609,1,1,1,Neutral,CT,1,True,1
20666,1,1,1,Neutral,CT,1,True,1
20677,1,1,1,Neutral,CT,1,True,1
20685,2,2,2,Neutral,CT,1,True,2
20716,2,2,2,Neutral,CT,1,True,2
20717,2,2,2,Neutral,CT,1,True,2
20839,2,2,2,Neutral,CT,1,True,2
20853,1,1,1,Neutral,CT,1,True,1
20869,2,2,2,Neutral,CT,1,True,2
20890,2,2,2,Neutral,CT,1,True,2
20895,2,2,2,Neutral,CT,1,True,2
20964,1,1,1,Neutral,CT,1,True,1
20971,2,2,2,Neutral,CT,1,True,2
21016,2,1,1,Neutral,CT,0,False,2
21051,2,2,2,Neutral,CT,1,True,2
21067,2,2,2,Neutral,CT,1,True,2
21074,1,1,1,Neutral,CT,1,True,1
21098,2,2,2,Neutral,CT,1,True,2
21130,2,2,2,Neutral,CT,1,True,2
21158,1,1,1,Neutral,CT,1,True,1
21165,1,1,1,Neutral,CT,1,True,1
21167,1,1,1,Neutral,CT,1,True,1
21173,1,1,1,Neutral,CT,1,True,1
21180,2,2,2,Neutral,CT,1,True,2
21203,2,2,2,Neutral,CT,1,True,2
21210,1,1,1,Neutral,CT,1,True,1
21328,1,1,1,Neutral,CT,1,True,1
21399,1,1,1,Neutral,CT,1,True,1
21509,2,2,2,Neutral,CT,1,True,2
21544,2,2,2,Neutral,CT,1,True,2
21598,2,2,2,Neutral,CT,1,True,2
21599,1,2,1,Neutral,CT,0,False,1
21606,2,2,2,Neutral,CT,1,True,2
21608,2,1,2,Neutral,CT,0,False,2
21629,1,1,1,Neutral,CT,1,True,1
21630,2,2,2,Neutral,CT,1,True,2
21666,2,2,2,Neutral,CT,1,True,2
21691,1,1,1,Neutral,CT,1,True,1
21847,2,2,2,Neutral,CT,1,True,2
21910,1,1,1,Neutral,CT,1,True,1
21935,1,2,2,Neutral,CT,0,False,1
21961,1,1,1,Neutral,CT,1,True,1
21976,1,1,1,Neutral,CT,1,True,1
21987,2,2,2,Neutral,CT,1,True,2
22043,2,2,2,Neutral,CT,1,True,2
22052,1,1,1,Neutral,CT,1,True,1
22065,1,1,1,Neutral,CT,1,True,1
22066,2,2,2,Neutral,CT,1,True,2
22090,1,2,1,Neutral,CT,0,False,1
22126,2,2,2,Neutral,CT,1,True,2
22166,2,2,2,Neutral,CT,1,True,2
22184,2,2,2,Neutral,CT,1,True,2
22189,2,2,2,Neutral,CT,1,True,2
22194,2,2,2,Neutral,CT,1,True,2
22266,1,1,1,Neutral,CT,1,True,1
22314,2,2,2,Neutral,CT,1,True,2
22356,2,2,2,Neutral,CT,1,True,2
22467,2,2,2,Neutral,CT,1,True,2
22679,1,1,1,Neutral,CT,1,True,1
22707,2,2,2,Neutral,CT,1,True,2
22767,2,2,2,Neutral,CT,1,True,2
22770,1,1,1,Neutral,CT,1,True,1
22814,1,1,1,Neutral,CT,1,True,1
22819,2,2,2,Neutral,CT,1,True,2
22833,1,1,1,Neutral,CT,1,True,1
22849,2,2,2,Neutral,CT,1,True,2
22966,2,2,2,Neutral,CT,1,True,2
23023,1,1,1,Neutral,CT,1,True,1
23052,1,1,1,Neutral,CT,1,True,1
23089,1,1,1,Neutral,CT,1,True,1
23103,1,1,2,Neutral,CT,0,False,1
23104,2,2,2,Neutral,CT,1,True,2
23128,1,1,1,Neutral,CT,1,True,1
23200,1,1,1,Neutral,CT,1,True,1
23313,2,2,2,Neutral,CT,1,True,2
23322,1,1,1,Neutral,CT,1,True,1
23323,1,1,1,Neutral,CT,1,True,1
23404,2,2,2,Neutral,CT,1,True,2
23415,2,2,2,Neutral,CT,1,True,2
23440,2,2,2,Neutral,CT,1,True,2
23453,2,2,2,Neutral,CT,1,True,2
23505,1,1,1,Neutral,CT,1,True,1
23514,2,2,2,Neutral,CT,1,True,2
23524,1,1,1,Neutral,CT,1,True,1
23530,2,2,2,Neutral,CT,1,True,2
23534,2,1,2,Neutral,CT,0,False,2
23574,1,1,1,Neutral,CT,1,True,1
23584,1,1,1,Neutral,CT,1,True,1
23605,1,1,1,Neutral,CT,1,True,1
23620,2,2,2,Neutral,CT,1,True,2
23648,2,2,2,Neutral,CT,1,True,2
23699,2,2,2,Neutral,CT,1,True,2
23713,2,2,2,Neutral,CT,1,True,2
23779,1,1,1,Neutral,CT,1,True,1
23871,1,1,1,Neutral,CT,1,True,1
23873,1,1,1,Neutral,CT,1,True,1
23901,1,1,2,Neutral,CT,0,False,1
24026,1,1,1,Neutral,CT,1,True,1
24163,1,1,1,Neutral,CT,1,True,1
24174,2,2,2,Neutral,CT,1,True,2
24223,1,1,1,Neutral,CT,1,True,1
24260,1,1,1,Neutral,CT,1,True,1
24291,2,2,2,Neutral,CT,1,True,2
24304,1,1,1,Neutral,CT,1,True,1
24334,2,2,2,Neutral,CT,1,True,2
24405,2,2,2,Neutral,CT,1,True,2
24408,1,1,1,Neutral,CT,1,True,1
24500,2,2,2,Neutral,CT,1,True,2
24502,2,2,2,Neutral,CT,1,True,2
24541,2,2,2,Neutral,CT,1,True,2
24573,1,1,1,Neutral,CT,1,True,1
24577,1,1,1,Neutral,CT,1,True,1
24637,2,2,2,Neutral,CT,1,True,2
24673,2,2,2,Neutral,CT,1,True,2
24706,1,1,1,Neutral,CT,1,True,1
24740,2,2,2,Neutral,CT,1,True,2
24774,2,2,2,Neutral,CT,1,True,2
24836,1,1,1,Neutral,CT,1,True,1
24871,1,1,1,Neutral,CT,1,True,1
24902,2,2,2,Neutral,CT,1,True,2
24959,2,2,2,Neutral,CT,1,True,2
24975,1,1,1,Neutral,CT,1,True,1
24995,1,1,1,Neutral,CT,1,True,1
25015,1,1,1,Neutral,CT,1,True,1
25038,1,1,1,Neutral,CT,1,True,1
25109,2,2,2,Neutral,CT,1,True,2
25137,1,1,1,Neutral,CT,1,True,1
25155,1,1,1,Neutral,CT,1,True,1
25239,2,2,2,Neutral,CT,1,True,2
25270,1,1,1,Neutral,CT,1,True,1
25302,2,2,2,Neutral,CT,1,True,2
25337,1,1,1,Neutral,CT,1,True,1
25348,1,1,1,Neutral,CT,1,True,1
25369,2,2,2,Neutral,CT,1,True,2
25380,2,2,2,Neutral,CT,1,True,2
25416,1,1,1,Neutral,CT,1,True,1
25435,1,1,1,Neutral,CT,1,True,1
25447,1,1,1,Neutral,CT,1,True,1
25448,2,2,2,Neutral,CT,1,True,2
25471,2,2,2,Neutral,CT,1,True,2
25523,2,2,2,Neutral,CT,1,True,2
25591,1,1,1,Neutral,CT,1,True,1
25650,1,1,1,Neutral,CT,1,True,1
25690,1,1,1,Neutral,CT,1,True,1
25698,2,2,1,Neutral,CT,0,False,2
25856,1,1,1,Neutral,CT,1,True,1
25868,1,1,1,Neutral,CT,1,True,1
25990,2,2,2,Neutral,CT,1,True,2
26032,1,1,1,Neutral,CT,1,True,1
26129,2,2,2,Neutral,CT,1,True,2
26161,1,1,1,Neutral,CT,1,True,1
26178,2,2,2,Neutral,CT,1,True,2
26211,2,2,2,Neutral,CT,1,True,2
26281,2,2,2,Neutral,CT,1,True,2
26287,2,2,2,Neutral,CT,1,True,2
26292,1,1,1,Neutral,CT,1,True,1
26302,2,1,1,Neutral,CT,0,False,2
26321,2,2,2,Neutral,CT,1,True,2
26337,1,1,1,Neutral,CT,1,True,1
26345,1,1,1,Neutral,CT,1,True,1
26480,2,2,2,Neutral,CT,1,True,2
26492,2,2,2,Neutral,CT,1,True,2
26528,1,1,1,Neutral,CT,1,True,1
26546,1,1,1,Neutral,CT,1,True,1
26556,1,1,1,Neutral,CT,1,True,1
26575,2,2,2,Neutral,CT,1,True,2
26678,2,2,2,Neutral,CT,1,True,2
26714,2,2,2,Neutral,CT,1,True,2
26831,1,1,1,Neutral,CT,1,True,1
26865,2,2,2,Neutral,CT,1,True,2
26878,2,2,2,Neutral,CT,1,True,2
26995,1,1,1,Neutral,CT,1,True,1
27029,1,1,1,Neutral,CT,1,True,1
27088,1,1,1,Neutral,CT,1,True,1
27101,1,1,1,Neutral,CT,1,True,1
27117,2,2,2,Neutral,CT,1,True,2
27271,1,2,1,Neutral,CT,0,False,1
27395,2,2,2,Neutral,CT,1,True,2
27431,2,2,2,Neutral,CT,1,True,2
27497,1,1,1,Neutral,CT,1,True,1
27524,2,2,2,Neutral,CT,1,True,2
27558,2,2,2,Neutral,CT,1,True,2
27610,1,1,2,Neutral,CT,0,False,1
27668,2,2,2,Neutral,CT,1,True,2
27688,2,2,2,Neutral,CT,1,True,2
27740,2,2,2,Neutral,CT,1,True,2
27786,2,2,2,Neutral,CT,1,True,2
27828,2,2,2,Neutral,CT,1,True,2
27904,2,2,2,Neutral,CT,1,True,2
27910,2,2,2,Neutral,CT,1,True,2
27911,2,2,2,Neutral,CT,1,True,2
28011,2,2,2,Neutral,CT,1,True,2
28019,1,1,1,Neutral,CT,1,True,1
28051,2,2,2,Neutral,CT,1,True,2
28057,1,1,1,Neutral,CT,1,True,1
28067,2,2,2,Neutral,CT,1,True,2
28114,2,2,2,Neutral,CT,1,True,2
28222,2,2,2,Neutral,CT,1,True,2
28262,2,2,2,Neutral,CT,1,True,2
28271,1,1,1,Neutral,CT,1,True,1
28339,1,2,1,Neutral,CT,0,False,1
28341,1,1,1,Neutral,CT,1,True,1
28365,2,2,2,Neutral,CT,1,True,2
28463,2,2,2,Neutral,CT,1,True,2
28490,1,1,1,Neutral,CT,1,True,1
28550,2,2,2,Neutral,CT,1,True,2
28574,2,2,2,Neutral,CT,1,True,2
28656,2,2,2,Neutral,CT,1,True,2
28674,2,2,2,Neutral,CT,1,True,2
28728,1,1,1,Neutral,CT,1,True,1
28789,2,2,2,Neutral,CT,1,True,2
28790,2,2,2,Neutral,CT,1,True,2
28814,2,2,2,Neutral,CT,1,True,2
28822,2,2,2,Neutral,CT,1,True,2
28963,1,1,1,Neutral,CT,1,True,1
29070,2,2,2,Neutral,CT,1,True,2
29105,2,2,2,Neutral,CT,1,True,2
29132,1,1,1,Neutral,CT,1,True,1
29144,1,1,1,Neutral,CT,1,True,1
29184,1,1,1,Neutral,CT,1,True,1
29243,2,2,2,Neutral,CT,1,True,2
29385,1,1,1,Neutral,CT,1,True,1
29411,1,2,2,Neutral,CT,0,False,1
29417,2,2,2,Neutral,CT,1,True,2
29454,2,2,2,Neutral,CT,1,True,2
29465,1,2,1,Neutral,CT,0,False,1
29484,2,2,2,Neutral,CT,1,True,2
29582,1,2,1,Neutral,CT,0,False,1
29629,1,1,1,Neutral,CT,1,True,1
29644,1,1,1,Neutral,CT,1,True,1
29679,1,1,1,Neutral,CT,1,True,1
29768,1,1,1,Neutral,CT,1,True,1
29880,1,1,1,Neutral,CT,1,True,1
29903,1,1,1,Neutral,CT,1,True,1
29912,1,1,1,Neutral,CT,1,True,1
29978,1,1,1,Neutral,CT,1,True,1
30052,1,1,1,Neutral,CT,1,True,1
30118,1,1,1,Neutral,CT,1,True,1
30131,1,2,2,Neutral,CT,0,False,1
30137,2,2,2,Neutral,CT,1,True,2
30143,1,1,1,Neutral,CT,1,True,1
30180,1,1,1,Neutral,CT,1,True,1
30259,1,1,1,Neutral,CT,1,True,1
30273,2,2,2,Neutral,CT,1,True,2
30285,2,2,2,Neutral,CT,1,True,2
30328,1,1,1,Neutral,CT,1,True,1
30329,1,1,1,Neutral,CT,1,True,1
30336,2,2,2,Neutral,CT,1,True,2
30340,1,1,1,Neutral,CT,1,True,1
30352,1,2,2,Neutral,CT,0,False,1
30367,2,2,2,Neutral,CT,1,True,2
30457,2,2,2,Neutral,CT,1,True,2
30498,1,2,1,Neutral,CT,0,False,1
30514,1,1,1,Neutral,CT,1,True,1
30544,1,1,1,Neutral,CT,1,True,1
30637,1,1,1,Neutral,CT,1,True,1
30694,2,2,2,Neutral,CT,1,True,2
30701,2,2,2,Neutral,CT,1,True,2
30710,2,2,2,Neutral,CT,1,True,2
30794,2,2,2,Neutral,CT,1,True,2
30807,2,2,2,Neutral,CT,1,True,2
30825,2,2,2,Neutral,CT,1,True,2
30846,1,1,1,Neutral,CT,1,True,1
30856,2,2,2,Neutral,CT,1,True,2
30872,2,2,2,Neutral,CT,1,True,2
30880,1,1,1,Neutral,CT,1,True,1
30899,1,1,1,Neutral,CT,1,True,1
30922,2,2,2,Neutral,CT,1,True,2
30936,2,2,2,Neutral,CT,1,True,2
31029,1,1,1,Neutral,CT,1,True,1
31060,1,1,1,Neutral,CT,1,True,1
31081,2,2,2,Neutral,CT,1,True,2
31089,1,1,1,Neutral,CT,1,True,1
31128,2,2,2,Neutral,CT,1,True,2
31129,2,2,2,Neutral,CT,1,True,2
31138,1,1,1,Neutral,CT,1,True,1
31148,1,1,1,Neutral,CT,1,True,1
31247,1,1,1,Neutral,CT,1,True,1
31266,2,2,2,Neutral,CT,1,True,2
31350,2,2,2,Neutral,CT,1,True,2
31386,2,2,2,Neutral,CT,1,True,2
31470,2,2,2,Neutral,CT,1,True,2
31483,2,2,2,Neutral,CT,1,True,2
31568,2,2,2,Neutral,CT,1,True,2
31597,1,1,1,Neutral,CT,1,True,1
31622,1,1,1,Neutral,CT,1,True,1
31628,1,1,1,Neutral,CT,1,True,1
31634,2,2,2,Neutral,CT,1,True,2
31665,1,1,1,Neutral,CT,1,True,1
31720,1,1,1,Neutral,CT,1,True,1
31728,1,1,1,Neutral,CT,1,True,1
31754,2,2,2,Neutral,CT,1,True,2
31808,2,1,2,Neutral,CT,0,False,2
31883,2,2,2,Neutral,CT,1,True,2
31907,2,2,2,Neutral,CT,1,True,2
32003,2,2,2,Neutral,CT,1,True,2
32090,1,1,1,Neutral,CT,1,True,1
32112,2,2,2,Neutral,CT,1,True,2
32116,2,2,2,Neutral,CT,1,True,2
32131,2,2,2,Neutral,CT,1,True,2
32167,2,2,2,Neutral,CT,1,True,2
32177,2,2,2,Neutral,CT,1,True,2
32263,2,2,2,Neutral,CT,1,True,2
32265,1,1,1,Neutral,CT,1,True,1
32323,2,2,2,Neutral,CT,1,True,2
32372,1,1,1,Neutral,CT,1,True,1
32463,2,2,2,Neutral,CT,1,True,2
32489,1,1,1,Neutral,CT,1,True,1
32518,1,1,1,Neutral,CT,1,True,1
32558,1,2,2,Neutral,CT,0,False,1
32572,2,2,2,Neutral,CT,1,True,2
32638,1,1,1,Neutral,CT,1,True,1
32679,1,1,1,Neutral,CT,1,True,1
32722,2,2,2,Neutral,CT,1,True,2
32747,1,1,1,Neutral,CT,1,True,1
32753,2,2,2,Neutral,CT,1,True,2
32785,1,1,1,Neutral,CT,1,True,1
32872,2,2,2,Neutral,CT,1,True,2
32894,1,1,1,Neutral,CT,1,True,1
32913,2,2,2,Neutral,CT,1,True,2
32917,2,2,2,Neutral,CT,1,True,2
32963,2,2,2,Neutral,CT,1,True,2
32972,2,2,2,Neutral,CT,1,True,2
33026,1,1,1,Neutral,CT,1,True,1
33067,2,2,2,Neutral,CT,1,True,2
33126,2,2,2,Neutral,CT,1,True,2
33141,2,2,2,Neutral,CT,1,True,2
33154,1,1,1,Neutral,CT,1,True,1
33212,1,1,1,Neutral,CT,1,True,1
33262,2,2,2,Neutral,CT,1,True,2
33291,2,2,2,Neutral,CT,1,True,2
33322,2,2,2,Neutral,CT,1,True,2
33345,1,1,1,Neutral,CT,1,True,1
33390,1,1,1,Neutral,CT,1,True,1
33409,2,2,2,Neutral,CT,1,True,2
33433,1,1,1,Neutral,CT,1,True,1
33470,1,1,1,Neutral,CT,1,True,1
33504,1,1,1,Neutral,CT,1,True,1
33509,2,2,2,Neutral,CT,1,True,2
33532,2,2,1,Neutral,CT,0,False,2
33618,2,2,2,Neutral,CT,1,True,2
33649,1,1,1,Neutral,CT,1,True,1
33741,2,2,2,Neutral,CT,1,True,2
33743,2,2,2,Neutral,CT,1,True,2
33765,2,2,2,Neutral,CT,1,True,2
33780,1,2,1,Neutral,CT,0,False,1
33806,2,2,2,Neutral,CT,1,True,2
33808,2,2,2,Neutral,CT,1,True,2
33856,1,1,1,Neutral,CT,1,True,1
33859,2,2,2,Neutral,CT,1,True,2
33890,2,2,2,Neutral,CT,1,True,2
33936,1,1,1,Neutral,CT,1,True,1
33940,1,1,1,Neutral,CT,1,True,1
33961,1,1,1,Neutral,CT,1,True,1
33962,2,2,2,Neutral,CT,1,True,2
33986,1,1,1,Neutral,CT,1,True,1
34029,2,2,2,Neutral,CT,1,True,2
34084,1,1,1,Neutral,CT,1,True,1
34125,2,2,2,Neutral,CT,1,True,2
34143,2,2,2,Neutral,CT,1,True,2
34148,2,2,1,Neutral,CT,0,False,2
34171,1,1,1,Neutral,CT,1,True,1
34215,2,2,2,Neutral,CT,1,True,2
34276,1,1,1,Neutral,CT,1,True,1
34332,2,2,2,Neutral,CT,1,True,2
34354,1,1,1,Neutral,CT,1,True,1
34404,2,2,2,Neutral,CT,1,True,2
34414,2,2,1,Neutral,CT,0,False,2
34456,1,1,1,Neutral,CT,1,True,1
34460,2,2,2,Neutral,CT,1,True,2
34500,1,1,1,Neutral,CT,1,True,1
34573,1,1,1,Neutral,CT,1,True,1
34667,2,2,2,Neutral,CT,1,True,2
34714,2,2,2,Neutral,CT,1,True,2
34754,2,2,2,Neutral,CT,1,True,2
34812,2,2,2,Neutral,CT,1,True,2
34915,1,2,1,Neutral,CT,0,False,1
34918,2,2,2,Neutral,CT,1,True,2
34930,2,2,2,Neutral,CT,1,True,2
34944,2,2,2,Neutral,CT,1,True,2
34983,2,2,2,Neutral,CT,1,True,2
35058,2,2,2,Neutral,CT,1,True,2
35064,1,1,1,Neutral,CT,1,True,1
35127,2,2,2,Neutral,CT,1,True,2
35156,2,2,2,Neutral,CT,1,True,2
35174,1,1,1,Neutral,CT,1,True,1
35191,2,2,2,Neutral,CT,1,True,2
35201,2,2,2,Neutral,CT,1,True,2
35204,2,2,2,Neutral,CT,1,True,2
35282,2,2,2,Neutral,CT,1,True,2
35287,1,1,1,Neutral,CT,1,True,1
35397,1,2,2,Neutral,CT,0,False,1
35429,2,2,2,Neutral,CT,1,True,2
35467,1,1,1,Neutral,CT,1,True,1
35542,1,2,1,Neutral,CT,0,False,1
35564,2,2,2,Neutral,CT,1,True,2
35592,1,1,1,Neutral,CT,1,True,1
35643,2,2,2,Neutral,CT,1,True,2
35653,1,1,1,Neutral,CT,1,True,1
35715,2,2,2,Neutral,CT,1,True,2
35732,2,2,2,Neutral,CT,1,True,2
35738,2,2,2,Neutral,CT,1,True,2
35743,2,2,2,Neutral,CT,1,True,2
35871,2,2,2,Neutral,CT,1,True,2
35880,2,2,2,Neutral,CT,1,True,2
35907,2,2,2,Neutral,CT,1,True,2
35912,1,1,2,Neutral,CT,0,False,1
35918,2,2,2,Neutral,CT,1,True,2
35939,2,2,2,Neutral,CT,1,True,2
35991,2,2,2,Neutral,CT,1,True,2
36100,2,2,2,Neutral,CT,1,True,2
36117,1,1,1,Neutral,CT,1,True,1
36126,2,2,2,Neutral,CT,1,True,2
36186,2,2,2,Neutral,CT,1,True,2
36190,1,1,1,Neutral,CT,1,True,1
36199,2,2,2,Neutral,CT,1,True,2
36209,1,1,1,Neutral,CT,1,True,1
36223,2,1,2,Neutral,CT,0,False,2
36247,1,1,1,Neutral,CT,1,True,1
36341,2,2,2,Neutral,CT,1,True,2
36403,2,2,1,Neutral,CT,0,False,2
36419,2,2,2,Neutral,CT,1,True,2
36434,2,2,2,Neutral,CT,1,True,2
36449,1,1,1,Neutral,CT,1,True,1
36482,2,2,2,Neutral,CT,1,True,2
36557,2,2,2,Neutral,CT,1,True,2
36686,2,2,2,Neutral,CT,1,True,2
36689,2,2,2,Neutral,CT,1,True,2
36734,1,1,1,Neutral,CT,1,True,1
36743,1,1,1,Neutral,CT,1,True,1
36767,2,2,2,Neutral,CT,1,True,2
36785,2,2,2,Neutral,CT,1,True,2
36812,2,2,2,Neutral,CT,1,True,2
36819,2,2,2,Neutral,CT,1,True,2
36849,2,2,2,Neutral,CT,1,True,2
36960,2,2,2,Neutral,CT,1,True,2
36974,2,2,2,Neutral,CT,1,True,2
37006,2,2,2,Neutral,CT,1,True,2
37016,2,2,2,Neutral,CT,1,True,2
37020,1,1,1,Neutral,CT,1,True,1
37082,2,2,2,Neutral,CT,1,True,2
37102,2,2,2,Neutral,CT,1,True,2
37114,1,1,1,Neutral,CT,1,True,1
37124,2,2,2,Neutral,CT,1,True,2
37184,1,1,1,Neutral,CT,1,True,1
37234,1,1,1,Neutral,CT,1,True,1
37245,2,1,1,Neutral,CT,0,False,2
37249,1,1,1,Neutral,CT,1,True,1
37258,2,2,2,Neutral,CT,1,True,2
37327,1,1,1,Neutral,CT,1,True,1
37367,2,2,2,Neutral,CT,1,True,2
37404,2,2,2,Neutral,CT,1,True,2
37422,1,1,1,Neutral,CT,1,True,1
37432,2,2,2,Neutral,CT,1,True,2
37435,1,1,1,Neutral,CT,1,True,1
37490,1,1,1,Neutral,CT,1,True,1
37537,2,2,2,Neutral,CT,1,True,2
37542,1,1,1,Neutral,CT,1,True,1
37569,2,2,2,Neutral,CT,1,True,2
37608,1,1,1,Neutral,CT,1,True,1
37614,2,2,2,Neutral,CT,1,True,2
37617,2,2,2,Neutral,CT,1,True,2
37679,1,1,1,Neutral,CT,1,True,1
37723,2,2,2,Neutral,CT,1,True,2
37725,2,2,1,Neutral,CT,0,False,2
37741,2,2,2,Neutral,CT,1,True,2
37743,2,2,2,Neutral,CT,1,True,2
37842,1,1,1,Neutral,CT,1,True,1
37843,1,2,1,Neutral,CT,0,False,1
37909,1,1,1,Neutral,CT,1,True,1
37955,1,1,1,Neutral,CT,1,True,1
38026,2,2,2,Neutral,CT,1,True,2
38068,2,2,2,Neutral,CT,1,True,2
38078,2,2,2,Neutral,CT,1,True,2
38093,2,2,2,Neutral,CT,1,True,2
38130,1,1,1,Neutral,CT,1,True,1
38144,1,1,1,Neutral,CT,1,True,1
38146,1,1,1,Neutral,CT,1,True,1
38166,1,1,1,Neutral,CT,1,True,1
38168,1,1,1,Neutral,CT,1,True,1
38191,2,2,2,Neutral,CT,1,True,2
38245,1,1,1,Neutral,CT,1,True,1
38267,2,2,2,Neutral,CT,1,True,2
38352,1,1,1,Neutral,CT,1,True,1
38363,2,2,2,Neutral,CT,1,True,2
38390,2,1,1,Neutral,CT,0,False,2
38395,1,1,1,Neutral,CT,1,True,1
38425,2,2,2,Neutral,CT,1,True,2
38485,1,1,1,Neutral,CT,1,True,1
38518,1,1,1,Neutral,CT,1,True,1
38530,1,1,1,Neutral,CT,1,True,1
38533,2,2,2,Neutral,CT,1,True,2
38554,1,2,1,Neutral,CT,0,False,1
38562,2,2,2,Neutral,CT,1,True,2
38593,2,2,2,Neutral,CT,1,True,2
38627,2,2,2,Neutral,CT,1,True,2
38630,1,1,1,Neutral,CT,1,True,1
38721,1,1,1,Neutral,CT,1,True,1
38773,2,2,2,Neutral,CT,1,True,2
38802,1,1,1,Neutral,CT,1,True,1
38809,1,1,1,Neutral,CT,1,True,1
38811,1,1,1,Neutral,CT,1,True,1
38829,1,1,1,Neutral,CT,1,True,1
38858,1,1,1,Neutral,CT,1,True,1
38920,1,2,2,Neutral,CT,0,False,1
38928,2,2,2,Neutral,CT,1,True,2
38947,1,1,1,Neutral,CT,1,True,1
39000,1,1,1,Neutral,CT,1,True,1
39152,1,1,1,Neutral,CT,1,True,1
39199,1,1,1,Neutral,CT,1,True,1
39321,1,1,1,Neutral,CT,1,True,1
39356,2,2,2,Neutral,CT,1,True,2
39388,2,2,2,Neutral,CT,1,True,2
39457,1,1,1,Neutral,CT,1,True,1
39466,1,1,1,Neutral,CT,1,True,1
39532,2,2,2,Neutral,CT,1,True,2
39553,2,2,2,Neutral,CT,1,True,2
39557,1,1,1,Neutral,CT,1,True,1
39630,1,1,1,Neutral,CT,1,True,1
39715,1,1,1,Neutral,CT,1,True,1
39795,2,2,2,Neutral,CT,1,True,2
39804,1,1,1,Neutral,CT,1,True,1
39833,2,2,2,Neutral,CT,1,True,2
39842,1,1,1,Neutral,CT,1,True,1
39855,1,1,1,Neutral,CT,1,True,1
39864,2,2,2,Neutral,CT,1,True,2
39884,2,2,2,Neutral,CT,1,True,2
39918,1,1,1,Neutral,CT,1,True,1
40029,1,1,2,Neutral,CT,0,False,1
40068,1,1,1,Neutral,CT,1,True,1
40135,1,1,1,Neutral,CT,1,True,1
40145,2,2,2,Neutral,CT,1,True,2
40164,1,1,1,Neutral,CT,1,True,1
40169,1,1,1,Neutral,CT,1,True,1
40296,2,2,2,Neutral,CT,1,True,2
40352,2,2,2,Neutral,CT,1,True,2
40376,1,1,1,Neutral,CT,1,True,1
40497,2,2,2,Neutral,CT,1,True,2
40535,1,1,1,Neutral,CT,1,True,1
40542,2,2,2,Neutral,CT,1,True,2
40622,2,2,2,Neutral,CT,1,True,2
40625,2,2,2,Neutral,CT,1,True,2
40653,2,2,2,Neutral,CT,1,True,2
40762,2,1,1,Neutral,CT,0,False,2
40853,1,1,1,Neutral,CT,1,True,1
40855,2,2,2,Neutral,CT,1,True,2
40857,1,1,2,Neutral,CT,0,False,1
40920,1,1,1,Neutral,CT,1,True,1
40923,2,2,2,Neutral,CT,1,True,2
40969,1,1,1,Neutral,CT,1,True,1
40991,1,1,1,Neutral,CT,1,True,1
41001,2,2,2,Neutral,CT,1,True,2
41077,1,1,1,Neutral,CT,1,True,1
41103,2,2,2,Neutral,CT,1,True,2
41150,1,1,1,Neutral,CT,1,True,1
41152,2,2,2,Neutral,CT,1,True,2
41237,1,1,1,Neutral,CT,1,True,1
41239,1,1,1,Neutral,CT,1,True,1
41273,1,1,1,Neutral,CT,1,True,1
41360,2,2,2,Neutral,CT,1,True,2
41368,1,1,1,Neutral,CT,1,True,1
41416,1,1,1,Neutral,CT,1,True,1
41457,2,2,2,Neutral,CT,1,True,2
41472,1,1,1,Neutral,CT,1,True,1
41514,1,2,1,Neutral,CT,0,False,1
41581,2,2,2,Neutral,CT,1,True,2
41590,1,1,1,Neutral,CT,1,True,1
41607,1,1,1,Neutral,CT,1,True,1
41636,1,1,1,Neutral,CT,1,True,1
41704,1,1,1,Neutral,CT,1,True,1
41829,1,1,1,Neutral,CT,1,True,1
41836,1,1,1,Neutral,CT,1,True,1
41906,2,2,2,Neutral,CT,1,True,2
41973,2,2,2,Neutral,CT,1,True,2
42006,2,2,2,Neutral,CT,1,True,2
42040,1,1,1,Neutral,CT,1,True,1
42067,1,1,1,Neutral,CT,1,True,1
42086,2,2,2,Neutral,CT,1,True,2
42112,2,2,2,Neutral,CT,1,True,2
42166,2,2,2,Neutral,CT,1,True,2
42174,1,1,2,Neutral,CT,0,False,1
42185,2,2,2,Neutral,CT,1,True,2
42228,2,2,2,Neutral,CT,1,True,2
42330,1,1,1,Neutral,CT,1,True,1
42335,1,2,1,Neutral,CT,0,False,1
42344,2,2,2,Neutral,CT,1,True,2
42391,2,2,2,Neutral,CT,1,True,2
42428,1,1,1,Neutral,CT,1,True,1
42468,2,2,2,Neutral,CT,1,True,2
42520,2,2,2,Neutral,CT,1,True,2
42521,1,1,1,Neutral,CT,1,True,1
42568,1,1,1,Neutral,CT,1,True,1
42572,2,2,2,Neutral,CT,1,True,2
42585,1,1,1,Neutral,CT,1,True,1
42609,2,2,2,Neutral,CT,1,True,2
42690,1,1,1,Neutral,CT,1,True,1
42714,2,2,2,Neutral,CT,1,True,2
42742,1,1,2,Neutral,CT,0,False,1
42860,2,2,2,Neutral,CT,1,True,2
42886,2,2,2,Neutral,CT,1,True,2
42922,2,2,2,Neutral,CT,1,True,2
43042,1,1,1,Neutral,CT,1,True,1
43070,2,2,2,Neutral,CT,1,True,2
43113,1,1,1,Neutral,CT,1,True,1
43164,2,2,2,Neutral,CT,1,True,2
43191,1,1,1,Neutral,CT,1,True,1
43285,1,1,1,Neutral,CT,1,True,1
43295,2,2,2,Neutral,CT,1,True,2
43350,2,2,2,Neutral,CT,1,True,2
43486,1,1,1,Neutral,CT,1,True,1
43526,2,2,2,Neutral,CT,1,True,2
43621,2,2,2,Neutral,CT,1,True,2
43668,2,2,2,Neutral,CT,1,True,2
43764,2,2,2,Neutral,CT,1,True,2
43800,1,1,1,Neutral,CT,1,True,1
43811,2,2,2,Neutral,CT,1,True,2
43878,1,1,1,Neutral,CT,1,True,1
44063,1,2,1,Neutral,CT,0,False,1
44064,2,2,2,Neutral,CT,1,True,2
44147,2,2,2,Neutral,CT,1,True,2
44167,2,2,2,Neutral,CT,1,True,2
44178,2,2,2,Neutral,CT,1,True,2
44313,2,2,2,Neutral,CT,1,True,2
44380,1,1,1,Neutral,CT,1,True,1
44400,2,2,2,Neutral,CT,1,True,2
44415,2,2,2,Neutral,CT,1,True,2
44430,2,2,2,Neutral,CT,1,True,2
44444,2,2,2,Neutral,CT,1,True,2
44458,2,2,2,Neutral,CT,1,True,2
44475,1,1,1,Neutral,CT,1,True,1
44479,2,2,2,Neutral,CT,1,True,2
44628,1,1,1,Neutral,CT,1,True,1
44682,1,1,1,Neutral,CT,1,True,1
44743,2,1,2,Neutral,CT,0,False,2
44812,2,2,2,Neutral,CT,1,True,2
44833,2,2,2,Neutral,CT,1,True,2
44841,1,1,1,Neutral,CT,1,True,1
44887,2,2,2,Neutral,CT,1,True,2
44967,1,1,1,Neutral,CT,1,True,1
45012,2,2,2,Neutral,CT,1,True,2
45024,1,1,1,Neutral,CT,1,True,1
45075,2,2,2,Neutral,CT,1,True,2
45117,2,2,2,Neutral,CT,1,True,2
45137,2,2,2,Neutral,CT,1,True,2
45175,2,2,2,Neutral,CT,1,True,2
45184,1,1,1,Neutral,CT,1,True,1
45190,1,1,1,Neutral,CT,1,True,1
45199,2,1,1,Neutral,CT,0,False,2
45289,1,2,1,Neutral,CT,0,False,1
45314,1,1,1,Neutral,CT,1,True,1
45337,1,1,1,Neutral,CT,1,True,1
45340,2,2,2,Neutral,CT,1,True,2
45390,2,2,2,Neutral,CT,1,True,2
45424,2,2,2,Neutral,CT,1,True,2
45470,2,2,2,Neutral,CT,1,True,2
45492,1,1,1,Neutral,CT,1,True,1
45529,2,2,2,Neutral,CT,1,True,2
45544,2,2,2,Neutral,CT,1,True,2
45784,1,1,1,Neutral,CT,1,True,1
45800,2,2,2,Neutral,CT,1,True,2
45811,2,2,2,Neutral,CT,1,True,2
45837,1,1,1,Neutral,CT,1,True,1
45857,2,2,2,Neutral,CT,1,True,2
45893,2,2,2,Neutral,CT,1,True,2
45919,1,1,1,Neutral,CT,1,True,1
45938,2,2,2,Neutral,CT,1,True,2
45983,2,2,2,Neutral,CT,1,True,2
45985,1,1,1,Neutral,CT,1,True,1
46026,2,1,2,Neutral,CT,0,False,2
46132,1,1,1,Neutral,CT,1,True,1
46147,1,1,1,Neutral,CT,1,True,1
46160,1,1,1,Neutral,CT,1,True,1
46218,1,2,1,Neutral,CT,0,False,1
46346,1,1,1,Neutral,CT,1,True,1
46371,1,1,1,Neutral,CT,1,True,1
46372,2,2,2,Neutral,CT,1,True,2
46555,2,2,2,Neutral,CT,1,True,2
46569,2,2,2,Neutral,CT,1,True,2
46595,2,2,2,Neutral,CT,1,True,2
46674,1,1,1,Neutral,CT,1,True,1
46707,2,2,2,Neutral,CT,1,True,2
46710,2,2,2,Neutral,CT,1,True,2
46751,2,2,2,Neutral,CT,1,True,2
46756,1,1,1,Neutral,CT,1,True,1
46758,2,2,2,Neutral,CT,1,True,2
46810,2,2,2,Neutral,CT,1,True,2
46859,2,2,2,Neutral,CT,1,True,2
46880,1,1,1,Neutral,CT,1,True,1
46894,2,2,2,Neutral,CT,1,True,2
46969,2,2,2,Neutral,CT,1,True,2
47024,1,1,1,Neutral,CT,1,True,1
47060,2,2,2,Neutral,CT,1,True,2
47065,1,1,1,Neutral,CT,1,True,1
47097,1,1,1,Neutral,CT,1,True,1
47139,2,2,2,Neutral,CT,1,True,2
47169,2,2,2,Neutral,CT,1,True,2
47174,2,2,2,Neutral,CT,1,True,2
47216,2,2,2,Neutral,CT,1,True,2
47246,2,2,2,Neutral,CT,1,True,2
47249,2,2,2,Neutral,CT,1,True,2
47362,1,1,1,Neutral,CT,1,True,1
47371,1,1,1,Neutral,CT,1,True,1
47560,1,1,1,Neutral,CT,1,True,1
47603,2,1,1,Neutral,CT,0,False,2
47619,2,2,2,Neutral,CT,1,True,2
47632,1,1,1,Neutral,CT,1,True,1
47865,2,2,2,Neutral,CT,1,True,2
47886,2,2,2,Neutral,CT,1,True,2
48180,2,2,2,Neutral,CT,1,True,2
48182,1,1,1,Neutral,CT,1,True,1
48217,2,2,2,Neutral,CT,1,True,2
48246,1,1,1,Neutral,CT,1,True,1
48295,2,2,2,Neutral,CT,1,True,2
48329,1,1,1,Neutral,CT,1,True,1
48352,1,1,1,Neutral,CT,1,True,1
48355,2,2,2,Neutral,CT,1,True,2
48359,1,1,1,Neutral,CT,1,True,1
48434,2,2,1,Neutral,CT,0,False,2
48441,2,2,2,Neutral,CT,1,True,2
48449,2,2,2,Neutral,CT,1,True,2
48506,2,2,2,Neutral,CT,1,True,2
48538,1,1,1,Neutral,CT,1,True,1
48541,1,1,1,Neutral,CT,1,True,1
48562,2,2,2,Neutral,CT,1,True,2
48563,2,2,2,Neutral,CT,1,True,2
48566,2,1,2,Neutral,CT,0,False,2
48587,1,1,1,Neutral,CT,1,True,1
48607,2,2,2,Neutral,CT,1,True,2
48618,1,1,1,Neutral,CT,1,True,1
48722,2,2,2,Neutral,CT,1,True,2
48728,1,1,1,Neutral,CT,1,True,1
48859,2,2,2,Neutral,CT,1,True,2
48898,1,1,1,Neutral,CT,1,True,1
48976,2,2,2,Neutral,CT,1,True,2
49004,1,1,1,Neutral,CT,1,True,1
49029,1,1,1,Neutral,CT,1,True,1
49047,1,1,1,Neutral,CT,1,True,1
49052,1,1,1,Neutral,CT,1,True,1
49095,1,1,1,Neutral,CT,1,True,1
49132,1,1,1,Neutral,CT,1,True,1
49146,1,1,1,Neutral,CT,1,True,1
49168,1,2,1,Neutral,CT,0,False,1
49182,2,2,2,Neutral,CT,1,True,2
49189,1,1,1,Neutral,CT,1,True,1
49213,1,1,1,Neutral,CT,1,True,1
49228,1,1,1,Neutral,CT,1,True,1
49239,1,1,1,Neutral,CT,1,True,1
49242,2,2,2,Neutral,CT,1,True,2
49325,1,1,1,Neutral,CT,1,True,1
49400,2,2,2,Neutral,CT,1,True,2
49460,1,1,1,Neutral,CT,1,True,1
49550,2,2,2,Neutral,CT,1,True,2
49700,1,1,1,Neutral,CT,1,True,1
49737,1,1,1,Neutral,CT,1,True,1
49765,2,2,2,Neutral,CT,1,True,2
49777,1,1,1,Neutral,CT,1,True,1
49804,2,2,2,Neutral,CT,1,True,2
49855,2,2,2,Neutral,CT,1,True,2
49870,2,2,2,Neutral,CT,1,True,2
49943,2,2,2,Neutral,CT,1,True,2
49950,2,2,2,Neutral,CT,1,True,2
49959,2,2,2,Neutral,CT,1,True,2
49971,1,1,1,Neutral,CT,1,True,1
55,1,1,1,Neutral,R1,1,True,1
107,2,2,2,Neutral,R1,1,True,2
176,1,1,1,Neutral,R1,1,True,1
257,1,1,2,Neutral,R1,0,False,1
283,2,2,2,Neutral,R1,1,True,2
284,2,2,2,Neutral,R1,1,True,2
287,1,1,1,Neutral,R1,1,True,1
310,2,2,2,Neutral,R1,1,True,2
337,2,2,2,Neutral,R1,1,True,2
379,2,2,2,Neutral,R1,1,True,2
393,2,2,2,Neutral,R1,1,True,2
405,2,2,2,Neutral,R1,1,True,2
423,2,2,2,Neutral,R1,1,True,2
450,2,2,2,Neutral,R1,1,True,2
504,2,2,2,Neutral,R1,1,True,2
525,1,2,1,Neutral,R1,0,False,1
545,1,1,1,Neutral,R1,1,True,1
626,2,2,2,Neutral,R1,1,True,2
715,2,2,2,Neutral,R1,1,True,2
722,1,1,1,Neutral,R1,1,True,1
793,2,2,2,Neutral,R1,1,True,2
804,2,2,2,Neutral,R1,1,True,2
813,1,1,1,Neutral,R1,1,True,1
856,2,2,2,Neutral,R1,1,True,2
893,2,2,2,Neutral,R1,1,True,2
922,2,1,1,Neutral,R1,0,False,2
1029,2,2,2,Neutral,R1,1,True,2
1057,2,2,2,Neutral,R1,1,True,2
1106,1,1,1,Neutral,R1,1,True,1
1176,2,2,2,Neutral,R1,1,True,2
1199,1,1,1,Neutral,R1,1,True,1
1200,2,2,2,Neutral,R1,1,True,2
1205,2,2,2,Neutral,R1,1,True,2
1227,2,2,2,Neutral,R1,1,True,2
1261,2,2,2,Neutral,R1,1,True,2
1285,1,1,1,Neutral,R1,1,True,1
1290,1,1,1,Neutral,R1,1,True,1
1347,1,1,1,Neutral,R1,1,True,1
1352,2,2,2,Neutral,R1,1,True,2
1363,2,2,2,Neutral,R1,1,True,2
1421,1,1,1,Neutral,R1,1,True,1
1434,2,2,2,Neutral,R1,1,True,2
1481,1,1,1,Neutral,R1,1,True,1
1545,2,1,1,Neutral,R1,0,False,2
1552,1,1,1,Neutral,R1,1,True,1
1573,1,1,1,Neutral,R1,1,True,1
1656,2,2,2,Neutral,R1,1,True,2
1687,1,1,1,Neutral,R1,1,True,1
1707,2,2,2,Neutral,R1,1,True,2
1733,2,2,2,Neutral,R1,1,True,2
1735,2,2,2,Neutral,R1,1,True,2
1755,2,2,2,Neutral,R1,1,True,2
1808,1,1,2,Neutral,R1,0,False,1
1814,2,2,2,Neutral,R1,1,True,2
1819,2,2,2,Neutral,R1,1,True,2
1822,1,1,1,Neutral,R1,1,True,1
1823,1,1,1,Neutral,R1,1,True,1
1862,1,1,1,Neutral,R1,1,True,1
2004,2,2,2,Neutral,R1,1,True,2
2039,2,1,2,Neutral,R1,0,False,2
2055,1,1,1,Neutral,R1,1,True,1
2068,2,2,2,Neutral,R1,1,True,2
2081,1,1,1,Neutral,R1,1,True,1
2155,2,2,2,Neutral,R1,1,True,2
2170,1,1,1,Neutral,R1,1,True,1
2221,2,2,2,Neutral,R1,1,True,2
2288,2,2,2,Neutral,R1,1,True,2
2375,2,2,2,Neutral,R1,1,True,2
2379,1,1,1,Neutral,R1,1,True,1
2408,1,2,2,Neutral,R1,0,False,1
2426,2,2,2,Neutral,R1,1,True,2
2584,2,2,2,Neutral,R1,1,True,2
2585,1,1,1,Neutral,R1,1,True,1
2599,2,2,2,Neutral,R1,1,True,2
2600,1,1,1,Neutral,R1,1,True,1
2732,2,2,2,Neutral,R1,1,True,2
2844,1,1,1,Neutral,R1,1,True,1
2891,2,2,2,Neutral,R1,1,True,2
2932,2,2,2,Neutral,R1,1,True,2
2983,1,1,1,Neutral,R1,1,True,1
3056,1,1,1,Neutral,R1,1,True,1
3081,1,1,1,Neutral,R1,1,True,1
3102,1,1,1,Neutral,R1,1,True,1
3191,1,1,1,Neutral,R1,1,True,1
3230,1,1,1,Neutral,R1,1,True,1
3297,1,1,1,Neutral,R1,1,True,1
3363,1,1,1,Neutral,R1,1,True,1
3367,2,2,2,Neutral,R1,1,True,2
3385,1,1,1,Neutral,R1,1,True,1
3400,1,1,1,Neutral,R1,1,True,1
3418,2,1,1,Neutral,R1,0,False,2
3429,2,2,2,Neutral,R1,1,True,2
3440,1,1,1,Neutral,R1,1,True,1
3512,2,2,2,Neutral,R1,1,True,2
3524,1,1,1,Neutral,R1,1,True,1
3567,1,1,1,Neutral,R1,1,True,1
3631,2,2,2,Neutral,R1,1,True,2
3811,2,2,2,Neutral,R1,1,True,2
3824,1,1,1,Neutral,R1,1,True,1
3839,1,1,1,Neutral,R1,1,True,1
3867,1,1,1,Neutral,R1,1,True,1
3868,2,2,1,Neutral,R1,0,False,2
3912,2,2,2,Neutral,R1,1,True,2
3929,2,2,2,Neutral,R1,1,True,2
3954,2,2,2,Neutral,R1,1,True,2
3971,2,2,2,Neutral,R1,1,True,2
3979,2,2,2,Neutral,R1,1,True,2
4011,2,2,2,Neutral,R1,1,True,2
4017,1,2,1,Neutral,R1,0,False,1
4066,2,2,2,Neutral,R1,1,True,2
4087,2,2,2,Neutral,R1,1,True,2
4153,2,2,2,Neutral,R1,1,True,2
4182,2,2,2,Neutral,R1,1,True,2
4187,1,1,1,Neutral,R1,1,True,1
4207,1,1,1,Neutral,R1,1,True,1
4211,1,1,1,Neutral,R1,1,True,1
4303,1,1,1,Neutral,R1,1,True,1
4314,1,1,1,Neutral,R1,1,True,1
4339,2,2,2,Neutral,R1,1,True,2
4348,2,2,2,Neutral,R1,1,True,2
4447,1,1,1,Neutral,R1,1,True,1
4462,1,1,1,Neutral,R1,1,True,1
4591,1,1,1,Neutral,R1,1,True,1
4624,2,2,2,Neutral,R1,1,True,2
4651,2,2,2,Neutral,R1,1,True,2
4652,1,1,1,Neutral,R1,1,True,1
4663,1,1,1,Neutral,R1,1,True,1
4706,2,2,2,Neutral,R1,1,True,2
4716,1,1,1,Neutral,R1,1,True,1
4744,2,2,2,Neutral,R1,1,True,2
4767,1,1,1,Neutral,R1,1,True,1
4795,1,1,1,Neutral,R1,1,True,1
4797,2,2,2,Neutral,R1,1,True,2
4812,2,2,2,Neutral,R1,1,True,2
4827,2,2,2,Neutral,R1,1,True,2
4829,2,2,2,Neutral,R1,1,True,2
4851,2,2,2,Neutral,R1,1,True,2
4856,2,2,2,Neutral,R1,1,True,2
4865,2,2,2,Neutral,R1,1,True,2
4871,1,1,1,Neutral,R1,1,True,1
4927,2,2,2,Neutral,R1,1,True,2
4937,1,1,1,Neutral,R1,1,True,1
5006,2,2,2,Neutral,R1,1,True,2
5009,1,1,1,Neutral,R1,1,True,1
5024,1,1,1,Neutral,R1,1,True,1
5070,1,1,1,Neutral,R1,1,True,1
5086,2,2,2,Neutral,R1,1,True,2
5105,2,2,2,Neutral,R1,1,True,2
5119,1,1,1,Neutral,R1,1,True,1
5120,2,2,2,Neutral,R1,1,True,2
5159,1,2,2,Neutral,R1,0,False,1
5406,1,1,1,Neutral,R1,1,True,1
5424,2,2,2,Neutral,R1,1,True,2
5475,2,2,2,Neutral,R1,1,True,2
5499,1,1,1,Neutral,R1,1,True,1
5570,1,1,1,Neutral,R1,1,True,1
5586,1,1,2,Neutral,R1,0,False,1
5619,2,2,2,Neutral,R1,1,True,2
5651,1,1,1,Neutral,R1,1,True,1
5741,2,2,2,Neutral,R1,1,True,2
5797,2,2,2,Neutral,R1,1,True,2
5824,2,2,2,Neutral,R1,1,True,2
5829,1,1,1,Neutral,R1,1,True,1
5834,1,1,1,Neutral,R1,1,True,1
5906,2,2,2,Neutral,R1,1,True,2
5913,2,2,2,Neutral,R1,1,True,2
5938,2,2,1,Neutral,R1,0,False,2
5957,2,2,2,Neutral,R1,1,True,2
5998,2,2,2,Neutral,R1,1,True,2
6010,2,2,2,Neutral,R1,1,True,2
6059,2,2,2,Neutral,R1,1,True,2
6111,1,1,1,Neutral,R1,1,True,1
6137,1,1,1,Neutral,R1,1,True,1
6156,1,1,1,Neutral,R1,1,True,1
6252,1,1,1,Neutral,R1,1,True,1
6253,2,2,2,Neutral,R1,1,True,2
6255,2,2,2,Neutral,R1,1,True,2
6295,1,1,1,Neutral,R1,1,True,1
6347,1,1,1,Neutral,R1,1,True,1
6374,1,1,1,Neutral,R1,1,True,1
6420,2,2,2,Neutral,R1,1,True,2
6452,1,1,1,Neutral,R1,1,True,1
6465,1,1,1,Neutral,R1,1,True,1
6484,2,2,2,Neutral,R1,1,True,2
6488,2,1,2,Neutral,R1,0,False,2
6519,2,2,2,Neutral,R1,1,True,2
6527,2,2,2,Neutral,R1,1,True,2
6595,1,1,1,Neutral,R1,1,True,1
6631,1,1,1,Neutral,R1,1,True,1
6692,2,2,2,Neutral,R1,1,True,2
6715,2,2,2,Neutral,R1,1,True,2
6728,1,1,1,Neutral,R1,1,True,1
6756,2,2,2,Neutral,R1,1,True,2
6812,1,1,1,Neutral,R1,1,True,1
6824,1,1,1,Neutral,R1,1,True,1
6826,1,1,1,Neutral,R1,1,True,1
6842,1,1,1,Neutral,R1,1,True,1
6867,1,1,1,Neutral,R1,1,True,1
6868,2,2,2,Neutral,R1,1,True,2
6899,2,2,2,Neutral,R1,1,True,2
6965,2,2,2,Neutral,R1,1,True,2
6977,2,2,2,Neutral,R1,1,True,2
6991,1,1,1,Neutral,R1,1,True,1
7001,2,2,2,Neutral,R1,1,True,2
7004,1,1,1,Neutral,R1,1,True,1
7042,1,2,1,Neutral,R1,0,False,1
7070,2,2,2,Neutral,R1,1,True,2
7096,1,1,1,Neutral,R1,1,True,1
7099,1,1,1,Neutral,R1,1,True,1
7194,2,2,2,Neutral,R1,1,True,2
7220,2,2,2,Neutral,R1,1,True,2
7235,2,2,2,Neutral,R1,1,True,2
7313,2,2,2,Neutral,R1,1,True,2
7387,1,1,1,Neutral,R1,1,True,1
7407,1,1,1,Neutral,R1,1,True,1
7430,2,2,2,Neutral,R1,1,True,2
7439,1,1,1,Neutral,R1,1,True,1
7451,2,2,2,Neutral,R1,1,True,2
7498,2,2,2,Neutral,R1,1,True,2
7550,1,1,1,Neutral,R1,1,True,1
7553,2,2,2,Neutral,R1,1,True,2
7555,1,1,1,Neutral,R1,1,True,1
7581,2,2,2,Neutral,R1,1,True,2
7599,2,2,2,Neutral,R1,1,True,2
7631,1,2,1,Neutral,R1,0,False,1
7654,1,1,1,Neutral,R1,1,True,1
7687,1,1,1,Neutral,R1,1,True,1
7723,1,1,1,Neutral,R1,1,True,1
7756,1,2,1,Neutral,R1,0,False,1
7832,2,2,2,Neutral,R1,1,True,2
7887,1,1,1,Neutral,R1,1,True,1
7894,1,1,1,Neutral,R1,1,True,1
7915,2,2,2,Neutral,R1,1,True,2
7949,1,1,1,Neutral,R1,1,True,1
7966,1,1,1,Neutral,R1,1,True,1
7972,1,2,1,Neutral,R1,0,False,1
7992,1,1,1,Neutral,R1,1,True,1
8015,2,2,2,Neutral,R1,1,True,2
8033,1,1,1,Neutral,R1,1,True,1
8139,1,1,1,Neutral,R1,1,True,1
8217,2,2,2,Neutral,R1,1,True,2
8268,1,1,1,Neutral,R1,1,True,1
8339,1,1,1,Neutral,R1,1,True,1
8366,2,2,2,Neutral,R1,1,True,2
8444,1,1,1,Neutral,R1,1,True,1
8477,1,1,1,Neutral,R1,1,True,1
8580,2,2,2,Neutral,R1,1,True,2
8614,1,1,1,Neutral,R1,1,True,1
8630,2,2,2,Neutral,R1,1,True,2
8637,1,2,1,Neutral,R1,0,False,1
8672,1,1,1,Neutral,R1,1,True,1
8800,1,1,1,Neutral,R1,1,True,1
8816,2,2,2,Neutral,R1,1,True,2
8902,2,2,2,Neutral,R1,1,True,2
8923,2,2,2,Neutral,R1,1,True,2
8948,1,1,1,Neutral,R1,1,True,1
8993,1,1,1,Neutral,R1,1,True,1
9004,1,1,1,Neutral,R1,1,True,1
9089,2,2,2,Neutral,R1,1,True,2
9102,2,2,2,Neutral,R1,1,True,2
9120,2,2,2,Neutral,R1,1,True,2
9134,2,2,2,Neutral,R1,1,True,2
9246,2,2,2,Neutral,R1,1,True,2
9268,1,1,1,Neutral,R1,1,True,1
9324,2,1,1,Neutral,R1,0,False,2
9325,1,1,1,Neutral,R1,1,True,1
9349,2,2,2,Neutral,R1,1,True,2
9357,2,2,2,Neutral,R1,1,True,2
9417,1,1,1,Neutral,R1,1,True,1
9459,1,1,1,Neutral,R1,1,True,1
9465,1,1,1,Neutral,R1,1,True,1
9469,2,2,2,Neutral,R1,1,True,2
9473,1,1,2,Neutral,R1,0,False,1
9485,2,2,2,Neutral,R1,1,True,2
9544,1,2,1,Neutral,R1,0,False,1
9595,1,1,1,Neutral,R1,1,True,1
9632,2,2,2,Neutral,R1,1,True,2
9635,2,2,2,Neutral,R1,1,True,2
9677,2,2,2,Neutral,R1,1,True,2
9715,1,1,1,Neutral,R1,1,True,1
9724,2,2,2,Neutral,R1,1,True,2
9774,2,2,2,Neutral,R1,1,True,2
9796,1,1,1,Neutral,R1,1,True,1
9892,2,2,2,Neutral,R1,1,True,2
9899,1,1,1,Neutral,R1,1,True,1
9907,2,2,2,Neutral,R1,1,True,2
9934,1,1,1,Neutral,R1,1,True,1
9955,2,2,2,Neutral,R1,1,True,2
9987,1,1,1,Neutral,R1,1,True,1
10022,1,1,1,Neutral,R1,1,True,1
10156,1,1,1,Neutral,R1,1,True,1
10163,1,1,1,Neutral,R1,1,True,1
10174,1,1,1,Neutral,R1,1,True,1
10187,1,1,1,Neutral,R1,1,True,1
10189,2,2,2,Neutral,R1,1,True,2
10210,1,1,1,Neutral,R1,1,True,1
10301,2,2,2,Neutral,R1,1,True,2
10328,1,1,1,Neutral,R1,1,True,1
10330,2,2,2,Neutral,R1,1,True,2
10361,2,2,1,Neutral,R1,0,False,2
10375,1,1,1,Neutral,R1,1,True,1
10400,1,1,1,Neutral,R1,1,True,1
10423,2,2,2,Neutral,R1,1,True,2
10434,1,1,1,Neutral,R1,1,True,1
10450,2,2,2,Neutral,R1,1,True,2
10566,2,2,2,Neutral,R1,1,True,2
10600,1,1,1,Neutral,R1,1,True,1
10610,2,2,2,Neutral,R1,1,True,2
10621,1,1,1,Neutral,R1,1,True,1
10626,2,2,2,Neutral,R1,1,True,2
10634,2,2,2,Neutral,R1,1,True,2
10713,1,1,1,Neutral,R1,1,True,1
10771,2,2,2,Neutral,R1,1,True,2
10803,2,2,2,Neutral,R1,1,True,2
10910,2,2,2,Neutral,R1,1,True,2
10954,2,2,2,Neutral,R1,1,True,2
10978,1,1,1,Neutral,R1,1,True,1
11024,2,2,2,Neutral,R1,1,True,2
11101,2,2,2,Neutral,R1,1,True,2
11102,1,1,1,Neutral,R1,1,True,1
11112,1,2,2,Neutral,R1,0,False,1
11120,2,2,2,Neutral,R1,1,True,2
11132,1,1,2,Neutral,R1,0,False,1
11189,2,2,2,Neutral,R1,1,True,2
11241,2,2,2,Neutral,R1,1,True,2
11264,1,2,1,Neutral,R1,0,False,1
11283,2,2,2,Neutral,R1,1,True,2
11511,2,2,2,Neutral,R1,1,True,2
11514,2,2,2,Neutral,R1,1,True,2
11523,2,2,2,Neutral,R1,1,True,2
11525,1,1,1,Neutral,R1,1,True,1
11553,1,1,1,Neutral,R1,1,True,1
11596,1,1,1,Neutral,R1,1,True,1
11603,2,2,2,Neutral,R1,1,True,2
11617,2,2,2,Neutral,R1,1,True,2
11630,1,1,1,Neutral,R1,1,True,1
11647,2,2,2,Neutral,R1,1,True,2
11742,2,2,2,Neutral,R1,1,True,2
11786,1,1,1,Neutral,R1,1,True,1
11850,2,2,2,Neutral,R1,1,True,2
11870,1,1,1,Neutral,R1,1,True,1
11874,1,1,1,Neutral,R1,1,True,1
11930,1,1,1,Neutral,R1,1,True,1
11935,2,2,2,Neutral,R1,1,True,2
11967,1,1,1,Neutral,R1,1,True,1
12012,2,2,2,Neutral,R1,1,True,2
12074,1,1,1,Neutral,R1,1,True,1
12143,2,1,1,Neutral,R1,0,False,2
12151,1,1,1,Neutral,R1,1,True,1
12153,1,1,1,Neutral,R1,1,True,1
12219,1,1,1,Neutral,R1,1,True,1
12271,2,2,2,Neutral,R1,1,True,2
12284,1,1,1,Neutral,R1,1,True,1
12285,1,1,1,Neutral,R1,1,True,1
12301,1,1,1,Neutral,R1,1,True,1
12305,2,2,1,Neutral,R1,0,False,2
12323,1,2,1,Neutral,R1,0,False,1
12429,2,2,2,Neutral,R1,1,True,2
12472,2,2,2,Neutral,R1,1,True,2
12486,2,2,2,Neutral,R1,1,True,2
12494,1,1,1,Neutral,R1,1,True,1
12627,2,2,2,Neutral,R1,1,True,2
12645,1,1,1,Neutral,R1,1,True,1
12732,1,1,1,Neutral,R1,1,True,1
12798,2,2,2,Neutral,R1,1,True,2
12830,2,2,2,Neutral,R1,1,True,2
12860,2,2,2,Neutral,R1,1,True,2
12896,1,1,1,Neutral,R1,1,True,1
12903,1,1,1,Neutral,R1,1,True,1
12926,2,2,2,Neutral,R1,1,True,2
12936,2,2,2,Neutral,R1,1,True,2
12948,2,2,2,Neutral,R1,1,True,2
12975,2,2,2,Neutral,R1,1,True,2
12998,2,2,2,Neutral,R1,1,True,2
13035,1,1,1,Neutral,R1,1,True,1
13050,2,2,2,Neutral,R1,1,True,2
13061,1,1,1,Neutral,R1,1,True,1
13113,2,2,2,Neutral,R1,1,True,2
13115,2,2,2,Neutral,R1,1,True,2
13137,2,2,2,Neutral,R1,1,True,2
13141,1,1,1,Neutral,R1,1,True,1
13200,1,2,1,Neutral,R1,0,False,1
13227,2,2,2,Neutral,R1,1,True,2
13300,2,2,2,Neutral,R1,1,True,2
13319,1,1,1,Neutral,R1,1,True,1
13334,1,1,1,Neutral,R1,1,True,1
13384,1,1,1,Neutral,R1,1,True,1
13400,2,2,2,Neutral,R1,1,True,2
13447,2,2,2,Neutral,R1,1,True,2
13469,2,2,2,Neutral,R1,1,True,2
13484,2,2,2,Neutral,R1,1,True,2
13518,2,2,2,Neutral,R1,1,True,2
13531,2,2,2,Neutral,R1,1,True,2
13562,2,2,2,Neutral,R1,1,True,2
13726,2,2,2,Neutral,R1,1,True,2
13785,1,1,1,Neutral,R1,1,True,1
13843,2,2,2,Neutral,R1,1,True,2
13864,2,2,2,Neutral,R1,1,True,2
13874,1,1,1,Neutral,R1,1,True,1
13920,2,2,2,Neutral,R1,1,True,2
13923,2,2,1,Neutral,R1,0,False,2
13996,2,2,2,Neutral,R1,1,True,2
14011,2,2,2,Neutral,R1,1,True,2
14047,2,2,2,Neutral,R1,1,True,2
14055,2,2,2,Neutral,R1,1,True,2
14074,2,2,2,Neutral,R1,1,True,2
14137,2,2,2,Neutral,R1,1,True,2
14139,2,2,2,Neutral,R1,1,True,2
14224,1,2,1,Neutral,R1,0,False,1
14259,1,1,1,Neutral,R1,1,True,1
14300,2,2,2,Neutral,R1,1,True,2
14325,1,1,1,Neutral,R1,1,True,1
14408,1,1,1,Neutral,R1,1,True,1
14410,1,1,1,Neutral,R1,1,True,1
14469,1,1,1,Neutral,R1,1,True,1
14488,1,1,1,Neutral,R1,1,True,1
14532,2,2,2,Neutral,R1,1,True,2
14550,2,2,2,Neutral,R1,1,True,2
14557,1,1,1,Neutral,R1,1,True,1
14581,2,2,2,Neutral,R1,1,True,2
14617,2,2,2,Neutral,R1,1,True,2
14707,1,1,2,Neutral,R1,0,False,1
14759,2,2,2,Neutral,R1,1,True,2
14793,1,1,1,Neutral,R1,1,True,1
14796,2,2,2,Neutral,R1,1,True,2
14818,1,1,1,Neutral,R1,1,True,1
14845,2,2,2,Neutral,R1,1,True,2
14858,2,2,2,Neutral,R1,1,True,2
14868,1,1,1,Neutral,R1,1,True,1
14900,1,1,1,Neutral,R1,1,True,1
14932,2,2,2,Neutral,R1,1,True,2
14970,2,2,2,Neutral,R1,1,True,2
14988,2,2,2,Neutral,R1,1,True,2
15035,1,1,1,Neutral,R1,1,True,1
15066,2,2,2,Neutral,R1,1,True,2
15131,2,1,1,Neutral,R1,0,False,2
15133,2,2,2,Neutral,R1,1,True,2
15176,2,2,2,Neutral,R1,1,True,2
15189,1,1,1,Neutral,R1,1,True,1
15254,1,1,1,Neutral,R1,1,True,1
15290,1,1,1,Neutral,R1,1,True,1
15363,2,2,2,Neutral,R1,1,True,2
15452,2,2,2,Neutral,R1,1,True,2
15473,2,2,2,Neutral,R1,1,True,2
15535,2,2,2,Neutral,R1,1,True,2
15538,2,2,2,Neutral,R1,1,True,2
15555,1,1,1,Neutral,R1,1,True,1
15585,2,2,2,Neutral,R1,1,True,2
15614,2,2,2,Neutral,R1,1,True,2
15620,2,2,2,Neutral,R1,1,True,2
15693,1,1,1,Neutral,R1,1,True,1
15721,2,2,1,Neutral,R1,0,False,2
15735,1,1,1,Neutral,R1,1,True,1
15770,1,2,2,Neutral,R1,0,False,1
15799,2,2,2,Neutral,R1,1,True,2
15810,2,2,2,Neutral,R1,1,True,2
15822,1,2,1,Neutral,R1,0,False,1
15883,1,1,1,Neutral,R1,1,True,1
15894,2,2,2,Neutral,R1,1,True,2
15938,1,1,1,Neutral,R1,1,True,1
15980,2,2,2,Neutral,R1,1,True,2
16011,1,2,1,Neutral,R1,0,False,1
16114,1,1,1,Neutral,R1,1,True,1
16120,1,1,1,Neutral,R1,1,True,1
16170,1,2,1,Neutral,R1,0,False,1
16174,1,1,1,Neutral,R1,1,True,1
16204,1,2,2,Neutral,R1,0,False,1
16212,2,2,2,Neutral,R1,1,True,2
16213,1,1,1,Neutral,R1,1,True,1
16230,1,1,1,Neutral,R1,1,True,1
16264,1,1,1,Neutral,R1,1,True,1
16339,1,1,1,Neutral,R1,1,True,1
16355,2,2,2,Neutral,R1,1,True,2
16386,2,2,2,Neutral,R1,1,True,2
16398,1,1,1,Neutral,R1,1,True,1
16457,2,2,2,Neutral,R1,1,True,2
16521,2,2,2,Neutral,R1,1,True,2
16572,1,1,1,Neutral,R1,1,True,1
16600,1,1,1,Neutral,R1,1,True,1
16614,1,1,1,Neutral,R1,1,True,1
16642,1,1,1,Neutral,R1,1,True,1
16731,1,1,1,Neutral,R1,1,True,1
16801,2,2,2,Neutral,R1,1,True,2
16845,1,1,1,Neutral,R1,1,True,1
16858,2,2,2,Neutral,R1,1,True,2
16891,1,1,1,Neutral,R1,1,True,1
16903,1,1,1,Neutral,R1,1,True,1
16977,1,1,1,Neutral,R1,1,True,1
17002,2,2,2,Neutral,R1,1,True,2
17048,1,1,1,Neutral,R1,1,True,1
17079,2,2,2,Neutral,R1,1,True,2
17082,2,2,2,Neutral,R1,1,True,2
17121,2,2,2,Neutral,R1,1,True,2
17165,2,2,2,Neutral,R1,1,True,2
17212,1,1,1,Neutral,R1,1,True,1
17227,1,1,1,Neutral,R1,1,True,1
17241,2,2,2,Neutral,R1,1,True,2
17280,1,2,1,Neutral,R1,0,False,1
17322,1,1,1,Neutral,R1,1,True,1
17355,2,2,2,Neutral,R1,1,True,2
17361,1,1,1,Neutral,R1,1,True,1
17364,2,2,2,Neutral,R1,1,True,2
17386,2,2,2,Neutral,R1,1,True,2
17423,2,1,2,Neutral,R1,0,False,2
17455,1,1,1,Neutral,R1,1,True,1
17468,1,1,1,Neutral,R1,1,True,1
17475,1,1,1,Neutral,R1,1,True,1
17553,1,1,1,Neutral,R1,1,True,1
17585,2,2,2,Neutral,R1,1,True,2
17693,1,1,1,Neutral,R1,1,True,1
17744,2,2,2,Neutral,R1,1,True,2
17746,2,2,2,Neutral,R1,1,True,2
17792,1,1,1,Neutral,R1,1,True,1
17806,2,2,2,Neutral,R1,1,True,2
17841,2,2,2,Neutral,R1,1,True,2
17877,1,1,1,Neutral,R1,1,True,1
17885,2,2,2,Neutral,R1,1,True,2
17914,1,2,1,Neutral,R1,0,False,1
17929,1,2,2,Neutral,R1,0,False,1
17963,2,2,2,Neutral,R1,1,True,2
18223,2,2,2,Neutral,R1,1,True,2
18290,1,1,1,Neutral,R1,1,True,1
18337,1,1,1,Neutral,R1,1,True,1
18550,2,2,2,Neutral,R1,1,True,2
18553,2,2,2,Neutral,R1,1,True,2
18597,2,2,2,Neutral,R1,1,True,2
18613,2,2,2,Neutral,R1,1,True,2
18630,2,2,2,Neutral,R1,1,True,2
18631,1,1,1,Neutral,R1,1,True,1
18643,1,1,1,Neutral,R1,1,True,1
18652,1,1,1,Neutral,R1,1,True,1
18656,2,2,2,Neutral,R1,1,True,2
18670,1,1,1,Neutral,R1,1,True,1
18805,2,2,2,Neutral,R1,1,True,2
18806,1,1,1,Neutral,R1,1,True,1
18820,1,1,1,Neutral,R1,1,True,1
18839,2,2,2,Neutral,R1,1,True,2
18874,1,1,1,Neutral,R1,1,True,1
18886,1,1,1,Neutral,R1,1,True,1
18935,1,2,1,Neutral,R1,0,False,1
18961,2,2,2,Neutral,R1,1,True,2
18970,1,2,1,Neutral,R1,0,False,1
18998,2,2,2,Neutral,R1,1,True,2
19036,2,2,2,Neutral,R1,1,True,2
19045,2,2,2,Neutral,R1,1,True,2
19113,1,2,1,Neutral,R1,0,False,1
19164,1,1,1,Neutral,R1,1,True,1
19267,2,2,2,Neutral,R1,1,True,2
19295,1,1,1,Neutral,R1,1,True,1
19331,2,2,2,Neutral,R1,1,True,2
19341,1,1,1,Neutral,R1,1,True,1
19363,2,2,1,Neutral,R1,0,False,2
19383,1,1,1,Neutral,R1,1,True,1
19385,2,2,2,Neutral,R1,1,True,2
19395,2,2,2,Neutral,R1,1,True,2
19486,2,2,2,Neutral,R1,1,True,2
19496,2,2,2,Neutral,R1,1,True,2
19519,2,2,2,Neutral,R1,1,True,2
19532,1,1,1,Neutral,R1,1,True,1
19538,1,1,1,Neutral,R1,1,True,1
19593,1,2,2,Neutral,R1,0,False,1
19599,1,1,1,Neutral,R1,1,True,1
19643,1,1,1,Neutral,R1,1,True,1
19686,1,1,1,Neutral,R1,1,True,1
19738,1,1,1,Neutral,R1,1,True,1
19794,1,1,1,Neutral,R1,1,True,1
19811,1,1,1,Neutral,R1,1,True,1
19826,2,2,2,Neutral,R1,1,True,2
19830,2,2,2,Neutral,R1,1,True,2
19839,2,2,2,Neutral,R1,1,True,2
19854,2,2,2,Neutral,R1,1,True,2
19900,2,2,2,Neutral,R1,1,True,2
19915,1,1,1,Neutral,R1,1,True,1
19967,1,1,1,Neutral,R1,1,True,1
19968,2,2,2,Neutral,R1,1,True,2
20031,1,1,1,Neutral,R1,1,True,1
20132,2,2,2,Neutral,R1,1,True,2
20184,1,1,1,Neutral,R1,1,True,1
20195,1,1,1,Neutral,R1,1,True,1
20270,1,1,2,Neutral,R1,0,False,1
20283,2,2,1,Neutral,R1,0,False,2
20299,2,2,2,Neutral,R1,1,True,2
20338,2,2,2,Neutral,R1,1,True,2
20351,1,1,1,Neutral,R1,1,True,1
20380,2,2,2,Neutral,R1,1,True,2
20407,1,2,2,Neutral,R1,0,False,1
20420,1,1,1,Neutral,R1,1,True,1
20422,1,1,1,Neutral,R1,1,True,1
20431,1,1,1,Neutral,R1,1,True,1
20443,1,1,1,Neutral,R1,1,True,1
20446,2,2,2,Neutral,R1,1,True,2
20465,1,1,1,Neutral,R1,1,True,1
20467,1,1,1,Neutral,R1,1,True,1
20504,2,2,2,Neutral,R1,1,True,2
20528,1,1,1,Neutral,R1,1,True,1
20542,1,1,1,Neutral,R1,1,True,1
20549,1,1,1,Neutral,R1,1,True,1
20609,1,1,1,Neutral,R1,1,True,1
20666,1,1,1,Neutral,R1,1,True,1
20677,1,1,1,Neutral,R1,1,True,1
20685,2,2,2,Neutral,R1,1,True,2
20716,2,2,2,Neutral,R1,1,True,2
20717,1,2,2,Neutral,R1,0,False,1
20839,2,2,2,Neutral,R1,1,True,2
20853,1,1,1,Neutral,R1,1,True,1
20869,2,2,2,Neutral,R1,1,True,2
20890,2,2,2,Neutral,R1,1,True,2
20895,1,2,2,Neutral,R1,0,False,1
20964,1,1,1,Neutral,R1,1,True,1
20971,2,2,2,Neutral,R1,1,True,2
21016,1,1,1,Neutral,R1,1,True,1
21051,2,2,2,Neutral,R1,1,True,2
21067,2,2,2,Neutral,R1,1,True,2
21074,1,1,1,Neutral,R1,1,True,1
21098,2,2,2,Neutral,R1,1,True,2
21130,2,2,2,Neutral,R1,1,True,2
21158,1,1,1,Neutral,R1,1,True,1
21165,1,1,1,Neutral,R1,1,True,1
21167,1,1,1,Neutral,R1,1,True,1
21173,1,1,1,Neutral,R1,1,True,1
21180,2,2,2,Neutral,R1,1,True,2
21203,2,2,2,Neutral,R1,1,True,2
21210,1,1,1,Neutral,R1,1,True,1
21328,1,2,1,Neutral,R1,0,False,1
21399,1,1,1,Neutral,R1,1,True,1
21509,2,2,2,Neutral,R1,1,True,2
21544,2,2,2,Neutral,R1,1,True,2
21598,2,2,2,Neutral,R1,1,True,2
21599,1,1,1,Neutral,R1,1,True,1
21606,2,2,2,Neutral,R1,1,True,2
21608,2,2,2,Neutral,R1,1,True,2
21629,1,1,1,Neutral,R1,1,True,1
21630,2,2,2,Neutral,R1,1,True,2
21666,2,2,2,Neutral,R1,1,True,2
21691,1,1,1,Neutral,R1,1,True,1
21847,2,2,2,Neutral,R1,1,True,2
21910,2,2,1,Neutral,R1,0,False,2
21935,2,2,2,Neutral,R1,1,True,2
21961,2,2,1,Neutral,R1,0,False,2
21976,1,1,1,Neutral,R1,1,True,1
21987,2,2,2,Neutral,R1,1,True,2
22043,2,2,2,Neutral,R1,1,True,2
22052,1,1,1,Neutral,R1,1,True,1
22065,1,1,1,Neutral,R1,1,True,1
22066,2,2,2,Neutral,R1,1,True,2
22090,1,2,1,Neutral,R1,0,False,1
22126,2,2,2,Neutral,R1,1,True,2
22166,2,2,2,Neutral,R1,1,True,2
22184,2,2,2,Neutral,R1,1,True,2
22189,1,2,1,Neutral,R1,0,False,1
22194,2,2,2,Neutral,R1,1,True,2
22266,1,1,1,Neutral,R1,1,True,1
22314,2,2,2,Neutral,R1,1,True,2
22356,1,2,2,Neutral,R1,0,False,1
22467,2,2,2,Neutral,R1,1,True,2
22679,1,1,1,Neutral,R1,1,True,1
22707,2,2,2,Neutral,R1,1,True,2
22767,2,2,2,Neutral,R1,1,True,2
22770,1,1,1,Neutral,R1,1,True,1
22814,1,1,1,Neutral,R1,1,True,1
22819,2,2,2,Neutral,R1,1,True,2
22833,1,2,1,Neutral,R1,0,False,1
22849,2,2,2,Neutral,R1,1,True,2
22966,2,2,2,Neutral,R1,1,True,2
23023,1,1,1,Neutral,R1,1,True,1
23052,1,1,1,Neutral,R1,1,True,1
23089,1,1,1,Neutral,R1,1,True,1
23103,1,1,2,Neutral,R1,0,False,1
23104,2,2,2,Neutral,R1,1,True,2
23128,1,1,1,Neutral,R1,1,True,1
23200,1,1,1,Neutral,R1,1,True,1
23313,2,2,2,Neutral,R1,1,True,2
23322,1,1,1,Neutral,R1,1,True,1
23323,1,1,1,Neutral,R1,1,True,1
23404,2,2,2,Neutral,R1,1,True,2
23415,2,2,2,Neutral,R1,1,True,2
23440,2,2,2,Neutral,R1,1,True,2
23453,2,2,2,Neutral,R1,1,True,2
23505,1,1,1,Neutral,R1,1,True,1
23514,2,2,2,Neutral,R1,1,True,2
23524,1,1,1,Neutral,R1,1,True,1
23530,2,2,2,Neutral,R1,1,True,2
23534,2,2,2,Neutral,R1,1,True,2
23574,1,1,1,Neutral,R1,1,True,1
23584,1,1,1,Neutral,R1,1,True,1
23605,1,1,1,Neutral,R1,1,True,1
23620,2,2,2,Neutral,R1,1,True,2
23648,2,2,2,Neutral,R1,1,True,2
23699,2,2,2,Neutral,R1,1,True,2
23713,2,2,2,Neutral,R1,1,True,2
23779,1,1,1,Neutral,R1,1,True,1
23871,1,1,1,Neutral,R1,1,True,1
23873,1,1,1,Neutral,R1,1,True,1
23901,2,1,1,Neutral,R1,0,False,2
24026,2,2,1,Neutral,R1,0,False,2
24163,1,1,1,Neutral,R1,1,True,1
24174,2,2,2,Neutral,R1,1,True,2
24223,1,2,1,Neutral,R1,0,False,1
24260,2,2,1,Neutral,R1,0,False,2
24291,2,2,2,Neutral,R1,1,True,2
24304,1,1,1,Neutral,R1,1,True,1
24334,2,2,2,Neutral,R1,1,True,2
24405,2,2,2,Neutral,R1,1,True,2
24408,1,1,1,Neutral,R1,1,True,1
24500,2,2,2,Neutral,R1,1,True,2
24502,2,2,2,Neutral,R1,1,True,2
24541,2,2,2,Neutral,R1,1,True,2
24573,1,1,1,Neutral,R1,1,True,1
24577,1,1,1,Neutral,R1,1,True,1
24637,2,2,2,Neutral,R1,1,True,2
24673,2,2,2,Neutral,R1,1,True,2
24706,1,1,1,Neutral,R1,1,True,1
24740,2,2,2,Neutral,R1,1,True,2
24774,2,2,2,Neutral,R1,1,True,2
24836,1,1,1,Neutral,R1,1,True,1
24871,2,2,1,Neutral,R1,0,False,2
24902,2,2,2,Neutral,R1,1,True,2
24959,2,2,2,Neutral,R1,1,True,2
24975,1,1,1,Neutral,R1,1,True,1
24995,1,1,1,Neutral,R1,1,True,1
25015,1,2,2,Neutral,R1,0,False,1
25038,1,2,1,Neutral,R1,0,False,1
25109,2,2,2,Neutral,R1,1,True,2
25137,1,1,1,Neutral,R1,1,True,1
25155,1,1,1,Neutral,R1,1,True,1
25239,2,2,2,Neutral,R1,1,True,2
25270,1,1,1,Neutral,R1,1,True,1
25302,2,2,2,Neutral,R1,1,True,2
25337,1,1,1,Neutral,R1,1,True,1
25348,2,2,1,Neutral,R1,0,False,2
25369,2,2,2,Neutral,R1,1,True,2
25380,1,1,1,Neutral,R1,1,True,1
25416,1,1,1,Neutral,R1,1,True,1
25435,1,1,1,Neutral,R1,1,True,1
25447,1,1,1,Neutral,R1,1,True,1
25448,2,2,2,Neutral,R1,1,True,2
25471,2,2,2,Neutral,R1,1,True,2
25523,2,2,2,Neutral,R1,1,True,2
25591,1,1,1,Neutral,R1,1,True,1
25650,1,1,1,Neutral,R1,1,True,1
25690,2,2,1,Neutral,R1,0,False,2
25698,2,2,2,Neutral,R1,1,True,2
25856,1,2,1,Neutral,R1,0,False,1
25868,1,1,1,Neutral,R1,1,True,1
25990,2,2,2,Neutral,R1,1,True,2
26032,1,1,1,Neutral,R1,1,True,1
26129,2,2,2,Neutral,R1,1,True,2
26161,2,2,2,Neutral,R1,1,True,2
26178,2,2,1,Neutral,R1,0,False,2
26211,2,2,2,Neutral,R1,1,True,2
26281,2,2,2,Neutral,R1,1,True,2
26287,2,2,2,Neutral,R1,1,True,2
26292,1,1,1,Neutral,R1,1,True,1
26302,1,1,1,Neutral,R1,1,True,1
26321,2,2,2,Neutral,R1,1,True,2
26337,1,1,1,Neutral,R1,1,True,1
26345,2,2,1,Neutral,R1,0,False,2
26480,2,2,2,Neutral,R1,1,True,2
26492,2,2,2,Neutral,R1,1,True,2
26528,1,1,1,Neutral,R1,1,True,1
26546,2,1,1,Neutral,R1,0,False,2
26556,1,1,1,Neutral,R1,1,True,1
26575,2,2,2,Neutral,R1,1,True,2
26678,2,2,2,Neutral,R1,1,True,2
26714,2,2,2,Neutral,R1,1,True,2
26831,1,1,1,Neutral,R1,1,True,1
26865,2,2,2,Neutral,R1,1,True,2
26878,2,2,2,Neutral,R1,1,True,2
26995,1,1,1,Neutral,R1,1,True,1
27029,1,1,1,Neutral,R1,1,True,1
27088,1,1,1,Neutral,R1,1,True,1
27101,1,1,1,Neutral,R1,1,True,1
27117,1,2,1,Neutral,R1,0,False,1
27271,1,2,1,Neutral,R1,0,False,1
27395,2,2,2,Neutral,R1,1,True,2
27431,2,2,2,Neutral,R1,1,True,2
27497,1,1,1,Neutral,R1,1,True,1
27524,2,2,2,Neutral,R1,1,True,2
27558,2,2,2,Neutral,R1,1,True,2
27610,1,2,2,Neutral,R1,0,False,1
27668,2,2,2,Neutral,R1,1,True,2
27688,2,2,2,Neutral,R1,1,True,2
27740,2,2,2,Neutral,R1,1,True,2
27786,2,2,2,Neutral,R1,1,True,2
27828,2,2,2,Neutral,R1,1,True,2
27904,2,2,2,Neutral,R1,1,True,2
27910,2,2,2,Neutral,R1,1,True,2
27911,2,2,2,Neutral,R1,1,True,2
28011,1,2,1,Neutral,R1,0,False,1
28019,1,1,1,Neutral,R1,1,True,1
28051,2,2,2,Neutral,R1,1,True,2
28057,2,2,2,Neutral,R1,1,True,2
28067,2,2,2,Neutral,R1,1,True,2
28114,2,2,2,Neutral,R1,1,True,2
28222,2,2,2,Neutral,R1,1,True,2
28262,2,2,2,Neutral,R1,1,True,2
28271,1,1,1,Neutral,R1,1,True,1
28339,2,2,2,Neutral,R1,1,True,2
28341,1,1,1,Neutral,R1,1,True,1
28365,2,2,2,Neutral,R1,1,True,2
28463,2,2,2,Neutral,R1,1,True,2
28490,1,1,1,Neutral,R1,1,True,1
28550,2,2,2,Neutral,R1,1,True,2
28574,2,2,2,Neutral,R1,1,True,2
28656,2,2,2,Neutral,R1,1,True,2
28674,2,2,2,Neutral,R1,1,True,2
28728,1,1,1,Neutral,R1,1,True,1
28789,2,2,2,Neutral,R1,1,True,2
28790,1,2,2,Neutral,R1,0,False,1
28814,2,2,2,Neutral,R1,1,True,2
28822,2,2,2,Neutral,R1,1,True,2
28963,1,1,1,Neutral,R1,1,True,1
29070,2,2,2,Neutral,R1,1,True,2
29105,2,2,2,Neutral,R1,1,True,2
29132,1,1,1,Neutral,R1,1,True,1
29144,1,1,1,Neutral,R1,1,True,1
29184,1,2,1,Neutral,R1,0,False,1
29243,2,2,2,Neutral,R1,1,True,2
29385,1,1,1,Neutral,R1,1,True,1
29411,2,2,2,Neutral,R1,1,True,2
29417,2,2,2,Neutral,R1,1,True,2
29454,2,2,2,Neutral,R1,1,True,2
29465,2,2,2,Neutral,R1,1,True,2
29484,2,2,2,Neutral,R1,1,True,2
29582,1,1,1,Neutral,R1,1,True,1
29629,1,1,1,Neutral,R1,1,True,1
29644,1,1,1,Neutral,R1,1,True,1
29679,1,2,1,Neutral,R1,0,False,1
29768,1,1,1,Neutral,R1,1,True,1
29880,1,1,1,Neutral,R1,1,True,1
29903,1,1,1,Neutral,R1,1,True,1
29912,1,1,1,Neutral,R1,1,True,1
29978,1,2,2,Neutral,R1,0,False,1
30052,1,1,1,Neutral,R1,1,True,1
30118,1,1,1,Neutral,R1,1,True,1
30131,2,2,2,Neutral,R1,1,True,2
30137,2,2,2,Neutral,R1,1,True,2
30143,1,1,1,Neutral,R1,1,True,1
30180,1,1,1,Neutral,R1,1,True,1
30259,1,1,1,Neutral,R1,1,True,1
30273,2,2,2,Neutral,R1,1,True,2
30285,2,2,2,Neutral,R1,1,True,2
30328,1,1,1,Neutral,R1,1,True,1
30329,1,1,1,Neutral,R1,1,True,1
30336,2,2,2,Neutral,R1,1,True,2
30340,1,1,1,Neutral,R1,1,True,1
30352,1,2,2,Neutral,R1,0,False,1
30367,2,2,2,Neutral,R1,1,True,2
30457,2,2,2,Neutral,R1,1,True,2
30498,1,1,1,Neutral,R1,1,True,1
30514,1,1,1,Neutral,R1,1,True,1
30544,1,1,1,Neutral,R1,1,True,1
30637,1,1,2,Neutral,R1,0,False,1
30694,2,2,2,Neutral,R1,1,True,2
30701,2,2,2,Neutral,R1,1,True,2
30710,2,2,2,Neutral,R1,1,True,2
30794,2,2,2,Neutral,R1,1,True,2
30807,2,2,2,Neutral,R1,1,True,2
30825,2,2,2,Neutral,R1,1,True,2
30846,1,1,1,Neutral,R1,1,True,1
30856,2,2,2,Neutral,R1,1,True,2
30872,2,2,2,Neutral,R1,1,True,2
30880,1,1,1,Neutral,R1,1,True,1
30899,1,1,1,Neutral,R1,1,True,1
30922,2,2,2,Neutral,R1,1,True,2
30936,2,2,2,Neutral,R1,1,True,2
31029,1,1,1,Neutral,R1,1,True,1
31060,1,1,1,Neutral,R1,1,True,1
31081,2,2,2,Neutral,R1,1,True,2
31089,1,1,1,Neutral,R1,1,True,1
31128,1,1,1,Neutral,R1,1,True,1
31129,2,2,2,Neutral,R1,1,True,2
31138,1,1,1,Neutral,R1,1,True,1
31148,1,1,1,Neutral,R1,1,True,1
31247,1,1,1,Neutral,R1,1,True,1
31266,2,2,2,Neutral,R1,1,True,2
31350,2,2,2,Neutral,R1,1,True,2
31386,2,2,2,Neutral,R1,1,True,2
31470,2,2,2,Neutral,R1,1,True,2
31483,2,2,2,Neutral,R1,1,True,2
31568,1,1,1,Neutral,R1,1,True,1
31597,1,1,1,Neutral,R1,1,True,1
31622,1,1,1,Neutral,R1,1,True,1
31628,1,1,1,Neutral,R1,1,True,1
31634,1,1,1,Neutral,R1,1,True,1
31665,1,1,1,Neutral,R1,1,True,1
31720,1,1,1,Neutral,R1,1,True,1
31728,1,1,1,Neutral,R1,1,True,1
31754,1,1,1,Neutral,R1,1,True,1
31808,1,2,2,Neutral,R1,0,False,1
31883,2,2,2,Neutral,R1,1,True,2
31907,2,2,2,Neutral,R1,1,True,2
32003,2,2,2,Neutral,R1,1,True,2
32090,1,1,1,Neutral,R1,1,True,1
32112,2,2,2,Neutral,R1,1,True,2
32116,2,2,2,Neutral,R1,1,True,2
32131,2,2,2,Neutral,R1,1,True,2
32167,2,2,2,Neutral,R1,1,True,2
32177,2,2,2,Neutral,R1,1,True,2
32263,2,2,2,Neutral,R1,1,True,2
32265,1,1,1,Neutral,R1,1,True,1
32323,2,2,2,Neutral,R1,1,True,2
32372,1,1,1,Neutral,R1,1,True,1
32463,2,2,2,Neutral,R1,1,True,2
32489,1,2,1,Neutral,R1,0,False,1
32518,1,1,1,Neutral,R1,1,True,1
32558,2,2,2,Neutral,R1,1,True,2
32572,2,2,2,Neutral,R1,1,True,2
32638,1,1,1,Neutral,R1,1,True,1
32679,1,1,1,Neutral,R1,1,True,1
32722,2,2,2,Neutral,R1,1,True,2
32747,1,1,1,Neutral,R1,1,True,1
32753,2,2,2,Neutral,R1,1,True,2
32785,1,1,1,Neutral,R1,1,True,1
32872,2,2,2,Neutral,R1,1,True,2
32894,1,1,1,Neutral,R1,1,True,1
32913,2,2,1,Neutral,R1,0,False,2
32917,2,2,1,Neutral,R1,0,False,2
32963,1,1,1,Neutral,R1,1,True,1
32972,2,2,2,Neutral,R1,1,True,2
33026,1,2,1,Neutral,R1,0,False,1
33067,2,2,2,Neutral,R1,1,True,2
33126,2,2,2,Neutral,R1,1,True,2
33141,2,2,2,Neutral,R1,1,True,2
33154,1,1,1,Neutral,R1,1,True,1
33212,1,1,1,Neutral,R1,1,True,1
33262,2,2,2,Neutral,R1,1,True,2
33291,2,2,2,Neutral,R1,1,True,2
33322,1,2,2,Neutral,R1,0,False,1
33345,1,2,1,Neutral,R1,0,False,1
33390,1,1,1,Neutral,R1,1,True,1
33409,1,2,2,Neutral,R1,0,False,1
33433,1,2,1,Neutral,R1,0,False,1
33470,1,1,1,Neutral,R1,1,True,1
33504,1,1,1,Neutral,R1,1,True,1
33509,2,1,1,Neutral,R1,0,False,2
33532,1,2,1,Neutral,R1,0,False,1
33618,2,2,2,Neutral,R1,1,True,2
33649,1,1,1,Neutral,R1,1,True,1
33741,1,2,2,Neutral,R1,0,False,1
33743,2,2,2,Neutral,R1,1,True,2
33765,2,2,2,Neutral,R1,1,True,2
33780,2,2,2,Neutral,R1,1,True,2
33806,1,1,1,Neutral,R1,1,True,1
33808,2,2,2,Neutral,R1,1,True,2
33856,1,1,1,Neutral,R1,1,True,1
33859,2,2,2,Neutral,R1,1,True,2
33890,2,2,2,Neutral,R1,1,True,2
33936,1,2,2,Neutral,R1,0,False,1
33940,1,1,1,Neutral,R1,1,True,1
33961,1,1,1,Neutral,R1,1,True,1
33962,2,2,2,Neutral,R1,1,True,2
33986,1,1,1,Neutral,R1,1,True,1
34029,2,2,2,Neutral,R1,1,True,2
34084,1,1,1,Neutral,R1,1,True,1
34125,2,2,2,Neutral,R1,1,True,2
34143,2,2,2,Neutral,R1,1,True,2
34148,2,1,1,Neutral,R1,0,False,2
34171,1,1,1,Neutral,R1,1,True,1
34215,2,2,2,Neutral,R1,1,True,2
34276,1,1,1,Neutral,R1,1,True,1
34332,2,2,2,Neutral,R1,1,True,2
34354,2,1,1,Neutral,R1,0,False,2
34404,2,2,2,Neutral,R1,1,True,2
34414,2,2,1,Neutral,R1,0,False,2
34456,2,2,2,Neutral,R1,1,True,2
34460,2,2,2,Neutral,R1,1,True,2
34500,1,1,1,Neutral,R1,1,True,1
34573,1,1,1,Neutral,R1,1,True,1
34667,2,2,2,Neutral,R1,1,True,2
34714,2,2,2,Neutral,R1,1,True,2
34754,2,2,2,Neutral,R1,1,True,2
34812,2,2,2,Neutral,R1,1,True,2
34915,2,2,2,Neutral,R1,1,True,2
34918,2,2,2,Neutral,R1,1,True,2
34930,2,2,2,Neutral,R1,1,True,2
34944,2,2,2,Neutral,R1,1,True,2
34983,2,2,2,Neutral,R1,1,True,2
35058,2,2,2,Neutral,R1,1,True,2
35064,1,1,1,Neutral,R1,1,True,1
35127,2,2,2,Neutral,R1,1,True,2
35156,2,2,2,Neutral,R1,1,True,2
35174,1,1,1,Neutral,R1,1,True,1
35191,2,2,2,Neutral,R1,1,True,2
35201,2,2,2,Neutral,R1,1,True,2
35204,2,2,2,Neutral,R1,1,True,2
35282,2,2,2,Neutral,R1,1,True,2
35287,1,1,1,Neutral,R1,1,True,1
35397,2,2,2,Neutral,R1,1,True,2
35429,2,2,2,Neutral,R1,1,True,2
35467,1,2,1,Neutral,R1,0,False,1
35542,2,2,2,Neutral,R1,1,True,2
35564,2,2,2,Neutral,R1,1,True,2
35592,1,1,1,Neutral,R1,1,True,1
35643,2,2,1,Neutral,R1,0,False,2
35653,1,2,1,Neutral,R1,0,False,1
35715,2,2,2,Neutral,R1,1,True,2
35732,2,2,2,Neutral,R1,1,True,2
35738,2,2,2,Neutral,R1,1,True,2
35743,2,2,2,Neutral,R1,1,True,2
35871,2,2,2,Neutral,R1,1,True,2
35880,2,2,2,Neutral,R1,1,True,2
35907,2,2,2,Neutral,R1,1,True,2
35912,1,2,1,Neutral,R1,0,False,1
35918,2,2,2,Neutral,R1,1,True,2
35939,2,2,2,Neutral,R1,1,True,2
35991,2,2,2,Neutral,R1,1,True,2
36100,2,2,2,Neutral,R1,1,True,2
36117,1,1,1,Neutral,R1,1,True,1
36126,2,2,2,Neutral,R1,1,True,2
36186,2,2,2,Neutral,R1,1,True,2
36190,1,1,1,Neutral,R1,1,True,1
36199,2,2,2,Neutral,R1,1,True,2
36209,1,1,1,Neutral,R1,1,True,1
36223,1,2,2,Neutral,R1,0,False,1
36247,1,1,1,Neutral,R1,1,True,1
36341,2,2,2,Neutral,R1,1,True,2
36403,2,2,2,Neutral,R1,1,True,2
36419,2,2,2,Neutral,R1,1,True,2
36434,2,2,2,Neutral,R1,1,True,2
36449,1,1,1,Neutral,R1,1,True,1
36482,2,2,2,Neutral,R1,1,True,2
36557,2,2,2,Neutral,R1,1,True,2
36686,2,2,2,Neutral,R1,1,True,2
36689,2,2,2,Neutral,R1,1,True,2
36734,1,1,1,Neutral,R1,1,True,1
36743,1,1,1,Neutral,R1,1,True,1
36767,2,2,2,Neutral,R1,1,True,2
36785,1,2,1,Neutral,R1,0,False,1
36812,2,2,2,Neutral,R1,1,True,2
36819,2,2,2,Neutral,R1,1,True,2
36849,2,2,2,Neutral,R1,1,True,2
36960,2,2,2,Neutral,R1,1,True,2
36974,2,2,2,Neutral,R1,1,True,2
37006,2,2,2,Neutral,R1,1,True,2
37016,2,2,2,Neutral,R1,1,True,2
37020,1,1,1,Neutral,R1,1,True,1
37082,2,2,2,Neutral,R1,1,True,2
37102,2,2,2,Neutral,R1,1,True,2
37114,2,2,2,Neutral,R1,1,True,2
37124,2,2,2,Neutral,R1,1,True,2
37184,1,2,1,Neutral,R1,0,False,1
37234,1,1,1,Neutral,R1,1,True,1
37245,1,1,1,Neutral,R1,1,True,1
37249,1,1,1,Neutral,R1,1,True,1
37258,1,2,2,Neutral,R1,0,False,1
37327,1,1,1,Neutral,R1,1,True,1
37367,2,2,2,Neutral,R1,1,True,2
37404,1,1,1,Neutral,R1,1,True,1
37422,1,1,1,Neutral,R1,1,True,1
37432,2,2,2,Neutral,R1,1,True,2
37435,1,2,1,Neutral,R1,0,False,1
37490,1,1,1,Neutral,R1,1,True,1
37537,2,2,2,Neutral,R1,1,True,2
37542,1,1,1,Neutral,R1,1,True,1
37569,2,2,2,Neutral,R1,1,True,2
37608,2,2,1,Neutral,R1,0,False,2
37614,2,2,2,Neutral,R1,1,True,2
37617,2,2,2,Neutral,R1,1,True,2
37679,1,1,1,Neutral,R1,1,True,1
37723,2,2,2,Neutral,R1,1,True,2
37725,2,2,2,Neutral,R1,1,True,2
37741,2,2,2,Neutral,R1,1,True,2
37743,2,2,2,Neutral,R1,1,True,2
37842,1,1,1,Neutral,R1,1,True,1
37843,1,2,1,Neutral,R1,0,False,1
37909,1,1,1,Neutral,R1,1,True,1
37955,1,1,1,Neutral,R1,1,True,1
38026,2,2,2,Neutral,R1,1,True,2
38068,2,2,2,Neutral,R1,1,True,2
38078,2,2,2,Neutral,R1,1,True,2
38093,2,2,1,Neutral,R1,0,False,2
38130,1,1,1,Neutral,R1,1,True,1
38144,1,1,1,Neutral,R1,1,True,1
38146,1,1,1,Neutral,R1,1,True,1
38166,1,1,1,Neutral,R1,1,True,1
38168,1,1,1,Neutral,R1,1,True,1
38191,2,2,2,Neutral,R1,1,True,2
38245,1,1,1,Neutral,R1,1,True,1
38267,2,2,2,Neutral,R1,1,True,2
38352,1,1,1,Neutral,R1,1,True,1
38363,2,2,2,Neutral,R1,1,True,2
38390,1,1,2,Neutral,R1,0,False,1
38395,1,1,1,Neutral,R1,1,True,1
38425,2,2,2,Neutral,R1,1,True,2
38485,1,1,1,Neutral,R1,1,True,1
38518,1,1,1,Neutral,R1,1,True,1
38530,1,1,1,Neutral,R1,1,True,1
38533,2,2,2,Neutral,R1,1,True,2
38554,2,2,2,Neutral,R1,1,True,2
38562,2,2,2,Neutral,R1,1,True,2
38593,2,2,2,Neutral,R1,1,True,2
38627,2,2,2,Neutral,R1,1,True,2
38630,1,1,1,Neutral,R1,1,True,1
38721,1,1,1,Neutral,R1,1,True,1
38773,2,2,2,Neutral,R1,1,True,2
38802,2,2,2,Neutral,R1,1,True,2
38809,1,1,1,Neutral,R1,1,True,1
38811,2,2,2,Neutral,R1,1,True,2
38829,1,1,1,Neutral,R1,1,True,1
38858,2,2,1,Neutral,R1,0,False,2
38920,2,2,2,Neutral,R1,1,True,2
38928,2,2,2,Neutral,R1,1,True,2
38947,1,1,1,Neutral,R1,1,True,1
39000,1,1,1,Neutral,R1,1,True,1
39152,1,1,1,Neutral,R1,1,True,1
39199,1,1,1,Neutral,R1,1,True,1
39321,1,1,1,Neutral,R1,1,True,1
39356,2,2,2,Neutral,R1,1,True,2
39388,2,2,2,Neutral,R1,1,True,2
39457,1,1,1,Neutral,R1,1,True,1
39466,1,2,1,Neutral,R1,0,False,1
39532,2,2,2,Neutral,R1,1,True,2
39553,2,2,2,Neutral,R1,1,True,2
39557,1,1,1,Neutral,R1,1,True,1
39630,1,2,1,Neutral,R1,0,False,1
39715,1,1,1,Neutral,R1,1,True,1
39795,1,2,2,Neutral,R1,0,False,1
39804,1,1,1,Neutral,R1,1,True,1
39833,2,2,2,Neutral,R1,1,True,2
39842,1,1,1,Neutral,R1,1,True,1
39855,1,1,1,Neutral,R1,1,True,1
39864,2,2,2,Neutral,R1,1,True,2
39884,2,2,2,Neutral,R1,1,True,2
39918,1,1,1,Neutral,R1,1,True,1
40029,1,1,1,Neutral,R1,1,True,1
40068,1,1,1,Neutral,R1,1,True,1
40135,1,1,1,Neutral,R1,1,True,1
40145,2,2,2,Neutral,R1,1,True,2
40164,1,1,1,Neutral,R1,1,True,1
40169,1,2,1,Neutral,R1,0,False,1
40296,2,2,2,Neutral,R1,1,True,2
40352,1,2,1,Neutral,R1,0,False,1
40376,1,2,1,Neutral,R1,0,False,1
40497,2,2,2,Neutral,R1,1,True,2
40535,1,1,1,Neutral,R1,1,True,1
40542,2,2,2,Neutral,R1,1,True,2
40622,2,2,2,Neutral,R1,1,True,2
40625,2,2,2,Neutral,R1,1,True,2
40653,2,2,2,Neutral,R1,1,True,2
40762,1,1,1,Neutral,R1,1,True,1
40853,1,1,1,Neutral,R1,1,True,1
40855,2,2,2,Neutral,R1,1,True,2
40857,2,2,2,Neutral,R1,1,True,2
40920,2,2,2,Neutral,R1,1,True,2
40923,2,2,2,Neutral,R1,1,True,2
40969,1,1,1,Neutral,R1,1,True,1
40991,1,1,1,Neutral,R1,1,True,1
41001,2,2,2,Neutral,R1,1,True,2
41077,1,1,1,Neutral,R1,1,True,1
41103,2,2,2,Neutral,R1,1,True,2
41150,1,2,1,Neutral,R1,0,False,1
41152,2,2,2,Neutral,R1,1,True,2
41237,1,1,1,Neutral,R1,1,True,1
41239,1,1,1,Neutral,R1,1,True,1
41273,1,1,1,Neutral,R1,1,True,1
41360,2,2,2,Neutral,R1,1,True,2
41368,1,1,1,Neutral,R1,1,True,1
41416,1,1,1,Neutral,R1,1,True,1
41457,1,2,1,Neutral,R1,0,False,1
41472,1,1,1,Neutral,R1,1,True,1
41514,2,2,2,Neutral,R1,1,True,2
41581,2,2,2,Neutral,R1,1,True,2
41590,1,2,1,Neutral,R1,0,False,1
41607,1,2,1,Neutral,R1,0,False,1
41636,1,1,1,Neutral,R1,1,True,1
41704,1,1,1,Neutral,R1,1,True,1
41829,2,2,2,Neutral,R1,1,True,2
41836,1,1,1,Neutral,R1,1,True,1
41906,2,2,2,Neutral,R1,1,True,2
41973,2,2,2,Neutral,R1,1,True,2
42006,2,2,2,Neutral,R1,1,True,2
42040,1,1,1,Neutral,R1,1,True,1
42067,1,1,1,Neutral,R1,1,True,1
42086,2,2,2,Neutral,R1,1,True,2
42112,2,2,2,Neutral,R1,1,True,2
42166,2,2,2,Neutral,R1,1,True,2
42174,2,1,2,Neutral,R1,0,False,2
42185,2,2,2,Neutral,R1,1,True,2
42228,2,2,2,Neutral,R1,1,True,2
42330,1,1,1,Neutral,R1,1,True,1
42335,2,2,2,Neutral,R1,1,True,2
42344,2,2,2,Neutral,R1,1,True,2
42391,2,2,2,Neutral,R1,1,True,2
42428,1,2,1,Neutral,R1,0,False,1
42468,2,2,2,Neutral,R1,1,True,2
42520,2,2,2,Neutral,R1,1,True,2
42521,1,1,1,Neutral,R1,1,True,1
42568,1,1,1,Neutral,R1,1,True,1
42572,2,2,2,Neutral,R1,1,True,2
42585,1,1,1,Neutral,R1,1,True,1
42609,2,2,2,Neutral,R1,1,True,2
42690,2,2,1,Neutral,R1,0,False,2
42714,2,2,2,Neutral,R1,1,True,2
42742,1,2,1,Neutral,R1,0,False,1
42860,2,2,2,Neutral,R1,1,True,2
42886,2,2,2,Neutral,R1,1,True,2
42922,2,2,2,Neutral,R1,1,True,2
43042,1,2,1,Neutral,R1,0,False,1
43070,2,2,2,Neutral,R1,1,True,2
43113,1,2,1,Neutral,R1,0,False,1
43164,2,2,1,Neutral,R1,0,False,2
43191,1,2,1,Neutral,R1,0,False,1
43285,1,1,1,Neutral,R1,1,True,1
43295,2,2,2,Neutral,R1,1,True,2
43350,2,2,2,Neutral,R1,1,True,2
43486,1,1,1,Neutral,R1,1,True,1
43526,2,2,2,Neutral,R1,1,True,2
43621,2,2,2,Neutral,R1,1,True,2
43668,2,2,2,Neutral,R1,1,True,2
43764,2,2,2,Neutral,R1,1,True,2
43800,1,1,1,Neutral,R1,1,True,1
43811,2,2,2,Neutral,R1,1,True,2
43878,1,1,1,Neutral,R1,1,True,1
44063,2,2,2,Neutral,R1,1,True,2
44064,2,2,2,Neutral,R1,1,True,2
44147,2,2,2,Neutral,R1,1,True,2
44167,2,2,2,Neutral,R1,1,True,2
44178,2,2,2,Neutral,R1,1,True,2
44313,2,2,2,Neutral,R1,1,True,2
44380,1,1,1,Neutral,R1,1,True,1
44400,2,2,2,Neutral,R1,1,True,2
44415,2,2,2,Neutral,R1,1,True,2
44430,2,2,2,Neutral,R1,1,True,2
44444,2,2,2,Neutral,R1,1,True,2
44458,2,2,2,Neutral,R1,1,True,2
44475,1,2,1,Neutral,R1,0,False,1
44479,2,2,2,Neutral,R1,1,True,2
44628,1,1,1,Neutral,R1,1,True,1
44682,1,1,1,Neutral,R1,1,True,1
44743,2,2,2,Neutral,R1,1,True,2
44812,2,2,2,Neutral,R1,1,True,2
44833,1,2,2,Neutral,R1,0,False,1
44841,1,2,1,Neutral,R1,0,False,1
44887,2,2,2,Neutral,R1,1,True,2
44967,1,1,1,Neutral,R1,1,True,1
45012,2,2,2,Neutral,R1,1,True,2
45024,1,1,1,Neutral,R1,1,True,1
45075,2,2,2,Neutral,R1,1,True,2
45117,2,2,2,Neutral,R1,1,True,2
45137,2,2,2,Neutral,R1,1,True,2
45175,2,2,2,Neutral,R1,1,True,2
45184,1,1,1,Neutral,R1,1,True,1
45190,1,1,1,Neutral,R1,1,True,1
45199,1,1,1,Neutral,R1,1,True,1
45289,2,2,1,Neutral,R1,0,False,2
45314,2,1,1,Neutral,R1,0,False,2
45337,1,1,1,Neutral,R1,1,True,1
45340,2,2,2,Neutral,R1,1,True,2
45390,2,2,2,Neutral,R1,1,True,2
45424,2,2,1,Neutral,R1,0,False,2
45470,2,2,2,Neutral,R1,1,True,2
45492,1,1,1,Neutral,R1,1,True,1
45529,2,2,2,Neutral,R1,1,True,2
45544,2,2,2,Neutral,R1,1,True,2
45784,1,1,1,Neutral,R1,1,True,1
45800,2,2,2,Neutral,R1,1,True,2
45811,2,2,2,Neutral,R1,1,True,2
45837,1,1,1,Neutral,R1,1,True,1
45857,2,2,2,Neutral,R1,1,True,2
45893,2,2,2,Neutral,R1,1,True,2
45919,1,1,1,Neutral,R1,1,True,1
45938,2,2,2,Neutral,R1,1,True,2
45983,2,2,2,Neutral,R1,1,True,2
45985,1,1,1,Neutral,R1,1,True,1
46026,2,2,2,Neutral,R1,1,True,2
46132,1,1,1,Neutral,R1,1,True,1
46147,1,1,1,Neutral,R1,1,True,1
46160,1,1,1,Neutral,R1,1,True,1
46218,2,2,1,Neutral,R1,0,False,2
46346,1,1,1,Neutral,R1,1,True,1
46371,1,1,1,Neutral,R1,1,True,1
46372,2,2,2,Neutral,R1,1,True,2
46555,2,2,2,Neutral,R1,1,True,2
46569,2,2,2,Neutral,R1,1,True,2
46595,2,2,2,Neutral,R1,1,True,2
46674,1,1,1,Neutral,R1,1,True,1
46707,2,2,2,Neutral,R1,1,True,2
46710,2,2,2,Neutral,R1,1,True,2
46751,2,2,2,Neutral,R1,1,True,2
46756,1,1,1,Neutral,R1,1,True,1
46758,2,2,2,Neutral,R1,1,True,2
46810,2,2,2,Neutral,R1,1,True,2
46859,2,2,2,Neutral,R1,1,True,2
46880,1,1,1,Neutral,R1,1,True,1
46894,2,2,2,Neutral,R1,1,True,2
46969,2,2,2,Neutral,R1,1,True,2
47024,2,2,2,Neutral,R1,1,True,2
47060,2,2,2,Neutral,R1,1,True,2
47065,1,1,1,Neutral,R1,1,True,1
47097,1,1,1,Neutral,R1,1,True,1
47139,2,2,2,Neutral,R1,1,True,2
47169,2,2,2,Neutral,R1,1,True,2
47174,2,1,1,Neutral,R1,0,False,2
47216,2,2,2,Neutral,R1,1,True,2
47246,2,2,2,Neutral,R1,1,True,2
47249,2,2,2,Neutral,R1,1,True,2
47362,1,1,1,Neutral,R1,1,True,1
47371,1,1,1,Neutral,R1,1,True,1
47560,1,1,1,Neutral,R1,1,True,1
47603,1,2,2,Neutral,R1,0,False,1
47619,2,2,2,Neutral,R1,1,True,2
47632,1,1,1,Neutral,R1,1,True,1
47865,2,2,2,Neutral,R1,1,True,2
47886,2,2,2,Neutral,R1,1,True,2
48180,2,2,2,Neutral,R1,1,True,2
48182,1,1,1,Neutral,R1,1,True,1
48217,2,2,2,Neutral,R1,1,True,2
48246,1,1,1,Neutral,R1,1,True,1
48295,2,2,2,Neutral,R1,1,True,2
48329,1,1,1,Neutral,R1,1,True,1
48352,2,1,1,Neutral,R1,0,False,2
48355,2,2,2,Neutral,R1,1,True,2
48359,1,1,1,Neutral,R1,1,True,1
48434,2,2,2,Neutral,R1,1,True,2
48441,2,2,2,Neutral,R1,1,True,2
48449,2,2,2,Neutral,R1,1,True,2
48506,2,2,2,Neutral,R1,1,True,2
48538,2,2,2,Neutral,R1,1,True,2
48541,1,1,1,Neutral,R1,1,True,1
48562,2,2,2,Neutral,R1,1,True,2
48563,2,2,2,Neutral,R1,1,True,2
48566,2,2,2,Neutral,R1,1,True,2
48587,1,1,1,Neutral,R1,1,True,1
48607,2,2,2,Neutral,R1,1,True,2
48618,1,1,1,Neutral,R1,1,True,1
48722,2,2,2,Neutral,R1,1,True,2
48728,1,1,1,Neutral,R1,1,True,1
48859,2,2,2,Neutral,R1,1,True,2
48898,1,1,1,Neutral,R1,1,True,1
48976,2,2,2,Neutral,R1,1,True,2
49004,1,1,1,Neutral,R1,1,True,1
49029,1,1,1,Neutral,R1,1,True,1
49047,1,1,1,Neutral,R1,1,True,1
49052,1,1,1,Neutral,R1,1,True,1
49095,1,1,1,Neutral,R1,1,True,1
49132,1,1,1,Neutral,R1,1,True,1
49146,1,1,1,Neutral,R1,1,True,1
49168,2,2,2,Neutral,R1,1,True,2
49182,2,2,2,Neutral,R1,1,True,2
49189,1,1,1,Neutral,R1,1,True,1
49213,1,1,1,Neutral,R1,1,True,1
49228,1,1,1,Neutral,R1,1,True,1
49239,1,2,1,Neutral,R1,0,False,1
49242,2,2,2,Neutral,R1,1,True,2
49325,1,1,1,Neutral,R1,1,True,1
49400,2,2,2,Neutral,R1,1,True,2
49460,1,1,1,Neutral,R1,1,True,1
49550,2,2,2,Neutral,R1,1,True,2
49700,1,1,1,Neutral,R1,1,True,1
49737,1,1,1,Neutral,R1,1,True,1
49765,2,2,2,Neutral,R1,1,True,2
49777,2,2,2,Neutral,R1,1,True,2
49804,2,2,2,Neutral,R1,1,True,2
49855,2,2,2,Neutral,R1,1,True,2
49870,2,2,2,Neutral,R1,1,True,2
49943,2,2,2,Neutral,R1,1,True,2
49950,2,2,2,Neutral,R1,1,True,2
49959,2,2,2,Neutral,R1,1,True,2
49971,1,1,1,Neutral,R1,1,True,1
55,1,1,1,Neutral,V3,1,True,1
107,2,2,2,Neutral,V3,1,True,2
176,1,1,1,Neutral,V3,1,True,1
257,1,1,1,Neutral,V3,1,True,1
283,2,2,2,Neutral,V3,1,True,2
284,2,2,2,Neutral,V3,1,True,2
287,1,1,1,Neutral,V3,1,True,1
310,2,2,2,Neutral,V3,1,True,2
337,2,2,2,Neutral,V3,1,True,2
379,2,2,2,Neutral,V3,1,True,2
393,2,2,2,Neutral,V3,1,True,2
405,2,2,2,Neutral,V3,1,True,2
423,2,2,2,Neutral,V3,1,True,2
450,2,2,2,Neutral,V3,1,True,2
504,2,2,2,Neutral,V3,1,True,2
525,2,2,2,Neutral,V3,1,True,2
545,1,1,1,Neutral,V3,1,True,1
626,2,2,2,Neutral,V3,1,True,2
715,2,2,2,Neutral,V3,1,True,2
722,1,1,1,Neutral,V3,1,True,1
793,2,2,2,Neutral,V3,1,True,2
804,2,2,2,Neutral,V3,1,True,2
813,2,2,2,Neutral,V3,1,True,2
856,2,2,2,Neutral,V3,1,True,2
893,2,2,2,Neutral,V3,1,True,2
922,1,1,1,Neutral,V3,1,True,1
1029,2,2,2,Neutral,V3,1,True,2
1057,1,1,1,Neutral,V3,1,True,1
1106,1,1,1,Neutral,V3,1,True,1
1176,1,2,1,Neutral,V3,0,False,1
1199,1,1,1,Neutral,V3,1,True,1
1200,2,2,2,Neutral,V3,1,True,2
1205,2,2,2,Neutral,V3,1,True,2
1227,2,2,2,Neutral,V3,1,True,2
1261,2,2,2,Neutral,V3,1,True,2
1285,1,1,1,Neutral,V3,1,True,1
1290,1,1,1,Neutral,V3,1,True,1
1347,1,1,1,Neutral,V3,1,True,1
1352,2,2,2,Neutral,V3,1,True,2
1363,2,2,2,Neutral,V3,1,True,2
1421,1,1,1,Neutral,V3,1,True,1
1434,1,1,1,Neutral,V3,1,True,1
1481,1,1,1,Neutral,V3,1,True,1
1545,1,1,1,Neutral,V3,1,True,1
1552,1,1,1,Neutral,V3,1,True,1
1573,1,1,1,Neutral,V3,1,True,1
1656,2,2,2,Neutral,V3,1,True,2
1687,1,1,1,Neutral,V3,1,True,1
1707,2,2,2,Neutral,V3,1,True,2
1733,2,2,2,Neutral,V3,1,True,2
1735,2,2,2,Neutral,V3,1,True,2
1755,2,2,2,Neutral,V3,1,True,2
1808,1,2,1,Neutral,V3,0,False,1
1814,2,2,2,Neutral,V3,1,True,2
1819,2,2,2,Neutral,V3,1,True,2
1822,1,1,1,Neutral,V3,1,True,1
1823,1,1,1,Neutral,V3,1,True,1
1862,1,1,1,Neutral,V3,1,True,1
2004,2,2,2,Neutral,V3,1,True,2
2039,2,2,2,Neutral,V3,1,True,2
2055,1,1,1,Neutral,V3,1,True,1
2068,2,2,2,Neutral,V3,1,True,2
2081,1,1,1,Neutral,V3,1,True,1
2155,2,2,2,Neutral,V3,1,True,2
2170,1,1,1,Neutral,V3,1,True,1
2221,2,2,2,Neutral,V3,1,True,2
2288,2,2,2,Neutral,V3,1,True,2
2375,2,2,2,Neutral,V3,1,True,2
2379,1,1,1,Neutral,V3,1,True,1
2408,2,2,2,Neutral,V3,1,True,2
2426,2,2,2,Neutral,V3,1,True,2
2584,2,2,2,Neutral,V3,1,True,2
2585,1,1,1,Neutral,V3,1,True,1
2599,2,2,2,Neutral,V3,1,True,2
2600,1,1,1,Neutral,V3,1,True,1
2732,2,2,2,Neutral,V3,1,True,2
2844,1,1,1,Neutral,V3,1,True,1
2891,2,2,2,Neutral,V3,1,True,2
2932,2,2,2,Neutral,V3,1,True,2
2983,2,1,1,Neutral,V3,0,False,2
3056,1,1,1,Neutral,V3,1,True,1
3081,1,2,1,Neutral,V3,0,False,1
3102,1,1,1,Neutral,V3,1,True,1
3191,1,1,1,Neutral,V3,1,True,1
3230,2,2,2,Neutral,V3,1,True,2
3297,1,1,1,Neutral,V3,1,True,1
3363,1,1,1,Neutral,V3,1,True,1
3367,2,2,2,Neutral,V3,1,True,2
3385,1,2,1,Neutral,V3,0,False,1
3400,1,1,1,Neutral,V3,1,True,1
3418,1,1,1,Neutral,V3,1,True,1
3429,2,2,2,Neutral,V3,1,True,2
3440,1,1,1,Neutral,V3,1,True,1
3512,2,2,2,Neutral,V3,1,True,2
3524,1,1,1,Neutral,V3,1,True,1
3567,1,1,1,Neutral,V3,1,True,1
3631,2,2,2,Neutral,V3,1,True,2
3811,1,1,1,Neutral,V3,1,True,1
3824,1,1,1,Neutral,V3,1,True,1
3839,1,1,1,Neutral,V3,1,True,1
3867,1,1,1,Neutral,V3,1,True,1
3868,1,1,1,Neutral,V3,1,True,1
3912,1,2,1,Neutral,V3,0,False,1
3929,2,2,2,Neutral,V3,1,True,2
3954,2,2,2,Neutral,V3,1,True,2
3971,2,2,2,Neutral,V3,1,True,2
3979,2,2,2,Neutral,V3,1,True,2
4011,2,2,2,Neutral,V3,1,True,2
4017,1,1,1,Neutral,V3,1,True,1
4066,2,2,2,Neutral,V3,1,True,2
4087,2,2,2,Neutral,V3,1,True,2
4153,2,2,2,Neutral,V3,1,True,2
4182,2,2,2,Neutral,V3,1,True,2
4187,1,1,1,Neutral,V3,1,True,1
4207,1,1,1,Neutral,V3,1,True,1
4211,1,1,1,Neutral,V3,1,True,1
4303,1,1,1,Neutral,V3,1,True,1
4314,1,1,1,Neutral,V3,1,True,1
4339,2,2,2,Neutral,V3,1,True,2
4348,2,2,2,Neutral,V3,1,True,2
4447,1,1,1,Neutral,V3,1,True,1
4462,1,1,1,Neutral,V3,1,True,1
4591,1,1,1,Neutral,V3,1,True,1
4624,2,2,2,Neutral,V3,1,True,2
4651,2,2,2,Neutral,V3,1,True,2
4652,1,1,1,Neutral,V3,1,True,1
4663,1,1,1,Neutral,V3,1,True,1
4706,2,2,2,Neutral,V3,1,True,2
4716,1,1,1,Neutral,V3,1,True,1
4744,2,2,2,Neutral,V3,1,True,2
4767,1,1,1,Neutral,V3,1,True,1
4795,1,1,1,Neutral,V3,1,True,1
4797,1,2,1,Neutral,V3,0,False,1
4812,2,2,2,Neutral,V3,1,True,2
4827,2,2,2,Neutral,V3,1,True,2
4829,2,2,2,Neutral,V3,1,True,2
4851,2,2,2,Neutral,V3,1,True,2
4856,2,2,2,Neutral,V3,1,True,2
4865,2,2,2,Neutral,V3,1,True,2
4871,1,1,1,Neutral,V3,1,True,1
4927,2,2,2,Neutral,V3,1,True,2
4937,1,1,1,Neutral,V3,1,True,1
5006,1,1,1,Neutral,V3,1,True,1
5009,1,1,1,Neutral,V3,1,True,1
5024,1,1,1,Neutral,V3,1,True,1
5070,1,1,1,Neutral,V3,1,True,1
5086,2,2,2,Neutral,V3,1,True,2
5105,2,2,2,Neutral,V3,1,True,2
5119,1,1,1,Neutral,V3,1,True,1
5120,2,2,2,Neutral,V3,1,True,2
5159,2,2,2,Neutral,V3,1,True,2
5406,1,1,1,Neutral,V3,1,True,1
5424,2,2,2,Neutral,V3,1,True,2
5475,1,2,1,Neutral,V3,0,False,1
5499,1,1,1,Neutral,V3,1,True,1
5570,1,1,1,Neutral,V3,1,True,1
5586,1,1,1,Neutral,V3,1,True,1
5619,2,2,2,Neutral,V3,1,True,2
5651,1,1,1,Neutral,V3,1,True,1
5741,1,1,1,Neutral,V3,1,True,1
5797,2,2,2,Neutral,V3,1,True,2
5824,2,2,2,Neutral,V3,1,True,2
5829,1,1,1,Neutral,V3,1,True,1
5834,1,1,1,Neutral,V3,1,True,1
5906,2,2,2,Neutral,V3,1,True,2
5913,2,2,2,Neutral,V3,1,True,2
5938,1,1,1,Neutral,V3,1,True,1
5957,2,2,2,Neutral,V3,1,True,2
5998,2,2,2,Neutral,V3,1,True,2
6010,2,2,2,Neutral,V3,1,True,2
6059,2,2,2,Neutral,V3,1,True,2
6111,1,1,1,Neutral,V3,1,True,1
6137,1,1,1,Neutral,V3,1,True,1
6156,1,1,1,Neutral,V3,1,True,1
6252,1,1,1,Neutral,V3,1,True,1
6253,2,2,2,Neutral,V3,1,True,2
6255,2,2,2,Neutral,V3,1,True,2
6295,1,1,1,Neutral,V3,1,True,1
6347,1,1,1,Neutral,V3,1,True,1
6374,1,1,1,Neutral,V3,1,True,1
6420,1,2,1,Neutral,V3,0,False,1
6452,1,1,1,Neutral,V3,1,True,1
6465,1,1,1,Neutral,V3,1,True,1
6484,2,2,2,Neutral,V3,1,True,2
6488,2,2,2,Neutral,V3,1,True,2
6519,2,2,2,Neutral,V3,1,True,2
6527,2,2,2,Neutral,V3,1,True,2
6595,1,1,1,Neutral,V3,1,True,1
6631,1,1,1,Neutral,V3,1,True,1
6692,1,1,1,Neutral,V3,1,True,1
6715,2,2,2,Neutral,V3,1,True,2
6728,1,1,1,Neutral,V3,1,True,1
6756,2,2,2,Neutral,V3,1,True,2
6812,1,1,1,Neutral,V3,1,True,1
6824,1,1,1,Neutral,V3,1,True,1
6826,1,1,1,Neutral,V3,1,True,1
6842,1,1,1,Neutral,V3,1,True,1
6867,1,1,1,Neutral,V3,1,True,1
6868,2,2,2,Neutral,V3,1,True,2
6899,2,2,2,Neutral,V3,1,True,2
6965,2,2,2,Neutral,V3,1,True,2
6977,2,2,2,Neutral,V3,1,True,2
6991,1,1,1,Neutral,V3,1,True,1
7001,2,2,2,Neutral,V3,1,True,2
7004,1,1,1,Neutral,V3,1,True,1
7042,1,2,1,Neutral,V3,0,False,1
7070,2,2,2,Neutral,V3,1,True,2
7096,1,1,1,Neutral,V3,1,True,1
7099,1,1,1,Neutral,V3,1,True,1
7194,2,2,2,Neutral,V3,1,True,2
7220,2,2,2,Neutral,V3,1,True,2
7235,2,2,2,Neutral,V3,1,True,2
7313,2,2,2,Neutral,V3,1,True,2
7387,1,1,1,Neutral,V3,1,True,1
7407,1,1,1,Neutral,V3,1,True,1
7430,2,2,2,Neutral,V3,1,True,2
7439,1,1,1,Neutral,V3,1,True,1
7451,2,2,2,Neutral,V3,1,True,2
7498,2,2,2,Neutral,V3,1,True,2
7550,1,1,1,Neutral,V3,1,True,1
7553,2,2,2,Neutral,V3,1,True,2
7555,1,1,1,Neutral,V3,1,True,1
7581,2,2,2,Neutral,V3,1,True,2
7599,2,2,2,Neutral,V3,1,True,2
7631,1,2,1,Neutral,V3,0,False,1
7654,1,1,1,Neutral,V3,1,True,1
7687,1,1,1,Neutral,V3,1,True,1
7723,1,1,1,Neutral,V3,1,True,1
7756,2,2,2,Neutral,V3,1,True,2
7832,2,2,2,Neutral,V3,1,True,2
7887,1,1,1,Neutral,V3,1,True,1
7894,1,1,1,Neutral,V3,1,True,1
7915,2,2,1,Neutral,V3,0,False,2
7949,1,2,1,Neutral,V3,0,False,1
7966,1,1,1,Neutral,V3,1,True,1
7972,1,2,1,Neutral,V3,0,False,1
7992,1,2,1,Neutral,V3,0,False,1
8015,2,2,2,Neutral,V3,1,True,2
8033,1,1,1,Neutral,V3,1,True,1
8139,1,1,1,Neutral,V3,1,True,1
8217,2,2,2,Neutral,V3,1,True,2
8268,1,1,1,Neutral,V3,1,True,1
8339,1,1,1,Neutral,V3,1,True,1
8366,2,2,2,Neutral,V3,1,True,2
8444,1,1,1,Neutral,V3,1,True,1
8477,2,1,2,Neutral,V3,0,False,2
8580,2,2,2,Neutral,V3,1,True,2
8614,1,1,1,Neutral,V3,1,True,1
8630,2,2,2,Neutral,V3,1,True,2
8637,1,1,1,Neutral,V3,1,True,1
8672,1,1,1,Neutral,V3,1,True,1
8800,1,1,1,Neutral,V3,1,True,1
8816,2,2,2,Neutral,V3,1,True,2
8902,2,2,2,Neutral,V3,1,True,2
8923,2,2,2,Neutral,V3,1,True,2
8948,1,1,1,Neutral,V3,1,True,1
8993,1,1,1,Neutral,V3,1,True,1
9004,1,1,1,Neutral,V3,1,True,1
9089,2,2,2,Neutral,V3,1,True,2
9102,1,2,2,Neutral,V3,0,False,1
9120,2,2,2,Neutral,V3,1,True,2
9134,2,2,2,Neutral,V3,1,True,2
9246,2,2,2,Neutral,V3,1,True,2
9268,1,1,1,Neutral,V3,1,True,1
9324,2,2,2,Neutral,V3,1,True,2
9325,1,1,1,Neutral,V3,1,True,1
9349,2,2,2,Neutral,V3,1,True,2
9357,2,2,2,Neutral,V3,1,True,2
9417,1,1,1,Neutral,V3,1,True,1
9459,1,1,1,Neutral,V3,1,True,1
9465,1,1,1,Neutral,V3,1,True,1
9469,2,2,2,Neutral,V3,1,True,2
9473,2,1,2,Neutral,V3,0,False,2
9485,2,2,2,Neutral,V3,1,True,2
9544,1,1,1,Neutral,V3,1,True,1
9595,1,1,1,Neutral,V3,1,True,1
9632,2,2,2,Neutral,V3,1,True,2
9635,2,2,2,Neutral,V3,1,True,2
9677,2,2,2,Neutral,V3,1,True,2
9715,1,1,1,Neutral,V3,1,True,1
9724,2,2,2,Neutral,V3,1,True,2
9774,2,2,2,Neutral,V3,1,True,2
9796,1,1,1,Neutral,V3,1,True,1
9892,2,2,2,Neutral,V3,1,True,2
9899,1,1,1,Neutral,V3,1,True,1
9907,2,2,2,Neutral,V3,1,True,2
9934,1,1,1,Neutral,V3,1,True,1
9955,1,2,1,Neutral,V3,0,False,1
9987,1,1,1,Neutral,V3,1,True,1
10022,1,1,1,Neutral,V3,1,True,1
10156,1,1,1,Neutral,V3,1,True,1
10163,1,1,1,Neutral,V3,1,True,1
10174,1,1,1,Neutral,V3,1,True,1
10187,1,1,1,Neutral,V3,1,True,1
10189,2,2,2,Neutral,V3,1,True,2
10210,1,1,1,Neutral,V3,1,True,1
10301,2,2,2,Neutral,V3,1,True,2
10328,1,1,1,Neutral,V3,1,True,1
10330,2,2,2,Neutral,V3,1,True,2
10361,2,2,1,Neutral,V3,0,False,2
10375,1,1,1,Neutral,V3,1,True,1
10400,1,1,1,Neutral,V3,1,True,1
10423,2,2,2,Neutral,V3,1,True,2
10434,1,1,1,Neutral,V3,1,True,1
10450,2,2,2,Neutral,V3,1,True,2
10566,2,2,2,Neutral,V3,1,True,2
10600,1,2,1,Neutral,V3,0,False,1
10610,2,2,2,Neutral,V3,1,True,2
10621,1,1,1,Neutral,V3,1,True,1
10626,2,2,2,Neutral,V3,1,True,2
10634,2,2,2,Neutral,V3,1,True,2
10713,2,2,2,Neutral,V3,1,True,2
10771,2,2,2,Neutral,V3,1,True,2
10803,2,2,2,Neutral,V3,1,True,2
10910,2,2,2,Neutral,V3,1,True,2
10954,2,2,2,Neutral,V3,1,True,2
10978,1,1,1,Neutral,V3,1,True,1
11024,2,2,2,Neutral,V3,1,True,2
11101,1,2,1,Neutral,V3,0,False,1
11102,1,1,1,Neutral,V3,1,True,1
11112,2,2,1,Neutral,V3,0,False,2
11120,2,2,2,Neutral,V3,1,True,2
11132,2,1,2,Neutral,V3,0,False,2
11189,2,2,2,Neutral,V3,1,True,2
11241,2,2,2,Neutral,V3,1,True,2
11264,1,2,1,Neutral,V3,0,False,1
11283,2,2,2,Neutral,V3,1,True,2
11511,2,2,2,Neutral,V3,1,True,2
11514,2,2,2,Neutral,V3,1,True,2
11523,2,2,2,Neutral,V3,1,True,2
11525,1,1,1,Neutral,V3,1,True,1
11553,1,1,1,Neutral,V3,1,True,1
11596,1,1,1,Neutral,V3,1,True,1
11603,2,2,2,Neutral,V3,1,True,2
11617,2,2,2,Neutral,V3,1,True,2
11630,1,1,1,Neutral,V3,1,True,1
11647,2,2,2,Neutral,V3,1,True,2
11742,2,2,2,Neutral,V3,1,True,2
11786,1,1,1,Neutral,V3,1,True,1
11850,2,2,2,Neutral,V3,1,True,2
11870,1,1,1,Neutral,V3,1,True,1
11874,1,1,1,Neutral,V3,1,True,1
11930,1,1,1,Neutral,V3,1,True,1
11935,2,2,2,Neutral,V3,1,True,2
11967,1,1,1,Neutral,V3,1,True,1
12012,2,2,2,Neutral,V3,1,True,2
12074,1,1,1,Neutral,V3,1,True,1
12143,1,1,1,Neutral,V3,1,True,1
12151,1,1,1,Neutral,V3,1,True,1
12153,1,1,1,Neutral,V3,1,True,1
12219,1,1,1,Neutral,V3,1,True,1
12271,2,2,2,Neutral,V3,1,True,2
12284,2,2,2,Neutral,V3,1,True,2
12285,1,1,1,Neutral,V3,1,True,1
12301,1,1,1,Neutral,V3,1,True,1
12305,1,1,1,Neutral,V3,1,True,1
12323,1,1,1,Neutral,V3,1,True,1
12429,2,2,2,Neutral,V3,1,True,2
12472,2,2,2,Neutral,V3,1,True,2
12486,2,2,2,Neutral,V3,1,True,2
12494,1,1,1,Neutral,V3,1,True,1
12627,1,2,1,Neutral,V3,0,False,1
12645,1,1,1,Neutral,V3,1,True,1
12732,1,1,1,Neutral,V3,1,True,1
12798,2,2,2,Neutral,V3,1,True,2
12830,2,2,2,Neutral,V3,1,True,2
12860,2,2,2,Neutral,V3,1,True,2
12896,1,1,1,Neutral,V3,1,True,1
12903,1,1,1,Neutral,V3,1,True,1
12926,2,2,2,Neutral,V3,1,True,2
12936,2,2,2,Neutral,V3,1,True,2
12948,2,2,2,Neutral,V3,1,True,2
12975,2,2,2,Neutral,V3,1,True,2
12998,2,2,2,Neutral,V3,1,True,2
13035,1,1,1,Neutral,V3,1,True,1
13050,2,2,2,Neutral,V3,1,True,2
13061,1,1,1,Neutral,V3,1,True,1
13113,2,2,2,Neutral,V3,1,True,2
13115,2,2,2,Neutral,V3,1,True,2
13137,2,2,2,Neutral,V3,1,True,2
13141,2,2,2,Neutral,V3,1,True,2
13200,1,1,1,Neutral,V3,1,True,1
13227,2,2,2,Neutral,V3,1,True,2
13300,2,2,2,Neutral,V3,1,True,2
13319,1,1,1,Neutral,V3,1,True,1
13334,1,1,1,Neutral,V3,1,True,1
13384,1,1,1,Neutral,V3,1,True,1
13400,2,2,2,Neutral,V3,1,True,2
13447,2,2,2,Neutral,V3,1,True,2
13469,2,2,2,Neutral,V3,1,True,2
13484,2,2,2,Neutral,V3,1,True,2
13518,2,2,2,Neutral,V3,1,True,2
13531,2,2,2,Neutral,V3,1,True,2
13562,2,2,2,Neutral,V3,1,True,2
13726,2,2,2,Neutral,V3,1,True,2
13785,1,1,1,Neutral,V3,1,True,1
13843,2,2,2,Neutral,V3,1,True,2
13864,2,2,2,Neutral,V3,1,True,2
13874,1,1,1,Neutral,V3,1,True,1
13920,2,2,2,Neutral,V3,1,True,2
13923,2,2,2,Neutral,V3,1,True,2
13996,1,2,2,Neutral,V3,0,False,1
14011,2,2,2,Neutral,V3,1,True,2
14047,2,2,2,Neutral,V3,1,True,2
14055,2,2,2,Neutral,V3,1,True,2
14074,2,2,2,Neutral,V3,1,True,2
14137,1,2,1,Neutral,V3,0,False,1
14139,2,2,2,Neutral,V3,1,True,2
14224,1,1,1,Neutral,V3,1,True,1
14259,1,1,1,Neutral,V3,1,True,1
14300,2,2,2,Neutral,V3,1,True,2
14325,1,1,1,Neutral,V3,1,True,1
14408,1,1,1,Neutral,V3,1,True,1
14410,1,1,1,Neutral,V3,1,True,1
14469,1,1,1,Neutral,V3,1,True,1
14488,1,1,1,Neutral,V3,1,True,1
14532,2,2,2,Neutral,V3,1,True,2
14550,2,2,2,Neutral,V3,1,True,2
14557,1,1,1,Neutral,V3,1,True,1
14581,2,2,2,Neutral,V3,1,True,2
14617,2,2,2,Neutral,V3,1,True,2
14707,2,1,1,Neutral,V3,0,False,2
14759,2,2,2,Neutral,V3,1,True,2
14793,1,1,1,Neutral,V3,1,True,1
14796,2,2,2,Neutral,V3,1,True,2
14818,1,1,1,Neutral,V3,1,True,1
14845,2,2,2,Neutral,V3,1,True,2
14858,2,2,2,Neutral,V3,1,True,2
14868,1,1,1,Neutral,V3,1,True,1
14900,1,1,1,Neutral,V3,1,True,1
14932,2,2,2,Neutral,V3,1,True,2
14970,2,2,2,Neutral,V3,1,True,2
14988,2,2,2,Neutral,V3,1,True,2
15035,1,1,1,Neutral,V3,1,True,1
15066,2,2,2,Neutral,V3,1,True,2
15131,1,1,1,Neutral,V3,1,True,1
15133,2,2,2,Neutral,V3,1,True,2
15176,2,2,2,Neutral,V3,1,True,2
15189,1,1,1,Neutral,V3,1,True,1
15254,1,1,1,Neutral,V3,1,True,1
15290,1,1,1,Neutral,V3,1,True,1
15363,2,2,2,Neutral,V3,1,True,2
15452,2,2,2,Neutral,V3,1,True,2
15473,1,1,2,Neutral,V3,0,False,1
15535,2,2,2,Neutral,V3,1,True,2
15538,1,2,1,Neutral,V3,0,False,1
15555,1,1,1,Neutral,V3,1,True,1
15585,1,2,2,Neutral,V3,0,False,1
15614,2,2,2,Neutral,V3,1,True,2
15620,2,2,2,Neutral,V3,1,True,2
15693,1,1,1,Neutral,V3,1,True,1
15721,2,2,2,Neutral,V3,1,True,2
15735,1,1,1,Neutral,V3,1,True,1
15770,1,1,1,Neutral,V3,1,True,1
15799,2,2,2,Neutral,V3,1,True,2
15810,2,2,2,Neutral,V3,1,True,2
15822,1,1,1,Neutral,V3,1,True,1
15883,1,1,1,Neutral,V3,1,True,1
15894,2,2,1,Neutral,V3,0,False,2
15938,1,2,1,Neutral,V3,0,False,1
15980,2,2,2,Neutral,V3,1,True,2
16011,2,1,1,Neutral,V3,0,False,2
16114,1,1,1,Neutral,V3,1,True,1
16120,1,1,1,Neutral,V3,1,True,1
16170,1,2,1,Neutral,V3,0,False,1
16174,1,1,1,Neutral,V3,1,True,1
16204,1,2,2,Neutral,V3,0,False,1
16212,2,2,2,Neutral,V3,1,True,2
16213,1,1,1,Neutral,V3,1,True,1
16230,1,1,1,Neutral,V3,1,True,1
16264,1,1,1,Neutral,V3,1,True,1
16339,1,1,1,Neutral,V3,1,True,1
16355,2,2,2,Neutral,V3,1,True,2
16386,2,2,2,Neutral,V3,1,True,2
16398,1,1,1,Neutral,V3,1,True,1
16457,2,2,2,Neutral,V3,1,True,2
16521,2,2,2,Neutral,V3,1,True,2
16572,1,1,1,Neutral,V3,1,True,1
16600,1,1,1,Neutral,V3,1,True,1
16614,1,1,1,Neutral,V3,1,True,1
16642,1,1,1,Neutral,V3,1,True,1
16731,1,1,1,Neutral,V3,1,True,1
16801,2,2,2,Neutral,V3,1,True,2
16845,1,1,1,Neutral,V3,1,True,1
16858,2,2,2,Neutral,V3,1,True,2
16891,1,1,1,Neutral,V3,1,True,1
16903,1,1,1,Neutral,V3,1,True,1
16977,1,1,1,Neutral,V3,1,True,1
17002,2,2,2,Neutral,V3,1,True,2
17048,1,1,1,Neutral,V3,1,True,1
17079,2,2,2,Neutral,V3,1,True,2
17082,1,1,1,Neutral,V3,1,True,1
17121,2,2,2,Neutral,V3,1,True,2
17165,2,2,2,Neutral,V3,1,True,2
17212,1,1,1,Neutral,V3,1,True,1
17227,1,1,1,Neutral,V3,1,True,1
17241,2,2,2,Neutral,V3,1,True,2
17280,2,2,2,Neutral,V3,1,True,2
17322,1,1,1,Neutral,V3,1,True,1
17355,2,2,2,Neutral,V3,1,True,2
17361,1,1,1,Neutral,V3,1,True,1
17364,2,2,2,Neutral,V3,1,True,2
17386,2,2,2,Neutral,V3,1,True,2
17423,2,2,2,Neutral,V3,1,True,2
17455,1,1,1,Neutral,V3,1,True,1
17468,1,1,1,Neutral,V3,1,True,1
17475,1,1,1,Neutral,V3,1,True,1
17553,1,1,1,Neutral,V3,1,True,1
17585,2,2,2,Neutral,V3,1,True,2
17693,1,1,1,Neutral,V3,1,True,1
17744,2,2,2,Neutral,V3,1,True,2
17746,2,2,2,Neutral,V3,1,True,2
17792,1,1,1,Neutral,V3,1,True,1
17806,2,2,2,Neutral,V3,1,True,2
17841,1,2,1,Neutral,V3,0,False,1
17877,1,1,1,Neutral,V3,1,True,1
17885,2,2,2,Neutral,V3,1,True,2
17914,1,1,1,Neutral,V3,1,True,1
17929,1,2,1,Neutral,V3,0,False,1
17963,2,2,2,Neutral,V3,1,True,2
18223,2,2,2,Neutral,V3,1,True,2
18290,1,1,1,Neutral,V3,1,True,1
18337,1,1,1,Neutral,V3,1,True,1
18550,2,2,2,Neutral,V3,1,True,2
18553,2,2,2,Neutral,V3,1,True,2
18597,2,1,2,Neutral,V3,0,False,2
18613,2,2,2,Neutral,V3,1,True,2
18630,2,2,2,Neutral,V3,1,True,2
18631,1,1,1,Neutral,V3,1,True,1
18643,1,1,1,Neutral,V3,1,True,1
18652,1,1,1,Neutral,V3,1,True,1
18656,2,2,2,Neutral,V3,1,True,2
18670,1,1,1,Neutral,V3,1,True,1
18805,2,2,2,Neutral,V3,1,True,2
18806,1,1,1,Neutral,V3,1,True,1
18820,1,1,1,Neutral,V3,1,True,1
18839,2,2,2,Neutral,V3,1,True,2
18874,1,1,1,Neutral,V3,1,True,1
18886,1,1,1,Neutral,V3,1,True,1
18935,1,1,1,Neutral,V3,1,True,1
18961,2,2,2,Neutral,V3,1,True,2
18970,2,2,2,Neutral,V3,1,True,2
18998,2,2,2,Neutral,V3,1,True,2
19036,2,2,2,Neutral,V3,1,True,2
19045,2,2,2,Neutral,V3,1,True,2
19113,1,1,1,Neutral,V3,1,True,1
19164,1,1,1,Neutral,V3,1,True,1
19267,2,2,2,Neutral,V3,1,True,2
19295,1,1,1,Neutral,V3,1,True,1
19331,2,2,2,Neutral,V3,1,True,2
19341,1,1,1,Neutral,V3,1,True,1
19363,2,2,2,Neutral,V3,1,True,2
19383,1,1,1,Neutral,V3,1,True,1
19385,2,2,2,Neutral,V3,1,True,2
19395,2,2,2,Neutral,V3,1,True,2
19486,2,2,2,Neutral,V3,1,True,2
19496,2,2,2,Neutral,V3,1,True,2
19519,2,2,2,Neutral,V3,1,True,2
19532,1,1,1,Neutral,V3,1,True,1
19538,1,1,1,Neutral,V3,1,True,1
19593,2,2,2,Neutral,V3,1,True,2
19599,1,1,1,Neutral,V3,1,True,1
19643,1,1,1,Neutral,V3,1,True,1
19686,1,1,1,Neutral,V3,1,True,1
19738,1,1,1,Neutral,V3,1,True,1
19794,1,1,1,Neutral,V3,1,True,1
19811,1,1,1,Neutral,V3,1,True,1
19826,2,2,2,Neutral,V3,1,True,2
19830,2,2,2,Neutral,V3,1,True,2
19839,2,2,2,Neutral,V3,1,True,2
19854,2,2,2,Neutral,V3,1,True,2
19900,2,2,2,Neutral,V3,1,True,2
19915,1,1,1,Neutral,V3,1,True,1
19967,1,1,1,Neutral,V3,1,True,1
19968,2,2,2,Neutral,V3,1,True,2
20031,1,1,1,Neutral,V3,1,True,1
20132,2,2,2,Neutral,V3,1,True,2
20184,1,1,1,Neutral,V3,1,True,1
20195,1,1,1,Neutral,V3,1,True,1
20270,1,1,1,Neutral,V3,1,True,1
20283,1,1,1,Neutral,V3,1,True,1
20299,2,2,2,Neutral,V3,1,True,2
20338,1,2,1,Neutral,V3,0,False,1
20351,1,1,1,Neutral,V3,1,True,1
20380,2,2,2,Neutral,V3,1,True,2
20407,1,2,1,Neutral,V3,0,False,1
20420,1,1,1,Neutral,V3,1,True,1
20422,1,1,1,Neutral,V3,1,True,1
20431,1,1,1,Neutral,V3,1,True,1
20443,1,1,1,Neutral,V3,1,True,1
20446,2,2,2,Neutral,V3,1,True,2
20465,1,1,1,Neutral,V3,1,True,1
20467,1,1,1,Neutral,V3,1,True,1
20504,2,2,2,Neutral,V3,1,True,2
20528,1,1,1,Neutral,V3,1,True,1
20542,1,1,1,Neutral,V3,1,True,1
20549,1,1,1,Neutral,V3,1,True,1
20609,1,1,1,Neutral,V3,1,True,1
20666,1,1,1,Neutral,V3,1,True,1
20677,1,1,1,Neutral,V3,1,True,1
20685,2,2,2,Neutral,V3,1,True,2
20716,2,2,2,Neutral,V3,1,True,2
20717,2,2,2,Neutral,V3,1,True,2
20839,2,2,2,Neutral,V3,1,True,2
20853,1,1,1,Neutral,V3,1,True,1
20869,2,2,2,Neutral,V3,1,True,2
20890,2,2,2,Neutral,V3,1,True,2
20895,1,1,1,Neutral,V3,1,True,1
20964,1,1,1,Neutral,V3,1,True,1
20971,2,2,2,Neutral,V3,1,True,2
21016,1,1,1,Neutral,V3,1,True,1
21051,2,2,2,Neutral,V3,1,True,2
21067,2,2,2,Neutral,V3,1,True,2
21074,1,1,1,Neutral,V3,1,True,1
21098,2,2,2,Neutral,V3,1,True,2
21130,2,2,2,Neutral,V3,1,True,2
21158,1,1,1,Neutral,V3,1,True,1
21165,1,1,1,Neutral,V3,1,True,1
21167,1,1,1,Neutral,V3,1,True,1
21173,1,1,1,Neutral,V3,1,True,1
21180,2,2,2,Neutral,V3,1,True,2
21203,2,2,2,Neutral,V3,1,True,2
21210,1,1,1,Neutral,V3,1,True,1
21328,2,2,2,Neutral,V3,1,True,2
21399,1,1,1,Neutral,V3,1,True,1
21509,2,2,2,Neutral,V3,1,True,2
21544,2,2,2,Neutral,V3,1,True,2
21598,2,2,2,Neutral,V3,1,True,2
21599,1,1,1,Neutral,V3,1,True,1
21606,2,2,2,Neutral,V3,1,True,2
21608,1,1,2,Neutral,V3,0,False,1
21629,1,1,1,Neutral,V3,1,True,1
21630,2,2,2,Neutral,V3,1,True,2
21666,2,2,2,Neutral,V3,1,True,2
21691,1,1,1,Neutral,V3,1,True,1
21847,2,2,2,Neutral,V3,1,True,2
21910,2,2,2,Neutral,V3,1,True,2
21935,2,2,2,Neutral,V3,1,True,2
21961,2,2,2,Neutral,V3,1,True,2
21976,1,1,1,Neutral,V3,1,True,1
21987,2,2,2,Neutral,V3,1,True,2
22043,2,2,2,Neutral,V3,1,True,2
22052,1,1,1,Neutral,V3,1,True,1
22065,1,1,1,Neutral,V3,1,True,1
22066,2,2,2,Neutral,V3,1,True,2
22090,1,1,1,Neutral,V3,1,True,1
22126,2,2,2,Neutral,V3,1,True,2
22166,2,2,2,Neutral,V3,1,True,2
22184,2,2,2,Neutral,V3,1,True,2
22189,1,2,1,Neutral,V3,0,False,1
22194,2,2,2,Neutral,V3,1,True,2
22266,1,1,1,Neutral,V3,1,True,1
22314,2,2,2,Neutral,V3,1,True,2
22356,2,2,2,Neutral,V3,1,True,2
22467,2,2,2,Neutral,V3,1,True,2
22679,1,1,1,Neutral,V3,1,True,1
22707,2,2,2,Neutral,V3,1,True,2
22767,2,2,2,Neutral,V3,1,True,2
22770,1,1,1,Neutral,V3,1,True,1
22814,1,1,1,Neutral,V3,1,True,1
22819,2,2,2,Neutral,V3,1,True,2
22833,1,1,1,Neutral,V3,1,True,1
22849,2,2,2,Neutral,V3,1,True,2
22966,2,2,2,Neutral,V3,1,True,2
23023,1,1,1,Neutral,V3,1,True,1
23052,1,1,1,Neutral,V3,1,True,1
23089,1,1,1,Neutral,V3,1,True,1
23103,1,1,1,Neutral,V3,1,True,1
23104,2,2,2,Neutral,V3,1,True,2
23128,1,1,1,Neutral,V3,1,True,1
23200,1,1,1,Neutral,V3,1,True,1
23313,2,2,2,Neutral,V3,1,True,2
23322,1,1,1,Neutral,V3,1,True,1
23323,1,1,1,Neutral,V3,1,True,1
23404,2,2,2,Neutral,V3,1,True,2
23415,1,1,1,Neutral,V3,1,True,1
23440,2,2,2,Neutral,V3,1,True,2
23453,2,2,2,Neutral,V3,1,True,2
23505,1,1,1,Neutral,V3,1,True,1
23514,2,2,2,Neutral,V3,1,True,2
23524,1,1,1,Neutral,V3,1,True,1
23530,2,2,2,Neutral,V3,1,True,2
23534,1,2,1,Neutral,V3,0,False,1
23574,1,1,1,Neutral,V3,1,True,1
23584,1,1,1,Neutral,V3,1,True,1
23605,1,1,1,Neutral,V3,1,True,1
23620,2,2,2,Neutral,V3,1,True,2
23648,2,2,2,Neutral,V3,1,True,2
23699,2,2,2,Neutral,V3,1,True,2
23713,2,2,2,Neutral,V3,1,True,2
23779,1,1,1,Neutral,V3,1,True,1
23871,1,1,1,Neutral,V3,1,True,1
23873,1,1,1,Neutral,V3,1,True,1
23901,1,1,1,Neutral,V3,1,True,1
24026,1,2,1,Neutral,V3,0,False,1
24163,1,1,1,Neutral,V3,1,True,1
24174,2,2,2,Neutral,V3,1,True,2
24223,1,1,1,Neutral,V3,1,True,1
24260,2,2,2,Neutral,V3,1,True,2
24291,2,2,2,Neutral,V3,1,True,2
24304,1,1,1,Neutral,V3,1,True,1
24334,2,2,2,Neutral,V3,1,True,2
24405,2,2,2,Neutral,V3,1,True,2
24408,1,1,1,Neutral,V3,1,True,1
24500,2,2,2,Neutral,V3,1,True,2
24502,2,2,2,Neutral,V3,1,True,2
24541,2,2,2,Neutral,V3,1,True,2
24573,1,1,1,Neutral,V3,1,True,1
24577,1,1,1,Neutral,V3,1,True,1
24637,2,2,2,Neutral,V3,1,True,2
24673,2,2,2,Neutral,V3,1,True,2
24706,1,1,1,Neutral,V3,1,True,1
24740,2,2,2,Neutral,V3,1,True,2
24774,2,2,2,Neutral,V3,1,True,2
24836,1,1,1,Neutral,V3,1,True,1
24871,2,2,2,Neutral,V3,1,True,2
24902,2,2,2,Neutral,V3,1,True,2
24959,2,2,2,Neutral,V3,1,True,2
24975,1,1,1,Neutral,V3,1,True,1
24995,1,1,1,Neutral,V3,1,True,1
25015,2,2,2,Neutral,V3,1,True,2
25038,1,1,1,Neutral,V3,1,True,1
25109,2,2,2,Neutral,V3,1,True,2
25137,1,1,1,Neutral,V3,1,True,1
25155,1,1,1,Neutral,V3,1,True,1
25239,2,2,2,Neutral,V3,1,True,2
25270,1,1,1,Neutral,V3,1,True,1
25302,2,2,2,Neutral,V3,1,True,2
25337,1,1,1,Neutral,V3,1,True,1
25348,1,1,1,Neutral,V3,1,True,1
25369,2,2,2,Neutral,V3,1,True,2
25380,1,2,1,Neutral,V3,0,False,1
25416,1,1,1,Neutral,V3,1,True,1
25435,1,1,1,Neutral,V3,1,True,1
25447,1,1,1,Neutral,V3,1,True,1
25448,1,1,1,Neutral,V3,1,True,1
25471,2,2,2,Neutral,V3,1,True,2
25523,2,2,2,Neutral,V3,1,True,2
25591,1,1,1,Neutral,V3,1,True,1
25650,1,1,1,Neutral,V3,1,True,1
25690,2,1,2,Neutral,V3,0,False,2
25698,1,1,1,Neutral,V3,1,True,1
25856,1,1,1,Neutral,V3,1,True,1
25868,1,1,1,Neutral,V3,1,True,1
25990,2,2,2,Neutral,V3,1,True,2
26032,1,1,1,Neutral,V3,1,True,1
26129,2,2,2,Neutral,V3,1,True,2
26161,1,1,1,Neutral,V3,1,True,1
26178,2,2,2,Neutral,V3,1,True,2
26211,2,2,2,Neutral,V3,1,True,2
26281,2,2,2,Neutral,V3,1,True,2
26287,2,2,2,Neutral,V3,1,True,2
26292,1,1,1,Neutral,V3,1,True,1
26302,1,1,1,Neutral,V3,1,True,1
26321,2,2,2,Neutral,V3,1,True,2
26337,1,1,1,Neutral,V3,1,True,1
26345,2,2,2,Neutral,V3,1,True,2
26480,2,2,2,Neutral,V3,1,True,2
26492,2,2,2,Neutral,V3,1,True,2
26528,1,1,1,Neutral,V3,1,True,1
26546,1,1,1,Neutral,V3,1,True,1
26556,1,1,1,Neutral,V3,1,True,1
26575,2,2,2,Neutral,V3,1,True,2
26678,2,2,2,Neutral,V3,1,True,2
26714,2,2,2,Neutral,V3,1,True,2
26831,1,1,1,Neutral,V3,1,True,1
26865,2,2,2,Neutral,V3,1,True,2
26878,2,2,2,Neutral,V3,1,True,2
26995,1,1,1,Neutral,V3,1,True,1
27029,1,1,1,Neutral,V3,1,True,1
27088,1,1,1,Neutral,V3,1,True,1
27101,1,1,1,Neutral,V3,1,True,1
27117,2,2,2,Neutral,V3,1,True,2
27271,2,2,2,Neutral,V3,1,True,2
27395,2,2,2,Neutral,V3,1,True,2
27431,2,2,2,Neutral,V3,1,True,2
27497,1,1,1,Neutral,V3,1,True,1
27524,2,2,2,Neutral,V3,1,True,2
27558,2,2,2,Neutral,V3,1,True,2
27610,2,2,2,Neutral,V3,1,True,2
27668,2,2,2,Neutral,V3,1,True,2
27688,2,2,2,Neutral,V3,1,True,2
27740,2,2,2,Neutral,V3,1,True,2
27786,2,2,2,Neutral,V3,1,True,2
27828,2,2,2,Neutral,V3,1,True,2
27904,2,2,2,Neutral,V3,1,True,2
27910,2,2,2,Neutral,V3,1,True,2
27911,2,2,2,Neutral,V3,1,True,2
28011,2,2,2,Neutral,V3,1,True,2
28019,1,1,1,Neutral,V3,1,True,1
28051,2,2,2,Neutral,V3,1,True,2
28057,2,2,2,Neutral,V3,1,True,2
28067,2,2,2,Neutral,V3,1,True,2
28114,2,2,2,Neutral,V3,1,True,2
28222,2,2,2,Neutral,V3,1,True,2
28262,2,2,2,Neutral,V3,1,True,2
28271,1,1,1,Neutral,V3,1,True,1
28339,2,2,2,Neutral,V3,1,True,2
28341,1,1,1,Neutral,V3,1,True,1
28365,2,2,2,Neutral,V3,1,True,2
28463,2,2,2,Neutral,V3,1,True,2
28490,1,1,1,Neutral,V3,1,True,1
28550,2,2,2,Neutral,V3,1,True,2
28574,2,2,2,Neutral,V3,1,True,2
28656,2,2,2,Neutral,V3,1,True,2
28674,2,2,2,Neutral,V3,1,True,2
28728,1,1,1,Neutral,V3,1,True,1
28789,2,2,2,Neutral,V3,1,True,2
28790,1,1,1,Neutral,V3,1,True,1
28814,2,2,2,Neutral,V3,1,True,2
28822,2,2,2,Neutral,V3,1,True,2
28963,1,1,1,Neutral,V3,1,True,1
29070,2,2,2,Neutral,V3,1,True,2
29105,2,2,2,Neutral,V3,1,True,2
29132,1,1,1,Neutral,V3,1,True,1
29144,1,1,1,Neutral,V3,1,True,1
29184,1,1,1,Neutral,V3,1,True,1
29243,2,2,2,Neutral,V3,1,True,2
29385,1,1,1,Neutral,V3,1,True,1
29411,2,2,2,Neutral,V3,1,True,2
29417,2,2,2,Neutral,V3,1,True,2
29454,2,2,2,Neutral,V3,1,True,2
29465,2,2,2,Neutral,V3,1,True,2
29484,2,2,2,Neutral,V3,1,True,2
29582,1,2,1,Neutral,V3,0,False,1
29629,1,1,1,Neutral,V3,1,True,1
29644,1,1,1,Neutral,V3,1,True,1
29679,1,1,1,Neutral,V3,1,True,1
29768,1,1,1,Neutral,V3,1,True,1
29880,1,1,1,Neutral,V3,1,True,1
29903,1,1,1,Neutral,V3,1,True,1
29912,1,1,1,Neutral,V3,1,True,1
29978,1,2,1,Neutral,V3,0,False,1
30052,1,1,1,Neutral,V3,1,True,1
30118,1,1,1,Neutral,V3,1,True,1
30131,2,2,2,Neutral,V3,1,True,2
30137,2,2,2,Neutral,V3,1,True,2
30143,1,1,1,Neutral,V3,1,True,1
30180,1,1,1,Neutral,V3,1,True,1
30259,1,1,1,Neutral,V3,1,True,1
30273,2,2,2,Neutral,V3,1,True,2
30285,2,2,2,Neutral,V3,1,True,2
30328,1,1,1,Neutral,V3,1,True,1
30329,1,1,1,Neutral,V3,1,True,1
30336,2,2,2,Neutral,V3,1,True,2
30340,1,1,1,Neutral,V3,1,True,1
30352,2,2,1,Neutral,V3,0,False,2
30367,2,2,2,Neutral,V3,1,True,2
30457,1,1,1,Neutral,V3,1,True,1
30498,1,1,1,Neutral,V3,1,True,1
30514,1,1,1,Neutral,V3,1,True,1
30544,1,1,1,Neutral,V3,1,True,1
30637,1,1,2,Neutral,V3,0,False,1
30694,2,2,2,Neutral,V3,1,True,2
30701,2,2,2,Neutral,V3,1,True,2
30710,2,2,2,Neutral,V3,1,True,2
30794,2,2,2,Neutral,V3,1,True,2
30807,1,2,1,Neutral,V3,0,False,1
30825,2,2,2,Neutral,V3,1,True,2
30846,1,1,1,Neutral,V3,1,True,1
30856,2,2,2,Neutral,V3,1,True,2
30872,2,2,2,Neutral,V3,1,True,2
30880,1,1,1,Neutral,V3,1,True,1
30899,1,1,1,Neutral,V3,1,True,1
30922,2,2,2,Neutral,V3,1,True,2
30936,2,2,2,Neutral,V3,1,True,2
31029,1,1,1,Neutral,V3,1,True,1
31060,1,1,1,Neutral,V3,1,True,1
31081,2,2,2,Neutral,V3,1,True,2
31089,1,2,1,Neutral,V3,0,False,1
31128,2,2,2,Neutral,V3,1,True,2
31129,2,2,2,Neutral,V3,1,True,2
31138,1,1,1,Neutral,V3,1,True,1
31148,1,1,1,Neutral,V3,1,True,1
31247,1,1,1,Neutral,V3,1,True,1
31266,2,2,2,Neutral,V3,1,True,2
31350,2,2,2,Neutral,V3,1,True,2
31386,2,2,2,Neutral,V3,1,True,2
31470,2,2,2,Neutral,V3,1,True,2
31483,2,2,2,Neutral,V3,1,True,2
31568,1,2,1,Neutral,V3,0,False,1
31597,1,1,1,Neutral,V3,1,True,1
31622,1,1,1,Neutral,V3,1,True,1
31628,1,1,1,Neutral,V3,1,True,1
31634,1,1,1,Neutral,V3,1,True,1
31665,1,1,1,Neutral,V3,1,True,1
31720,1,1,1,Neutral,V3,1,True,1
31728,1,1,1,Neutral,V3,1,True,1
31754,1,2,1,Neutral,V3,0,False,1
31808,2,2,2,Neutral,V3,1,True,2
31883,2,2,2,Neutral,V3,1,True,2
31907,2,2,2,Neutral,V3,1,True,2
32003,2,2,2,Neutral,V3,1,True,2
32090,1,1,1,Neutral,V3,1,True,1
32112,2,2,2,Neutral,V3,1,True,2
32116,2,2,2,Neutral,V3,1,True,2
32131,2,2,2,Neutral,V3,1,True,2
32167,1,1,1,Neutral,V3,1,True,1
32177,2,2,2,Neutral,V3,1,True,2
32263,2,2,2,Neutral,V3,1,True,2
32265,1,1,1,Neutral,V3,1,True,1
32323,2,2,2,Neutral,V3,1,True,2
32372,1,1,1,Neutral,V3,1,True,1
32463,2,2,2,Neutral,V3,1,True,2
32489,2,1,1,Neutral,V3,0,False,2
32518,1,1,1,Neutral,V3,1,True,1
32558,2,2,2,Neutral,V3,1,True,2
32572,2,2,2,Neutral,V3,1,True,2
32638,1,1,1,Neutral,V3,1,True,1
32679,1,1,1,Neutral,V3,1,True,1
32722,2,2,2,Neutral,V3,1,True,2
32747,1,1,1,Neutral,V3,1,True,1
32753,2,2,2,Neutral,V3,1,True,2
32785,1,1,1,Neutral,V3,1,True,1
32872,2,2,2,Neutral,V3,1,True,2
32894,1,1,1,Neutral,V3,1,True,1
32913,2,2,2,Neutral,V3,1,True,2
32917,1,2,1,Neutral,V3,0,False,1
32963,1,2,2,Neutral,V3,0,False,1
32972,2,2,2,Neutral,V3,1,True,2
33026,1,1,1,Neutral,V3,1,True,1
33067,2,2,2,Neutral,V3,1,True,2
33126,2,2,2,Neutral,V3,1,True,2
33141,2,2,2,Neutral,V3,1,True,2
33154,1,1,1,Neutral,V3,1,True,1
33212,1,2,1,Neutral,V3,0,False,1
33262,2,2,2,Neutral,V3,1,True,2
33291,2,2,2,Neutral,V3,1,True,2
33322,2,2,2,Neutral,V3,1,True,2
33345,1,2,1,Neutral,V3,0,False,1
33390,1,1,1,Neutral,V3,1,True,1
33409,2,2,2,Neutral,V3,1,True,2
33433,1,1,1,Neutral,V3,1,True,1
33470,1,1,1,Neutral,V3,1,True,1
33504,1,1,1,Neutral,V3,1,True,1
33509,2,1,2,Neutral,V3,0,False,2
33532,1,1,1,Neutral,V3,1,True,1
33618,2,2,2,Neutral,V3,1,True,2
33649,1,1,1,Neutral,V3,1,True,1
33741,2,1,2,Neutral,V3,0,False,2
33743,2,2,2,Neutral,V3,1,True,2
33765,2,2,2,Neutral,V3,1,True,2
33780,1,1,1,Neutral,V3,1,True,1
33806,1,1,1,Neutral,V3,1,True,1
33808,2,2,2,Neutral,V3,1,True,2
33856,1,1,1,Neutral,V3,1,True,1
33859,2,2,2,Neutral,V3,1,True,2
33890,2,2,2,Neutral,V3,1,True,2
33936,2,2,2,Neutral,V3,1,True,2
33940,1,1,1,Neutral,V3,1,True,1
33961,1,1,1,Neutral,V3,1,True,1
33962,2,2,2,Neutral,V3,1,True,2
33986,1,1,1,Neutral,V3,1,True,1
34029,2,2,2,Neutral,V3,1,True,2
34084,1,1,1,Neutral,V3,1,True,1
34125,2,2,2,Neutral,V3,1,True,2
34143,2,2,2,Neutral,V3,1,True,2
34148,2,2,2,Neutral,V3,1,True,2
34171,1,1,1,Neutral,V3,1,True,1
34215,2,2,2,Neutral,V3,1,True,2
34276,1,1,1,Neutral,V3,1,True,1
34332,2,2,2,Neutral,V3,1,True,2
34354,1,1,1,Neutral,V3,1,True,1
34404,2,2,2,Neutral,V3,1,True,2
34414,2,2,2,Neutral,V3,1,True,2
34456,2,2,2,Neutral,V3,1,True,2
34460,2,2,2,Neutral,V3,1,True,2
34500,1,1,1,Neutral,V3,1,True,1
34573,1,1,1,Neutral,V3,1,True,1
34667,2,2,2,Neutral,V3,1,True,2
34714,2,2,2,Neutral,V3,1,True,2
34754,2,2,2,Neutral,V3,1,True,2
34812,2,2,2,Neutral,V3,1,True,2
34915,1,2,1,Neutral,V3,0,False,1
34918,2,2,2,Neutral,V3,1,True,2
34930,2,2,2,Neutral,V3,1,True,2
34944,2,2,2,Neutral,V3,1,True,2
34983,2,2,2,Neutral,V3,1,True,2
35058,2,2,2,Neutral,V3,1,True,2
35064,1,1,1,Neutral,V3,1,True,1
35127,2,2,2,Neutral,V3,1,True,2
35156,2,2,2,Neutral,V3,1,True,2
35174,1,1,1,Neutral,V3,1,True,1
35191,2,2,2,Neutral,V3,1,True,2
35201,2,2,2,Neutral,V3,1,True,2
35204,2,2,2,Neutral,V3,1,True,2
35282,2,2,2,Neutral,V3,1,True,2
35287,1,1,1,Neutral,V3,1,True,1
35397,2,2,2,Neutral,V3,1,True,2
35429,2,2,2,Neutral,V3,1,True,2
35467,1,1,1,Neutral,V3,1,True,1
35542,2,2,2,Neutral,V3,1,True,2
35564,2,2,2,Neutral,V3,1,True,2
35592,1,1,1,Neutral,V3,1,True,1
35643,2,2,2,Neutral,V3,1,True,2
35653,1,2,2,Neutral,V3,0,False,1
35715,2,2,2,Neutral,V3,1,True,2
35732,2,2,2,Neutral,V3,1,True,2
35738,2,2,2,Neutral,V3,1,True,2
35743,2,2,2,Neutral,V3,1,True,2
35871,2,2,2,Neutral,V3,1,True,2
35880,2,2,2,Neutral,V3,1,True,2
35907,1,2,1,Neutral,V3,0,False,1
35912,1,1,1,Neutral,V3,1,True,1
35918,2,2,2,Neutral,V3,1,True,2
35939,2,2,2,Neutral,V3,1,True,2
35991,2,2,2,Neutral,V3,1,True,2
36100,2,2,2,Neutral,V3,1,True,2
36117,1,1,1,Neutral,V3,1,True,1
36126,2,2,2,Neutral,V3,1,True,2
36186,2,2,2,Neutral,V3,1,True,2
36190,1,1,1,Neutral,V3,1,True,1
36199,2,2,2,Neutral,V3,1,True,2
36209,1,1,1,Neutral,V3,1,True,1
36223,2,2,2,Neutral,V3,1,True,2
36247,1,1,1,Neutral,V3,1,True,1
36341,2,2,2,Neutral,V3,1,True,2
36403,2,2,2,Neutral,V3,1,True,2
36419,2,2,2,Neutral,V3,1,True,2
36434,2,2,2,Neutral,V3,1,True,2
36449,1,1,1,Neutral,V3,1,True,1
36482,2,2,2,Neutral,V3,1,True,2
36557,2,2,2,Neutral,V3,1,True,2
36686,2,2,2,Neutral,V3,1,True,2
36689,2,2,2,Neutral,V3,1,True,2
36734,1,1,1,Neutral,V3,1,True,1
36743,1,1,1,Neutral,V3,1,True,1
36767,2,2,2,Neutral,V3,1,True,2
36785,1,1,1,Neutral,V3,1,True,1
36812,2,2,2,Neutral,V3,1,True,2
36819,2,2,2,Neutral,V3,1,True,2
36849,2,2,2,Neutral,V3,1,True,2
36960,2,2,2,Neutral,V3,1,True,2
36974,2,2,2,Neutral,V3,1,True,2
37006,2,2,2,Neutral,V3,1,True,2
37016,2,2,2,Neutral,V3,1,True,2
37020,1,1,1,Neutral,V3,1,True,1
37082,2,2,2,Neutral,V3,1,True,2
37102,2,2,2,Neutral,V3,1,True,2
37114,2,2,2,Neutral,V3,1,True,2
37124,2,2,2,Neutral,V3,1,True,2
37184,1,2,1,Neutral,V3,0,False,1
37234,1,1,1,Neutral,V3,1,True,1
37245,1,1,1,Neutral,V3,1,True,1
37249,1,1,1,Neutral,V3,1,True,1
37258,1,2,1,Neutral,V3,0,False,1
37327,1,1,1,Neutral,V3,1,True,1
37367,2,2,2,Neutral,V3,1,True,2
37404,1,1,1,Neutral,V3,1,True,1
37422,1,1,1,Neutral,V3,1,True,1
37432,2,2,2,Neutral,V3,1,True,2
37435,1,2,1,Neutral,V3,0,False,1
37490,1,1,1,Neutral,V3,1,True,1
37537,2,2,2,Neutral,V3,1,True,2
37542,1,1,1,Neutral,V3,1,True,1
37569,2,2,2,Neutral,V3,1,True,2
37608,2,2,2,Neutral,V3,1,True,2
37614,2,2,2,Neutral,V3,1,True,2
37617,2,2,2,Neutral,V3,1,True,2
37679,1,1,1,Neutral,V3,1,True,1
37723,2,2,2,Neutral,V3,1,True,2
37725,1,1,1,Neutral,V3,1,True,1
37741,2,2,2,Neutral,V3,1,True,2
37743,2,1,2,Neutral,V3,0,False,2
37842,1,1,1,Neutral,V3,1,True,1
37843,1,2,1,Neutral,V3,0,False,1
37909,1,1,1,Neutral,V3,1,True,1
37955,1,1,1,Neutral,V3,1,True,1
38026,2,2,2,Neutral,V3,1,True,2
38068,2,2,2,Neutral,V3,1,True,2
38078,2,2,2,Neutral,V3,1,True,2
38093,1,2,1,Neutral,V3,0,False,1
38130,1,2,1,Neutral,V3,0,False,1
38144,1,1,1,Neutral,V3,1,True,1
38146,1,1,1,Neutral,V3,1,True,1
38166,1,1,1,Neutral,V3,1,True,1
38168,1,1,1,Neutral,V3,1,True,1
38191,2,2,2,Neutral,V3,1,True,2
38245,1,1,1,Neutral,V3,1,True,1
38267,2,2,2,Neutral,V3,1,True,2
38352,1,1,1,Neutral,V3,1,True,1
38363,2,2,2,Neutral,V3,1,True,2
38390,2,1,1,Neutral,V3,0,False,2
38395,1,1,1,Neutral,V3,1,True,1
38425,2,2,2,Neutral,V3,1,True,2
38485,1,1,1,Neutral,V3,1,True,1
38518,1,1,1,Neutral,V3,1,True,1
38530,1,1,1,Neutral,V3,1,True,1
38533,1,2,2,Neutral,V3,0,False,1
38554,2,2,2,Neutral,V3,1,True,2
38562,2,2,2,Neutral,V3,1,True,2
38593,2,2,2,Neutral,V3,1,True,2
38627,2,2,2,Neutral,V3,1,True,2
38630,1,1,1,Neutral,V3,1,True,1
38721,1,1,1,Neutral,V3,1,True,1
38773,2,2,2,Neutral,V3,1,True,2
38802,2,2,2,Neutral,V3,1,True,2
38809,1,2,1,Neutral,V3,0,False,1
38811,2,2,2,Neutral,V3,1,True,2
38829,1,1,1,Neutral,V3,1,True,1
38858,1,1,1,Neutral,V3,1,True,1
38920,2,2,2,Neutral,V3,1,True,2
38928,2,2,2,Neutral,V3,1,True,2
38947,1,1,1,Neutral,V3,1,True,1
39000,1,1,1,Neutral,V3,1,True,1
39152,1,1,1,Neutral,V3,1,True,1
39199,1,1,1,Neutral,V3,1,True,1
39321,1,1,1,Neutral,V3,1,True,1
39356,2,2,2,Neutral,V3,1,True,2
39388,2,2,2,Neutral,V3,1,True,2
39457,1,1,1,Neutral,V3,1,True,1
39466,1,1,1,Neutral,V3,1,True,1
39532,2,2,2,Neutral,V3,1,True,2
39553,2,2,2,Neutral,V3,1,True,2
39557,1,1,1,Neutral,V3,1,True,1
39630,1,1,1,Neutral,V3,1,True,1
39715,1,1,1,Neutral,V3,1,True,1
39795,1,1,1,Neutral,V3,1,True,1
39804,1,1,1,Neutral,V3,1,True,1
39833,2,2,2,Neutral,V3,1,True,2
39842,1,1,1,Neutral,V3,1,True,1
39855,1,1,1,Neutral,V3,1,True,1
39864,2,2,2,Neutral,V3,1,True,2
39884,2,2,2,Neutral,V3,1,True,2
39918,1,1,1,Neutral,V3,1,True,1
40029,2,2,2,Neutral,V3,1,True,2
40068,1,1,1,Neutral,V3,1,True,1
40135,1,1,1,Neutral,V3,1,True,1
40145,2,2,2,Neutral,V3,1,True,2
40164,1,1,1,Neutral,V3,1,True,1
40169,1,2,1,Neutral,V3,0,False,1
40296,2,2,2,Neutral,V3,1,True,2
40352,1,1,1,Neutral,V3,1,True,1
40376,2,2,2,Neutral,V3,1,True,2
40497,2,2,2,Neutral,V3,1,True,2
40535,1,1,1,Neutral,V3,1,True,1
40542,2,2,2,Neutral,V3,1,True,2
40622,2,2,2,Neutral,V3,1,True,2
40625,2,2,2,Neutral,V3,1,True,2
40653,2,2,2,Neutral,V3,1,True,2
40762,1,1,1,Neutral,V3,1,True,1
40853,1,1,1,Neutral,V3,1,True,1
40855,2,2,2,Neutral,V3,1,True,2
40857,2,2,2,Neutral,V3,1,True,2
40920,1,2,1,Neutral,V3,0,False,1
40923,1,1,1,Neutral,V3,1,True,1
40969,1,1,1,Neutral,V3,1,True,1
40991,1,1,1,Neutral,V3,1,True,1
41001,2,2,2,Neutral,V3,1,True,2
41077,1,1,1,Neutral,V3,1,True,1
41103,2,2,2,Neutral,V3,1,True,2
41150,2,2,2,Neutral,V3,1,True,2
41152,2,2,2,Neutral,V3,1,True,2
41237,1,1,1,Neutral,V3,1,True,1
41239,1,1,1,Neutral,V3,1,True,1
41273,1,1,1,Neutral,V3,1,True,1
41360,2,2,2,Neutral,V3,1,True,2
41368,1,1,1,Neutral,V3,1,True,1
41416,1,1,1,Neutral,V3,1,True,1
41457,2,2,2,Neutral,V3,1,True,2
41472,1,1,1,Neutral,V3,1,True,1
41514,2,2,2,Neutral,V3,1,True,2
41581,2,2,2,Neutral,V3,1,True,2
41590,1,1,1,Neutral,V3,1,True,1
41607,2,2,2,Neutral,V3,1,True,2
41636,1,1,1,Neutral,V3,1,True,1
41704,1,1,1,Neutral,V3,1,True,1
41829,2,2,2,Neutral,V3,1,True,2
41836,1,1,1,Neutral,V3,1,True,1
41906,2,2,2,Neutral,V3,1,True,2
41973,2,2,2,Neutral,V3,1,True,2
42006,2,2,2,Neutral,V3,1,True,2
42040,1,1,1,Neutral,V3,1,True,1
42067,1,1,1,Neutral,V3,1,True,1
42086,2,2,2,Neutral,V3,1,True,2
42112,2,2,2,Neutral,V3,1,True,2
42166,2,2,2,Neutral,V3,1,True,2
42174,2,2,2,Neutral,V3,1,True,2
42185,2,2,2,Neutral,V3,1,True,2
42228,2,2,2,Neutral,V3,1,True,2
42330,1,1,1,Neutral,V3,1,True,1
42335,1,2,1,Neutral,V3,0,False,1
42344,2,2,2,Neutral,V3,1,True,2
42391,2,2,2,Neutral,V3,1,True,2
42428,1,1,1,Neutral,V3,1,True,1
42468,2,2,2,Neutral,V3,1,True,2
42520,1,1,1,Neutral,V3,1,True,1
42521,1,1,1,Neutral,V3,1,True,1
42568,1,1,1,Neutral,V3,1,True,1
42572,2,2,2,Neutral,V3,1,True,2
42585,1,1,1,Neutral,V3,1,True,1
42609,1,2,1,Neutral,V3,0,False,1
42690,1,2,1,Neutral,V3,0,False,1
42714,2,2,2,Neutral,V3,1,True,2
42742,2,1,2,Neutral,V3,0,False,2
42860,2,2,2,Neutral,V3,1,True,2
42886,2,2,2,Neutral,V3,1,True,2
42922,2,2,2,Neutral,V3,1,True,2
43042,1,1,1,Neutral,V3,1,True,1
43070,2,2,2,Neutral,V3,1,True,2
43113,1,2,1,Neutral,V3,0,False,1
43164,2,2,2,Neutral,V3,1,True,2
43191,1,1,1,Neutral,V3,1,True,1
43285,1,1,1,Neutral,V3,1,True,1
43295,2,2,2,Neutral,V3,1,True,2
43350,2,2,2,Neutral,V3,1,True,2
43486,1,1,1,Neutral,V3,1,True,1
43526,2,2,2,Neutral,V3,1,True,2
43621,2,2,2,Neutral,V3,1,True,2
43668,2,2,2,Neutral,V3,1,True,2
43764,2,2,2,Neutral,V3,1,True,2
43800,1,1,1,Neutral,V3,1,True,1
43811,2,2,2,Neutral,V3,1,True,2
43878,1,1,1,Neutral,V3,1,True,1
44063,2,2,2,Neutral,V3,1,True,2
44064,2,2,2,Neutral,V3,1,True,2
44147,1,2,1,Neutral,V3,0,False,1
44167,2,2,2,Neutral,V3,1,True,2
44178,2,2,2,Neutral,V3,1,True,2
44313,2,2,2,Neutral,V3,1,True,2
44380,1,1,1,Neutral,V3,1,True,1
44400,2,2,2,Neutral,V3,1,True,2
44415,2,2,2,Neutral,V3,1,True,2
44430,2,2,2,Neutral,V3,1,True,2
44444,2,2,2,Neutral,V3,1,True,2
44458,2,2,2,Neutral,V3,1,True,2
44475,1,1,1,Neutral,V3,1,True,1
44479,2,2,2,Neutral,V3,1,True,2
44628,1,1,1,Neutral,V3,1,True,1
44682,1,1,1,Neutral,V3,1,True,1
44743,2,2,2,Neutral,V3,1,True,2
44812,2,2,2,Neutral,V3,1,True,2
44833,2,2,2,Neutral,V3,1,True,2
44841,1,1,1,Neutral,V3,1,True,1
44887,2,2,2,Neutral,V3,1,True,2
44967,1,1,1,Neutral,V3,1,True,1
45012,2,2,2,Neutral,V3,1,True,2
45024,1,1,1,Neutral,V3,1,True,1
45075,2,2,2,Neutral,V3,1,True,2
45117,2,2,2,Neutral,V3,1,True,2
45137,2,2,2,Neutral,V3,1,True,2
45175,2,2,2,Neutral,V3,1,True,2
45184,1,1,1,Neutral,V3,1,True,1
45190,1,1,1,Neutral,V3,1,True,1
45199,1,1,1,Neutral,V3,1,True,1
45289,2,2,2,Neutral,V3,1,True,2
45314,1,1,1,Neutral,V3,1,True,1
45337,1,1,1,Neutral,V3,1,True,1
45340,2,2,2,Neutral,V3,1,True,2
45390,2,2,2,Neutral,V3,1,True,2
45424,1,1,1,Neutral,V3,1,True,1
45470,2,2,2,Neutral,V3,1,True,2
45492,1,1,1,Neutral,V3,1,True,1
45529,2,2,2,Neutral,V3,1,True,2
45544,2,2,2,Neutral,V3,1,True,2
45784,1,1,1,Neutral,V3,1,True,1
45800,2,2,2,Neutral,V3,1,True,2
45811,2,2,2,Neutral,V3,1,True,2
45837,1,1,1,Neutral,V3,1,True,1
45857,2,2,2,Neutral,V3,1,True,2
45893,2,2,2,Neutral,V3,1,True,2
45919,1,1,1,Neutral,V3,1,True,1
45938,2,2,2,Neutral,V3,1,True,2
45983,2,2,2,Neutral,V3,1,True,2
45985,1,1,1,Neutral,V3,1,True,1
46026,1,1,1,Neutral,V3,1,True,1
46132,1,1,1,Neutral,V3,1,True,1
46147,1,1,1,Neutral,V3,1,True,1
46160,1,1,1,Neutral,V3,1,True,1
46218,1,1,1,Neutral,V3,1,True,1
46346,1,1,1,Neutral,V3,1,True,1
46371,1,2,1,Neutral,V3,0,False,1
46372,2,2,2,Neutral,V3,1,True,2
46555,2,1,2,Neutral,V3,0,False,2
46569,2,2,2,Neutral,V3,1,True,2
46595,2,2,2,Neutral,V3,1,True,2
46674,1,1,1,Neutral,V3,1,True,1
46707,2,2,2,Neutral,V3,1,True,2
46710,2,2,2,Neutral,V3,1,True,2
46751,2,2,2,Neutral,V3,1,True,2
46756,1,1,1,Neutral,V3,1,True,1
46758,2,2,2,Neutral,V3,1,True,2
46810,2,2,2,Neutral,V3,1,True,2
46859,2,2,2,Neutral,V3,1,True,2
46880,1,1,1,Neutral,V3,1,True,1
46894,2,2,2,Neutral,V3,1,True,2
46969,2,2,2,Neutral,V3,1,True,2
47024,1,1,1,Neutral,V3,1,True,1
47060,2,2,2,Neutral,V3,1,True,2
47065,1,1,1,Neutral,V3,1,True,1
47097,1,1,1,Neutral,V3,1,True,1
47139,2,2,2,Neutral,V3,1,True,2
47169,2,2,2,Neutral,V3,1,True,2
47174,1,1,1,Neutral,V3,1,True,1
47216,2,2,2,Neutral,V3,1,True,2
47246,2,2,2,Neutral,V3,1,True,2
47249,2,2,2,Neutral,V3,1,True,2
47362,1,1,1,Neutral,V3,1,True,1
47371,1,1,1,Neutral,V3,1,True,1
47560,1,1,1,Neutral,V3,1,True,1
47603,2,2,2,Neutral,V3,1,True,2
47619,2,2,2,Neutral,V3,1,True,2
47632,1,1,1,Neutral,V3,1,True,1
47865,2,2,2,Neutral,V3,1,True,2
47886,1,2,2,Neutral,V3,0,False,1
48180,2,2,2,Neutral,V3,1,True,2
48182,1,1,1,Neutral,V3,1,True,1
48217,2,2,2,Neutral,V3,1,True,2
48246,1,1,1,Neutral,V3,1,True,1
48295,1,2,1,Neutral,V3,0,False,1
48329,1,1,1,Neutral,V3,1,True,1
48352,2,1,1,Neutral,V3,0,False,2
48355,2,2,2,Neutral,V3,1,True,2
48359,1,1,1,Neutral,V3,1,True,1
48434,2,2,2,Neutral,V3,1,True,2
48441,2,2,2,Neutral,V3,1,True,2
48449,2,2,2,Neutral,V3,1,True,2
48506,2,2,2,Neutral,V3,1,True,2
48538,2,2,2,Neutral,V3,1,True,2
48541,1,1,1,Neutral,V3,1,True,1
48562,2,2,2,Neutral,V3,1,True,2
48563,2,2,2,Neutral,V3,1,True,2
48566,1,1,1,Neutral,V3,1,True,1
48587,1,1,1,Neutral,V3,1,True,1
48607,2,2,2,Neutral,V3,1,True,2
48618,1,1,1,Neutral,V3,1,True,1
48722,2,2,2,Neutral,V3,1,True,2
48728,1,1,1,Neutral,V3,1,True,1
48859,2,2,2,Neutral,V3,1,True,2
48898,1,1,1,Neutral,V3,1,True,1
48976,2,2,2,Neutral,V3,1,True,2
49004,1,1,1,Neutral,V3,1,True,1
49029,1,1,1,Neutral,V3,1,True,1
49047,1,1,1,Neutral,V3,1,True,1
49052,1,1,1,Neutral,V3,1,True,1
49095,1,1,1,Neutral,V3,1,True,1
49132,1,1,1,Neutral,V3,1,True,1
49146,1,1,1,Neutral,V3,1,True,1
49168,1,2,2,Neutral,V3,0,False,1
49182,2,2,2,Neutral,V3,1,True,2
49189,1,1,1,Neutral,V3,1,True,1
49213,1,1,1,Neutral,V3,1,True,1
49228,1,1,1,Neutral,V3,1,True,1
49239,1,1,1,Neutral,V3,1,True,1
49242,2,2,2,Neutral,V3,1,True,2
49325,1,1,1,Neutral,V3,1,True,1
49400,2,2,2,Neutral,V3,1,True,2
49460,1,1,1,Neutral,V3,1,True,1
49550,1,2,1,Neutral,V3,0,False,1
49700,1,1,1,Neutral,V3,1,True,1
49737,1,1,1,Neutral,V3,1,True,1
49765,2,2,2,Neutral,V3,1,True,2
49777,1,1,1,Neutral,V3,1,True,1
49804,2,2,2,Neutral,V3,1,True,2
49855,2,2,2,Neutral,V3,1,True,2
49870,2,2,2,Neutral,V3,1,True,2
49943,2,2,2,Neutral,V3,1,True,2
49950,2,2,2,Neutral,V3,1,True,2
49959,2,2,2,Neutral,V3,1,True,2
49971,1,1,1,Neutral,V3,1,True,1
55,1,1,1,Neutral-CoT,CN,1,True,1
107,2,2,2,Neutral-CoT,CN,1,True,2
176,1,1,1,Neutral-CoT,CN,1,True,1
257,1,1,1,Neutral-CoT,CN,1,True,1
283,2,2,2,Neutral-CoT,CN,1,True,2
284,2,2,2,Neutral-CoT,CN,1,True,2
287,1,1,1,Neutral-CoT,CN,1,True,1
310,2,2,2,Neutral-CoT,CN,1,True,2
337,1,2,1,Neutral-CoT,CN,0,False,1
379,2,2,2,Neutral-CoT,CN,1,True,2
393,2,2,2,Neutral-CoT,CN,1,True,2
405,2,2,2,Neutral-CoT,CN,1,True,2
423,1,1,1,Neutral-CoT,CN,1,True,1
450,2,2,2,Neutral-CoT,CN,1,True,2
504,2,2,2,Neutral-CoT,CN,1,True,2
525,2,2,2,Neutral-CoT,CN,1,True,2
545,1,1,1,Neutral-CoT,CN,1,True,1
626,2,2,2,Neutral-CoT,CN,1,True,2
715,2,2,2,Neutral-CoT,CN,1,True,2
722,1,1,1,Neutral-CoT,CN,1,True,1
793,2,2,2,Neutral-CoT,CN,1,True,2
804,1,1,1,Neutral-CoT,CN,1,True,1
813,2,2,2,Neutral-CoT,CN,1,True,2
856,2,2,2,Neutral-CoT,CN,1,True,2
893,2,2,2,Neutral-CoT,CN,1,True,2
922,1,1,1,Neutral-CoT,CN,1,True,1
1029,2,2,2,Neutral-CoT,CN,1,True,2
1057,2,2,2,Neutral-CoT,CN,1,True,2
1106,1,1,1,Neutral-CoT,CN,1,True,1
1176,2,2,2,Neutral-CoT,CN,1,True,2
1199,1,1,1,Neutral-CoT,CN,1,True,1
1200,2,2,2,Neutral-CoT,CN,1,True,2
1205,2,2,2,Neutral-CoT,CN,1,True,2
1227,1,1,1,Neutral-CoT,CN,1,True,1
1261,2,2,2,Neutral-CoT,CN,1,True,2
1285,1,1,1,Neutral-CoT,CN,1,True,1
1290,1,1,1,Neutral-CoT,CN,1,True,1
1347,1,1,1,Neutral-CoT,CN,1,True,1
1352,2,2,1,Neutral-CoT,CN,0,False,2
1363,2,2,2,Neutral-CoT,CN,1,True,2
1421,1,1,1,Neutral-CoT,CN,1,True,1
1434,1,1,1,Neutral-CoT,CN,1,True,1
1481,1,1,1,Neutral-CoT,CN,1,True,1
1545,1,1,1,Neutral-CoT,CN,1,True,1
1552,1,1,1,Neutral-CoT,CN,1,True,1
1573,1,1,1,Neutral-CoT,CN,1,True,1
1656,2,2,2,Neutral-CoT,CN,1,True,2
1687,1,1,1,Neutral-CoT,CN,1,True,1
1707,2,2,2,Neutral-CoT,CN,1,True,2
1733,2,2,2,Neutral-CoT,CN,1,True,2
1735,2,2,2,Neutral-CoT,CN,1,True,2
1755,2,2,2,Neutral-CoT,CN,1,True,2
1808,1,1,1,Neutral-CoT,CN,1,True,1
1814,2,2,2,Neutral-CoT,CN,1,True,2
1819,2,2,2,Neutral-CoT,CN,1,True,2
1822,1,1,1,Neutral-CoT,CN,1,True,1
1823,1,1,1,Neutral-CoT,CN,1,True,1
1862,1,1,1,Neutral-CoT,CN,1,True,1
2004,2,2,2,Neutral-CoT,CN,1,True,2
2039,2,2,2,Neutral-CoT,CN,1,True,2
2055,1,1,1,Neutral-CoT,CN,1,True,1
2068,2,2,2,Neutral-CoT,CN,1,True,2
2081,1,1,1,Neutral-CoT,CN,1,True,1
2155,2,2,2,Neutral-CoT,CN,1,True,2
2170,1,2,2,Neutral-CoT,CN,0,False,1
2221,2,2,2,Neutral-CoT,CN,1,True,2
2288,2,2,2,Neutral-CoT,CN,1,True,2
2375,2,2,2,Neutral-CoT,CN,1,True,2
2379,1,1,1,Neutral-CoT,CN,1,True,1
2408,2,2,2,Neutral-CoT,CN,1,True,2
2426,2,2,2,Neutral-CoT,CN,1,True,2
2584,2,2,2,Neutral-CoT,CN,1,True,2
2585,1,1,1,Neutral-CoT,CN,1,True,1
2599,2,2,2,Neutral-CoT,CN,1,True,2
2600,1,1,1,Neutral-CoT,CN,1,True,1
2732,2,2,2,Neutral-CoT,CN,1,True,2
2844,1,1,1,Neutral-CoT,CN,1,True,1
2891,2,2,2,Neutral-CoT,CN,1,True,2
2932,2,2,2,Neutral-CoT,CN,1,True,2
2983,1,1,2,Neutral-CoT,CN,0,False,1
3056,1,1,1,Neutral-CoT,CN,1,True,1
3081,1,2,1,Neutral-CoT,CN,0,False,1
3102,1,1,1,Neutral-CoT,CN,1,True,1
3191,1,1,1,Neutral-CoT,CN,1,True,1
3230,1,2,1,Neutral-CoT,CN,0,False,1
3297,1,1,1,Neutral-CoT,CN,1,True,1
3363,1,1,1,Neutral-CoT,CN,1,True,1
3367,2,2,2,Neutral-CoT,CN,1,True,2
3385,1,1,1,Neutral-CoT,CN,1,True,1
3400,1,1,1,Neutral-CoT,CN,1,True,1
3418,1,1,1,Neutral-CoT,CN,1,True,1
3429,2,2,2,Neutral-CoT,CN,1,True,2
3440,1,1,1,Neutral-CoT,CN,1,True,1
3512,1,1,1,Neutral-CoT,CN,1,True,1
3524,1,1,1,Neutral-CoT,CN,1,True,1
3567,1,1,1,Neutral-CoT,CN,1,True,1
3631,2,2,2,Neutral-CoT,CN,1,True,2
3811,2,2,2,Neutral-CoT,CN,1,True,2
3824,1,1,1,Neutral-CoT,CN,1,True,1
3839,1,1,1,Neutral-CoT,CN,1,True,1
3867,1,1,1,Neutral-CoT,CN,1,True,1
3868,1,1,1,Neutral-CoT,CN,1,True,1
3912,2,2,2,Neutral-CoT,CN,1,True,2
3929,2,2,2,Neutral-CoT,CN,1,True,2
3954,2,2,1,Neutral-CoT,CN,0,False,2
3971,2,2,2,Neutral-CoT,CN,1,True,2
3979,2,2,2,Neutral-CoT,CN,1,True,2
4011,2,2,2,Neutral-CoT,CN,1,True,2
4017,1,1,1,Neutral-CoT,CN,1,True,1
4066,2,2,2,Neutral-CoT,CN,1,True,2
4087,2,2,2,Neutral-CoT,CN,1,True,2
4153,2,2,2,Neutral-CoT,CN,1,True,2
4182,2,2,2,Neutral-CoT,CN,1,True,2
4187,1,1,1,Neutral-CoT,CN,1,True,1
4207,1,1,1,Neutral-CoT,CN,1,True,1
4211,1,1,1,Neutral-CoT,CN,1,True,1
4303,1,1,1,Neutral-CoT,CN,1,True,1
4314,1,1,1,Neutral-CoT,CN,1,True,1
4339,2,2,2,Neutral-CoT,CN,1,True,2
4348,2,2,2,Neutral-CoT,CN,1,True,2
4447,1,1,1,Neutral-CoT,CN,1,True,1
4462,1,1,1,Neutral-CoT,CN,1,True,1
4591,1,1,1,Neutral-CoT,CN,1,True,1
4624,2,2,2,Neutral-CoT,CN,1,True,2
4651,2,2,2,Neutral-CoT,CN,1,True,2
4652,1,1,1,Neutral-CoT,CN,1,True,1
4663,1,1,1,Neutral-CoT,CN,1,True,1
4706,2,2,2,Neutral-CoT,CN,1,True,2
4716,1,1,1,Neutral-CoT,CN,1,True,1
4744,2,2,2,Neutral-CoT,CN,1,True,2
4767,1,1,1,Neutral-CoT,CN,1,True,1
4795,1,1,1,Neutral-CoT,CN,1,True,1
4797,1,1,1,Neutral-CoT,CN,1,True,1
4812,2,2,2,Neutral-CoT,CN,1,True,2
4827,1,2,1,Neutral-CoT,CN,0,False,1
4829,2,2,2,Neutral-CoT,CN,1,True,2
4851,2,2,2,Neutral-CoT,CN,1,True,2
4856,2,2,2,Neutral-CoT,CN,1,True,2
4865,2,2,2,Neutral-CoT,CN,1,True,2
4871,1,1,1,Neutral-CoT,CN,1,True,1
4927,2,2,2,Neutral-CoT,CN,1,True,2
4937,1,1,1,Neutral-CoT,CN,1,True,1
5006,2,2,2,Neutral-CoT,CN,1,True,2
5009,1,1,1,Neutral-CoT,CN,1,True,1
5024,1,1,1,Neutral-CoT,CN,1,True,1
5070,1,1,1,Neutral-CoT,CN,1,True,1
5086,2,2,2,Neutral-CoT,CN,1,True,2
5105,2,2,2,Neutral-CoT,CN,1,True,2
5119,1,1,1,Neutral-CoT,CN,1,True,1
5120,2,2,2,Neutral-CoT,CN,1,True,2
5159,1,1,1,Neutral-CoT,CN,1,True,1
5406,1,1,1,Neutral-CoT,CN,1,True,1
5424,2,2,2,Neutral-CoT,CN,1,True,2
5475,1,1,1,Neutral-CoT,CN,1,True,1
5499,1,1,1,Neutral-CoT,CN,1,True,1
5570,1,1,1,Neutral-CoT,CN,1,True,1
5586,2,2,2,Neutral-CoT,CN,1,True,2
5619,2,2,2,Neutral-CoT,CN,1,True,2
5651,1,1,1,Neutral-CoT,CN,1,True,1
5741,1,1,1,Neutral-CoT,CN,1,True,1
5797,2,2,2,Neutral-CoT,CN,1,True,2
5824,2,2,2,Neutral-CoT,CN,1,True,2
5829,1,1,1,Neutral-CoT,CN,1,True,1
5834,2,1,1,Neutral-CoT,CN,0,False,2
5906,2,2,2,Neutral-CoT,CN,1,True,2
5913,2,1,2,Neutral-CoT,CN,0,False,2
5938,2,2,2,Neutral-CoT,CN,1,True,2
5957,2,2,2,Neutral-CoT,CN,1,True,2
5998,2,2,2,Neutral-CoT,CN,1,True,2
6010,2,2,2,Neutral-CoT,CN,1,True,2
6059,2,2,2,Neutral-CoT,CN,1,True,2
6111,1,1,1,Neutral-CoT,CN,1,True,1
6137,1,1,1,Neutral-CoT,CN,1,True,1
6156,1,1,1,Neutral-CoT,CN,1,True,1
6252,1,1,1,Neutral-CoT,CN,1,True,1
6253,2,2,2,Neutral-CoT,CN,1,True,2
6255,2,2,2,Neutral-CoT,CN,1,True,2
6295,1,1,1,Neutral-CoT,CN,1,True,1
6347,1,1,1,Neutral-CoT,CN,1,True,1
6374,1,1,1,Neutral-CoT,CN,1,True,1
6420,2,2,2,Neutral-CoT,CN,1,True,2
6452,1,1,1,Neutral-CoT,CN,1,True,1
6465,1,1,1,Neutral-CoT,CN,1,True,1
6484,2,2,2,Neutral-CoT,CN,1,True,2
6488,1,2,2,Neutral-CoT,CN,0,False,1
6519,2,2,2,Neutral-CoT,CN,1,True,2
6527,2,2,2,Neutral-CoT,CN,1,True,2
6595,1,1,1,Neutral-CoT,CN,1,True,1
6631,1,1,1,Neutral-CoT,CN,1,True,1
6692,1,2,2,Neutral-CoT,CN,0,False,1
6715,2,2,2,Neutral-CoT,CN,1,True,2
6728,1,1,1,Neutral-CoT,CN,1,True,1
6756,2,2,2,Neutral-CoT,CN,1,True,2
6812,1,1,1,Neutral-CoT,CN,1,True,1
6824,1,1,1,Neutral-CoT,CN,1,True,1
6826,1,1,1,Neutral-CoT,CN,1,True,1
6842,1,1,1,Neutral-CoT,CN,1,True,1
6867,1,1,1,Neutral-CoT,CN,1,True,1
6868,1,1,1,Neutral-CoT,CN,1,True,1
6899,2,2,2,Neutral-CoT,CN,1,True,2
6965,2,2,2,Neutral-CoT,CN,1,True,2
6977,2,2,2,Neutral-CoT,CN,1,True,2
6991,1,1,1,Neutral-CoT,CN,1,True,1
7001,2,2,2,Neutral-CoT,CN,1,True,2
7004,1,1,1,Neutral-CoT,CN,1,True,1
7042,1,1,1,Neutral-CoT,CN,1,True,1
7070,2,2,2,Neutral-CoT,CN,1,True,2
7096,1,1,1,Neutral-CoT,CN,1,True,1
7099,1,1,1,Neutral-CoT,CN,1,True,1
7194,2,2,2,Neutral-CoT,CN,1,True,2
7220,2,2,2,Neutral-CoT,CN,1,True,2
7235,2,2,2,Neutral-CoT,CN,1,True,2
7313,2,2,2,Neutral-CoT,CN,1,True,2
7387,1,1,1,Neutral-CoT,CN,1,True,1
7407,1,1,1,Neutral-CoT,CN,1,True,1
7430,2,2,2,Neutral-CoT,CN,1,True,2
7439,1,1,1,Neutral-CoT,CN,1,True,1
7451,2,2,2,Neutral-CoT,CN,1,True,2
7498,2,2,2,Neutral-CoT,CN,1,True,2
7550,1,1,1,Neutral-CoT,CN,1,True,1
7553,2,2,2,Neutral-CoT,CN,1,True,2
7555,1,1,1,Neutral-CoT,CN,1,True,1
7581,2,2,2,Neutral-CoT,CN,1,True,2
7599,2,2,2,Neutral-CoT,CN,1,True,2
7631,1,1,1,Neutral-CoT,CN,1,True,1
7654,1,1,1,Neutral-CoT,CN,1,True,1
7687,1,1,1,Neutral-CoT,CN,1,True,1
7723,1,1,1,Neutral-CoT,CN,1,True,1
7756,1,2,2,Neutral-CoT,CN,0,False,1
7832,2,2,1,Neutral-CoT,CN,0,False,2
7887,1,1,1,Neutral-CoT,CN,1,True,1
7894,1,1,1,Neutral-CoT,CN,1,True,1
7915,2,2,2,Neutral-CoT,CN,1,True,2
7949,1,2,1,Neutral-CoT,CN,0,False,1
7966,1,1,1,Neutral-CoT,CN,1,True,1
7972,2,1,2,Neutral-CoT,CN,0,False,2
7992,1,1,1,Neutral-CoT,CN,1,True,1
8015,2,2,2,Neutral-CoT,CN,1,True,2
8033,1,1,1,Neutral-CoT,CN,1,True,1
8139,1,1,1,Neutral-CoT,CN,1,True,1
8217,2,2,2,Neutral-CoT,CN,1,True,2
8268,1,1,1,Neutral-CoT,CN,1,True,1
8339,1,1,1,Neutral-CoT,CN,1,True,1
8366,2,2,2,Neutral-CoT,CN,1,True,2
8444,1,1,1,Neutral-CoT,CN,1,True,1
8477,2,1,1,Neutral-CoT,CN,0,False,2
8580,2,2,2,Neutral-CoT,CN,1,True,2
8614,1,1,1,Neutral-CoT,CN,1,True,1
8630,2,2,2,Neutral-CoT,CN,1,True,2
8637,1,2,2,Neutral-CoT,CN,0,False,1
8672,1,1,1,Neutral-CoT,CN,1,True,1
8800,1,1,1,Neutral-CoT,CN,1,True,1
8816,1,2,2,Neutral-CoT,CN,0,False,1
8902,2,2,2,Neutral-CoT,CN,1,True,2
8923,2,2,2,Neutral-CoT,CN,1,True,2
8948,1,1,1,Neutral-CoT,CN,1,True,1
8993,1,1,1,Neutral-CoT,CN,1,True,1
9004,1,1,1,Neutral-CoT,CN,1,True,1
9089,2,2,2,Neutral-CoT,CN,1,True,2
9102,1,1,1,Neutral-CoT,CN,1,True,1
9120,1,1,1,Neutral-CoT,CN,1,True,1
9134,2,2,2,Neutral-CoT,CN,1,True,2
9246,2,2,2,Neutral-CoT,CN,1,True,2
9268,1,1,1,Neutral-CoT,CN,1,True,1
9324,2,2,2,Neutral-CoT,CN,1,True,2
9325,1,1,1,Neutral-CoT,CN,1,True,1
9349,2,2,2,Neutral-CoT,CN,1,True,2
9357,2,2,2,Neutral-CoT,CN,1,True,2
9417,1,1,1,Neutral-CoT,CN,1,True,1
9459,1,1,1,Neutral-CoT,CN,1,True,1
9465,1,1,1,Neutral-CoT,CN,1,True,1
9469,2,2,2,Neutral-CoT,CN,1,True,2
9473,1,1,1,Neutral-CoT,CN,1,True,1
9485,1,1,1,Neutral-CoT,CN,1,True,1
9544,2,1,2,Neutral-CoT,CN,0,False,2
9595,1,1,1,Neutral-CoT,CN,1,True,1
9632,2,2,2,Neutral-CoT,CN,1,True,2
9635,2,2,2,Neutral-CoT,CN,1,True,2
9677,2,2,2,Neutral-CoT,CN,1,True,2
9715,1,1,1,Neutral-CoT,CN,1,True,1
9724,2,2,2,Neutral-CoT,CN,1,True,2
9774,2,2,2,Neutral-CoT,CN,1,True,2
9796,1,1,1,Neutral-CoT,CN,1,True,1
9892,2,2,2,Neutral-CoT,CN,1,True,2
9899,1,1,1,Neutral-CoT,CN,1,True,1
9907,2,2,2,Neutral-CoT,CN,1,True,2
9934,1,1,1,Neutral-CoT,CN,1,True,1
9955,2,1,2,Neutral-CoT,CN,0,False,2
9987,1,1,1,Neutral-CoT,CN,1,True,1
10022,1,1,1,Neutral-CoT,CN,1,True,1
10156,1,1,1,Neutral-CoT,CN,1,True,1
10163,1,1,1,Neutral-CoT,CN,1,True,1
10174,1,1,1,Neutral-CoT,CN,1,True,1
10187,2,2,1,Neutral-CoT,CN,0,False,2
10189,2,2,2,Neutral-CoT,CN,1,True,2
10210,1,1,1,Neutral-CoT,CN,1,True,1
10301,1,2,1,Neutral-CoT,CN,0,False,1
10328,1,1,1,Neutral-CoT,CN,1,True,1
10330,2,2,2,Neutral-CoT,CN,1,True,2
10361,2,2,1,Neutral-CoT,CN,0,False,2
10375,1,1,1,Neutral-CoT,CN,1,True,1
10400,1,1,1,Neutral-CoT,CN,1,True,1
10423,2,2,2,Neutral-CoT,CN,1,True,2
10434,1,1,1,Neutral-CoT,CN,1,True,1
10450,2,2,2,Neutral-CoT,CN,1,True,2
10566,2,2,2,Neutral-CoT,CN,1,True,2
10600,1,1,1,Neutral-CoT,CN,1,True,1
10610,2,2,2,Neutral-CoT,CN,1,True,2
10621,1,1,1,Neutral-CoT,CN,1,True,1
10626,2,2,2,Neutral-CoT,CN,1,True,2
10634,2,2,2,Neutral-CoT,CN,1,True,2
10713,1,1,1,Neutral-CoT,CN,1,True,1
10771,2,2,2,Neutral-CoT,CN,1,True,2
10803,2,2,2,Neutral-CoT,CN,1,True,2
10910,2,2,2,Neutral-CoT,CN,1,True,2
10954,2,2,2,Neutral-CoT,CN,1,True,2
10978,1,1,1,Neutral-CoT,CN,1,True,1
11024,2,2,2,Neutral-CoT,CN,1,True,2
11101,1,1,1,Neutral-CoT,CN,1,True,1
11102,1,1,1,Neutral-CoT,CN,1,True,1
11112,2,1,2,Neutral-CoT,CN,0,False,2
11120,2,2,2,Neutral-CoT,CN,1,True,2
11132,1,1,1,Neutral-CoT,CN,1,True,1
11189,2,2,2,Neutral-CoT,CN,1,True,2
11241,2,2,2,Neutral-CoT,CN,1,True,2
11264,1,1,1,Neutral-CoT,CN,1,True,1
11283,2,2,2,Neutral-CoT,CN,1,True,2
11511,2,2,2,Neutral-CoT,CN,1,True,2
11514,2,2,2,Neutral-CoT,CN,1,True,2
11523,2,2,2,Neutral-CoT,CN,1,True,2
11525,1,1,1,Neutral-CoT,CN,1,True,1
11553,1,1,1,Neutral-CoT,CN,1,True,1
11596,1,1,1,Neutral-CoT,CN,1,True,1
11603,2,2,1,Neutral-CoT,CN,0,False,2
11617,2,2,2,Neutral-CoT,CN,1,True,2
11630,1,1,1,Neutral-CoT,CN,1,True,1
11647,2,2,2,Neutral-CoT,CN,1,True,2
11742,2,2,2,Neutral-CoT,CN,1,True,2
11786,1,1,1,Neutral-CoT,CN,1,True,1
11850,2,2,2,Neutral-CoT,CN,1,True,2
11870,1,1,1,Neutral-CoT,CN,1,True,1
11874,1,1,1,Neutral-CoT,CN,1,True,1
11930,1,1,1,Neutral-CoT,CN,1,True,1
11935,2,2,2,Neutral-CoT,CN,1,True,2
11967,1,1,1,Neutral-CoT,CN,1,True,1
12012,2,2,2,Neutral-CoT,CN,1,True,2
12074,1,1,1,Neutral-CoT,CN,1,True,1
12143,2,1,2,Neutral-CoT,CN,0,False,2
12151,1,1,1,Neutral-CoT,CN,1,True,1
12153,1,1,1,Neutral-CoT,CN,1,True,1
12219,1,2,2,Neutral-CoT,CN,0,False,1
12271,2,2,2,Neutral-CoT,CN,1,True,2
12284,1,2,1,Neutral-CoT,CN,0,False,1
12285,1,1,1,Neutral-CoT,CN,1,True,1
12301,1,1,1,Neutral-CoT,CN,1,True,1
12305,1,1,2,Neutral-CoT,CN,0,False,1
12323,1,1,1,Neutral-CoT,CN,1,True,1
12429,2,2,2,Neutral-CoT,CN,1,True,2
12472,2,2,2,Neutral-CoT,CN,1,True,2
12486,2,2,2,Neutral-CoT,CN,1,True,2
12494,1,1,1,Neutral-CoT,CN,1,True,1
12627,2,2,2,Neutral-CoT,CN,1,True,2
12645,1,1,1,Neutral-CoT,CN,1,True,1
12732,1,1,1,Neutral-CoT,CN,1,True,1
12798,2,2,2,Neutral-CoT,CN,1,True,2
12830,2,2,2,Neutral-CoT,CN,1,True,2
12860,2,2,2,Neutral-CoT,CN,1,True,2
12896,1,1,1,Neutral-CoT,CN,1,True,1
12903,1,1,1,Neutral-CoT,CN,1,True,1
12926,2,2,2,Neutral-CoT,CN,1,True,2
12936,1,1,2,Neutral-CoT,CN,0,False,1
12948,2,2,2,Neutral-CoT,CN,1,True,2
12975,2,2,2,Neutral-CoT,CN,1,True,2
12998,1,1,1,Neutral-CoT,CN,1,True,1
13035,1,1,1,Neutral-CoT,CN,1,True,1
13050,2,2,2,Neutral-CoT,CN,1,True,2
13061,1,1,1,Neutral-CoT,CN,1,True,1
13113,2,2,2,Neutral-CoT,CN,1,True,2
13115,2,2,2,Neutral-CoT,CN,1,True,2
13137,2,2,2,Neutral-CoT,CN,1,True,2
13141,1,1,1,Neutral-CoT,CN,1,True,1
13200,1,1,1,Neutral-CoT,CN,1,True,1
13227,2,2,2,Neutral-CoT,CN,1,True,2
13300,1,2,2,Neutral-CoT,CN,0,False,1
13319,1,1,1,Neutral-CoT,CN,1,True,1
13334,1,1,1,Neutral-CoT,CN,1,True,1
13384,1,1,1,Neutral-CoT,CN,1,True,1
13400,1,1,1,Neutral-CoT,CN,1,True,1
13447,2,2,2,Neutral-CoT,CN,1,True,2
13469,2,2,2,Neutral-CoT,CN,1,True,2
13484,2,2,2,Neutral-CoT,CN,1,True,2
13518,2,1,1,Neutral-CoT,CN,0,False,2
13531,1,1,2,Neutral-CoT,CN,0,False,1
13562,1,1,1,Neutral-CoT,CN,1,True,1
13726,2,2,2,Neutral-CoT,CN,1,True,2
13785,1,1,1,Neutral-CoT,CN,1,True,1
13843,2,2,2,Neutral-CoT,CN,1,True,2
13864,2,2,2,Neutral-CoT,CN,1,True,2
13874,1,1,1,Neutral-CoT,CN,1,True,1
13920,1,1,1,Neutral-CoT,CN,1,True,1
13923,1,1,1,Neutral-CoT,CN,1,True,1
13996,1,1,1,Neutral-CoT,CN,1,True,1
14011,2,2,2,Neutral-CoT,CN,1,True,2
14047,2,2,2,Neutral-CoT,CN,1,True,2
14055,2,2,2,Neutral-CoT,CN,1,True,2
14074,2,2,2,Neutral-CoT,CN,1,True,2
14137,1,2,2,Neutral-CoT,CN,0,False,1
14139,2,2,2,Neutral-CoT,CN,1,True,2
14224,1,1,1,Neutral-CoT,CN,1,True,1
14259,1,1,1,Neutral-CoT,CN,1,True,1
14300,1,2,2,Neutral-CoT,CN,0,False,1
14325,1,1,1,Neutral-CoT,CN,1,True,1
14408,1,1,1,Neutral-CoT,CN,1,True,1
14410,1,1,1,Neutral-CoT,CN,1,True,1
14469,1,1,1,Neutral-CoT,CN,1,True,1
14488,1,2,1,Neutral-CoT,CN,0,False,1
14532,2,2,2,Neutral-CoT,CN,1,True,2
14550,2,2,2,Neutral-CoT,CN,1,True,2
14557,1,1,1,Neutral-CoT,CN,1,True,1
14581,2,2,2,Neutral-CoT,CN,1,True,2
14617,2,2,2,Neutral-CoT,CN,1,True,2
14707,2,2,2,Neutral-CoT,CN,1,True,2
14759,2,2,2,Neutral-CoT,CN,1,True,2
14793,1,1,1,Neutral-CoT,CN,1,True,1
14796,2,2,2,Neutral-CoT,CN,1,True,2
14818,1,1,2,Neutral-CoT,CN,0,False,1
14845,2,2,2,Neutral-CoT,CN,1,True,2
14858,2,2,2,Neutral-CoT,CN,1,True,2
14868,1,1,1,Neutral-CoT,CN,1,True,1
14900,1,1,1,Neutral-CoT,CN,1,True,1
14932,2,2,2,Neutral-CoT,CN,1,True,2
14970,2,2,2,Neutral-CoT,CN,1,True,2
14988,2,2,2,Neutral-CoT,CN,1,True,2
15035,1,1,1,Neutral-CoT,CN,1,True,1
15066,2,2,2,Neutral-CoT,CN,1,True,2
15131,1,1,1,Neutral-CoT,CN,1,True,1
15133,2,2,2,Neutral-CoT,CN,1,True,2
15176,2,2,2,Neutral-CoT,CN,1,True,2
15189,1,1,1,Neutral-CoT,CN,1,True,1
15254,1,1,1,Neutral-CoT,CN,1,True,1
15290,1,1,1,Neutral-CoT,CN,1,True,1
15363,2,2,2,Neutral-CoT,CN,1,True,2
15452,1,2,2,Neutral-CoT,CN,0,False,1
15473,2,2,2,Neutral-CoT,CN,1,True,2
15535,2,2,2,Neutral-CoT,CN,1,True,2
15538,1,1,1,Neutral-CoT,CN,1,True,1
15555,1,1,1,Neutral-CoT,CN,1,True,1
15585,1,1,1,Neutral-CoT,CN,1,True,1
15614,2,2,2,Neutral-CoT,CN,1,True,2
15620,2,2,2,Neutral-CoT,CN,1,True,2
15693,1,1,1,Neutral-CoT,CN,1,True,1
15721,1,1,1,Neutral-CoT,CN,1,True,1
15735,1,1,1,Neutral-CoT,CN,1,True,1
15770,1,1,1,Neutral-CoT,CN,1,True,1
15799,1,1,2,Neutral-CoT,CN,0,False,1
15810,2,2,2,Neutral-CoT,CN,1,True,2
15822,2,1,2,Neutral-CoT,CN,0,False,2
15883,1,1,1,Neutral-CoT,CN,1,True,1
15894,2,2,2,Neutral-CoT,CN,1,True,2
15938,1,1,1,Neutral-CoT,CN,1,True,1
15980,2,2,1,Neutral-CoT,CN,0,False,2
16011,2,1,1,Neutral-CoT,CN,0,False,2
16114,1,1,1,Neutral-CoT,CN,1,True,1
16120,1,1,1,Neutral-CoT,CN,1,True,1
16170,2,2,2,Neutral-CoT,CN,1,True,2
16174,1,1,1,Neutral-CoT,CN,1,True,1
16204,1,2,1,Neutral-CoT,CN,0,False,1
16212,2,2,2,Neutral-CoT,CN,1,True,2
16213,1,1,1,Neutral-CoT,CN,1,True,1
16230,1,1,1,Neutral-CoT,CN,1,True,1
16264,1,1,1,Neutral-CoT,CN,1,True,1
16339,1,1,1,Neutral-CoT,CN,1,True,1
16355,2,2,2,Neutral-CoT,CN,1,True,2
16386,1,1,1,Neutral-CoT,CN,1,True,1
16398,1,1,1,Neutral-CoT,CN,1,True,1
16457,1,2,2,Neutral-CoT,CN,0,False,1
16521,2,2,2,Neutral-CoT,CN,1,True,2
16572,1,1,1,Neutral-CoT,CN,1,True,1
16600,1,1,1,Neutral-CoT,CN,1,True,1
16614,1,1,1,Neutral-CoT,CN,1,True,1
16642,1,1,1,Neutral-CoT,CN,1,True,1
16731,1,1,1,Neutral-CoT,CN,1,True,1
16801,2,2,2,Neutral-CoT,CN,1,True,2
16845,1,1,1,Neutral-CoT,CN,1,True,1
16858,2,2,2,Neutral-CoT,CN,1,True,2
16891,1,1,1,Neutral-CoT,CN,1,True,1
16903,1,1,1,Neutral-CoT,CN,1,True,1
16977,1,1,1,Neutral-CoT,CN,1,True,1
17002,2,2,2,Neutral-CoT,CN,1,True,2
17048,1,1,1,Neutral-CoT,CN,1,True,1
17079,2,2,2,Neutral-CoT,CN,1,True,2
17082,2,2,2,Neutral-CoT,CN,1,True,2
17121,2,2,2,Neutral-CoT,CN,1,True,2
17165,1,1,1,Neutral-CoT,CN,1,True,1
17212,1,1,1,Neutral-CoT,CN,1,True,1
17227,1,1,1,Neutral-CoT,CN,1,True,1
17241,2,2,2,Neutral-CoT,CN,1,True,2
17280,2,2,2,Neutral-CoT,CN,1,True,2
17322,1,1,1,Neutral-CoT,CN,1,True,1
17355,2,2,2,Neutral-CoT,CN,1,True,2
17361,1,2,1,Neutral-CoT,CN,0,False,1
17364,2,2,2,Neutral-CoT,CN,1,True,2
17386,2,2,2,Neutral-CoT,CN,1,True,2
17423,2,1,2,Neutral-CoT,CN,0,False,2
17455,1,1,1,Neutral-CoT,CN,1,True,1
17468,1,1,1,Neutral-CoT,CN,1,True,1
17475,1,1,1,Neutral-CoT,CN,1,True,1
17553,1,1,1,Neutral-CoT,CN,1,True,1
17585,2,2,2,Neutral-CoT,CN,1,True,2
17693,1,1,1,Neutral-CoT,CN,1,True,1
17744,2,2,2,Neutral-CoT,CN,1,True,2
17746,2,2,2,Neutral-CoT,CN,1,True,2
17792,1,1,1,Neutral-CoT,CN,1,True,1
17806,2,2,2,Neutral-CoT,CN,1,True,2
17841,2,2,2,Neutral-CoT,CN,1,True,2
17877,1,1,1,Neutral-CoT,CN,1,True,1
17885,2,2,2,Neutral-CoT,CN,1,True,2
17914,2,2,2,Neutral-CoT,CN,1,True,2
17929,1,1,1,Neutral-CoT,CN,1,True,1
17963,2,2,2,Neutral-CoT,CN,1,True,2
18223,1,1,1,Neutral-CoT,CN,1,True,1
18290,1,1,1,Neutral-CoT,CN,1,True,1
18337,1,1,1,Neutral-CoT,CN,1,True,1
18550,2,2,2,Neutral-CoT,CN,1,True,2
18553,2,2,2,Neutral-CoT,CN,1,True,2
18597,1,1,1,Neutral-CoT,CN,1,True,1
18613,2,2,2,Neutral-CoT,CN,1,True,2
18630,2,2,2,Neutral-CoT,CN,1,True,2
18631,1,1,1,Neutral-CoT,CN,1,True,1
18643,1,1,1,Neutral-CoT,CN,1,True,1
18652,1,1,1,Neutral-CoT,CN,1,True,1
18656,2,2,2,Neutral-CoT,CN,1,True,2
18670,1,1,1,Neutral-CoT,CN,1,True,1
18805,2,2,2,Neutral-CoT,CN,1,True,2
18806,1,1,1,Neutral-CoT,CN,1,True,1
18820,1,1,1,Neutral-CoT,CN,1,True,1
18839,2,2,2,Neutral-CoT,CN,1,True,2
18874,1,1,1,Neutral-CoT,CN,1,True,1
18886,1,1,1,Neutral-CoT,CN,1,True,1
18935,1,1,1,Neutral-CoT,CN,1,True,1
18961,2,2,2,Neutral-CoT,CN,1,True,2
18970,1,1,1,Neutral-CoT,CN,1,True,1
18998,2,2,2,Neutral-CoT,CN,1,True,2
19036,2,2,2,Neutral-CoT,CN,1,True,2
19045,2,2,2,Neutral-CoT,CN,1,True,2
19113,1,1,1,Neutral-CoT,CN,1,True,1
19164,1,1,1,Neutral-CoT,CN,1,True,1
19267,2,2,2,Neutral-CoT,CN,1,True,2
19295,1,1,1,Neutral-CoT,CN,1,True,1
19331,2,2,2,Neutral-CoT,CN,1,True,2
19341,1,1,1,Neutral-CoT,CN,1,True,1
19363,1,1,2,Neutral-CoT,CN,0,False,1
19383,1,1,1,Neutral-CoT,CN,1,True,1
19385,2,2,2,Neutral-CoT,CN,1,True,2
19395,2,2,2,Neutral-CoT,CN,1,True,2
19486,2,2,2,Neutral-CoT,CN,1,True,2
19496,2,2,2,Neutral-CoT,CN,1,True,2
19519,2,2,2,Neutral-CoT,CN,1,True,2
19532,1,1,1,Neutral-CoT,CN,1,True,1
19538,1,1,1,Neutral-CoT,CN,1,True,1
19593,2,2,2,Neutral-CoT,CN,1,True,2
19599,1,1,1,Neutral-CoT,CN,1,True,1
19643,1,1,1,Neutral-CoT,CN,1,True,1
19686,1,1,1,Neutral-CoT,CN,1,True,1
19738,1,1,1,Neutral-CoT,CN,1,True,1
19794,1,1,1,Neutral-CoT,CN,1,True,1
19811,2,2,1,Neutral-CoT,CN,0,False,2
19826,2,2,2,Neutral-CoT,CN,1,True,2
19830,2,2,2,Neutral-CoT,CN,1,True,2
19839,2,2,2,Neutral-CoT,CN,1,True,2
19854,2,2,2,Neutral-CoT,CN,1,True,2
19900,2,2,2,Neutral-CoT,CN,1,True,2
19915,1,1,1,Neutral-CoT,CN,1,True,1
19967,1,1,1,Neutral-CoT,CN,1,True,1
19968,2,2,2,Neutral-CoT,CN,1,True,2
20031,1,1,1,Neutral-CoT,CN,1,True,1
20132,2,2,2,Neutral-CoT,CN,1,True,2
20184,1,1,1,Neutral-CoT,CN,1,True,1
20195,1,1,1,Neutral-CoT,CN,1,True,1
20270,1,1,1,Neutral-CoT,CN,1,True,1
20283,2,2,2,Neutral-CoT,CN,1,True,2
20299,2,2,2,Neutral-CoT,CN,1,True,2
20338,2,1,2,Neutral-CoT,CN,0,False,2
20351,1,1,1,Neutral-CoT,CN,1,True,1
20380,2,2,2,Neutral-CoT,CN,1,True,2
20407,2,2,2,Neutral-CoT,CN,1,True,2
20420,1,1,1,Neutral-CoT,CN,1,True,1
20422,1,1,1,Neutral-CoT,CN,1,True,1
20431,1,1,1,Neutral-CoT,CN,1,True,1
20443,1,1,1,Neutral-CoT,CN,1,True,1
20446,2,2,2,Neutral-CoT,CN,1,True,2
20465,1,1,1,Neutral-CoT,CN,1,True,1
20467,1,1,1,Neutral-CoT,CN,1,True,1
20504,2,2,2,Neutral-CoT,CN,1,True,2
20528,1,1,1,Neutral-CoT,CN,1,True,1
20542,1,1,1,Neutral-CoT,CN,1,True,1
20549,2,1,1,Neutral-CoT,CN,0,False,2
20609,1,1,1,Neutral-CoT,CN,1,True,1
20666,1,1,1,Neutral-CoT,CN,1,True,1
20677,1,1,1,Neutral-CoT,CN,1,True,1
20685,2,2,2,Neutral-CoT,CN,1,True,2
20716,2,2,2,Neutral-CoT,CN,1,True,2
20717,1,1,1,Neutral-CoT,CN,1,True,1
20839,2,2,2,Neutral-CoT,CN,1,True,2
20853,1,1,1,Neutral-CoT,CN,1,True,1
20869,2,2,2,Neutral-CoT,CN,1,True,2
20890,2,2,2,Neutral-CoT,CN,1,True,2
20895,1,1,1,Neutral-CoT,CN,1,True,1
20964,1,1,1,Neutral-CoT,CN,1,True,1
20971,2,2,2,Neutral-CoT,CN,1,True,2
21016,1,1,1,Neutral-CoT,CN,1,True,1
21051,2,2,2,Neutral-CoT,CN,1,True,2
21067,1,1,1,Neutral-CoT,CN,1,True,1
21074,1,1,1,Neutral-CoT,CN,1,True,1
21098,2,2,2,Neutral-CoT,CN,1,True,2
21130,2,2,2,Neutral-CoT,CN,1,True,2
21158,1,1,1,Neutral-CoT,CN,1,True,1
21165,1,1,1,Neutral-CoT,CN,1,True,1
21167,1,1,1,Neutral-CoT,CN,1,True,1
21173,1,1,1,Neutral-CoT,CN,1,True,1
21180,2,2,2,Neutral-CoT,CN,1,True,2
21203,2,2,2,Neutral-CoT,CN,1,True,2
21210,1,1,1,Neutral-CoT,CN,1,True,1
21328,1,1,1,Neutral-CoT,CN,1,True,1
21399,1,1,1,Neutral-CoT,CN,1,True,1
21509,2,2,2,Neutral-CoT,CN,1,True,2
21544,2,2,2,Neutral-CoT,CN,1,True,2
21598,2,2,2,Neutral-CoT,CN,1,True,2
21599,1,1,1,Neutral-CoT,CN,1,True,1
21606,2,2,2,Neutral-CoT,CN,1,True,2
21608,2,2,2,Neutral-CoT,CN,1,True,2
21629,1,1,1,Neutral-CoT,CN,1,True,1
21630,2,2,2,Neutral-CoT,CN,1,True,2
21666,1,1,2,Neutral-CoT,CN,0,False,1
21691,1,1,1,Neutral-CoT,CN,1,True,1
21847,2,2,2,Neutral-CoT,CN,1,True,2
21910,1,1,1,Neutral-CoT,CN,1,True,1
21935,2,2,2,Neutral-CoT,CN,1,True,2
21961,1,1,1,Neutral-CoT,CN,1,True,1
21976,1,1,1,Neutral-CoT,CN,1,True,1
21987,2,2,2,Neutral-CoT,CN,1,True,2
22043,2,2,2,Neutral-CoT,CN,1,True,2
22052,1,1,1,Neutral-CoT,CN,1,True,1
22065,1,1,1,Neutral-CoT,CN,1,True,1
22066,2,2,2,Neutral-CoT,CN,1,True,2
22090,1,1,1,Neutral-CoT,CN,1,True,1
22126,2,2,2,Neutral-CoT,CN,1,True,2
22166,2,2,2,Neutral-CoT,CN,1,True,2
22184,2,2,2,Neutral-CoT,CN,1,True,2
22189,2,2,2,Neutral-CoT,CN,1,True,2
22194,2,2,2,Neutral-CoT,CN,1,True,2
22266,1,1,1,Neutral-CoT,CN,1,True,1
22314,2,2,2,Neutral-CoT,CN,1,True,2
22356,2,2,2,Neutral-CoT,CN,1,True,2
22467,2,2,2,Neutral-CoT,CN,1,True,2
22679,1,1,1,Neutral-CoT,CN,1,True,1
22707,2,2,2,Neutral-CoT,CN,1,True,2
22767,2,2,2,Neutral-CoT,CN,1,True,2
22770,1,1,1,Neutral-CoT,CN,1,True,1
22814,1,1,1,Neutral-CoT,CN,1,True,1
22819,2,2,2,Neutral-CoT,CN,1,True,2
22833,1,1,2,Neutral-CoT,CN,0,False,1
22849,2,2,2,Neutral-CoT,CN,1,True,2
22966,2,2,2,Neutral-CoT,CN,1,True,2
23023,1,1,1,Neutral-CoT,CN,1,True,1
23052,1,1,1,Neutral-CoT,CN,1,True,1
23089,1,1,1,Neutral-CoT,CN,1,True,1
23103,1,2,2,Neutral-CoT,CN,0,False,1
23104,2,2,2,Neutral-CoT,CN,1,True,2
23128,1,1,1,Neutral-CoT,CN,1,True,1
23200,1,1,1,Neutral-CoT,CN,1,True,1
23313,2,2,2,Neutral-CoT,CN,1,True,2
23322,1,1,1,Neutral-CoT,CN,1,True,1
23323,1,1,1,Neutral-CoT,CN,1,True,1
23404,2,1,2,Neutral-CoT,CN,0,False,2
23415,2,2,2,Neutral-CoT,CN,1,True,2
23440,2,2,2,Neutral-CoT,CN,1,True,2
23453,2,2,2,Neutral-CoT,CN,1,True,2
23505,1,1,1,Neutral-CoT,CN,1,True,1
23514,2,2,2,Neutral-CoT,CN,1,True,2
23524,1,1,1,Neutral-CoT,CN,1,True,1
23530,2,2,2,Neutral-CoT,CN,1,True,2
23534,1,2,1,Neutral-CoT,CN,0,False,1
23574,1,1,1,Neutral-CoT,CN,1,True,1
23584,1,1,1,Neutral-CoT,CN,1,True,1
23605,1,1,1,Neutral-CoT,CN,1,True,1
23620,2,2,2,Neutral-CoT,CN,1,True,2
23648,2,2,2,Neutral-CoT,CN,1,True,2
23699,2,2,2,Neutral-CoT,CN,1,True,2
23713,2,2,2,Neutral-CoT,CN,1,True,2
23779,1,1,1,Neutral-CoT,CN,1,True,1
23871,1,1,1,Neutral-CoT,CN,1,True,1
23873,1,1,1,Neutral-CoT,CN,1,True,1
23901,1,1,1,Neutral-CoT,CN,1,True,1
24026,1,1,1,Neutral-CoT,CN,1,True,1
24163,1,1,1,Neutral-CoT,CN,1,True,1
24174,2,2,2,Neutral-CoT,CN,1,True,2
24223,1,1,1,Neutral-CoT,CN,1,True,1
24260,2,2,2,Neutral-CoT,CN,1,True,2
24291,2,2,2,Neutral-CoT,CN,1,True,2
24304,1,1,1,Neutral-CoT,CN,1,True,1
24334,2,2,2,Neutral-CoT,CN,1,True,2
24405,2,2,2,Neutral-CoT,CN,1,True,2
24408,1,1,1,Neutral-CoT,CN,1,True,1
24500,2,2,2,Neutral-CoT,CN,1,True,2
24502,2,2,2,Neutral-CoT,CN,1,True,2
24541,2,2,2,Neutral-CoT,CN,1,True,2
24573,1,1,1,Neutral-CoT,CN,1,True,1
24577,1,2,1,Neutral-CoT,CN,0,False,1
24637,2,2,2,Neutral-CoT,CN,1,True,2
24673,2,2,2,Neutral-CoT,CN,1,True,2
24706,1,1,1,Neutral-CoT,CN,1,True,1
24740,2,2,2,Neutral-CoT,CN,1,True,2
24774,2,2,2,Neutral-CoT,CN,1,True,2
24836,1,1,1,Neutral-CoT,CN,1,True,1
24871,1,1,1,Neutral-CoT,CN,1,True,1
24902,2,2,2,Neutral-CoT,CN,1,True,2
24959,2,2,2,Neutral-CoT,CN,1,True,2
24975,1,1,1,Neutral-CoT,CN,1,True,1
24995,1,1,1,Neutral-CoT,CN,1,True,1
25015,1,1,1,Neutral-CoT,CN,1,True,1
25038,1,1,1,Neutral-CoT,CN,1,True,1
25109,2,2,2,Neutral-CoT,CN,1,True,2
25137,1,1,1,Neutral-CoT,CN,1,True,1
25155,1,1,1,Neutral-CoT,CN,1,True,1
25239,2,2,2,Neutral-CoT,CN,1,True,2
25270,1,1,1,Neutral-CoT,CN,1,True,1
25302,2,2,2,Neutral-CoT,CN,1,True,2
25337,1,1,1,Neutral-CoT,CN,1,True,1
25348,1,1,1,Neutral-CoT,CN,1,True,1
25369,2,2,2,Neutral-CoT,CN,1,True,2
25380,2,2,1,Neutral-CoT,CN,0,False,2
25416,1,1,1,Neutral-CoT,CN,1,True,1
25435,1,1,1,Neutral-CoT,CN,1,True,1
25447,1,1,1,Neutral-CoT,CN,1,True,1
25448,2,1,1,Neutral-CoT,CN,0,False,2
25471,2,2,2,Neutral-CoT,CN,1,True,2
25523,2,2,2,Neutral-CoT,CN,1,True,2
25591,1,1,1,Neutral-CoT,CN,1,True,1
25650,1,1,1,Neutral-CoT,CN,1,True,1
25690,1,1,1,Neutral-CoT,CN,1,True,1
25698,2,2,2,Neutral-CoT,CN,1,True,2
25856,2,2,1,Neutral-CoT,CN,0,False,2
25868,1,1,1,Neutral-CoT,CN,1,True,1
25990,2,2,2,Neutral-CoT,CN,1,True,2
26032,1,1,1,Neutral-CoT,CN,1,True,1
26129,2,2,2,Neutral-CoT,CN,1,True,2
26161,1,1,1,Neutral-CoT,CN,1,True,1
26178,2,1,2,Neutral-CoT,CN,0,False,2
26211,2,2,2,Neutral-CoT,CN,1,True,2
26281,1,2,1,Neutral-CoT,CN,0,False,1
26287,2,2,2,Neutral-CoT,CN,1,True,2
26292,1,1,1,Neutral-CoT,CN,1,True,1
26302,1,1,1,Neutral-CoT,CN,1,True,1
26321,2,2,2,Neutral-CoT,CN,1,True,2
26337,1,1,1,Neutral-CoT,CN,1,True,1
26345,1,1,1,Neutral-CoT,CN,1,True,1
26480,2,2,2,Neutral-CoT,CN,1,True,2
26492,2,2,2,Neutral-CoT,CN,1,True,2
26528,1,1,1,Neutral-CoT,CN,1,True,1
26546,1,1,1,Neutral-CoT,CN,1,True,1
26556,1,1,1,Neutral-CoT,CN,1,True,1
26575,2,2,2,Neutral-CoT,CN,1,True,2
26678,2,2,2,Neutral-CoT,CN,1,True,2
26714,2,2,2,Neutral-CoT,CN,1,True,2
26831,1,1,1,Neutral-CoT,CN,1,True,1
26865,2,2,2,Neutral-CoT,CN,1,True,2
26878,2,2,2,Neutral-CoT,CN,1,True,2
26995,1,1,1,Neutral-CoT,CN,1,True,1
27029,1,1,1,Neutral-CoT,CN,1,True,1
27088,1,1,1,Neutral-CoT,CN,1,True,1
27101,1,1,1,Neutral-CoT,CN,1,True,1
27117,2,2,1,Neutral-CoT,CN,0,False,2
27271,1,1,1,Neutral-CoT,CN,1,True,1
27395,2,2,2,Neutral-CoT,CN,1,True,2
27431,2,2,2,Neutral-CoT,CN,1,True,2
27497,1,1,1,Neutral-CoT,CN,1,True,1
27524,2,2,2,Neutral-CoT,CN,1,True,2
27558,2,2,2,Neutral-CoT,CN,1,True,2
27610,1,1,1,Neutral-CoT,CN,1,True,1
27668,2,2,2,Neutral-CoT,CN,1,True,2
27688,2,2,2,Neutral-CoT,CN,1,True,2
27740,2,2,2,Neutral-CoT,CN,1,True,2
27786,2,2,2,Neutral-CoT,CN,1,True,2
27828,2,2,2,Neutral-CoT,CN,1,True,2
27904,2,2,2,Neutral-CoT,CN,1,True,2
27910,2,2,2,Neutral-CoT,CN,1,True,2
27911,2,2,2,Neutral-CoT,CN,1,True,2
28011,2,2,2,Neutral-CoT,CN,1,True,2
28019,1,1,1,Neutral-CoT,CN,1,True,1
28051,2,2,2,Neutral-CoT,CN,1,True,2
28057,1,1,1,Neutral-CoT,CN,1,True,1
28067,2,2,2,Neutral-CoT,CN,1,True,2
28114,2,2,2,Neutral-CoT,CN,1,True,2
28222,2,2,2,Neutral-CoT,CN,1,True,2
28262,2,2,2,Neutral-CoT,CN,1,True,2
28271,1,1,1,Neutral-CoT,CN,1,True,1
28339,2,2,1,Neutral-CoT,CN,0,False,2
28341,1,1,1,Neutral-CoT,CN,1,True,1
28365,2,2,2,Neutral-CoT,CN,1,True,2
28463,2,2,2,Neutral-CoT,CN,1,True,2
28490,2,2,1,Neutral-CoT,CN,0,False,2
28550,2,2,2,Neutral-CoT,CN,1,True,2
28574,2,2,2,Neutral-CoT,CN,1,True,2
28656,2,2,2,Neutral-CoT,CN,1,True,2
28674,2,2,2,Neutral-CoT,CN,1,True,2
28728,1,1,1,Neutral-CoT,CN,1,True,1
28789,2,2,2,Neutral-CoT,CN,1,True,2
28790,2,2,2,Neutral-CoT,CN,1,True,2
28814,2,2,1,Neutral-CoT,CN,0,False,2
28822,2,2,2,Neutral-CoT,CN,1,True,2
28963,1,1,1,Neutral-CoT,CN,1,True,1
29070,2,2,2,Neutral-CoT,CN,1,True,2
29105,2,2,2,Neutral-CoT,CN,1,True,2
29132,1,1,1,Neutral-CoT,CN,1,True,1
29144,1,1,1,Neutral-CoT,CN,1,True,1
29184,2,2,2,Neutral-CoT,CN,1,True,2
29243,2,2,2,Neutral-CoT,CN,1,True,2
29385,1,1,1,Neutral-CoT,CN,1,True,1
29411,1,2,2,Neutral-CoT,CN,0,False,1
29417,2,2,2,Neutral-CoT,CN,1,True,2
29454,2,2,2,Neutral-CoT,CN,1,True,2
29465,2,1,1,Neutral-CoT,CN,0,False,2
29484,2,2,2,Neutral-CoT,CN,1,True,2
29582,1,1,1,Neutral-CoT,CN,1,True,1
29629,1,1,1,Neutral-CoT,CN,1,True,1
29644,1,1,1,Neutral-CoT,CN,1,True,1
29679,1,1,1,Neutral-CoT,CN,1,True,1
29768,1,1,1,Neutral-CoT,CN,1,True,1
29880,1,1,1,Neutral-CoT,CN,1,True,1
29903,1,1,1,Neutral-CoT,CN,1,True,1
29912,1,1,1,Neutral-CoT,CN,1,True,1
29978,1,1,1,Neutral-CoT,CN,1,True,1
30052,1,1,1,Neutral-CoT,CN,1,True,1
30118,1,1,1,Neutral-CoT,CN,1,True,1
30131,1,2,1,Neutral-CoT,CN,0,False,1
30137,2,2,2,Neutral-CoT,CN,1,True,2
30143,1,1,1,Neutral-CoT,CN,1,True,1
30180,1,1,1,Neutral-CoT,CN,1,True,1
30259,1,1,1,Neutral-CoT,CN,1,True,1
30273,2,2,2,Neutral-CoT,CN,1,True,2
30285,2,2,2,Neutral-CoT,CN,1,True,2
30328,1,1,1,Neutral-CoT,CN,1,True,1
30329,1,1,1,Neutral-CoT,CN,1,True,1
30336,2,2,2,Neutral-CoT,CN,1,True,2
30340,1,1,1,Neutral-CoT,CN,1,True,1
30352,2,2,2,Neutral-CoT,CN,1,True,2
30367,2,2,2,Neutral-CoT,CN,1,True,2
30457,2,2,2,Neutral-CoT,CN,1,True,2
30498,1,1,1,Neutral-CoT,CN,1,True,1
30514,1,1,1,Neutral-CoT,CN,1,True,1
30544,1,1,1,Neutral-CoT,CN,1,True,1
30637,1,1,1,Neutral-CoT,CN,1,True,1
30694,2,2,2,Neutral-CoT,CN,1,True,2
30701,2,2,2,Neutral-CoT,CN,1,True,2
30710,2,2,2,Neutral-CoT,CN,1,True,2
30794,2,2,2,Neutral-CoT,CN,1,True,2
30807,2,2,2,Neutral-CoT,CN,1,True,2
30825,2,2,2,Neutral-CoT,CN,1,True,2
30846,1,1,1,Neutral-CoT,CN,1,True,1
30856,2,2,2,Neutral-CoT,CN,1,True,2
30872,2,2,2,Neutral-CoT,CN,1,True,2
30880,1,1,1,Neutral-CoT,CN,1,True,1
30899,1,1,1,Neutral-CoT,CN,1,True,1
30922,2,2,2,Neutral-CoT,CN,1,True,2
30936,2,2,2,Neutral-CoT,CN,1,True,2
31029,1,1,1,Neutral-CoT,CN,1,True,1
31060,1,1,1,Neutral-CoT,CN,1,True,1
31081,2,2,2,Neutral-CoT,CN,1,True,2
31089,1,1,1,Neutral-CoT,CN,1,True,1
31128,2,1,2,Neutral-CoT,CN,0,False,2
31129,2,2,2,Neutral-CoT,CN,1,True,2
31138,1,1,1,Neutral-CoT,CN,1,True,1
31148,1,1,1,Neutral-CoT,CN,1,True,1
31247,1,1,1,Neutral-CoT,CN,1,True,1
31266,2,2,2,Neutral-CoT,CN,1,True,2
31350,2,2,2,Neutral-CoT,CN,1,True,2
31386,2,2,2,Neutral-CoT,CN,1,True,2
31470,1,1,1,Neutral-CoT,CN,1,True,1
31483,2,2,2,Neutral-CoT,CN,1,True,2
31568,2,2,2,Neutral-CoT,CN,1,True,2
31597,1,1,1,Neutral-CoT,CN,1,True,1
31622,1,1,1,Neutral-CoT,CN,1,True,1
31628,1,1,1,Neutral-CoT,CN,1,True,1
31634,1,1,1,Neutral-CoT,CN,1,True,1
31665,1,1,1,Neutral-CoT,CN,1,True,1
31720,1,1,1,Neutral-CoT,CN,1,True,1
31728,1,1,1,Neutral-CoT,CN,1,True,1
31754,2,2,2,Neutral-CoT,CN,1,True,2
31808,2,1,1,Neutral-CoT,CN,0,False,2
31883,2,2,2,Neutral-CoT,CN,1,True,2
31907,2,2,2,Neutral-CoT,CN,1,True,2
32003,2,2,2,Neutral-CoT,CN,1,True,2
32090,1,1,1,Neutral-CoT,CN,1,True,1
32112,2,2,2,Neutral-CoT,CN,1,True,2
32116,2,2,2,Neutral-CoT,CN,1,True,2
32131,2,2,2,Neutral-CoT,CN,1,True,2
32167,2,2,2,Neutral-CoT,CN,1,True,2
32177,2,1,1,Neutral-CoT,CN,0,False,2
32263,2,2,2,Neutral-CoT,CN,1,True,2
32265,1,1,1,Neutral-CoT,CN,1,True,1
32323,2,2,2,Neutral-CoT,CN,1,True,2
32372,1,1,1,Neutral-CoT,CN,1,True,1
32463,2,2,2,Neutral-CoT,CN,1,True,2
32489,1,2,1,Neutral-CoT,CN,0,False,1
32518,1,1,1,Neutral-CoT,CN,1,True,1
32558,1,2,2,Neutral-CoT,CN,0,False,1
32572,2,2,2,Neutral-CoT,CN,1,True,2
32638,1,1,1,Neutral-CoT,CN,1,True,1
32679,1,1,1,Neutral-CoT,CN,1,True,1
32722,2,2,2,Neutral-CoT,CN,1,True,2
32747,1,1,1,Neutral-CoT,CN,1,True,1
32753,2,2,2,Neutral-CoT,CN,1,True,2
32785,1,1,1,Neutral-CoT,CN,1,True,1
32872,2,2,2,Neutral-CoT,CN,1,True,2
32894,2,2,2,Neutral-CoT,CN,1,True,2
32913,1,1,1,Neutral-CoT,CN,1,True,1
32917,2,2,2,Neutral-CoT,CN,1,True,2
32963,1,1,1,Neutral-CoT,CN,1,True,1
32972,2,2,2,Neutral-CoT,CN,1,True,2
33026,1,1,1,Neutral-CoT,CN,1,True,1
33067,2,2,2,Neutral-CoT,CN,1,True,2
33126,2,2,2,Neutral-CoT,CN,1,True,2
33141,2,2,2,Neutral-CoT,CN,1,True,2
33154,1,1,1,Neutral-CoT,CN,1,True,1
33212,1,1,1,Neutral-CoT,CN,1,True,1
33262,2,2,2,Neutral-CoT,CN,1,True,2
33291,1,2,2,Neutral-CoT,CN,0,False,1
33322,2,2,1,Neutral-CoT,CN,0,False,2
33345,1,1,1,Neutral-CoT,CN,1,True,1
33390,1,1,1,Neutral-CoT,CN,1,True,1
33409,2,2,2,Neutral-CoT,CN,1,True,2
33433,1,1,1,Neutral-CoT,CN,1,True,1
33470,1,1,1,Neutral-CoT,CN,1,True,1
33504,1,1,1,Neutral-CoT,CN,1,True,1
33509,2,2,2,Neutral-CoT,CN,1,True,2
33532,1,1,1,Neutral-CoT,CN,1,True,1
33618,2,2,2,Neutral-CoT,CN,1,True,2
33649,1,1,1,Neutral-CoT,CN,1,True,1
33741,2,2,1,Neutral-CoT,CN,0,False,2
33743,2,2,2,Neutral-CoT,CN,1,True,2
33765,2,2,2,Neutral-CoT,CN,1,True,2
33780,1,1,1,Neutral-CoT,CN,1,True,1
33806,2,2,1,Neutral-CoT,CN,0,False,2
33808,2,2,2,Neutral-CoT,CN,1,True,2
33856,1,1,1,Neutral-CoT,CN,1,True,1
33859,2,2,2,Neutral-CoT,CN,1,True,2
33890,2,2,2,Neutral-CoT,CN,1,True,2
33936,1,2,1,Neutral-CoT,CN,0,False,1
33940,1,1,1,Neutral-CoT,CN,1,True,1
33961,1,1,1,Neutral-CoT,CN,1,True,1
33962,2,2,2,Neutral-CoT,CN,1,True,2
33986,1,1,1,Neutral-CoT,CN,1,True,1
34029,2,2,2,Neutral-CoT,CN,1,True,2
34084,1,1,1,Neutral-CoT,CN,1,True,1
34125,2,2,2,Neutral-CoT,CN,1,True,2
34143,2,2,2,Neutral-CoT,CN,1,True,2
34148,1,1,1,Neutral-CoT,CN,1,True,1
34171,1,1,1,Neutral-CoT,CN,1,True,1
34215,2,2,2,Neutral-CoT,CN,1,True,2
34276,1,1,1,Neutral-CoT,CN,1,True,1
34332,2,2,2,Neutral-CoT,CN,1,True,2
34354,1,1,1,Neutral-CoT,CN,1,True,1
34404,2,2,2,Neutral-CoT,CN,1,True,2
34414,1,1,1,Neutral-CoT,CN,1,True,1
34456,2,1,1,Neutral-CoT,CN,0,False,2
34460,2,2,2,Neutral-CoT,CN,1,True,2
34500,1,1,1,Neutral-CoT,CN,1,True,1
34573,2,1,2,Neutral-CoT,CN,0,False,2
34667,2,2,2,Neutral-CoT,CN,1,True,2
34714,2,2,2,Neutral-CoT,CN,1,True,2
34754,2,2,1,Neutral-CoT,CN,0,False,2
34812,2,2,2,Neutral-CoT,CN,1,True,2
34915,1,2,1,Neutral-CoT,CN,0,False,1
34918,2,2,2,Neutral-CoT,CN,1,True,2
34930,2,1,1,Neutral-CoT,CN,0,False,2
34944,2,2,2,Neutral-CoT,CN,1,True,2
34983,2,2,2,Neutral-CoT,CN,1,True,2
35058,2,2,2,Neutral-CoT,CN,1,True,2
35064,1,1,1,Neutral-CoT,CN,1,True,1
35127,2,2,2,Neutral-CoT,CN,1,True,2
35156,2,2,2,Neutral-CoT,CN,1,True,2
35174,1,1,1,Neutral-CoT,CN,1,True,1
35191,2,2,2,Neutral-CoT,CN,1,True,2
35201,2,2,2,Neutral-CoT,CN,1,True,2
35204,2,2,2,Neutral-CoT,CN,1,True,2
35282,2,2,2,Neutral-CoT,CN,1,True,2
35287,1,1,1,Neutral-CoT,CN,1,True,1
35397,2,2,2,Neutral-CoT,CN,1,True,2
35429,2,2,2,Neutral-CoT,CN,1,True,2
35467,1,1,1,Neutral-CoT,CN,1,True,1
35542,2,2,2,Neutral-CoT,CN,1,True,2
35564,2,2,2,Neutral-CoT,CN,1,True,2
35592,1,1,1,Neutral-CoT,CN,1,True,1
35643,2,2,2,Neutral-CoT,CN,1,True,2
35653,1,1,1,Neutral-CoT,CN,1,True,1
35715,2,2,2,Neutral-CoT,CN,1,True,2
35732,2,2,2,Neutral-CoT,CN,1,True,2
35738,2,2,2,Neutral-CoT,CN,1,True,2
35743,2,2,2,Neutral-CoT,CN,1,True,2
35871,1,2,2,Neutral-CoT,CN,0,False,1
35880,2,2,2,Neutral-CoT,CN,1,True,2
35907,1,1,1,Neutral-CoT,CN,1,True,1
35912,1,1,1,Neutral-CoT,CN,1,True,1
35918,2,2,2,Neutral-CoT,CN,1,True,2
35939,2,2,2,Neutral-CoT,CN,1,True,2
35991,2,2,2,Neutral-CoT,CN,1,True,2
36100,2,2,2,Neutral-CoT,CN,1,True,2
36117,1,1,1,Neutral-CoT,CN,1,True,1
36126,2,2,2,Neutral-CoT,CN,1,True,2
36186,2,2,2,Neutral-CoT,CN,1,True,2
36190,1,1,1,Neutral-CoT,CN,1,True,1
36199,2,2,2,Neutral-CoT,CN,1,True,2
36209,1,1,1,Neutral-CoT,CN,1,True,1
36223,1,2,1,Neutral-CoT,CN,0,False,1
36247,1,1,1,Neutral-CoT,CN,1,True,1
36341,2,2,1,Neutral-CoT,CN,0,False,2
36403,1,1,1,Neutral-CoT,CN,1,True,1
36419,2,2,2,Neutral-CoT,CN,1,True,2
36434,2,2,2,Neutral-CoT,CN,1,True,2
36449,1,1,1,Neutral-CoT,CN,1,True,1
36482,2,2,2,Neutral-CoT,CN,1,True,2
36557,2,2,2,Neutral-CoT,CN,1,True,2
36686,2,2,2,Neutral-CoT,CN,1,True,2
36689,1,2,2,Neutral-CoT,CN,0,False,1
36734,1,1,1,Neutral-CoT,CN,1,True,1
36743,1,1,1,Neutral-CoT,CN,1,True,1
36767,1,2,2,Neutral-CoT,CN,0,False,1
36785,1,1,2,Neutral-CoT,CN,0,False,1
36812,2,2,2,Neutral-CoT,CN,1,True,2
36819,1,2,2,Neutral-CoT,CN,0,False,1
36849,2,2,2,Neutral-CoT,CN,1,True,2
36960,2,2,2,Neutral-CoT,CN,1,True,2
36974,2,2,2,Neutral-CoT,CN,1,True,2
37006,2,2,2,Neutral-CoT,CN,1,True,2
37016,2,2,2,Neutral-CoT,CN,1,True,2
37020,1,1,1,Neutral-CoT,CN,1,True,1
37082,2,2,2,Neutral-CoT,CN,1,True,2
37102,1,2,1,Neutral-CoT,CN,0,False,1
37114,1,1,1,Neutral-CoT,CN,1,True,1
37124,2,2,2,Neutral-CoT,CN,1,True,2
37184,1,1,1,Neutral-CoT,CN,1,True,1
37234,1,2,1,Neutral-CoT,CN,0,False,1
37245,1,1,1,Neutral-CoT,CN,1,True,1
37249,1,1,1,Neutral-CoT,CN,1,True,1
37258,2,2,2,Neutral-CoT,CN,1,True,2
37327,1,1,1,Neutral-CoT,CN,1,True,1
37367,2,2,2,Neutral-CoT,CN,1,True,2
37404,2,2,2,Neutral-CoT,CN,1,True,2
37422,1,1,1,Neutral-CoT,CN,1,True,1
37432,2,2,2,Neutral-CoT,CN,1,True,2
37435,1,1,1,Neutral-CoT,CN,1,True,1
37490,1,1,1,Neutral-CoT,CN,1,True,1
37537,2,2,2,Neutral-CoT,CN,1,True,2
37542,1,1,2,Neutral-CoT,CN,0,False,1
37569,2,2,2,Neutral-CoT,CN,1,True,2
37608,1,1,1,Neutral-CoT,CN,1,True,1
37614,2,2,2,Neutral-CoT,CN,1,True,2
37617,2,2,2,Neutral-CoT,CN,1,True,2
37679,1,1,1,Neutral-CoT,CN,1,True,1
37723,2,2,2,Neutral-CoT,CN,1,True,2
37725,2,2,1,Neutral-CoT,CN,0,False,2
37741,1,1,1,Neutral-CoT,CN,1,True,1
37743,2,2,2,Neutral-CoT,CN,1,True,2
37842,1,1,1,Neutral-CoT,CN,1,True,1
37843,1,1,1,Neutral-CoT,CN,1,True,1
37909,1,1,1,Neutral-CoT,CN,1,True,1
37955,1,1,1,Neutral-CoT,CN,1,True,1
38026,2,2,2,Neutral-CoT,CN,1,True,2
38068,2,2,2,Neutral-CoT,CN,1,True,2
38078,2,2,2,Neutral-CoT,CN,1,True,2
38093,2,2,2,Neutral-CoT,CN,1,True,2
38130,1,1,1,Neutral-CoT,CN,1,True,1
38144,1,1,1,Neutral-CoT,CN,1,True,1
38146,1,1,1,Neutral-CoT,CN,1,True,1
38166,1,1,1,Neutral-CoT,CN,1,True,1
38168,1,1,1,Neutral-CoT,CN,1,True,1
38191,2,2,2,Neutral-CoT,CN,1,True,2
38245,1,1,1,Neutral-CoT,CN,1,True,1
38267,2,2,2,Neutral-CoT,CN,1,True,2
38352,1,1,1,Neutral-CoT,CN,1,True,1
38363,2,2,1,Neutral-CoT,CN,0,False,2
38390,2,2,2,Neutral-CoT,CN,1,True,2
38395,1,1,1,Neutral-CoT,CN,1,True,1
38425,2,2,2,Neutral-CoT,CN,1,True,2
38485,1,1,1,Neutral-CoT,CN,1,True,1
38518,1,1,1,Neutral-CoT,CN,1,True,1
38530,1,1,1,Neutral-CoT,CN,1,True,1
38533,2,2,2,Neutral-CoT,CN,1,True,2
38554,1,1,1,Neutral-CoT,CN,1,True,1
38562,2,2,2,Neutral-CoT,CN,1,True,2
38593,2,2,2,Neutral-CoT,CN,1,True,2
38627,2,2,2,Neutral-CoT,CN,1,True,2
38630,1,1,1,Neutral-CoT,CN,1,True,1
38721,1,1,1,Neutral-CoT,CN,1,True,1
38773,2,2,2,Neutral-CoT,CN,1,True,2
38802,1,1,1,Neutral-CoT,CN,1,True,1
38809,1,1,1,Neutral-CoT,CN,1,True,1
38811,1,2,1,Neutral-CoT,CN,0,False,1
38829,1,1,1,Neutral-CoT,CN,1,True,1
38858,1,1,1,Neutral-CoT,CN,1,True,1
38920,2,2,1,Neutral-CoT,CN,0,False,2
38928,2,2,2,Neutral-CoT,CN,1,True,2
38947,1,1,1,Neutral-CoT,CN,1,True,1
39000,1,1,1,Neutral-CoT,CN,1,True,1
39152,1,1,1,Neutral-CoT,CN,1,True,1
39199,1,1,1,Neutral-CoT,CN,1,True,1
39321,1,1,1,Neutral-CoT,CN,1,True,1
39356,2,2,2,Neutral-CoT,CN,1,True,2
39388,2,2,2,Neutral-CoT,CN,1,True,2
39457,1,1,1,Neutral-CoT,CN,1,True,1
39466,1,1,1,Neutral-CoT,CN,1,True,1
39532,2,2,2,Neutral-CoT,CN,1,True,2
39553,2,2,2,Neutral-CoT,CN,1,True,2
39557,1,1,1,Neutral-CoT,CN,1,True,1
39630,1,1,1,Neutral-CoT,CN,1,True,1
39715,1,1,1,Neutral-CoT,CN,1,True,1
39795,2,2,2,Neutral-CoT,CN,1,True,2
39804,1,1,1,Neutral-CoT,CN,1,True,1
39833,2,2,2,Neutral-CoT,CN,1,True,2
39842,1,1,1,Neutral-CoT,CN,1,True,1
39855,1,1,1,Neutral-CoT,CN,1,True,1
39864,2,2,2,Neutral-CoT,CN,1,True,2
39884,2,2,2,Neutral-CoT,CN,1,True,2
39918,2,2,2,Neutral-CoT,CN,1,True,2
40029,1,1,1,Neutral-CoT,CN,1,True,1
40068,1,1,1,Neutral-CoT,CN,1,True,1
40135,1,1,1,Neutral-CoT,CN,1,True,1
40145,2,2,2,Neutral-CoT,CN,1,True,2
40164,1,1,1,Neutral-CoT,CN,1,True,1
40169,1,1,1,Neutral-CoT,CN,1,True,1
40296,2,2,2,Neutral-CoT,CN,1,True,2
40352,2,2,2,Neutral-CoT,CN,1,True,2
40376,1,1,1,Neutral-CoT,CN,1,True,1
40497,2,2,2,Neutral-CoT,CN,1,True,2
40535,1,1,1,Neutral-CoT,CN,1,True,1
40542,2,2,2,Neutral-CoT,CN,1,True,2
40622,2,2,2,Neutral-CoT,CN,1,True,2
40625,2,2,2,Neutral-CoT,CN,1,True,2
40653,2,2,2,Neutral-CoT,CN,1,True,2
40762,1,1,1,Neutral-CoT,CN,1,True,1
40853,1,1,1,Neutral-CoT,CN,1,True,1
40855,2,2,2,Neutral-CoT,CN,1,True,2
40857,2,2,2,Neutral-CoT,CN,1,True,2
40920,1,1,1,Neutral-CoT,CN,1,True,1
40923,2,1,2,Neutral-CoT,CN,0,False,2
40969,1,1,1,Neutral-CoT,CN,1,True,1
40991,1,1,1,Neutral-CoT,CN,1,True,1
41001,2,2,2,Neutral-CoT,CN,1,True,2
41077,1,1,1,Neutral-CoT,CN,1,True,1
41103,2,2,2,Neutral-CoT,CN,1,True,2
41150,2,1,2,Neutral-CoT,CN,0,False,2
41152,2,2,1,Neutral-CoT,CN,0,False,2
41237,1,1,1,Neutral-CoT,CN,1,True,1
41239,1,1,1,Neutral-CoT,CN,1,True,1
41273,1,1,1,Neutral-CoT,CN,1,True,1
41360,1,2,1,Neutral-CoT,CN,0,False,1
41368,1,1,1,Neutral-CoT,CN,1,True,1
41416,1,1,1,Neutral-CoT,CN,1,True,1
41457,2,2,2,Neutral-CoT,CN,1,True,2
41472,1,1,1,Neutral-CoT,CN,1,True,1
41514,2,2,2,Neutral-CoT,CN,1,True,2
41581,2,2,2,Neutral-CoT,CN,1,True,2
41590,1,1,1,Neutral-CoT,CN,1,True,1
41607,1,1,1,Neutral-CoT,CN,1,True,1
41636,1,1,1,Neutral-CoT,CN,1,True,1
41704,1,1,1,Neutral-CoT,CN,1,True,1
41829,1,1,1,Neutral-CoT,CN,1,True,1
41836,1,1,1,Neutral-CoT,CN,1,True,1
41906,2,2,2,Neutral-CoT,CN,1,True,2
41973,2,2,2,Neutral-CoT,CN,1,True,2
42006,2,2,2,Neutral-CoT,CN,1,True,2
42040,1,1,1,Neutral-CoT,CN,1,True,1
42067,1,1,1,Neutral-CoT,CN,1,True,1
42086,2,2,2,Neutral-CoT,CN,1,True,2
42112,2,2,2,Neutral-CoT,CN,1,True,2
42166,2,2,2,Neutral-CoT,CN,1,True,2
42174,1,1,1,Neutral-CoT,CN,1,True,1
42185,2,2,2,Neutral-CoT,CN,1,True,2
42228,2,2,2,Neutral-CoT,CN,1,True,2
42330,1,1,1,Neutral-CoT,CN,1,True,1
42335,2,1,2,Neutral-CoT,CN,0,False,2
42344,2,2,2,Neutral-CoT,CN,1,True,2
42391,2,2,2,Neutral-CoT,CN,1,True,2
42428,1,1,1,Neutral-CoT,CN,1,True,1
42468,2,2,2,Neutral-CoT,CN,1,True,2
42520,2,2,2,Neutral-CoT,CN,1,True,2
42521,1,1,1,Neutral-CoT,CN,1,True,1
42568,1,1,1,Neutral-CoT,CN,1,True,1
42572,2,2,2,Neutral-CoT,CN,1,True,2
42585,1,1,1,Neutral-CoT,CN,1,True,1
42609,2,2,1,Neutral-CoT,CN,0,False,2
42690,1,1,1,Neutral-CoT,CN,1,True,1
42714,2,2,2,Neutral-CoT,CN,1,True,2
42742,1,1,1,Neutral-CoT,CN,1,True,1
42860,2,2,2,Neutral-CoT,CN,1,True,2
42886,2,2,2,Neutral-CoT,CN,1,True,2
42922,1,1,2,Neutral-CoT,CN,0,False,1
43042,1,1,1,Neutral-CoT,CN,1,True,1
43070,2,2,2,Neutral-CoT,CN,1,True,2
43113,2,1,2,Neutral-CoT,CN,0,False,2
43164,2,2,2,Neutral-CoT,CN,1,True,2
43191,1,1,1,Neutral-CoT,CN,1,True,1
43285,1,1,1,Neutral-CoT,CN,1,True,1
43295,2,2,2,Neutral-CoT,CN,1,True,2
43350,2,2,2,Neutral-CoT,CN,1,True,2
43486,1,1,1,Neutral-CoT,CN,1,True,1
43526,2,2,2,Neutral-CoT,CN,1,True,2
43621,2,2,2,Neutral-CoT,CN,1,True,2
43668,2,2,2,Neutral-CoT,CN,1,True,2
43764,2,2,2,Neutral-CoT,CN,1,True,2
43800,1,1,1,Neutral-CoT,CN,1,True,1
43811,2,2,2,Neutral-CoT,CN,1,True,2
43878,1,1,1,Neutral-CoT,CN,1,True,1
44063,2,1,2,Neutral-CoT,CN,0,False,2
44064,2,2,2,Neutral-CoT,CN,1,True,2
44147,2,1,2,Neutral-CoT,CN,0,False,2
44167,2,2,2,Neutral-CoT,CN,1,True,2
44178,2,2,2,Neutral-CoT,CN,1,True,2
44313,2,2,2,Neutral-CoT,CN,1,True,2
44380,1,1,1,Neutral-CoT,CN,1,True,1
44400,2,2,2,Neutral-CoT,CN,1,True,2
44415,2,2,2,Neutral-CoT,CN,1,True,2
44430,2,2,2,Neutral-CoT,CN,1,True,2
44444,2,2,2,Neutral-CoT,CN,1,True,2
44458,2,2,2,Neutral-CoT,CN,1,True,2
44475,1,1,1,Neutral-CoT,CN,1,True,1
44479,2,2,2,Neutral-CoT,CN,1,True,2
44628,1,1,1,Neutral-CoT,CN,1,True,1
44682,1,1,1,Neutral-CoT,CN,1,True,1
44743,1,2,2,Neutral-CoT,CN,0,False,1
44812,2,2,2,Neutral-CoT,CN,1,True,2
44833,2,2,2,Neutral-CoT,CN,1,True,2
44841,1,1,1,Neutral-CoT,CN,1,True,1
44887,2,2,2,Neutral-CoT,CN,1,True,2
44967,1,1,1,Neutral-CoT,CN,1,True,1
45012,2,2,2,Neutral-CoT,CN,1,True,2
45024,1,1,1,Neutral-CoT,CN,1,True,1
45075,2,2,2,Neutral-CoT,CN,1,True,2
45117,2,2,2,Neutral-CoT,CN,1,True,2
45137,2,2,2,Neutral-CoT,CN,1,True,2
45175,2,2,2,Neutral-CoT,CN,1,True,2
45184,1,1,1,Neutral-CoT,CN,1,True,1
45190,1,1,1,Neutral-CoT,CN,1,True,1
45199,1,1,1,Neutral-CoT,CN,1,True,1
45289,1,1,1,Neutral-CoT,CN,1,True,1
45314,1,1,1,Neutral-CoT,CN,1,True,1
45337,1,1,1,Neutral-CoT,CN,1,True,1
45340,2,2,2,Neutral-CoT,CN,1,True,2
45390,2,2,2,Neutral-CoT,CN,1,True,2
45424,2,2,2,Neutral-CoT,CN,1,True,2
45470,2,2,2,Neutral-CoT,CN,1,True,2
45492,1,1,1,Neutral-CoT,CN,1,True,1
45529,2,2,2,Neutral-CoT,CN,1,True,2
45544,2,2,2,Neutral-CoT,CN,1,True,2
45784,1,1,1,Neutral-CoT,CN,1,True,1
45800,2,2,2,Neutral-CoT,CN,1,True,2
45811,2,2,2,Neutral-CoT,CN,1,True,2
45837,1,1,1,Neutral-CoT,CN,1,True,1
45857,2,2,2,Neutral-CoT,CN,1,True,2
45893,2,2,2,Neutral-CoT,CN,1,True,2
45919,2,2,1,Neutral-CoT,CN,0,False,2
45938,2,2,2,Neutral-CoT,CN,1,True,2
45983,2,2,2,Neutral-CoT,CN,1,True,2
45985,1,1,1,Neutral-CoT,CN,1,True,1
46026,2,2,2,Neutral-CoT,CN,1,True,2
46132,1,1,1,Neutral-CoT,CN,1,True,1
46147,1,1,1,Neutral-CoT,CN,1,True,1
46160,1,1,1,Neutral-CoT,CN,1,True,1
46218,2,2,2,Neutral-CoT,CN,1,True,2
46346,1,1,1,Neutral-CoT,CN,1,True,1
46371,1,1,1,Neutral-CoT,CN,1,True,1
46372,2,2,2,Neutral-CoT,CN,1,True,2
46555,2,2,2,Neutral-CoT,CN,1,True,2
46569,2,2,2,Neutral-CoT,CN,1,True,2
46595,2,2,2,Neutral-CoT,CN,1,True,2
46674,1,1,1,Neutral-CoT,CN,1,True,1
46707,2,2,2,Neutral-CoT,CN,1,True,2
46710,2,2,2,Neutral-CoT,CN,1,True,2
46751,2,2,2,Neutral-CoT,CN,1,True,2
46756,1,1,1,Neutral-CoT,CN,1,True,1
46758,2,2,1,Neutral-CoT,CN,0,False,2
46810,2,2,2,Neutral-CoT,CN,1,True,2
46859,2,2,2,Neutral-CoT,CN,1,True,2
46880,1,1,1,Neutral-CoT,CN,1,True,1
46894,2,2,2,Neutral-CoT,CN,1,True,2
46969,2,2,2,Neutral-CoT,CN,1,True,2
47024,1,1,1,Neutral-CoT,CN,1,True,1
47060,2,2,2,Neutral-CoT,CN,1,True,2
47065,1,1,1,Neutral-CoT,CN,1,True,1
47097,1,1,1,Neutral-CoT,CN,1,True,1
47139,2,2,2,Neutral-CoT,CN,1,True,2
47169,2,2,2,Neutral-CoT,CN,1,True,2
47174,2,2,2,Neutral-CoT,CN,1,True,2
47216,2,2,2,Neutral-CoT,CN,1,True,2
47246,2,2,2,Neutral-CoT,CN,1,True,2
47249,2,2,2,Neutral-CoT,CN,1,True,2
47362,1,1,1,Neutral-CoT,CN,1,True,1
47371,1,1,1,Neutral-CoT,CN,1,True,1
47560,1,1,1,Neutral-CoT,CN,1,True,1
47603,1,1,1,Neutral-CoT,CN,1,True,1
47619,2,2,2,Neutral-CoT,CN,1,True,2
47632,1,1,1,Neutral-CoT,CN,1,True,1
47865,2,2,2,Neutral-CoT,CN,1,True,2
47886,1,1,1,Neutral-CoT,CN,1,True,1
48180,2,2,2,Neutral-CoT,CN,1,True,2
48182,1,1,1,Neutral-CoT,CN,1,True,1
48217,2,2,2,Neutral-CoT,CN,1,True,2
48246,1,1,1,Neutral-CoT,CN,1,True,1
48295,2,2,2,Neutral-CoT,CN,1,True,2
48329,1,1,1,Neutral-CoT,CN,1,True,1
48352,1,1,1,Neutral-CoT,CN,1,True,1
48355,2,2,2,Neutral-CoT,CN,1,True,2
48359,1,1,1,Neutral-CoT,CN,1,True,1
48434,1,2,2,Neutral-CoT,CN,0,False,1
48441,2,2,2,Neutral-CoT,CN,1,True,2
48449,2,2,2,Neutral-CoT,CN,1,True,2
48506,2,2,2,Neutral-CoT,CN,1,True,2
48538,1,1,1,Neutral-CoT,CN,1,True,1
48541,1,1,1,Neutral-CoT,CN,1,True,1
48562,2,2,2,Neutral-CoT,CN,1,True,2
48563,2,2,1,Neutral-CoT,CN,0,False,2
48566,1,1,1,Neutral-CoT,CN,1,True,1
48587,1,1,1,Neutral-CoT,CN,1,True,1
48607,2,2,2,Neutral-CoT,CN,1,True,2
48618,1,1,1,Neutral-CoT,CN,1,True,1
48722,2,2,2,Neutral-CoT,CN,1,True,2
48728,1,1,1,Neutral-CoT,CN,1,True,1
48859,2,2,2,Neutral-CoT,CN,1,True,2
48898,1,1,1,Neutral-CoT,CN,1,True,1
48976,2,2,2,Neutral-CoT,CN,1,True,2
49004,1,1,1,Neutral-CoT,CN,1,True,1
49029,1,1,1,Neutral-CoT,CN,1,True,1
49047,1,1,1,Neutral-CoT,CN,1,True,1
49052,1,1,1,Neutral-CoT,CN,1,True,1
49095,1,1,1,Neutral-CoT,CN,1,True,1
49132,1,1,1,Neutral-CoT,CN,1,True,1
49146,1,1,1,Neutral-CoT,CN,1,True,1
49168,1,2,2,Neutral-CoT,CN,0,False,1
49182,1,2,1,Neutral-CoT,CN,0,False,1
49189,1,1,1,Neutral-CoT,CN,1,True,1
49213,1,1,1,Neutral-CoT,CN,1,True,1
49228,1,1,1,Neutral-CoT,CN,1,True,1
49239,1,1,2,Neutral-CoT,CN,0,False,1
49242,2,2,2,Neutral-CoT,CN,1,True,2
49325,1,1,1,Neutral-CoT,CN,1,True,1
49400,2,2,2,Neutral-CoT,CN,1,True,2
49460,1,1,1,Neutral-CoT,CN,1,True,1
49550,2,2,2,Neutral-CoT,CN,1,True,2
49700,1,1,1,Neutral-CoT,CN,1,True,1
49737,1,1,1,Neutral-CoT,CN,1,True,1
49765,2,2,2,Neutral-CoT,CN,1,True,2
49777,1,2,1,Neutral-CoT,CN,0,False,1
49804,2,2,2,Neutral-CoT,CN,1,True,2
49855,2,2,2,Neutral-CoT,CN,1,True,2
49870,2,2,2,Neutral-CoT,CN,1,True,2
49943,2,2,2,Neutral-CoT,CN,1,True,2
49950,2,2,2,Neutral-CoT,CN,1,True,2
49959,2,2,2,Neutral-CoT,CN,1,True,2
49971,1,1,1,Neutral-CoT,CN,1,True,1
55,1,1,1,Neutral-CoT,CT,1,True,1
107,2,2,2,Neutral-CoT,CT,1,True,2
176,1,1,1,Neutral-CoT,CT,1,True,1
257,1,1,1,Neutral-CoT,CT,1,True,1
283,2,2,2,Neutral-CoT,CT,1,True,2
284,2,2,2,Neutral-CoT,CT,1,True,2
287,1,1,1,Neutral-CoT,CT,1,True,1
310,2,2,2,Neutral-CoT,CT,1,True,2
337,2,1,2,Neutral-CoT,CT,0,False,2
379,2,2,2,Neutral-CoT,CT,1,True,2
393,2,2,2,Neutral-CoT,CT,1,True,2
405,2,2,2,Neutral-CoT,CT,1,True,2
423,1,1,1,Neutral-CoT,CT,1,True,1
450,2,2,2,Neutral-CoT,CT,1,True,2
504,2,2,2,Neutral-CoT,CT,1,True,2
525,2,2,2,Neutral-CoT,CT,1,True,2
545,1,1,1,Neutral-CoT,CT,1,True,1
626,2,2,2,Neutral-CoT,CT,1,True,2
715,2,2,2,Neutral-CoT,CT,1,True,2
722,1,1,1,Neutral-CoT,CT,1,True,1
793,2,2,2,Neutral-CoT,CT,1,True,2
804,1,2,1,Neutral-CoT,CT,0,False,1
813,2,2,2,Neutral-CoT,CT,1,True,2
856,2,2,2,Neutral-CoT,CT,1,True,2
893,2,2,2,Neutral-CoT,CT,1,True,2
922,1,1,1,Neutral-CoT,CT,1,True,1
1029,2,2,2,Neutral-CoT,CT,1,True,2
1057,2,2,1,Neutral-CoT,CT,0,False,2
1106,1,1,1,Neutral-CoT,CT,1,True,1
1176,2,2,1,Neutral-CoT,CT,0,False,2
1199,1,1,1,Neutral-CoT,CT,1,True,1
1200,2,2,2,Neutral-CoT,CT,1,True,2
1205,2,2,2,Neutral-CoT,CT,1,True,2
1227,2,1,2,Neutral-CoT,CT,0,False,2
1261,2,2,2,Neutral-CoT,CT,1,True,2
1285,1,1,1,Neutral-CoT,CT,1,True,1
1290,1,1,1,Neutral-CoT,CT,1,True,1
1347,1,1,1,Neutral-CoT,CT,1,True,1
1352,1,1,1,Neutral-CoT,CT,1,True,1
1363,2,2,2,Neutral-CoT,CT,1,True,2
1421,1,1,1,Neutral-CoT,CT,1,True,1
1434,1,2,2,Neutral-CoT,CT,0,False,1
1481,1,1,1,Neutral-CoT,CT,1,True,1
1545,1,1,1,Neutral-CoT,CT,1,True,1
1552,1,1,1,Neutral-CoT,CT,1,True,1
1573,1,1,1,Neutral-CoT,CT,1,True,1
1656,2,2,2,Neutral-CoT,CT,1,True,2
1687,1,1,1,Neutral-CoT,CT,1,True,1
1707,2,2,2,Neutral-CoT,CT,1,True,2
1733,2,1,1,Neutral-CoT,CT,0,False,2
1735,2,2,2,Neutral-CoT,CT,1,True,2
1755,2,2,2,Neutral-CoT,CT,1,True,2
1808,1,1,1,Neutral-CoT,CT,1,True,1
1814,2,2,2,Neutral-CoT,CT,1,True,2
1819,2,2,2,Neutral-CoT,CT,1,True,2
1822,1,1,1,Neutral-CoT,CT,1,True,1
1823,1,1,1,Neutral-CoT,CT,1,True,1
1862,1,1,1,Neutral-CoT,CT,1,True,1
2004,2,2,2,Neutral-CoT,CT,1,True,2
2039,2,2,2,Neutral-CoT,CT,1,True,2
2055,1,1,1,Neutral-CoT,CT,1,True,1
2068,2,2,2,Neutral-CoT,CT,1,True,2
2081,1,1,1,Neutral-CoT,CT,1,True,1
2155,2,2,2,Neutral-CoT,CT,1,True,2
2170,1,2,2,Neutral-CoT,CT,0,False,1
2221,2,2,2,Neutral-CoT,CT,1,True,2
2288,2,2,2,Neutral-CoT,CT,1,True,2
2375,2,2,2,Neutral-CoT,CT,1,True,2
2379,1,1,1,Neutral-CoT,CT,1,True,1
2408,2,1,2,Neutral-CoT,CT,0,False,2
2426,2,2,2,Neutral-CoT,CT,1,True,2
2584,2,2,2,Neutral-CoT,CT,1,True,2
2585,1,1,1,Neutral-CoT,CT,1,True,1
2599,2,1,2,Neutral-CoT,CT,0,False,2
2600,1,1,1,Neutral-CoT,CT,1,True,1
2732,2,2,2,Neutral-CoT,CT,1,True,2
2844,1,1,1,Neutral-CoT,CT,1,True,1
2891,2,2,2,Neutral-CoT,CT,1,True,2
2932,2,2,2,Neutral-CoT,CT,1,True,2
2983,1,1,1,Neutral-CoT,CT,1,True,1
3056,1,1,1,Neutral-CoT,CT,1,True,1
3081,1,1,1,Neutral-CoT,CT,1,True,1
3102,1,1,1,Neutral-CoT,CT,1,True,1
3191,1,1,1,Neutral-CoT,CT,1,True,1
3230,2,1,1,Neutral-CoT,CT,0,False,2
3297,1,1,1,Neutral-CoT,CT,1,True,1
3363,1,1,1,Neutral-CoT,CT,1,True,1
3367,2,2,2,Neutral-CoT,CT,1,True,2
3385,1,1,1,Neutral-CoT,CT,1,True,1
3400,1,1,1,Neutral-CoT,CT,1,True,1
3418,1,1,1,Neutral-CoT,CT,1,True,1
3429,2,2,2,Neutral-CoT,CT,1,True,2
3440,1,1,1,Neutral-CoT,CT,1,True,1
3512,2,1,1,Neutral-CoT,CT,0,False,2
3524,1,1,1,Neutral-CoT,CT,1,True,1
3567,1,1,1,Neutral-CoT,CT,1,True,1
3631,2,2,2,Neutral-CoT,CT,1,True,2
3811,2,2,2,Neutral-CoT,CT,1,True,2
3824,1,1,1,Neutral-CoT,CT,1,True,1
3839,1,1,1,Neutral-CoT,CT,1,True,1
3867,1,1,1,Neutral-CoT,CT,1,True,1
3868,1,1,1,Neutral-CoT,CT,1,True,1
3912,2,2,2,Neutral-CoT,CT,1,True,2
3929,2,2,2,Neutral-CoT,CT,1,True,2
3954,2,2,1,Neutral-CoT,CT,0,False,2
3971,2,2,2,Neutral-CoT,CT,1,True,2
3979,2,2,2,Neutral-CoT,CT,1,True,2
4011,2,2,2,Neutral-CoT,CT,1,True,2
4017,1,1,1,Neutral-CoT,CT,1,True,1
4066,2,2,2,Neutral-CoT,CT,1,True,2
4087,2,2,2,Neutral-CoT,CT,1,True,2
4153,2,2,2,Neutral-CoT,CT,1,True,2
4182,2,2,2,Neutral-CoT,CT,1,True,2
4187,1,1,1,Neutral-CoT,CT,1,True,1
4207,1,1,1,Neutral-CoT,CT,1,True,1
4211,1,1,1,Neutral-CoT,CT,1,True,1
4303,1,1,1,Neutral-CoT,CT,1,True,1
4314,1,1,1,Neutral-CoT,CT,1,True,1
4339,2,2,2,Neutral-CoT,CT,1,True,2
4348,2,2,2,Neutral-CoT,CT,1,True,2
4447,1,1,1,Neutral-CoT,CT,1,True,1
4462,1,1,1,Neutral-CoT,CT,1,True,1
4591,1,1,1,Neutral-CoT,CT,1,True,1
4624,2,2,2,Neutral-CoT,CT,1,True,2
4651,2,2,2,Neutral-CoT,CT,1,True,2
4652,1,1,1,Neutral-CoT,CT,1,True,1
4663,1,1,1,Neutral-CoT,CT,1,True,1
4706,2,2,2,Neutral-CoT,CT,1,True,2
4716,1,1,1,Neutral-CoT,CT,1,True,1
4744,2,2,2,Neutral-CoT,CT,1,True,2
4767,1,1,1,Neutral-CoT,CT,1,True,1
4795,1,1,1,Neutral-CoT,CT,1,True,1
4797,1,1,1,Neutral-CoT,CT,1,True,1
4812,2,2,2,Neutral-CoT,CT,1,True,2
4827,2,2,2,Neutral-CoT,CT,1,True,2
4829,2,2,2,Neutral-CoT,CT,1,True,2
4851,2,2,2,Neutral-CoT,CT,1,True,2
4856,2,2,2,Neutral-CoT,CT,1,True,2
4865,2,2,2,Neutral-CoT,CT,1,True,2
4871,1,1,1,Neutral-CoT,CT,1,True,1
4927,2,2,2,Neutral-CoT,CT,1,True,2
4937,1,1,1,Neutral-CoT,CT,1,True,1
5006,2,2,1,Neutral-CoT,CT,0,False,2
5009,1,1,1,Neutral-CoT,CT,1,True,1
5024,1,1,1,Neutral-CoT,CT,1,True,1
5070,1,1,1,Neutral-CoT,CT,1,True,1
5086,2,2,2,Neutral-CoT,CT,1,True,2
5105,2,1,1,Neutral-CoT,CT,0,False,2
5119,1,1,1,Neutral-CoT,CT,1,True,1
5120,2,2,2,Neutral-CoT,CT,1,True,2
5159,2,1,1,Neutral-CoT,CT,0,False,2
5406,1,1,1,Neutral-CoT,CT,1,True,1
5424,2,2,2,Neutral-CoT,CT,1,True,2
5475,1,1,1,Neutral-CoT,CT,1,True,1
5499,1,1,1,Neutral-CoT,CT,1,True,1
5570,1,1,1,Neutral-CoT,CT,1,True,1
5586,2,2,2,Neutral-CoT,CT,1,True,2
5619,2,2,2,Neutral-CoT,CT,1,True,2
5651,1,1,1,Neutral-CoT,CT,1,True,1
5741,1,1,1,Neutral-CoT,CT,1,True,1
5797,2,2,2,Neutral-CoT,CT,1,True,2
5824,2,2,2,Neutral-CoT,CT,1,True,2
5829,1,1,1,Neutral-CoT,CT,1,True,1
5834,1,2,1,Neutral-CoT,CT,0,False,1
5906,2,2,2,Neutral-CoT,CT,1,True,2
5913,1,1,2,Neutral-CoT,CT,0,False,1
5938,2,2,2,Neutral-CoT,CT,1,True,2
5957,2,2,2,Neutral-CoT,CT,1,True,2
5998,2,2,2,Neutral-CoT,CT,1,True,2
6010,2,2,2,Neutral-CoT,CT,1,True,2
6059,2,2,2,Neutral-CoT,CT,1,True,2
6111,1,1,1,Neutral-CoT,CT,1,True,1
6137,1,1,1,Neutral-CoT,CT,1,True,1
6156,1,1,1,Neutral-CoT,CT,1,True,1
6252,1,1,1,Neutral-CoT,CT,1,True,1
6253,2,2,2,Neutral-CoT,CT,1,True,2
6255,2,2,2,Neutral-CoT,CT,1,True,2
6295,1,1,1,Neutral-CoT,CT,1,True,1
6347,1,1,1,Neutral-CoT,CT,1,True,1
6374,1,1,1,Neutral-CoT,CT,1,True,1
6420,2,2,2,Neutral-CoT,CT,1,True,2
6452,1,1,1,Neutral-CoT,CT,1,True,1
6465,1,1,1,Neutral-CoT,CT,1,True,1
6484,2,2,2,Neutral-CoT,CT,1,True,2
6488,2,2,2,Neutral-CoT,CT,1,True,2
6519,2,2,2,Neutral-CoT,CT,1,True,2
6527,2,2,2,Neutral-CoT,CT,1,True,2
6595,1,1,1,Neutral-CoT,CT,1,True,1
6631,1,1,1,Neutral-CoT,CT,1,True,1
6692,2,1,1,Neutral-CoT,CT,0,False,2
6715,2,2,2,Neutral-CoT,CT,1,True,2
6728,1,1,1,Neutral-CoT,CT,1,True,1
6756,2,2,2,Neutral-CoT,CT,1,True,2
6812,1,1,1,Neutral-CoT,CT,1,True,1
6824,1,1,1,Neutral-CoT,CT,1,True,1
6826,1,1,1,Neutral-CoT,CT,1,True,1
6842,1,1,1,Neutral-CoT,CT,1,True,1
6867,1,1,1,Neutral-CoT,CT,1,True,1
6868,1,1,1,Neutral-CoT,CT,1,True,1
6899,2,2,2,Neutral-CoT,CT,1,True,2
6965,2,2,2,Neutral-CoT,CT,1,True,2
6977,2,2,2,Neutral-CoT,CT,1,True,2
6991,1,1,1,Neutral-CoT,CT,1,True,1
7001,2,2,2,Neutral-CoT,CT,1,True,2
7004,1,1,1,Neutral-CoT,CT,1,True,1
7042,1,1,1,Neutral-CoT,CT,1,True,1
7070,2,2,2,Neutral-CoT,CT,1,True,2
7096,1,1,1,Neutral-CoT,CT,1,True,1
7099,1,1,1,Neutral-CoT,CT,1,True,1
7194,2,2,2,Neutral-CoT,CT,1,True,2
7220,2,2,2,Neutral-CoT,CT,1,True,2
7235,2,2,2,Neutral-CoT,CT,1,True,2
7313,2,2,2,Neutral-CoT,CT,1,True,2
7387,1,1,1,Neutral-CoT,CT,1,True,1
7407,1,1,1,Neutral-CoT,CT,1,True,1
7430,2,2,2,Neutral-CoT,CT,1,True,2
7439,1,1,1,Neutral-CoT,CT,1,True,1
7451,2,2,2,Neutral-CoT,CT,1,True,2
7498,2,2,2,Neutral-CoT,CT,1,True,2
7550,1,1,1,Neutral-CoT,CT,1,True,1
7553,2,2,2,Neutral-CoT,CT,1,True,2
7555,1,1,1,Neutral-CoT,CT,1,True,1
7581,2,2,2,Neutral-CoT,CT,1,True,2
7599,2,2,2,Neutral-CoT,CT,1,True,2
7631,1,2,1,Neutral-CoT,CT,0,False,1
7654,1,1,1,Neutral-CoT,CT,1,True,1
7687,1,1,1,Neutral-CoT,CT,1,True,1
7723,1,1,1,Neutral-CoT,CT,1,True,1
7756,1,1,2,Neutral-CoT,CT,0,False,1
7832,2,2,2,Neutral-CoT,CT,1,True,2
7887,1,1,1,Neutral-CoT,CT,1,True,1
7894,1,1,1,Neutral-CoT,CT,1,True,1
7915,2,2,2,Neutral-CoT,CT,1,True,2
7949,2,1,1,Neutral-CoT,CT,0,False,2
7966,1,1,1,Neutral-CoT,CT,1,True,1
7972,2,1,2,Neutral-CoT,CT,0,False,2
7992,2,2,1,Neutral-CoT,CT,0,False,2
8015,2,2,2,Neutral-CoT,CT,1,True,2
8033,1,1,1,Neutral-CoT,CT,1,True,1
8139,1,1,1,Neutral-CoT,CT,1,True,1
8217,2,2,2,Neutral-CoT,CT,1,True,2
8268,1,1,1,Neutral-CoT,CT,1,True,1
8339,1,1,1,Neutral-CoT,CT,1,True,1
8366,2,2,2,Neutral-CoT,CT,1,True,2
8444,1,1,1,Neutral-CoT,CT,1,True,1
8477,2,1,1,Neutral-CoT,CT,0,False,2
8580,2,2,2,Neutral-CoT,CT,1,True,2
8614,1,1,1,Neutral-CoT,CT,1,True,1
8630,2,2,2,Neutral-CoT,CT,1,True,2
8637,2,1,1,Neutral-CoT,CT,0,False,2
8672,1,1,1,Neutral-CoT,CT,1,True,1
8800,1,1,1,Neutral-CoT,CT,1,True,1
8816,2,2,1,Neutral-CoT,CT,0,False,2
8902,2,2,2,Neutral-CoT,CT,1,True,2
8923,2,2,2,Neutral-CoT,CT,1,True,2
8948,1,1,1,Neutral-CoT,CT,1,True,1
8993,1,1,1,Neutral-CoT,CT,1,True,1
9004,1,1,1,Neutral-CoT,CT,1,True,1
9089,2,2,2,Neutral-CoT,CT,1,True,2
9102,1,1,1,Neutral-CoT,CT,1,True,1
9120,1,1,1,Neutral-CoT,CT,1,True,1
9134,2,2,2,Neutral-CoT,CT,1,True,2
9246,2,2,2,Neutral-CoT,CT,1,True,2
9268,1,1,1,Neutral-CoT,CT,1,True,1
9324,1,2,2,Neutral-CoT,CT,0,False,1
9325,1,1,1,Neutral-CoT,CT,1,True,1
9349,2,2,2,Neutral-CoT,CT,1,True,2
9357,2,2,2,Neutral-CoT,CT,1,True,2
9417,1,1,1,Neutral-CoT,CT,1,True,1
9459,1,1,1,Neutral-CoT,CT,1,True,1
9465,1,1,1,Neutral-CoT,CT,1,True,1
9469,2,2,2,Neutral-CoT,CT,1,True,2
9473,1,1,1,Neutral-CoT,CT,1,True,1
9485,1,1,1,Neutral-CoT,CT,1,True,1
9544,2,2,2,Neutral-CoT,CT,1,True,2
9595,1,1,1,Neutral-CoT,CT,1,True,1
9632,2,2,2,Neutral-CoT,CT,1,True,2
9635,2,2,2,Neutral-CoT,CT,1,True,2
9677,2,2,2,Neutral-CoT,CT,1,True,2
9715,1,1,1,Neutral-CoT,CT,1,True,1
9724,2,2,2,Neutral-CoT,CT,1,True,2
9774,2,2,2,Neutral-CoT,CT,1,True,2
9796,1,1,1,Neutral-CoT,CT,1,True,1
9892,2,2,2,Neutral-CoT,CT,1,True,2
9899,1,1,1,Neutral-CoT,CT,1,True,1
9907,2,1,2,Neutral-CoT,CT,0,False,2
9934,1,1,1,Neutral-CoT,CT,1,True,1
9955,1,1,1,Neutral-CoT,CT,1,True,1
9987,1,1,1,Neutral-CoT,CT,1,True,1
10022,1,1,1,Neutral-CoT,CT,1,True,1
10156,1,1,1,Neutral-CoT,CT,1,True,1
10163,1,1,1,Neutral-CoT,CT,1,True,1
10174,1,1,1,Neutral-CoT,CT,1,True,1
10187,1,1,1,Neutral-CoT,CT,1,True,1
10189,2,2,2,Neutral-CoT,CT,1,True,2
10210,1,1,1,Neutral-CoT,CT,1,True,1
10301,2,1,2,Neutral-CoT,CT,0,False,2
10328,1,1,1,Neutral-CoT,CT,1,True,1
10330,2,2,2,Neutral-CoT,CT,1,True,2
10361,2,1,2,Neutral-CoT,CT,0,False,2
10375,1,1,1,Neutral-CoT,CT,1,True,1
10400,1,1,1,Neutral-CoT,CT,1,True,1
10423,2,2,2,Neutral-CoT,CT,1,True,2
10434,1,1,1,Neutral-CoT,CT,1,True,1
10450,2,2,2,Neutral-CoT,CT,1,True,2
10566,2,2,2,Neutral-CoT,CT,1,True,2
10600,1,1,1,Neutral-CoT,CT,1,True,1
10610,2,2,2,Neutral-CoT,CT,1,True,2
10621,1,1,1,Neutral-CoT,CT,1,True,1
10626,2,2,2,Neutral-CoT,CT,1,True,2
10634,2,2,2,Neutral-CoT,CT,1,True,2
10713,1,1,2,Neutral-CoT,CT,0,False,1
10771,2,2,2,Neutral-CoT,CT,1,True,2
10803,1,2,2,Neutral-CoT,CT,0,False,1
10910,2,2,2,Neutral-CoT,CT,1,True,2
10954,2,2,2,Neutral-CoT,CT,1,True,2
10978,1,1,1,Neutral-CoT,CT,1,True,1
11024,2,2,2,Neutral-CoT,CT,1,True,2
11101,1,2,1,Neutral-CoT,CT,0,False,1
11102,1,1,1,Neutral-CoT,CT,1,True,1
11112,2,1,1,Neutral-CoT,CT,0,False,2
11120,2,2,2,Neutral-CoT,CT,1,True,2
11132,1,1,1,Neutral-CoT,CT,1,True,1
11189,2,2,2,Neutral-CoT,CT,1,True,2
11241,2,2,2,Neutral-CoT,CT,1,True,2
11264,1,1,1,Neutral-CoT,CT,1,True,1
11283,2,2,2,Neutral-CoT,CT,1,True,2
11511,2,2,2,Neutral-CoT,CT,1,True,2
11514,2,2,1,Neutral-CoT,CT,0,False,2
11523,2,2,2,Neutral-CoT,CT,1,True,2
11525,1,1,1,Neutral-CoT,CT,1,True,1
11553,1,1,1,Neutral-CoT,CT,1,True,1
11596,1,1,1,Neutral-CoT,CT,1,True,1
11603,2,2,1,Neutral-CoT,CT,0,False,2
11617,2,2,2,Neutral-CoT,CT,1,True,2
11630,1,1,1,Neutral-CoT,CT,1,True,1
11647,2,1,2,Neutral-CoT,CT,0,False,2
11742,2,2,2,Neutral-CoT,CT,1,True,2
11786,1,1,1,Neutral-CoT,CT,1,True,1
11850,2,2,2,Neutral-CoT,CT,1,True,2
11870,1,1,1,Neutral-CoT,CT,1,True,1
11874,1,1,1,Neutral-CoT,CT,1,True,1
11930,1,1,1,Neutral-CoT,CT,1,True,1
11935,2,2,2,Neutral-CoT,CT,1,True,2
11967,1,1,1,Neutral-CoT,CT,1,True,1
12012,2,2,2,Neutral-CoT,CT,1,True,2
12074,1,1,1,Neutral-CoT,CT,1,True,1
12143,2,1,1,Neutral-CoT,CT,0,False,2
12151,1,1,1,Neutral-CoT,CT,1,True,1
12153,1,1,1,Neutral-CoT,CT,1,True,1
12219,2,1,1,Neutral-CoT,CT,0,False,2
12271,2,2,2,Neutral-CoT,CT,1,True,2
12284,2,2,1,Neutral-CoT,CT,0,False,2
12285,1,1,1,Neutral-CoT,CT,1,True,1
12301,1,1,1,Neutral-CoT,CT,1,True,1
12305,2,1,1,Neutral-CoT,CT,0,False,2
12323,1,1,1,Neutral-CoT,CT,1,True,1
12429,2,2,2,Neutral-CoT,CT,1,True,2
12472,2,2,2,Neutral-CoT,CT,1,True,2
12486,2,2,2,Neutral-CoT,CT,1,True,2
12494,1,1,1,Neutral-CoT,CT,1,True,1
12627,2,2,2,Neutral-CoT,CT,1,True,2
12645,1,1,1,Neutral-CoT,CT,1,True,1
12732,1,1,1,Neutral-CoT,CT,1,True,1
12798,2,2,2,Neutral-CoT,CT,1,True,2
12830,2,2,2,Neutral-CoT,CT,1,True,2
12860,2,2,2,Neutral-CoT,CT,1,True,2
12896,1,1,1,Neutral-CoT,CT,1,True,1
12903,1,1,1,Neutral-CoT,CT,1,True,1
12926,2,2,2,Neutral-CoT,CT,1,True,2
12936,2,2,2,Neutral-CoT,CT,1,True,2
12948,2,2,2,Neutral-CoT,CT,1,True,2
12975,2,2,2,Neutral-CoT,CT,1,True,2
12998,1,1,1,Neutral-CoT,CT,1,True,1
13035,1,1,1,Neutral-CoT,CT,1,True,1
13050,2,2,2,Neutral-CoT,CT,1,True,2
13061,1,1,1,Neutral-CoT,CT,1,True,1
13113,2,2,2,Neutral-CoT,CT,1,True,2
13115,2,1,2,Neutral-CoT,CT,0,False,2
13137,2,2,2,Neutral-CoT,CT,1,True,2
13141,2,1,2,Neutral-CoT,CT,0,False,2
13200,1,1,1,Neutral-CoT,CT,1,True,1
13227,2,2,2,Neutral-CoT,CT,1,True,2
13300,2,2,1,Neutral-CoT,CT,0,False,2
13319,1,1,1,Neutral-CoT,CT,1,True,1
13334,1,1,1,Neutral-CoT,CT,1,True,1
13384,1,1,1,Neutral-CoT,CT,1,True,1
13400,2,2,2,Neutral-CoT,CT,1,True,2
13447,2,2,2,Neutral-CoT,CT,1,True,2
13469,2,2,2,Neutral-CoT,CT,1,True,2
13484,2,2,2,Neutral-CoT,CT,1,True,2
13518,2,2,2,Neutral-CoT,CT,1,True,2
13531,1,2,2,Neutral-CoT,CT,0,False,1
13562,1,1,1,Neutral-CoT,CT,1,True,1
13726,2,2,2,Neutral-CoT,CT,1,True,2
13785,1,1,1,Neutral-CoT,CT,1,True,1
13843,2,2,2,Neutral-CoT,CT,1,True,2
13864,2,2,2,Neutral-CoT,CT,1,True,2
13874,1,1,1,Neutral-CoT,CT,1,True,1
13920,1,1,1,Neutral-CoT,CT,1,True,1
13923,1,1,1,Neutral-CoT,CT,1,True,1
13996,1,1,1,Neutral-CoT,CT,1,True,1
14011,2,2,2,Neutral-CoT,CT,1,True,2
14047,2,2,2,Neutral-CoT,CT,1,True,2
14055,2,2,2,Neutral-CoT,CT,1,True,2
14074,2,2,2,Neutral-CoT,CT,1,True,2
14137,2,2,2,Neutral-CoT,CT,1,True,2
14139,2,2,2,Neutral-CoT,CT,1,True,2
14224,1,1,1,Neutral-CoT,CT,1,True,1
14259,1,1,1,Neutral-CoT,CT,1,True,1
14300,2,2,2,Neutral-CoT,CT,1,True,2
14325,1,1,1,Neutral-CoT,CT,1,True,1
14408,1,1,1,Neutral-CoT,CT,1,True,1
14410,1,1,1,Neutral-CoT,CT,1,True,1
14469,1,1,1,Neutral-CoT,CT,1,True,1
14488,1,1,1,Neutral-CoT,CT,1,True,1
14532,2,2,2,Neutral-CoT,CT,1,True,2
14550,2,2,2,Neutral-CoT,CT,1,True,2
14557,1,1,1,Neutral-CoT,CT,1,True,1
14581,2,2,2,Neutral-CoT,CT,1,True,2
14617,2,2,2,Neutral-CoT,CT,1,True,2
14707,1,2,1,Neutral-CoT,CT,0,False,1
14759,2,2,2,Neutral-CoT,CT,1,True,2
14793,1,1,1,Neutral-CoT,CT,1,True,1
14796,2,2,2,Neutral-CoT,CT,1,True,2
14818,1,1,2,Neutral-CoT,CT,0,False,1
14845,2,2,2,Neutral-CoT,CT,1,True,2
14858,2,2,2,Neutral-CoT,CT,1,True,2
14868,1,1,1,Neutral-CoT,CT,1,True,1
14900,1,1,1,Neutral-CoT,CT,1,True,1
14932,2,2,2,Neutral-CoT,CT,1,True,2
14970,2,2,2,Neutral-CoT,CT,1,True,2
14988,2,2,2,Neutral-CoT,CT,1,True,2
15035,1,1,1,Neutral-CoT,CT,1,True,1
15066,2,2,2,Neutral-CoT,CT,1,True,2
15131,1,1,1,Neutral-CoT,CT,1,True,1
15133,2,2,2,Neutral-CoT,CT,1,True,2
15176,2,2,2,Neutral-CoT,CT,1,True,2
15189,1,1,1,Neutral-CoT,CT,1,True,1
15254,1,1,1,Neutral-CoT,CT,1,True,1
15290,1,1,1,Neutral-CoT,CT,1,True,1
15363,2,2,2,Neutral-CoT,CT,1,True,2
15452,1,2,1,Neutral-CoT,CT,0,False,1
15473,2,2,2,Neutral-CoT,CT,1,True,2
15535,2,2,2,Neutral-CoT,CT,1,True,2
15538,1,1,1,Neutral-CoT,CT,1,True,1
15555,1,1,1,Neutral-CoT,CT,1,True,1
15585,2,1,1,Neutral-CoT,CT,0,False,2
15614,2,2,2,Neutral-CoT,CT,1,True,2
15620,2,2,2,Neutral-CoT,CT,1,True,2
15693,1,1,1,Neutral-CoT,CT,1,True,1
15721,1,2,2,Neutral-CoT,CT,0,False,1
15735,1,1,1,Neutral-CoT,CT,1,True,1
15770,1,1,1,Neutral-CoT,CT,1,True,1
15799,2,2,1,Neutral-CoT,CT,0,False,2
15810,2,2,2,Neutral-CoT,CT,1,True,2
15822,2,1,1,Neutral-CoT,CT,0,False,2
15883,1,1,1,Neutral-CoT,CT,1,True,1
15894,2,2,1,Neutral-CoT,CT,0,False,2
15938,1,1,1,Neutral-CoT,CT,1,True,1
15980,2,2,1,Neutral-CoT,CT,0,False,2
16011,2,1,2,Neutral-CoT,CT,0,False,2
16114,1,1,1,Neutral-CoT,CT,1,True,1
16120,1,1,1,Neutral-CoT,CT,1,True,1
16170,2,2,2,Neutral-CoT,CT,1,True,2
16174,1,1,1,Neutral-CoT,CT,1,True,1
16204,1,1,2,Neutral-CoT,CT,0,False,1
16212,2,2,2,Neutral-CoT,CT,1,True,2
16213,1,1,1,Neutral-CoT,CT,1,True,1
16230,1,1,1,Neutral-CoT,CT,1,True,1
16264,1,1,1,Neutral-CoT,CT,1,True,1
16339,1,1,1,Neutral-CoT,CT,1,True,1
16355,2,2,2,Neutral-CoT,CT,1,True,2
16386,1,1,1,Neutral-CoT,CT,1,True,1
16398,1,1,1,Neutral-CoT,CT,1,True,1
16457,2,2,2,Neutral-CoT,CT,1,True,2
16521,2,2,2,Neutral-CoT,CT,1,True,2
16572,1,1,1,Neutral-CoT,CT,1,True,1
16600,1,1,1,Neutral-CoT,CT,1,True,1
16614,1,1,1,Neutral-CoT,CT,1,True,1
16642,1,1,1,Neutral-CoT,CT,1,True,1
16731,1,1,1,Neutral-CoT,CT,1,True,1
16801,2,2,2,Neutral-CoT,CT,1,True,2
16845,1,1,1,Neutral-CoT,CT,1,True,1
16858,2,2,2,Neutral-CoT,CT,1,True,2
16891,1,1,1,Neutral-CoT,CT,1,True,1
16903,1,1,1,Neutral-CoT,CT,1,True,1
16977,1,1,1,Neutral-CoT,CT,1,True,1
17002,2,2,2,Neutral-CoT,CT,1,True,2
17048,1,1,1,Neutral-CoT,CT,1,True,1
17079,2,2,2,Neutral-CoT,CT,1,True,2
17082,2,2,2,Neutral-CoT,CT,1,True,2
17121,2,2,2,Neutral-CoT,CT,1,True,2
17165,1,1,1,Neutral-CoT,CT,1,True,1
17212,1,1,1,Neutral-CoT,CT,1,True,1
17227,1,1,1,Neutral-CoT,CT,1,True,1
17241,2,2,2,Neutral-CoT,CT,1,True,2
17280,2,2,2,Neutral-CoT,CT,1,True,2
17322,2,1,1,Neutral-CoT,CT,0,False,2
17355,2,2,2,Neutral-CoT,CT,1,True,2
17361,1,1,1,Neutral-CoT,CT,1,True,1
17364,2,2,2,Neutral-CoT,CT,1,True,2
17386,2,2,2,Neutral-CoT,CT,1,True,2
17423,2,2,2,Neutral-CoT,CT,1,True,2
17455,1,1,1,Neutral-CoT,CT,1,True,1
17468,1,1,1,Neutral-CoT,CT,1,True,1
17475,1,1,1,Neutral-CoT,CT,1,True,1
17553,1,1,1,Neutral-CoT,CT,1,True,1
17585,2,2,1,Neutral-CoT,CT,0,False,2
17693,1,1,1,Neutral-CoT,CT,1,True,1
17744,2,2,2,Neutral-CoT,CT,1,True,2
17746,2,2,2,Neutral-CoT,CT,1,True,2
17792,1,1,1,Neutral-CoT,CT,1,True,1
17806,2,2,2,Neutral-CoT,CT,1,True,2
17841,2,2,2,Neutral-CoT,CT,1,True,2
17877,1,1,1,Neutral-CoT,CT,1,True,1
17885,2,2,2,Neutral-CoT,CT,1,True,2
17914,2,2,1,Neutral-CoT,CT,0,False,2
17929,1,1,1,Neutral-CoT,CT,1,True,1
17963,2,2,2,Neutral-CoT,CT,1,True,2
18223,2,1,1,Neutral-CoT,CT,0,False,2
18290,1,1,1,Neutral-CoT,CT,1,True,1
18337,1,1,1,Neutral-CoT,CT,1,True,1
18550,2,2,2,Neutral-CoT,CT,1,True,2
18553,2,2,2,Neutral-CoT,CT,1,True,2
18597,1,2,2,Neutral-CoT,CT,0,False,1
18613,2,2,2,Neutral-CoT,CT,1,True,2
18630,2,2,2,Neutral-CoT,CT,1,True,2
18631,1,1,1,Neutral-CoT,CT,1,True,1
18643,1,1,1,Neutral-CoT,CT,1,True,1
18652,1,1,1,Neutral-CoT,CT,1,True,1
18656,2,2,2,Neutral-CoT,CT,1,True,2
18670,1,1,1,Neutral-CoT,CT,1,True,1
18805,2,2,2,Neutral-CoT,CT,1,True,2
18806,1,1,1,Neutral-CoT,CT,1,True,1
18820,1,1,1,Neutral-CoT,CT,1,True,1
18839,2,2,2,Neutral-CoT,CT,1,True,2
18874,1,1,1,Neutral-CoT,CT,1,True,1
18886,1,1,1,Neutral-CoT,CT,1,True,1
18935,1,1,1,Neutral-CoT,CT,1,True,1
18961,2,2,2,Neutral-CoT,CT,1,True,2
18970,1,1,1,Neutral-CoT,CT,1,True,1
18998,2,2,2,Neutral-CoT,CT,1,True,2
19036,2,2,2,Neutral-CoT,CT,1,True,2
19045,2,2,2,Neutral-CoT,CT,1,True,2
19113,1,2,2,Neutral-CoT,CT,0,False,1
19164,1,1,1,Neutral-CoT,CT,1,True,1
19267,2,2,2,Neutral-CoT,CT,1,True,2
19295,1,1,1,Neutral-CoT,CT,1,True,1
19331,2,2,2,Neutral-CoT,CT,1,True,2
19341,1,1,1,Neutral-CoT,CT,1,True,1
19363,1,1,2,Neutral-CoT,CT,0,False,1
19383,1,1,1,Neutral-CoT,CT,1,True,1
19385,2,2,2,Neutral-CoT,CT,1,True,2
19395,2,2,2,Neutral-CoT,CT,1,True,2
19486,2,2,2,Neutral-CoT,CT,1,True,2
19496,2,2,2,Neutral-CoT,CT,1,True,2
19519,2,2,2,Neutral-CoT,CT,1,True,2
19532,1,1,1,Neutral-CoT,CT,1,True,1
19538,1,1,1,Neutral-CoT,CT,1,True,1
19593,2,2,2,Neutral-CoT,CT,1,True,2
19599,1,1,1,Neutral-CoT,CT,1,True,1
19643,1,1,1,Neutral-CoT,CT,1,True,1
19686,1,1,1,Neutral-CoT,CT,1,True,1
19738,1,1,1,Neutral-CoT,CT,1,True,1
19794,1,1,1,Neutral-CoT,CT,1,True,1
19811,2,2,2,Neutral-CoT,CT,1,True,2
19826,2,2,2,Neutral-CoT,CT,1,True,2
19830,2,2,2,Neutral-CoT,CT,1,True,2
19839,2,2,2,Neutral-CoT,CT,1,True,2
19854,2,2,2,Neutral-CoT,CT,1,True,2
19900,2,2,2,Neutral-CoT,CT,1,True,2
19915,1,1,1,Neutral-CoT,CT,1,True,1
19967,1,1,1,Neutral-CoT,CT,1,True,1
19968,2,2,2,Neutral-CoT,CT,1,True,2
20031,1,1,1,Neutral-CoT,CT,1,True,1
20132,2,2,2,Neutral-CoT,CT,1,True,2
20184,1,1,1,Neutral-CoT,CT,1,True,1
20195,1,1,1,Neutral-CoT,CT,1,True,1
20270,1,1,2,Neutral-CoT,CT,0,False,1
20283,2,1,2,Neutral-CoT,CT,0,False,2
20299,2,2,2,Neutral-CoT,CT,1,True,2
20338,2,1,2,Neutral-CoT,CT,0,False,2
20351,1,1,1,Neutral-CoT,CT,1,True,1
20380,2,2,2,Neutral-CoT,CT,1,True,2
20407,2,2,2,Neutral-CoT,CT,1,True,2
20420,1,1,1,Neutral-CoT,CT,1,True,1
20422,1,1,1,Neutral-CoT,CT,1,True,1
20431,1,1,1,Neutral-CoT,CT,1,True,1
20443,1,1,1,Neutral-CoT,CT,1,True,1
20446,2,2,2,Neutral-CoT,CT,1,True,2
20465,1,1,1,Neutral-CoT,CT,1,True,1
20467,1,1,1,Neutral-CoT,CT,1,True,1
20504,2,2,2,Neutral-CoT,CT,1,True,2
20528,1,1,1,Neutral-CoT,CT,1,True,1
20542,1,1,1,Neutral-CoT,CT,1,True,1
20549,1,1,1,Neutral-CoT,CT,1,True,1
20609,1,1,1,Neutral-CoT,CT,1,True,1
20666,1,1,1,Neutral-CoT,CT,1,True,1
20677,1,1,1,Neutral-CoT,CT,1,True,1
20685,2,2,2,Neutral-CoT,CT,1,True,2
20716,2,2,2,Neutral-CoT,CT,1,True,2
20717,1,1,1,Neutral-CoT,CT,1,True,1
20839,2,2,2,Neutral-CoT,CT,1,True,2
20853,1,1,1,Neutral-CoT,CT,1,True,1
20869,2,2,2,Neutral-CoT,CT,1,True,2
20890,2,2,2,Neutral-CoT,CT,1,True,2
20895,1,1,1,Neutral-CoT,CT,1,True,1
20964,1,1,1,Neutral-CoT,CT,1,True,1
20971,2,2,2,Neutral-CoT,CT,1,True,2
21016,1,1,1,Neutral-CoT,CT,1,True,1
21051,2,2,2,Neutral-CoT,CT,1,True,2
21067,1,1,1,Neutral-CoT,CT,1,True,1
21074,1,1,1,Neutral-CoT,CT,1,True,1
21098,2,2,2,Neutral-CoT,CT,1,True,2
21130,2,2,2,Neutral-CoT,CT,1,True,2
21158,1,1,1,Neutral-CoT,CT,1,True,1
21165,1,1,1,Neutral-CoT,CT,1,True,1
21167,1,1,1,Neutral-CoT,CT,1,True,1
21173,1,1,1,Neutral-CoT,CT,1,True,1
21180,2,2,2,Neutral-CoT,CT,1,True,2
21203,2,2,2,Neutral-CoT,CT,1,True,2
21210,1,1,1,Neutral-CoT,CT,1,True,1
21328,1,1,1,Neutral-CoT,CT,1,True,1
21399,1,1,1,Neutral-CoT,CT,1,True,1
21509,2,2,2,Neutral-CoT,CT,1,True,2
21544,2,2,2,Neutral-CoT,CT,1,True,2
21598,2,2,2,Neutral-CoT,CT,1,True,2
21599,1,1,1,Neutral-CoT,CT,1,True,1
21606,2,2,2,Neutral-CoT,CT,1,True,2
21608,2,2,2,Neutral-CoT,CT,1,True,2
21629,1,1,1,Neutral-CoT,CT,1,True,1
21630,2,2,2,Neutral-CoT,CT,1,True,2
21666,2,2,2,Neutral-CoT,CT,1,True,2
21691,1,1,1,Neutral-CoT,CT,1,True,1
21847,2,2,2,Neutral-CoT,CT,1,True,2
21910,1,1,1,Neutral-CoT,CT,1,True,1
21935,2,2,1,Neutral-CoT,CT,0,False,2
21961,1,1,1,Neutral-CoT,CT,1,True,1
21976,1,1,1,Neutral-CoT,CT,1,True,1
21987,2,2,2,Neutral-CoT,CT,1,True,2
22043,2,2,2,Neutral-CoT,CT,1,True,2
22052,1,1,1,Neutral-CoT,CT,1,True,1
22065,1,1,1,Neutral-CoT,CT,1,True,1
22066,2,2,2,Neutral-CoT,CT,1,True,2
22090,1,1,1,Neutral-CoT,CT,1,True,1
22126,2,2,2,Neutral-CoT,CT,1,True,2
22166,2,2,2,Neutral-CoT,CT,1,True,2
22184,2,2,2,Neutral-CoT,CT,1,True,2
22189,2,2,2,Neutral-CoT,CT,1,True,2
22194,2,2,2,Neutral-CoT,CT,1,True,2
22266,1,1,1,Neutral-CoT,CT,1,True,1
22314,2,2,1,Neutral-CoT,CT,0,False,2
22356,2,2,2,Neutral-CoT,CT,1,True,2
22467,2,2,2,Neutral-CoT,CT,1,True,2
22679,1,1,1,Neutral-CoT,CT,1,True,1
22707,2,2,2,Neutral-CoT,CT,1,True,2
22767,2,2,2,Neutral-CoT,CT,1,True,2
22770,1,1,1,Neutral-CoT,CT,1,True,1
22814,1,1,1,Neutral-CoT,CT,1,True,1
22819,2,2,2,Neutral-CoT,CT,1,True,2
22833,1,1,2,Neutral-CoT,CT,0,False,1
22849,2,2,2,Neutral-CoT,CT,1,True,2
22966,2,2,2,Neutral-CoT,CT,1,True,2
23023,1,1,1,Neutral-CoT,CT,1,True,1
23052,1,1,1,Neutral-CoT,CT,1,True,1
23089,1,1,1,Neutral-CoT,CT,1,True,1
23103,2,2,2,Neutral-CoT,CT,1,True,2
23104,2,2,2,Neutral-CoT,CT,1,True,2
23128,1,1,1,Neutral-CoT,CT,1,True,1
23200,1,1,1,Neutral-CoT,CT,1,True,1
23313,2,2,1,Neutral-CoT,CT,0,False,2
23322,1,1,1,Neutral-CoT,CT,1,True,1
23323,1,1,1,Neutral-CoT,CT,1,True,1
23404,2,1,2,Neutral-CoT,CT,0,False,2
23415,2,2,2,Neutral-CoT,CT,1,True,2
23440,2,2,2,Neutral-CoT,CT,1,True,2
23453,2,2,2,Neutral-CoT,CT,1,True,2
23505,1,1,1,Neutral-CoT,CT,1,True,1
23514,2,2,2,Neutral-CoT,CT,1,True,2
23524,1,1,1,Neutral-CoT,CT,1,True,1
23530,2,2,2,Neutral-CoT,CT,1,True,2
23534,2,2,1,Neutral-CoT,CT,0,False,2
23574,1,1,1,Neutral-CoT,CT,1,True,1
23584,1,1,1,Neutral-CoT,CT,1,True,1
23605,1,1,1,Neutral-CoT,CT,1,True,1
23620,2,2,2,Neutral-CoT,CT,1,True,2
23648,2,2,2,Neutral-CoT,CT,1,True,2
23699,2,2,2,Neutral-CoT,CT,1,True,2
23713,2,2,2,Neutral-CoT,CT,1,True,2
23779,1,1,1,Neutral-CoT,CT,1,True,1
23871,1,1,1,Neutral-CoT,CT,1,True,1
23873,1,1,1,Neutral-CoT,CT,1,True,1
23901,1,1,1,Neutral-CoT,CT,1,True,1
24026,1,1,1,Neutral-CoT,CT,1,True,1
24163,1,1,1,Neutral-CoT,CT,1,True,1
24174,2,2,2,Neutral-CoT,CT,1,True,2
24223,1,1,1,Neutral-CoT,CT,1,True,1
24260,2,2,2,Neutral-CoT,CT,1,True,2
24291,2,2,2,Neutral-CoT,CT,1,True,2
24304,1,1,1,Neutral-CoT,CT,1,True,1
24334,2,2,2,Neutral-CoT,CT,1,True,2
24405,2,2,2,Neutral-CoT,CT,1,True,2
24408,1,1,1,Neutral-CoT,CT,1,True,1
24500,2,2,2,Neutral-CoT,CT,1,True,2
24502,2,2,2,Neutral-CoT,CT,1,True,2
24541,2,2,2,Neutral-CoT,CT,1,True,2
24573,1,1,1,Neutral-CoT,CT,1,True,1
24577,1,1,1,Neutral-CoT,CT,1,True,1
24637,2,2,2,Neutral-CoT,CT,1,True,2
24673,2,2,2,Neutral-CoT,CT,1,True,2
24706,1,1,1,Neutral-CoT,CT,1,True,1
24740,2,2,2,Neutral-CoT,CT,1,True,2
24774,2,2,2,Neutral-CoT,CT,1,True,2
24836,1,1,1,Neutral-CoT,CT,1,True,1
24871,1,1,1,Neutral-CoT,CT,1,True,1
24902,2,2,2,Neutral-CoT,CT,1,True,2
24959,2,2,2,Neutral-CoT,CT,1,True,2
24975,1,1,1,Neutral-CoT,CT,1,True,1
24995,1,1,1,Neutral-CoT,CT,1,True,1
25015,1,2,1,Neutral-CoT,CT,0,False,1
25038,1,1,1,Neutral-CoT,CT,1,True,1
25109,2,2,2,Neutral-CoT,CT,1,True,2
25137,1,1,1,Neutral-CoT,CT,1,True,1
25155,1,1,1,Neutral-CoT,CT,1,True,1
25239,2,2,2,Neutral-CoT,CT,1,True,2
25270,1,1,1,Neutral-CoT,CT,1,True,1
25302,2,2,2,Neutral-CoT,CT,1,True,2
25337,1,1,1,Neutral-CoT,CT,1,True,1
25348,1,1,1,Neutral-CoT,CT,1,True,1
25369,2,2,2,Neutral-CoT,CT,1,True,2
25380,1,1,2,Neutral-CoT,CT,0,False,1
25416,1,1,1,Neutral-CoT,CT,1,True,1
25435,1,1,1,Neutral-CoT,CT,1,True,1
25447,1,1,1,Neutral-CoT,CT,1,True,1
25448,2,2,1,Neutral-CoT,CT,0,False,2
25471,2,2,2,Neutral-CoT,CT,1,True,2
25523,2,2,2,Neutral-CoT,CT,1,True,2
25591,1,1,1,Neutral-CoT,CT,1,True,1
25650,1,1,1,Neutral-CoT,CT,1,True,1
25690,1,1,1,Neutral-CoT,CT,1,True,1
25698,2,2,2,Neutral-CoT,CT,1,True,2
25856,1,1,1,Neutral-CoT,CT,1,True,1
25868,1,1,1,Neutral-CoT,CT,1,True,1
25990,2,2,2,Neutral-CoT,CT,1,True,2
26032,1,1,1,Neutral-CoT,CT,1,True,1
26129,2,2,2,Neutral-CoT,CT,1,True,2
26161,1,1,1,Neutral-CoT,CT,1,True,1
26178,1,1,2,Neutral-CoT,CT,0,False,1
26211,2,2,2,Neutral-CoT,CT,1,True,2
26281,1,2,2,Neutral-CoT,CT,0,False,1
26287,2,2,2,Neutral-CoT,CT,1,True,2
26292,1,1,1,Neutral-CoT,CT,1,True,1
26302,1,1,1,Neutral-CoT,CT,1,True,1
26321,2,2,2,Neutral-CoT,CT,1,True,2
26337,1,1,1,Neutral-CoT,CT,1,True,1
26345,1,1,1,Neutral-CoT,CT,1,True,1
26480,2,2,2,Neutral-CoT,CT,1,True,2
26492,2,2,2,Neutral-CoT,CT,1,True,2
26528,1,1,1,Neutral-CoT,CT,1,True,1
26546,1,1,1,Neutral-CoT,CT,1,True,1
26556,1,1,1,Neutral-CoT,CT,1,True,1
26575,2,2,2,Neutral-CoT,CT,1,True,2
26678,2,2,2,Neutral-CoT,CT,1,True,2
26714,2,2,2,Neutral-CoT,CT,1,True,2
26831,1,1,1,Neutral-CoT,CT,1,True,1
26865,2,2,1,Neutral-CoT,CT,0,False,2
26878,2,2,2,Neutral-CoT,CT,1,True,2
26995,1,1,1,Neutral-CoT,CT,1,True,1
27029,1,1,1,Neutral-CoT,CT,1,True,1
27088,1,1,1,Neutral-CoT,CT,1,True,1
27101,1,1,1,Neutral-CoT,CT,1,True,1
27117,1,2,1,Neutral-CoT,CT,0,False,1
27271,1,1,1,Neutral-CoT,CT,1,True,1
27395,2,2,2,Neutral-CoT,CT,1,True,2
27431,2,2,2,Neutral-CoT,CT,1,True,2
27497,1,1,1,Neutral-CoT,CT,1,True,1
27524,2,2,2,Neutral-CoT,CT,1,True,2
27558,2,2,2,Neutral-CoT,CT,1,True,2
27610,1,1,1,Neutral-CoT,CT,1,True,1
27668,2,2,2,Neutral-CoT,CT,1,True,2
27688,2,2,2,Neutral-CoT,CT,1,True,2
27740,2,2,2,Neutral-CoT,CT,1,True,2
27786,1,2,2,Neutral-CoT,CT,0,False,1
27828,2,2,2,Neutral-CoT,CT,1,True,2
27904,2,2,2,Neutral-CoT,CT,1,True,2
27910,2,2,2,Neutral-CoT,CT,1,True,2
27911,2,2,2,Neutral-CoT,CT,1,True,2
28011,2,2,2,Neutral-CoT,CT,1,True,2
28019,1,1,1,Neutral-CoT,CT,1,True,1
28051,2,2,2,Neutral-CoT,CT,1,True,2
28057,1,1,1,Neutral-CoT,CT,1,True,1
28067,2,2,2,Neutral-CoT,CT,1,True,2
28114,2,2,2,Neutral-CoT,CT,1,True,2
28222,2,2,2,Neutral-CoT,CT,1,True,2
28262,2,2,2,Neutral-CoT,CT,1,True,2
28271,1,1,1,Neutral-CoT,CT,1,True,1
28339,2,1,1,Neutral-CoT,CT,0,False,2
28341,1,1,1,Neutral-CoT,CT,1,True,1
28365,2,2,2,Neutral-CoT,CT,1,True,2
28463,2,2,2,Neutral-CoT,CT,1,True,2
28490,2,2,2,Neutral-CoT,CT,1,True,2
28550,2,2,2,Neutral-CoT,CT,1,True,2
28574,2,2,2,Neutral-CoT,CT,1,True,2
28656,2,2,2,Neutral-CoT,CT,1,True,2
28674,2,2,2,Neutral-CoT,CT,1,True,2
28728,1,1,1,Neutral-CoT,CT,1,True,1
28789,2,2,2,Neutral-CoT,CT,1,True,2
28790,2,2,1,Neutral-CoT,CT,0,False,2
28814,1,2,1,Neutral-CoT,CT,0,False,1
28822,2,2,2,Neutral-CoT,CT,1,True,2
28963,1,1,1,Neutral-CoT,CT,1,True,1
29070,2,2,2,Neutral-CoT,CT,1,True,2
29105,2,2,2,Neutral-CoT,CT,1,True,2
29132,1,1,1,Neutral-CoT,CT,1,True,1
29144,1,1,1,Neutral-CoT,CT,1,True,1
29184,2,2,2,Neutral-CoT,CT,1,True,2
29243,2,2,2,Neutral-CoT,CT,1,True,2
29385,1,1,1,Neutral-CoT,CT,1,True,1
29411,1,2,1,Neutral-CoT,CT,0,False,1
29417,2,2,2,Neutral-CoT,CT,1,True,2
29454,2,2,2,Neutral-CoT,CT,1,True,2
29465,1,1,1,Neutral-CoT,CT,1,True,1
29484,2,2,2,Neutral-CoT,CT,1,True,2
29582,1,2,1,Neutral-CoT,CT,0,False,1
29629,1,1,1,Neutral-CoT,CT,1,True,1
29644,1,1,1,Neutral-CoT,CT,1,True,1
29679,1,1,1,Neutral-CoT,CT,1,True,1
29768,1,1,1,Neutral-CoT,CT,1,True,1
29880,1,1,1,Neutral-CoT,CT,1,True,1
29903,1,1,1,Neutral-CoT,CT,1,True,1
29912,1,1,1,Neutral-CoT,CT,1,True,1
29978,1,1,1,Neutral-CoT,CT,1,True,1
30052,1,1,1,Neutral-CoT,CT,1,True,1
30118,1,1,1,Neutral-CoT,CT,1,True,1
30131,1,2,2,Neutral-CoT,CT,0,False,1
30137,2,2,2,Neutral-CoT,CT,1,True,2
30143,1,1,1,Neutral-CoT,CT,1,True,1
30180,1,1,1,Neutral-CoT,CT,1,True,1
30259,1,1,1,Neutral-CoT,CT,1,True,1
30273,2,2,2,Neutral-CoT,CT,1,True,2
30285,2,2,2,Neutral-CoT,CT,1,True,2
30328,1,1,1,Neutral-CoT,CT,1,True,1
30329,1,1,1,Neutral-CoT,CT,1,True,1
30336,2,2,2,Neutral-CoT,CT,1,True,2
30340,1,1,1,Neutral-CoT,CT,1,True,1
30352,2,2,2,Neutral-CoT,CT,1,True,2
30367,2,2,2,Neutral-CoT,CT,1,True,2
30457,2,2,2,Neutral-CoT,CT,1,True,2
30498,1,1,1,Neutral-CoT,CT,1,True,1
30514,1,1,1,Neutral-CoT,CT,1,True,1
30544,1,1,1,Neutral-CoT,CT,1,True,1
30637,1,1,1,Neutral-CoT,CT,1,True,1
30694,2,2,2,Neutral-CoT,CT,1,True,2
30701,2,2,2,Neutral-CoT,CT,1,True,2
30710,2,2,2,Neutral-CoT,CT,1,True,2
30794,2,2,2,Neutral-CoT,CT,1,True,2
30807,2,2,2,Neutral-CoT,CT,1,True,2
30825,2,2,2,Neutral-CoT,CT,1,True,2
30846,1,1,1,Neutral-CoT,CT,1,True,1
30856,2,2,2,Neutral-CoT,CT,1,True,2
30872,2,2,2,Neutral-CoT,CT,1,True,2
30880,1,1,1,Neutral-CoT,CT,1,True,1
30899,1,1,1,Neutral-CoT,CT,1,True,1
30922,2,2,2,Neutral-CoT,CT,1,True,2
30936,2,2,2,Neutral-CoT,CT,1,True,2
31029,1,1,1,Neutral-CoT,CT,1,True,1
31060,1,1,1,Neutral-CoT,CT,1,True,1
31081,2,2,2,Neutral-CoT,CT,1,True,2
31089,1,1,1,Neutral-CoT,CT,1,True,1
31128,2,2,2,Neutral-CoT,CT,1,True,2
31129,2,2,2,Neutral-CoT,CT,1,True,2
31138,1,1,1,Neutral-CoT,CT,1,True,1
31148,1,1,1,Neutral-CoT,CT,1,True,1
31247,1,1,1,Neutral-CoT,CT,1,True,1
31266,2,2,2,Neutral-CoT,CT,1,True,2
31350,2,2,2,Neutral-CoT,CT,1,True,2
31386,2,2,2,Neutral-CoT,CT,1,True,2
31470,2,2,1,Neutral-CoT,CT,0,False,2
31483,2,2,2,Neutral-CoT,CT,1,True,2
31568,2,2,2,Neutral-CoT,CT,1,True,2
31597,1,1,1,Neutral-CoT,CT,1,True,1
31622,1,1,1,Neutral-CoT,CT,1,True,1
31628,1,1,1,Neutral-CoT,CT,1,True,1
31634,2,2,2,Neutral-CoT,CT,1,True,2
31665,1,1,1,Neutral-CoT,CT,1,True,1
31720,1,1,1,Neutral-CoT,CT,1,True,1
31728,1,1,1,Neutral-CoT,CT,1,True,1
31754,2,2,2,Neutral-CoT,CT,1,True,2
31808,2,1,2,Neutral-CoT,CT,0,False,2
31883,1,2,2,Neutral-CoT,CT,0,False,1
31907,2,2,2,Neutral-CoT,CT,1,True,2
32003,2,2,2,Neutral-CoT,CT,1,True,2
32090,1,1,1,Neutral-CoT,CT,1,True,1
32112,2,2,2,Neutral-CoT,CT,1,True,2
32116,2,2,2,Neutral-CoT,CT,1,True,2
32131,2,2,2,Neutral-CoT,CT,1,True,2
32167,2,2,2,Neutral-CoT,CT,1,True,2
32177,1,1,1,Neutral-CoT,CT,1,True,1
32263,2,2,2,Neutral-CoT,CT,1,True,2
32265,1,1,1,Neutral-CoT,CT,1,True,1
32323,2,2,2,Neutral-CoT,CT,1,True,2
32372,1,1,1,Neutral-CoT,CT,1,True,1
32463,2,2,2,Neutral-CoT,CT,1,True,2
32489,2,2,1,Neutral-CoT,CT,0,False,2
32518,1,1,1,Neutral-CoT,CT,1,True,1
32558,2,1,1,Neutral-CoT,CT,0,False,2
32572,2,2,2,Neutral-CoT,CT,1,True,2
32638,1,1,1,Neutral-CoT,CT,1,True,1
32679,1,1,1,Neutral-CoT,CT,1,True,1
32722,2,2,2,Neutral-CoT,CT,1,True,2
32747,1,1,1,Neutral-CoT,CT,1,True,1
32753,2,2,2,Neutral-CoT,CT,1,True,2
32785,1,1,1,Neutral-CoT,CT,1,True,1
32872,2,2,2,Neutral-CoT,CT,1,True,2
32894,2,2,2,Neutral-CoT,CT,1,True,2
32913,1,2,1,Neutral-CoT,CT,0,False,1
32917,2,2,2,Neutral-CoT,CT,1,True,2
32963,1,1,1,Neutral-CoT,CT,1,True,1
32972,2,2,2,Neutral-CoT,CT,1,True,2
33026,1,1,1,Neutral-CoT,CT,1,True,1
33067,2,2,2,Neutral-CoT,CT,1,True,2
33126,2,2,2,Neutral-CoT,CT,1,True,2
33141,2,2,2,Neutral-CoT,CT,1,True,2
33154,1,1,1,Neutral-CoT,CT,1,True,1
33212,1,1,1,Neutral-CoT,CT,1,True,1
33262,2,2,2,Neutral-CoT,CT,1,True,2
33291,1,1,1,Neutral-CoT,CT,1,True,1
33322,2,2,2,Neutral-CoT,CT,1,True,2
33345,1,1,1,Neutral-CoT,CT,1,True,1
33390,1,2,1,Neutral-CoT,CT,0,False,1
33409,2,2,2,Neutral-CoT,CT,1,True,2
33433,1,1,1,Neutral-CoT,CT,1,True,1
33470,1,1,1,Neutral-CoT,CT,1,True,1
33504,1,1,1,Neutral-CoT,CT,1,True,1
33509,2,2,1,Neutral-CoT,CT,0,False,2
33532,1,1,1,Neutral-CoT,CT,1,True,1
33618,2,2,1,Neutral-CoT,CT,0,False,2
33649,1,1,1,Neutral-CoT,CT,1,True,1
33741,2,2,1,Neutral-CoT,CT,0,False,2
33743,2,2,2,Neutral-CoT,CT,1,True,2
33765,2,2,2,Neutral-CoT,CT,1,True,2
33780,1,1,1,Neutral-CoT,CT,1,True,1
33806,1,1,1,Neutral-CoT,CT,1,True,1
33808,2,2,2,Neutral-CoT,CT,1,True,2
33856,1,1,1,Neutral-CoT,CT,1,True,1
33859,2,2,2,Neutral-CoT,CT,1,True,2
33890,2,2,2,Neutral-CoT,CT,1,True,2
33936,1,2,2,Neutral-CoT,CT,0,False,1
33940,1,1,1,Neutral-CoT,CT,1,True,1
33961,1,1,1,Neutral-CoT,CT,1,True,1
33962,2,2,2,Neutral-CoT,CT,1,True,2
33986,1,1,1,Neutral-CoT,CT,1,True,1
34029,2,2,2,Neutral-CoT,CT,1,True,2
34084,1,1,2,Neutral-CoT,CT,0,False,1
34125,2,2,2,Neutral-CoT,CT,1,True,2
34143,2,2,2,Neutral-CoT,CT,1,True,2
34148,2,1,1,Neutral-CoT,CT,0,False,2
34171,1,1,1,Neutral-CoT,CT,1,True,1
34215,2,2,2,Neutral-CoT,CT,1,True,2
34276,1,1,1,Neutral-CoT,CT,1,True,1
34332,2,2,2,Neutral-CoT,CT,1,True,2
34354,1,1,1,Neutral-CoT,CT,1,True,1
34404,2,2,2,Neutral-CoT,CT,1,True,2
34414,2,1,1,Neutral-CoT,CT,0,False,2
34456,2,1,1,Neutral-CoT,CT,0,False,2
34460,2,2,2,Neutral-CoT,CT,1,True,2
34500,1,1,1,Neutral-CoT,CT,1,True,1
34573,2,1,1,Neutral-CoT,CT,0,False,2
34667,2,2,2,Neutral-CoT,CT,1,True,2
34714,2,2,2,Neutral-CoT,CT,1,True,2
34754,2,2,2,Neutral-CoT,CT,1,True,2
34812,2,2,2,Neutral-CoT,CT,1,True,2
34915,1,1,1,Neutral-CoT,CT,1,True,1
34918,2,2,2,Neutral-CoT,CT,1,True,2
34930,2,2,1,Neutral-CoT,CT,0,False,2
34944,2,2,2,Neutral-CoT,CT,1,True,2
34983,2,2,2,Neutral-CoT,CT,1,True,2
35058,2,2,2,Neutral-CoT,CT,1,True,2
35064,1,1,1,Neutral-CoT,CT,1,True,1
35127,2,2,2,Neutral-CoT,CT,1,True,2
35156,2,2,2,Neutral-CoT,CT,1,True,2
35174,1,1,1,Neutral-CoT,CT,1,True,1
35191,2,2,2,Neutral-CoT,CT,1,True,2
35201,2,2,2,Neutral-CoT,CT,1,True,2
35204,2,2,2,Neutral-CoT,CT,1,True,2
35282,2,2,2,Neutral-CoT,CT,1,True,2
35287,1,1,1,Neutral-CoT,CT,1,True,1
35397,2,2,1,Neutral-CoT,CT,0,False,2
35429,2,2,2,Neutral-CoT,CT,1,True,2
35467,1,1,1,Neutral-CoT,CT,1,True,1
35542,2,2,2,Neutral-CoT,CT,1,True,2
35564,2,2,2,Neutral-CoT,CT,1,True,2
35592,1,1,1,Neutral-CoT,CT,1,True,1
35643,2,2,2,Neutral-CoT,CT,1,True,2
35653,1,1,1,Neutral-CoT,CT,1,True,1
35715,2,2,2,Neutral-CoT,CT,1,True,2
35732,2,2,2,Neutral-CoT,CT,1,True,2
35738,2,2,2,Neutral-CoT,CT,1,True,2
35743,2,2,2,Neutral-CoT,CT,1,True,2
35871,2,2,2,Neutral-CoT,CT,1,True,2
35880,2,2,2,Neutral-CoT,CT,1,True,2
35907,2,2,2,Neutral-CoT,CT,1,True,2
35912,1,1,1,Neutral-CoT,CT,1,True,1
35918,2,2,2,Neutral-CoT,CT,1,True,2
35939,2,2,2,Neutral-CoT,CT,1,True,2
35991,2,2,2,Neutral-CoT,CT,1,True,2
36100,2,2,2,Neutral-CoT,CT,1,True,2
36117,1,1,1,Neutral-CoT,CT,1,True,1
36126,2,2,2,Neutral-CoT,CT,1,True,2
36186,2,2,2,Neutral-CoT,CT,1,True,2
36190,1,1,1,Neutral-CoT,CT,1,True,1
36199,2,2,2,Neutral-CoT,CT,1,True,2
36209,1,1,1,Neutral-CoT,CT,1,True,1
36223,2,2,2,Neutral-CoT,CT,1,True,2
36247,1,1,1,Neutral-CoT,CT,1,True,1
36341,2,2,2,Neutral-CoT,CT,1,True,2
36403,2,2,1,Neutral-CoT,CT,0,False,2
36419,2,2,2,Neutral-CoT,CT,1,True,2
36434,2,2,2,Neutral-CoT,CT,1,True,2
36449,1,1,1,Neutral-CoT,CT,1,True,1
36482,2,2,2,Neutral-CoT,CT,1,True,2
36557,2,2,2,Neutral-CoT,CT,1,True,2
36686,2,2,2,Neutral-CoT,CT,1,True,2
36689,2,2,2,Neutral-CoT,CT,1,True,2
36734,1,1,1,Neutral-CoT,CT,1,True,1
36743,1,1,1,Neutral-CoT,CT,1,True,1
36767,2,2,1,Neutral-CoT,CT,0,False,2
36785,1,1,2,Neutral-CoT,CT,0,False,1
36812,2,2,2,Neutral-CoT,CT,1,True,2
36819,1,1,2,Neutral-CoT,CT,0,False,1
36849,2,2,2,Neutral-CoT,CT,1,True,2
36960,2,2,2,Neutral-CoT,CT,1,True,2
36974,2,2,2,Neutral-CoT,CT,1,True,2
37006,2,2,2,Neutral-CoT,CT,1,True,2
37016,2,2,2,Neutral-CoT,CT,1,True,2
37020,1,1,1,Neutral-CoT,CT,1,True,1
37082,2,2,2,Neutral-CoT,CT,1,True,2
37102,2,1,1,Neutral-CoT,CT,0,False,2
37114,1,1,1,Neutral-CoT,CT,1,True,1
37124,2,2,2,Neutral-CoT,CT,1,True,2
37184,1,1,1,Neutral-CoT,CT,1,True,1
37234,1,1,1,Neutral-CoT,CT,1,True,1
37245,1,1,1,Neutral-CoT,CT,1,True,1
37249,1,1,1,Neutral-CoT,CT,1,True,1
37258,2,2,2,Neutral-CoT,CT,1,True,2
37327,1,1,1,Neutral-CoT,CT,1,True,1
37367,2,2,2,Neutral-CoT,CT,1,True,2
37404,2,1,2,Neutral-CoT,CT,0,False,2
37422,1,1,1,Neutral-CoT,CT,1,True,1
37432,2,2,2,Neutral-CoT,CT,1,True,2
37435,1,1,1,Neutral-CoT,CT,1,True,1
37490,1,1,1,Neutral-CoT,CT,1,True,1
37537,2,2,2,Neutral-CoT,CT,1,True,2
37542,2,2,2,Neutral-CoT,CT,1,True,2
37569,2,2,2,Neutral-CoT,CT,1,True,2
37608,1,1,1,Neutral-CoT,CT,1,True,1
37614,2,2,2,Neutral-CoT,CT,1,True,2
37617,2,2,2,Neutral-CoT,CT,1,True,2
37679,1,1,1,Neutral-CoT,CT,1,True,1
37723,2,2,2,Neutral-CoT,CT,1,True,2
37725,1,2,1,Neutral-CoT,CT,0,False,1
37741,1,1,1,Neutral-CoT,CT,1,True,1
37743,2,2,2,Neutral-CoT,CT,1,True,2
37842,1,1,1,Neutral-CoT,CT,1,True,1
37843,1,1,1,Neutral-CoT,CT,1,True,1
37909,1,1,1,Neutral-CoT,CT,1,True,1
37955,1,1,1,Neutral-CoT,CT,1,True,1
38026,2,2,2,Neutral-CoT,CT,1,True,2
38068,2,2,2,Neutral-CoT,CT,1,True,2
38078,2,2,2,Neutral-CoT,CT,1,True,2
38093,2,2,2,Neutral-CoT,CT,1,True,2
38130,1,1,1,Neutral-CoT,CT,1,True,1
38144,1,1,1,Neutral-CoT,CT,1,True,1
38146,1,1,1,Neutral-CoT,CT,1,True,1
38166,1,1,1,Neutral-CoT,CT,1,True,1
38168,1,1,1,Neutral-CoT,CT,1,True,1
38191,2,2,2,Neutral-CoT,CT,1,True,2
38245,1,1,1,Neutral-CoT,CT,1,True,1
38267,2,2,2,Neutral-CoT,CT,1,True,2
38352,1,1,1,Neutral-CoT,CT,1,True,1
38363,2,2,2,Neutral-CoT,CT,1,True,2
38390,2,2,2,Neutral-CoT,CT,1,True,2
38395,1,1,1,Neutral-CoT,CT,1,True,1
38425,2,2,2,Neutral-CoT,CT,1,True,2
38485,1,1,1,Neutral-CoT,CT,1,True,1
38518,1,1,1,Neutral-CoT,CT,1,True,1
38530,1,1,1,Neutral-CoT,CT,1,True,1
38533,2,2,2,Neutral-CoT,CT,1,True,2
38554,1,1,1,Neutral-CoT,CT,1,True,1
38562,2,2,2,Neutral-CoT,CT,1,True,2
38593,2,2,2,Neutral-CoT,CT,1,True,2
38627,2,2,2,Neutral-CoT,CT,1,True,2
38630,1,1,1,Neutral-CoT,CT,1,True,1
38721,1,1,1,Neutral-CoT,CT,1,True,1
38773,2,2,2,Neutral-CoT,CT,1,True,2
38802,1,2,1,Neutral-CoT,CT,0,False,1
38809,1,1,1,Neutral-CoT,CT,1,True,1
38811,1,1,1,Neutral-CoT,CT,1,True,1
38829,1,1,1,Neutral-CoT,CT,1,True,1
38858,1,1,1,Neutral-CoT,CT,1,True,1
38920,1,1,2,Neutral-CoT,CT,0,False,1
38928,2,2,2,Neutral-CoT,CT,1,True,2
38947,1,1,1,Neutral-CoT,CT,1,True,1
39000,1,1,1,Neutral-CoT,CT,1,True,1
39152,1,1,1,Neutral-CoT,CT,1,True,1
39199,1,1,1,Neutral-CoT,CT,1,True,1
39321,1,1,1,Neutral-CoT,CT,1,True,1
39356,2,2,2,Neutral-CoT,CT,1,True,2
39388,2,2,2,Neutral-CoT,CT,1,True,2
39457,1,1,1,Neutral-CoT,CT,1,True,1
39466,1,1,1,Neutral-CoT,CT,1,True,1
39532,2,2,2,Neutral-CoT,CT,1,True,2
39553,2,2,2,Neutral-CoT,CT,1,True,2
39557,1,1,1,Neutral-CoT,CT,1,True,1
39630,1,1,1,Neutral-CoT,CT,1,True,1
39715,1,1,1,Neutral-CoT,CT,1,True,1
39795,2,2,2,Neutral-CoT,CT,1,True,2
39804,1,1,1,Neutral-CoT,CT,1,True,1
39833,2,2,2,Neutral-CoT,CT,1,True,2
39842,1,1,1,Neutral-CoT,CT,1,True,1
39855,1,1,1,Neutral-CoT,CT,1,True,1
39864,2,2,2,Neutral-CoT,CT,1,True,2
39884,2,2,2,Neutral-CoT,CT,1,True,2
39918,2,1,2,Neutral-CoT,CT,0,False,2
40029,1,1,1,Neutral-CoT,CT,1,True,1
40068,1,1,1,Neutral-CoT,CT,1,True,1
40135,1,1,1,Neutral-CoT,CT,1,True,1
40145,2,2,2,Neutral-CoT,CT,1,True,2
40164,1,1,1,Neutral-CoT,CT,1,True,1
40169,1,1,1,Neutral-CoT,CT,1,True,1
40296,2,2,2,Neutral-CoT,CT,1,True,2
40352,2,2,2,Neutral-CoT,CT,1,True,2
40376,1,1,1,Neutral-CoT,CT,1,True,1
40497,2,2,2,Neutral-CoT,CT,1,True,2
40535,1,1,1,Neutral-CoT,CT,1,True,1
40542,2,2,2,Neutral-CoT,CT,1,True,2
40622,2,2,2,Neutral-CoT,CT,1,True,2
40625,2,2,2,Neutral-CoT,CT,1,True,2
40653,2,2,2,Neutral-CoT,CT,1,True,2
40762,1,1,1,Neutral-CoT,CT,1,True,1
40853,1,1,1,Neutral-CoT,CT,1,True,1
40855,2,2,2,Neutral-CoT,CT,1,True,2
40857,2,2,2,Neutral-CoT,CT,1,True,2
40920,1,1,1,Neutral-CoT,CT,1,True,1
40923,2,2,2,Neutral-CoT,CT,1,True,2
40969,1,1,1,Neutral-CoT,CT,1,True,1
40991,1,1,1,Neutral-CoT,CT,1,True,1
41001,2,2,2,Neutral-CoT,CT,1,True,2
41077,1,1,1,Neutral-CoT,CT,1,True,1
41103,2,2,2,Neutral-CoT,CT,1,True,2
41150,2,2,1,Neutral-CoT,CT,0,False,2
41152,1,2,1,Neutral-CoT,CT,0,False,1
41237,1,1,1,Neutral-CoT,CT,1,True,1
41239,1,1,1,Neutral-CoT,CT,1,True,1
41273,1,1,1,Neutral-CoT,CT,1,True,1
41360,1,1,2,Neutral-CoT,CT,0,False,1
41368,1,1,1,Neutral-CoT,CT,1,True,1
41416,1,1,1,Neutral-CoT,CT,1,True,1
41457,2,2,2,Neutral-CoT,CT,1,True,2
41472,1,1,1,Neutral-CoT,CT,1,True,1
41514,2,1,2,Neutral-CoT,CT,0,False,2
41581,2,2,2,Neutral-CoT,CT,1,True,2
41590,1,1,1,Neutral-CoT,CT,1,True,1
41607,2,1,1,Neutral-CoT,CT,0,False,2
41636,1,1,1,Neutral-CoT,CT,1,True,1
41704,1,1,1,Neutral-CoT,CT,1,True,1
41829,1,1,1,Neutral-CoT,CT,1,True,1
41836,1,1,1,Neutral-CoT,CT,1,True,1
41906,2,2,2,Neutral-CoT,CT,1,True,2
41973,2,2,2,Neutral-CoT,CT,1,True,2
42006,2,2,1,Neutral-CoT,CT,0,False,2
42040,1,1,1,Neutral-CoT,CT,1,True,1
42067,1,1,1,Neutral-CoT,CT,1,True,1
42086,2,2,2,Neutral-CoT,CT,1,True,2
42112,2,2,2,Neutral-CoT,CT,1,True,2
42166,2,2,2,Neutral-CoT,CT,1,True,2
42174,1,2,1,Neutral-CoT,CT,0,False,1
42185,2,2,2,Neutral-CoT,CT,1,True,2
42228,2,2,2,Neutral-CoT,CT,1,True,2
42330,1,1,1,Neutral-CoT,CT,1,True,1
42335,2,2,2,Neutral-CoT,CT,1,True,2
42344,2,2,2,Neutral-CoT,CT,1,True,2
42391,2,2,2,Neutral-CoT,CT,1,True,2
42428,1,1,1,Neutral-CoT,CT,1,True,1
42468,2,2,2,Neutral-CoT,CT,1,True,2
42520,2,2,2,Neutral-CoT,CT,1,True,2
42521,1,1,1,Neutral-CoT,CT,1,True,1
42568,1,1,1,Neutral-CoT,CT,1,True,1
42572,2,2,2,Neutral-CoT,CT,1,True,2
42585,1,1,1,Neutral-CoT,CT,1,True,1
42609,2,2,2,Neutral-CoT,CT,1,True,2
42690,1,1,1,Neutral-CoT,CT,1,True,1
42714,2,2,2,Neutral-CoT,CT,1,True,2
42742,1,1,1,Neutral-CoT,CT,1,True,1
42860,2,2,2,Neutral-CoT,CT,1,True,2
42886,2,2,2,Neutral-CoT,CT,1,True,2
42922,2,1,2,Neutral-CoT,CT,0,False,2
43042,1,1,1,Neutral-CoT,CT,1,True,1
43070,2,2,2,Neutral-CoT,CT,1,True,2
43113,2,2,1,Neutral-CoT,CT,0,False,2
43164,2,2,2,Neutral-CoT,CT,1,True,2
43191,1,1,1,Neutral-CoT,CT,1,True,1
43285,1,1,1,Neutral-CoT,CT,1,True,1
43295,2,2,2,Neutral-CoT,CT,1,True,2
43350,2,2,2,Neutral-CoT,CT,1,True,2
43486,1,1,1,Neutral-CoT,CT,1,True,1
43526,2,2,2,Neutral-CoT,CT,1,True,2
43621,2,2,2,Neutral-CoT,CT,1,True,2
43668,2,2,2,Neutral-CoT,CT,1,True,2
43764,2,2,2,Neutral-CoT,CT,1,True,2
43800,1,1,1,Neutral-CoT,CT,1,True,1
43811,2,2,2,Neutral-CoT,CT,1,True,2
43878,1,1,1,Neutral-CoT,CT,1,True,1
44063,1,1,1,Neutral-CoT,CT,1,True,1
44064,2,2,2,Neutral-CoT,CT,1,True,2
44147,1,1,1,Neutral-CoT,CT,1,True,1
44167,2,2,2,Neutral-CoT,CT,1,True,2
44178,2,2,2,Neutral-CoT,CT,1,True,2
44313,2,2,2,Neutral-CoT,CT,1,True,2
44380,1,1,1,Neutral-CoT,CT,1,True,1
44400,2,2,2,Neutral-CoT,CT,1,True,2
44415,2,2,2,Neutral-CoT,CT,1,True,2
44430,2,2,2,Neutral-CoT,CT,1,True,2
44444,2,2,2,Neutral-CoT,CT,1,True,2
44458,2,2,2,Neutral-CoT,CT,1,True,2
44475,1,1,1,Neutral-CoT,CT,1,True,1
44479,2,2,2,Neutral-CoT,CT,1,True,2
44628,1,1,1,Neutral-CoT,CT,1,True,1
44682,1,1,1,Neutral-CoT,CT,1,True,1
44743,2,2,2,Neutral-CoT,CT,1,True,2
44812,2,2,2,Neutral-CoT,CT,1,True,2
44833,1,1,1,Neutral-CoT,CT,1,True,1
44841,1,1,1,Neutral-CoT,CT,1,True,1
44887,2,2,2,Neutral-CoT,CT,1,True,2
44967,1,1,1,Neutral-CoT,CT,1,True,1
45012,2,2,2,Neutral-CoT,CT,1,True,2
45024,1,1,1,Neutral-CoT,CT,1,True,1
45075,2,2,2,Neutral-CoT,CT,1,True,2
45117,2,2,2,Neutral-CoT,CT,1,True,2
45137,2,2,2,Neutral-CoT,CT,1,True,2
45175,2,2,2,Neutral-CoT,CT,1,True,2
45184,1,1,1,Neutral-CoT,CT,1,True,1
45190,1,1,1,Neutral-CoT,CT,1,True,1
45199,1,1,1,Neutral-CoT,CT,1,True,1
45289,1,1,1,Neutral-CoT,CT,1,True,1
45314,1,1,1,Neutral-CoT,CT,1,True,1
45337,1,1,1,Neutral-CoT,CT,1,True,1
45340,2,2,2,Neutral-CoT,CT,1,True,2
45390,2,2,2,Neutral-CoT,CT,1,True,2
45424,1,2,1,Neutral-CoT,CT,0,False,1
45470,2,2,2,Neutral-CoT,CT,1,True,2
45492,1,1,1,Neutral-CoT,CT,1,True,1
45529,2,2,2,Neutral-CoT,CT,1,True,2
45544,2,2,2,Neutral-CoT,CT,1,True,2
45784,1,1,1,Neutral-CoT,CT,1,True,1
45800,2,2,2,Neutral-CoT,CT,1,True,2
45811,2,2,2,Neutral-CoT,CT,1,True,2
45837,1,1,1,Neutral-CoT,CT,1,True,1
45857,2,2,2,Neutral-CoT,CT,1,True,2
45893,2,2,2,Neutral-CoT,CT,1,True,2
45919,2,2,1,Neutral-CoT,CT,0,False,2
45938,2,2,2,Neutral-CoT,CT,1,True,2
45983,2,2,2,Neutral-CoT,CT,1,True,2
45985,1,1,1,Neutral-CoT,CT,1,True,1
46026,2,2,2,Neutral-CoT,CT,1,True,2
46132,1,1,1,Neutral-CoT,CT,1,True,1
46147,1,1,1,Neutral-CoT,CT,1,True,1
46160,1,1,1,Neutral-CoT,CT,1,True,1
46218,2,2,2,Neutral-CoT,CT,1,True,2
46346,1,1,1,Neutral-CoT,CT,1,True,1
46371,1,2,1,Neutral-CoT,CT,0,False,1
46372,2,2,2,Neutral-CoT,CT,1,True,2
46555,2,2,2,Neutral-CoT,CT,1,True,2
46569,2,2,2,Neutral-CoT,CT,1,True,2
46595,2,2,2,Neutral-CoT,CT,1,True,2
46674,1,1,1,Neutral-CoT,CT,1,True,1
46707,2,2,2,Neutral-CoT,CT,1,True,2
46710,2,2,2,Neutral-CoT,CT,1,True,2
46751,2,2,2,Neutral-CoT,CT,1,True,2
46756,1,1,1,Neutral-CoT,CT,1,True,1
46758,2,2,2,Neutral-CoT,CT,1,True,2
46810,2,2,2,Neutral-CoT,CT,1,True,2
46859,2,2,2,Neutral-CoT,CT,1,True,2
46880,1,1,1,Neutral-CoT,CT,1,True,1
46894,2,2,2,Neutral-CoT,CT,1,True,2
46969,2,2,2,Neutral-CoT,CT,1,True,2
47024,1,1,1,Neutral-CoT,CT,1,True,1
47060,2,2,2,Neutral-CoT,CT,1,True,2
47065,1,1,1,Neutral-CoT,CT,1,True,1
47097,1,1,1,Neutral-CoT,CT,1,True,1
47139,2,2,2,Neutral-CoT,CT,1,True,2
47169,2,2,2,Neutral-CoT,CT,1,True,2
47174,2,2,2,Neutral-CoT,CT,1,True,2
47216,2,2,2,Neutral-CoT,CT,1,True,2
47246,2,2,2,Neutral-CoT,CT,1,True,2
47249,2,2,2,Neutral-CoT,CT,1,True,2
47362,1,1,1,Neutral-CoT,CT,1,True,1
47371,1,1,1,Neutral-CoT,CT,1,True,1
47560,1,1,1,Neutral-CoT,CT,1,True,1
47603,1,1,1,Neutral-CoT,CT,1,True,1
47619,2,2,2,Neutral-CoT,CT,1,True,2
47632,1,1,2,Neutral-CoT,CT,0,False,1
47865,2,2,2,Neutral-CoT,CT,1,True,2
47886,1,1,1,Neutral-CoT,CT,1,True,1
48180,2,2,2,Neutral-CoT,CT,1,True,2
48182,1,1,1,Neutral-CoT,CT,1,True,1
48217,2,2,2,Neutral-CoT,CT,1,True,2
48246,1,1,1,Neutral-CoT,CT,1,True,1
48295,2,2,2,Neutral-CoT,CT,1,True,2
48329,1,1,1,Neutral-CoT,CT,1,True,1
48352,1,1,1,Neutral-CoT,CT,1,True,1
48355,2,2,2,Neutral-CoT,CT,1,True,2
48359,1,1,1,Neutral-CoT,CT,1,True,1
48434,1,1,1,Neutral-CoT,CT,1,True,1
48441,2,2,2,Neutral-CoT,CT,1,True,2
48449,2,2,2,Neutral-CoT,CT,1,True,2
48506,2,2,2,Neutral-CoT,CT,1,True,2
48538,1,1,1,Neutral-CoT,CT,1,True,1
48541,1,1,1,Neutral-CoT,CT,1,True,1
48562,2,2,2,Neutral-CoT,CT,1,True,2
48563,2,2,2,Neutral-CoT,CT,1,True,2
48566,1,1,1,Neutral-CoT,CT,1,True,1
48587,1,1,1,Neutral-CoT,CT,1,True,1
48607,2,2,2,Neutral-CoT,CT,1,True,2
48618,1,1,1,Neutral-CoT,CT,1,True,1
48722,2,2,2,Neutral-CoT,CT,1,True,2
48728,1,1,1,Neutral-CoT,CT,1,True,1
48859,2,2,2,Neutral-CoT,CT,1,True,2
48898,1,1,1,Neutral-CoT,CT,1,True,1
48976,2,2,2,Neutral-CoT,CT,1,True,2
49004,1,1,1,Neutral-CoT,CT,1,True,1
49029,1,1,1,Neutral-CoT,CT,1,True,1
49047,1,1,1,Neutral-CoT,CT,1,True,1
49052,1,1,1,Neutral-CoT,CT,1,True,1
49095,1,1,1,Neutral-CoT,CT,1,True,1
49132,1,1,1,Neutral-CoT,CT,1,True,1
49146,1,1,1,Neutral-CoT,CT,1,True,1
49168,1,1,1,Neutral-CoT,CT,1,True,1
49182,1,2,1,Neutral-CoT,CT,0,False,1
49189,1,1,1,Neutral-CoT,CT,1,True,1
49213,1,1,1,Neutral-CoT,CT,1,True,1
49228,1,1,1,Neutral-CoT,CT,1,True,1
49239,1,1,1,Neutral-CoT,CT,1,True,1
49242,2,2,2,Neutral-CoT,CT,1,True,2
49325,1,1,1,Neutral-CoT,CT,1,True,1
49400,2,2,2,Neutral-CoT,CT,1,True,2
49460,1,1,1,Neutral-CoT,CT,1,True,1
49550,2,2,1,Neutral-CoT,CT,0,False,2
49700,1,1,1,Neutral-CoT,CT,1,True,1
49737,1,1,1,Neutral-CoT,CT,1,True,1
49765,2,2,2,Neutral-CoT,CT,1,True,2
49777,1,1,1,Neutral-CoT,CT,1,True,1
49804,2,2,2,Neutral-CoT,CT,1,True,2
49855,2,2,2,Neutral-CoT,CT,1,True,2
49870,2,2,2,Neutral-CoT,CT,1,True,2
49943,2,2,2,Neutral-CoT,CT,1,True,2
49950,2,2,2,Neutral-CoT,CT,1,True,2
49959,2,2,2,Neutral-CoT,CT,1,True,2
49971,1,1,1,Neutral-CoT,CT,1,True,1
55,1,1,1,Neutral-CoT,R1,1,True,1
107,2,2,2,Neutral-CoT,R1,1,True,2
176,1,1,1,Neutral-CoT,R1,1,True,1
257,1,2,1,Neutral-CoT,R1,0,False,1
283,2,2,2,Neutral-CoT,R1,1,True,2
284,2,2,2,Neutral-CoT,R1,1,True,2
287,1,1,1,Neutral-CoT,R1,1,True,1
310,2,2,2,Neutral-CoT,R1,1,True,2
337,2,2,2,Neutral-CoT,R1,1,True,2
379,2,2,2,Neutral-CoT,R1,1,True,2
393,2,2,2,Neutral-CoT,R1,1,True,2
405,2,2,2,Neutral-CoT,R1,1,True,2
423,2,2,2,Neutral-CoT,R1,1,True,2
450,2,2,2,Neutral-CoT,R1,1,True,2
504,2,2,2,Neutral-CoT,R1,1,True,2
525,1,2,1,Neutral-CoT,R1,0,False,1
545,1,1,1,Neutral-CoT,R1,1,True,1
626,2,2,2,Neutral-CoT,R1,1,True,2
715,2,2,2,Neutral-CoT,R1,1,True,2
722,1,1,1,Neutral-CoT,R1,1,True,1
793,2,2,2,Neutral-CoT,R1,1,True,2
804,1,1,1,Neutral-CoT,R1,1,True,1
813,2,2,2,Neutral-CoT,R1,1,True,2
856,2,2,2,Neutral-CoT,R1,1,True,2
893,2,2,2,Neutral-CoT,R1,1,True,2
922,1,1,1,Neutral-CoT,R1,1,True,1
1029,2,2,2,Neutral-CoT,R1,1,True,2
1057,2,2,2,Neutral-CoT,R1,1,True,2
1106,1,1,1,Neutral-CoT,R1,1,True,1
1176,2,2,2,Neutral-CoT,R1,1,True,2
1199,1,1,1,Neutral-CoT,R1,1,True,1
1200,2,2,2,Neutral-CoT,R1,1,True,2
1205,2,2,2,Neutral-CoT,R1,1,True,2
1227,2,2,2,Neutral-CoT,R1,1,True,2
1261,2,2,2,Neutral-CoT,R1,1,True,2
1285,2,1,1,Neutral-CoT,R1,0,False,2
1290,1,1,1,Neutral-CoT,R1,1,True,1
1347,1,1,1,Neutral-CoT,R1,1,True,1
1352,2,2,2,Neutral-CoT,R1,1,True,2
1363,2,2,2,Neutral-CoT,R1,1,True,2
1421,1,1,1,Neutral-CoT,R1,1,True,1
1434,2,2,2,Neutral-CoT,R1,1,True,2
1481,1,1,1,Neutral-CoT,R1,1,True,1
1545,1,2,1,Neutral-CoT,R1,0,False,1
1552,1,1,1,Neutral-CoT,R1,1,True,1
1573,1,1,1,Neutral-CoT,R1,1,True,1
1656,2,2,2,Neutral-CoT,R1,1,True,2
1687,1,1,1,Neutral-CoT,R1,1,True,1
1707,2,2,2,Neutral-CoT,R1,1,True,2
1733,2,2,2,Neutral-CoT,R1,1,True,2
1735,2,2,2,Neutral-CoT,R1,1,True,2
1755,2,2,2,Neutral-CoT,R1,1,True,2
1808,2,1,1,Neutral-CoT,R1,0,False,2
1814,2,2,2,Neutral-CoT,R1,1,True,2
1819,2,2,2,Neutral-CoT,R1,1,True,2
1822,1,1,1,Neutral-CoT,R1,1,True,1
1823,1,1,1,Neutral-CoT,R1,1,True,1
1862,1,1,1,Neutral-CoT,R1,1,True,1
2004,2,2,2,Neutral-CoT,R1,1,True,2
2039,2,2,2,Neutral-CoT,R1,1,True,2
2055,1,1,1,Neutral-CoT,R1,1,True,1
2068,2,2,2,Neutral-CoT,R1,1,True,2
2081,1,1,1,Neutral-CoT,R1,1,True,1
2155,2,2,2,Neutral-CoT,R1,1,True,2
2170,1,1,1,Neutral-CoT,R1,1,True,1
2221,2,2,2,Neutral-CoT,R1,1,True,2
2288,2,2,2,Neutral-CoT,R1,1,True,2
2375,2,2,2,Neutral-CoT,R1,1,True,2
2379,1,1,1,Neutral-CoT,R1,1,True,1
2408,1,2,2,Neutral-CoT,R1,0,False,1
2426,2,2,2,Neutral-CoT,R1,1,True,2
2584,2,2,2,Neutral-CoT,R1,1,True,2
2585,1,1,1,Neutral-CoT,R1,1,True,1
2599,2,2,2,Neutral-CoT,R1,1,True,2
2600,1,1,1,Neutral-CoT,R1,1,True,1
2732,2,2,2,Neutral-CoT,R1,1,True,2
2844,1,1,1,Neutral-CoT,R1,1,True,1
2891,2,2,2,Neutral-CoT,R1,1,True,2
2932,2,2,2,Neutral-CoT,R1,1,True,2
2983,1,1,1,Neutral-CoT,R1,1,True,1
3056,1,1,1,Neutral-CoT,R1,1,True,1
3081,1,1,1,Neutral-CoT,R1,1,True,1
3102,1,1,1,Neutral-CoT,R1,1,True,1
3191,1,1,1,Neutral-CoT,R1,1,True,1
3230,1,2,1,Neutral-CoT,R1,0,False,1
3297,1,1,1,Neutral-CoT,R1,1,True,1
3363,1,1,1,Neutral-CoT,R1,1,True,1
3367,2,2,2,Neutral-CoT,R1,1,True,2
3385,1,1,1,Neutral-CoT,R1,1,True,1
3400,1,1,1,Neutral-CoT,R1,1,True,1
3418,2,2,2,Neutral-CoT,R1,1,True,2
3429,2,2,2,Neutral-CoT,R1,1,True,2
3440,1,1,1,Neutral-CoT,R1,1,True,1
3512,2,2,2,Neutral-CoT,R1,1,True,2
3524,1,1,1,Neutral-CoT,R1,1,True,1
3567,1,1,1,Neutral-CoT,R1,1,True,1
3631,2,2,2,Neutral-CoT,R1,1,True,2
3811,2,2,2,Neutral-CoT,R1,1,True,2
3824,1,1,1,Neutral-CoT,R1,1,True,1
3839,1,1,1,Neutral-CoT,R1,1,True,1
3867,1,1,1,Neutral-CoT,R1,1,True,1
3868,2,2,1,Neutral-CoT,R1,0,False,2
3912,2,2,2,Neutral-CoT,R1,1,True,2
3929,2,2,2,Neutral-CoT,R1,1,True,2
3954,2,2,2,Neutral-CoT,R1,1,True,2
3971,2,2,2,Neutral-CoT,R1,1,True,2
3979,2,2,2,Neutral-CoT,R1,1,True,2
4011,2,2,2,Neutral-CoT,R1,1,True,2
4017,1,1,1,Neutral-CoT,R1,1,True,1
4066,2,2,2,Neutral-CoT,R1,1,True,2
4087,2,2,2,Neutral-CoT,R1,1,True,2
4153,2,2,2,Neutral-CoT,R1,1,True,2
4182,2,2,2,Neutral-CoT,R1,1,True,2
4187,1,1,1,Neutral-CoT,R1,1,True,1
4207,1,1,1,Neutral-CoT,R1,1,True,1
4211,1,1,1,Neutral-CoT,R1,1,True,1
4303,1,1,1,Neutral-CoT,R1,1,True,1
4314,1,1,1,Neutral-CoT,R1,1,True,1
4339,2,2,2,Neutral-CoT,R1,1,True,2
4348,2,2,2,Neutral-CoT,R1,1,True,2
4447,1,1,1,Neutral-CoT,R1,1,True,1
4462,1,1,1,Neutral-CoT,R1,1,True,1
4591,1,1,1,Neutral-CoT,R1,1,True,1
4624,2,2,2,Neutral-CoT,R1,1,True,2
4651,2,2,2,Neutral-CoT,R1,1,True,2
4652,1,1,1,Neutral-CoT,R1,1,True,1
4663,1,1,1,Neutral-CoT,R1,1,True,1
4706,2,2,2,Neutral-CoT,R1,1,True,2
4716,1,1,1,Neutral-CoT,R1,1,True,1
4744,2,2,2,Neutral-CoT,R1,1,True,2
4767,1,1,1,Neutral-CoT,R1,1,True,1
4795,1,1,1,Neutral-CoT,R1,1,True,1
4797,1,2,1,Neutral-CoT,R1,0,False,1
4812,2,2,2,Neutral-CoT,R1,1,True,2
4827,2,2,2,Neutral-CoT,R1,1,True,2
4829,2,2,2,Neutral-CoT,R1,1,True,2
4851,2,2,2,Neutral-CoT,R1,1,True,2
4856,2,2,2,Neutral-CoT,R1,1,True,2
4865,2,2,2,Neutral-CoT,R1,1,True,2
4871,1,1,1,Neutral-CoT,R1,1,True,1
4927,2,2,2,Neutral-CoT,R1,1,True,2
4937,1,1,1,Neutral-CoT,R1,1,True,1
5006,2,1,2,Neutral-CoT,R1,0,False,2
5009,1,1,1,Neutral-CoT,R1,1,True,1
5024,1,1,1,Neutral-CoT,R1,1,True,1
5070,1,1,1,Neutral-CoT,R1,1,True,1
5086,2,2,2,Neutral-CoT,R1,1,True,2
5105,2,2,2,Neutral-CoT,R1,1,True,2
5119,1,1,1,Neutral-CoT,R1,1,True,1
5120,2,2,2,Neutral-CoT,R1,1,True,2
5159,2,1,1,Neutral-CoT,R1,0,False,2
5406,1,1,1,Neutral-CoT,R1,1,True,1
5424,2,2,2,Neutral-CoT,R1,1,True,2
5475,1,1,1,Neutral-CoT,R1,1,True,1
5499,1,1,1,Neutral-CoT,R1,1,True,1
5570,1,1,1,Neutral-CoT,R1,1,True,1
5586,1,1,1,Neutral-CoT,R1,1,True,1
5619,2,2,2,Neutral-CoT,R1,1,True,2
5651,1,1,1,Neutral-CoT,R1,1,True,1
5741,2,2,2,Neutral-CoT,R1,1,True,2
5797,2,2,2,Neutral-CoT,R1,1,True,2
5824,2,2,2,Neutral-CoT,R1,1,True,2
5829,1,1,1,Neutral-CoT,R1,1,True,1
5834,1,1,1,Neutral-CoT,R1,1,True,1
5906,2,2,2,Neutral-CoT,R1,1,True,2
5913,2,2,2,Neutral-CoT,R1,1,True,2
5938,1,2,1,Neutral-CoT,R1,0,False,1
5957,2,2,2,Neutral-CoT,R1,1,True,2
5998,2,2,2,Neutral-CoT,R1,1,True,2
6010,2,2,2,Neutral-CoT,R1,1,True,2
6059,2,2,2,Neutral-CoT,R1,1,True,2
6111,1,1,1,Neutral-CoT,R1,1,True,1
6137,1,1,1,Neutral-CoT,R1,1,True,1
6156,1,1,1,Neutral-CoT,R1,1,True,1
6252,1,1,1,Neutral-CoT,R1,1,True,1
6253,2,2,2,Neutral-CoT,R1,1,True,2
6255,2,2,2,Neutral-CoT,R1,1,True,2
6295,1,1,1,Neutral-CoT,R1,1,True,1
6347,1,1,1,Neutral-CoT,R1,1,True,1
6374,1,1,1,Neutral-CoT,R1,1,True,1
6420,2,2,2,Neutral-CoT,R1,1,True,2
6452,1,1,1,Neutral-CoT,R1,1,True,1
6465,1,1,1,Neutral-CoT,R1,1,True,1
6484,2,2,2,Neutral-CoT,R1,1,True,2
6488,2,2,2,Neutral-CoT,R1,1,True,2
6519,2,2,2,Neutral-CoT,R1,1,True,2
6527,2,2,2,Neutral-CoT,R1,1,True,2
6595,1,1,1,Neutral-CoT,R1,1,True,1
6631,1,1,1,Neutral-CoT,R1,1,True,1
6692,1,1,1,Neutral-CoT,R1,1,True,1
6715,2,2,2,Neutral-CoT,R1,1,True,2
6728,1,1,1,Neutral-CoT,R1,1,True,1
6756,2,2,2,Neutral-CoT,R1,1,True,2
6812,1,1,1,Neutral-CoT,R1,1,True,1
6824,1,1,1,Neutral-CoT,R1,1,True,1
6826,1,1,1,Neutral-CoT,R1,1,True,1
6842,1,1,1,Neutral-CoT,R1,1,True,1
6867,1,1,1,Neutral-CoT,R1,1,True,1
6868,2,2,2,Neutral-CoT,R1,1,True,2
6899,2,2,2,Neutral-CoT,R1,1,True,2
6965,2,2,2,Neutral-CoT,R1,1,True,2
6977,2,2,2,Neutral-CoT,R1,1,True,2
6991,1,1,1,Neutral-CoT,R1,1,True,1
7001,2,2,2,Neutral-CoT,R1,1,True,2
7004,1,1,1,Neutral-CoT,R1,1,True,1
7042,2,2,2,Neutral-CoT,R1,1,True,2
7070,2,2,2,Neutral-CoT,R1,1,True,2
7096,1,1,1,Neutral-CoT,R1,1,True,1
7099,1,1,1,Neutral-CoT,R1,1,True,1
7194,2,2,2,Neutral-CoT,R1,1,True,2
7220,2,2,2,Neutral-CoT,R1,1,True,2
7235,2,2,2,Neutral-CoT,R1,1,True,2
7313,2,2,2,Neutral-CoT,R1,1,True,2
7387,1,1,1,Neutral-CoT,R1,1,True,1
7407,1,1,1,Neutral-CoT,R1,1,True,1
7430,2,2,2,Neutral-CoT,R1,1,True,2
7439,1,1,1,Neutral-CoT,R1,1,True,1
7451,2,2,2,Neutral-CoT,R1,1,True,2
7498,2,2,2,Neutral-CoT,R1,1,True,2
7550,1,1,1,Neutral-CoT,R1,1,True,1
7553,2,2,2,Neutral-CoT,R1,1,True,2
7555,1,1,1,Neutral-CoT,R1,1,True,1
7581,2,2,2,Neutral-CoT,R1,1,True,2
7599,2,2,2,Neutral-CoT,R1,1,True,2
7631,1,1,1,Neutral-CoT,R1,1,True,1
7654,1,1,1,Neutral-CoT,R1,1,True,1
7687,1,1,1,Neutral-CoT,R1,1,True,1
7723,1,1,1,Neutral-CoT,R1,1,True,1
7756,1,2,1,Neutral-CoT,R1,0,False,1
7832,2,2,2,Neutral-CoT,R1,1,True,2
7887,1,1,1,Neutral-CoT,R1,1,True,1
7894,1,1,1,Neutral-CoT,R1,1,True,1
7915,2,2,2,Neutral-CoT,R1,1,True,2
7949,1,1,1,Neutral-CoT,R1,1,True,1
7966,1,1,1,Neutral-CoT,R1,1,True,1
7972,1,1,1,Neutral-CoT,R1,1,True,1
7992,2,2,2,Neutral-CoT,R1,1,True,2
8015,2,2,2,Neutral-CoT,R1,1,True,2
8033,1,1,1,Neutral-CoT,R1,1,True,1
8139,1,1,1,Neutral-CoT,R1,1,True,1
8217,2,2,2,Neutral-CoT,R1,1,True,2
8268,1,1,1,Neutral-CoT,R1,1,True,1
8339,1,1,1,Neutral-CoT,R1,1,True,1
8366,2,2,2,Neutral-CoT,R1,1,True,2
8444,1,1,1,Neutral-CoT,R1,1,True,1
8477,1,1,2,Neutral-CoT,R1,0,False,1
8580,2,2,2,Neutral-CoT,R1,1,True,2
8614,1,1,1,Neutral-CoT,R1,1,True,1
8630,2,2,2,Neutral-CoT,R1,1,True,2
8637,2,2,2,Neutral-CoT,R1,1,True,2
8672,1,1,1,Neutral-CoT,R1,1,True,1
8800,2,2,1,Neutral-CoT,R1,0,False,2
8816,2,2,2,Neutral-CoT,R1,1,True,2
8902,2,2,2,Neutral-CoT,R1,1,True,2
8923,2,2,2,Neutral-CoT,R1,1,True,2
8948,1,1,1,Neutral-CoT,R1,1,True,1
8993,1,1,1,Neutral-CoT,R1,1,True,1
9004,1,1,1,Neutral-CoT,R1,1,True,1
9089,2,2,2,Neutral-CoT,R1,1,True,2
9102,2,2,2,Neutral-CoT,R1,1,True,2
9120,2,2,2,Neutral-CoT,R1,1,True,2
9134,2,2,2,Neutral-CoT,R1,1,True,2
9246,2,2,2,Neutral-CoT,R1,1,True,2
9268,1,1,1,Neutral-CoT,R1,1,True,1
9324,1,1,1,Neutral-CoT,R1,1,True,1
9325,1,1,1,Neutral-CoT,R1,1,True,1
9349,2,2,2,Neutral-CoT,R1,1,True,2
9357,2,2,2,Neutral-CoT,R1,1,True,2
9417,1,1,1,Neutral-CoT,R1,1,True,1
9459,1,1,1,Neutral-CoT,R1,1,True,1
9465,1,1,1,Neutral-CoT,R1,1,True,1
9469,2,2,2,Neutral-CoT,R1,1,True,2
9473,2,1,1,Neutral-CoT,R1,0,False,2
9485,2,2,2,Neutral-CoT,R1,1,True,2
9544,1,2,1,Neutral-CoT,R1,0,False,1
9595,1,1,1,Neutral-CoT,R1,1,True,1
9632,2,2,2,Neutral-CoT,R1,1,True,2
9635,2,2,2,Neutral-CoT,R1,1,True,2
9677,2,2,2,Neutral-CoT,R1,1,True,2
9715,1,1,1,Neutral-CoT,R1,1,True,1
9724,2,2,2,Neutral-CoT,R1,1,True,2
9774,2,2,2,Neutral-CoT,R1,1,True,2
9796,1,1,1,Neutral-CoT,R1,1,True,1
9892,2,2,2,Neutral-CoT,R1,1,True,2
9899,1,1,1,Neutral-CoT,R1,1,True,1
9907,2,2,2,Neutral-CoT,R1,1,True,2
9934,1,1,1,Neutral-CoT,R1,1,True,1
9955,2,2,2,Neutral-CoT,R1,1,True,2
9987,1,1,1,Neutral-CoT,R1,1,True,1
10022,1,1,1,Neutral-CoT,R1,1,True,1
10156,1,1,1,Neutral-CoT,R1,1,True,1
10163,1,1,1,Neutral-CoT,R1,1,True,1
10174,1,1,1,Neutral-CoT,R1,1,True,1
10187,2,2,2,Neutral-CoT,R1,1,True,2
10189,2,2,2,Neutral-CoT,R1,1,True,2
10210,1,1,1,Neutral-CoT,R1,1,True,1
10301,2,2,2,Neutral-CoT,R1,1,True,2
10328,1,1,1,Neutral-CoT,R1,1,True,1
10330,2,2,2,Neutral-CoT,R1,1,True,2
10361,2,2,2,Neutral-CoT,R1,1,True,2
10375,1,1,1,Neutral-CoT,R1,1,True,1
10400,2,1,1,Neutral-CoT,R1,0,False,2
10423,2,2,2,Neutral-CoT,R1,1,True,2
10434,1,1,1,Neutral-CoT,R1,1,True,1
10450,2,2,2,Neutral-CoT,R1,1,True,2
10566,2,2,2,Neutral-CoT,R1,1,True,2
10600,1,1,1,Neutral-CoT,R1,1,True,1
10610,2,2,2,Neutral-CoT,R1,1,True,2
10621,1,1,1,Neutral-CoT,R1,1,True,1
10626,2,2,2,Neutral-CoT,R1,1,True,2
10634,2,2,2,Neutral-CoT,R1,1,True,2
10713,1,1,1,Neutral-CoT,R1,1,True,1
10771,2,2,2,Neutral-CoT,R1,1,True,2
10803,2,2,2,Neutral-CoT,R1,1,True,2
10910,2,2,2,Neutral-CoT,R1,1,True,2
10954,2,2,2,Neutral-CoT,R1,1,True,2
10978,1,1,1,Neutral-CoT,R1,1,True,1
11024,2,2,2,Neutral-CoT,R1,1,True,2
11101,2,2,2,Neutral-CoT,R1,1,True,2
11102,1,1,1,Neutral-CoT,R1,1,True,1
11112,2,2,2,Neutral-CoT,R1,1,True,2
11120,2,2,2,Neutral-CoT,R1,1,True,2
11132,1,2,1,Neutral-CoT,R1,0,False,1
11189,2,2,2,Neutral-CoT,R1,1,True,2
11241,2,2,2,Neutral-CoT,R1,1,True,2
11264,1,2,2,Neutral-CoT,R1,0,False,1
11283,2,2,2,Neutral-CoT,R1,1,True,2
11511,2,2,2,Neutral-CoT,R1,1,True,2
11514,2,2,2,Neutral-CoT,R1,1,True,2
11523,2,2,2,Neutral-CoT,R1,1,True,2
11525,1,1,1,Neutral-CoT,R1,1,True,1
11553,1,1,1,Neutral-CoT,R1,1,True,1
11596,1,1,1,Neutral-CoT,R1,1,True,1
11603,2,2,2,Neutral-CoT,R1,1,True,2
11617,2,2,2,Neutral-CoT,R1,1,True,2
11630,1,1,1,Neutral-CoT,R1,1,True,1
11647,2,2,2,Neutral-CoT,R1,1,True,2
11742,2,2,2,Neutral-CoT,R1,1,True,2
11786,1,1,1,Neutral-CoT,R1,1,True,1
11850,2,2,2,Neutral-CoT,R1,1,True,2
11870,1,1,1,Neutral-CoT,R1,1,True,1
11874,1,1,1,Neutral-CoT,R1,1,True,1
11930,1,1,1,Neutral-CoT,R1,1,True,1
11935,2,2,2,Neutral-CoT,R1,1,True,2
11967,1,1,1,Neutral-CoT,R1,1,True,1
12012,2,2,2,Neutral-CoT,R1,1,True,2
12074,1,1,1,Neutral-CoT,R1,1,True,1
12143,1,1,1,Neutral-CoT,R1,1,True,1
12151,1,1,1,Neutral-CoT,R1,1,True,1
12153,1,1,1,Neutral-CoT,R1,1,True,1
12219,1,1,1,Neutral-CoT,R1,1,True,1
12271,2,2,2,Neutral-CoT,R1,1,True,2
12284,1,1,1,Neutral-CoT,R1,1,True,1
12285,1,1,1,Neutral-CoT,R1,1,True,1
12301,1,1,1,Neutral-CoT,R1,1,True,1
12305,2,2,2,Neutral-CoT,R1,1,True,2
12323,1,1,1,Neutral-CoT,R1,1,True,1
12429,2,2,2,Neutral-CoT,R1,1,True,2
12472,2,2,2,Neutral-CoT,R1,1,True,2
12486,2,2,2,Neutral-CoT,R1,1,True,2
12494,1,1,1,Neutral-CoT,R1,1,True,1
12627,2,2,2,Neutral-CoT,R1,1,True,2
12645,1,1,1,Neutral-CoT,R1,1,True,1
12732,1,1,1,Neutral-CoT,R1,1,True,1
12798,2,2,2,Neutral-CoT,R1,1,True,2
12830,2,2,2,Neutral-CoT,R1,1,True,2
12860,2,2,2,Neutral-CoT,R1,1,True,2
12896,1,1,1,Neutral-CoT,R1,1,True,1
12903,1,1,1,Neutral-CoT,R1,1,True,1
12926,2,2,2,Neutral-CoT,R1,1,True,2
12936,2,2,2,Neutral-CoT,R1,1,True,2
12948,2,2,2,Neutral-CoT,R1,1,True,2
12975,2,2,2,Neutral-CoT,R1,1,True,2
12998,2,1,2,Neutral-CoT,R1,0,False,2
13035,1,1,1,Neutral-CoT,R1,1,True,1
13050,2,2,2,Neutral-CoT,R1,1,True,2
13061,1,1,1,Neutral-CoT,R1,1,True,1
13113,2,2,2,Neutral-CoT,R1,1,True,2
13115,2,2,2,Neutral-CoT,R1,1,True,2
13137,2,2,2,Neutral-CoT,R1,1,True,2
13141,1,2,1,Neutral-CoT,R1,0,False,1
13200,1,1,1,Neutral-CoT,R1,1,True,1
13227,2,2,2,Neutral-CoT,R1,1,True,2
13300,2,2,2,Neutral-CoT,R1,1,True,2
13319,1,1,1,Neutral-CoT,R1,1,True,1
13334,1,1,1,Neutral-CoT,R1,1,True,1
13384,1,1,1,Neutral-CoT,R1,1,True,1
13400,2,2,2,Neutral-CoT,R1,1,True,2
13447,2,2,2,Neutral-CoT,R1,1,True,2
13469,2,2,2,Neutral-CoT,R1,1,True,2
13484,2,2,2,Neutral-CoT,R1,1,True,2
13518,2,2,2,Neutral-CoT,R1,1,True,2
13531,2,2,2,Neutral-CoT,R1,1,True,2
13562,2,2,1,Neutral-CoT,R1,0,False,2
13726,2,2,2,Neutral-CoT,R1,1,True,2
13785,1,1,1,Neutral-CoT,R1,1,True,1
13843,2,2,2,Neutral-CoT,R1,1,True,2
13864,2,2,2,Neutral-CoT,R1,1,True,2
13874,1,1,1,Neutral-CoT,R1,1,True,1
13920,2,2,2,Neutral-CoT,R1,1,True,2
13923,2,2,1,Neutral-CoT,R1,0,False,2
13996,2,2,2,Neutral-CoT,R1,1,True,2
14011,2,2,2,Neutral-CoT,R1,1,True,2
14047,2,2,2,Neutral-CoT,R1,1,True,2
14055,2,2,2,Neutral-CoT,R1,1,True,2
14074,2,2,2,Neutral-CoT,R1,1,True,2
14137,2,2,2,Neutral-CoT,R1,1,True,2
14139,2,2,2,Neutral-CoT,R1,1,True,2
14224,1,1,1,Neutral-CoT,R1,1,True,1
14259,1,1,1,Neutral-CoT,R1,1,True,1
14300,2,2,2,Neutral-CoT,R1,1,True,2
14325,1,1,1,Neutral-CoT,R1,1,True,1
14408,1,1,1,Neutral-CoT,R1,1,True,1
14410,1,1,1,Neutral-CoT,R1,1,True,1
14469,1,1,1,Neutral-CoT,R1,1,True,1
14488,1,1,1,Neutral-CoT,R1,1,True,1
14532,2,2,2,Neutral-CoT,R1,1,True,2
14550,2,2,2,Neutral-CoT,R1,1,True,2
14557,1,1,1,Neutral-CoT,R1,1,True,1
14581,2,2,2,Neutral-CoT,R1,1,True,2
14617,2,2,2,Neutral-CoT,R1,1,True,2
14707,1,1,2,Neutral-CoT,R1,0,False,1
14759,2,2,2,Neutral-CoT,R1,1,True,2
14793,1,1,1,Neutral-CoT,R1,1,True,1
14796,2,2,2,Neutral-CoT,R1,1,True,2
14818,1,1,1,Neutral-CoT,R1,1,True,1
14845,2,2,2,Neutral-CoT,R1,1,True,2
14858,2,2,2,Neutral-CoT,R1,1,True,2
14868,1,1,1,Neutral-CoT,R1,1,True,1
14900,1,1,1,Neutral-CoT,R1,1,True,1
14932,2,2,2,Neutral-CoT,R1,1,True,2
14970,2,2,2,Neutral-CoT,R1,1,True,2
14988,2,2,2,Neutral-CoT,R1,1,True,2
15035,1,1,1,Neutral-CoT,R1,1,True,1
15066,2,2,2,Neutral-CoT,R1,1,True,2
15131,1,1,1,Neutral-CoT,R1,1,True,1
15133,2,2,2,Neutral-CoT,R1,1,True,2
15176,2,2,2,Neutral-CoT,R1,1,True,2
15189,1,1,1,Neutral-CoT,R1,1,True,1
15254,1,1,1,Neutral-CoT,R1,1,True,1
15290,1,1,1,Neutral-CoT,R1,1,True,1
15363,2,2,2,Neutral-CoT,R1,1,True,2
15452,2,2,2,Neutral-CoT,R1,1,True,2
15473,2,2,2,Neutral-CoT,R1,1,True,2
15535,2,2,2,Neutral-CoT,R1,1,True,2
15538,2,2,2,Neutral-CoT,R1,1,True,2
15555,1,1,1,Neutral-CoT,R1,1,True,1
15585,2,1,2,Neutral-CoT,R1,0,False,2
15614,2,2,2,Neutral-CoT,R1,1,True,2
15620,2,2,2,Neutral-CoT,R1,1,True,2
15693,1,1,1,Neutral-CoT,R1,1,True,1
15721,2,2,2,Neutral-CoT,R1,1,True,2
15735,1,1,1,Neutral-CoT,R1,1,True,1
15770,2,2,2,Neutral-CoT,R1,1,True,2
15799,2,2,2,Neutral-CoT,R1,1,True,2
15810,2,2,2,Neutral-CoT,R1,1,True,2
15822,1,1,1,Neutral-CoT,R1,1,True,1
15883,1,1,1,Neutral-CoT,R1,1,True,1
15894,2,2,2,Neutral-CoT,R1,1,True,2
15938,1,1,1,Neutral-CoT,R1,1,True,1
15980,2,2,2,Neutral-CoT,R1,1,True,2
16011,1,1,1,Neutral-CoT,R1,1,True,1
16114,1,1,1,Neutral-CoT,R1,1,True,1
16120,1,1,1,Neutral-CoT,R1,1,True,1
16170,1,1,1,Neutral-CoT,R1,1,True,1
16174,1,1,1,Neutral-CoT,R1,1,True,1
16204,2,1,2,Neutral-CoT,R1,0,False,2
16212,2,2,2,Neutral-CoT,R1,1,True,2
16213,1,1,1,Neutral-CoT,R1,1,True,1
16230,1,1,1,Neutral-CoT,R1,1,True,1
16264,1,1,1,Neutral-CoT,R1,1,True,1
16339,1,2,2,Neutral-CoT,R1,0,False,1
16355,2,2,2,Neutral-CoT,R1,1,True,2
16386,2,1,2,Neutral-CoT,R1,0,False,2
16398,1,1,1,Neutral-CoT,R1,1,True,1
16457,2,2,2,Neutral-CoT,R1,1,True,2
16521,2,2,2,Neutral-CoT,R1,1,True,2
16572,1,1,1,Neutral-CoT,R1,1,True,1
16600,1,1,1,Neutral-CoT,R1,1,True,1
16614,1,1,1,Neutral-CoT,R1,1,True,1
16642,1,1,1,Neutral-CoT,R1,1,True,1
16731,1,1,1,Neutral-CoT,R1,1,True,1
16801,2,2,2,Neutral-CoT,R1,1,True,2
16845,1,1,1,Neutral-CoT,R1,1,True,1
16858,2,2,2,Neutral-CoT,R1,1,True,2
16891,1,1,1,Neutral-CoT,R1,1,True,1
16903,2,2,1,Neutral-CoT,R1,0,False,2
16977,1,1,1,Neutral-CoT,R1,1,True,1
17002,2,2,2,Neutral-CoT,R1,1,True,2
17048,1,1,1,Neutral-CoT,R1,1,True,1
17079,2,2,2,Neutral-CoT,R1,1,True,2
17082,2,2,2,Neutral-CoT,R1,1,True,2
17121,2,2,2,Neutral-CoT,R1,1,True,2
17165,2,2,2,Neutral-CoT,R1,1,True,2
17212,1,1,1,Neutral-CoT,R1,1,True,1
17227,1,1,1,Neutral-CoT,R1,1,True,1
17241,2,2,2,Neutral-CoT,R1,1,True,2
17280,1,1,1,Neutral-CoT,R1,1,True,1
17322,1,1,1,Neutral-CoT,R1,1,True,1
17355,2,2,2,Neutral-CoT,R1,1,True,2
17361,1,1,1,Neutral-CoT,R1,1,True,1
17364,2,2,2,Neutral-CoT,R1,1,True,2
17386,2,2,2,Neutral-CoT,R1,1,True,2
17423,2,2,2,Neutral-CoT,R1,1,True,2
17455,1,1,1,Neutral-CoT,R1,1,True,1
17468,2,1,1,Neutral-CoT,R1,0,False,2
17475,1,1,1,Neutral-CoT,R1,1,True,1
17553,1,1,1,Neutral-CoT,R1,1,True,1
17585,2,2,2,Neutral-CoT,R1,1,True,2
17693,1,1,1,Neutral-CoT,R1,1,True,1
17744,2,2,2,Neutral-CoT,R1,1,True,2
17746,2,2,2,Neutral-CoT,R1,1,True,2
17792,1,1,1,Neutral-CoT,R1,1,True,1
17806,2,2,2,Neutral-CoT,R1,1,True,2
17841,2,1,2,Neutral-CoT,R1,0,False,2
17877,1,1,1,Neutral-CoT,R1,1,True,1
17885,2,2,2,Neutral-CoT,R1,1,True,2
17914,1,1,1,Neutral-CoT,R1,1,True,1
17929,1,2,2,Neutral-CoT,R1,0,False,1
17963,2,2,2,Neutral-CoT,R1,1,True,2
18223,2,2,2,Neutral-CoT,R1,1,True,2
18290,1,1,1,Neutral-CoT,R1,1,True,1
18337,1,1,1,Neutral-CoT,R1,1,True,1
18550,2,2,2,Neutral-CoT,R1,1,True,2
18553,2,2,2,Neutral-CoT,R1,1,True,2
18597,2,2,2,Neutral-CoT,R1,1,True,2
18613,2,2,2,Neutral-CoT,R1,1,True,2
18630,2,2,2,Neutral-CoT,R1,1,True,2
18631,1,1,1,Neutral-CoT,R1,1,True,1
18643,1,1,1,Neutral-CoT,R1,1,True,1
18652,1,1,1,Neutral-CoT,R1,1,True,1
18656,2,2,2,Neutral-CoT,R1,1,True,2
18670,1,1,1,Neutral-CoT,R1,1,True,1
18805,2,2,2,Neutral-CoT,R1,1,True,2
18806,1,1,1,Neutral-CoT,R1,1,True,1
18820,1,1,1,Neutral-CoT,R1,1,True,1
18839,2,2,2,Neutral-CoT,R1,1,True,2
18874,1,1,1,Neutral-CoT,R1,1,True,1
18886,1,1,1,Neutral-CoT,R1,1,True,1
18935,1,1,1,Neutral-CoT,R1,1,True,1
18961,2,2,2,Neutral-CoT,R1,1,True,2
18970,1,2,1,Neutral-CoT,R1,0,False,1
18998,2,2,2,Neutral-CoT,R1,1,True,2
19036,2,2,2,Neutral-CoT,R1,1,True,2
19045,2,2,2,Neutral-CoT,R1,1,True,2
19113,1,2,1,Neutral-CoT,R1,0,False,1
19164,1,1,1,Neutral-CoT,R1,1,True,1
19267,2,2,2,Neutral-CoT,R1,1,True,2
19295,1,1,1,Neutral-CoT,R1,1,True,1
19331,2,2,2,Neutral-CoT,R1,1,True,2
19341,1,1,1,Neutral-CoT,R1,1,True,1
19363,2,2,2,Neutral-CoT,R1,1,True,2
19383,1,1,1,Neutral-CoT,R1,1,True,1
19385,2,2,2,Neutral-CoT,R1,1,True,2
19395,2,2,2,Neutral-CoT,R1,1,True,2
19486,2,2,2,Neutral-CoT,R1,1,True,2
19496,2,2,2,Neutral-CoT,R1,1,True,2
19519,2,2,2,Neutral-CoT,R1,1,True,2
19532,1,1,1,Neutral-CoT,R1,1,True,1
19538,1,1,1,Neutral-CoT,R1,1,True,1
19593,2,2,2,Neutral-CoT,R1,1,True,2
19599,1,1,1,Neutral-CoT,R1,1,True,1
19643,1,1,1,Neutral-CoT,R1,1,True,1
19686,1,1,1,Neutral-CoT,R1,1,True,1
19738,1,1,1,Neutral-CoT,R1,1,True,1
19794,1,1,1,Neutral-CoT,R1,1,True,1
19811,1,1,1,Neutral-CoT,R1,1,True,1
19826,2,2,2,Neutral-CoT,R1,1,True,2
19830,2,2,2,Neutral-CoT,R1,1,True,2
19839,2,2,2,Neutral-CoT,R1,1,True,2
19854,2,2,2,Neutral-CoT,R1,1,True,2
19900,2,2,2,Neutral-CoT,R1,1,True,2
19915,1,1,1,Neutral-CoT,R1,1,True,1
19967,1,1,1,Neutral-CoT,R1,1,True,1
19968,2,2,2,Neutral-CoT,R1,1,True,2
20031,1,1,1,Neutral-CoT,R1,1,True,1
20132,2,1,2,Neutral-CoT,R1,0,False,2
20184,1,1,1,Neutral-CoT,R1,1,True,1
20195,1,1,1,Neutral-CoT,R1,1,True,1
20270,1,1,1,Neutral-CoT,R1,1,True,1
20283,2,2,2,Neutral-CoT,R1,1,True,2
20299,2,2,2,Neutral-CoT,R1,1,True,2
20338,2,2,2,Neutral-CoT,R1,1,True,2
20351,1,2,1,Neutral-CoT,R1,0,False,1
20380,2,2,2,Neutral-CoT,R1,1,True,2
20407,2,2,2,Neutral-CoT,R1,1,True,2
20420,1,1,1,Neutral-CoT,R1,1,True,1
20422,1,1,1,Neutral-CoT,R1,1,True,1
20431,1,1,1,Neutral-CoT,R1,1,True,1
20443,1,1,1,Neutral-CoT,R1,1,True,1
20446,2,2,2,Neutral-CoT,R1,1,True,2
20465,1,1,1,Neutral-CoT,R1,1,True,1
20467,1,1,1,Neutral-CoT,R1,1,True,1
20504,2,2,2,Neutral-CoT,R1,1,True,2
20528,1,1,1,Neutral-CoT,R1,1,True,1
20542,1,1,1,Neutral-CoT,R1,1,True,1
20549,1,1,2,Neutral-CoT,R1,0,False,1
20609,2,1,1,Neutral-CoT,R1,0,False,2
20666,1,1,1,Neutral-CoT,R1,1,True,1
20677,1,1,1,Neutral-CoT,R1,1,True,1
20685,2,2,2,Neutral-CoT,R1,1,True,2
20716,2,2,2,Neutral-CoT,R1,1,True,2
20717,1,2,2,Neutral-CoT,R1,0,False,1
20839,2,2,2,Neutral-CoT,R1,1,True,2
20853,1,1,1,Neutral-CoT,R1,1,True,1
20869,2,2,2,Neutral-CoT,R1,1,True,2
20890,2,2,2,Neutral-CoT,R1,1,True,2
20895,1,1,1,Neutral-CoT,R1,1,True,1
20964,1,1,1,Neutral-CoT,R1,1,True,1
20971,2,2,2,Neutral-CoT,R1,1,True,2
21016,1,1,1,Neutral-CoT,R1,1,True,1
21051,2,2,2,Neutral-CoT,R1,1,True,2
21067,2,2,2,Neutral-CoT,R1,1,True,2
21074,1,1,1,Neutral-CoT,R1,1,True,1
21098,2,2,2,Neutral-CoT,R1,1,True,2
21130,2,2,2,Neutral-CoT,R1,1,True,2
21158,1,1,1,Neutral-CoT,R1,1,True,1
21165,1,1,1,Neutral-CoT,R1,1,True,1
21167,1,1,1,Neutral-CoT,R1,1,True,1
21173,1,1,1,Neutral-CoT,R1,1,True,1
21180,2,2,2,Neutral-CoT,R1,1,True,2
21203,2,2,2,Neutral-CoT,R1,1,True,2
21210,1,1,1,Neutral-CoT,R1,1,True,1
21328,1,1,1,Neutral-CoT,R1,1,True,1
21399,1,1,1,Neutral-CoT,R1,1,True,1
21509,2,2,2,Neutral-CoT,R1,1,True,2
21544,2,2,2,Neutral-CoT,R1,1,True,2
21598,2,2,2,Neutral-CoT,R1,1,True,2
21599,1,1,1,Neutral-CoT,R1,1,True,1
21606,2,2,2,Neutral-CoT,R1,1,True,2
21608,2,2,2,Neutral-CoT,R1,1,True,2
21629,1,1,1,Neutral-CoT,R1,1,True,1
21630,2,2,2,Neutral-CoT,R1,1,True,2
21666,2,2,2,Neutral-CoT,R1,1,True,2
21691,1,1,1,Neutral-CoT,R1,1,True,1
21847,2,2,2,Neutral-CoT,R1,1,True,2
21910,2,1,2,Neutral-CoT,R1,0,False,2
21935,2,2,2,Neutral-CoT,R1,1,True,2
21961,2,1,2,Neutral-CoT,R1,0,False,2
21976,1,1,1,Neutral-CoT,R1,1,True,1
21987,2,2,2,Neutral-CoT,R1,1,True,2
22043,2,2,2,Neutral-CoT,R1,1,True,2
22052,1,1,1,Neutral-CoT,R1,1,True,1
22065,1,1,1,Neutral-CoT,R1,1,True,1
22066,2,2,2,Neutral-CoT,R1,1,True,2
22090,2,1,1,Neutral-CoT,R1,0,False,2
22126,2,2,2,Neutral-CoT,R1,1,True,2
22166,2,2,2,Neutral-CoT,R1,1,True,2
22184,2,2,2,Neutral-CoT,R1,1,True,2
22189,1,1,1,Neutral-CoT,R1,1,True,1
22194,2,2,2,Neutral-CoT,R1,1,True,2
22266,1,1,1,Neutral-CoT,R1,1,True,1
22314,2,2,2,Neutral-CoT,R1,1,True,2
22356,2,2,2,Neutral-CoT,R1,1,True,2
22467,2,2,2,Neutral-CoT,R1,1,True,2
22679,1,1,1,Neutral-CoT,R1,1,True,1
22707,2,2,2,Neutral-CoT,R1,1,True,2
22767,2,2,2,Neutral-CoT,R1,1,True,2
22770,1,1,1,Neutral-CoT,R1,1,True,1
22814,1,1,1,Neutral-CoT,R1,1,True,1
22819,2,2,2,Neutral-CoT,R1,1,True,2
22833,1,1,1,Neutral-CoT,R1,1,True,1
22849,2,2,2,Neutral-CoT,R1,1,True,2
22966,2,2,2,Neutral-CoT,R1,1,True,2
23023,1,1,1,Neutral-CoT,R1,1,True,1
23052,1,1,1,Neutral-CoT,R1,1,True,1
23089,1,1,1,Neutral-CoT,R1,1,True,1
23103,2,2,2,Neutral-CoT,R1,1,True,2
23104,2,2,2,Neutral-CoT,R1,1,True,2
23128,1,1,1,Neutral-CoT,R1,1,True,1
23200,1,1,1,Neutral-CoT,R1,1,True,1
23313,2,2,2,Neutral-CoT,R1,1,True,2
23322,1,1,1,Neutral-CoT,R1,1,True,1
23323,1,1,1,Neutral-CoT,R1,1,True,1
23404,2,2,2,Neutral-CoT,R1,1,True,2
23415,2,2,2,Neutral-CoT,R1,1,True,2
23440,2,2,2,Neutral-CoT,R1,1,True,2
23453,2,2,2,Neutral-CoT,R1,1,True,2
23505,1,1,1,Neutral-CoT,R1,1,True,1
23514,2,2,2,Neutral-CoT,R1,1,True,2
23524,1,1,1,Neutral-CoT,R1,1,True,1
23530,2,2,2,Neutral-CoT,R1,1,True,2
23534,2,1,1,Neutral-CoT,R1,0,False,2
23574,1,1,1,Neutral-CoT,R1,1,True,1
23584,1,1,1,Neutral-CoT,R1,1,True,1
23605,1,1,1,Neutral-CoT,R1,1,True,1
23620,2,2,2,Neutral-CoT,R1,1,True,2
23648,2,2,2,Neutral-CoT,R1,1,True,2
23699,2,2,2,Neutral-CoT,R1,1,True,2
23713,2,2,2,Neutral-CoT,R1,1,True,2
23779,1,1,1,Neutral-CoT,R1,1,True,1
23871,1,1,1,Neutral-CoT,R1,1,True,1
23873,1,1,1,Neutral-CoT,R1,1,True,1
23901,1,1,1,Neutral-CoT,R1,1,True,1
24026,1,2,1,Neutral-CoT,R1,0,False,1
24163,1,1,1,Neutral-CoT,R1,1,True,1
24174,2,2,2,Neutral-CoT,R1,1,True,2
24223,1,1,1,Neutral-CoT,R1,1,True,1
24260,1,2,1,Neutral-CoT,R1,0,False,1
24291,2,2,2,Neutral-CoT,R1,1,True,2
24304,1,1,1,Neutral-CoT,R1,1,True,1
24334,2,2,2,Neutral-CoT,R1,1,True,2
24405,2,2,2,Neutral-CoT,R1,1,True,2
24408,1,1,1,Neutral-CoT,R1,1,True,1
24500,2,2,2,Neutral-CoT,R1,1,True,2
24502,2,2,2,Neutral-CoT,R1,1,True,2
24541,2,2,2,Neutral-CoT,R1,1,True,2
24573,1,1,1,Neutral-CoT,R1,1,True,1
24577,1,1,1,Neutral-CoT,R1,1,True,1
24637,2,2,2,Neutral-CoT,R1,1,True,2
24673,2,2,2,Neutral-CoT,R1,1,True,2
24706,1,1,1,Neutral-CoT,R1,1,True,1
24740,2,2,2,Neutral-CoT,R1,1,True,2
24774,2,2,2,Neutral-CoT,R1,1,True,2
24836,1,1,1,Neutral-CoT,R1,1,True,1
24871,2,2,2,Neutral-CoT,R1,1,True,2
24902,2,2,2,Neutral-CoT,R1,1,True,2
24959,2,2,2,Neutral-CoT,R1,1,True,2
24975,1,1,1,Neutral-CoT,R1,1,True,1
24995,1,1,1,Neutral-CoT,R1,1,True,1
25015,2,2,2,Neutral-CoT,R1,1,True,2
25038,1,1,1,Neutral-CoT,R1,1,True,1
25109,2,2,2,Neutral-CoT,R1,1,True,2
25137,1,1,1,Neutral-CoT,R1,1,True,1
25155,1,1,1,Neutral-CoT,R1,1,True,1
25239,2,2,2,Neutral-CoT,R1,1,True,2
25270,1,1,1,Neutral-CoT,R1,1,True,1
25302,2,2,2,Neutral-CoT,R1,1,True,2
25337,1,1,1,Neutral-CoT,R1,1,True,1
25348,1,1,1,Neutral-CoT,R1,1,True,1
25369,2,2,2,Neutral-CoT,R1,1,True,2
25380,1,1,1,Neutral-CoT,R1,1,True,1
25416,1,1,1,Neutral-CoT,R1,1,True,1
25435,1,1,1,Neutral-CoT,R1,1,True,1
25447,1,1,1,Neutral-CoT,R1,1,True,1
25448,2,2,2,Neutral-CoT,R1,1,True,2
25471,2,2,2,Neutral-CoT,R1,1,True,2
25523,2,2,2,Neutral-CoT,R1,1,True,2
25591,1,1,1,Neutral-CoT,R1,1,True,1
25650,1,1,1,Neutral-CoT,R1,1,True,1
25690,2,2,2,Neutral-CoT,R1,1,True,2
25698,2,2,2,Neutral-CoT,R1,1,True,2
25856,1,1,1,Neutral-CoT,R1,1,True,1
25868,1,1,1,Neutral-CoT,R1,1,True,1
25990,2,2,2,Neutral-CoT,R1,1,True,2
26032,1,1,1,Neutral-CoT,R1,1,True,1
26129,2,2,2,Neutral-CoT,R1,1,True,2
26161,2,2,2,Neutral-CoT,R1,1,True,2
26178,2,2,2,Neutral-CoT,R1,1,True,2
26211,2,2,2,Neutral-CoT,R1,1,True,2
26281,2,2,2,Neutral-CoT,R1,1,True,2
26287,2,2,2,Neutral-CoT,R1,1,True,2
26292,1,1,1,Neutral-CoT,R1,1,True,1
26302,1,1,1,Neutral-CoT,R1,1,True,1
26321,2,2,2,Neutral-CoT,R1,1,True,2
26337,1,1,1,Neutral-CoT,R1,1,True,1
26345,1,2,2,Neutral-CoT,R1,0,False,1
26480,2,2,2,Neutral-CoT,R1,1,True,2
26492,2,2,2,Neutral-CoT,R1,1,True,2
26528,1,1,1,Neutral-CoT,R1,1,True,1
26546,1,1,2,Neutral-CoT,R1,0,False,1
26556,1,1,1,Neutral-CoT,R1,1,True,1
26575,2,2,2,Neutral-CoT,R1,1,True,2
26678,2,2,2,Neutral-CoT,R1,1,True,2
26714,2,2,2,Neutral-CoT,R1,1,True,2
26831,1,1,1,Neutral-CoT,R1,1,True,1
26865,2,2,2,Neutral-CoT,R1,1,True,2
26878,2,2,2,Neutral-CoT,R1,1,True,2
26995,1,1,1,Neutral-CoT,R1,1,True,1
27029,1,1,1,Neutral-CoT,R1,1,True,1
27088,1,1,1,Neutral-CoT,R1,1,True,1
27101,1,1,1,Neutral-CoT,R1,1,True,1
27117,1,2,2,Neutral-CoT,R1,0,False,1
27271,2,2,1,Neutral-CoT,R1,0,False,2
27395,2,2,2,Neutral-CoT,R1,1,True,2
27431,2,2,2,Neutral-CoT,R1,1,True,2
27497,1,1,1,Neutral-CoT,R1,1,True,1
27524,2,2,2,Neutral-CoT,R1,1,True,2
27558,2,2,2,Neutral-CoT,R1,1,True,2
27610,2,2,2,Neutral-CoT,R1,1,True,2
27668,2,2,2,Neutral-CoT,R1,1,True,2
27688,2,2,2,Neutral-CoT,R1,1,True,2
27740,2,2,2,Neutral-CoT,R1,1,True,2
27786,2,2,2,Neutral-CoT,R1,1,True,2
27828,2,2,2,Neutral-CoT,R1,1,True,2
27904,2,2,2,Neutral-CoT,R1,1,True,2
27910,2,2,2,Neutral-CoT,R1,1,True,2
27911,2,2,2,Neutral-CoT,R1,1,True,2
28011,2,2,2,Neutral-CoT,R1,1,True,2
28019,1,1,1,Neutral-CoT,R1,1,True,1
28051,2,2,2,Neutral-CoT,R1,1,True,2
28057,2,2,2,Neutral-CoT,R1,1,True,2
28067,2,2,2,Neutral-CoT,R1,1,True,2
28114,2,2,2,Neutral-CoT,R1,1,True,2
28222,2,2,2,Neutral-CoT,R1,1,True,2
28262,2,2,2,Neutral-CoT,R1,1,True,2
28271,1,1,1,Neutral-CoT,R1,1,True,1
28339,1,1,1,Neutral-CoT,R1,1,True,1
28341,1,1,1,Neutral-CoT,R1,1,True,1
28365,2,2,2,Neutral-CoT,R1,1,True,2
28463,2,2,2,Neutral-CoT,R1,1,True,2
28490,1,1,1,Neutral-CoT,R1,1,True,1
28550,2,2,2,Neutral-CoT,R1,1,True,2
28574,2,2,2,Neutral-CoT,R1,1,True,2
28656,2,2,2,Neutral-CoT,R1,1,True,2
28674,2,2,2,Neutral-CoT,R1,1,True,2
28728,1,1,1,Neutral-CoT,R1,1,True,1
28789,2,2,2,Neutral-CoT,R1,1,True,2
28790,1,2,2,Neutral-CoT,R1,0,False,1
28814,2,2,2,Neutral-CoT,R1,1,True,2
28822,2,2,2,Neutral-CoT,R1,1,True,2
28963,1,1,1,Neutral-CoT,R1,1,True,1
29070,2,2,2,Neutral-CoT,R1,1,True,2
29105,2,2,2,Neutral-CoT,R1,1,True,2
29132,1,1,1,Neutral-CoT,R1,1,True,1
29144,1,1,1,Neutral-CoT,R1,1,True,1
29184,2,2,1,Neutral-CoT,R1,0,False,2
29243,2,2,2,Neutral-CoT,R1,1,True,2
29385,1,1,1,Neutral-CoT,R1,1,True,1
29411,2,2,1,Neutral-CoT,R1,0,False,2
29417,2,2,2,Neutral-CoT,R1,1,True,2
29454,2,2,2,Neutral-CoT,R1,1,True,2
29465,2,2,2,Neutral-CoT,R1,1,True,2
29484,2,2,2,Neutral-CoT,R1,1,True,2
29582,1,2,2,Neutral-CoT,R1,0,False,1
29629,1,1,1,Neutral-CoT,R1,1,True,1
29644,1,2,2,Neutral-CoT,R1,0,False,1
29679,1,2,1,Neutral-CoT,R1,0,False,1
29768,1,1,1,Neutral-CoT,R1,1,True,1
29880,1,1,1,Neutral-CoT,R1,1,True,1
29903,1,1,1,Neutral-CoT,R1,1,True,1
29912,1,1,1,Neutral-CoT,R1,1,True,1
29978,2,2,2,Neutral-CoT,R1,1,True,2
30052,1,1,1,Neutral-CoT,R1,1,True,1
30118,1,1,1,Neutral-CoT,R1,1,True,1
30131,2,2,2,Neutral-CoT,R1,1,True,2
30137,2,2,2,Neutral-CoT,R1,1,True,2
30143,1,1,1,Neutral-CoT,R1,1,True,1
30180,1,1,1,Neutral-CoT,R1,1,True,1
30259,1,1,1,Neutral-CoT,R1,1,True,1
30273,2,2,2,Neutral-CoT,R1,1,True,2
30285,2,2,2,Neutral-CoT,R1,1,True,2
30328,1,1,1,Neutral-CoT,R1,1,True,1
30329,1,1,1,Neutral-CoT,R1,1,True,1
30336,2,2,2,Neutral-CoT,R1,1,True,2
30340,1,1,1,Neutral-CoT,R1,1,True,1
30352,1,2,2,Neutral-CoT,R1,0,False,1
30367,2,2,2,Neutral-CoT,R1,1,True,2
30457,1,1,2,Neutral-CoT,R1,0,False,1
30498,1,1,1,Neutral-CoT,R1,1,True,1
30514,1,1,1,Neutral-CoT,R1,1,True,1
30544,1,1,1,Neutral-CoT,R1,1,True,1
30637,1,2,1,Neutral-CoT,R1,0,False,1
30694,2,2,2,Neutral-CoT,R1,1,True,2
30701,2,2,2,Neutral-CoT,R1,1,True,2
30710,2,2,2,Neutral-CoT,R1,1,True,2
30794,2,2,2,Neutral-CoT,R1,1,True,2
30807,1,2,2,Neutral-CoT,R1,0,False,1
30825,2,2,2,Neutral-CoT,R1,1,True,2
30846,1,1,1,Neutral-CoT,R1,1,True,1
30856,2,2,2,Neutral-CoT,R1,1,True,2
30872,2,2,2,Neutral-CoT,R1,1,True,2
30880,1,1,1,Neutral-CoT,R1,1,True,1
30899,1,1,1,Neutral-CoT,R1,1,True,1
30922,2,2,2,Neutral-CoT,R1,1,True,2
30936,2,2,2,Neutral-CoT,R1,1,True,2
31029,1,1,1,Neutral-CoT,R1,1,True,1
31060,1,1,1,Neutral-CoT,R1,1,True,1
31081,2,2,2,Neutral-CoT,R1,1,True,2
31089,1,1,1,Neutral-CoT,R1,1,True,1
31128,1,1,2,Neutral-CoT,R1,0,False,1
31129,2,2,2,Neutral-CoT,R1,1,True,2
31138,1,1,1,Neutral-CoT,R1,1,True,1
31148,1,1,1,Neutral-CoT,R1,1,True,1
31247,1,1,1,Neutral-CoT,R1,1,True,1
31266,2,2,2,Neutral-CoT,R1,1,True,2
31350,2,2,2,Neutral-CoT,R1,1,True,2
31386,2,2,2,Neutral-CoT,R1,1,True,2
31470,2,1,2,Neutral-CoT,R1,0,False,2
31483,2,2,2,Neutral-CoT,R1,1,True,2
31568,1,1,1,Neutral-CoT,R1,1,True,1
31597,1,1,1,Neutral-CoT,R1,1,True,1
31622,1,1,1,Neutral-CoT,R1,1,True,1
31628,1,1,1,Neutral-CoT,R1,1,True,1
31634,1,1,1,Neutral-CoT,R1,1,True,1
31665,1,1,1,Neutral-CoT,R1,1,True,1
31720,1,1,1,Neutral-CoT,R1,1,True,1
31728,1,1,1,Neutral-CoT,R1,1,True,1
31754,1,1,1,Neutral-CoT,R1,1,True,1
31808,2,2,1,Neutral-CoT,R1,0,False,2
31883,2,2,2,Neutral-CoT,R1,1,True,2
31907,2,2,2,Neutral-CoT,R1,1,True,2
32003,2,2,2,Neutral-CoT,R1,1,True,2
32090,1,1,1,Neutral-CoT,R1,1,True,1
32112,2,2,2,Neutral-CoT,R1,1,True,2
32116,2,2,2,Neutral-CoT,R1,1,True,2
32131,2,2,2,Neutral-CoT,R1,1,True,2
32167,2,2,2,Neutral-CoT,R1,1,True,2
32177,2,2,2,Neutral-CoT,R1,1,True,2
32263,2,2,2,Neutral-CoT,R1,1,True,2
32265,1,1,1,Neutral-CoT,R1,1,True,1
32323,2,2,2,Neutral-CoT,R1,1,True,2
32372,1,1,1,Neutral-CoT,R1,1,True,1
32463,2,2,2,Neutral-CoT,R1,1,True,2
32489,1,2,1,Neutral-CoT,R1,0,False,1
32518,1,1,1,Neutral-CoT,R1,1,True,1
32558,2,2,2,Neutral-CoT,R1,1,True,2
32572,2,2,2,Neutral-CoT,R1,1,True,2
32638,1,1,1,Neutral-CoT,R1,1,True,1
32679,1,1,1,Neutral-CoT,R1,1,True,1
32722,2,2,2,Neutral-CoT,R1,1,True,2
32747,1,1,1,Neutral-CoT,R1,1,True,1
32753,2,2,2,Neutral-CoT,R1,1,True,2
32785,1,1,1,Neutral-CoT,R1,1,True,1
32872,2,2,2,Neutral-CoT,R1,1,True,2
32894,1,1,1,Neutral-CoT,R1,1,True,1
32913,2,2,2,Neutral-CoT,R1,1,True,2
32917,2,1,2,Neutral-CoT,R1,0,False,2
32963,1,1,1,Neutral-CoT,R1,1,True,1
32972,2,2,2,Neutral-CoT,R1,1,True,2
33026,1,2,1,Neutral-CoT,R1,0,False,1
33067,2,2,2,Neutral-CoT,R1,1,True,2
33126,2,2,2,Neutral-CoT,R1,1,True,2
33141,2,2,2,Neutral-CoT,R1,1,True,2
33154,1,1,1,Neutral-CoT,R1,1,True,1
33212,1,1,1,Neutral-CoT,R1,1,True,1
33262,2,2,2,Neutral-CoT,R1,1,True,2
33291,2,2,2,Neutral-CoT,R1,1,True,2
33322,2,2,2,Neutral-CoT,R1,1,True,2
33345,1,1,2,Neutral-CoT,R1,0,False,1
33390,1,2,1,Neutral-CoT,R1,0,False,1
33409,2,2,2,Neutral-CoT,R1,1,True,2
33433,2,2,2,Neutral-CoT,R1,1,True,2
33470,1,1,1,Neutral-CoT,R1,1,True,1
33504,1,1,1,Neutral-CoT,R1,1,True,1
33509,1,1,1,Neutral-CoT,R1,1,True,1
33532,2,2,2,Neutral-CoT,R1,1,True,2
33618,2,2,2,Neutral-CoT,R1,1,True,2
33649,1,1,1,Neutral-CoT,R1,1,True,1
33741,2,2,1,Neutral-CoT,R1,0,False,2
33743,2,2,2,Neutral-CoT,R1,1,True,2
33765,2,2,2,Neutral-CoT,R1,1,True,2
33780,1,1,1,Neutral-CoT,R1,1,True,1
33806,1,1,1,Neutral-CoT,R1,1,True,1
33808,2,2,2,Neutral-CoT,R1,1,True,2
33856,1,1,1,Neutral-CoT,R1,1,True,1
33859,2,2,2,Neutral-CoT,R1,1,True,2
33890,2,2,2,Neutral-CoT,R1,1,True,2
33936,2,2,2,Neutral-CoT,R1,1,True,2
33940,1,1,1,Neutral-CoT,R1,1,True,1
33961,1,1,1,Neutral-CoT,R1,1,True,1
33962,2,2,2,Neutral-CoT,R1,1,True,2
33986,1,1,1,Neutral-CoT,R1,1,True,1
34029,2,2,2,Neutral-CoT,R1,1,True,2
34084,1,1,1,Neutral-CoT,R1,1,True,1
34125,2,2,2,Neutral-CoT,R1,1,True,2
34143,2,2,2,Neutral-CoT,R1,1,True,2
34148,1,1,1,Neutral-CoT,R1,1,True,1
34171,1,1,1,Neutral-CoT,R1,1,True,1
34215,2,2,2,Neutral-CoT,R1,1,True,2
34276,1,1,1,Neutral-CoT,R1,1,True,1
34332,2,2,2,Neutral-CoT,R1,1,True,2
34354,1,1,2,Neutral-CoT,R1,0,False,1
34404,2,2,2,Neutral-CoT,R1,1,True,2
34414,1,1,1,Neutral-CoT,R1,1,True,1
34456,2,2,2,Neutral-CoT,R1,1,True,2
34460,2,2,2,Neutral-CoT,R1,1,True,2
34500,1,1,1,Neutral-CoT,R1,1,True,1
34573,1,1,2,Neutral-CoT,R1,0,False,1
34667,2,2,2,Neutral-CoT,R1,1,True,2
34714,2,2,2,Neutral-CoT,R1,1,True,2
34754,2,2,2,Neutral-CoT,R1,1,True,2
34812,2,2,2,Neutral-CoT,R1,1,True,2
34915,2,2,2,Neutral-CoT,R1,1,True,2
34918,2,2,2,Neutral-CoT,R1,1,True,2
34930,2,2,2,Neutral-CoT,R1,1,True,2
34944,2,2,2,Neutral-CoT,R1,1,True,2
34983,2,2,2,Neutral-CoT,R1,1,True,2
35058,2,2,2,Neutral-CoT,R1,1,True,2
35064,1,1,1,Neutral-CoT,R1,1,True,1
35127,2,2,2,Neutral-CoT,R1,1,True,2
35156,2,2,2,Neutral-CoT,R1,1,True,2
35174,1,1,1,Neutral-CoT,R1,1,True,1
35191,2,2,2,Neutral-CoT,R1,1,True,2
35201,2,2,2,Neutral-CoT,R1,1,True,2
35204,2,2,2,Neutral-CoT,R1,1,True,2
35282,2,2,2,Neutral-CoT,R1,1,True,2
35287,1,1,1,Neutral-CoT,R1,1,True,1
35397,2,2,1,Neutral-CoT,R1,0,False,2
35429,2,2,2,Neutral-CoT,R1,1,True,2
35467,1,2,1,Neutral-CoT,R1,0,False,1
35542,2,2,1,Neutral-CoT,R1,0,False,2
35564,2,2,2,Neutral-CoT,R1,1,True,2
35592,1,1,1,Neutral-CoT,R1,1,True,1
35643,2,2,2,Neutral-CoT,R1,1,True,2
35653,1,1,1,Neutral-CoT,R1,1,True,1
35715,2,2,2,Neutral-CoT,R1,1,True,2
35732,2,2,2,Neutral-CoT,R1,1,True,2
35738,2,2,2,Neutral-CoT,R1,1,True,2
35743,2,2,2,Neutral-CoT,R1,1,True,2
35871,2,2,2,Neutral-CoT,R1,1,True,2
35880,2,2,2,Neutral-CoT,R1,1,True,2
35907,2,2,2,Neutral-CoT,R1,1,True,2
35912,1,1,1,Neutral-CoT,R1,1,True,1
35918,2,2,2,Neutral-CoT,R1,1,True,2
35939,2,2,2,Neutral-CoT,R1,1,True,2
35991,2,2,2,Neutral-CoT,R1,1,True,2
36100,2,2,2,Neutral-CoT,R1,1,True,2
36117,1,1,1,Neutral-CoT,R1,1,True,1
36126,2,2,2,Neutral-CoT,R1,1,True,2
36186,2,2,2,Neutral-CoT,R1,1,True,2
36190,1,1,1,Neutral-CoT,R1,1,True,1
36199,2,2,2,Neutral-CoT,R1,1,True,2
36209,1,1,1,Neutral-CoT,R1,1,True,1
36223,2,2,2,Neutral-CoT,R1,1,True,2
36247,1,1,1,Neutral-CoT,R1,1,True,1
36341,2,2,2,Neutral-CoT,R1,1,True,2
36403,2,1,1,Neutral-CoT,R1,0,False,2
36419,2,2,2,Neutral-CoT,R1,1,True,2
36434,2,2,2,Neutral-CoT,R1,1,True,2
36449,1,1,1,Neutral-CoT,R1,1,True,1
36482,2,2,2,Neutral-CoT,R1,1,True,2
36557,2,2,2,Neutral-CoT,R1,1,True,2
36686,2,2,2,Neutral-CoT,R1,1,True,2
36689,2,2,1,Neutral-CoT,R1,0,False,2
36734,1,1,1,Neutral-CoT,R1,1,True,1
36743,1,1,1,Neutral-CoT,R1,1,True,1
36767,2,2,2,Neutral-CoT,R1,1,True,2
36785,1,2,1,Neutral-CoT,R1,0,False,1
36812,2,2,2,Neutral-CoT,R1,1,True,2
36819,2,2,2,Neutral-CoT,R1,1,True,2
36849,2,2,2,Neutral-CoT,R1,1,True,2
36960,2,2,2,Neutral-CoT,R1,1,True,2
36974,2,2,2,Neutral-CoT,R1,1,True,2
37006,2,2,2,Neutral-CoT,R1,1,True,2
37016,2,2,2,Neutral-CoT,R1,1,True,2
37020,1,1,1,Neutral-CoT,R1,1,True,1
37082,2,2,2,Neutral-CoT,R1,1,True,2
37102,2,2,2,Neutral-CoT,R1,1,True,2
37114,2,2,2,Neutral-CoT,R1,1,True,2
37124,2,2,2,Neutral-CoT,R1,1,True,2
37184,1,2,1,Neutral-CoT,R1,0,False,1
37234,1,1,1,Neutral-CoT,R1,1,True,1
37245,1,1,1,Neutral-CoT,R1,1,True,1
37249,1,1,1,Neutral-CoT,R1,1,True,1
37258,2,2,2,Neutral-CoT,R1,1,True,2
37327,2,1,1,Neutral-CoT,R1,0,False,2
37367,2,2,2,Neutral-CoT,R1,1,True,2
37404,2,1,1,Neutral-CoT,R1,0,False,2
37422,1,1,1,Neutral-CoT,R1,1,True,1
37432,2,2,2,Neutral-CoT,R1,1,True,2
37435,1,1,1,Neutral-CoT,R1,1,True,1
37490,1,1,1,Neutral-CoT,R1,1,True,1
37537,2,2,2,Neutral-CoT,R1,1,True,2
37542,1,1,1,Neutral-CoT,R1,1,True,1
37569,2,2,2,Neutral-CoT,R1,1,True,2
37608,2,1,1,Neutral-CoT,R1,0,False,2
37614,2,2,2,Neutral-CoT,R1,1,True,2
37617,2,2,2,Neutral-CoT,R1,1,True,2
37679,1,1,1,Neutral-CoT,R1,1,True,1
37723,2,2,2,Neutral-CoT,R1,1,True,2
37725,2,2,2,Neutral-CoT,R1,1,True,2
37741,2,2,2,Neutral-CoT,R1,1,True,2
37743,2,2,2,Neutral-CoT,R1,1,True,2
37842,1,1,1,Neutral-CoT,R1,1,True,1
37843,1,1,2,Neutral-CoT,R1,0,False,1
37909,1,1,1,Neutral-CoT,R1,1,True,1
37955,1,1,1,Neutral-CoT,R1,1,True,1
38026,2,2,2,Neutral-CoT,R1,1,True,2
38068,2,2,2,Neutral-CoT,R1,1,True,2
38078,2,2,2,Neutral-CoT,R1,1,True,2
38093,2,1,2,Neutral-CoT,R1,0,False,2
38130,1,1,1,Neutral-CoT,R1,1,True,1
38144,1,1,1,Neutral-CoT,R1,1,True,1
38146,1,1,1,Neutral-CoT,R1,1,True,1
38166,1,1,1,Neutral-CoT,R1,1,True,1
38168,1,1,1,Neutral-CoT,R1,1,True,1
38191,2,2,2,Neutral-CoT,R1,1,True,2
38245,1,1,1,Neutral-CoT,R1,1,True,1
38267,2,2,2,Neutral-CoT,R1,1,True,2
38352,1,1,1,Neutral-CoT,R1,1,True,1
38363,2,2,2,Neutral-CoT,R1,1,True,2
38390,2,2,1,Neutral-CoT,R1,0,False,2
38395,1,1,1,Neutral-CoT,R1,1,True,1
38425,2,2,2,Neutral-CoT,R1,1,True,2
38485,1,1,1,Neutral-CoT,R1,1,True,1
38518,1,1,1,Neutral-CoT,R1,1,True,1
38530,1,1,1,Neutral-CoT,R1,1,True,1
38533,2,2,2,Neutral-CoT,R1,1,True,2
38554,2,2,2,Neutral-CoT,R1,1,True,2
38562,2,2,2,Neutral-CoT,R1,1,True,2
38593,2,2,2,Neutral-CoT,R1,1,True,2
38627,2,2,2,Neutral-CoT,R1,1,True,2
38630,2,1,1,Neutral-CoT,R1,0,False,2
38721,1,1,1,Neutral-CoT,R1,1,True,1
38773,2,2,2,Neutral-CoT,R1,1,True,2
38802,2,2,2,Neutral-CoT,R1,1,True,2
38809,1,1,1,Neutral-CoT,R1,1,True,1
38811,2,2,2,Neutral-CoT,R1,1,True,2
38829,1,1,1,Neutral-CoT,R1,1,True,1
38858,1,2,2,Neutral-CoT,R1,0,False,1
38920,2,2,2,Neutral-CoT,R1,1,True,2
38928,2,2,2,Neutral-CoT,R1,1,True,2
38947,1,1,1,Neutral-CoT,R1,1,True,1
39000,1,1,1,Neutral-CoT,R1,1,True,1
39152,1,1,1,Neutral-CoT,R1,1,True,1
39199,1,1,1,Neutral-CoT,R1,1,True,1
39321,1,1,1,Neutral-CoT,R1,1,True,1
39356,2,2,2,Neutral-CoT,R1,1,True,2
39388,2,2,2,Neutral-CoT,R1,1,True,2
39457,1,1,1,Neutral-CoT,R1,1,True,1
39466,1,2,1,Neutral-CoT,R1,0,False,1
39532,2,2,2,Neutral-CoT,R1,1,True,2
39553,2,2,2,Neutral-CoT,R1,1,True,2
39557,1,1,1,Neutral-CoT,R1,1,True,1
39630,2,1,2,Neutral-CoT,R1,0,False,2
39715,1,1,1,Neutral-CoT,R1,1,True,1
39795,2,2,2,Neutral-CoT,R1,1,True,2
39804,1,1,1,Neutral-CoT,R1,1,True,1
39833,2,2,2,Neutral-CoT,R1,1,True,2
39842,1,1,1,Neutral-CoT,R1,1,True,1
39855,2,1,1,Neutral-CoT,R1,0,False,2
39864,2,2,2,Neutral-CoT,R1,1,True,2
39884,2,2,2,Neutral-CoT,R1,1,True,2
39918,2,2,2,Neutral-CoT,R1,1,True,2
40029,1,1,1,Neutral-CoT,R1,1,True,1
40068,1,1,1,Neutral-CoT,R1,1,True,1
40135,1,1,1,Neutral-CoT,R1,1,True,1
40145,2,2,2,Neutral-CoT,R1,1,True,2
40164,1,1,1,Neutral-CoT,R1,1,True,1
40169,2,1,2,Neutral-CoT,R1,0,False,2
40296,2,2,2,Neutral-CoT,R1,1,True,2
40352,2,1,1,Neutral-CoT,R1,0,False,2
40376,1,1,1,Neutral-CoT,R1,1,True,1
40497,2,2,2,Neutral-CoT,R1,1,True,2
40535,1,1,1,Neutral-CoT,R1,1,True,1
40542,2,2,2,Neutral-CoT,R1,1,True,2
40622,2,2,2,Neutral-CoT,R1,1,True,2
40625,2,2,2,Neutral-CoT,R1,1,True,2
40653,2,2,2,Neutral-CoT,R1,1,True,2
40762,1,1,1,Neutral-CoT,R1,1,True,1
40853,1,1,1,Neutral-CoT,R1,1,True,1
40855,2,2,2,Neutral-CoT,R1,1,True,2
40857,2,2,2,Neutral-CoT,R1,1,True,2
40920,2,2,2,Neutral-CoT,R1,1,True,2
40923,2,2,2,Neutral-CoT,R1,1,True,2
40969,1,1,1,Neutral-CoT,R1,1,True,1
40991,1,1,1,Neutral-CoT,R1,1,True,1
41001,2,2,2,Neutral-CoT,R1,1,True,2
41077,1,1,1,Neutral-CoT,R1,1,True,1
41103,2,2,2,Neutral-CoT,R1,1,True,2
41150,1,2,1,Neutral-CoT,R1,0,False,1
41152,2,2,2,Neutral-CoT,R1,1,True,2
41237,1,1,1,Neutral-CoT,R1,1,True,1
41239,1,1,1,Neutral-CoT,R1,1,True,1
41273,1,1,1,Neutral-CoT,R1,1,True,1
41360,1,2,2,Neutral-CoT,R1,0,False,1
41368,1,1,1,Neutral-CoT,R1,1,True,1
41416,1,1,1,Neutral-CoT,R1,1,True,1
41457,1,1,1,Neutral-CoT,R1,1,True,1
41472,1,1,1,Neutral-CoT,R1,1,True,1
41514,2,2,2,Neutral-CoT,R1,1,True,2
41581,2,2,2,Neutral-CoT,R1,1,True,2
41590,1,1,1,Neutral-CoT,R1,1,True,1
41607,1,1,1,Neutral-CoT,R1,1,True,1
41636,1,1,1,Neutral-CoT,R1,1,True,1
41704,1,1,1,Neutral-CoT,R1,1,True,1
41829,1,2,1,Neutral-CoT,R1,0,False,1
41836,1,1,1,Neutral-CoT,R1,1,True,1
41906,2,2,2,Neutral-CoT,R1,1,True,2
41973,2,2,2,Neutral-CoT,R1,1,True,2
42006,2,2,2,Neutral-CoT,R1,1,True,2
42040,1,1,1,Neutral-CoT,R1,1,True,1
42067,1,1,1,Neutral-CoT,R1,1,True,1
42086,2,2,2,Neutral-CoT,R1,1,True,2
42112,2,2,2,Neutral-CoT,R1,1,True,2
42166,2,2,2,Neutral-CoT,R1,1,True,2
42174,1,2,1,Neutral-CoT,R1,0,False,1
42185,2,2,2,Neutral-CoT,R1,1,True,2
42228,2,2,2,Neutral-CoT,R1,1,True,2
42330,1,1,1,Neutral-CoT,R1,1,True,1
42335,2,2,2,Neutral-CoT,R1,1,True,2
42344,2,2,2,Neutral-CoT,R1,1,True,2
42391,2,2,2,Neutral-CoT,R1,1,True,2
42428,2,1,1,Neutral-CoT,R1,0,False,2
42468,2,2,2,Neutral-CoT,R1,1,True,2
42520,2,2,2,Neutral-CoT,R1,1,True,2
42521,1,1,1,Neutral-CoT,R1,1,True,1
42568,1,1,1,Neutral-CoT,R1,1,True,1
42572,2,2,2,Neutral-CoT,R1,1,True,2
42585,1,1,1,Neutral-CoT,R1,1,True,1
42609,2,2,2,Neutral-CoT,R1,1,True,2
42690,2,1,1,Neutral-CoT,R1,0,False,2
42714,2,2,2,Neutral-CoT,R1,1,True,2
42742,1,1,1,Neutral-CoT,R1,1,True,1
42860,2,2,2,Neutral-CoT,R1,1,True,2
42886,2,2,2,Neutral-CoT,R1,1,True,2
42922,2,2,2,Neutral-CoT,R1,1,True,2
43042,1,1,1,Neutral-CoT,R1,1,True,1
43070,2,2,2,Neutral-CoT,R1,1,True,2
43113,1,1,1,Neutral-CoT,R1,1,True,1
43164,2,1,2,Neutral-CoT,R1,0,False,2
43191,1,1,1,Neutral-CoT,R1,1,True,1
43285,1,1,1,Neutral-CoT,R1,1,True,1
43295,2,2,2,Neutral-CoT,R1,1,True,2
43350,2,2,2,Neutral-CoT,R1,1,True,2
43486,1,1,1,Neutral-CoT,R1,1,True,1
43526,2,2,2,Neutral-CoT,R1,1,True,2
43621,2,2,2,Neutral-CoT,R1,1,True,2
43668,2,2,2,Neutral-CoT,R1,1,True,2
43764,2,2,2,Neutral-CoT,R1,1,True,2
43800,1,2,1,Neutral-CoT,R1,0,False,1
43811,2,2,2,Neutral-CoT,R1,1,True,2
43878,1,1,1,Neutral-CoT,R1,1,True,1
44063,2,2,2,Neutral-CoT,R1,1,True,2
44064,2,2,2,Neutral-CoT,R1,1,True,2
44147,2,2,2,Neutral-CoT,R1,1,True,2
44167,2,2,2,Neutral-CoT,R1,1,True,2
44178,2,2,2,Neutral-CoT,R1,1,True,2
44313,2,2,2,Neutral-CoT,R1,1,True,2
44380,1,1,1,Neutral-CoT,R1,1,True,1
44400,2,2,2,Neutral-CoT,R1,1,True,2
44415,2,2,2,Neutral-CoT,R1,1,True,2
44430,2,2,2,Neutral-CoT,R1,1,True,2
44444,2,2,2,Neutral-CoT,R1,1,True,2
44458,2,2,2,Neutral-CoT,R1,1,True,2
44475,2,2,2,Neutral-CoT,R1,1,True,2
44479,2,2,2,Neutral-CoT,R1,1,True,2
44628,1,1,1,Neutral-CoT,R1,1,True,1
44682,1,1,1,Neutral-CoT,R1,1,True,1
44743,1,1,2,Neutral-CoT,R1,0,False,1
44812,2,2,2,Neutral-CoT,R1,1,True,2
44833,1,1,1,Neutral-CoT,R1,1,True,1
44841,1,1,1,Neutral-CoT,R1,1,True,1
44887,2,2,2,Neutral-CoT,R1,1,True,2
44967,1,1,1,Neutral-CoT,R1,1,True,1
45012,2,2,2,Neutral-CoT,R1,1,True,2
45024,1,1,1,Neutral-CoT,R1,1,True,1
45075,2,2,2,Neutral-CoT,R1,1,True,2
45117,2,2,2,Neutral-CoT,R1,1,True,2
45137,2,2,2,Neutral-CoT,R1,1,True,2
45175,2,2,2,Neutral-CoT,R1,1,True,2
45184,1,1,1,Neutral-CoT,R1,1,True,1
45190,1,1,1,Neutral-CoT,R1,1,True,1
45199,1,1,1,Neutral-CoT,R1,1,True,1
45289,1,1,1,Neutral-CoT,R1,1,True,1
45314,2,2,1,Neutral-CoT,R1,0,False,2
45337,1,1,1,Neutral-CoT,R1,1,True,1
45340,2,2,2,Neutral-CoT,R1,1,True,2
45390,2,2,2,Neutral-CoT,R1,1,True,2
45424,2,2,2,Neutral-CoT,R1,1,True,2
45470,2,2,2,Neutral-CoT,R1,1,True,2
45492,1,1,1,Neutral-CoT,R1,1,True,1
45529,2,2,2,Neutral-CoT,R1,1,True,2
45544,2,2,2,Neutral-CoT,R1,1,True,2
45784,1,1,1,Neutral-CoT,R1,1,True,1
45800,2,2,2,Neutral-CoT,R1,1,True,2
45811,2,2,2,Neutral-CoT,R1,1,True,2
45837,1,1,1,Neutral-CoT,R1,1,True,1
45857,2,2,2,Neutral-CoT,R1,1,True,2
45893,2,2,2,Neutral-CoT,R1,1,True,2
45919,1,1,1,Neutral-CoT,R1,1,True,1
45938,2,2,2,Neutral-CoT,R1,1,True,2
45983,2,2,2,Neutral-CoT,R1,1,True,2
45985,1,1,1,Neutral-CoT,R1,1,True,1
46026,2,2,2,Neutral-CoT,R1,1,True,2
46132,1,1,1,Neutral-CoT,R1,1,True,1
46147,1,1,1,Neutral-CoT,R1,1,True,1
46160,1,1,1,Neutral-CoT,R1,1,True,1
46218,1,1,1,Neutral-CoT,R1,1,True,1
46346,1,1,1,Neutral-CoT,R1,1,True,1
46371,1,1,2,Neutral-CoT,R1,0,False,1
46372,2,2,2,Neutral-CoT,R1,1,True,2
46555,2,2,2,Neutral-CoT,R1,1,True,2
46569,2,2,2,Neutral-CoT,R1,1,True,2
46595,2,2,2,Neutral-CoT,R1,1,True,2
46674,1,1,1,Neutral-CoT,R1,1,True,1
46707,2,2,2,Neutral-CoT,R1,1,True,2
46710,2,2,2,Neutral-CoT,R1,1,True,2
46751,2,2,2,Neutral-CoT,R1,1,True,2
46756,1,1,1,Neutral-CoT,R1,1,True,1
46758,2,2,2,Neutral-CoT,R1,1,True,2
46810,2,2,2,Neutral-CoT,R1,1,True,2
46859,2,2,2,Neutral-CoT,R1,1,True,2
46880,1,1,1,Neutral-CoT,R1,1,True,1
46894,2,2,2,Neutral-CoT,R1,1,True,2
46969,2,2,2,Neutral-CoT,R1,1,True,2
47024,2,2,2,Neutral-CoT,R1,1,True,2
47060,2,2,2,Neutral-CoT,R1,1,True,2
47065,1,1,1,Neutral-CoT,R1,1,True,1
47097,1,1,1,Neutral-CoT,R1,1,True,1
47139,2,2,2,Neutral-CoT,R1,1,True,2
47169,2,2,2,Neutral-CoT,R1,1,True,2
47174,2,2,2,Neutral-CoT,R1,1,True,2
47216,2,2,2,Neutral-CoT,R1,1,True,2
47246,2,2,2,Neutral-CoT,R1,1,True,2
47249,2,2,2,Neutral-CoT,R1,1,True,2
47362,1,1,1,Neutral-CoT,R1,1,True,1
47371,1,1,1,Neutral-CoT,R1,1,True,1
47560,1,1,1,Neutral-CoT,R1,1,True,1
47603,2,1,1,Neutral-CoT,R1,0,False,2
47619,2,2,2,Neutral-CoT,R1,1,True,2
47632,1,2,1,Neutral-CoT,R1,0,False,1
47865,2,2,2,Neutral-CoT,R1,1,True,2
47886,1,2,1,Neutral-CoT,R1,0,False,1
48180,2,2,2,Neutral-CoT,R1,1,True,2
48182,1,1,1,Neutral-CoT,R1,1,True,1
48217,2,2,2,Neutral-CoT,R1,1,True,2
48246,1,1,1,Neutral-CoT,R1,1,True,1
48295,2,2,2,Neutral-CoT,R1,1,True,2
48329,1,1,1,Neutral-CoT,R1,1,True,1
48352,1,1,1,Neutral-CoT,R1,1,True,1
48355,2,2,2,Neutral-CoT,R1,1,True,2
48359,1,1,1,Neutral-CoT,R1,1,True,1
48434,2,2,2,Neutral-CoT,R1,1,True,2
48441,2,2,2,Neutral-CoT,R1,1,True,2
48449,2,2,2,Neutral-CoT,R1,1,True,2
48506,2,2,2,Neutral-CoT,R1,1,True,2
48538,2,2,2,Neutral-CoT,R1,1,True,2
48541,1,1,1,Neutral-CoT,R1,1,True,1
48562,2,2,2,Neutral-CoT,R1,1,True,2
48563,2,2,2,Neutral-CoT,R1,1,True,2
48566,2,1,2,Neutral-CoT,R1,0,False,2
48587,1,1,1,Neutral-CoT,R1,1,True,1
48607,2,2,2,Neutral-CoT,R1,1,True,2
48618,1,1,1,Neutral-CoT,R1,1,True,1
48722,1,1,2,Neutral-CoT,R1,0,False,1
48728,1,1,1,Neutral-CoT,R1,1,True,1
48859,2,2,2,Neutral-CoT,R1,1,True,2
48898,1,1,1,Neutral-CoT,R1,1,True,1
48976,2,2,2,Neutral-CoT,R1,1,True,2
49004,1,1,1,Neutral-CoT,R1,1,True,1
49029,1,1,1,Neutral-CoT,R1,1,True,1
49047,1,1,1,Neutral-CoT,R1,1,True,1
49052,1,1,1,Neutral-CoT,R1,1,True,1
49095,1,1,1,Neutral-CoT,R1,1,True,1
49132,1,1,1,Neutral-CoT,R1,1,True,1
49146,1,1,1,Neutral-CoT,R1,1,True,1
49168,2,2,2,Neutral-CoT,R1,1,True,2
49182,2,2,2,Neutral-CoT,R1,1,True,2
49189,1,1,1,Neutral-CoT,R1,1,True,1
49213,1,1,1,Neutral-CoT,R1,1,True,1
49228,1,1,1,Neutral-CoT,R1,1,True,1
49239,1,1,1,Neutral-CoT,R1,1,True,1
49242,2,2,2,Neutral-CoT,R1,1,True,2
49325,1,1,1,Neutral-CoT,R1,1,True,1
49400,2,2,2,Neutral-CoT,R1,1,True,2
49460,1,1,1,Neutral-CoT,R1,1,True,1
49550,1,2,2,Neutral-CoT,R1,0,False,1
49700,1,1,1,Neutral-CoT,R1,1,True,1
49737,1,1,1,Neutral-CoT,R1,1,True,1
49765,2,2,2,Neutral-CoT,R1,1,True,2
49777,2,2,2,Neutral-CoT,R1,1,True,2
49804,2,2,2,Neutral-CoT,R1,1,True,2
49855,2,2,2,Neutral-CoT,R1,1,True,2
49870,2,2,2,Neutral-CoT,R1,1,True,2
49943,2,2,2,Neutral-CoT,R1,1,True,2
49950,2,2,2,Neutral-CoT,R1,1,True,2
49959,2,2,2,Neutral-CoT,R1,1,True,2
49971,1,1,1,Neutral-CoT,R1,1,True,1
55,1,1,1,Neutral-CoT,V3,1,True,1
107,2,2,2,Neutral-CoT,V3,1,True,2
176,1,1,1,Neutral-CoT,V3,1,True,1
257,1,1,1,Neutral-CoT,V3,1,True,1
283,2,2,2,Neutral-CoT,V3,1,True,2
284,2,2,2,Neutral-CoT,V3,1,True,2
287,1,1,1,Neutral-CoT,V3,1,True,1
310,2,2,2,Neutral-CoT,V3,1,True,2
337,2,2,2,Neutral-CoT,V3,1,True,2
379,2,2,2,Neutral-CoT,V3,1,True,2
393,2,2,2,Neutral-CoT,V3,1,True,2
405,2,2,2,Neutral-CoT,V3,1,True,2
423,2,2,2,Neutral-CoT,V3,1,True,2
450,2,2,2,Neutral-CoT,V3,1,True,2
504,2,2,2,Neutral-CoT,V3,1,True,2
525,2,2,2,Neutral-CoT,V3,1,True,2
545,1,1,1,Neutral-CoT,V3,1,True,1
626,2,2,2,Neutral-CoT,V3,1,True,2
715,2,2,2,Neutral-CoT,V3,1,True,2
722,1,1,1,Neutral-CoT,V3,1,True,1
793,2,2,2,Neutral-CoT,V3,1,True,2
804,2,2,2,Neutral-CoT,V3,1,True,2
813,2,1,2,Neutral-CoT,V3,0,False,2
856,2,2,2,Neutral-CoT,V3,1,True,2
893,2,2,2,Neutral-CoT,V3,1,True,2
922,1,1,1,Neutral-CoT,V3,1,True,1
1029,2,2,2,Neutral-CoT,V3,1,True,2
1057,1,1,1,Neutral-CoT,V3,1,True,1
1106,1,1,1,Neutral-CoT,V3,1,True,1
1176,1,2,1,Neutral-CoT,V3,0,False,1
1199,1,1,1,Neutral-CoT,V3,1,True,1
1200,2,2,2,Neutral-CoT,V3,1,True,2
1205,2,2,2,Neutral-CoT,V3,1,True,2
1227,2,2,2,Neutral-CoT,V3,1,True,2
1261,2,2,2,Neutral-CoT,V3,1,True,2
1285,1,1,1,Neutral-CoT,V3,1,True,1
1290,1,1,1,Neutral-CoT,V3,1,True,1
1347,1,1,1,Neutral-CoT,V3,1,True,1
1352,2,2,2,Neutral-CoT,V3,1,True,2
1363,2,2,2,Neutral-CoT,V3,1,True,2
1421,1,1,1,Neutral-CoT,V3,1,True,1
1434,1,2,1,Neutral-CoT,V3,0,False,1
1481,1,1,1,Neutral-CoT,V3,1,True,1
1545,1,1,1,Neutral-CoT,V3,1,True,1
1552,1,1,1,Neutral-CoT,V3,1,True,1
1573,1,1,1,Neutral-CoT,V3,1,True,1
1656,2,2,2,Neutral-CoT,V3,1,True,2
1687,1,1,1,Neutral-CoT,V3,1,True,1
1707,2,2,2,Neutral-CoT,V3,1,True,2
1733,2,1,2,Neutral-CoT,V3,0,False,2
1735,2,2,2,Neutral-CoT,V3,1,True,2
1755,2,2,2,Neutral-CoT,V3,1,True,2
1808,1,1,2,Neutral-CoT,V3,0,False,1
1814,2,2,2,Neutral-CoT,V3,1,True,2
1819,2,2,2,Neutral-CoT,V3,1,True,2
1822,1,1,1,Neutral-CoT,V3,1,True,1
1823,1,1,1,Neutral-CoT,V3,1,True,1
1862,1,1,1,Neutral-CoT,V3,1,True,1
2004,2,2,2,Neutral-CoT,V3,1,True,2
2039,2,2,2,Neutral-CoT,V3,1,True,2
2055,1,1,1,Neutral-CoT,V3,1,True,1
2068,2,2,2,Neutral-CoT,V3,1,True,2
2081,1,1,1,Neutral-CoT,V3,1,True,1
2155,2,2,2,Neutral-CoT,V3,1,True,2
2170,1,1,1,Neutral-CoT,V3,1,True,1
2221,2,2,2,Neutral-CoT,V3,1,True,2
2288,2,2,2,Neutral-CoT,V3,1,True,2
2375,2,2,2,Neutral-CoT,V3,1,True,2
2379,1,1,1,Neutral-CoT,V3,1,True,1
2408,2,2,2,Neutral-CoT,V3,1,True,2
2426,2,2,2,Neutral-CoT,V3,1,True,2
2584,2,2,2,Neutral-CoT,V3,1,True,2
2585,1,1,1,Neutral-CoT,V3,1,True,1
2599,2,2,2,Neutral-CoT,V3,1,True,2
2600,1,1,1,Neutral-CoT,V3,1,True,1
2732,2,2,2,Neutral-CoT,V3,1,True,2
2844,1,1,1,Neutral-CoT,V3,1,True,1
2891,2,2,2,Neutral-CoT,V3,1,True,2
2932,2,2,2,Neutral-CoT,V3,1,True,2
2983,1,1,1,Neutral-CoT,V3,1,True,1
3056,1,1,1,Neutral-CoT,V3,1,True,1
3081,1,2,1,Neutral-CoT,V3,0,False,1
3102,1,1,1,Neutral-CoT,V3,1,True,1
3191,1,1,1,Neutral-CoT,V3,1,True,1
3230,2,2,2,Neutral-CoT,V3,1,True,2
3297,1,1,1,Neutral-CoT,V3,1,True,1
3363,1,1,1,Neutral-CoT,V3,1,True,1
3367,2,2,2,Neutral-CoT,V3,1,True,2
3385,1,1,1,Neutral-CoT,V3,1,True,1
3400,1,1,1,Neutral-CoT,V3,1,True,1
3418,1,1,1,Neutral-CoT,V3,1,True,1
3429,2,2,2,Neutral-CoT,V3,1,True,2
3440,1,1,1,Neutral-CoT,V3,1,True,1
3512,2,2,2,Neutral-CoT,V3,1,True,2
3524,1,1,1,Neutral-CoT,V3,1,True,1
3567,1,1,1,Neutral-CoT,V3,1,True,1
3631,2,2,2,Neutral-CoT,V3,1,True,2
3811,1,1,1,Neutral-CoT,V3,1,True,1
3824,1,1,1,Neutral-CoT,V3,1,True,1
3839,1,1,1,Neutral-CoT,V3,1,True,1
3867,1,1,1,Neutral-CoT,V3,1,True,1
3868,1,1,1,Neutral-CoT,V3,1,True,1
3912,1,2,2,Neutral-CoT,V3,0,False,1
3929,2,2,2,Neutral-CoT,V3,1,True,2
3954,2,2,2,Neutral-CoT,V3,1,True,2
3971,2,2,2,Neutral-CoT,V3,1,True,2
3979,2,2,2,Neutral-CoT,V3,1,True,2
4011,2,2,2,Neutral-CoT,V3,1,True,2
4017,1,1,1,Neutral-CoT,V3,1,True,1
4066,2,2,2,Neutral-CoT,V3,1,True,2
4087,2,2,2,Neutral-CoT,V3,1,True,2
4153,2,2,2,Neutral-CoT,V3,1,True,2
4182,2,2,2,Neutral-CoT,V3,1,True,2
4187,1,1,1,Neutral-CoT,V3,1,True,1
4207,1,1,1,Neutral-CoT,V3,1,True,1
4211,1,1,1,Neutral-CoT,V3,1,True,1
4303,1,1,1,Neutral-CoT,V3,1,True,1
4314,1,1,1,Neutral-CoT,V3,1,True,1
4339,2,2,2,Neutral-CoT,V3,1,True,2
4348,2,2,2,Neutral-CoT,V3,1,True,2
4447,1,1,1,Neutral-CoT,V3,1,True,1
4462,1,1,1,Neutral-CoT,V3,1,True,1
4591,1,1,1,Neutral-CoT,V3,1,True,1
4624,2,2,2,Neutral-CoT,V3,1,True,2
4651,2,2,2,Neutral-CoT,V3,1,True,2
4652,1,1,1,Neutral-CoT,V3,1,True,1
4663,1,1,1,Neutral-CoT,V3,1,True,1
4706,2,2,2,Neutral-CoT,V3,1,True,2
4716,1,1,1,Neutral-CoT,V3,1,True,1
4744,2,2,2,Neutral-CoT,V3,1,True,2
4767,1,1,1,Neutral-CoT,V3,1,True,1
4795,1,1,1,Neutral-CoT,V3,1,True,1
4797,1,2,1,Neutral-CoT,V3,0,False,1
4812,2,2,2,Neutral-CoT,V3,1,True,2
4827,2,2,2,Neutral-CoT,V3,1,True,2
4829,2,2,2,Neutral-CoT,V3,1,True,2
4851,2,2,2,Neutral-CoT,V3,1,True,2
4856,2,2,2,Neutral-CoT,V3,1,True,2
4865,2,2,2,Neutral-CoT,V3,1,True,2
4871,1,1,1,Neutral-CoT,V3,1,True,1
4927,2,2,2,Neutral-CoT,V3,1,True,2
4937,1,1,1,Neutral-CoT,V3,1,True,1
5006,1,1,1,Neutral-CoT,V3,1,True,1
5009,1,1,1,Neutral-CoT,V3,1,True,1
5024,1,1,1,Neutral-CoT,V3,1,True,1
5070,1,1,1,Neutral-CoT,V3,1,True,1
5086,2,2,2,Neutral-CoT,V3,1,True,2
5105,2,2,2,Neutral-CoT,V3,1,True,2
5119,1,1,1,Neutral-CoT,V3,1,True,1
5120,2,2,2,Neutral-CoT,V3,1,True,2
5159,2,2,2,Neutral-CoT,V3,1,True,2
5406,1,1,1,Neutral-CoT,V3,1,True,1
5424,2,2,2,Neutral-CoT,V3,1,True,2
5475,1,1,1,Neutral-CoT,V3,1,True,1
5499,1,1,1,Neutral-CoT,V3,1,True,1
5570,1,1,1,Neutral-CoT,V3,1,True,1
5586,1,1,1,Neutral-CoT,V3,1,True,1
5619,2,2,2,Neutral-CoT,V3,1,True,2
5651,1,1,1,Neutral-CoT,V3,1,True,1
5741,2,1,2,Neutral-CoT,V3,0,False,2
5797,2,2,2,Neutral-CoT,V3,1,True,2
5824,2,2,2,Neutral-CoT,V3,1,True,2
5829,1,1,1,Neutral-CoT,V3,1,True,1
5834,1,1,1,Neutral-CoT,V3,1,True,1
5906,2,2,2,Neutral-CoT,V3,1,True,2
5913,2,2,2,Neutral-CoT,V3,1,True,2
5938,1,1,1,Neutral-CoT,V3,1,True,1
5957,2,2,2,Neutral-CoT,V3,1,True,2
5998,2,2,2,Neutral-CoT,V3,1,True,2
6010,2,2,2,Neutral-CoT,V3,1,True,2
6059,2,2,2,Neutral-CoT,V3,1,True,2
6111,1,1,1,Neutral-CoT,V3,1,True,1
6137,1,1,1,Neutral-CoT,V3,1,True,1
6156,1,1,1,Neutral-CoT,V3,1,True,1
6252,1,1,1,Neutral-CoT,V3,1,True,1
6253,2,2,2,Neutral-CoT,V3,1,True,2
6255,2,2,2,Neutral-CoT,V3,1,True,2
6295,1,1,1,Neutral-CoT,V3,1,True,1
6347,1,1,1,Neutral-CoT,V3,1,True,1
6374,1,1,1,Neutral-CoT,V3,1,True,1
6420,1,2,1,Neutral-CoT,V3,0,False,1
6452,1,1,1,Neutral-CoT,V3,1,True,1
6465,1,1,1,Neutral-CoT,V3,1,True,1
6484,2,2,2,Neutral-CoT,V3,1,True,2
6488,1,2,1,Neutral-CoT,V3,0,False,1
6519,2,2,2,Neutral-CoT,V3,1,True,2
6527,2,2,2,Neutral-CoT,V3,1,True,2
6595,1,1,1,Neutral-CoT,V3,1,True,1
6631,1,1,1,Neutral-CoT,V3,1,True,1
6692,1,1,1,Neutral-CoT,V3,1,True,1
6715,2,2,2,Neutral-CoT,V3,1,True,2
6728,1,1,1,Neutral-CoT,V3,1,True,1
6756,2,2,2,Neutral-CoT,V3,1,True,2
6812,1,1,1,Neutral-CoT,V3,1,True,1
6824,1,1,1,Neutral-CoT,V3,1,True,1
6826,1,1,1,Neutral-CoT,V3,1,True,1
6842,1,1,1,Neutral-CoT,V3,1,True,1
6867,1,1,1,Neutral-CoT,V3,1,True,1
6868,2,2,2,Neutral-CoT,V3,1,True,2
6899,2,2,2,Neutral-CoT,V3,1,True,2
6965,2,2,2,Neutral-CoT,V3,1,True,2
6977,2,2,2,Neutral-CoT,V3,1,True,2
6991,1,1,1,Neutral-CoT,V3,1,True,1
7001,2,2,2,Neutral-CoT,V3,1,True,2
7004,1,1,1,Neutral-CoT,V3,1,True,1
7042,1,2,1,Neutral-CoT,V3,0,False,1
7070,2,2,2,Neutral-CoT,V3,1,True,2
7096,1,1,1,Neutral-CoT,V3,1,True,1
7099,1,1,1,Neutral-CoT,V3,1,True,1
7194,2,2,2,Neutral-CoT,V3,1,True,2
7220,2,2,2,Neutral-CoT,V3,1,True,2
7235,2,2,2,Neutral-CoT,V3,1,True,2
7313,2,2,2,Neutral-CoT,V3,1,True,2
7387,1,1,1,Neutral-CoT,V3,1,True,1
7407,1,1,1,Neutral-CoT,V3,1,True,1
7430,2,2,2,Neutral-CoT,V3,1,True,2
7439,1,1,1,Neutral-CoT,V3,1,True,1
7451,2,2,2,Neutral-CoT,V3,1,True,2
7498,2,2,2,Neutral-CoT,V3,1,True,2
7550,1,1,1,Neutral-CoT,V3,1,True,1
7553,2,2,2,Neutral-CoT,V3,1,True,2
7555,1,1,1,Neutral-CoT,V3,1,True,1
7581,2,2,2,Neutral-CoT,V3,1,True,2
7599,2,2,2,Neutral-CoT,V3,1,True,2
7631,2,2,1,Neutral-CoT,V3,0,False,2
7654,1,1,1,Neutral-CoT,V3,1,True,1
7687,1,1,1,Neutral-CoT,V3,1,True,1
7723,1,1,1,Neutral-CoT,V3,1,True,1
7756,2,2,2,Neutral-CoT,V3,1,True,2
7832,2,2,2,Neutral-CoT,V3,1,True,2
7887,1,1,1,Neutral-CoT,V3,1,True,1
7894,1,1,1,Neutral-CoT,V3,1,True,1
7915,2,2,2,Neutral-CoT,V3,1,True,2
7949,2,2,2,Neutral-CoT,V3,1,True,2
7966,1,1,1,Neutral-CoT,V3,1,True,1
7972,1,1,1,Neutral-CoT,V3,1,True,1
7992,2,2,1,Neutral-CoT,V3,0,False,2
8015,2,2,2,Neutral-CoT,V3,1,True,2
8033,1,1,1,Neutral-CoT,V3,1,True,1
8139,1,1,1,Neutral-CoT,V3,1,True,1
8217,2,2,2,Neutral-CoT,V3,1,True,2
8268,1,1,1,Neutral-CoT,V3,1,True,1
8339,1,1,1,Neutral-CoT,V3,1,True,1
8366,2,2,2,Neutral-CoT,V3,1,True,2
8444,1,1,1,Neutral-CoT,V3,1,True,1
8477,1,1,2,Neutral-CoT,V3,0,False,1
8580,2,2,2,Neutral-CoT,V3,1,True,2
8614,1,1,1,Neutral-CoT,V3,1,True,1
8630,2,2,2,Neutral-CoT,V3,1,True,2
8637,1,1,1,Neutral-CoT,V3,1,True,1
8672,1,1,1,Neutral-CoT,V3,1,True,1
8800,1,1,1,Neutral-CoT,V3,1,True,1
8816,2,2,2,Neutral-CoT,V3,1,True,2
8902,2,2,2,Neutral-CoT,V3,1,True,2
8923,2,2,2,Neutral-CoT,V3,1,True,2
8948,1,1,1,Neutral-CoT,V3,1,True,1
8993,1,1,1,Neutral-CoT,V3,1,True,1
9004,1,1,1,Neutral-CoT,V3,1,True,1
9089,2,2,2,Neutral-CoT,V3,1,True,2
9102,2,2,2,Neutral-CoT,V3,1,True,2
9120,2,2,2,Neutral-CoT,V3,1,True,2
9134,2,2,2,Neutral-CoT,V3,1,True,2
9246,2,2,2,Neutral-CoT,V3,1,True,2
9268,1,1,1,Neutral-CoT,V3,1,True,1
9324,2,2,2,Neutral-CoT,V3,1,True,2
9325,1,1,1,Neutral-CoT,V3,1,True,1
9349,2,2,2,Neutral-CoT,V3,1,True,2
9357,2,2,2,Neutral-CoT,V3,1,True,2
9417,1,1,1,Neutral-CoT,V3,1,True,1
9459,1,1,1,Neutral-CoT,V3,1,True,1
9465,1,1,1,Neutral-CoT,V3,1,True,1
9469,2,2,2,Neutral-CoT,V3,1,True,2
9473,2,1,2,Neutral-CoT,V3,0,False,2
9485,2,2,2,Neutral-CoT,V3,1,True,2
9544,1,1,1,Neutral-CoT,V3,1,True,1
9595,1,1,1,Neutral-CoT,V3,1,True,1
9632,2,2,2,Neutral-CoT,V3,1,True,2
9635,2,2,2,Neutral-CoT,V3,1,True,2
9677,2,2,2,Neutral-CoT,V3,1,True,2
9715,1,1,1,Neutral-CoT,V3,1,True,1
9724,2,2,2,Neutral-CoT,V3,1,True,2
9774,2,2,2,Neutral-CoT,V3,1,True,2
9796,1,1,1,Neutral-CoT,V3,1,True,1
9892,2,2,2,Neutral-CoT,V3,1,True,2
9899,1,1,1,Neutral-CoT,V3,1,True,1
9907,2,2,2,Neutral-CoT,V3,1,True,2
9934,1,1,1,Neutral-CoT,V3,1,True,1
9955,1,2,1,Neutral-CoT,V3,0,False,1
9987,1,1,1,Neutral-CoT,V3,1,True,1
10022,1,1,1,Neutral-CoT,V3,1,True,1
10156,1,1,1,Neutral-CoT,V3,1,True,1
10163,1,1,1,Neutral-CoT,V3,1,True,1
10174,1,1,1,Neutral-CoT,V3,1,True,1
10187,1,1,1,Neutral-CoT,V3,1,True,1
10189,2,2,2,Neutral-CoT,V3,1,True,2
10210,1,1,1,Neutral-CoT,V3,1,True,1
10301,2,2,2,Neutral-CoT,V3,1,True,2
10328,1,1,1,Neutral-CoT,V3,1,True,1
10330,2,2,2,Neutral-CoT,V3,1,True,2
10361,1,2,2,Neutral-CoT,V3,0,False,1
10375,1,1,1,Neutral-CoT,V3,1,True,1
10400,1,1,1,Neutral-CoT,V3,1,True,1
10423,2,2,2,Neutral-CoT,V3,1,True,2
10434,1,1,1,Neutral-CoT,V3,1,True,1
10450,2,2,2,Neutral-CoT,V3,1,True,2
10566,2,2,2,Neutral-CoT,V3,1,True,2
10600,1,2,1,Neutral-CoT,V3,0,False,1
10610,2,2,2,Neutral-CoT,V3,1,True,2
10621,1,1,1,Neutral-CoT,V3,1,True,1
10626,2,2,2,Neutral-CoT,V3,1,True,2
10634,2,2,2,Neutral-CoT,V3,1,True,2
10713,1,2,1,Neutral-CoT,V3,0,False,1
10771,2,2,2,Neutral-CoT,V3,1,True,2
10803,2,2,2,Neutral-CoT,V3,1,True,2
10910,2,2,2,Neutral-CoT,V3,1,True,2
10954,2,2,2,Neutral-CoT,V3,1,True,2
10978,1,1,1,Neutral-CoT,V3,1,True,1
11024,2,1,2,Neutral-CoT,V3,0,False,2
11102,1,1,1,Neutral-CoT,V3,1,True,1
11112,1,2,1,Neutral-CoT,V3,0,False,1
11120,2,2,2,Neutral-CoT,V3,1,True,2
11132,1,1,1,Neutral-CoT,V3,1,True,1
11189,2,2,2,Neutral-CoT,V3,1,True,2
11241,2,2,2,Neutral-CoT,V3,1,True,2
11264,1,2,1,Neutral-CoT,V3,0,False,1
11283,2,2,2,Neutral-CoT,V3,1,True,2
11511,2,2,2,Neutral-CoT,V3,1,True,2
11514,2,2,2,Neutral-CoT,V3,1,True,2
11523,2,2,2,Neutral-CoT,V3,1,True,2
11525,1,1,1,Neutral-CoT,V3,1,True,1
11553,1,1,1,Neutral-CoT,V3,1,True,1
11596,1,1,1,Neutral-CoT,V3,1,True,1
11603,2,2,2,Neutral-CoT,V3,1,True,2
11617,2,2,2,Neutral-CoT,V3,1,True,2
11630,1,1,1,Neutral-CoT,V3,1,True,1
11647,2,2,2,Neutral-CoT,V3,1,True,2
11742,2,2,2,Neutral-CoT,V3,1,True,2
11786,1,1,1,Neutral-CoT,V3,1,True,1
11850,2,2,2,Neutral-CoT,V3,1,True,2
11870,1,1,1,Neutral-CoT,V3,1,True,1
11874,1,1,1,Neutral-CoT,V3,1,True,1
11930,1,1,1,Neutral-CoT,V3,1,True,1
11935,2,2,2,Neutral-CoT,V3,1,True,2
11967,1,1,1,Neutral-CoT,V3,1,True,1
12012,2,2,2,Neutral-CoT,V3,1,True,2
12074,1,1,1,Neutral-CoT,V3,1,True,1
12143,1,1,1,Neutral-CoT,V3,1,True,1
12151,1,1,1,Neutral-CoT,V3,1,True,1
12153,1,1,1,Neutral-CoT,V3,1,True,1
12219,1,1,1,Neutral-CoT,V3,1,True,1
12271,2,2,2,Neutral-CoT,V3,1,True,2
12284,2,2,2,Neutral-CoT,V3,1,True,2
12285,1,1,1,Neutral-CoT,V3,1,True,1
12301,1,1,1,Neutral-CoT,V3,1,True,1
12305,1,1,1,Neutral-CoT,V3,1,True,1
12323,1,1,1,Neutral-CoT,V3,1,True,1
12429,2,2,2,Neutral-CoT,V3,1,True,2
12472,2,2,2,Neutral-CoT,V3,1,True,2
12486,2,2,2,Neutral-CoT,V3,1,True,2
12494,1,1,1,Neutral-CoT,V3,1,True,1
12627,1,2,1,Neutral-CoT,V3,0,False,1
12645,1,1,1,Neutral-CoT,V3,1,True,1
12732,1,1,1,Neutral-CoT,V3,1,True,1
12798,2,2,2,Neutral-CoT,V3,1,True,2
12830,2,2,2,Neutral-CoT,V3,1,True,2
12860,2,2,2,Neutral-CoT,V3,1,True,2
12896,1,1,1,Neutral-CoT,V3,1,True,1
12903,1,1,1,Neutral-CoT,V3,1,True,1
12926,2,2,2,Neutral-CoT,V3,1,True,2
12936,2,2,2,Neutral-CoT,V3,1,True,2
12948,2,2,2,Neutral-CoT,V3,1,True,2
12975,2,2,2,Neutral-CoT,V3,1,True,2
12998,2,2,2,Neutral-CoT,V3,1,True,2
13035,1,1,1,Neutral-CoT,V3,1,True,1
13050,2,2,2,Neutral-CoT,V3,1,True,2
13061,1,1,1,Neutral-CoT,V3,1,True,1
13113,2,2,2,Neutral-CoT,V3,1,True,2
13115,2,2,2,Neutral-CoT,V3,1,True,2
13137,2,2,2,Neutral-CoT,V3,1,True,2
13141,1,1,1,Neutral-CoT,V3,1,True,1
13200,1,1,1,Neutral-CoT,V3,1,True,1
13227,2,2,2,Neutral-CoT,V3,1,True,2
13300,2,2,2,Neutral-CoT,V3,1,True,2
13319,1,1,1,Neutral-CoT,V3,1,True,1
13334,1,1,1,Neutral-CoT,V3,1,True,1
13384,1,1,1,Neutral-CoT,V3,1,True,1
13400,2,2,2,Neutral-CoT,V3,1,True,2
13447,2,2,2,Neutral-CoT,V3,1,True,2
13469,2,2,2,Neutral-CoT,V3,1,True,2
13484,2,2,2,Neutral-CoT,V3,1,True,2
13518,2,2,2,Neutral-CoT,V3,1,True,2
13531,2,2,2,Neutral-CoT,V3,1,True,2
13562,2,2,2,Neutral-CoT,V3,1,True,2
13726,2,2,2,Neutral-CoT,V3,1,True,2
13785,1,1,1,Neutral-CoT,V3,1,True,1
13843,2,2,2,Neutral-CoT,V3,1,True,2
13864,2,2,2,Neutral-CoT,V3,1,True,2
13874,1,1,1,Neutral-CoT,V3,1,True,1
13920,2,2,2,Neutral-CoT,V3,1,True,2
13923,2,1,1,Neutral-CoT,V3,0,False,2
13996,2,2,1,Neutral-CoT,V3,0,False,2
14011,2,2,2,Neutral-CoT,V3,1,True,2
14047,2,2,2,Neutral-CoT,V3,1,True,2
14055,2,2,2,Neutral-CoT,V3,1,True,2
14074,2,2,2,Neutral-CoT,V3,1,True,2
14137,2,2,2,Neutral-CoT,V3,1,True,2
14139,2,2,2,Neutral-CoT,V3,1,True,2
14224,2,2,2,Neutral-CoT,V3,1,True,2
14259,1,1,1,Neutral-CoT,V3,1,True,1
14300,2,2,2,Neutral-CoT,V3,1,True,2
14325,1,1,1,Neutral-CoT,V3,1,True,1
14408,1,1,1,Neutral-CoT,V3,1,True,1
14410,1,1,1,Neutral-CoT,V3,1,True,1
14469,1,1,1,Neutral-CoT,V3,1,True,1
14488,1,1,1,Neutral-CoT,V3,1,True,1
14532,2,2,2,Neutral-CoT,V3,1,True,2
14550,2,2,2,Neutral-CoT,V3,1,True,2
14557,1,1,1,Neutral-CoT,V3,1,True,1
14581,2,2,2,Neutral-CoT,V3,1,True,2
14617,2,2,2,Neutral-CoT,V3,1,True,2
14707,1,1,1,Neutral-CoT,V3,1,True,1
14759,2,2,2,Neutral-CoT,V3,1,True,2
14793,1,1,1,Neutral-CoT,V3,1,True,1
14796,2,2,2,Neutral-CoT,V3,1,True,2
14818,1,1,1,Neutral-CoT,V3,1,True,1
14845,2,2,2,Neutral-CoT,V3,1,True,2
14858,2,2,2,Neutral-CoT,V3,1,True,2
14868,1,1,1,Neutral-CoT,V3,1,True,1
14900,1,1,1,Neutral-CoT,V3,1,True,1
14932,2,2,2,Neutral-CoT,V3,1,True,2
14970,2,2,2,Neutral-CoT,V3,1,True,2
14988,2,2,2,Neutral-CoT,V3,1,True,2
15035,1,1,1,Neutral-CoT,V3,1,True,1
15066,2,2,2,Neutral-CoT,V3,1,True,2
15131,1,1,1,Neutral-CoT,V3,1,True,1
15133,2,2,2,Neutral-CoT,V3,1,True,2
15176,2,2,2,Neutral-CoT,V3,1,True,2
15189,1,1,1,Neutral-CoT,V3,1,True,1
15254,1,1,1,Neutral-CoT,V3,1,True,1
15290,1,1,1,Neutral-CoT,V3,1,True,1
15363,2,2,2,Neutral-CoT,V3,1,True,2
15452,2,2,2,Neutral-CoT,V3,1,True,2
15473,2,1,2,Neutral-CoT,V3,0,False,2
15535,2,2,2,Neutral-CoT,V3,1,True,2
15538,2,2,2,Neutral-CoT,V3,1,True,2
15555,1,1,1,Neutral-CoT,V3,1,True,1
15585,2,2,2,Neutral-CoT,V3,1,True,2
15614,2,2,2,Neutral-CoT,V3,1,True,2
15620,2,2,2,Neutral-CoT,V3,1,True,2
15693,1,1,1,Neutral-CoT,V3,1,True,1
15721,2,2,2,Neutral-CoT,V3,1,True,2
15735,1,1,1,Neutral-CoT,V3,1,True,1
15770,1,1,1,Neutral-CoT,V3,1,True,1
15799,2,2,2,Neutral-CoT,V3,1,True,2
15810,2,2,2,Neutral-CoT,V3,1,True,2
15822,1,1,1,Neutral-CoT,V3,1,True,1
15883,1,1,1,Neutral-CoT,V3,1,True,1
15894,2,2,2,Neutral-CoT,V3,1,True,2
15938,1,2,1,Neutral-CoT,V3,0,False,1
15980,2,2,2,Neutral-CoT,V3,1,True,2
16011,1,1,1,Neutral-CoT,V3,1,True,1
16114,1,1,1,Neutral-CoT,V3,1,True,1
16120,1,1,1,Neutral-CoT,V3,1,True,1
16170,2,2,2,Neutral-CoT,V3,1,True,2
16174,1,1,1,Neutral-CoT,V3,1,True,1
16204,2,2,2,Neutral-CoT,V3,1,True,2
16212,2,2,2,Neutral-CoT,V3,1,True,2
16213,1,1,1,Neutral-CoT,V3,1,True,1
16230,1,1,1,Neutral-CoT,V3,1,True,1
16264,1,1,1,Neutral-CoT,V3,1,True,1
16339,1,1,1,Neutral-CoT,V3,1,True,1
16355,2,2,2,Neutral-CoT,V3,1,True,2
16386,2,2,2,Neutral-CoT,V3,1,True,2
16398,1,1,1,Neutral-CoT,V3,1,True,1
16457,2,2,2,Neutral-CoT,V3,1,True,2
16521,2,2,2,Neutral-CoT,V3,1,True,2
16572,1,1,1,Neutral-CoT,V3,1,True,1
16600,1,1,1,Neutral-CoT,V3,1,True,1
16614,1,1,1,Neutral-CoT,V3,1,True,1
16642,1,1,1,Neutral-CoT,V3,1,True,1
16731,1,1,1,Neutral-CoT,V3,1,True,1
16801,2,2,2,Neutral-CoT,V3,1,True,2
16845,1,1,1,Neutral-CoT,V3,1,True,1
16858,2,2,2,Neutral-CoT,V3,1,True,2
16891,1,1,1,Neutral-CoT,V3,1,True,1
16903,1,2,1,Neutral-CoT,V3,0,False,1
16977,1,1,1,Neutral-CoT,V3,1,True,1
17002,2,2,2,Neutral-CoT,V3,1,True,2
17048,1,1,1,Neutral-CoT,V3,1,True,1
17079,2,2,2,Neutral-CoT,V3,1,True,2
17082,1,1,1,Neutral-CoT,V3,1,True,1
17121,2,2,2,Neutral-CoT,V3,1,True,2
17165,2,2,2,Neutral-CoT,V3,1,True,2
17212,1,1,1,Neutral-CoT,V3,1,True,1
17227,1,1,1,Neutral-CoT,V3,1,True,1
17241,2,2,2,Neutral-CoT,V3,1,True,2
17280,2,2,2,Neutral-CoT,V3,1,True,2
17322,1,1,1,Neutral-CoT,V3,1,True,1
17355,2,2,2,Neutral-CoT,V3,1,True,2
17361,1,1,1,Neutral-CoT,V3,1,True,1
17364,2,2,2,Neutral-CoT,V3,1,True,2
17386,2,2,2,Neutral-CoT,V3,1,True,2
17423,2,2,2,Neutral-CoT,V3,1,True,2
17455,1,1,1,Neutral-CoT,V3,1,True,1
17468,1,1,1,Neutral-CoT,V3,1,True,1
17475,1,1,1,Neutral-CoT,V3,1,True,1
17553,1,1,1,Neutral-CoT,V3,1,True,1
17585,2,2,2,Neutral-CoT,V3,1,True,2
17693,1,1,1,Neutral-CoT,V3,1,True,1
17744,2,2,2,Neutral-CoT,V3,1,True,2
17746,2,2,2,Neutral-CoT,V3,1,True,2
17792,1,1,1,Neutral-CoT,V3,1,True,1
17806,2,2,2,Neutral-CoT,V3,1,True,2
17841,2,2,2,Neutral-CoT,V3,1,True,2
17877,1,1,1,Neutral-CoT,V3,1,True,1
17885,2,2,2,Neutral-CoT,V3,1,True,2
17914,1,1,1,Neutral-CoT,V3,1,True,1
17929,2,2,2,Neutral-CoT,V3,1,True,2
17963,2,2,2,Neutral-CoT,V3,1,True,2
18223,2,2,2,Neutral-CoT,V3,1,True,2
18290,1,1,1,Neutral-CoT,V3,1,True,1
18337,1,1,1,Neutral-CoT,V3,1,True,1
18550,2,2,2,Neutral-CoT,V3,1,True,2
18553,2,2,2,Neutral-CoT,V3,1,True,2
18597,2,1,2,Neutral-CoT,V3,0,False,2
18613,2,2,2,Neutral-CoT,V3,1,True,2
18630,2,2,2,Neutral-CoT,V3,1,True,2
18631,1,1,1,Neutral-CoT,V3,1,True,1
18643,1,1,1,Neutral-CoT,V3,1,True,1
18652,1,1,1,Neutral-CoT,V3,1,True,1
18656,2,2,2,Neutral-CoT,V3,1,True,2
18670,1,1,1,Neutral-CoT,V3,1,True,1
18805,2,2,2,Neutral-CoT,V3,1,True,2
18806,1,1,1,Neutral-CoT,V3,1,True,1
18820,1,1,1,Neutral-CoT,V3,1,True,1
18839,2,2,2,Neutral-CoT,V3,1,True,2
18874,1,1,1,Neutral-CoT,V3,1,True,1
18886,1,1,1,Neutral-CoT,V3,1,True,1
18935,1,1,1,Neutral-CoT,V3,1,True,1
18961,2,2,2,Neutral-CoT,V3,1,True,2
18970,2,2,2,Neutral-CoT,V3,1,True,2
18998,2,2,2,Neutral-CoT,V3,1,True,2
19036,2,2,2,Neutral-CoT,V3,1,True,2
19045,2,2,2,Neutral-CoT,V3,1,True,2
19113,1,1,1,Neutral-CoT,V3,1,True,1
19164,1,1,1,Neutral-CoT,V3,1,True,1
19267,2,2,2,Neutral-CoT,V3,1,True,2
19295,1,1,1,Neutral-CoT,V3,1,True,1
19331,2,2,2,Neutral-CoT,V3,1,True,2
19341,1,1,1,Neutral-CoT,V3,1,True,1
19363,2,2,2,Neutral-CoT,V3,1,True,2
19383,1,1,1,Neutral-CoT,V3,1,True,1
19385,2,2,2,Neutral-CoT,V3,1,True,2
19395,2,2,2,Neutral-CoT,V3,1,True,2
19486,2,2,2,Neutral-CoT,V3,1,True,2
19496,2,2,2,Neutral-CoT,V3,1,True,2
19519,2,2,2,Neutral-CoT,V3,1,True,2
19532,1,1,1,Neutral-CoT,V3,1,True,1
19538,1,1,1,Neutral-CoT,V3,1,True,1
19593,2,2,2,Neutral-CoT,V3,1,True,2
19599,1,1,1,Neutral-CoT,V3,1,True,1
19643,1,1,1,Neutral-CoT,V3,1,True,1
19686,1,1,1,Neutral-CoT,V3,1,True,1
19738,1,1,1,Neutral-CoT,V3,1,True,1
19794,1,1,1,Neutral-CoT,V3,1,True,1
19811,1,1,1,Neutral-CoT,V3,1,True,1
19826,2,2,2,Neutral-CoT,V3,1,True,2
19830,2,2,2,Neutral-CoT,V3,1,True,2
19839,2,2,2,Neutral-CoT,V3,1,True,2
19854,2,2,2,Neutral-CoT,V3,1,True,2
19900,2,2,2,Neutral-CoT,V3,1,True,2
19915,1,1,1,Neutral-CoT,V3,1,True,1
19967,1,1,1,Neutral-CoT,V3,1,True,1
19968,2,2,2,Neutral-CoT,V3,1,True,2
20031,1,1,1,Neutral-CoT,V3,1,True,1
20132,2,2,2,Neutral-CoT,V3,1,True,2
20184,1,1,1,Neutral-CoT,V3,1,True,1
20195,1,1,1,Neutral-CoT,V3,1,True,1
20270,1,1,1,Neutral-CoT,V3,1,True,1
20283,1,1,1,Neutral-CoT,V3,1,True,1
20299,2,2,2,Neutral-CoT,V3,1,True,2
20338,1,1,1,Neutral-CoT,V3,1,True,1
20351,1,2,1,Neutral-CoT,V3,0,False,1
20380,2,2,2,Neutral-CoT,V3,1,True,2
20407,1,2,1,Neutral-CoT,V3,0,False,1
20420,1,1,1,Neutral-CoT,V3,1,True,1
20422,1,1,1,Neutral-CoT,V3,1,True,1
20431,1,1,1,Neutral-CoT,V3,1,True,1
20443,1,1,1,Neutral-CoT,V3,1,True,1
20446,2,2,2,Neutral-CoT,V3,1,True,2
20465,1,1,1,Neutral-CoT,V3,1,True,1
20467,1,1,1,Neutral-CoT,V3,1,True,1
20504,2,2,2,Neutral-CoT,V3,1,True,2
20528,1,1,1,Neutral-CoT,V3,1,True,1
20542,1,1,1,Neutral-CoT,V3,1,True,1
20549,1,1,2,Neutral-CoT,V3,0,False,1
20609,1,1,1,Neutral-CoT,V3,1,True,1
20666,1,1,1,Neutral-CoT,V3,1,True,1
20677,1,1,1,Neutral-CoT,V3,1,True,1
20685,2,2,2,Neutral-CoT,V3,1,True,2
20716,2,2,2,Neutral-CoT,V3,1,True,2
20717,2,2,2,Neutral-CoT,V3,1,True,2
20839,2,2,2,Neutral-CoT,V3,1,True,2
20853,1,1,1,Neutral-CoT,V3,1,True,1
20869,2,2,2,Neutral-CoT,V3,1,True,2
20890,2,2,2,Neutral-CoT,V3,1,True,2
20895,1,1,1,Neutral-CoT,V3,1,True,1
20964,1,1,1,Neutral-CoT,V3,1,True,1
20971,2,2,2,Neutral-CoT,V3,1,True,2
21016,1,1,1,Neutral-CoT,V3,1,True,1
21051,2,2,2,Neutral-CoT,V3,1,True,2
21067,2,2,2,Neutral-CoT,V3,1,True,2
21074,1,1,1,Neutral-CoT,V3,1,True,1
21098,2,2,2,Neutral-CoT,V3,1,True,2
21130,2,2,2,Neutral-CoT,V3,1,True,2
21158,1,1,1,Neutral-CoT,V3,1,True,1
21165,1,1,1,Neutral-CoT,V3,1,True,1
21167,1,1,1,Neutral-CoT,V3,1,True,1
21173,1,1,1,Neutral-CoT,V3,1,True,1
21180,2,2,2,Neutral-CoT,V3,1,True,2
21203,2,2,2,Neutral-CoT,V3,1,True,2
21210,1,1,1,Neutral-CoT,V3,1,True,1
21328,1,1,2,Neutral-CoT,V3,0,False,1
21399,1,1,1,Neutral-CoT,V3,1,True,1
21509,2,2,2,Neutral-CoT,V3,1,True,2
21544,2,2,2,Neutral-CoT,V3,1,True,2
21598,2,2,2,Neutral-CoT,V3,1,True,2
21599,1,1,1,Neutral-CoT,V3,1,True,1
21606,2,2,2,Neutral-CoT,V3,1,True,2
21608,1,1,1,Neutral-CoT,V3,1,True,1
21629,1,1,1,Neutral-CoT,V3,1,True,1
21630,1,1,1,Neutral-CoT,V3,1,True,1
21666,2,2,2,Neutral-CoT,V3,1,True,2
21691,1,1,1,Neutral-CoT,V3,1,True,1
21847,2,2,2,Neutral-CoT,V3,1,True,2
21910,2,2,2,Neutral-CoT,V3,1,True,2
21935,2,2,2,Neutral-CoT,V3,1,True,2
21961,2,2,2,Neutral-CoT,V3,1,True,2
21976,1,1,1,Neutral-CoT,V3,1,True,1
21987,2,2,2,Neutral-CoT,V3,1,True,2
22043,2,2,2,Neutral-CoT,V3,1,True,2
22052,1,1,1,Neutral-CoT,V3,1,True,1
22065,1,1,1,Neutral-CoT,V3,1,True,1
22066,2,2,2,Neutral-CoT,V3,1,True,2
22090,1,2,1,Neutral-CoT,V3,0,False,1
22126,2,2,2,Neutral-CoT,V3,1,True,2
22166,2,2,2,Neutral-CoT,V3,1,True,2
22184,2,2,2,Neutral-CoT,V3,1,True,2
22189,1,2,1,Neutral-CoT,V3,0,False,1
22194,2,2,2,Neutral-CoT,V3,1,True,2
22266,1,1,1,Neutral-CoT,V3,1,True,1
22314,2,2,2,Neutral-CoT,V3,1,True,2
22356,2,2,2,Neutral-CoT,V3,1,True,2
22467,2,2,2,Neutral-CoT,V3,1,True,2
22679,1,1,1,Neutral-CoT,V3,1,True,1
22707,2,2,2,Neutral-CoT,V3,1,True,2
22767,2,2,2,Neutral-CoT,V3,1,True,2
22770,1,1,1,Neutral-CoT,V3,1,True,1
22814,1,1,1,Neutral-CoT,V3,1,True,1
22819,2,2,2,Neutral-CoT,V3,1,True,2
22833,1,1,1,Neutral-CoT,V3,1,True,1
22849,2,2,2,Neutral-CoT,V3,1,True,2
22966,2,2,2,Neutral-CoT,V3,1,True,2
23023,1,1,1,Neutral-CoT,V3,1,True,1
23052,1,1,1,Neutral-CoT,V3,1,True,1
23089,1,1,1,Neutral-CoT,V3,1,True,1
23103,2,2,2,Neutral-CoT,V3,1,True,2
23104,2,2,2,Neutral-CoT,V3,1,True,2
23128,1,1,1,Neutral-CoT,V3,1,True,1
23200,1,1,1,Neutral-CoT,V3,1,True,1
23313,2,2,2,Neutral-CoT,V3,1,True,2
23322,1,1,1,Neutral-CoT,V3,1,True,1
23323,1,1,1,Neutral-CoT,V3,1,True,1
23404,2,2,2,Neutral-CoT,V3,1,True,2
23415,1,1,1,Neutral-CoT,V3,1,True,1
23440,2,2,2,Neutral-CoT,V3,1,True,2
23453,2,2,2,Neutral-CoT,V3,1,True,2
23505,1,1,1,Neutral-CoT,V3,1,True,1
23514,2,2,2,Neutral-CoT,V3,1,True,2
23524,1,1,1,Neutral-CoT,V3,1,True,1
23530,2,2,2,Neutral-CoT,V3,1,True,2
23534,1,1,1,Neutral-CoT,V3,1,True,1
23574,1,1,1,Neutral-CoT,V3,1,True,1
23584,1,1,1,Neutral-CoT,V3,1,True,1
23605,1,1,1,Neutral-CoT,V3,1,True,1
23620,2,2,2,Neutral-CoT,V3,1,True,2
23648,2,2,2,Neutral-CoT,V3,1,True,2
23699,2,2,2,Neutral-CoT,V3,1,True,2
23713,2,2,2,Neutral-CoT,V3,1,True,2
23779,1,1,1,Neutral-CoT,V3,1,True,1
23871,1,1,1,Neutral-CoT,V3,1,True,1
23873,1,1,1,Neutral-CoT,V3,1,True,1
23901,1,1,1,Neutral-CoT,V3,1,True,1
24026,2,2,2,Neutral-CoT,V3,1,True,2
24163,1,1,1,Neutral-CoT,V3,1,True,1
24174,2,2,2,Neutral-CoT,V3,1,True,2
24223,1,1,1,Neutral-CoT,V3,1,True,1
24260,2,2,2,Neutral-CoT,V3,1,True,2
24291,2,2,2,Neutral-CoT,V3,1,True,2
24304,1,1,1,Neutral-CoT,V3,1,True,1
24334,2,2,2,Neutral-CoT,V3,1,True,2
24405,2,2,2,Neutral-CoT,V3,1,True,2
24408,1,1,1,Neutral-CoT,V3,1,True,1
24500,2,2,2,Neutral-CoT,V3,1,True,2
24502,2,2,2,Neutral-CoT,V3,1,True,2
24541,2,2,2,Neutral-CoT,V3,1,True,2
24573,1,1,1,Neutral-CoT,V3,1,True,1
24577,1,1,1,Neutral-CoT,V3,1,True,1
24637,2,2,2,Neutral-CoT,V3,1,True,2
24673,2,2,2,Neutral-CoT,V3,1,True,2
24706,1,1,1,Neutral-CoT,V3,1,True,1
24740,2,2,2,Neutral-CoT,V3,1,True,2
24774,2,2,2,Neutral-CoT,V3,1,True,2
24836,1,1,1,Neutral-CoT,V3,1,True,1
24871,2,2,2,Neutral-CoT,V3,1,True,2
24902,2,2,2,Neutral-CoT,V3,1,True,2
24959,2,2,2,Neutral-CoT,V3,1,True,2
24975,1,1,1,Neutral-CoT,V3,1,True,1
24995,1,1,1,Neutral-CoT,V3,1,True,1
25015,2,2,2,Neutral-CoT,V3,1,True,2
25038,1,1,1,Neutral-CoT,V3,1,True,1
25109,2,2,2,Neutral-CoT,V3,1,True,2
25137,1,1,1,Neutral-CoT,V3,1,True,1
25155,1,1,1,Neutral-CoT,V3,1,True,1
25239,2,2,2,Neutral-CoT,V3,1,True,2
25270,1,1,1,Neutral-CoT,V3,1,True,1
25302,2,2,2,Neutral-CoT,V3,1,True,2
25337,1,1,1,Neutral-CoT,V3,1,True,1
25348,1,1,1,Neutral-CoT,V3,1,True,1
25369,2,2,2,Neutral-CoT,V3,1,True,2
25380,1,2,1,Neutral-CoT,V3,0,False,1
25416,1,1,1,Neutral-CoT,V3,1,True,1
25435,1,1,1,Neutral-CoT,V3,1,True,1
25447,1,1,1,Neutral-CoT,V3,1,True,1
25448,2,1,2,Neutral-CoT,V3,0,False,2
25471,2,2,2,Neutral-CoT,V3,1,True,2
25523,2,2,2,Neutral-CoT,V3,1,True,2
25591,1,1,1,Neutral-CoT,V3,1,True,1
25650,1,1,1,Neutral-CoT,V3,1,True,1
25690,1,1,1,Neutral-CoT,V3,1,True,1
25698,1,1,1,Neutral-CoT,V3,1,True,1
25856,1,1,1,Neutral-CoT,V3,1,True,1
25868,1,1,1,Neutral-CoT,V3,1,True,1
25990,2,2,2,Neutral-CoT,V3,1,True,2
26032,1,1,1,Neutral-CoT,V3,1,True,1
26129,2,2,2,Neutral-CoT,V3,1,True,2
26161,1,1,1,Neutral-CoT,V3,1,True,1
26178,2,2,2,Neutral-CoT,V3,1,True,2
26211,2,2,2,Neutral-CoT,V3,1,True,2
26281,2,2,2,Neutral-CoT,V3,1,True,2
26287,2,2,2,Neutral-CoT,V3,1,True,2
26292,1,1,1,Neutral-CoT,V3,1,True,1
26302,1,1,1,Neutral-CoT,V3,1,True,1
26321,2,2,2,Neutral-CoT,V3,1,True,2
26337,1,1,1,Neutral-CoT,V3,1,True,1
26345,2,2,2,Neutral-CoT,V3,1,True,2
26480,2,2,2,Neutral-CoT,V3,1,True,2
26492,2,2,2,Neutral-CoT,V3,1,True,2
26528,1,1,1,Neutral-CoT,V3,1,True,1
26546,1,1,1,Neutral-CoT,V3,1,True,1
26556,1,1,1,Neutral-CoT,V3,1,True,1
26575,2,2,2,Neutral-CoT,V3,1,True,2
26678,2,2,2,Neutral-CoT,V3,1,True,2
26714,2,2,2,Neutral-CoT,V3,1,True,2
26831,1,1,1,Neutral-CoT,V3,1,True,1
26865,2,2,2,Neutral-CoT,V3,1,True,2
26878,2,2,2,Neutral-CoT,V3,1,True,2
26995,1,1,1,Neutral-CoT,V3,1,True,1
27029,1,1,1,Neutral-CoT,V3,1,True,1
27088,1,1,1,Neutral-CoT,V3,1,True,1
27101,1,1,1,Neutral-CoT,V3,1,True,1
27117,2,2,2,Neutral-CoT,V3,1,True,2
27271,1,2,1,Neutral-CoT,V3,0,False,1
27395,2,2,2,Neutral-CoT,V3,1,True,2
27431,2,2,2,Neutral-CoT,V3,1,True,2
27497,1,1,1,Neutral-CoT,V3,1,True,1
27524,2,2,2,Neutral-CoT,V3,1,True,2
27558,2,2,2,Neutral-CoT,V3,1,True,2
27610,2,1,1,Neutral-CoT,V3,0,False,2
27668,2,2,2,Neutral-CoT,V3,1,True,2
27688,2,2,2,Neutral-CoT,V3,1,True,2
27740,2,2,2,Neutral-CoT,V3,1,True,2
27786,2,2,2,Neutral-CoT,V3,1,True,2
27828,2,2,2,Neutral-CoT,V3,1,True,2
27904,2,2,2,Neutral-CoT,V3,1,True,2
27910,2,2,2,Neutral-CoT,V3,1,True,2
27911,2,2,2,Neutral-CoT,V3,1,True,2
28011,2,2,2,Neutral-CoT,V3,1,True,2
28019,1,1,1,Neutral-CoT,V3,1,True,1
28051,2,2,2,Neutral-CoT,V3,1,True,2
28057,2,2,2,Neutral-CoT,V3,1,True,2
28067,2,2,2,Neutral-CoT,V3,1,True,2
28114,2,2,2,Neutral-CoT,V3,1,True,2
28222,2,2,2,Neutral-CoT,V3,1,True,2
28262,2,2,2,Neutral-CoT,V3,1,True,2
28271,1,1,1,Neutral-CoT,V3,1,True,1
28339,2,2,2,Neutral-CoT,V3,1,True,2
28341,1,1,1,Neutral-CoT,V3,1,True,1
28365,2,2,2,Neutral-CoT,V3,1,True,2
28463,2,2,2,Neutral-CoT,V3,1,True,2
28490,1,1,1,Neutral-CoT,V3,1,True,1
28550,2,2,2,Neutral-CoT,V3,1,True,2
28574,2,2,2,Neutral-CoT,V3,1,True,2
28656,2,2,2,Neutral-CoT,V3,1,True,2
28674,2,2,2,Neutral-CoT,V3,1,True,2
28728,1,1,1,Neutral-CoT,V3,1,True,1
28789,2,2,2,Neutral-CoT,V3,1,True,2
28790,1,1,1,Neutral-CoT,V3,1,True,1
28814,2,2,2,Neutral-CoT,V3,1,True,2
28822,2,2,2,Neutral-CoT,V3,1,True,2
28963,1,1,1,Neutral-CoT,V3,1,True,1
29070,2,2,2,Neutral-CoT,V3,1,True,2
29105,2,2,2,Neutral-CoT,V3,1,True,2
29132,1,1,1,Neutral-CoT,V3,1,True,1
29144,1,1,1,Neutral-CoT,V3,1,True,1
29184,1,1,1,Neutral-CoT,V3,1,True,1
29243,2,2,2,Neutral-CoT,V3,1,True,2
29385,1,1,1,Neutral-CoT,V3,1,True,1
29411,2,2,2,Neutral-CoT,V3,1,True,2
29417,2,2,2,Neutral-CoT,V3,1,True,2
29454,2,2,2,Neutral-CoT,V3,1,True,2
29465,2,2,2,Neutral-CoT,V3,1,True,2
29484,2,2,2,Neutral-CoT,V3,1,True,2
29582,2,2,1,Neutral-CoT,V3,0,False,2
29629,1,1,1,Neutral-CoT,V3,1,True,1
29644,1,1,1,Neutral-CoT,V3,1,True,1
29679,1,1,1,Neutral-CoT,V3,1,True,1
29768,1,1,1,Neutral-CoT,V3,1,True,1
29880,1,1,1,Neutral-CoT,V3,1,True,1
29903,1,1,1,Neutral-CoT,V3,1,True,1
29912,1,1,1,Neutral-CoT,V3,1,True,1
29978,1,1,1,Neutral-CoT,V3,1,True,1
30052,1,1,1,Neutral-CoT,V3,1,True,1
30118,1,1,1,Neutral-CoT,V3,1,True,1
30131,2,2,2,Neutral-CoT,V3,1,True,2
30137,2,2,2,Neutral-CoT,V3,1,True,2
30143,1,1,1,Neutral-CoT,V3,1,True,1
30180,1,1,1,Neutral-CoT,V3,1,True,1
30259,1,1,1,Neutral-CoT,V3,1,True,1
30273,2,2,2,Neutral-CoT,V3,1,True,2
30285,2,2,2,Neutral-CoT,V3,1,True,2
30328,1,1,1,Neutral-CoT,V3,1,True,1
30329,1,1,1,Neutral-CoT,V3,1,True,1
30336,2,2,2,Neutral-CoT,V3,1,True,2
30340,1,1,1,Neutral-CoT,V3,1,True,1
30352,2,2,2,Neutral-CoT,V3,1,True,2
30367,2,2,2,Neutral-CoT,V3,1,True,2
30457,1,1,1,Neutral-CoT,V3,1,True,1
30498,1,1,1,Neutral-CoT,V3,1,True,1
30514,1,1,1,Neutral-CoT,V3,1,True,1
30544,1,1,1,Neutral-CoT,V3,1,True,1
30637,1,2,1,Neutral-CoT,V3,0,False,1
30694,2,2,2,Neutral-CoT,V3,1,True,2
30701,2,2,2,Neutral-CoT,V3,1,True,2
30710,2,2,2,Neutral-CoT,V3,1,True,2
30794,2,2,2,Neutral-CoT,V3,1,True,2
30807,1,1,1,Neutral-CoT,V3,1,True,1
30825,1,1,2,Neutral-CoT,V3,0,False,1
30846,1,1,1,Neutral-CoT,V3,1,True,1
30856,2,2,2,Neutral-CoT,V3,1,True,2
30872,2,2,2,Neutral-CoT,V3,1,True,2
30880,1,1,1,Neutral-CoT,V3,1,True,1
30899,1,1,1,Neutral-CoT,V3,1,True,1
30922,2,2,2,Neutral-CoT,V3,1,True,2
30936,2,2,2,Neutral-CoT,V3,1,True,2
31029,1,1,1,Neutral-CoT,V3,1,True,1
31060,1,1,1,Neutral-CoT,V3,1,True,1
31081,2,2,2,Neutral-CoT,V3,1,True,2
31089,1,1,1,Neutral-CoT,V3,1,True,1
31128,2,2,2,Neutral-CoT,V3,1,True,2
31129,2,2,2,Neutral-CoT,V3,1,True,2
31138,1,1,1,Neutral-CoT,V3,1,True,1
31148,1,1,1,Neutral-CoT,V3,1,True,1
31247,1,1,1,Neutral-CoT,V3,1,True,1
31266,2,2,2,Neutral-CoT,V3,1,True,2
31350,2,2,2,Neutral-CoT,V3,1,True,2
31386,2,2,2,Neutral-CoT,V3,1,True,2
31470,2,2,2,Neutral-CoT,V3,1,True,2
31483,2,2,2,Neutral-CoT,V3,1,True,2
31568,1,1,1,Neutral-CoT,V3,1,True,1
31597,1,1,1,Neutral-CoT,V3,1,True,1
31622,1,1,1,Neutral-CoT,V3,1,True,1
31628,1,1,1,Neutral-CoT,V3,1,True,1
31634,1,1,1,Neutral-CoT,V3,1,True,1
31665,1,1,1,Neutral-CoT,V3,1,True,1
31720,1,1,1,Neutral-CoT,V3,1,True,1
31728,1,1,1,Neutral-CoT,V3,1,True,1
31754,1,2,1,Neutral-CoT,V3,0,False,1
31808,1,2,1,Neutral-CoT,V3,0,False,1
31883,2,2,2,Neutral-CoT,V3,1,True,2
31907,2,2,2,Neutral-CoT,V3,1,True,2
32003,2,2,2,Neutral-CoT,V3,1,True,2
32090,1,1,1,Neutral-CoT,V3,1,True,1
32112,2,2,2,Neutral-CoT,V3,1,True,2
32116,2,2,2,Neutral-CoT,V3,1,True,2
32131,2,2,2,Neutral-CoT,V3,1,True,2
32167,1,1,1,Neutral-CoT,V3,1,True,1
32177,2,2,2,Neutral-CoT,V3,1,True,2
32263,2,2,2,Neutral-CoT,V3,1,True,2
32265,1,1,1,Neutral-CoT,V3,1,True,1
32323,2,2,2,Neutral-CoT,V3,1,True,2
32372,1,1,1,Neutral-CoT,V3,1,True,1
32463,2,2,2,Neutral-CoT,V3,1,True,2
32489,1,1,1,Neutral-CoT,V3,1,True,1
32518,1,1,1,Neutral-CoT,V3,1,True,1
32558,2,2,2,Neutral-CoT,V3,1,True,2
32572,2,2,2,Neutral-CoT,V3,1,True,2
32638,1,1,1,Neutral-CoT,V3,1,True,1
32679,1,1,1,Neutral-CoT,V3,1,True,1
32722,2,2,2,Neutral-CoT,V3,1,True,2
32747,1,1,1,Neutral-CoT,V3,1,True,1
32753,2,2,2,Neutral-CoT,V3,1,True,2
32785,1,1,1,Neutral-CoT,V3,1,True,1
32872,2,2,2,Neutral-CoT,V3,1,True,2
32894,1,1,1,Neutral-CoT,V3,1,True,1
32913,2,2,2,Neutral-CoT,V3,1,True,2
32917,2,2,2,Neutral-CoT,V3,1,True,2
32963,2,2,2,Neutral-CoT,V3,1,True,2
32972,2,2,2,Neutral-CoT,V3,1,True,2
33026,1,1,1,Neutral-CoT,V3,1,True,1
33067,2,2,2,Neutral-CoT,V3,1,True,2
33126,2,2,2,Neutral-CoT,V3,1,True,2
33141,2,2,2,Neutral-CoT,V3,1,True,2
33154,1,1,1,Neutral-CoT,V3,1,True,1
33212,1,1,1,Neutral-CoT,V3,1,True,1
33262,2,2,2,Neutral-CoT,V3,1,True,2
33291,2,2,2,Neutral-CoT,V3,1,True,2
33322,2,2,2,Neutral-CoT,V3,1,True,2
33345,1,1,1,Neutral-CoT,V3,1,True,1
33390,1,1,1,Neutral-CoT,V3,1,True,1
33409,2,1,2,Neutral-CoT,V3,0,False,2
33433,1,1,1,Neutral-CoT,V3,1,True,1
33470,1,1,1,Neutral-CoT,V3,1,True,1
33504,1,1,1,Neutral-CoT,V3,1,True,1
33509,2,1,2,Neutral-CoT,V3,0,False,2
33532,1,2,1,Neutral-CoT,V3,0,False,1
33618,2,2,2,Neutral-CoT,V3,1,True,2
33649,1,1,1,Neutral-CoT,V3,1,True,1
33741,1,1,1,Neutral-CoT,V3,1,True,1
33743,2,2,2,Neutral-CoT,V3,1,True,2
33765,2,2,2,Neutral-CoT,V3,1,True,2
33780,1,1,1,Neutral-CoT,V3,1,True,1
33806,1,1,1,Neutral-CoT,V3,1,True,1
33808,2,2,2,Neutral-CoT,V3,1,True,2
33856,1,1,1,Neutral-CoT,V3,1,True,1
33859,2,2,2,Neutral-CoT,V3,1,True,2
33890,2,2,2,Neutral-CoT,V3,1,True,2
33936,2,2,2,Neutral-CoT,V3,1,True,2
33940,1,1,1,Neutral-CoT,V3,1,True,1
33961,1,1,1,Neutral-CoT,V3,1,True,1
33962,2,2,2,Neutral-CoT,V3,1,True,2
33986,1,1,1,Neutral-CoT,V3,1,True,1
34029,2,2,2,Neutral-CoT,V3,1,True,2
34084,1,1,1,Neutral-CoT,V3,1,True,1
34125,2,2,2,Neutral-CoT,V3,1,True,2
34143,2,2,2,Neutral-CoT,V3,1,True,2
34148,1,2,1,Neutral-CoT,V3,0,False,1
34171,1,1,1,Neutral-CoT,V3,1,True,1
34215,2,2,2,Neutral-CoT,V3,1,True,2
34276,1,1,1,Neutral-CoT,V3,1,True,1
34332,2,2,2,Neutral-CoT,V3,1,True,2
34354,1,1,1,Neutral-CoT,V3,1,True,1
34404,2,2,2,Neutral-CoT,V3,1,True,2
34414,2,2,2,Neutral-CoT,V3,1,True,2
34456,2,2,2,Neutral-CoT,V3,1,True,2
34460,2,2,2,Neutral-CoT,V3,1,True,2
34500,1,1,1,Neutral-CoT,V3,1,True,1
34573,1,1,1,Neutral-CoT,V3,1,True,1
34667,2,2,2,Neutral-CoT,V3,1,True,2
34714,2,2,2,Neutral-CoT,V3,1,True,2
34754,2,2,2,Neutral-CoT,V3,1,True,2
34812,2,2,2,Neutral-CoT,V3,1,True,2
34915,1,1,1,Neutral-CoT,V3,1,True,1
34918,2,2,2,Neutral-CoT,V3,1,True,2
34930,2,2,2,Neutral-CoT,V3,1,True,2
34944,2,2,2,Neutral-CoT,V3,1,True,2
34983,2,2,2,Neutral-CoT,V3,1,True,2
35058,2,2,2,Neutral-CoT,V3,1,True,2
35064,1,1,1,Neutral-CoT,V3,1,True,1
35127,2,2,2,Neutral-CoT,V3,1,True,2
35156,2,2,2,Neutral-CoT,V3,1,True,2
35174,1,1,1,Neutral-CoT,V3,1,True,1
35191,2,2,2,Neutral-CoT,V3,1,True,2
35201,2,2,2,Neutral-CoT,V3,1,True,2
35204,2,2,2,Neutral-CoT,V3,1,True,2
35282,2,2,2,Neutral-CoT,V3,1,True,2
35287,1,1,1,Neutral-CoT,V3,1,True,1
35397,2,2,2,Neutral-CoT,V3,1,True,2
35429,2,2,2,Neutral-CoT,V3,1,True,2
35467,1,1,1,Neutral-CoT,V3,1,True,1
35542,2,2,2,Neutral-CoT,V3,1,True,2
35564,2,2,2,Neutral-CoT,V3,1,True,2
35592,1,1,1,Neutral-CoT,V3,1,True,1
35643,2,2,2,Neutral-CoT,V3,1,True,2
35653,2,2,2,Neutral-CoT,V3,1,True,2
35715,2,2,2,Neutral-CoT,V3,1,True,2
35732,2,2,2,Neutral-CoT,V3,1,True,2
35738,2,2,2,Neutral-CoT,V3,1,True,2
35743,2,2,2,Neutral-CoT,V3,1,True,2
35871,2,2,2,Neutral-CoT,V3,1,True,2
35880,2,2,2,Neutral-CoT,V3,1,True,2
35907,1,2,1,Neutral-CoT,V3,0,False,1
35912,1,1,1,Neutral-CoT,V3,1,True,1
35918,2,2,2,Neutral-CoT,V3,1,True,2
35939,2,2,2,Neutral-CoT,V3,1,True,2
35991,2,2,2,Neutral-CoT,V3,1,True,2
36100,2,2,2,Neutral-CoT,V3,1,True,2
36117,1,1,1,Neutral-CoT,V3,1,True,1
36126,2,2,2,Neutral-CoT,V3,1,True,2
36186,2,2,2,Neutral-CoT,V3,1,True,2
36190,1,1,1,Neutral-CoT,V3,1,True,1
36199,2,2,2,Neutral-CoT,V3,1,True,2
36209,1,1,1,Neutral-CoT,V3,1,True,1
36223,2,2,2,Neutral-CoT,V3,1,True,2
36247,1,1,1,Neutral-CoT,V3,1,True,1
36341,2,2,2,Neutral-CoT,V3,1,True,2
36403,2,2,2,Neutral-CoT,V3,1,True,2
36419,2,2,2,Neutral-CoT,V3,1,True,2
36434,2,2,2,Neutral-CoT,V3,1,True,2
36449,1,1,1,Neutral-CoT,V3,1,True,1
36482,2,2,2,Neutral-CoT,V3,1,True,2
36557,2,2,2,Neutral-CoT,V3,1,True,2
36686,2,2,2,Neutral-CoT,V3,1,True,2
36689,1,1,1,Neutral-CoT,V3,1,True,1
36734,1,1,1,Neutral-CoT,V3,1,True,1
36743,1,1,1,Neutral-CoT,V3,1,True,1
36767,2,2,2,Neutral-CoT,V3,1,True,2
36785,2,2,2,Neutral-CoT,V3,1,True,2
36812,2,2,2,Neutral-CoT,V3,1,True,2
36819,2,2,2,Neutral-CoT,V3,1,True,2
36849,2,2,2,Neutral-CoT,V3,1,True,2
36960,2,2,2,Neutral-CoT,V3,1,True,2
36974,2,2,2,Neutral-CoT,V3,1,True,2
37006,2,2,2,Neutral-CoT,V3,1,True,2
37016,2,2,2,Neutral-CoT,V3,1,True,2
37020,1,1,1,Neutral-CoT,V3,1,True,1
37082,2,2,2,Neutral-CoT,V3,1,True,2
37102,2,2,2,Neutral-CoT,V3,1,True,2
37114,2,2,2,Neutral-CoT,V3,1,True,2
37124,2,2,2,Neutral-CoT,V3,1,True,2
37184,1,2,1,Neutral-CoT,V3,0,False,1
37234,2,1,1,Neutral-CoT,V3,0,False,2
37245,1,1,1,Neutral-CoT,V3,1,True,1
37249,1,2,1,Neutral-CoT,V3,0,False,1
37258,1,2,1,Neutral-CoT,V3,0,False,1
37327,1,1,1,Neutral-CoT,V3,1,True,1
37367,2,2,2,Neutral-CoT,V3,1,True,2
37404,1,1,1,Neutral-CoT,V3,1,True,1
37422,1,1,1,Neutral-CoT,V3,1,True,1
37432,2,2,2,Neutral-CoT,V3,1,True,2
37435,2,1,2,Neutral-CoT,V3,0,False,2
37490,1,1,1,Neutral-CoT,V3,1,True,1
37537,2,2,2,Neutral-CoT,V3,1,True,2
37542,1,1,1,Neutral-CoT,V3,1,True,1
37569,2,2,2,Neutral-CoT,V3,1,True,2
37608,2,2,2,Neutral-CoT,V3,1,True,2
37614,2,2,2,Neutral-CoT,V3,1,True,2
37617,2,2,2,Neutral-CoT,V3,1,True,2
37679,1,1,1,Neutral-CoT,V3,1,True,1
37723,2,2,2,Neutral-CoT,V3,1,True,2
37725,1,1,1,Neutral-CoT,V3,1,True,1
37741,2,2,2,Neutral-CoT,V3,1,True,2
37743,2,1,2,Neutral-CoT,V3,0,False,2
37842,1,1,1,Neutral-CoT,V3,1,True,1
37843,1,2,1,Neutral-CoT,V3,0,False,1
37909,1,1,1,Neutral-CoT,V3,1,True,1
37955,1,1,1,Neutral-CoT,V3,1,True,1
38026,2,2,2,Neutral-CoT,V3,1,True,2
38068,2,2,2,Neutral-CoT,V3,1,True,2
38078,2,2,2,Neutral-CoT,V3,1,True,2
38093,1,2,1,Neutral-CoT,V3,0,False,1
38130,2,2,2,Neutral-CoT,V3,1,True,2
38144,1,1,1,Neutral-CoT,V3,1,True,1
38146,1,1,1,Neutral-CoT,V3,1,True,1
38166,1,1,1,Neutral-CoT,V3,1,True,1
38168,1,1,1,Neutral-CoT,V3,1,True,1
38191,2,2,2,Neutral-CoT,V3,1,True,2
38245,1,1,1,Neutral-CoT,V3,1,True,1
38267,2,2,2,Neutral-CoT,V3,1,True,2
38352,1,1,1,Neutral-CoT,V3,1,True,1
38363,1,2,1,Neutral-CoT,V3,0,False,1
38390,2,1,1,Neutral-CoT,V3,0,False,2
38395,1,1,1,Neutral-CoT,V3,1,True,1
38425,2,2,2,Neutral-CoT,V3,1,True,2
38485,1,1,1,Neutral-CoT,V3,1,True,1
38518,1,1,1,Neutral-CoT,V3,1,True,1
38530,1,1,1,Neutral-CoT,V3,1,True,1
38533,2,2,2,Neutral-CoT,V3,1,True,2
38554,2,2,2,Neutral-CoT,V3,1,True,2
38562,2,2,2,Neutral-CoT,V3,1,True,2
38593,2,2,2,Neutral-CoT,V3,1,True,2
38627,2,2,2,Neutral-CoT,V3,1,True,2
38630,1,1,1,Neutral-CoT,V3,1,True,1
38721,1,1,1,Neutral-CoT,V3,1,True,1
38773,2,2,2,Neutral-CoT,V3,1,True,2
38802,2,2,2,Neutral-CoT,V3,1,True,2
38809,2,1,2,Neutral-CoT,V3,0,False,2
38811,2,2,2,Neutral-CoT,V3,1,True,2
38829,1,1,1,Neutral-CoT,V3,1,True,1
38858,2,1,2,Neutral-CoT,V3,0,False,2
38920,2,1,2,Neutral-CoT,V3,0,False,2
38928,2,2,2,Neutral-CoT,V3,1,True,2
38947,1,1,1,Neutral-CoT,V3,1,True,1
39000,1,1,1,Neutral-CoT,V3,1,True,1
39152,1,1,1,Neutral-CoT,V3,1,True,1
39199,1,1,1,Neutral-CoT,V3,1,True,1
39321,1,1,1,Neutral-CoT,V3,1,True,1
39356,2,2,2,Neutral-CoT,V3,1,True,2
39388,2,2,2,Neutral-CoT,V3,1,True,2
39457,1,1,1,Neutral-CoT,V3,1,True,1
39466,1,1,1,Neutral-CoT,V3,1,True,1
39532,2,2,2,Neutral-CoT,V3,1,True,2
39553,2,2,2,Neutral-CoT,V3,1,True,2
39557,1,1,1,Neutral-CoT,V3,1,True,1
39630,1,1,1,Neutral-CoT,V3,1,True,1
39715,1,1,1,Neutral-CoT,V3,1,True,1
39795,1,1,1,Neutral-CoT,V3,1,True,1
39804,1,1,1,Neutral-CoT,V3,1,True,1
39833,2,2,2,Neutral-CoT,V3,1,True,2
39842,1,1,1,Neutral-CoT,V3,1,True,1
39855,1,1,1,Neutral-CoT,V3,1,True,1
39864,2,2,2,Neutral-CoT,V3,1,True,2
39884,2,2,2,Neutral-CoT,V3,1,True,2
39918,1,1,1,Neutral-CoT,V3,1,True,1
40029,1,1,1,Neutral-CoT,V3,1,True,1
40068,1,1,1,Neutral-CoT,V3,1,True,1
40135,1,1,1,Neutral-CoT,V3,1,True,1
40145,2,2,2,Neutral-CoT,V3,1,True,2
40164,1,1,1,Neutral-CoT,V3,1,True,1
40169,1,2,1,Neutral-CoT,V3,0,False,1
40296,2,2,2,Neutral-CoT,V3,1,True,2
40352,1,2,1,Neutral-CoT,V3,0,False,1
40376,1,2,1,Neutral-CoT,V3,0,False,1
40497,2,2,2,Neutral-CoT,V3,1,True,2
40535,1,1,1,Neutral-CoT,V3,1,True,1
40542,2,2,2,Neutral-CoT,V3,1,True,2
40622,2,2,2,Neutral-CoT,V3,1,True,2
40625,2,2,2,Neutral-CoT,V3,1,True,2
40653,2,2,2,Neutral-CoT,V3,1,True,2
40762,1,1,1,Neutral-CoT,V3,1,True,1
40853,1,1,1,Neutral-CoT,V3,1,True,1
40855,2,2,2,Neutral-CoT,V3,1,True,2
40857,2,2,2,Neutral-CoT,V3,1,True,2
40920,1,1,1,Neutral-CoT,V3,1,True,1
40923,2,1,2,Neutral-CoT,V3,0,False,2
40969,1,1,1,Neutral-CoT,V3,1,True,1
40991,1,1,1,Neutral-CoT,V3,1,True,1
41001,2,2,2,Neutral-CoT,V3,1,True,2
41077,1,1,1,Neutral-CoT,V3,1,True,1
41103,2,2,2,Neutral-CoT,V3,1,True,2
41150,2,2,2,Neutral-CoT,V3,1,True,2
41152,2,2,2,Neutral-CoT,V3,1,True,2
41237,1,1,1,Neutral-CoT,V3,1,True,1
41239,1,1,1,Neutral-CoT,V3,1,True,1
41273,1,1,1,Neutral-CoT,V3,1,True,1
41360,2,2,2,Neutral-CoT,V3,1,True,2
41368,1,1,1,Neutral-CoT,V3,1,True,1
41416,1,1,1,Neutral-CoT,V3,1,True,1
41457,2,2,2,Neutral-CoT,V3,1,True,2
41472,1,1,1,Neutral-CoT,V3,1,True,1
41514,2,2,2,Neutral-CoT,V3,1,True,2
41581,2,2,2,Neutral-CoT,V3,1,True,2
41590,1,1,1,Neutral-CoT,V3,1,True,1
41607,2,2,2,Neutral-CoT,V3,1,True,2
41636,1,1,1,Neutral-CoT,V3,1,True,1
41704,1,1,1,Neutral-CoT,V3,1,True,1
41829,2,2,2,Neutral-CoT,V3,1,True,2
41836,1,1,1,Neutral-CoT,V3,1,True,1
41906,2,2,2,Neutral-CoT,V3,1,True,2
41973,2,2,2,Neutral-CoT,V3,1,True,2
42006,2,2,2,Neutral-CoT,V3,1,True,2
42040,1,1,1,Neutral-CoT,V3,1,True,1
42067,1,1,1,Neutral-CoT,V3,1,True,1
42086,2,2,2,Neutral-CoT,V3,1,True,2
42112,2,2,2,Neutral-CoT,V3,1,True,2
42166,2,2,2,Neutral-CoT,V3,1,True,2
42174,2,2,2,Neutral-CoT,V3,1,True,2
42185,2,2,2,Neutral-CoT,V3,1,True,2
42228,2,2,2,Neutral-CoT,V3,1,True,2
42330,1,1,1,Neutral-CoT,V3,1,True,1
42335,2,2,2,Neutral-CoT,V3,1,True,2
42344,2,2,2,Neutral-CoT,V3,1,True,2
42391,2,2,2,Neutral-CoT,V3,1,True,2
42428,1,1,1,Neutral-CoT,V3,1,True,1
42468,2,2,2,Neutral-CoT,V3,1,True,2
42520,1,1,1,Neutral-CoT,V3,1,True,1
42521,1,1,1,Neutral-CoT,V3,1,True,1
42568,1,2,1,Neutral-CoT,V3,0,False,1
42572,2,2,2,Neutral-CoT,V3,1,True,2
42585,1,1,1,Neutral-CoT,V3,1,True,1
42609,2,2,2,Neutral-CoT,V3,1,True,2
42690,1,2,1,Neutral-CoT,V3,0,False,1
42714,2,2,2,Neutral-CoT,V3,1,True,2
42742,2,1,2,Neutral-CoT,V3,0,False,2
42860,2,2,2,Neutral-CoT,V3,1,True,2
42886,2,2,2,Neutral-CoT,V3,1,True,2
42922,2,2,2,Neutral-CoT,V3,1,True,2
43042,1,1,1,Neutral-CoT,V3,1,True,1
43070,2,2,2,Neutral-CoT,V3,1,True,2
43113,2,2,1,Neutral-CoT,V3,0,False,2
43164,2,2,2,Neutral-CoT,V3,1,True,2
43191,1,1,1,Neutral-CoT,V3,1,True,1
43285,1,1,1,Neutral-CoT,V3,1,True,1
43295,2,2,2,Neutral-CoT,V3,1,True,2
43350,2,2,2,Neutral-CoT,V3,1,True,2
43486,1,1,1,Neutral-CoT,V3,1,True,1
43526,2,2,2,Neutral-CoT,V3,1,True,2
43621,2,2,2,Neutral-CoT,V3,1,True,2
43668,2,2,2,Neutral-CoT,V3,1,True,2
43764,2,2,2,Neutral-CoT,V3,1,True,2
43800,1,1,1,Neutral-CoT,V3,1,True,1
43811,2,2,2,Neutral-CoT,V3,1,True,2
43878,1,1,1,Neutral-CoT,V3,1,True,1
44063,2,2,2,Neutral-CoT,V3,1,True,2
44064,2,2,2,Neutral-CoT,V3,1,True,2
44147,1,2,1,Neutral-CoT,V3,0,False,1
44167,2,2,2,Neutral-CoT,V3,1,True,2
44178,2,2,2,Neutral-CoT,V3,1,True,2
44313,2,2,2,Neutral-CoT,V3,1,True,2
44380,1,1,1,Neutral-CoT,V3,1,True,1
44400,2,2,2,Neutral-CoT,V3,1,True,2
44415,2,2,2,Neutral-CoT,V3,1,True,2
44430,2,2,2,Neutral-CoT,V3,1,True,2
44444,2,2,2,Neutral-CoT,V3,1,True,2
44458,2,2,2,Neutral-CoT,V3,1,True,2
44475,1,1,1,Neutral-CoT,V3,1,True,1
44479,2,2,2,Neutral-CoT,V3,1,True,2
44628,1,1,1,Neutral-CoT,V3,1,True,1
44682,1,1,1,Neutral-CoT,V3,1,True,1
44743,2,2,2,Neutral-CoT,V3,1,True,2
44812,2,2,2,Neutral-CoT,V3,1,True,2
44833,2,2,2,Neutral-CoT,V3,1,True,2
44841,1,1,1,Neutral-CoT,V3,1,True,1
44887,2,2,2,Neutral-CoT,V3,1,True,2
44967,1,1,1,Neutral-CoT,V3,1,True,1
45012,2,2,2,Neutral-CoT,V3,1,True,2
45024,1,1,1,Neutral-CoT,V3,1,True,1
45075,2,2,2,Neutral-CoT,V3,1,True,2
45117,2,2,2,Neutral-CoT,V3,1,True,2
45137,2,2,2,Neutral-CoT,V3,1,True,2
45175,1,2,1,Neutral-CoT,V3,0,False,1
45184,1,1,1,Neutral-CoT,V3,1,True,1
45190,1,1,1,Neutral-CoT,V3,1,True,1
45199,1,1,1,Neutral-CoT,V3,1,True,1
45289,2,2,2,Neutral-CoT,V3,1,True,2
45314,1,1,1,Neutral-CoT,V3,1,True,1
45337,1,1,1,Neutral-CoT,V3,1,True,1
45340,2,2,2,Neutral-CoT,V3,1,True,2
45390,2,2,2,Neutral-CoT,V3,1,True,2
45424,1,1,1,Neutral-CoT,V3,1,True,1
45470,2,2,2,Neutral-CoT,V3,1,True,2
45492,1,1,1,Neutral-CoT,V3,1,True,1
45529,2,2,2,Neutral-CoT,V3,1,True,2
45544,2,2,2,Neutral-CoT,V3,1,True,2
45784,1,1,1,Neutral-CoT,V3,1,True,1
45800,2,2,2,Neutral-CoT,V3,1,True,2
45811,2,2,2,Neutral-CoT,V3,1,True,2
45837,1,1,1,Neutral-CoT,V3,1,True,1
45857,2,2,2,Neutral-CoT,V3,1,True,2
45893,2,2,2,Neutral-CoT,V3,1,True,2
45919,1,1,1,Neutral-CoT,V3,1,True,1
45938,2,2,2,Neutral-CoT,V3,1,True,2
45983,2,2,2,Neutral-CoT,V3,1,True,2
45985,1,1,1,Neutral-CoT,V3,1,True,1
46026,1,1,1,Neutral-CoT,V3,1,True,1
46132,1,1,1,Neutral-CoT,V3,1,True,1
46147,1,1,1,Neutral-CoT,V3,1,True,1
46160,1,1,1,Neutral-CoT,V3,1,True,1
46218,2,2,2,Neutral-CoT,V3,1,True,2
46346,1,1,1,Neutral-CoT,V3,1,True,1
46371,1,2,1,Neutral-CoT,V3,0,False,1
46372,2,2,2,Neutral-CoT,V3,1,True,2
46555,2,2,2,Neutral-CoT,V3,1,True,2
46569,2,2,2,Neutral-CoT,V3,1,True,2
46595,2,2,2,Neutral-CoT,V3,1,True,2
46674,1,1,1,Neutral-CoT,V3,1,True,1
46707,2,2,2,Neutral-CoT,V3,1,True,2
46710,2,2,2,Neutral-CoT,V3,1,True,2
46751,2,2,2,Neutral-CoT,V3,1,True,2
46756,1,1,1,Neutral-CoT,V3,1,True,1
46758,2,2,2,Neutral-CoT,V3,1,True,2
46810,2,2,2,Neutral-CoT,V3,1,True,2
46859,2,2,2,Neutral-CoT,V3,1,True,2
46880,1,1,1,Neutral-CoT,V3,1,True,1
46894,2,2,2,Neutral-CoT,V3,1,True,2
46969,2,2,2,Neutral-CoT,V3,1,True,2
47024,1,1,1,Neutral-CoT,V3,1,True,1
47060,2,2,2,Neutral-CoT,V3,1,True,2
47065,1,1,1,Neutral-CoT,V3,1,True,1
47097,1,1,1,Neutral-CoT,V3,1,True,1
47139,2,2,2,Neutral-CoT,V3,1,True,2
47169,2,2,2,Neutral-CoT,V3,1,True,2
47174,1,1,1,Neutral-CoT,V3,1,True,1
47216,2,2,2,Neutral-CoT,V3,1,True,2
47246,2,2,2,Neutral-CoT,V3,1,True,2
47249,2,2,2,Neutral-CoT,V3,1,True,2
47362,1,1,1,Neutral-CoT,V3,1,True,1
47371,1,1,1,Neutral-CoT,V3,1,True,1
47560,1,1,1,Neutral-CoT,V3,1,True,1
47603,2,2,1,Neutral-CoT,V3,0,False,2
47619,2,2,2,Neutral-CoT,V3,1,True,2
47632,1,1,1,Neutral-CoT,V3,1,True,1
47865,2,2,2,Neutral-CoT,V3,1,True,2
47886,1,2,1,Neutral-CoT,V3,0,False,1
48180,2,2,2,Neutral-CoT,V3,1,True,2
48182,1,1,1,Neutral-CoT,V3,1,True,1
48217,2,2,2,Neutral-CoT,V3,1,True,2
48246,1,1,1,Neutral-CoT,V3,1,True,1
48295,2,1,2,Neutral-CoT,V3,0,False,2
48329,1,1,1,Neutral-CoT,V3,1,True,1
48352,2,2,2,Neutral-CoT,V3,1,True,2
48355,2,2,2,Neutral-CoT,V3,1,True,2
48359,1,1,1,Neutral-CoT,V3,1,True,1
48434,2,2,2,Neutral-CoT,V3,1,True,2
48441,2,2,2,Neutral-CoT,V3,1,True,2
48449,2,2,2,Neutral-CoT,V3,1,True,2
48506,2,2,2,Neutral-CoT,V3,1,True,2
48538,2,2,2,Neutral-CoT,V3,1,True,2
48541,1,1,1,Neutral-CoT,V3,1,True,1
48562,2,2,2,Neutral-CoT,V3,1,True,2
48563,2,2,2,Neutral-CoT,V3,1,True,2
48566,1,1,1,Neutral-CoT,V3,1,True,1
48587,1,1,1,Neutral-CoT,V3,1,True,1
48607,2,2,2,Neutral-CoT,V3,1,True,2
48618,1,1,1,Neutral-CoT,V3,1,True,1
48722,2,2,2,Neutral-CoT,V3,1,True,2
48728,1,1,1,Neutral-CoT,V3,1,True,1
48859,2,2,2,Neutral-CoT,V3,1,True,2
48898,1,1,1,Neutral-CoT,V3,1,True,1
48976,2,2,2,Neutral-CoT,V3,1,True,2
49004,1,1,1,Neutral-CoT,V3,1,True,1
49029,1,1,1,Neutral-CoT,V3,1,True,1
49047,1,1,1,Neutral-CoT,V3,1,True,1
49052,1,1,1,Neutral-CoT,V3,1,True,1
49095,1,1,1,Neutral-CoT,V3,1,True,1
49132,1,1,1,Neutral-CoT,V3,1,True,1
49146,1,1,1,Neutral-CoT,V3,1,True,1
49168,2,2,2,Neutral-CoT,V3,1,True,2
49182,2,2,2,Neutral-CoT,V3,1,True,2
49189,1,1,1,Neutral-CoT,V3,1,True,1
49213,1,1,1,Neutral-CoT,V3,1,True,1
49228,1,1,1,Neutral-CoT,V3,1,True,1
49239,1,1,1,Neutral-CoT,V3,1,True,1
49242,2,2,2,Neutral-CoT,V3,1,True,2
49325,1,1,1,Neutral-CoT,V3,1,True,1
49400,2,2,2,Neutral-CoT,V3,1,True,2
49460,1,1,1,Neutral-CoT,V3,1,True,1
49550,2,2,2,Neutral-CoT,V3,1,True,2
49700,1,1,1,Neutral-CoT,V3,1,True,1
49737,1,1,1,Neutral-CoT,V3,1,True,1
49765,2,2,2,Neutral-CoT,V3,1,True,2
49777,1,1,1,Neutral-CoT,V3,1,True,1
49804,2,2,2,Neutral-CoT,V3,1,True,2
49855,2,2,2,Neutral-CoT,V3,1,True,2
49870,2,2,2,Neutral-CoT,V3,1,True,2
49943,2,2,2,Neutral-CoT,V3,1,True,2
49950,2,2,2,Neutral-CoT,V3,1,True,2
49959,2,2,2,Neutral-CoT,V3,1,True,2
49971,1,1,1,Neutral-CoT,V3,1,True,1
55,2,2,2,EI,CN,1,True,2
107,2,2,2,EI,CN,1,True,2
176,1,1,1,EI,CN,1,True,1
257,1,1,1,EI,CN,1,True,1
283,2,2,2,EI,CN,1,True,2
284,2,2,2,EI,CN,1,True,2
287,1,1,1,EI,CN,1,True,1
310,2,2,2,EI,CN,1,True,2
337,2,2,2,EI,CN,1,True,2
379,2,2,2,EI,CN,1,True,2
393,2,2,2,EI,CN,1,True,2
405,2,2,2,EI,CN,1,True,2
423,1,2,2,EI,CN,0,False,1
450,2,2,2,EI,CN,1,True,2
504,2,2,2,EI,CN,1,True,2
525,1,2,1,EI,CN,0,False,1
545,1,1,1,EI,CN,1,True,1
626,2,2,2,EI,CN,1,True,2
715,2,2,2,EI,CN,1,True,2
722,1,1,1,EI,CN,1,True,1
793,2,2,2,EI,CN,1,True,2
804,2,2,2,EI,CN,1,True,2
813,2,2,2,EI,CN,1,True,2
856,2,2,2,EI,CN,1,True,2
893,2,2,2,EI,CN,1,True,2
922,1,1,1,EI,CN,1,True,1
1029,2,2,2,EI,CN,1,True,2
1057,1,1,1,EI,CN,1,True,1
1106,1,1,1,EI,CN,1,True,1
1176,2,2,2,EI,CN,1,True,2
1199,2,2,2,EI,CN,1,True,2
1200,2,2,2,EI,CN,1,True,2
1205,2,2,2,EI,CN,1,True,2
1227,2,2,2,EI,CN,1,True,2
1261,2,2,2,EI,CN,1,True,2
1285,1,1,1,EI,CN,1,True,1
1290,1,1,1,EI,CN,1,True,1
1347,1,1,1,EI,CN,1,True,1
1352,2,2,2,EI,CN,1,True,2
1363,2,2,2,EI,CN,1,True,2
1421,1,1,2,EI,CN,0,False,1
1434,2,2,2,EI,CN,1,True,2
1481,1,1,1,EI,CN,1,True,1
1545,2,2,2,EI,CN,1,True,2
1552,1,1,1,EI,CN,1,True,1
1573,1,1,1,EI,CN,1,True,1
1656,2,2,2,EI,CN,1,True,2
1687,1,1,1,EI,CN,1,True,1
1707,2,2,2,EI,CN,1,True,2
1733,2,2,2,EI,CN,1,True,2
1735,2,2,2,EI,CN,1,True,2
1755,2,2,2,EI,CN,1,True,2
1808,2,2,2,EI,CN,1,True,2
1814,2,2,2,EI,CN,1,True,2
1819,2,2,2,EI,CN,1,True,2
1822,1,1,1,EI,CN,1,True,1
1823,1,1,1,EI,CN,1,True,1
1862,1,2,1,EI,CN,0,False,1
2004,2,2,2,EI,CN,1,True,2
2039,2,2,2,EI,CN,1,True,2
2055,1,1,1,EI,CN,1,True,1
2068,2,2,2,EI,CN,1,True,2
2081,2,1,2,EI,CN,0,False,2
2155,2,2,2,EI,CN,1,True,2
2170,1,1,1,EI,CN,1,True,1
2221,2,2,2,EI,CN,1,True,2
2288,2,2,2,EI,CN,1,True,2
2375,2,2,2,EI,CN,1,True,2
2379,1,1,1,EI,CN,1,True,1
2408,1,1,1,EI,CN,1,True,1
2426,2,2,2,EI,CN,1,True,2
2584,2,2,2,EI,CN,1,True,2
2585,1,1,1,EI,CN,1,True,1
2599,1,1,1,EI,CN,1,True,1
2600,1,1,1,EI,CN,1,True,1
2732,2,2,2,EI,CN,1,True,2
2844,1,1,1,EI,CN,1,True,1
2891,2,2,2,EI,CN,1,True,2
2932,2,2,2,EI,CN,1,True,2
2983,2,2,2,EI,CN,1,True,2
3056,1,1,1,EI,CN,1,True,1
3081,1,1,1,EI,CN,1,True,1
3102,1,1,1,EI,CN,1,True,1
3191,1,1,1,EI,CN,1,True,1
3230,1,1,1,EI,CN,1,True,1
3297,1,1,1,EI,CN,1,True,1
3363,1,1,1,EI,CN,1,True,1
3367,2,2,2,EI,CN,1,True,2
3385,1,1,1,EI,CN,1,True,1
3400,1,1,1,EI,CN,1,True,1
3418,1,1,1,EI,CN,1,True,1
3429,2,2,2,EI,CN,1,True,2
3440,1,1,1,EI,CN,1,True,1
3512,2,2,2,EI,CN,1,True,2
3524,1,1,1,EI,CN,1,True,1
3567,1,1,1,EI,CN,1,True,1
3631,2,2,2,EI,CN,1,True,2
3811,1,1,1,EI,CN,1,True,1
3824,1,1,1,EI,CN,1,True,1
3839,2,2,1,EI,CN,0,False,2
3867,1,1,1,EI,CN,1,True,1
3868,1,1,1,EI,CN,1,True,1
3912,1,1,1,EI,CN,1,True,1
3929,2,2,2,EI,CN,1,True,2
3954,1,2,1,EI,CN,0,False,1
3971,2,2,2,EI,CN,1,True,2
3979,2,2,2,EI,CN,1,True,2
4011,1,1,1,EI,CN,1,True,1
4066,2,2,2,EI,CN,1,True,2
4087,2,2,2,EI,CN,1,True,2
4153,2,2,2,EI,CN,1,True,2
4182,2,2,2,EI,CN,1,True,2
4187,1,1,1,EI,CN,1,True,1
4207,1,1,1,EI,CN,1,True,1
4211,1,1,1,EI,CN,1,True,1
4303,1,1,1,EI,CN,1,True,1
4314,1,1,1,EI,CN,1,True,1
4339,2,2,2,EI,CN,1,True,2
4348,2,2,2,EI,CN,1,True,2
4447,1,1,1,EI,CN,1,True,1
4462,1,1,1,EI,CN,1,True,1
4591,1,1,1,EI,CN,1,True,1
4624,2,2,2,EI,CN,1,True,2
4651,2,2,2,EI,CN,1,True,2
4652,1,1,1,EI,CN,1,True,1
4663,1,1,1,EI,CN,1,True,1
4706,2,2,2,EI,CN,1,True,2
4716,1,1,1,EI,CN,1,True,1
4744,2,2,2,EI,CN,1,True,2
4767,1,1,1,EI,CN,1,True,1
4795,1,1,1,EI,CN,1,True,1
4797,1,1,1,EI,CN,1,True,1
4812,2,2,2,EI,CN,1,True,2
4827,2,2,2,EI,CN,1,True,2
4829,2,2,2,EI,CN,1,True,2
4851,2,2,2,EI,CN,1,True,2
4856,2,2,2,EI,CN,1,True,2
4865,1,1,1,EI,CN,1,True,1
4871,1,1,1,EI,CN,1,True,1
4927,2,2,2,EI,CN,1,True,2
4937,1,1,1,EI,CN,1,True,1
5006,1,1,1,EI,CN,1,True,1
5009,1,1,1,EI,CN,1,True,1
5024,1,1,1,EI,CN,1,True,1
5070,1,1,1,EI,CN,1,True,1
5086,2,2,2,EI,CN,1,True,2
5105,2,2,2,EI,CN,1,True,2
5119,1,1,1,EI,CN,1,True,1
5120,2,2,2,EI,CN,1,True,2
5159,1,1,1,EI,CN,1,True,1
5406,1,1,1,EI,CN,1,True,1
5424,2,2,2,EI,CN,1,True,2
5475,1,1,1,EI,CN,1,True,1
5499,1,1,1,EI,CN,1,True,1
5570,1,1,1,EI,CN,1,True,1
5586,2,2,2,EI,CN,1,True,2
5619,2,2,2,EI,CN,1,True,2
5651,1,1,1,EI,CN,1,True,1
5741,1,1,1,EI,CN,1,True,1
5797,2,2,2,EI,CN,1,True,2
5824,2,2,2,EI,CN,1,True,2
5829,1,1,1,EI,CN,1,True,1
5834,1,1,1,EI,CN,1,True,1
5906,2,2,2,EI,CN,1,True,2
5913,2,2,2,EI,CN,1,True,2
5938,2,2,2,EI,CN,1,True,2
5957,2,2,2,EI,CN,1,True,2
5998,2,2,2,EI,CN,1,True,2
6010,2,2,2,EI,CN,1,True,2
6059,2,2,2,EI,CN,1,True,2
6111,1,1,1,EI,CN,1,True,1
6137,1,1,1,EI,CN,1,True,1
6156,1,1,1,EI,CN,1,True,1
6252,1,1,1,EI,CN,1,True,1
6253,2,2,2,EI,CN,1,True,2
6255,2,2,2,EI,CN,1,True,2
6295,1,1,1,EI,CN,1,True,1
6347,1,1,1,EI,CN,1,True,1
6374,1,1,1,EI,CN,1,True,1
6420,1,1,1,EI,CN,1,True,1
6452,1,1,1,EI,CN,1,True,1
6465,1,1,1,EI,CN,1,True,1
6484,2,2,2,EI,CN,1,True,2
6488,1,1,1,EI,CN,1,True,1
6519,2,2,2,EI,CN,1,True,2
6527,1,2,1,EI,CN,0,False,1
6595,1,1,1,EI,CN,1,True,1
6631,1,1,1,EI,CN,1,True,1
6692,1,1,1,EI,CN,1,True,1
6715,2,2,2,EI,CN,1,True,2
6728,1,1,1,EI,CN,1,True,1
6756,2,2,2,EI,CN,1,True,2
6812,1,1,1,EI,CN,1,True,1
6824,1,1,1,EI,CN,1,True,1
6826,2,2,2,EI,CN,1,True,2
6842,1,1,1,EI,CN,1,True,1
6867,1,1,1,EI,CN,1,True,1
6868,2,2,2,EI,CN,1,True,2
6899,2,2,2,EI,CN,1,True,2
6965,1,1,1,EI,CN,1,True,1
6977,2,2,2,EI,CN,1,True,2
6991,1,1,1,EI,CN,1,True,1
7001,2,2,2,EI,CN,1,True,2
7004,1,1,1,EI,CN,1,True,1
7042,1,2,1,EI,CN,0,False,1
7070,2,2,2,EI,CN,1,True,2
7096,2,2,1,EI,CN,0,False,2
7099,1,1,1,EI,CN,1,True,1
7194,2,2,2,EI,CN,1,True,2
7220,2,2,2,EI,CN,1,True,2
7235,2,2,2,EI,CN,1,True,2
7313,2,2,2,EI,CN,1,True,2
7387,1,1,1,EI,CN,1,True,1
7407,1,1,1,EI,CN,1,True,1
7430,2,2,2,EI,CN,1,True,2
7439,1,1,1,EI,CN,1,True,1
7451,1,1,1,EI,CN,1,True,1
7498,2,2,2,EI,CN,1,True,2
7550,1,1,1,EI,CN,1,True,1
7553,2,2,2,EI,CN,1,True,2
7555,1,1,1,EI,CN,1,True,1
7581,2,2,2,EI,CN,1,True,2
7599,2,2,2,EI,CN,1,True,2
7631,1,1,1,EI,CN,1,True,1
7654,1,1,1,EI,CN,1,True,1
7687,1,1,1,EI,CN,1,True,1
7723,1,1,1,EI,CN,1,True,1
7756,2,2,2,EI,CN,1,True,2
7832,1,2,1,EI,CN,0,False,1
7887,1,1,1,EI,CN,1,True,1
7894,1,1,1,EI,CN,1,True,1
7915,2,2,2,EI,CN,1,True,2
7949,2,2,2,EI,CN,1,True,2
7966,2,1,2,EI,CN,0,False,2
7972,2,2,2,EI,CN,1,True,2
7992,1,2,2,EI,CN,0,False,1
8015,2,2,2,EI,CN,1,True,2
8033,1,1,1,EI,CN,1,True,1
8139,1,1,1,EI,CN,1,True,1
8217,1,1,1,EI,CN,1,True,1
8268,2,2,2,EI,CN,1,True,2
8339,1,2,1,EI,CN,0,False,1
8366,2,2,2,EI,CN,1,True,2
8444,1,1,1,EI,CN,1,True,1
8477,1,1,1,EI,CN,1,True,1
8580,2,2,2,EI,CN,1,True,2
8614,1,1,1,EI,CN,1,True,1
8630,2,2,2,EI,CN,1,True,2
8637,2,2,2,EI,CN,1,True,2
8672,1,1,1,EI,CN,1,True,1
8800,1,1,1,EI,CN,1,True,1
8816,2,2,2,EI,CN,1,True,2
8902,2,2,2,EI,CN,1,True,2
8923,2,2,2,EI,CN,1,True,2
8948,1,1,1,EI,CN,1,True,1
8993,1,1,1,EI,CN,1,True,1
9004,1,1,1,EI,CN,1,True,1
9089,2,2,2,EI,CN,1,True,2
9102,2,2,2,EI,CN,1,True,2
9120,1,1,1,EI,CN,1,True,1
9134,2,2,2,EI,CN,1,True,2
9246,2,2,2,EI,CN,1,True,2
9268,1,1,1,EI,CN,1,True,1
9324,1,1,1,EI,CN,1,True,1
9325,1,1,1,EI,CN,1,True,1
9349,2,2,2,EI,CN,1,True,2
9357,2,2,2,EI,CN,1,True,2
9417,1,1,1,EI,CN,1,True,1
9459,1,1,1,EI,CN,1,True,1
9465,1,1,1,EI,CN,1,True,1
9469,2,2,2,EI,CN,1,True,2
9473,1,1,1,EI,CN,1,True,1
9485,2,2,2,EI,CN,1,True,2
9544,1,1,1,EI,CN,1,True,1
9595,1,1,1,EI,CN,1,True,1
9632,2,2,2,EI,CN,1,True,2
9635,2,2,2,EI,CN,1,True,2
9677,2,2,2,EI,CN,1,True,2
9715,1,1,1,EI,CN,1,True,1
9724,1,1,1,EI,CN,1,True,1
9774,2,2,2,EI,CN,1,True,2
9796,1,1,1,EI,CN,1,True,1
9892,2,2,2,EI,CN,1,True,2
9899,1,1,1,EI,CN,1,True,1
9907,2,2,2,EI,CN,1,True,2
9934,1,1,1,EI,CN,1,True,1
9955,2,2,2,EI,CN,1,True,2
9987,1,1,1,EI,CN,1,True,1
10022,1,1,1,EI,CN,1,True,1
10156,1,1,1,EI,CN,1,True,1
10163,1,1,1,EI,CN,1,True,1
10174,1,1,1,EI,CN,1,True,1
10187,1,2,1,EI,CN,0,False,1
10189,2,2,2,EI,CN,1,True,2
10210,1,1,1,EI,CN,1,True,1
10301,2,2,2,EI,CN,1,True,2
10328,1,1,1,EI,CN,1,True,1
10330,2,2,2,EI,CN,1,True,2
10361,1,1,1,EI,CN,1,True,1
10375,1,1,1,EI,CN,1,True,1
10400,1,1,1,EI,CN,1,True,1
10423,2,2,2,EI,CN,1,True,2
10434,1,1,1,EI,CN,1,True,1
10450,2,2,2,EI,CN,1,True,2
10566,2,2,2,EI,CN,1,True,2
10600,1,1,1,EI,CN,1,True,1
10610,2,2,2,EI,CN,1,True,2
10621,2,2,2,EI,CN,1,True,2
10626,1,2,1,EI,CN,0,False,1
10634,2,2,2,EI,CN,1,True,2
10713,2,2,2,EI,CN,1,True,2
10771,2,2,2,EI,CN,1,True,2
10803,1,1,1,EI,CN,1,True,1
10910,2,2,2,EI,CN,1,True,2
10954,2,2,2,EI,CN,1,True,2
10978,1,1,1,EI,CN,1,True,1
11024,2,2,2,EI,CN,1,True,2
11101,1,1,1,EI,CN,1,True,1
11102,1,1,1,EI,CN,1,True,1
11112,2,2,2,EI,CN,1,True,2
11120,2,2,2,EI,CN,1,True,2
11132,1,1,1,EI,CN,1,True,1
11189,2,2,2,EI,CN,1,True,2
11241,1,1,1,EI,CN,1,True,1
11264,2,2,2,EI,CN,1,True,2
11283,1,1,1,EI,CN,1,True,1
11511,2,2,2,EI,CN,1,True,2
11514,1,1,1,EI,CN,1,True,1
11523,2,2,2,EI,CN,1,True,2
11525,1,1,1,EI,CN,1,True,1
11553,1,1,1,EI,CN,1,True,1
11596,1,1,1,EI,CN,1,True,1
11603,1,1,1,EI,CN,1,True,1
11617,2,2,2,EI,CN,1,True,2
11630,1,1,1,EI,CN,1,True,1
11647,1,1,1,EI,CN,1,True,1
11742,2,2,2,EI,CN,1,True,2
11786,1,1,1,EI,CN,1,True,1
11850,2,2,2,EI,CN,1,True,2
11870,1,1,1,EI,CN,1,True,1
11874,1,1,1,EI,CN,1,True,1
11930,1,1,1,EI,CN,1,True,1
11935,2,2,2,EI,CN,1,True,2
11967,1,1,1,EI,CN,1,True,1
12012,2,2,2,EI,CN,1,True,2
12074,1,1,1,EI,CN,1,True,1
12143,2,2,2,EI,CN,1,True,2
12151,1,1,1,EI,CN,1,True,1
12153,1,1,1,EI,CN,1,True,1
12219,1,1,1,EI,CN,1,True,1
12271,2,2,2,EI,CN,1,True,2
12284,2,2,2,EI,CN,1,True,2
12285,1,1,1,EI,CN,1,True,1
12301,1,1,1,EI,CN,1,True,1
12305,1,1,1,EI,CN,1,True,1
12323,1,1,1,EI,CN,1,True,1
12429,2,2,2,EI,CN,1,True,2
12472,2,2,2,EI,CN,1,True,2
12486,2,2,2,EI,CN,1,True,2
12494,1,1,1,EI,CN,1,True,1
12627,1,1,1,EI,CN,1,True,1
12645,1,1,1,EI,CN,1,True,1
12732,1,1,1,EI,CN,1,True,1
12798,2,2,2,EI,CN,1,True,2
12830,2,2,2,EI,CN,1,True,2
12860,2,2,2,EI,CN,1,True,2
12896,1,1,1,EI,CN,1,True,1
12903,2,2,2,EI,CN,1,True,2
12926,2,2,2,EI,CN,1,True,2
12936,2,2,2,EI,CN,1,True,2
12948,2,2,2,EI,CN,1,True,2
12975,2,2,2,EI,CN,1,True,2
12998,1,1,1,EI,CN,1,True,1
13035,1,1,1,EI,CN,1,True,1
13050,2,2,2,EI,CN,1,True,2
13061,2,1,2,EI,CN,0,False,2
13113,2,2,2,EI,CN,1,True,2
13115,2,2,2,EI,CN,1,True,2
13137,2,2,2,EI,CN,1,True,2
13141,1,1,1,EI,CN,1,True,1
13200,1,1,1,EI,CN,1,True,1
13227,2,2,2,EI,CN,1,True,2
13300,1,1,1,EI,CN,1,True,1
13319,1,1,1,EI,CN,1,True,1
13334,1,1,1,EI,CN,1,True,1
13384,1,1,1,EI,CN,1,True,1
13400,1,1,1,EI,CN,1,True,1
13447,2,2,2,EI,CN,1,True,2
13469,2,2,2,EI,CN,1,True,2
13484,2,2,2,EI,CN,1,True,2
13518,2,2,2,EI,CN,1,True,2
13531,2,2,2,EI,CN,1,True,2
13562,2,2,2,EI,CN,1,True,2
13726,2,2,2,EI,CN,1,True,2
13785,1,1,1,EI,CN,1,True,1
13843,2,2,2,EI,CN,1,True,2
13864,2,2,2,EI,CN,1,True,2
13874,1,1,1,EI,CN,1,True,1
13920,1,1,1,EI,CN,1,True,1
13923,2,2,2,EI,CN,1,True,2
13996,1,1,1,EI,CN,1,True,1
14011,2,2,2,EI,CN,1,True,2
14047,2,2,1,EI,CN,0,False,2
14055,2,2,2,EI,CN,1,True,2
14074,2,2,2,EI,CN,1,True,2
14137,2,2,2,EI,CN,1,True,2
14139,2,2,2,EI,CN,1,True,2
14224,2,2,2,EI,CN,1,True,2
14259,1,1,1,EI,CN,1,True,1
14300,1,1,1,EI,CN,1,True,1
14325,1,1,1,EI,CN,1,True,1
14408,1,1,1,EI,CN,1,True,1
14410,2,2,2,EI,CN,1,True,2
14469,1,1,1,EI,CN,1,True,1
14488,1,1,1,EI,CN,1,True,1
14532,2,2,2,EI,CN,1,True,2
14550,2,2,2,EI,CN,1,True,2
14557,1,1,1,EI,CN,1,True,1
14581,1,1,1,EI,CN,1,True,1
14617,2,2,2,EI,CN,1,True,2
14707,1,1,1,EI,CN,1,True,1
14759,2,2,2,EI,CN,1,True,2
14793,1,1,1,EI,CN,1,True,1
14796,2,2,2,EI,CN,1,True,2
14818,1,1,1,EI,CN,1,True,1
14845,2,2,2,EI,CN,1,True,2
14858,2,2,2,EI,CN,1,True,2
14868,1,1,1,EI,CN,1,True,1
14900,1,1,1,EI,CN,1,True,1
14932,2,2,2,EI,CN,1,True,2
14970,2,2,2,EI,CN,1,True,2
14988,2,2,2,EI,CN,1,True,2
15035,1,1,1,EI,CN,1,True,1
15066,2,2,2,EI,CN,1,True,2
15131,1,1,1,EI,CN,1,True,1
15133,2,2,2,EI,CN,1,True,2
15176,2,2,2,EI,CN,1,True,2
15189,1,1,1,EI,CN,1,True,1
15254,1,1,1,EI,CN,1,True,1
15290,1,1,1,EI,CN,1,True,1
15363,2,2,2,EI,CN,1,True,2
15452,2,2,2,EI,CN,1,True,2
15473,2,2,2,EI,CN,1,True,2
15535,2,2,2,EI,CN,1,True,2
15538,1,1,1,EI,CN,1,True,1
15555,2,2,2,EI,CN,1,True,2
15585,1,1,1,EI,CN,1,True,1
15614,2,2,2,EI,CN,1,True,2
15620,2,2,2,EI,CN,1,True,2
15693,1,1,1,EI,CN,1,True,1
15721,2,2,2,EI,CN,1,True,2
15735,1,1,1,EI,CN,1,True,1
15770,1,1,1,EI,CN,1,True,1
15799,2,2,2,EI,CN,1,True,2
15810,2,2,2,EI,CN,1,True,2
15822,1,1,1,EI,CN,1,True,1
15883,1,1,1,EI,CN,1,True,1
15894,1,1,1,EI,CN,1,True,1
15938,2,1,2,EI,CN,0,False,2
15980,2,2,2,EI,CN,1,True,2
16011,1,1,1,EI,CN,1,True,1
16114,1,1,1,EI,CN,1,True,1
16120,1,1,1,EI,CN,1,True,1
16170,2,2,2,EI,CN,1,True,2
16174,1,1,1,EI,CN,1,True,1
16204,1,2,1,EI,CN,0,False,1
16212,1,1,1,EI,CN,1,True,1
16213,1,1,1,EI,CN,1,True,1
16230,1,1,1,EI,CN,1,True,1
16264,1,1,1,EI,CN,1,True,1
16339,1,1,1,EI,CN,1,True,1
16355,2,2,2,EI,CN,1,True,2
16386,2,2,2,EI,CN,1,True,2
16398,1,1,1,EI,CN,1,True,1
16457,1,1,1,EI,CN,1,True,1
16521,2,2,2,EI,CN,1,True,2
16572,1,1,1,EI,CN,1,True,1
16600,1,1,1,EI,CN,1,True,1
16614,1,1,1,EI,CN,1,True,1
16642,1,1,1,EI,CN,1,True,1
16731,1,1,1,EI,CN,1,True,1
16801,2,2,2,EI,CN,1,True,2
16845,1,1,1,EI,CN,1,True,1
16858,2,2,2,EI,CN,1,True,2
16891,1,1,1,EI,CN,1,True,1
16903,1,1,1,EI,CN,1,True,1
16977,1,1,1,EI,CN,1,True,1
17002,2,2,2,EI,CN,1,True,2
17048,1,1,1,EI,CN,1,True,1
17079,2,2,2,EI,CN,1,True,2
17082,2,2,2,EI,CN,1,True,2
17121,2,2,2,EI,CN,1,True,2
17165,2,2,2,EI,CN,1,True,2
17212,1,1,1,EI,CN,1,True,1
17227,1,1,1,EI,CN,1,True,1
17241,2,2,2,EI,CN,1,True,2
17280,2,2,2,EI,CN,1,True,2
17322,1,1,1,EI,CN,1,True,1
17355,2,2,2,EI,CN,1,True,2
17361,1,1,1,EI,CN,1,True,1
17364,2,2,2,EI,CN,1,True,2
17386,2,2,2,EI,CN,1,True,2
17423,2,2,2,EI,CN,1,True,2
17455,1,1,1,EI,CN,1,True,1
17468,1,1,1,EI,CN,1,True,1
17475,1,1,1,EI,CN,1,True,1
17553,1,1,1,EI,CN,1,True,1
17585,2,2,2,EI,CN,1,True,2
17693,1,1,1,EI,CN,1,True,1
17744,2,2,2,EI,CN,1,True,2
17746,2,2,2,EI,CN,1,True,2
17792,1,1,1,EI,CN,1,True,1
17806,2,2,2,EI,CN,1,True,2
17841,2,2,2,EI,CN,1,True,2
17877,1,1,1,EI,CN,1,True,1
17885,2,2,2,EI,CN,1,True,2
17914,2,1,2,EI,CN,0,False,2
17929,1,1,1,EI,CN,1,True,1
17963,2,2,2,EI,CN,1,True,2
18223,2,2,2,EI,CN,1,True,2
18290,1,1,1,EI,CN,1,True,1
18337,1,1,1,EI,CN,1,True,1
18550,2,2,2,EI,CN,1,True,2
18553,2,2,2,EI,CN,1,True,2
18597,1,1,1,EI,CN,1,True,1
18613,2,2,2,EI,CN,1,True,2
18630,2,2,2,EI,CN,1,True,2
18631,1,1,1,EI,CN,1,True,1
18643,1,1,1,EI,CN,1,True,1
18652,1,1,1,EI,CN,1,True,1
18656,1,1,1,EI,CN,1,True,1
18670,2,2,2,EI,CN,1,True,2
18805,1,1,1,EI,CN,1,True,1
18806,1,1,1,EI,CN,1,True,1
18820,1,1,1,EI,CN,1,True,1
18839,2,2,2,EI,CN,1,True,2
18874,1,1,1,EI,CN,1,True,1
18886,1,1,1,EI,CN,1,True,1
18935,1,1,1,EI,CN,1,True,1
18961,2,2,2,EI,CN,1,True,2
18970,1,1,1,EI,CN,1,True,1
18998,2,2,2,EI,CN,1,True,2
19036,2,2,2,EI,CN,1,True,2
19045,2,2,2,EI,CN,1,True,2
19113,2,2,2,EI,CN,1,True,2
19164,1,1,1,EI,CN,1,True,1
19267,2,2,2,EI,CN,1,True,2
19295,1,1,1,EI,CN,1,True,1
19331,2,2,2,EI,CN,1,True,2
19341,1,1,1,EI,CN,1,True,1
19363,1,1,1,EI,CN,1,True,1
19383,1,1,1,EI,CN,1,True,1
19385,2,2,2,EI,CN,1,True,2
19395,2,2,2,EI,CN,1,True,2
19486,2,2,2,EI,CN,1,True,2
19496,2,2,2,EI,CN,1,True,2
19519,2,2,2,EI,CN,1,True,2
19532,1,1,1,EI,CN,1,True,1
19538,1,1,1,EI,CN,1,True,1
19593,1,2,1,EI,CN,0,False,1
19599,2,2,2,EI,CN,1,True,2
19643,1,1,1,EI,CN,1,True,1
19686,1,1,1,EI,CN,1,True,1
19738,1,1,1,EI,CN,1,True,1
19794,1,1,1,EI,CN,1,True,1
19811,1,1,1,EI,CN,1,True,1
19826,2,2,2,EI,CN,1,True,2
19830,2,2,2,EI,CN,1,True,2
19839,2,2,2,EI,CN,1,True,2
19854,2,2,2,EI,CN,1,True,2
19900,1,1,1,EI,CN,1,True,1
19915,1,1,1,EI,CN,1,True,1
19967,1,1,1,EI,CN,1,True,1
19968,2,2,2,EI,CN,1,True,2
20031,1,1,1,EI,CN,1,True,1
20132,2,2,2,EI,CN,1,True,2
20184,2,2,2,EI,CN,1,True,2
20195,1,1,1,EI,CN,1,True,1
20270,1,1,1,EI,CN,1,True,1
20283,1,1,1,EI,CN,1,True,1
20299,2,2,2,EI,CN,1,True,2
20338,1,1,1,EI,CN,1,True,1
20351,2,2,2,EI,CN,1,True,2
20380,2,2,2,EI,CN,1,True,2
20407,1,1,1,EI,CN,1,True,1
20420,1,1,1,EI,CN,1,True,1
20422,1,1,1,EI,CN,1,True,1
20431,1,1,1,EI,CN,1,True,1
20443,1,1,1,EI,CN,1,True,1
20446,2,2,2,EI,CN,1,True,2
20465,1,1,1,EI,CN,1,True,1
20467,1,1,1,EI,CN,1,True,1
20504,2,2,2,EI,CN,1,True,2
20528,1,1,1,EI,CN,1,True,1
20542,1,1,1,EI,CN,1,True,1
20549,2,2,2,EI,CN,1,True,2
20609,1,1,1,EI,CN,1,True,1
20666,1,1,1,EI,CN,1,True,1
20677,1,1,1,EI,CN,1,True,1
20685,2,2,2,EI,CN,1,True,2
20716,2,2,2,EI,CN,1,True,2
20717,2,2,2,EI,CN,1,True,2
20839,2,2,2,EI,CN,1,True,2
20853,1,1,1,EI,CN,1,True,1
20869,2,2,2,EI,CN,1,True,2
20890,2,2,2,EI,CN,1,True,2
20895,2,2,2,EI,CN,1,True,2
20964,1,1,1,EI,CN,1,True,1
20971,2,2,2,EI,CN,1,True,2
21016,1,1,1,EI,CN,1,True,1
21051,2,2,2,EI,CN,1,True,2
21067,2,2,2,EI,CN,1,True,2
21074,1,1,1,EI,CN,1,True,1
21098,2,2,2,EI,CN,1,True,2
21130,2,2,2,EI,CN,1,True,2
21158,1,1,1,EI,CN,1,True,1
21165,1,1,1,EI,CN,1,True,1
21167,1,1,1,EI,CN,1,True,1
21173,1,1,1,EI,CN,1,True,1
21180,2,2,2,EI,CN,1,True,2
21203,2,2,2,EI,CN,1,True,2
21210,1,1,1,EI,CN,1,True,1
21328,1,2,1,EI,CN,0,False,1
21399,1,1,1,EI,CN,1,True,1
21509,2,2,2,EI,CN,1,True,2
21544,2,2,2,EI,CN,1,True,2
21598,1,1,1,EI,CN,1,True,1
21599,2,2,2,EI,CN,1,True,2
21606,2,2,2,EI,CN,1,True,2
21608,1,1,1,EI,CN,1,True,1
21629,1,1,1,EI,CN,1,True,1
21630,1,1,1,EI,CN,1,True,1
21666,2,2,2,EI,CN,1,True,2
21691,1,1,1,EI,CN,1,True,1
21847,2,2,2,EI,CN,1,True,2
21910,2,2,2,EI,CN,1,True,2
21935,1,1,1,EI,CN,1,True,1
21961,1,1,1,EI,CN,1,True,1
21976,1,1,1,EI,CN,1,True,1
21987,2,2,2,EI,CN,1,True,2
22043,2,2,2,EI,CN,1,True,2
22052,1,1,1,EI,CN,1,True,1
22065,1,1,1,EI,CN,1,True,1
22066,2,2,2,EI,CN,1,True,2
22090,1,2,1,EI,CN,0,False,1
22126,2,2,2,EI,CN,1,True,2
22166,2,2,2,EI,CN,1,True,2
22184,2,2,2,EI,CN,1,True,2
22189,2,2,2,EI,CN,1,True,2
22194,2,2,2,EI,CN,1,True,2
22266,1,1,1,EI,CN,1,True,1
22314,2,2,2,EI,CN,1,True,2
22356,2,2,2,EI,CN,1,True,2
22467,2,2,2,EI,CN,1,True,2
22679,1,1,1,EI,CN,1,True,1
22707,2,2,2,EI,CN,1,True,2
22767,2,2,2,EI,CN,1,True,2
22770,1,1,1,EI,CN,1,True,1
22814,1,1,1,EI,CN,1,True,1
22819,2,2,2,EI,CN,1,True,2
22833,1,1,1,EI,CN,1,True,1
22849,2,2,2,EI,CN,1,True,2
22966,2,2,2,EI,CN,1,True,2
23023,1,1,1,EI,CN,1,True,1
23052,1,1,1,EI,CN,1,True,1
23089,1,1,1,EI,CN,1,True,1
23103,2,2,2,EI,CN,1,True,2
23104,2,2,2,EI,CN,1,True,2
23128,1,1,1,EI,CN,1,True,1
23200,1,1,1,EI,CN,1,True,1
23313,2,2,2,EI,CN,1,True,2
23322,1,1,1,EI,CN,1,True,1
23323,1,1,1,EI,CN,1,True,1
23404,2,2,2,EI,CN,1,True,2
23415,2,2,2,EI,CN,1,True,2
23440,2,2,2,EI,CN,1,True,2
23453,2,2,2,EI,CN,1,True,2
23505,1,1,1,EI,CN,1,True,1
23514,2,2,2,EI,CN,1,True,2
23524,1,1,1,EI,CN,1,True,1
23530,2,2,2,EI,CN,1,True,2
23534,1,1,1,EI,CN,1,True,1
23574,1,1,1,EI,CN,1,True,1
23584,1,1,1,EI,CN,1,True,1
23605,1,1,1,EI,CN,1,True,1
23620,2,2,2,EI,CN,1,True,2
23648,2,2,2,EI,CN,1,True,2
23699,2,2,2,EI,CN,1,True,2
23713,2,2,2,EI,CN,1,True,2
23779,1,1,1,EI,CN,1,True,1
23871,1,1,1,EI,CN,1,True,1
23873,1,1,1,EI,CN,1,True,1
23901,1,1,1,EI,CN,1,True,1
24026,2,2,2,EI,CN,1,True,2
24163,1,1,1,EI,CN,1,True,1
24174,2,2,2,EI,CN,1,True,2
24223,2,2,2,EI,CN,1,True,2
24260,2,2,2,EI,CN,1,True,2
24291,2,2,2,EI,CN,1,True,2
24304,1,1,1,EI,CN,1,True,1
24334,2,2,2,EI,CN,1,True,2
24405,2,2,2,EI,CN,1,True,2
24408,1,1,1,EI,CN,1,True,1
24500,2,2,2,EI,CN,1,True,2
24541,2,2,2,EI,CN,1,True,2
24573,1,1,1,EI,CN,1,True,1
24577,1,1,1,EI,CN,1,True,1
24637,2,2,2,EI,CN,1,True,2
24673,2,2,2,EI,CN,1,True,2
24706,1,1,1,EI,CN,1,True,1
24740,2,2,2,EI,CN,1,True,2
24774,2,2,2,EI,CN,1,True,2
24836,1,1,1,EI,CN,1,True,1
24871,1,1,1,EI,CN,1,True,1
24902,2,2,2,EI,CN,1,True,2
24959,1,1,1,EI,CN,1,True,1
24975,1,1,1,EI,CN,1,True,1
24995,1,1,1,EI,CN,1,True,1
25015,2,2,2,EI,CN,1,True,2
25038,1,1,1,EI,CN,1,True,1
25109,2,2,2,EI,CN,1,True,2
25137,1,1,1,EI,CN,1,True,1
25155,1,1,1,EI,CN,1,True,1
25239,2,2,2,EI,CN,1,True,2
25270,1,1,1,EI,CN,1,True,1
25302,2,2,2,EI,CN,1,True,2
25337,1,1,1,EI,CN,1,True,1
25348,1,1,1,EI,CN,1,True,1
25369,2,2,2,EI,CN,1,True,2
25380,1,1,1,EI,CN,1,True,1
25416,1,1,1,EI,CN,1,True,1
25435,1,1,1,EI,CN,1,True,1
25447,1,1,1,EI,CN,1,True,1
25448,2,2,2,EI,CN,1,True,2
25471,2,2,2,EI,CN,1,True,2
25523,2,2,2,EI,CN,1,True,2
25591,2,2,2,EI,CN,1,True,2
25650,1,1,1,EI,CN,1,True,1
25690,1,1,1,EI,CN,1,True,1
25698,2,2,2,EI,CN,1,True,2
25856,1,1,1,EI,CN,1,True,1
25868,1,1,1,EI,CN,1,True,1
25990,2,2,2,EI,CN,1,True,2
26032,1,1,1,EI,CN,1,True,1
26129,2,2,2,EI,CN,1,True,2
26161,1,1,1,EI,CN,1,True,1
26178,2,2,2,EI,CN,1,True,2
26211,2,2,2,EI,CN,1,True,2
26281,1,1,1,EI,CN,1,True,1
26287,2,2,2,EI,CN,1,True,2
26292,1,1,1,EI,CN,1,True,1
26302,1,1,1,EI,CN,1,True,1
26321,2,2,2,EI,CN,1,True,2
26337,1,1,1,EI,CN,1,True,1
26345,1,1,1,EI,CN,1,True,1
26480,2,2,2,EI,CN,1,True,2
26492,2,2,2,EI,CN,1,True,2
26528,1,1,1,EI,CN,1,True,1
26546,1,1,1,EI,CN,1,True,1
26556,1,1,1,EI,CN,1,True,1
26575,1,1,1,EI,CN,1,True,1
26678,2,2,2,EI,CN,1,True,2
26714,2,2,2,EI,CN,1,True,2
26831,1,1,1,EI,CN,1,True,1
26865,2,2,2,EI,CN,1,True,2
26878,2,2,2,EI,CN,1,True,2
26995,1,1,1,EI,CN,1,True,1
27029,2,2,2,EI,CN,1,True,2
27088,1,1,1,EI,CN,1,True,1
27101,1,1,1,EI,CN,1,True,1
27117,1,1,1,EI,CN,1,True,1
27271,1,1,1,EI,CN,1,True,1
27395,2,2,2,EI,CN,1,True,2
27431,2,2,2,EI,CN,1,True,2
27497,1,1,1,EI,CN,1,True,1
27524,2,2,2,EI,CN,1,True,2
27558,2,2,2,EI,CN,1,True,2
27610,1,1,1,EI,CN,1,True,1
27668,2,2,2,EI,CN,1,True,2
27688,2,2,2,EI,CN,1,True,2
27740,2,2,2,EI,CN,1,True,2
27786,2,2,2,EI,CN,1,True,2
27828,2,2,2,EI,CN,1,True,2
27904,2,2,2,EI,CN,1,True,2
27910,2,2,2,EI,CN,1,True,2
27911,2,2,2,EI,CN,1,True,2
28011,2,2,2,EI,CN,1,True,2
28019,1,2,1,EI,CN,0,False,1
28051,2,2,2,EI,CN,1,True,2
28057,1,1,1,EI,CN,1,True,1
28067,1,1,1,EI,CN,1,True,1
28114,2,2,2,EI,CN,1,True,2
28222,2,2,2,EI,CN,1,True,2
28262,2,2,2,EI,CN,1,True,2
28271,1,1,1,EI,CN,1,True,1
28339,1,1,1,EI,CN,1,True,1
28341,1,1,1,EI,CN,1,True,1
28365,2,2,2,EI,CN,1,True,2
28463,2,2,2,EI,CN,1,True,2
28490,1,1,1,EI,CN,1,True,1
28550,1,1,1,EI,CN,1,True,1
28574,2,2,2,EI,CN,1,True,2
28656,2,2,2,EI,CN,1,True,2
28674,2,2,2,EI,CN,1,True,2
28728,1,1,1,EI,CN,1,True,1
28789,2,2,2,EI,CN,1,True,2
28790,1,1,1,EI,CN,1,True,1
28814,2,2,2,EI,CN,1,True,2
28822,2,2,2,EI,CN,1,True,2
28963,1,1,1,EI,CN,1,True,1
29070,2,2,2,EI,CN,1,True,2
29105,2,2,2,EI,CN,1,True,2
29132,1,1,1,EI,CN,1,True,1
29144,1,1,1,EI,CN,1,True,1
29184,1,1,1,EI,CN,1,True,1
29243,2,2,2,EI,CN,1,True,2
29385,1,1,1,EI,CN,1,True,1
29411,1,1,1,EI,CN,1,True,1
29417,2,2,2,EI,CN,1,True,2
29454,2,2,2,EI,CN,1,True,2
29465,1,1,1,EI,CN,1,True,1
29484,2,2,2,EI,CN,1,True,2
29582,1,1,1,EI,CN,1,True,1
29629,1,1,1,EI,CN,1,True,1
29644,1,1,1,EI,CN,1,True,1
29679,1,1,1,EI,CN,1,True,1
29768,1,1,1,EI,CN,1,True,1
29880,1,1,1,EI,CN,1,True,1
29903,1,1,1,EI,CN,1,True,1
29912,1,1,1,EI,CN,1,True,1
29978,2,2,2,EI,CN,1,True,2
30052,1,1,1,EI,CN,1,True,1
30118,1,1,1,EI,CN,1,True,1
30131,1,2,1,EI,CN,0,False,1
30137,2,2,2,EI,CN,1,True,2
30143,1,1,1,EI,CN,1,True,1
30180,1,1,1,EI,CN,1,True,1
30259,1,1,1,EI,CN,1,True,1
30273,1,1,1,EI,CN,1,True,1
30285,2,2,2,EI,CN,1,True,2
30328,1,1,1,EI,CN,1,True,1
30329,1,1,1,EI,CN,1,True,1
30336,2,2,2,EI,CN,1,True,2
30340,1,1,1,EI,CN,1,True,1
30352,2,2,2,EI,CN,1,True,2
30367,2,2,2,EI,CN,1,True,2
30457,2,2,2,EI,CN,1,True,2
30498,1,1,1,EI,CN,1,True,1
30514,1,1,1,EI,CN,1,True,1
30544,1,1,1,EI,CN,1,True,1
30637,1,1,1,EI,CN,1,True,1
30694,2,2,2,EI,CN,1,True,2
30701,2,2,2,EI,CN,1,True,2
30710,2,2,2,EI,CN,1,True,2
30794,2,2,2,EI,CN,1,True,2
30807,2,2,2,EI,CN,1,True,2
30825,1,1,1,EI,CN,1,True,1
30846,1,1,1,EI,CN,1,True,1
30856,2,2,2,EI,CN,1,True,2
30872,2,2,2,EI,CN,1,True,2
30880,1,1,1,EI,CN,1,True,1
30899,1,1,1,EI,CN,1,True,1
30922,2,2,2,EI,CN,1,True,2
30936,2,2,2,EI,CN,1,True,2
31029,1,1,1,EI,CN,1,True,1
31060,1,1,1,EI,CN,1,True,1
31081,1,2,1,EI,CN,0,False,1
31089,1,1,1,EI,CN,1,True,1
31128,1,1,1,EI,CN,1,True,1
31129,2,2,2,EI,CN,1,True,2
31138,1,1,1,EI,CN,1,True,1
31148,1,1,1,EI,CN,1,True,1
31247,1,1,1,EI,CN,1,True,1
31350,2,2,2,EI,CN,1,True,2
31386,2,2,2,EI,CN,1,True,2
31470,2,2,2,EI,CN,1,True,2
31483,2,2,2,EI,CN,1,True,2
31568,1,2,1,EI,CN,0,False,1
31597,1,1,1,EI,CN,1,True,1
31622,1,1,1,EI,CN,1,True,1
31628,1,1,1,EI,CN,1,True,1
31634,1,1,1,EI,CN,1,True,1
31665,1,1,1,EI,CN,1,True,1
31720,1,1,1,EI,CN,1,True,1
31728,1,1,1,EI,CN,1,True,1
31754,2,2,2,EI,CN,1,True,2
31808,1,1,1,EI,CN,1,True,1
31883,2,2,2,EI,CN,1,True,2
31907,2,2,2,EI,CN,1,True,2
32003,2,2,2,EI,CN,1,True,2
32090,1,1,1,EI,CN,1,True,1
32112,2,2,2,EI,CN,1,True,2
32116,2,2,2,EI,CN,1,True,2
32131,2,2,2,EI,CN,1,True,2
32167,1,1,1,EI,CN,1,True,1
32177,1,1,1,EI,CN,1,True,1
32263,2,2,2,EI,CN,1,True,2
32265,1,1,1,EI,CN,1,True,1
32323,2,2,2,EI,CN,1,True,2
32372,1,1,1,EI,CN,1,True,1
32463,2,2,2,EI,CN,1,True,2
32489,1,2,2,EI,CN,0,False,1
32518,1,1,1,EI,CN,1,True,1
32558,1,1,1,EI,CN,1,True,1
32572,2,2,2,EI,CN,1,True,2
32638,1,2,1,EI,CN,0,False,1
32679,1,1,1,EI,CN,1,True,1
32722,2,2,2,EI,CN,1,True,2
32747,1,1,1,EI,CN,1,True,1
32753,2,2,2,EI,CN,1,True,2
32785,1,1,1,EI,CN,1,True,1
32872,2,2,2,EI,CN,1,True,2
32894,2,2,2,EI,CN,1,True,2
32913,1,1,1,EI,CN,1,True,1
32917,2,2,2,EI,CN,1,True,2
32963,1,1,1,EI,CN,1,True,1
32972,2,2,2,EI,CN,1,True,2
33026,1,1,1,EI,CN,1,True,1
33067,2,2,2,EI,CN,1,True,2
33126,2,2,2,EI,CN,1,True,2
33141,2,2,2,EI,CN,1,True,2
33154,1,1,1,EI,CN,1,True,1
33212,1,2,1,EI,CN,0,False,1
33262,2,2,2,EI,CN,1,True,2
33291,1,1,1,EI,CN,1,True,1
33322,2,2,2,EI,CN,1,True,2
33345,1,1,1,EI,CN,1,True,1
33390,1,1,1,EI,CN,1,True,1
33409,1,2,1,EI,CN,0,False,1
33433,1,1,1,EI,CN,1,True,1
33470,1,1,1,EI,CN,1,True,1
33504,1,1,1,EI,CN,1,True,1
33509,1,1,1,EI,CN,1,True,1
33532,2,2,2,EI,CN,1,True,2
33618,1,1,1,EI,CN,1,True,1
33649,1,1,1,EI,CN,1,True,1
33741,1,1,1,EI,CN,1,True,1
33743,2,2,2,EI,CN,1,True,2
33765,2,2,2,EI,CN,1,True,2
33780,1,1,1,EI,CN,1,True,1
33806,1,1,1,EI,CN,1,True,1
33808,2,2,2,EI,CN,1,True,2
33856,1,1,1,EI,CN,1,True,1
33859,2,2,2,EI,CN,1,True,2
33890,2,2,2,EI,CN,1,True,2
33936,1,1,1,EI,CN,1,True,1
33940,1,1,1,EI,CN,1,True,1
33961,1,1,1,EI,CN,1,True,1
33962,2,2,2,EI,CN,1,True,2
33986,1,1,1,EI,CN,1,True,1
34029,2,2,2,EI,CN,1,True,2
34084,2,2,2,EI,CN,1,True,2
34125,2,2,2,EI,CN,1,True,2
34143,2,2,2,EI,CN,1,True,2
34148,1,1,1,EI,CN,1,True,1
34171,1,1,1,EI,CN,1,True,1
34215,2,2,2,EI,CN,1,True,2
34276,1,1,1,EI,CN,1,True,1
34332,2,2,2,EI,CN,1,True,2
34354,1,1,1,EI,CN,1,True,1
34404,2,2,2,EI,CN,1,True,2
34414,2,2,2,EI,CN,1,True,2
34456,2,2,2,EI,CN,1,True,2
34460,2,2,2,EI,CN,1,True,2
34500,1,1,1,EI,CN,1,True,1
34573,1,1,1,EI,CN,1,True,1
34667,2,2,1,EI,CN,0,False,2
34714,2,2,2,EI,CN,1,True,2
34754,2,2,2,EI,CN,1,True,2
34812,2,2,2,EI,CN,1,True,2
34915,2,2,2,EI,CN,1,True,2
34918,2,2,2,EI,CN,1,True,2
34930,1,2,1,EI,CN,0,False,1
34944,2,2,2,EI,CN,1,True,2
34983,2,2,2,EI,CN,1,True,2
35058,2,2,2,EI,CN,1,True,2
35064,1,1,1,EI,CN,1,True,1
35127,2,2,2,EI,CN,1,True,2
35156,2,2,2,EI,CN,1,True,2
35174,1,1,1,EI,CN,1,True,1
35191,2,2,2,EI,CN,1,True,2
35201,2,2,2,EI,CN,1,True,2
35204,2,2,2,EI,CN,1,True,2
35282,2,2,2,EI,CN,1,True,2
35287,1,1,1,EI,CN,1,True,1
35397,1,2,1,EI,CN,0,False,1
35429,2,2,2,EI,CN,1,True,2
35467,1,1,1,EI,CN,1,True,1
35542,2,2,2,EI,CN,1,True,2
35564,2,2,2,EI,CN,1,True,2
35592,1,1,1,EI,CN,1,True,1
35643,2,2,2,EI,CN,1,True,2
35653,1,1,1,EI,CN,1,True,1
35715,2,1,2,EI,CN,0,False,2
35732,2,2,2,EI,CN,1,True,2
35738,2,2,2,EI,CN,1,True,2
35743,2,2,2,EI,CN,1,True,2
35871,1,2,1,EI,CN,0,False,1
35880,2,2,2,EI,CN,1,True,2
35907,2,2,2,EI,CN,1,True,2
35912,1,1,1,EI,CN,1,True,1
35918,2,2,2,EI,CN,1,True,2
35939,2,2,2,EI,CN,1,True,2
35991,2,2,2,EI,CN,1,True,2
36100,2,2,2,EI,CN,1,True,2
36117,1,1,1,EI,CN,1,True,1
36126,2,2,2,EI,CN,1,True,2
36186,2,2,2,EI,CN,1,True,2
36190,1,1,1,EI,CN,1,True,1
36199,2,2,2,EI,CN,1,True,2
36209,1,1,1,EI,CN,1,True,1
36223,2,2,2,EI,CN,1,True,2
36247,1,1,1,EI,CN,1,True,1
36341,2,2,2,EI,CN,1,True,2
36403,1,2,1,EI,CN,0,False,1
36419,2,2,2,EI,CN,1,True,2
36434,2,2,2,EI,CN,1,True,2
36449,1,1,1,EI,CN,1,True,1
36482,2,2,2,EI,CN,1,True,2
36557,2,2,2,EI,CN,1,True,2
36686,2,2,2,EI,CN,1,True,2
36689,2,2,2,EI,CN,1,True,2
36734,1,1,1,EI,CN,1,True,1
36743,1,1,1,EI,CN,1,True,1
36767,2,2,2,EI,CN,1,True,2
36785,2,2,2,EI,CN,1,True,2
36812,2,2,2,EI,CN,1,True,2
36819,2,2,2,EI,CN,1,True,2
36849,2,2,2,EI,CN,1,True,2
36960,1,1,1,EI,CN,1,True,1
36974,2,2,2,EI,CN,1,True,2
37006,2,2,2,EI,CN,1,True,2
37016,2,2,2,EI,CN,1,True,2
37020,1,1,1,EI,CN,1,True,1
37082,2,2,2,EI,CN,1,True,2
37102,2,2,2,EI,CN,1,True,2
37114,1,1,1,EI,CN,1,True,1
37124,2,2,2,EI,CN,1,True,2
37184,2,2,2,EI,CN,1,True,2
37234,1,1,1,EI,CN,1,True,1
37245,1,1,1,EI,CN,1,True,1
37249,2,2,2,EI,CN,1,True,2
37258,1,1,1,EI,CN,1,True,1
37327,1,1,1,EI,CN,1,True,1
37367,2,2,2,EI,CN,1,True,2
37404,1,1,1,EI,CN,1,True,1
37422,2,2,2,EI,CN,1,True,2
37432,2,2,2,EI,CN,1,True,2
37435,1,1,1,EI,CN,1,True,1
37490,1,1,1,EI,CN,1,True,1
37537,1,2,1,EI,CN,0,False,1
37542,2,2,2,EI,CN,1,True,2
37569,2,2,2,EI,CN,1,True,2
37608,1,1,1,EI,CN,1,True,1
37614,1,1,1,EI,CN,1,True,1
37617,2,2,2,EI,CN,1,True,2
37679,1,1,1,EI,CN,1,True,1
37723,2,2,2,EI,CN,1,True,2
37725,2,2,2,EI,CN,1,True,2
37741,2,2,2,EI,CN,1,True,2
37743,2,2,2,EI,CN,1,True,2
37842,1,1,1,EI,CN,1,True,1
37843,1,1,1,EI,CN,1,True,1
37909,1,1,1,EI,CN,1,True,1
37955,1,1,1,EI,CN,1,True,1
38026,2,2,2,EI,CN,1,True,2
38068,2,2,2,EI,CN,1,True,2
38078,2,2,2,EI,CN,1,True,2
38093,1,2,1,EI,CN,0,False,1
38130,1,1,1,EI,CN,1,True,1
38144,1,1,1,EI,CN,1,True,1
38146,1,1,1,EI,CN,1,True,1
38166,1,1,1,EI,CN,1,True,1
38168,1,1,1,EI,CN,1,True,1
38191,2,2,2,EI,CN,1,True,2
38245,1,1,1,EI,CN,1,True,1
38267,2,2,2,EI,CN,1,True,2
38352,1,1,1,EI,CN,1,True,1
38363,2,2,2,EI,CN,1,True,2
38390,2,2,2,EI,CN,1,True,2
38395,1,1,1,EI,CN,1,True,1
38425,2,2,2,EI,CN,1,True,2
38485,1,1,1,EI,CN,1,True,1
38518,1,1,1,EI,CN,1,True,1
38530,1,1,1,EI,CN,1,True,1
38533,2,2,2,EI,CN,1,True,2
38554,2,2,2,EI,CN,1,True,2
38562,2,2,2,EI,CN,1,True,2
38593,2,2,2,EI,CN,1,True,2
38627,2,2,2,EI,CN,1,True,2
38630,1,1,1,EI,CN,1,True,1
38721,1,1,1,EI,CN,1,True,1
38773,2,2,2,EI,CN,1,True,2
38802,1,1,1,EI,CN,1,True,1
38809,2,2,2,EI,CN,1,True,2
38811,2,2,2,EI,CN,1,True,2
38829,1,1,1,EI,CN,1,True,1
38858,1,1,1,EI,CN,1,True,1
38920,2,2,2,EI,CN,1,True,2
38928,2,2,2,EI,CN,1,True,2
38947,1,1,1,EI,CN,1,True,1
39000,2,2,2,EI,CN,1,True,2
39152,1,1,1,EI,CN,1,True,1
39199,1,1,1,EI,CN,1,True,1
39321,1,1,1,EI,CN,1,True,1
39356,2,2,2,EI,CN,1,True,2
39388,2,2,2,EI,CN,1,True,2
39457,1,1,1,EI,CN,1,True,1
39466,1,1,1,EI,CN,1,True,1
39532,2,2,2,EI,CN,1,True,2
39553,2,2,2,EI,CN,1,True,2
39557,1,1,1,EI,CN,1,True,1
39630,1,1,1,EI,CN,1,True,1
39715,1,1,1,EI,CN,1,True,1
39795,2,2,2,EI,CN,1,True,2
39804,1,1,1,EI,CN,1,True,1
39833,2,2,2,EI,CN,1,True,2
39842,1,1,1,EI,CN,1,True,1
39855,1,1,1,EI,CN,1,True,1
39864,2,2,2,EI,CN,1,True,2
39884,2,2,2,EI,CN,1,True,2
39918,1,1,1,EI,CN,1,True,1
40029,2,2,2,EI,CN,1,True,2
40068,1,1,1,EI,CN,1,True,1
40135,1,1,1,EI,CN,1,True,1
40145,2,2,2,EI,CN,1,True,2
40164,1,1,1,EI,CN,1,True,1
40169,1,2,1,EI,CN,0,False,1
40296,2,2,2,EI,CN,1,True,2
40352,1,1,1,EI,CN,1,True,1
40376,1,1,1,EI,CN,1,True,1
40497,2,2,2,EI,CN,1,True,2
40535,1,1,1,EI,CN,1,True,1
40542,2,2,2,EI,CN,1,True,2
40622,2,2,2,EI,CN,1,True,2
40625,2,2,2,EI,CN,1,True,2
40653,2,2,2,EI,CN,1,True,2
40762,1,1,1,EI,CN,1,True,1
40853,1,1,1,EI,CN,1,True,1
40855,2,2,2,EI,CN,1,True,2
40857,2,2,2,EI,CN,1,True,2
40920,1,1,1,EI,CN,1,True,1
40923,2,2,2,EI,CN,1,True,2
40969,1,1,1,EI,CN,1,True,1
40991,1,1,1,EI,CN,1,True,1
41001,2,2,2,EI,CN,1,True,2
41077,1,1,1,EI,CN,1,True,1
41103,2,2,2,EI,CN,1,True,2
41150,2,2,2,EI,CN,1,True,2
41152,1,1,1,EI,CN,1,True,1
41237,1,1,1,EI,CN,1,True,1
41239,1,1,1,EI,CN,1,True,1
41273,1,1,1,EI,CN,1,True,1
41360,2,2,2,EI,CN,1,True,2
41368,1,1,1,EI,CN,1,True,1
41416,1,1,1,EI,CN,1,True,1
41457,2,2,2,EI,CN,1,True,2
41472,1,1,1,EI,CN,1,True,1
41514,1,1,1,EI,CN,1,True,1
41581,2,2,2,EI,CN,1,True,2
41590,1,1,1,EI,CN,1,True,1
41607,1,1,1,EI,CN,1,True,1
41636,1,1,1,EI,CN,1,True,1
41704,1,1,1,EI,CN,1,True,1
41829,1,1,1,EI,CN,1,True,1
41836,1,1,1,EI,CN,1,True,1
41906,2,2,2,EI,CN,1,True,2
41973,2,2,2,EI,CN,1,True,2
42006,1,2,2,EI,CN,0,False,1
42040,1,1,1,EI,CN,1,True,1
42067,1,1,1,EI,CN,1,True,1
42086,2,2,2,EI,CN,1,True,2
42112,2,2,2,EI,CN,1,True,2
42166,2,2,2,EI,CN,1,True,2
42174,2,2,2,EI,CN,1,True,2
42185,2,2,2,EI,CN,1,True,2
42228,2,2,2,EI,CN,1,True,2
42330,1,1,1,EI,CN,1,True,1
42335,2,2,2,EI,CN,1,True,2
42344,1,1,1,EI,CN,1,True,1
42391,2,2,2,EI,CN,1,True,2
42428,1,1,1,EI,CN,1,True,1
42468,2,2,2,EI,CN,1,True,2
42520,1,1,1,EI,CN,1,True,1
42521,1,1,1,EI,CN,1,True,1
42568,1,1,1,EI,CN,1,True,1
42572,2,2,2,EI,CN,1,True,2
42585,1,1,1,EI,CN,1,True,1
42609,2,2,2,EI,CN,1,True,2
42690,2,2,2,EI,CN,1,True,2
42714,2,2,2,EI,CN,1,True,2
42742,1,1,1,EI,CN,1,True,1
42860,2,2,2,EI,CN,1,True,2
42886,2,2,2,EI,CN,1,True,2
42922,2,2,2,EI,CN,1,True,2
43042,1,1,1,EI,CN,1,True,1
43070,2,2,2,EI,CN,1,True,2
43113,1,1,1,EI,CN,1,True,1
43164,2,2,2,EI,CN,1,True,2
43191,1,1,1,EI,CN,1,True,1
43285,1,1,1,EI,CN,1,True,1
43295,2,2,2,EI,CN,1,True,2
43350,2,2,2,EI,CN,1,True,2
43486,1,1,1,EI,CN,1,True,1
43526,2,2,2,EI,CN,1,True,2
43621,2,2,2,EI,CN,1,True,2
43668,2,2,2,EI,CN,1,True,2
43764,2,2,2,EI,CN,1,True,2
43800,1,1,1,EI,CN,1,True,1
43811,2,2,2,EI,CN,1,True,2
43878,1,1,1,EI,CN,1,True,1
44063,2,2,2,EI,CN,1,True,2
44064,2,2,2,EI,CN,1,True,2
44147,1,1,1,EI,CN,1,True,1
44167,2,2,2,EI,CN,1,True,2
44178,2,2,2,EI,CN,1,True,2
44313,2,2,2,EI,CN,1,True,2
44380,1,1,1,EI,CN,1,True,1
44400,1,1,1,EI,CN,1,True,1
44415,2,2,2,EI,CN,1,True,2
44430,2,2,2,EI,CN,1,True,2
44444,2,2,2,EI,CN,1,True,2
44458,2,2,2,EI,CN,1,True,2
44475,1,1,1,EI,CN,1,True,1
44479,2,2,2,EI,CN,1,True,2
44628,1,1,1,EI,CN,1,True,1
44682,1,1,1,EI,CN,1,True,1
44743,1,1,1,EI,CN,1,True,1
44812,1,2,1,EI,CN,0,False,1
44833,2,2,2,EI,CN,1,True,2
44841,1,1,1,EI,CN,1,True,1
44887,2,2,2,EI,CN,1,True,2
44967,1,1,1,EI,CN,1,True,1
45012,2,2,2,EI,CN,1,True,2
45024,1,1,1,EI,CN,1,True,1
45075,2,2,2,EI,CN,1,True,2
45117,2,2,2,EI,CN,1,True,2
45137,2,2,2,EI,CN,1,True,2
45175,2,2,2,EI,CN,1,True,2
45184,1,1,1,EI,CN,1,True,1
45190,2,1,2,EI,CN,0,False,2
45199,1,1,1,EI,CN,1,True,1
45289,1,2,1,EI,CN,0,False,1
45314,1,1,1,EI,CN,1,True,1
45337,1,1,1,EI,CN,1,True,1
45340,2,2,2,EI,CN,1,True,2
45390,2,2,2,EI,CN,1,True,2
45424,2,2,2,EI,CN,1,True,2
45470,2,2,2,EI,CN,1,True,2
45492,1,1,1,EI,CN,1,True,1
45529,2,2,2,EI,CN,1,True,2
45544,2,2,2,EI,CN,1,True,2
45784,1,1,1,EI,CN,1,True,1
45800,2,2,2,EI,CN,1,True,2
45811,2,2,2,EI,CN,1,True,2
45837,1,1,1,EI,CN,1,True,1
45857,2,2,2,EI,CN,1,True,2
45893,2,2,2,EI,CN,1,True,2
45919,2,2,2,EI,CN,1,True,2
45938,2,2,2,EI,CN,1,True,2
45983,1,1,1,EI,CN,1,True,1
45985,1,1,1,EI,CN,1,True,1
46026,2,2,2,EI,CN,1,True,2
46132,1,1,1,EI,CN,1,True,1
46147,1,1,1,EI,CN,1,True,1
46160,1,1,1,EI,CN,1,True,1
46218,2,2,2,EI,CN,1,True,2
46346,1,1,1,EI,CN,1,True,1
46371,2,2,2,EI,CN,1,True,2
46372,2,2,2,EI,CN,1,True,2
46555,2,2,2,EI,CN,1,True,2
46569,2,2,2,EI,CN,1,True,2
46595,2,2,2,EI,CN,1,True,2
46674,1,1,1,EI,CN,1,True,1
46707,1,1,1,EI,CN,1,True,1
46710,2,2,2,EI,CN,1,True,2
46751,2,2,2,EI,CN,1,True,2
46756,1,1,1,EI,CN,1,True,1
46758,2,2,2,EI,CN,1,True,2
46810,2,2,2,EI,CN,1,True,2
46859,2,2,2,EI,CN,1,True,2
46880,1,1,1,EI,CN,1,True,1
46894,2,2,2,EI,CN,1,True,2
46969,2,2,2,EI,CN,1,True,2
47024,1,2,1,EI,CN,0,False,1
47060,2,2,2,EI,CN,1,True,2
47065,1,1,1,EI,CN,1,True,1
47097,1,1,1,EI,CN,1,True,1
47139,2,2,2,EI,CN,1,True,2
47169,2,2,2,EI,CN,1,True,2
47174,2,2,2,EI,CN,1,True,2
47216,2,2,2,EI,CN,1,True,2
47246,2,2,2,EI,CN,1,True,2
47249,2,2,2,EI,CN,1,True,2
47362,1,1,1,EI,CN,1,True,1
47371,1,1,1,EI,CN,1,True,1
47560,1,1,1,EI,CN,1,True,1
47603,1,1,1,EI,CN,1,True,1
47619,2,2,2,EI,CN,1,True,2
47632,1,1,1,EI,CN,1,True,1
47865,2,2,2,EI,CN,1,True,2
47886,1,1,1,EI,CN,1,True,1
48180,2,2,2,EI,CN,1,True,2
48182,1,1,1,EI,CN,1,True,1
48217,2,2,2,EI,CN,1,True,2
48246,1,1,1,EI,CN,1,True,1
48295,2,2,2,EI,CN,1,True,2
48329,1,1,1,EI,CN,1,True,1
48352,1,1,1,EI,CN,1,True,1
48355,2,2,2,EI,CN,1,True,2
48359,1,1,1,EI,CN,1,True,1
48434,1,1,1,EI,CN,1,True,1
48441,1,1,1,EI,CN,1,True,1
48449,2,2,2,EI,CN,1,True,2
48506,2,2,2,EI,CN,1,True,2
48538,1,2,1,EI,CN,0,False,1
48541,1,1,1,EI,CN,1,True,1
48562,2,2,2,EI,CN,1,True,2
48563,2,2,2,EI,CN,1,True,2
48566,1,1,1,EI,CN,1,True,1
48587,2,1,2,EI,CN,0,False,2
48607,2,2,2,EI,CN,1,True,2
48618,1,1,1,EI,CN,1,True,1
48722,1,1,1,EI,CN,1,True,1
48728,1,1,1,EI,CN,1,True,1
48859,2,2,2,EI,CN,1,True,2
48898,1,1,1,EI,CN,1,True,1
48976,2,2,2,EI,CN,1,True,2
49004,1,1,1,EI,CN,1,True,1
49029,1,1,1,EI,CN,1,True,1
49047,1,1,1,EI,CN,1,True,1
49052,1,1,1,EI,CN,1,True,1
49095,1,1,1,EI,CN,1,True,1
49132,1,1,1,EI,CN,1,True,1
49146,1,1,1,EI,CN,1,True,1
49168,1,2,1,EI,CN,0,False,1
49182,1,1,1,EI,CN,1,True,1
49189,1,1,1,EI,CN,1,True,1
49213,1,1,1,EI,CN,1,True,1
49228,1,1,1,EI,CN,1,True,1
49239,1,1,1,EI,CN,1,True,1
49242,2,2,2,EI,CN,1,True,2
49325,1,1,1,EI,CN,1,True,1
49400,1,2,1,EI,CN,0,False,1
49460,1,1,1,EI,CN,1,True,1
49550,1,1,1,EI,CN,1,True,1
49700,1,1,1,EI,CN,1,True,1
49737,1,1,1,EI,CN,1,True,1
49765,1,1,1,EI,CN,1,True,1
49777,1,1,1,EI,CN,1,True,1
49804,2,2,2,EI,CN,1,True,2
49855,2,2,2,EI,CN,1,True,2
49870,2,2,2,EI,CN,1,True,2
49943,2,2,2,EI,CN,1,True,2
49950,2,2,2,EI,CN,1,True,2
49959,2,2,2,EI,CN,1,True,2
49971,2,2,2,EI,CN,1,True,2
55,2,2,2,EI,CT,1,True,2
107,2,2,2,EI,CT,1,True,2
176,1,1,1,EI,CT,1,True,1
257,1,1,1,EI,CT,1,True,1
283,1,2,1,EI,CT,0,False,1
284,2,2,2,EI,CT,1,True,2
287,1,1,1,EI,CT,1,True,1
310,2,2,2,EI,CT,1,True,2
337,2,2,2,EI,CT,1,True,2
379,2,2,2,EI,CT,1,True,2
393,2,2,2,EI,CT,1,True,2
405,2,2,2,EI,CT,1,True,2
423,1,1,1,EI,CT,1,True,1
450,2,2,2,EI,CT,1,True,2
504,2,2,2,EI,CT,1,True,2
525,2,2,2,EI,CT,1,True,2
545,1,1,1,EI,CT,1,True,1
626,2,2,2,EI,CT,1,True,2
715,2,2,2,EI,CT,1,True,2
722,1,1,1,EI,CT,1,True,1
793,2,2,2,EI,CT,1,True,2
804,2,2,2,EI,CT,1,True,2
813,2,2,2,EI,CT,1,True,2
856,2,2,2,EI,CT,1,True,2
893,2,2,2,EI,CT,1,True,2
922,1,1,1,EI,CT,1,True,1
1029,2,2,2,EI,CT,1,True,2
1057,1,1,1,EI,CT,1,True,1
1106,1,1,1,EI,CT,1,True,1
1176,2,2,2,EI,CT,1,True,2
1199,1,1,1,EI,CT,1,True,1
1200,2,2,2,EI,CT,1,True,2
1205,2,2,1,EI,CT,0,False,2
1227,2,2,2,EI,CT,1,True,2
1261,2,2,2,EI,CT,1,True,2
1285,1,2,2,EI,CT,0,False,1
1290,1,1,1,EI,CT,1,True,1
1347,1,1,1,EI,CT,1,True,1
1352,2,2,2,EI,CT,1,True,2
1363,2,2,2,EI,CT,1,True,2
1421,1,1,1,EI,CT,1,True,1
1434,2,2,2,EI,CT,1,True,2
1481,1,1,1,EI,CT,1,True,1
1545,1,1,1,EI,CT,1,True,1
1552,1,1,1,EI,CT,1,True,1
1573,1,1,1,EI,CT,1,True,1
1656,2,2,2,EI,CT,1,True,2
1687,1,1,1,EI,CT,1,True,1
1707,2,2,2,EI,CT,1,True,2
1733,2,2,2,EI,CT,1,True,2
1735,2,2,2,EI,CT,1,True,2
1755,2,2,2,EI,CT,1,True,2
1808,2,2,2,EI,CT,1,True,2
1814,2,2,2,EI,CT,1,True,2
1819,2,2,2,EI,CT,1,True,2
1822,1,1,1,EI,CT,1,True,1
1823,1,1,1,EI,CT,1,True,1
1862,1,1,1,EI,CT,1,True,1
2004,2,2,2,EI,CT,1,True,2
2039,2,2,2,EI,CT,1,True,2
2055,1,1,1,EI,CT,1,True,1
2068,2,2,2,EI,CT,1,True,2
2081,1,1,1,EI,CT,1,True,1
2155,2,2,2,EI,CT,1,True,2
2170,1,1,1,EI,CT,1,True,1
2221,2,2,2,EI,CT,1,True,2
2288,2,2,2,EI,CT,1,True,2
2375,2,2,2,EI,CT,1,True,2
2379,1,1,1,EI,CT,1,True,1
2408,1,1,1,EI,CT,1,True,1
2426,2,2,2,EI,CT,1,True,2
2584,2,2,2,EI,CT,1,True,2
2585,1,1,1,EI,CT,1,True,1
2599,1,1,2,EI,CT,0,False,1
2600,1,1,1,EI,CT,1,True,1
2732,2,2,2,EI,CT,1,True,2
2844,1,1,1,EI,CT,1,True,1
2891,2,2,2,EI,CT,1,True,2
2932,2,2,2,EI,CT,1,True,2
2983,1,1,1,EI,CT,1,True,1
3056,1,1,1,EI,CT,1,True,1
3081,1,1,1,EI,CT,1,True,1
3102,1,1,1,EI,CT,1,True,1
3191,1,1,1,EI,CT,1,True,1
3230,1,1,1,EI,CT,1,True,1
3297,1,1,1,EI,CT,1,True,1
3363,1,1,1,EI,CT,1,True,1
3367,2,2,2,EI,CT,1,True,2
3385,1,1,1,EI,CT,1,True,1
3400,1,1,1,EI,CT,1,True,1
3418,1,1,1,EI,CT,1,True,1
3429,2,2,2,EI,CT,1,True,2
3440,1,1,1,EI,CT,1,True,1
3512,2,2,2,EI,CT,1,True,2
3524,1,1,1,EI,CT,1,True,1
3567,1,1,1,EI,CT,1,True,1
3631,2,2,2,EI,CT,1,True,2
3811,2,2,2,EI,CT,1,True,2
3824,1,1,1,EI,CT,1,True,1
3839,1,1,1,EI,CT,1,True,1
3867,1,1,1,EI,CT,1,True,1
3868,1,2,1,EI,CT,0,False,1
3912,1,1,1,EI,CT,1,True,1
3929,1,1,1,EI,CT,1,True,1
3954,2,2,2,EI,CT,1,True,2
3971,2,2,2,EI,CT,1,True,2
3979,2,2,2,EI,CT,1,True,2
4011,1,1,2,EI,CT,0,False,1
4017,1,1,1,EI,CT,1,True,1
4066,2,2,2,EI,CT,1,True,2
4087,2,2,2,EI,CT,1,True,2
4153,2,2,2,EI,CT,1,True,2
4182,1,1,1,EI,CT,1,True,1
4187,1,1,1,EI,CT,1,True,1
4207,1,1,1,EI,CT,1,True,1
4211,1,1,1,EI,CT,1,True,1
4303,1,1,1,EI,CT,1,True,1
4314,1,1,1,EI,CT,1,True,1
4339,2,2,2,EI,CT,1,True,2
4348,2,2,2,EI,CT,1,True,2
4447,1,1,1,EI,CT,1,True,1
4462,1,1,1,EI,CT,1,True,1
4591,1,1,1,EI,CT,1,True,1
4624,2,2,2,EI,CT,1,True,2
4651,2,2,2,EI,CT,1,True,2
4652,1,1,1,EI,CT,1,True,1
4663,1,1,1,EI,CT,1,True,1
4706,2,2,2,EI,CT,1,True,2
4716,1,1,1,EI,CT,1,True,1
4744,2,2,2,EI,CT,1,True,2
4767,1,1,1,EI,CT,1,True,1
4795,1,1,1,EI,CT,1,True,1
4797,1,1,1,EI,CT,1,True,1
4812,2,2,2,EI,CT,1,True,2
4827,2,2,2,EI,CT,1,True,2
4829,2,2,2,EI,CT,1,True,2
4851,2,2,2,EI,CT,1,True,2
4856,2,2,1,EI,CT,0,False,2
4865,1,1,1,EI,CT,1,True,1
4871,1,1,1,EI,CT,1,True,1
4927,2,2,2,EI,CT,1,True,2
4937,1,2,2,EI,CT,0,False,1
5006,2,2,2,EI,CT,1,True,2
5009,1,1,1,EI,CT,1,True,1
5024,1,1,1,EI,CT,1,True,1
5070,1,1,1,EI,CT,1,True,1
5086,2,2,2,EI,CT,1,True,2
5105,1,2,2,EI,CT,0,False,1
5119,1,1,1,EI,CT,1,True,1
5120,2,2,2,EI,CT,1,True,2
5159,1,1,1,EI,CT,1,True,1
5406,1,1,1,EI,CT,1,True,1
5424,2,2,2,EI,CT,1,True,2
5475,2,2,2,EI,CT,1,True,2
5499,1,1,1,EI,CT,1,True,1
5570,1,1,1,EI,CT,1,True,1
5586,2,2,2,EI,CT,1,True,2
5619,2,2,2,EI,CT,1,True,2
5651,1,1,1,EI,CT,1,True,1
5741,2,2,2,EI,CT,1,True,2
5797,2,2,2,EI,CT,1,True,2
5824,2,2,2,EI,CT,1,True,2
5829,1,1,1,EI,CT,1,True,1
5834,1,1,1,EI,CT,1,True,1
5906,2,2,2,EI,CT,1,True,2
5913,2,2,2,EI,CT,1,True,2
5938,2,2,2,EI,CT,1,True,2
5957,2,2,2,EI,CT,1,True,2
5998,2,2,2,EI,CT,1,True,2
6010,2,2,2,EI,CT,1,True,2
6059,2,2,2,EI,CT,1,True,2
6111,1,1,1,EI,CT,1,True,1
6137,1,1,1,EI,CT,1,True,1
6156,1,1,1,EI,CT,1,True,1
6252,1,1,1,EI,CT,1,True,1
6253,2,2,2,EI,CT,1,True,2
6255,2,2,2,EI,CT,1,True,2
6295,1,1,1,EI,CT,1,True,1
6347,1,1,1,EI,CT,1,True,1
6374,1,1,1,EI,CT,1,True,1
6420,1,1,1,EI,CT,1,True,1
6452,1,1,1,EI,CT,1,True,1
6465,1,1,1,EI,CT,1,True,1
6484,2,2,2,EI,CT,1,True,2
6488,1,1,1,EI,CT,1,True,1
6519,1,2,2,EI,CT,0,False,1
6527,1,1,1,EI,CT,1,True,1
6595,1,1,1,EI,CT,1,True,1
6631,1,1,1,EI,CT,1,True,1
6692,1,2,2,EI,CT,0,False,1
6715,2,2,2,EI,CT,1,True,2
6728,1,1,1,EI,CT,1,True,1
6756,2,2,2,EI,CT,1,True,2
6812,1,1,1,EI,CT,1,True,1
6824,1,1,1,EI,CT,1,True,1
6826,2,2,2,EI,CT,1,True,2
6842,1,1,1,EI,CT,1,True,1
6867,1,1,1,EI,CT,1,True,1
6868,2,2,2,EI,CT,1,True,2
6899,2,2,2,EI,CT,1,True,2
6965,2,1,1,EI,CT,0,False,2
6977,2,2,2,EI,CT,1,True,2
6991,1,1,1,EI,CT,1,True,1
7001,2,2,2,EI,CT,1,True,2
7004,1,1,1,EI,CT,1,True,1
7042,2,2,2,EI,CT,1,True,2
7070,2,2,2,EI,CT,1,True,2
7096,1,1,1,EI,CT,1,True,1
7099,1,1,1,EI,CT,1,True,1
7194,2,2,2,EI,CT,1,True,2
7220,2,2,2,EI,CT,1,True,2
7235,2,2,2,EI,CT,1,True,2
7313,2,2,2,EI,CT,1,True,2
7387,1,1,1,EI,CT,1,True,1
7407,1,1,1,EI,CT,1,True,1
7430,2,2,2,EI,CT,1,True,2
7439,1,1,1,EI,CT,1,True,1
7451,2,2,2,EI,CT,1,True,2
7498,2,2,2,EI,CT,1,True,2
7550,1,1,1,EI,CT,1,True,1
7553,2,2,2,EI,CT,1,True,2
7555,1,1,1,EI,CT,1,True,1
7581,2,2,2,EI,CT,1,True,2
7599,2,2,2,EI,CT,1,True,2
7631,1,1,1,EI,CT,1,True,1
7654,1,1,1,EI,CT,1,True,1
7687,1,1,1,EI,CT,1,True,1
7723,1,1,1,EI,CT,1,True,1
7756,1,1,1,EI,CT,1,True,1
7832,2,2,2,EI,CT,1,True,2
7887,1,1,1,EI,CT,1,True,1
7894,1,1,1,EI,CT,1,True,1
7915,2,2,2,EI,CT,1,True,2
7949,2,2,2,EI,CT,1,True,2
7966,1,1,1,EI,CT,1,True,1
7972,1,1,1,EI,CT,1,True,1
7992,1,1,1,EI,CT,1,True,1
8015,2,2,2,EI,CT,1,True,2
8033,1,1,1,EI,CT,1,True,1
8139,1,1,1,EI,CT,1,True,1
8217,1,1,1,EI,CT,1,True,1
8268,2,2,2,EI,CT,1,True,2
8339,1,1,1,EI,CT,1,True,1
8366,2,2,2,EI,CT,1,True,2
8444,1,1,1,EI,CT,1,True,1
8477,1,1,1,EI,CT,1,True,1
8580,2,2,2,EI,CT,1,True,2
8614,1,1,1,EI,CT,1,True,1
8630,2,2,2,EI,CT,1,True,2
8637,1,1,1,EI,CT,1,True,1
8672,1,1,1,EI,CT,1,True,1
8800,1,1,1,EI,CT,1,True,1
8816,2,2,2,EI,CT,1,True,2
8902,2,2,2,EI,CT,1,True,2
8923,2,2,2,EI,CT,1,True,2
8948,1,1,1,EI,CT,1,True,1
8993,1,1,1,EI,CT,1,True,1
9004,1,1,1,EI,CT,1,True,1
9089,2,2,2,EI,CT,1,True,2
9102,2,2,2,EI,CT,1,True,2
9120,1,1,1,EI,CT,1,True,1
9134,2,2,2,EI,CT,1,True,2
9246,2,2,2,EI,CT,1,True,2
9268,1,1,1,EI,CT,1,True,1
9324,2,2,2,EI,CT,1,True,2
9325,1,1,1,EI,CT,1,True,1
9349,2,2,2,EI,CT,1,True,2
9357,2,2,2,EI,CT,1,True,2
9417,1,1,1,EI,CT,1,True,1
9459,2,2,1,EI,CT,0,False,2
9465,1,1,1,EI,CT,1,True,1
9469,2,2,2,EI,CT,1,True,2
9473,1,1,2,EI,CT,0,False,1
9485,2,2,2,EI,CT,1,True,2
9544,1,1,1,EI,CT,1,True,1
9595,1,1,1,EI,CT,1,True,1
9632,2,2,2,EI,CT,1,True,2
9635,2,2,2,EI,CT,1,True,2
9677,2,2,2,EI,CT,1,True,2
9715,1,1,1,EI,CT,1,True,1
9724,1,1,1,EI,CT,1,True,1
9774,2,2,2,EI,CT,1,True,2
9796,1,1,1,EI,CT,1,True,1
9892,2,2,2,EI,CT,1,True,2
9899,1,1,1,EI,CT,1,True,1
9907,2,2,2,EI,CT,1,True,2
9934,1,1,1,EI,CT,1,True,1
9955,1,1,1,EI,CT,1,True,1
9987,1,1,1,EI,CT,1,True,1
10022,1,1,1,EI,CT,1,True,1
10156,1,1,1,EI,CT,1,True,1
10163,1,1,1,EI,CT,1,True,1
10174,1,1,1,EI,CT,1,True,1
10187,2,2,2,EI,CT,1,True,2
10189,1,2,1,EI,CT,0,False,1
10210,1,1,1,EI,CT,1,True,1
10301,1,1,1,EI,CT,1,True,1
10328,1,1,1,EI,CT,1,True,1
10330,2,2,2,EI,CT,1,True,2
10361,1,2,1,EI,CT,0,False,1
10375,1,1,1,EI,CT,1,True,1
10400,1,1,1,EI,CT,1,True,1
10423,2,2,2,EI,CT,1,True,2
10434,1,1,1,EI,CT,1,True,1
10450,2,2,2,EI,CT,1,True,2
10566,2,2,2,EI,CT,1,True,2
10600,1,1,1,EI,CT,1,True,1
10610,2,2,2,EI,CT,1,True,2
10621,2,2,2,EI,CT,1,True,2
10626,2,2,2,EI,CT,1,True,2
10634,2,2,2,EI,CT,1,True,2
10713,1,1,1,EI,CT,1,True,1
10771,2,2,2,EI,CT,1,True,2
10803,1,2,1,EI,CT,0,False,1
10910,2,2,2,EI,CT,1,True,2
10954,2,2,2,EI,CT,1,True,2
10978,1,1,1,EI,CT,1,True,1
11024,2,2,2,EI,CT,1,True,2
11101,1,1,1,EI,CT,1,True,1
11102,1,1,1,EI,CT,1,True,1
11112,1,1,1,EI,CT,1,True,1
11120,2,2,2,EI,CT,1,True,2
11132,1,1,1,EI,CT,1,True,1
11189,2,2,2,EI,CT,1,True,2
11241,1,1,1,EI,CT,1,True,1
11264,2,2,2,EI,CT,1,True,2
11283,2,2,2,EI,CT,1,True,2
11511,2,2,2,EI,CT,1,True,2
11514,1,1,1,EI,CT,1,True,1
11523,2,2,2,EI,CT,1,True,2
11525,1,1,1,EI,CT,1,True,1
11553,1,1,1,EI,CT,1,True,1
11596,1,1,1,EI,CT,1,True,1
11603,1,1,1,EI,CT,1,True,1
11617,1,2,2,EI,CT,0,False,1
11630,1,1,1,EI,CT,1,True,1
11647,1,1,1,EI,CT,1,True,1
11742,2,2,2,EI,CT,1,True,2
11786,1,1,1,EI,CT,1,True,1
11850,2,2,2,EI,CT,1,True,2
11870,1,1,1,EI,CT,1,True,1
11874,1,1,1,EI,CT,1,True,1
11930,1,1,1,EI,CT,1,True,1
11935,2,2,2,EI,CT,1,True,2
11967,1,1,1,EI,CT,1,True,1
12012,2,2,2,EI,CT,1,True,2
12074,1,1,1,EI,CT,1,True,1
12143,2,2,2,EI,CT,1,True,2
12151,1,1,1,EI,CT,1,True,1
12153,1,1,1,EI,CT,1,True,1
12219,1,1,1,EI,CT,1,True,1
12271,2,2,2,EI,CT,1,True,2
12284,2,2,2,EI,CT,1,True,2
12285,1,1,1,EI,CT,1,True,1
12301,1,1,1,EI,CT,1,True,1
12305,1,1,1,EI,CT,1,True,1
12323,1,1,1,EI,CT,1,True,1
12429,2,2,2,EI,CT,1,True,2
12472,2,2,2,EI,CT,1,True,2
12486,2,2,2,EI,CT,1,True,2
12494,1,1,1,EI,CT,1,True,1
12627,1,1,1,EI,CT,1,True,1
12645,1,1,1,EI,CT,1,True,1
12732,1,1,1,EI,CT,1,True,1
12798,2,2,2,EI,CT,1,True,2
12830,2,2,2,EI,CT,1,True,2
12860,2,2,2,EI,CT,1,True,2
12896,1,1,1,EI,CT,1,True,1
12903,2,2,2,EI,CT,1,True,2
12926,2,2,2,EI,CT,1,True,2
12936,2,2,2,EI,CT,1,True,2
12948,2,2,2,EI,CT,1,True,2
12975,2,2,2,EI,CT,1,True,2
12998,2,2,2,EI,CT,1,True,2
13035,1,1,1,EI,CT,1,True,1
13050,2,2,2,EI,CT,1,True,2
13061,1,1,2,EI,CT,0,False,1
13113,2,2,2,EI,CT,1,True,2
13115,2,2,2,EI,CT,1,True,2
13137,2,2,2,EI,CT,1,True,2
13141,1,1,1,EI,CT,1,True,1
13200,1,1,1,EI,CT,1,True,1
13227,2,2,2,EI,CT,1,True,2
13300,1,2,1,EI,CT,0,False,1
13319,1,1,1,EI,CT,1,True,1
13334,1,1,1,EI,CT,1,True,1
13384,1,1,1,EI,CT,1,True,1
13400,1,1,1,EI,CT,1,True,1
13447,2,2,2,EI,CT,1,True,2
13469,2,2,2,EI,CT,1,True,2
13484,2,2,2,EI,CT,1,True,2
13518,2,2,2,EI,CT,1,True,2
13531,1,1,1,EI,CT,1,True,1
13562,2,2,2,EI,CT,1,True,2
13726,2,2,2,EI,CT,1,True,2
13785,1,1,1,EI,CT,1,True,1
13843,2,2,2,EI,CT,1,True,2
13864,2,2,2,EI,CT,1,True,2
13874,1,1,1,EI,CT,1,True,1
13920,1,1,1,EI,CT,1,True,1
13923,2,2,2,EI,CT,1,True,2
13996,1,1,1,EI,CT,1,True,1
14011,2,2,2,EI,CT,1,True,2
14047,2,2,2,EI,CT,1,True,2
14055,2,2,2,EI,CT,1,True,2
14074,2,2,2,EI,CT,1,True,2
14137,2,2,2,EI,CT,1,True,2
14139,2,2,2,EI,CT,1,True,2
14224,2,2,2,EI,CT,1,True,2
14259,1,1,1,EI,CT,1,True,1
14300,1,1,1,EI,CT,1,True,1
14325,1,1,1,EI,CT,1,True,1
14408,1,1,1,EI,CT,1,True,1
14410,1,2,1,EI,CT,0,False,1
14469,1,1,1,EI,CT,1,True,1
14488,1,1,1,EI,CT,1,True,1
14532,2,2,2,EI,CT,1,True,2
14550,2,2,2,EI,CT,1,True,2
14557,1,1,1,EI,CT,1,True,1
14581,2,2,2,EI,CT,1,True,2
14617,2,2,2,EI,CT,1,True,2
14707,1,1,1,EI,CT,1,True,1
14759,2,2,2,EI,CT,1,True,2
14793,1,1,1,EI,CT,1,True,1
14796,2,2,2,EI,CT,1,True,2
14818,1,1,1,EI,CT,1,True,1
14845,2,2,2,EI,CT,1,True,2
14858,2,2,2,EI,CT,1,True,2
14868,1,1,1,EI,CT,1,True,1
14900,1,1,1,EI,CT,1,True,1
14932,2,2,2,EI,CT,1,True,2
14970,2,2,2,EI,CT,1,True,2
14988,2,2,2,EI,CT,1,True,2
15035,1,1,1,EI,CT,1,True,1
15066,2,2,2,EI,CT,1,True,2
15131,1,1,1,EI,CT,1,True,1
15133,2,2,2,EI,CT,1,True,2
15176,2,2,2,EI,CT,1,True,2
15189,1,1,1,EI,CT,1,True,1
15254,1,1,1,EI,CT,1,True,1
15290,1,1,1,EI,CT,1,True,1
15363,2,2,2,EI,CT,1,True,2
15452,2,2,2,EI,CT,1,True,2
15473,1,2,2,EI,CT,0,False,1
15535,2,2,2,EI,CT,1,True,2
15538,1,1,1,EI,CT,1,True,1
15555,2,2,2,EI,CT,1,True,2
15585,2,2,2,EI,CT,1,True,2
15614,2,2,2,EI,CT,1,True,2
15620,2,2,2,EI,CT,1,True,2
15693,1,1,1,EI,CT,1,True,1
15721,2,2,2,EI,CT,1,True,2
15735,1,1,1,EI,CT,1,True,1
15770,1,2,2,EI,CT,0,False,1
15799,2,2,2,EI,CT,1,True,2
15810,1,1,1,EI,CT,1,True,1
15822,1,1,1,EI,CT,1,True,1
15883,1,1,1,EI,CT,1,True,1
15894,1,1,1,EI,CT,1,True,1
15938,1,1,1,EI,CT,1,True,1
15980,2,2,2,EI,CT,1,True,2
16011,1,1,1,EI,CT,1,True,1
16114,1,1,1,EI,CT,1,True,1
16120,1,1,1,EI,CT,1,True,1
16170,2,2,2,EI,CT,1,True,2
16174,1,1,1,EI,CT,1,True,1
16204,1,1,1,EI,CT,1,True,1
16212,1,1,1,EI,CT,1,True,1
16213,1,1,1,EI,CT,1,True,1
16230,1,1,1,EI,CT,1,True,1
16264,1,1,1,EI,CT,1,True,1
16339,1,1,1,EI,CT,1,True,1
16355,2,2,2,EI,CT,1,True,2
16386,1,2,2,EI,CT,0,False,1
16398,1,1,1,EI,CT,1,True,1
16457,1,2,2,EI,CT,0,False,1
16521,2,2,1,EI,CT,0,False,2
16572,1,1,1,EI,CT,1,True,1
16600,1,1,1,EI,CT,1,True,1
16614,1,1,1,EI,CT,1,True,1
16642,1,1,1,EI,CT,1,True,1
16731,1,1,1,EI,CT,1,True,1
16801,2,2,2,EI,CT,1,True,2
16845,1,1,1,EI,CT,1,True,1
16858,2,2,2,EI,CT,1,True,2
16891,1,1,1,EI,CT,1,True,1
16903,1,1,1,EI,CT,1,True,1
16977,1,1,1,EI,CT,1,True,1
17002,2,2,2,EI,CT,1,True,2
17048,1,1,1,EI,CT,1,True,1
17079,2,2,2,EI,CT,1,True,2
17082,2,1,2,EI,CT,0,False,2
17121,2,2,2,EI,CT,1,True,2
17165,2,2,2,EI,CT,1,True,2
17212,1,1,1,EI,CT,1,True,1
17227,1,1,1,EI,CT,1,True,1
17241,2,2,2,EI,CT,1,True,2
17280,2,2,2,EI,CT,1,True,2
17322,1,1,1,EI,CT,1,True,1
17355,2,2,2,EI,CT,1,True,2
17361,1,1,1,EI,CT,1,True,1
17364,1,1,1,EI,CT,1,True,1
17386,2,2,2,EI,CT,1,True,2
17423,2,2,2,EI,CT,1,True,2
17455,1,1,1,EI,CT,1,True,1
17468,1,1,1,EI,CT,1,True,1
17475,1,1,1,EI,CT,1,True,1
17553,1,2,1,EI,CT,0,False,1
17585,2,2,2,EI,CT,1,True,2
17693,1,1,1,EI,CT,1,True,1
17744,2,2,2,EI,CT,1,True,2
17746,2,2,2,EI,CT,1,True,2
17792,1,1,1,EI,CT,1,True,1
17806,2,2,2,EI,CT,1,True,2
17841,2,2,2,EI,CT,1,True,2
17877,1,1,1,EI,CT,1,True,1
17885,2,2,2,EI,CT,1,True,2
17914,1,1,1,EI,CT,1,True,1
17929,1,2,1,EI,CT,0,False,1
17963,2,2,2,EI,CT,1,True,2
18223,2,2,2,EI,CT,1,True,2
18290,1,1,1,EI,CT,1,True,1
18337,1,1,1,EI,CT,1,True,1
18550,2,2,2,EI,CT,1,True,2
18553,2,1,2,EI,CT,0,False,2
18597,1,1,1,EI,CT,1,True,1
18613,2,2,2,EI,CT,1,True,2
18630,2,2,2,EI,CT,1,True,2
18631,1,1,1,EI,CT,1,True,1
18643,1,1,1,EI,CT,1,True,1
18652,1,1,1,EI,CT,1,True,1
18656,2,2,2,EI,CT,1,True,2
18670,1,1,1,EI,CT,1,True,1
18805,1,1,1,EI,CT,1,True,1
18806,1,1,1,EI,CT,1,True,1
18820,1,1,1,EI,CT,1,True,1
18839,2,2,2,EI,CT,1,True,2
18874,1,1,1,EI,CT,1,True,1
18886,1,1,1,EI,CT,1,True,1
18935,1,1,1,EI,CT,1,True,1
18961,2,2,2,EI,CT,1,True,2
18970,1,1,1,EI,CT,1,True,1
18998,2,2,2,EI,CT,1,True,2
19036,2,2,2,EI,CT,1,True,2
19045,2,2,2,EI,CT,1,True,2
19113,2,2,2,EI,CT,1,True,2
19164,2,2,2,EI,CT,1,True,2
19267,2,2,2,EI,CT,1,True,2
19295,1,1,1,EI,CT,1,True,1
19331,2,2,2,EI,CT,1,True,2
19341,1,1,1,EI,CT,1,True,1
19363,1,1,1,EI,CT,1,True,1
19383,1,1,1,EI,CT,1,True,1
19385,2,2,2,EI,CT,1,True,2
19395,2,2,2,EI,CT,1,True,2
19486,2,2,2,EI,CT,1,True,2
19496,2,2,2,EI,CT,1,True,2
19519,2,2,1,EI,CT,0,False,2
19532,1,1,1,EI,CT,1,True,1
19538,1,1,1,EI,CT,1,True,1
19593,2,2,2,EI,CT,1,True,2
19599,2,2,2,EI,CT,1,True,2
19643,1,1,1,EI,CT,1,True,1
19686,1,1,1,EI,CT,1,True,1
19738,1,1,1,EI,CT,1,True,1
19794,1,1,1,EI,CT,1,True,1
19811,1,1,1,EI,CT,1,True,1
19826,2,2,2,EI,CT,1,True,2
19830,2,2,2,EI,CT,1,True,2
19839,2,2,2,EI,CT,1,True,2
19854,2,2,2,EI,CT,1,True,2
19900,2,2,2,EI,CT,1,True,2
19915,1,1,1,EI,CT,1,True,1
19967,1,1,1,EI,CT,1,True,1
19968,2,2,2,EI,CT,1,True,2
20031,1,1,1,EI,CT,1,True,1
20132,2,2,2,EI,CT,1,True,2
20184,1,2,1,EI,CT,0,False,1
20195,1,2,1,EI,CT,0,False,1
20270,1,1,1,EI,CT,1,True,1
20283,2,2,2,EI,CT,1,True,2
20299,2,2,2,EI,CT,1,True,2
20338,1,1,1,EI,CT,1,True,1
20351,2,2,2,EI,CT,1,True,2
20380,2,2,2,EI,CT,1,True,2
20407,2,2,1,EI,CT,0,False,2
20420,1,1,1,EI,CT,1,True,1
20422,1,1,1,EI,CT,1,True,1
20431,1,1,1,EI,CT,1,True,1
20443,1,1,1,EI,CT,1,True,1
20446,2,2,2,EI,CT,1,True,2
20465,1,1,1,EI,CT,1,True,1
20467,2,2,2,EI,CT,1,True,2
20504,2,2,2,EI,CT,1,True,2
20528,1,1,1,EI,CT,1,True,1
20542,1,1,1,EI,CT,1,True,1
20549,1,1,1,EI,CT,1,True,1
20609,1,1,1,EI,CT,1,True,1
20666,1,1,1,EI,CT,1,True,1
20677,1,1,1,EI,CT,1,True,1
20685,2,2,2,EI,CT,1,True,2
20716,2,2,2,EI,CT,1,True,2
20717,2,2,2,EI,CT,1,True,2
20839,2,2,2,EI,CT,1,True,2
20853,1,1,1,EI,CT,1,True,1
20869,2,2,2,EI,CT,1,True,2
20890,2,2,2,EI,CT,1,True,2
20895,1,1,1,EI,CT,1,True,1
20964,1,1,1,EI,CT,1,True,1
20971,2,2,2,EI,CT,1,True,2
21016,1,1,1,EI,CT,1,True,1
21051,2,2,2,EI,CT,1,True,2
21067,2,2,2,EI,CT,1,True,2
21074,1,1,1,EI,CT,1,True,1
21098,2,2,2,EI,CT,1,True,2
21130,2,2,2,EI,CT,1,True,2
21158,1,1,1,EI,CT,1,True,1
21165,1,1,1,EI,CT,1,True,1
21167,1,1,1,EI,CT,1,True,1
21173,1,1,1,EI,CT,1,True,1
21180,2,2,2,EI,CT,1,True,2
21203,2,2,2,EI,CT,1,True,2
21210,1,1,1,EI,CT,1,True,1
21328,1,1,1,EI,CT,1,True,1
21399,1,1,1,EI,CT,1,True,1
21509,2,2,2,EI,CT,1,True,2
21544,2,2,2,EI,CT,1,True,2
21598,2,2,2,EI,CT,1,True,2
21599,2,1,2,EI,CT,0,False,2
21606,2,2,2,EI,CT,1,True,2
21608,1,1,1,EI,CT,1,True,1
21629,1,1,1,EI,CT,1,True,1
21630,2,2,2,EI,CT,1,True,2
21666,2,2,1,EI,CT,0,False,2
21691,1,1,1,EI,CT,1,True,1
21847,2,2,2,EI,CT,1,True,2
21910,2,2,2,EI,CT,1,True,2
21935,1,1,1,EI,CT,1,True,1
21961,2,2,2,EI,CT,1,True,2
21976,1,1,1,EI,CT,1,True,1
21987,2,2,2,EI,CT,1,True,2
22043,2,2,2,EI,CT,1,True,2
22052,1,1,1,EI,CT,1,True,1
22065,1,1,1,EI,CT,1,True,1
22066,2,2,2,EI,CT,1,True,2
22090,1,1,1,EI,CT,1,True,1
22126,2,2,2,EI,CT,1,True,2
22166,2,2,2,EI,CT,1,True,2
22184,2,2,2,EI,CT,1,True,2
22189,2,2,2,EI,CT,1,True,2
22194,2,2,2,EI,CT,1,True,2
22266,1,1,1,EI,CT,1,True,1
22314,2,2,2,EI,CT,1,True,2
22356,2,2,2,EI,CT,1,True,2
22467,2,2,2,EI,CT,1,True,2
22679,1,1,1,EI,CT,1,True,1
22707,2,2,2,EI,CT,1,True,2
22767,2,2,2,EI,CT,1,True,2
22770,1,1,1,EI,CT,1,True,1
22814,1,1,1,EI,CT,1,True,1
22819,2,2,2,EI,CT,1,True,2
22833,1,1,1,EI,CT,1,True,1
22849,2,2,2,EI,CT,1,True,2
22966,2,2,2,EI,CT,1,True,2
23023,1,1,1,EI,CT,1,True,1
23052,1,1,1,EI,CT,1,True,1
23089,1,1,1,EI,CT,1,True,1
23103,2,2,2,EI,CT,1,True,2
23104,2,2,2,EI,CT,1,True,2
23128,1,1,1,EI,CT,1,True,1
23200,1,1,1,EI,CT,1,True,1
23313,2,2,2,EI,CT,1,True,2
23322,1,1,1,EI,CT,1,True,1
23323,1,1,1,EI,CT,1,True,1
23404,2,2,2,EI,CT,1,True,2
23415,2,2,2,EI,CT,1,True,2
23440,2,2,2,EI,CT,1,True,2
23453,2,2,2,EI,CT,1,True,2
23505,1,1,1,EI,CT,1,True,1
23514,2,2,2,EI,CT,1,True,2
23524,1,1,1,EI,CT,1,True,1
23530,2,2,2,EI,CT,1,True,2
23534,1,1,1,EI,CT,1,True,1
23574,1,1,1,EI,CT,1,True,1
23584,1,1,1,EI,CT,1,True,1
23605,1,1,1,EI,CT,1,True,1
23620,2,2,2,EI,CT,1,True,2
23648,2,2,2,EI,CT,1,True,2
23699,2,2,2,EI,CT,1,True,2
23713,2,2,2,EI,CT,1,True,2
23779,1,1,1,EI,CT,1,True,1
23871,1,1,1,EI,CT,1,True,1
23873,1,1,1,EI,CT,1,True,1
23901,1,1,1,EI,CT,1,True,1
24026,2,2,2,EI,CT,1,True,2
24163,1,1,1,EI,CT,1,True,1
24174,2,2,2,EI,CT,1,True,2
24223,1,2,1,EI,CT,0,False,1
24260,2,2,2,EI,CT,1,True,2
24291,2,2,2,EI,CT,1,True,2
24304,1,1,1,EI,CT,1,True,1
24334,2,2,2,EI,CT,1,True,2
24405,2,2,2,EI,CT,1,True,2
24408,1,1,1,EI,CT,1,True,1
24500,2,2,2,EI,CT,1,True,2
24502,2,2,2,EI,CT,1,True,2
24541,2,2,2,EI,CT,1,True,2
24573,1,1,1,EI,CT,1,True,1
24577,1,1,1,EI,CT,1,True,1
24637,2,2,2,EI,CT,1,True,2
24673,2,2,2,EI,CT,1,True,2
24706,1,1,1,EI,CT,1,True,1
24740,2,2,2,EI,CT,1,True,2
24774,2,2,2,EI,CT,1,True,2
24836,1,1,1,EI,CT,1,True,1
24871,1,1,1,EI,CT,1,True,1
24902,2,2,2,EI,CT,1,True,2
24959,1,1,1,EI,CT,1,True,1
24975,1,1,1,EI,CT,1,True,1
24995,1,1,1,EI,CT,1,True,1
25015,1,1,1,EI,CT,1,True,1
25038,1,1,1,EI,CT,1,True,1
25109,2,2,2,EI,CT,1,True,2
25137,1,1,1,EI,CT,1,True,1
25155,1,1,1,EI,CT,1,True,1
25239,2,2,2,EI,CT,1,True,2
25270,1,1,1,EI,CT,1,True,1
25302,2,2,2,EI,CT,1,True,2
25337,1,1,1,EI,CT,1,True,1
25348,1,1,1,EI,CT,1,True,1
25369,2,2,2,EI,CT,1,True,2
25380,1,1,2,EI,CT,0,False,1
25416,1,1,1,EI,CT,1,True,1
25435,1,1,1,EI,CT,1,True,1
25447,1,1,1,EI,CT,1,True,1
25448,2,2,2,EI,CT,1,True,2
25471,2,2,2,EI,CT,1,True,2
25523,2,1,2,EI,CT,0,False,2
25591,1,1,1,EI,CT,1,True,1
25650,1,1,1,EI,CT,1,True,1
25690,1,1,1,EI,CT,1,True,1
25698,2,2,2,EI,CT,1,True,2
25856,1,1,1,EI,CT,1,True,1
25868,1,2,2,EI,CT,0,False,1
25990,2,2,2,EI,CT,1,True,2
26032,1,1,1,EI,CT,1,True,1
26129,2,2,2,EI,CT,1,True,2
26161,1,1,1,EI,CT,1,True,1
26178,2,2,2,EI,CT,1,True,2
26211,2,2,2,EI,CT,1,True,2
26281,2,2,2,EI,CT,1,True,2
26287,2,2,2,EI,CT,1,True,2
26292,1,1,1,EI,CT,1,True,1
26302,1,1,1,EI,CT,1,True,1
26321,2,2,2,EI,CT,1,True,2
26337,1,1,1,EI,CT,1,True,1
26345,1,1,1,EI,CT,1,True,1
26480,2,2,2,EI,CT,1,True,2
26492,2,2,2,EI,CT,1,True,2
26528,1,1,1,EI,CT,1,True,1
26546,1,1,1,EI,CT,1,True,1
26556,1,1,1,EI,CT,1,True,1
26575,1,1,1,EI,CT,1,True,1
26678,2,2,2,EI,CT,1,True,2
26714,2,2,2,EI,CT,1,True,2
26831,1,1,1,EI,CT,1,True,1
26865,2,2,2,EI,CT,1,True,2
26878,2,2,2,EI,CT,1,True,2
26995,1,1,1,EI,CT,1,True,1
27029,2,2,2,EI,CT,1,True,2
27088,1,1,1,EI,CT,1,True,1
27101,1,1,1,EI,CT,1,True,1
27117,1,1,1,EI,CT,1,True,1
27271,1,1,1,EI,CT,1,True,1
27395,2,2,2,EI,CT,1,True,2
27431,2,2,2,EI,CT,1,True,2
27497,1,1,1,EI,CT,1,True,1
27524,2,2,2,EI,CT,1,True,2
27558,2,2,2,EI,CT,1,True,2
27610,2,2,2,EI,CT,1,True,2
27668,2,2,2,EI,CT,1,True,2
27688,2,2,2,EI,CT,1,True,2
27740,2,2,2,EI,CT,1,True,2
27786,2,2,2,EI,CT,1,True,2
27828,2,2,2,EI,CT,1,True,2
27904,2,2,2,EI,CT,1,True,2
27910,2,2,2,EI,CT,1,True,2
27911,2,2,2,EI,CT,1,True,2
28011,2,2,2,EI,CT,1,True,2
28019,1,1,1,EI,CT,1,True,1
28051,2,2,2,EI,CT,1,True,2
28057,1,1,1,EI,CT,1,True,1
28067,1,1,1,EI,CT,1,True,1
28114,2,2,2,EI,CT,1,True,2
28222,2,2,2,EI,CT,1,True,2
28262,2,2,2,EI,CT,1,True,2
28271,1,1,1,EI,CT,1,True,1
28339,1,1,1,EI,CT,1,True,1
28341,1,1,1,EI,CT,1,True,1
28365,2,2,2,EI,CT,1,True,2
28463,2,2,2,EI,CT,1,True,2
28490,1,1,1,EI,CT,1,True,1
28550,1,1,1,EI,CT,1,True,1
28574,2,2,2,EI,CT,1,True,2
28656,2,2,2,EI,CT,1,True,2
28674,2,2,2,EI,CT,1,True,2
28728,1,1,1,EI,CT,1,True,1
28789,2,2,2,EI,CT,1,True,2
28790,2,2,2,EI,CT,1,True,2
28814,2,1,2,EI,CT,0,False,2
28822,2,2,2,EI,CT,1,True,2
28963,1,1,1,EI,CT,1,True,1
29070,2,2,2,EI,CT,1,True,2
29105,2,2,2,EI,CT,1,True,2
29132,1,1,1,EI,CT,1,True,1
29144,1,1,1,EI,CT,1,True,1
29184,1,1,1,EI,CT,1,True,1
29243,2,2,2,EI,CT,1,True,2
29385,1,1,1,EI,CT,1,True,1
29411,1,2,2,EI,CT,0,False,1
29417,2,2,2,EI,CT,1,True,2
29465,1,1,1,EI,CT,1,True,1
29484,2,2,2,EI,CT,1,True,2
29582,1,1,1,EI,CT,1,True,1
29629,1,1,1,EI,CT,1,True,1
29644,1,1,1,EI,CT,1,True,1
29679,1,1,1,EI,CT,1,True,1
29768,1,1,1,EI,CT,1,True,1
29880,1,1,1,EI,CT,1,True,1
29903,1,1,1,EI,CT,1,True,1
29912,1,1,1,EI,CT,1,True,1
29978,2,2,2,EI,CT,1,True,2
30052,1,1,1,EI,CT,1,True,1
30118,1,1,1,EI,CT,1,True,1
30131,2,2,2,EI,CT,1,True,2
30137,2,2,2,EI,CT,1,True,2
30143,1,1,1,EI,CT,1,True,1
30180,1,1,1,EI,CT,1,True,1
30259,1,1,1,EI,CT,1,True,1
30273,1,1,1,EI,CT,1,True,1
30285,2,2,1,EI,CT,0,False,2
30328,1,1,1,EI,CT,1,True,1
30329,1,1,1,EI,CT,1,True,1
30336,2,2,2,EI,CT,1,True,2
30340,1,1,1,EI,CT,1,True,1
30352,2,2,2,EI,CT,1,True,2
30367,2,2,2,EI,CT,1,True,2
30457,2,2,2,EI,CT,1,True,2
30498,2,2,2,EI,CT,1,True,2
30514,1,1,1,EI,CT,1,True,1
30544,1,1,1,EI,CT,1,True,1
30637,1,1,1,EI,CT,1,True,1
30694,2,2,2,EI,CT,1,True,2
30701,2,2,2,EI,CT,1,True,2
30710,2,2,2,EI,CT,1,True,2
30794,1,1,1,EI,CT,1,True,1
30807,2,2,2,EI,CT,1,True,2
30825,1,1,1,EI,CT,1,True,1
30846,1,1,1,EI,CT,1,True,1
30856,2,2,2,EI,CT,1,True,2
30872,2,2,2,EI,CT,1,True,2
30880,1,1,1,EI,CT,1,True,1
30899,1,1,1,EI,CT,1,True,1
30922,2,2,2,EI,CT,1,True,2
30936,2,2,2,EI,CT,1,True,2
31029,1,1,1,EI,CT,1,True,1
31060,1,1,1,EI,CT,1,True,1
31081,2,2,2,EI,CT,1,True,2
31089,1,1,1,EI,CT,1,True,1
31128,1,1,1,EI,CT,1,True,1
31129,2,2,2,EI,CT,1,True,2
31138,1,1,1,EI,CT,1,True,1
31148,1,1,1,EI,CT,1,True,1
31247,1,1,1,EI,CT,1,True,1
31266,2,2,2,EI,CT,1,True,2
31350,2,2,2,EI,CT,1,True,2
31386,2,2,2,EI,CT,1,True,2
31470,2,2,2,EI,CT,1,True,2
31483,2,2,2,EI,CT,1,True,2
31568,2,2,2,EI,CT,1,True,2
31597,1,1,1,EI,CT,1,True,1
31622,1,1,1,EI,CT,1,True,1
31628,1,1,1,EI,CT,1,True,1
31634,1,1,1,EI,CT,1,True,1
31665,1,1,1,EI,CT,1,True,1
31720,1,1,1,EI,CT,1,True,1
31728,1,1,1,EI,CT,1,True,1
31754,2,2,2,EI,CT,1,True,2
31808,2,2,2,EI,CT,1,True,2
31883,2,2,2,EI,CT,1,True,2
31907,2,2,2,EI,CT,1,True,2
32003,2,2,2,EI,CT,1,True,2
32090,1,1,1,EI,CT,1,True,1
32112,2,2,2,EI,CT,1,True,2
32116,2,2,2,EI,CT,1,True,2
32131,2,2,2,EI,CT,1,True,2
32167,1,1,1,EI,CT,1,True,1
32177,1,1,1,EI,CT,1,True,1
32263,2,2,2,EI,CT,1,True,2
32265,1,1,1,EI,CT,1,True,1
32323,2,2,2,EI,CT,1,True,2
32372,1,1,1,EI,CT,1,True,1
32463,2,2,2,EI,CT,1,True,2
32489,1,1,1,EI,CT,1,True,1
32518,1,1,1,EI,CT,1,True,1
32558,1,1,1,EI,CT,1,True,1
32572,2,2,2,EI,CT,1,True,2
32638,2,2,2,EI,CT,1,True,2
32679,1,1,1,EI,CT,1,True,1
32722,2,2,2,EI,CT,1,True,2
32747,1,1,1,EI,CT,1,True,1
32753,2,2,2,EI,CT,1,True,2
32785,1,1,1,EI,CT,1,True,1
32872,2,2,2,EI,CT,1,True,2
32894,2,2,2,EI,CT,1,True,2
32913,1,1,1,EI,CT,1,True,1
32917,2,2,2,EI,CT,1,True,2
32963,2,2,2,EI,CT,1,True,2
32972,2,2,2,EI,CT,1,True,2
33026,1,1,1,EI,CT,1,True,1
33067,2,2,2,EI,CT,1,True,2
33126,2,2,2,EI,CT,1,True,2
33141,2,2,2,EI,CT,1,True,2
33154,1,1,1,EI,CT,1,True,1
33212,1,1,2,EI,CT,0,False,1
33262,2,2,2,EI,CT,1,True,2
33291,1,1,1,EI,CT,1,True,1
33322,2,2,2,EI,CT,1,True,2
33345,1,1,1,EI,CT,1,True,1
33390,1,1,1,EI,CT,1,True,1
33409,1,1,1,EI,CT,1,True,1
33433,1,1,1,EI,CT,1,True,1
33470,1,1,1,EI,CT,1,True,1
33504,1,1,1,EI,CT,1,True,1
33509,1,1,1,EI,CT,1,True,1
33532,2,2,2,EI,CT,1,True,2
33618,1,1,1,EI,CT,1,True,1
33649,1,1,1,EI,CT,1,True,1
33741,1,1,1,EI,CT,1,True,1
33743,2,2,2,EI,CT,1,True,2
33765,2,2,2,EI,CT,1,True,2
33780,1,2,1,EI,CT,0,False,1
33806,1,1,1,EI,CT,1,True,1
33808,2,2,2,EI,CT,1,True,2
33856,1,1,1,EI,CT,1,True,1
33859,2,2,2,EI,CT,1,True,2
33890,2,2,2,EI,CT,1,True,2
33936,1,1,1,EI,CT,1,True,1
33940,1,1,1,EI,CT,1,True,1
33961,1,1,1,EI,CT,1,True,1
33962,2,2,2,EI,CT,1,True,2
33986,1,1,1,EI,CT,1,True,1
34029,2,2,2,EI,CT,1,True,2
34084,1,1,1,EI,CT,1,True,1
34125,2,2,2,EI,CT,1,True,2
34143,2,2,2,EI,CT,1,True,2
34148,1,1,1,EI,CT,1,True,1
34171,1,1,1,EI,CT,1,True,1
34215,2,2,2,EI,CT,1,True,2
34276,1,1,1,EI,CT,1,True,1
34332,2,2,2,EI,CT,1,True,2
34354,1,1,1,EI,CT,1,True,1
34404,2,2,2,EI,CT,1,True,2
34414,2,2,2,EI,CT,1,True,2
34456,1,2,1,EI,CT,0,False,1
34460,2,2,2,EI,CT,1,True,2
34500,1,1,1,EI,CT,1,True,1
34573,1,1,1,EI,CT,1,True,1
34667,2,2,2,EI,CT,1,True,2
34714,2,2,2,EI,CT,1,True,2
34754,1,1,1,EI,CT,1,True,1
34812,2,2,2,EI,CT,1,True,2
34915,2,2,2,EI,CT,1,True,2
34918,2,2,2,EI,CT,1,True,2
34930,1,1,1,EI,CT,1,True,1
34944,2,2,2,EI,CT,1,True,2
34983,2,2,2,EI,CT,1,True,2
35058,2,2,2,EI,CT,1,True,2
35064,1,2,1,EI,CT,0,False,1
35127,2,2,2,EI,CT,1,True,2
35156,2,2,2,EI,CT,1,True,2
35174,1,1,1,EI,CT,1,True,1
35191,2,2,2,EI,CT,1,True,2
35201,2,2,2,EI,CT,1,True,2
35204,2,2,2,EI,CT,1,True,2
35282,2,2,2,EI,CT,1,True,2
35287,1,1,1,EI,CT,1,True,1
35397,2,2,2,EI,CT,1,True,2
35429,2,2,2,EI,CT,1,True,2
35467,2,2,2,EI,CT,1,True,2
35542,2,2,2,EI,CT,1,True,2
35564,2,2,2,EI,CT,1,True,2
35592,1,1,1,EI,CT,1,True,1
35643,2,2,2,EI,CT,1,True,2
35653,1,1,1,EI,CT,1,True,1
35715,2,2,2,EI,CT,1,True,2
35732,2,2,2,EI,CT,1,True,2
35738,2,2,2,EI,CT,1,True,2
35743,2,2,2,EI,CT,1,True,2
35871,2,2,2,EI,CT,1,True,2
35880,2,2,2,EI,CT,1,True,2
35907,2,2,2,EI,CT,1,True,2
35912,1,1,1,EI,CT,1,True,1
35918,2,2,2,EI,CT,1,True,2
35939,2,2,2,EI,CT,1,True,2
35991,2,2,2,EI,CT,1,True,2
36100,2,2,2,EI,CT,1,True,2
36117,1,1,1,EI,CT,1,True,1
36126,2,2,2,EI,CT,1,True,2
36186,2,2,2,EI,CT,1,True,2
36190,1,1,1,EI,CT,1,True,1
36199,2,2,2,EI,CT,1,True,2
36209,1,1,1,EI,CT,1,True,1
36223,2,2,2,EI,CT,1,True,2
36247,1,1,1,EI,CT,1,True,1
36341,1,2,1,EI,CT,0,False,1
36403,2,2,2,EI,CT,1,True,2
36419,2,2,2,EI,CT,1,True,2
36434,2,2,2,EI,CT,1,True,2
36449,1,1,1,EI,CT,1,True,1
36482,2,2,2,EI,CT,1,True,2
36557,2,2,2,EI,CT,1,True,2
36686,2,2,2,EI,CT,1,True,2
36689,2,2,2,EI,CT,1,True,2
36734,1,1,1,EI,CT,1,True,1
36743,1,1,1,EI,CT,1,True,1
36767,2,2,2,EI,CT,1,True,2
36785,2,2,2,EI,CT,1,True,2
36812,2,2,2,EI,CT,1,True,2
36819,2,2,2,EI,CT,1,True,2
36849,2,2,2,EI,CT,1,True,2
36960,1,1,1,EI,CT,1,True,1
36974,2,2,2,EI,CT,1,True,2
37006,2,2,2,EI,CT,1,True,2
37016,2,2,2,EI,CT,1,True,2
37020,1,1,1,EI,CT,1,True,1
37082,2,2,2,EI,CT,1,True,2
37102,2,2,2,EI,CT,1,True,2
37114,1,1,1,EI,CT,1,True,1
37124,2,2,2,EI,CT,1,True,2
37184,1,2,1,EI,CT,0,False,1
37234,1,1,1,EI,CT,1,True,1
37245,1,1,1,EI,CT,1,True,1
37249,2,2,2,EI,CT,1,True,2
37258,1,1,1,EI,CT,1,True,1
37327,1,1,1,EI,CT,1,True,1
37367,2,2,2,EI,CT,1,True,2
37404,1,1,1,EI,CT,1,True,1
37422,2,1,1,EI,CT,0,False,2
37432,2,2,2,EI,CT,1,True,2
37435,1,1,1,EI,CT,1,True,1
37490,1,1,1,EI,CT,1,True,1
37537,2,2,2,EI,CT,1,True,2
37542,1,1,1,EI,CT,1,True,1
37569,2,2,2,EI,CT,1,True,2
37608,1,1,1,EI,CT,1,True,1
37614,1,1,1,EI,CT,1,True,1
37617,2,2,2,EI,CT,1,True,2
37679,1,1,1,EI,CT,1,True,1
37723,2,2,2,EI,CT,1,True,2
37725,1,1,1,EI,CT,1,True,1
37741,2,2,2,EI,CT,1,True,2
37743,2,2,2,EI,CT,1,True,2
37842,1,1,1,EI,CT,1,True,1
37843,1,1,1,EI,CT,1,True,1
37909,1,1,1,EI,CT,1,True,1
37955,1,1,1,EI,CT,1,True,1
38026,2,2,2,EI,CT,1,True,2
38068,2,2,2,EI,CT,1,True,2
38078,2,2,2,EI,CT,1,True,2
38093,1,2,2,EI,CT,0,False,1
38130,1,1,1,EI,CT,1,True,1
38144,1,1,1,EI,CT,1,True,1
38146,1,1,1,EI,CT,1,True,1
38166,1,1,1,EI,CT,1,True,1
38168,1,1,1,EI,CT,1,True,1
38191,2,2,2,EI,CT,1,True,2
38245,1,1,1,EI,CT,1,True,1
38267,2,2,2,EI,CT,1,True,2
38352,1,1,1,EI,CT,1,True,1
38363,2,2,1,EI,CT,0,False,2
38390,1,1,1,EI,CT,1,True,1
38395,1,1,1,EI,CT,1,True,1
38425,2,2,2,EI,CT,1,True,2
38485,1,1,1,EI,CT,1,True,1
38518,1,1,1,EI,CT,1,True,1
38530,1,1,1,EI,CT,1,True,1
38533,2,2,2,EI,CT,1,True,2
38554,2,2,2,EI,CT,1,True,2
38562,2,2,2,EI,CT,1,True,2
38593,2,2,2,EI,CT,1,True,2
38627,2,2,2,EI,CT,1,True,2
38630,1,1,1,EI,CT,1,True,1
38721,1,1,1,EI,CT,1,True,1
38773,1,2,2,EI,CT,0,False,1
38802,1,1,1,EI,CT,1,True,1
38809,1,1,1,EI,CT,1,True,1
38811,2,2,2,EI,CT,1,True,2
38829,1,1,1,EI,CT,1,True,1
38858,2,2,2,EI,CT,1,True,2
38920,2,2,2,EI,CT,1,True,2
38928,2,2,2,EI,CT,1,True,2
38947,1,1,1,EI,CT,1,True,1
39000,2,2,1,EI,CT,0,False,2
39152,1,1,1,EI,CT,1,True,1
39199,1,1,1,EI,CT,1,True,1
39321,1,1,1,EI,CT,1,True,1
39356,2,2,2,EI,CT,1,True,2
39388,2,2,2,EI,CT,1,True,2
39457,1,1,1,EI,CT,1,True,1
39466,1,1,1,EI,CT,1,True,1
39532,2,2,2,EI,CT,1,True,2
39553,2,2,2,EI,CT,1,True,2
39557,1,1,1,EI,CT,1,True,1
39630,1,1,1,EI,CT,1,True,1
39715,1,1,1,EI,CT,1,True,1
39795,1,1,1,EI,CT,1,True,1
39804,1,1,1,EI,CT,1,True,1
39833,2,2,2,EI,CT,1,True,2
39842,1,1,1,EI,CT,1,True,1
39855,1,1,1,EI,CT,1,True,1
39864,2,2,2,EI,CT,1,True,2
39884,2,2,2,EI,CT,1,True,2
39918,1,1,1,EI,CT,1,True,1
40029,2,2,2,EI,CT,1,True,2
40068,1,1,1,EI,CT,1,True,1
40135,1,1,1,EI,CT,1,True,1
40145,2,2,2,EI,CT,1,True,2
40164,1,1,1,EI,CT,1,True,1
40169,1,1,1,EI,CT,1,True,1
40296,2,2,2,EI,CT,1,True,2
40352,1,1,1,EI,CT,1,True,1
40376,1,1,1,EI,CT,1,True,1
40497,2,2,2,EI,CT,1,True,2
40535,1,2,2,EI,CT,0,False,1
40542,2,2,2,EI,CT,1,True,2
40622,2,2,2,EI,CT,1,True,2
40625,2,2,2,EI,CT,1,True,2
40653,2,2,2,EI,CT,1,True,2
40762,1,1,1,EI,CT,1,True,1
40853,1,1,1,EI,CT,1,True,1
40855,1,1,1,EI,CT,1,True,1
40857,2,2,2,EI,CT,1,True,2
40920,1,1,1,EI,CT,1,True,1
40923,2,2,2,EI,CT,1,True,2
40969,1,1,1,EI,CT,1,True,1
40991,2,2,1,EI,CT,0,False,2
41001,2,2,2,EI,CT,1,True,2
41077,1,1,1,EI,CT,1,True,1
41103,2,2,2,EI,CT,1,True,2
41150,2,2,2,EI,CT,1,True,2
41152,2,2,2,EI,CT,1,True,2
41237,1,1,1,EI,CT,1,True,1
41239,1,1,1,EI,CT,1,True,1
41273,1,1,1,EI,CT,1,True,1
41360,2,2,2,EI,CT,1,True,2
41368,1,1,1,EI,CT,1,True,1
41416,1,1,1,EI,CT,1,True,1
41457,1,2,1,EI,CT,0,False,1
41472,1,1,1,EI,CT,1,True,1
41514,1,1,1,EI,CT,1,True,1
41581,2,2,2,EI,CT,1,True,2
41590,2,2,2,EI,CT,1,True,2
41607,1,1,1,EI,CT,1,True,1
41636,1,1,1,EI,CT,1,True,1
41704,1,1,1,EI,CT,1,True,1
41829,1,1,1,EI,CT,1,True,1
41836,1,1,1,EI,CT,1,True,1
41906,2,2,2,EI,CT,1,True,2
41973,2,2,2,EI,CT,1,True,2
42006,2,2,2,EI,CT,1,True,2
42040,1,1,1,EI,CT,1,True,1
42067,1,1,1,EI,CT,1,True,1
42086,2,2,2,EI,CT,1,True,2
42112,2,2,2,EI,CT,1,True,2
42166,2,2,2,EI,CT,1,True,2
42174,2,2,2,EI,CT,1,True,2
42185,2,2,2,EI,CT,1,True,2
42228,2,2,2,EI,CT,1,True,2
42330,1,1,1,EI,CT,1,True,1
42335,2,2,2,EI,CT,1,True,2
42344,1,1,1,EI,CT,1,True,1
42391,2,2,2,EI,CT,1,True,2
42428,1,1,1,EI,CT,1,True,1
42468,2,2,2,EI,CT,1,True,2
42520,1,1,1,EI,CT,1,True,1
42521,1,1,1,EI,CT,1,True,1
42568,1,1,1,EI,CT,1,True,1
42572,2,2,2,EI,CT,1,True,2
42585,1,1,1,EI,CT,1,True,1
42609,2,2,2,EI,CT,1,True,2
42690,2,2,2,EI,CT,1,True,2
42714,2,2,2,EI,CT,1,True,2
42742,1,1,1,EI,CT,1,True,1
42860,2,2,2,EI,CT,1,True,2
42886,2,2,2,EI,CT,1,True,2
42922,2,2,2,EI,CT,1,True,2
43042,1,1,1,EI,CT,1,True,1
43070,2,2,2,EI,CT,1,True,2
43113,1,1,1,EI,CT,1,True,1
43164,2,2,2,EI,CT,1,True,2
43191,1,1,1,EI,CT,1,True,1
43285,1,1,1,EI,CT,1,True,1
43295,2,2,2,EI,CT,1,True,2
43350,2,2,2,EI,CT,1,True,2
43486,1,1,1,EI,CT,1,True,1
43526,2,2,2,EI,CT,1,True,2
43621,2,2,2,EI,CT,1,True,2
43668,2,2,2,EI,CT,1,True,2
43764,2,2,2,EI,CT,1,True,2
43800,1,1,1,EI,CT,1,True,1
43811,1,2,1,EI,CT,0,False,1
43878,1,1,1,EI,CT,1,True,1
44063,2,2,1,EI,CT,0,False,2
44064,2,2,2,EI,CT,1,True,2
44147,1,1,1,EI,CT,1,True,1
44167,2,2,2,EI,CT,1,True,2
44178,2,2,2,EI,CT,1,True,2
44313,2,1,1,EI,CT,0,False,2
44380,1,1,1,EI,CT,1,True,1
44400,1,1,1,EI,CT,1,True,1
44415,2,2,2,EI,CT,1,True,2
44430,2,2,2,EI,CT,1,True,2
44444,2,2,2,EI,CT,1,True,2
44458,2,2,2,EI,CT,1,True,2
44475,1,1,1,EI,CT,1,True,1
44479,2,2,2,EI,CT,1,True,2
44628,1,1,1,EI,CT,1,True,1
44682,1,1,1,EI,CT,1,True,1
44743,1,1,1,EI,CT,1,True,1
44812,2,2,2,EI,CT,1,True,2
44833,2,2,2,EI,CT,1,True,2
44841,1,1,1,EI,CT,1,True,1
44887,2,2,2,EI,CT,1,True,2
44967,1,1,1,EI,CT,1,True,1
45012,2,2,2,EI,CT,1,True,2
45024,1,1,1,EI,CT,1,True,1
45075,2,2,2,EI,CT,1,True,2
45117,2,2,2,EI,CT,1,True,2
45137,2,2,2,EI,CT,1,True,2
45175,2,2,2,EI,CT,1,True,2
45184,1,1,1,EI,CT,1,True,1
45190,1,1,1,EI,CT,1,True,1
45199,1,1,1,EI,CT,1,True,1
45289,1,1,1,EI,CT,1,True,1
45314,1,1,1,EI,CT,1,True,1
45337,1,1,1,EI,CT,1,True,1
45340,2,2,2,EI,CT,1,True,2
45390,2,2,2,EI,CT,1,True,2
45424,1,2,1,EI,CT,0,False,1
45470,2,2,2,EI,CT,1,True,2
45492,1,1,1,EI,CT,1,True,1
45529,2,2,2,EI,CT,1,True,2
45544,2,2,2,EI,CT,1,True,2
45784,1,1,1,EI,CT,1,True,1
45800,2,2,2,EI,CT,1,True,2
45811,2,2,2,EI,CT,1,True,2
45837,1,1,1,EI,CT,1,True,1
45857,1,1,1,EI,CT,1,True,1
45893,2,2,2,EI,CT,1,True,2
45919,2,2,1,EI,CT,0,False,2
45938,2,2,2,EI,CT,1,True,2
45983,1,1,1,EI,CT,1,True,1
45985,1,1,1,EI,CT,1,True,1
46026,2,2,2,EI,CT,1,True,2
46132,1,1,1,EI,CT,1,True,1
46147,1,1,1,EI,CT,1,True,1
46160,1,1,1,EI,CT,1,True,1
46218,2,2,2,EI,CT,1,True,2
46346,1,1,1,EI,CT,1,True,1
46371,1,2,1,EI,CT,0,False,1
46372,2,2,2,EI,CT,1,True,2
46555,2,2,2,EI,CT,1,True,2
46569,2,2,2,EI,CT,1,True,2
46595,2,2,2,EI,CT,1,True,2
46674,1,1,1,EI,CT,1,True,1
46707,1,1,1,EI,CT,1,True,1
46710,2,2,2,EI,CT,1,True,2
46751,2,2,2,EI,CT,1,True,2
46756,1,1,1,EI,CT,1,True,1
46758,1,2,2,EI,CT,0,False,1
46810,2,2,2,EI,CT,1,True,2
46859,2,2,2,EI,CT,1,True,2
46880,1,1,1,EI,CT,1,True,1
46894,2,2,2,EI,CT,1,True,2
46969,2,2,2,EI,CT,1,True,2
47024,2,2,2,EI,CT,1,True,2
47060,2,2,2,EI,CT,1,True,2
47065,1,1,1,EI,CT,1,True,1
47097,1,1,1,EI,CT,1,True,1
47139,2,2,2,EI,CT,1,True,2
47169,2,2,2,EI,CT,1,True,2
47174,2,2,2,EI,CT,1,True,2
47216,2,2,2,EI,CT,1,True,2
47246,2,2,2,EI,CT,1,True,2
47249,2,2,2,EI,CT,1,True,2
47362,1,1,1,EI,CT,1,True,1
47371,1,1,1,EI,CT,1,True,1
47560,1,1,1,EI,CT,1,True,1
47603,1,1,1,EI,CT,1,True,1
47619,2,2,2,EI,CT,1,True,2
47632,1,1,1,EI,CT,1,True,1
47865,2,2,2,EI,CT,1,True,2
47886,1,1,1,EI,CT,1,True,1
48180,2,2,2,EI,CT,1,True,2
48182,1,1,1,EI,CT,1,True,1
48217,2,2,2,EI,CT,1,True,2
48246,1,1,1,EI,CT,1,True,1
48295,2,2,2,EI,CT,1,True,2
48329,1,1,1,EI,CT,1,True,1
48352,1,1,1,EI,CT,1,True,1
48355,2,2,2,EI,CT,1,True,2
48359,1,1,1,EI,CT,1,True,1
48434,1,1,1,EI,CT,1,True,1
48441,2,1,1,EI,CT,0,False,2
48449,2,2,2,EI,CT,1,True,2
48506,2,2,2,EI,CT,1,True,2
48538,1,2,1,EI,CT,0,False,1
48541,1,1,1,EI,CT,1,True,1
48562,2,2,2,EI,CT,1,True,2
48563,2,2,2,EI,CT,1,True,2
48566,1,1,1,EI,CT,1,True,1
48587,1,1,1,EI,CT,1,True,1
48607,2,2,2,EI,CT,1,True,2
48618,1,1,1,EI,CT,1,True,1
48722,2,2,2,EI,CT,1,True,2
48728,1,1,1,EI,CT,1,True,1
48859,2,2,2,EI,CT,1,True,2
48898,1,1,1,EI,CT,1,True,1
48976,2,2,2,EI,CT,1,True,2
49004,1,1,1,EI,CT,1,True,1
49029,1,1,1,EI,CT,1,True,1
49047,1,1,1,EI,CT,1,True,1
49052,1,1,1,EI,CT,1,True,1
49095,1,1,1,EI,CT,1,True,1
49132,1,1,1,EI,CT,1,True,1
49146,1,1,1,EI,CT,1,True,1
49168,2,2,2,EI,CT,1,True,2
49182,2,2,2,EI,CT,1,True,2
49189,1,1,1,EI,CT,1,True,1
49213,1,1,1,EI,CT,1,True,1
49228,1,1,1,EI,CT,1,True,1
49239,1,1,1,EI,CT,1,True,1
49242,2,2,2,EI,CT,1,True,2
49325,1,1,1,EI,CT,1,True,1
49400,2,2,2,EI,CT,1,True,2
49460,1,1,1,EI,CT,1,True,1
49550,1,1,1,EI,CT,1,True,1
49700,1,1,1,EI,CT,1,True,1
49737,1,1,1,EI,CT,1,True,1
49765,2,2,2,EI,CT,1,True,2
49777,1,2,1,EI,CT,0,False,1
49804,2,2,2,EI,CT,1,True,2
49855,2,2,2,EI,CT,1,True,2
49870,2,2,2,EI,CT,1,True,2
49943,2,2,2,EI,CT,1,True,2
49950,2,2,2,EI,CT,1,True,2
49959,2,2,2,EI,CT,1,True,2
49971,1,1,1,EI,CT,1,True,1
55,1,2,1,EI,R1,0,False,1
107,2,2,2,EI,R1,1,True,2
176,1,1,1,EI,R1,1,True,1
257,1,1,1,EI,R1,1,True,1
283,1,2,2,EI,R1,0,False,1
284,2,2,2,EI,R1,1,True,2
287,1,1,1,EI,R1,1,True,1
310,2,2,2,EI,R1,1,True,2
337,2,2,2,EI,R1,1,True,2
379,2,2,2,EI,R1,1,True,2
393,2,2,2,EI,R1,1,True,2
405,2,2,1,EI,R1,0,False,2
423,2,2,2,EI,R1,1,True,2
450,2,2,2,EI,R1,1,True,2
504,2,2,2,EI,R1,1,True,2
525,2,2,1,EI,R1,0,False,2
545,1,1,1,EI,R1,1,True,1
626,2,2,2,EI,R1,1,True,2
715,2,2,2,EI,R1,1,True,2
722,1,1,1,EI,R1,1,True,1
793,2,2,2,EI,R1,1,True,2
804,2,2,2,EI,R1,1,True,2
813,2,2,2,EI,R1,1,True,2
856,2,2,2,EI,R1,1,True,2
893,2,2,2,EI,R1,1,True,2
922,1,1,1,EI,R1,1,True,1
1029,2,2,2,EI,R1,1,True,2
1057,1,1,1,EI,R1,1,True,1
1106,1,2,1,EI,R1,0,False,1
1176,2,2,2,EI,R1,1,True,2
1199,1,1,1,EI,R1,1,True,1
1200,2,2,2,EI,R1,1,True,2
1205,2,2,2,EI,R1,1,True,2
1227,2,2,2,EI,R1,1,True,2
1261,2,2,2,EI,R1,1,True,2
1285,1,2,1,EI,R1,0,False,1
1290,2,1,1,EI,R1,0,False,2
1347,1,1,1,EI,R1,1,True,1
1352,2,2,2,EI,R1,1,True,2
1363,2,2,2,EI,R1,1,True,2
1421,1,1,1,EI,R1,1,True,1
1434,2,1,2,EI,R1,0,False,2
1481,1,1,1,EI,R1,1,True,1
1545,2,2,1,EI,R1,0,False,2
1552,1,1,1,EI,R1,1,True,1
1573,1,1,1,EI,R1,1,True,1
1656,2,2,2,EI,R1,1,True,2
1687,1,1,1,EI,R1,1,True,1
1707,2,2,2,EI,R1,1,True,2
1733,2,2,2,EI,R1,1,True,2
1735,1,2,2,EI,R1,0,False,1
1755,2,2,2,EI,R1,1,True,2
1808,1,1,1,EI,R1,1,True,1
1814,2,2,2,EI,R1,1,True,2
1819,2,2,2,EI,R1,1,True,2
1822,1,1,1,EI,R1,1,True,1
1823,2,2,2,EI,R1,1,True,2
1862,2,2,1,EI,R1,0,False,2
2004,2,2,2,EI,R1,1,True,2
2039,2,2,2,EI,R1,1,True,2
2055,1,1,1,EI,R1,1,True,1
2068,2,2,2,EI,R1,1,True,2
2081,1,1,1,EI,R1,1,True,1
2155,2,2,2,EI,R1,1,True,2
2170,1,2,1,EI,R1,0,False,1
2221,2,2,2,EI,R1,1,True,2
2288,2,2,2,EI,R1,1,True,2
2375,2,2,2,EI,R1,1,True,2
2379,2,2,1,EI,R1,0,False,2
2408,1,2,1,EI,R1,0,False,1
2426,2,2,2,EI,R1,1,True,2
2584,2,2,2,EI,R1,1,True,2
2585,1,1,1,EI,R1,1,True,1
2599,1,1,1,EI,R1,1,True,1
2600,1,1,1,EI,R1,1,True,1
2732,1,2,1,EI,R1,0,False,1
2844,1,1,1,EI,R1,1,True,1
2891,2,2,2,EI,R1,1,True,2
2932,2,2,2,EI,R1,1,True,2
2983,1,1,1,EI,R1,1,True,1
3056,1,1,1,EI,R1,1,True,1
3081,2,2,1,EI,R1,0,False,2
3102,1,1,1,EI,R1,1,True,1
3191,1,1,1,EI,R1,1,True,1
3230,2,2,2,EI,R1,1,True,2
3297,1,1,1,EI,R1,1,True,1
3363,1,1,1,EI,R1,1,True,1
3367,1,2,2,EI,R1,0,False,1
3385,1,1,1,EI,R1,1,True,1
3400,1,1,1,EI,R1,1,True,1
3418,1,1,1,EI,R1,1,True,1
3429,2,2,2,EI,R1,1,True,2
3440,1,1,1,EI,R1,1,True,1
3512,2,2,2,EI,R1,1,True,2
3524,1,1,1,EI,R1,1,True,1
3567,1,2,1,EI,R1,0,False,1
3631,2,2,2,EI,R1,1,True,2
3811,2,2,2,EI,R1,1,True,2
3824,1,1,1,EI,R1,1,True,1
3839,1,2,1,EI,R1,0,False,1
3867,1,1,1,EI,R1,1,True,1
3868,1,1,1,EI,R1,1,True,1
3912,1,1,1,EI,R1,1,True,1
3929,1,1,1,EI,R1,1,True,1
3954,2,2,2,EI,R1,1,True,2
3971,2,2,2,EI,R1,1,True,2
3979,2,2,1,EI,R1,0,False,2
4011,1,2,2,EI,R1,0,False,1
4017,2,2,2,EI,R1,1,True,2
4066,2,2,2,EI,R1,1,True,2
4087,2,2,2,EI,R1,1,True,2
4153,1,2,2,EI,R1,0,False,1
4182,1,2,1,EI,R1,0,False,1
4187,1,1,1,EI,R1,1,True,1
4207,1,1,1,EI,R1,1,True,1
4211,1,1,1,EI,R1,1,True,1
4303,1,1,1,EI,R1,1,True,1
4314,1,1,1,EI,R1,1,True,1
4339,1,1,1,EI,R1,1,True,1
4348,2,2,2,EI,R1,1,True,2
4447,1,1,1,EI,R1,1,True,1
4462,1,1,1,EI,R1,1,True,1
4591,1,1,1,EI,R1,1,True,1
4624,2,2,2,EI,R1,1,True,2
4651,1,1,1,EI,R1,1,True,1
4652,1,1,1,EI,R1,1,True,1
4663,1,1,1,EI,R1,1,True,1
4706,2,2,2,EI,R1,1,True,2
4716,1,1,1,EI,R1,1,True,1
4744,2,2,2,EI,R1,1,True,2
4767,1,1,1,EI,R1,1,True,1
4795,1,1,1,EI,R1,1,True,1
4797,1,1,1,EI,R1,1,True,1
4812,1,1,1,EI,R1,1,True,1
4827,2,2,2,EI,R1,1,True,2
4829,2,2,2,EI,R1,1,True,2
4851,2,2,2,EI,R1,1,True,2
4856,2,2,2,EI,R1,1,True,2
4865,1,2,2,EI,R1,0,False,1
4871,1,1,2,EI,R1,0,False,1
4927,2,2,2,EI,R1,1,True,2
4937,1,1,1,EI,R1,1,True,1
5006,1,1,1,EI,R1,1,True,1
5009,1,1,1,EI,R1,1,True,1
5024,1,1,1,EI,R1,1,True,1
5070,2,2,2,EI,R1,1,True,2
5086,2,2,2,EI,R1,1,True,2
5105,2,2,2,EI,R1,1,True,2
5119,1,1,1,EI,R1,1,True,1
5120,2,2,2,EI,R1,1,True,2
5159,1,1,1,EI,R1,1,True,1
5406,1,1,1,EI,R1,1,True,1
5424,2,2,2,EI,R1,1,True,2
5475,2,2,2,EI,R1,1,True,2
5499,1,1,1,EI,R1,1,True,1
5570,1,1,1,EI,R1,1,True,1
5586,1,1,1,EI,R1,1,True,1
5619,2,2,2,EI,R1,1,True,2
5651,1,1,1,EI,R1,1,True,1
5741,1,2,1,EI,R1,0,False,1
5797,2,2,2,EI,R1,1,True,2
5824,2,2,2,EI,R1,1,True,2
5829,1,1,1,EI,R1,1,True,1
5834,2,2,1,EI,R1,0,False,2
5906,2,2,2,EI,R1,1,True,2
5913,2,2,2,EI,R1,1,True,2
5938,2,2,2,EI,R1,1,True,2
5957,1,1,1,EI,R1,1,True,1
5998,2,2,2,EI,R1,1,True,2
6010,2,2,2,EI,R1,1,True,2
6059,1,1,1,EI,R1,1,True,1
6111,1,1,1,EI,R1,1,True,1
6137,1,1,1,EI,R1,1,True,1
6156,1,1,1,EI,R1,1,True,1
6252,1,2,2,EI,R1,0,False,1
6253,2,2,2,EI,R1,1,True,2
6255,2,2,2,EI,R1,1,True,2
6295,1,1,1,EI,R1,1,True,1
6347,1,1,1,EI,R1,1,True,1
6374,1,1,1,EI,R1,1,True,1
6420,1,1,1,EI,R1,1,True,1
6452,1,1,1,EI,R1,1,True,1
6465,1,1,1,EI,R1,1,True,1
6484,2,2,2,EI,R1,1,True,2
6488,1,1,1,EI,R1,1,True,1
6519,1,1,1,EI,R1,1,True,1
6527,1,1,1,EI,R1,1,True,1
6595,1,1,1,EI,R1,1,True,1
6631,1,1,1,EI,R1,1,True,1
6692,1,1,1,EI,R1,1,True,1
6715,2,2,2,EI,R1,1,True,2
6728,1,1,1,EI,R1,1,True,1
6756,2,2,2,EI,R1,1,True,2
6812,1,1,1,EI,R1,1,True,1
6824,1,1,1,EI,R1,1,True,1
6826,2,2,2,EI,R1,1,True,2
6842,1,1,1,EI,R1,1,True,1
6867,1,1,1,EI,R1,1,True,1
6868,2,2,2,EI,R1,1,True,2
6899,2,2,2,EI,R1,1,True,2
6965,2,2,2,EI,R1,1,True,2
6977,2,2,2,EI,R1,1,True,2
6991,1,1,1,EI,R1,1,True,1
7001,2,2,2,EI,R1,1,True,2
7004,1,1,1,EI,R1,1,True,1
7042,2,2,2,EI,R1,1,True,2
7070,2,2,2,EI,R1,1,True,2
7096,1,1,1,EI,R1,1,True,1
7099,1,1,1,EI,R1,1,True,1
7194,2,2,2,EI,R1,1,True,2
7220,2,2,2,EI,R1,1,True,2
7235,1,2,1,EI,R1,0,False,1
7313,2,2,2,EI,R1,1,True,2
7387,1,1,1,EI,R1,1,True,1
7407,1,1,1,EI,R1,1,True,1
7430,2,2,2,EI,R1,1,True,2
7439,1,1,1,EI,R1,1,True,1
7451,2,2,2,EI,R1,1,True,2
7498,2,2,2,EI,R1,1,True,2
7550,1,1,1,EI,R1,1,True,1
7553,2,2,2,EI,R1,1,True,2
7555,1,1,1,EI,R1,1,True,1
7581,2,2,2,EI,R1,1,True,2
7599,2,2,1,EI,R1,0,False,2
7631,1,1,1,EI,R1,1,True,1
7654,1,1,1,EI,R1,1,True,1
7687,1,1,1,EI,R1,1,True,1
7723,1,1,1,EI,R1,1,True,1
7756,1,1,1,EI,R1,1,True,1
7832,1,1,1,EI,R1,1,True,1
7887,2,2,1,EI,R1,0,False,2
7894,1,1,1,EI,R1,1,True,1
7915,2,2,2,EI,R1,1,True,2
7949,2,2,1,EI,R1,0,False,2
7966,1,1,1,EI,R1,1,True,1
7972,1,1,1,EI,R1,1,True,1
7992,1,2,2,EI,R1,0,False,1
8015,2,2,2,EI,R1,1,True,2
8033,2,2,2,EI,R1,1,True,2
8139,1,1,1,EI,R1,1,True,1
8217,2,2,2,EI,R1,1,True,2
8268,2,2,2,EI,R1,1,True,2
8339,2,2,2,EI,R1,1,True,2
8366,2,2,2,EI,R1,1,True,2
8444,1,1,1,EI,R1,1,True,1
8477,1,1,1,EI,R1,1,True,1
8580,2,2,2,EI,R1,1,True,2
8614,1,2,1,EI,R1,0,False,1
8630,2,2,2,EI,R1,1,True,2
8637,1,1,1,EI,R1,1,True,1
8672,1,1,1,EI,R1,1,True,1
8800,2,2,2,EI,R1,1,True,2
8816,2,2,2,EI,R1,1,True,2
8902,2,2,2,EI,R1,1,True,2
8923,2,2,2,EI,R1,1,True,2
8948,1,1,1,EI,R1,1,True,1
8993,1,1,1,EI,R1,1,True,1
9004,1,1,1,EI,R1,1,True,1
9089,2,2,2,EI,R1,1,True,2
9102,2,2,2,EI,R1,1,True,2
9120,1,2,1,EI,R1,0,False,1
9134,2,2,2,EI,R1,1,True,2
9246,2,2,2,EI,R1,1,True,2
9268,1,1,1,EI,R1,1,True,1
9324,2,2,2,EI,R1,1,True,2
9325,1,2,1,EI,R1,0,False,1
9349,2,2,2,EI,R1,1,True,2
9357,2,2,2,EI,R1,1,True,2
9417,1,1,1,EI,R1,1,True,1
9459,2,2,2,EI,R1,1,True,2
9465,1,1,1,EI,R1,1,True,1
9469,2,2,2,EI,R1,1,True,2
9473,1,1,1,EI,R1,1,True,1
9485,2,2,2,EI,R1,1,True,2
9544,2,2,2,EI,R1,1,True,2
9595,2,2,2,EI,R1,1,True,2
9632,1,1,1,EI,R1,1,True,1
9635,2,2,2,EI,R1,1,True,2
9677,2,2,2,EI,R1,1,True,2
9715,1,1,1,EI,R1,1,True,1
9724,1,2,2,EI,R1,0,False,1
9774,2,2,2,EI,R1,1,True,2
9796,1,1,1,EI,R1,1,True,1
9892,2,2,2,EI,R1,1,True,2
9899,1,2,1,EI,R1,0,False,1
9907,2,2,2,EI,R1,1,True,2
9934,1,1,1,EI,R1,1,True,1
9955,2,2,2,EI,R1,1,True,2
9987,1,2,1,EI,R1,0,False,1
10022,1,1,1,EI,R1,1,True,1
10156,1,1,1,EI,R1,1,True,1
10163,1,1,1,EI,R1,1,True,1
10174,1,1,1,EI,R1,1,True,1
10187,2,2,2,EI,R1,1,True,2
10189,2,2,2,EI,R1,1,True,2
10210,1,1,1,EI,R1,1,True,1
10301,1,2,2,EI,R1,0,False,1
10328,1,1,1,EI,R1,1,True,1
10330,2,2,2,EI,R1,1,True,2
10361,1,1,1,EI,R1,1,True,1
10375,1,1,1,EI,R1,1,True,1
10400,1,1,1,EI,R1,1,True,1
10423,2,2,2,EI,R1,1,True,2
10434,1,1,1,EI,R1,1,True,1
10450,1,2,1,EI,R1,0,False,1
10566,2,2,2,EI,R1,1,True,2
10600,1,1,1,EI,R1,1,True,1
10610,2,2,2,EI,R1,1,True,2
10621,2,2,2,EI,R1,1,True,2
10626,1,1,1,EI,R1,1,True,1
10634,2,2,2,EI,R1,1,True,2
10713,2,2,2,EI,R1,1,True,2
10771,2,2,2,EI,R1,1,True,2
10803,1,1,1,EI,R1,1,True,1
10910,2,2,2,EI,R1,1,True,2
10954,2,2,2,EI,R1,1,True,2
10978,1,1,1,EI,R1,1,True,1
11024,2,2,2,EI,R1,1,True,2
11101,2,2,2,EI,R1,1,True,2
11102,1,1,1,EI,R1,1,True,1
11112,1,1,1,EI,R1,1,True,1
11120,2,2,2,EI,R1,1,True,2
11132,1,1,1,EI,R1,1,True,1
11189,2,2,2,EI,R1,1,True,2
11241,1,2,1,EI,R1,0,False,1
11264,2,2,2,EI,R1,1,True,2
11283,2,2,2,EI,R1,1,True,2
11511,2,2,2,EI,R1,1,True,2
11514,1,1,1,EI,R1,1,True,1
11523,2,2,2,EI,R1,1,True,2
11525,1,1,1,EI,R1,1,True,1
11553,1,2,1,EI,R1,0,False,1
11596,1,1,1,EI,R1,1,True,1
11603,1,1,1,EI,R1,1,True,1
11617,2,2,2,EI,R1,1,True,2
11630,1,1,1,EI,R1,1,True,1
11647,1,1,1,EI,R1,1,True,1
11742,2,2,2,EI,R1,1,True,2
11786,1,1,1,EI,R1,1,True,1
11850,2,2,2,EI,R1,1,True,2
11870,1,1,1,EI,R1,1,True,1
11874,1,1,1,EI,R1,1,True,1
11930,1,1,1,EI,R1,1,True,1
11935,2,2,2,EI,R1,1,True,2
11967,1,1,1,EI,R1,1,True,1
12012,2,1,2,EI,R1,0,False,2
12074,1,1,1,EI,R1,1,True,1
12143,1,2,1,EI,R1,0,False,1
12151,1,1,1,EI,R1,1,True,1
12153,1,1,1,EI,R1,1,True,1
12219,1,1,1,EI,R1,1,True,1
12271,2,2,2,EI,R1,1,True,2
12284,1,2,2,EI,R1,0,False,1
12285,1,1,1,EI,R1,1,True,1
12301,1,1,1,EI,R1,1,True,1
12305,1,1,1,EI,R1,1,True,1
12323,2,2,2,EI,R1,1,True,2
12429,2,2,2,EI,R1,1,True,2
12472,2,2,2,EI,R1,1,True,2
12486,2,2,2,EI,R1,1,True,2
12494,1,1,1,EI,R1,1,True,1
12627,1,2,2,EI,R1,0,False,1
12645,1,1,1,EI,R1,1,True,1
12732,1,1,1,EI,R1,1,True,1
12798,2,2,2,EI,R1,1,True,2
12830,2,2,2,EI,R1,1,True,2
12860,2,2,2,EI,R1,1,True,2
12896,1,1,1,EI,R1,1,True,1
12903,2,2,2,EI,R1,1,True,2
12926,2,2,2,EI,R1,1,True,2
12936,2,2,2,EI,R1,1,True,2
12948,2,2,2,EI,R1,1,True,2
12975,2,2,2,EI,R1,1,True,2
12998,1,1,1,EI,R1,1,True,1
13035,1,1,1,EI,R1,1,True,1
13050,2,2,2,EI,R1,1,True,2
13061,1,1,1,EI,R1,1,True,1
13113,1,1,1,EI,R1,1,True,1
13115,1,1,1,EI,R1,1,True,1
13137,2,2,2,EI,R1,1,True,2
13141,1,1,1,EI,R1,1,True,1
13200,1,1,1,EI,R1,1,True,1
13227,2,2,2,EI,R1,1,True,2
13300,2,2,2,EI,R1,1,True,2
13319,1,1,1,EI,R1,1,True,1
13334,1,1,1,EI,R1,1,True,1
13384,1,1,1,EI,R1,1,True,1
13400,2,2,2,EI,R1,1,True,2
13447,2,2,2,EI,R1,1,True,2
13469,2,1,1,EI,R1,0,False,2
13484,2,2,2,EI,R1,1,True,2
13518,2,2,2,EI,R1,1,True,2
13531,1,2,1,EI,R1,0,False,1
13562,2,2,2,EI,R1,1,True,2
13726,1,1,1,EI,R1,1,True,1
13785,1,1,1,EI,R1,1,True,1
13843,2,2,2,EI,R1,1,True,2
13864,2,2,2,EI,R1,1,True,2
13874,1,1,1,EI,R1,1,True,1
13920,2,2,2,EI,R1,1,True,2
13923,1,2,1,EI,R1,0,False,1
13996,2,2,2,EI,R1,1,True,2
14011,2,2,2,EI,R1,1,True,2
14047,2,2,2,EI,R1,1,True,2
14055,2,2,2,EI,R1,1,True,2
14074,2,2,2,EI,R1,1,True,2
14137,2,2,2,EI,R1,1,True,2
14139,2,2,2,EI,R1,1,True,2
14224,2,2,2,EI,R1,1,True,2
14259,1,1,1,EI,R1,1,True,1
14300,1,1,1,EI,R1,1,True,1
14325,1,1,1,EI,R1,1,True,1
14408,1,1,1,EI,R1,1,True,1
14410,2,2,2,EI,R1,1,True,2
14469,1,1,1,EI,R1,1,True,1
14488,1,1,1,EI,R1,1,True,1
14532,2,2,2,EI,R1,1,True,2
14550,2,2,2,EI,R1,1,True,2
14557,1,1,1,EI,R1,1,True,1
14581,2,2,2,EI,R1,1,True,2
14617,2,2,2,EI,R1,1,True,2
14707,2,1,1,EI,R1,0,False,2
14759,2,2,2,EI,R1,1,True,2
14793,1,1,1,EI,R1,1,True,1
14796,2,2,2,EI,R1,1,True,2
14818,1,2,2,EI,R1,0,False,1
14845,2,2,2,EI,R1,1,True,2
14858,2,2,2,EI,R1,1,True,2
14868,1,1,1,EI,R1,1,True,1
14900,1,1,1,EI,R1,1,True,1
14932,2,2,2,EI,R1,1,True,2
14970,2,2,2,EI,R1,1,True,2
14988,2,2,2,EI,R1,1,True,2
15035,1,1,1,EI,R1,1,True,1
15066,2,2,2,EI,R1,1,True,2
15131,2,2,2,EI,R1,1,True,2
15133,2,2,2,EI,R1,1,True,2
15176,2,2,2,EI,R1,1,True,2
15189,1,1,1,EI,R1,1,True,1
15254,1,1,1,EI,R1,1,True,1
15290,1,1,1,EI,R1,1,True,1
15363,2,2,2,EI,R1,1,True,2
15452,2,2,2,EI,R1,1,True,2
15473,2,2,2,EI,R1,1,True,2
15535,2,2,2,EI,R1,1,True,2
15538,1,1,1,EI,R1,1,True,1
15555,1,1,1,EI,R1,1,True,1
15585,1,1,1,EI,R1,1,True,1
15614,2,2,2,EI,R1,1,True,2
15620,2,2,2,EI,R1,1,True,2
15693,1,1,1,EI,R1,1,True,1
15721,2,2,2,EI,R1,1,True,2
15735,1,1,1,EI,R1,1,True,1
15770,2,1,1,EI,R1,0,False,2
15799,2,2,2,EI,R1,1,True,2
15810,2,2,2,EI,R1,1,True,2
15822,1,1,1,EI,R1,1,True,1
15883,1,1,1,EI,R1,1,True,1
15894,1,1,1,EI,R1,1,True,1
15938,2,2,2,EI,R1,1,True,2
15980,1,2,1,EI,R1,0,False,1
16011,1,1,1,EI,R1,1,True,1
16114,1,1,1,EI,R1,1,True,1
16120,1,1,1,EI,R1,1,True,1
16170,2,2,2,EI,R1,1,True,2
16174,1,1,1,EI,R1,1,True,1
16204,2,2,2,EI,R1,1,True,2
16212,1,1,1,EI,R1,1,True,1
16213,1,1,1,EI,R1,1,True,1
16230,1,1,1,EI,R1,1,True,1
16264,1,1,1,EI,R1,1,True,1
16339,1,1,1,EI,R1,1,True,1
16355,2,2,2,EI,R1,1,True,2
16386,1,2,1,EI,R1,0,False,1
16398,1,1,1,EI,R1,1,True,1
16457,1,1,1,EI,R1,1,True,1
16521,2,2,2,EI,R1,1,True,2
16572,1,1,1,EI,R1,1,True,1
16600,1,1,1,EI,R1,1,True,1
16614,1,1,1,EI,R1,1,True,1
16642,1,1,1,EI,R1,1,True,1
16731,1,1,1,EI,R1,1,True,1
16801,2,2,2,EI,R1,1,True,2
16845,1,1,1,EI,R1,1,True,1
16858,2,2,2,EI,R1,1,True,2
16891,2,2,2,EI,R1,1,True,2
16903,1,2,1,EI,R1,0,False,1
16977,1,1,1,EI,R1,1,True,1
17002,2,2,2,EI,R1,1,True,2
17048,1,1,1,EI,R1,1,True,1
17079,1,1,1,EI,R1,1,True,1
17082,1,1,1,EI,R1,1,True,1
17121,2,2,2,EI,R1,1,True,2
17165,2,2,2,EI,R1,1,True,2
17212,1,1,1,EI,R1,1,True,1
17227,2,2,2,EI,R1,1,True,2
17241,1,1,1,EI,R1,1,True,1
17280,1,1,1,EI,R1,1,True,1
17322,1,1,1,EI,R1,1,True,1
17355,2,2,2,EI,R1,1,True,2
17361,1,1,1,EI,R1,1,True,1
17364,2,2,2,EI,R1,1,True,2
17386,2,2,2,EI,R1,1,True,2
17423,2,2,2,EI,R1,1,True,2
17455,1,1,1,EI,R1,1,True,1
17468,1,1,1,EI,R1,1,True,1
17475,1,1,1,EI,R1,1,True,1
17553,2,2,2,EI,R1,1,True,2
17585,1,1,1,EI,R1,1,True,1
17693,2,2,2,EI,R1,1,True,2
17744,2,2,2,EI,R1,1,True,2
17746,2,2,2,EI,R1,1,True,2
17792,2,2,2,EI,R1,1,True,2
17806,2,2,2,EI,R1,1,True,2
17841,1,2,2,EI,R1,0,False,1
17877,1,1,1,EI,R1,1,True,1
17885,2,2,2,EI,R1,1,True,2
17914,1,1,1,EI,R1,1,True,1
17929,2,2,2,EI,R1,1,True,2
17963,2,2,2,EI,R1,1,True,2
18223,2,2,2,EI,R1,1,True,2
18290,1,1,1,EI,R1,1,True,1
18337,2,2,2,EI,R1,1,True,2
18550,2,2,2,EI,R1,1,True,2
18553,2,2,2,EI,R1,1,True,2
18597,1,1,1,EI,R1,1,True,1
18613,2,2,2,EI,R1,1,True,2
18630,2,2,2,EI,R1,1,True,2
18631,1,1,1,EI,R1,1,True,1
18643,1,1,1,EI,R1,1,True,1
18652,1,1,1,EI,R1,1,True,1
18656,2,2,1,EI,R1,0,False,2
18670,1,1,1,EI,R1,1,True,1
18805,2,2,2,EI,R1,1,True,2
18806,1,1,1,EI,R1,1,True,1
18820,1,1,1,EI,R1,1,True,1
18839,2,2,2,EI,R1,1,True,2
18874,1,1,1,EI,R1,1,True,1
18886,1,1,1,EI,R1,1,True,1
18935,1,1,1,EI,R1,1,True,1
18961,2,2,2,EI,R1,1,True,2
18970,1,1,1,EI,R1,1,True,1
18998,2,2,2,EI,R1,1,True,2
19036,1,1,1,EI,R1,1,True,1
19045,2,2,2,EI,R1,1,True,2
19113,1,1,1,EI,R1,1,True,1
19164,1,1,1,EI,R1,1,True,1
19267,2,2,2,EI,R1,1,True,2
19295,1,1,1,EI,R1,1,True,1
19331,2,2,2,EI,R1,1,True,2
19341,1,1,1,EI,R1,1,True,1
19363,1,1,1,EI,R1,1,True,1
19383,1,1,1,EI,R1,1,True,1
19385,2,2,2,EI,R1,1,True,2
19395,2,2,2,EI,R1,1,True,2
19486,2,2,2,EI,R1,1,True,2
19496,2,2,2,EI,R1,1,True,2
19519,2,2,1,EI,R1,0,False,2
19532,1,1,1,EI,R1,1,True,1
19538,1,1,1,EI,R1,1,True,1
19593,1,1,1,EI,R1,1,True,1
19599,2,2,2,EI,R1,1,True,2
19643,1,2,1,EI,R1,0,False,1
19686,1,1,1,EI,R1,1,True,1
19738,1,1,1,EI,R1,1,True,1
19794,1,1,1,EI,R1,1,True,1
19811,1,1,1,EI,R1,1,True,1
19826,1,2,1,EI,R1,0,False,1
19830,2,2,2,EI,R1,1,True,2
19839,2,2,2,EI,R1,1,True,2
19854,2,2,2,EI,R1,1,True,2
19900,2,2,2,EI,R1,1,True,2
19915,1,1,1,EI,R1,1,True,1
19967,1,1,1,EI,R1,1,True,1
19968,2,2,2,EI,R1,1,True,2
20031,1,1,1,EI,R1,1,True,1
20132,2,2,1,EI,R1,0,False,2
20184,2,2,2,EI,R1,1,True,2
20195,2,2,1,EI,R1,0,False,2
20270,1,1,1,EI,R1,1,True,1
20283,1,1,1,EI,R1,1,True,1
20299,2,2,2,EI,R1,1,True,2
20338,1,1,1,EI,R1,1,True,1
20351,2,2,2,EI,R1,1,True,2
20380,2,2,2,EI,R1,1,True,2
20407,2,2,2,EI,R1,1,True,2
20420,1,1,1,EI,R1,1,True,1
20422,1,1,1,EI,R1,1,True,1
20431,1,1,1,EI,R1,1,True,1
20443,1,1,1,EI,R1,1,True,1
20446,2,2,2,EI,R1,1,True,2
20465,1,1,1,EI,R1,1,True,1
20467,1,1,1,EI,R1,1,True,1
20504,2,2,1,EI,R1,0,False,2
20528,1,2,2,EI,R1,0,False,1
20542,2,2,1,EI,R1,0,False,2
20549,1,1,1,EI,R1,1,True,1
20609,1,1,1,EI,R1,1,True,1
20666,1,1,2,EI,R1,0,False,1
20677,1,1,1,EI,R1,1,True,1
20685,2,2,1,EI,R1,0,False,2
20716,2,2,2,EI,R1,1,True,2
20717,1,2,1,EI,R1,0,False,1
20839,1,1,1,EI,R1,1,True,1
20853,1,1,1,EI,R1,1,True,1
20869,2,2,2,EI,R1,1,True,2
20890,2,2,2,EI,R1,1,True,2
20895,1,1,1,EI,R1,1,True,1
20964,1,1,1,EI,R1,1,True,1
20971,2,2,2,EI,R1,1,True,2
21016,1,1,1,EI,R1,1,True,1
21051,2,2,2,EI,R1,1,True,2
21067,1,1,1,EI,R1,1,True,1
21074,1,1,1,EI,R1,1,True,1
21098,2,2,2,EI,R1,1,True,2
21130,2,2,2,EI,R1,1,True,2
21158,1,1,1,EI,R1,1,True,1
21165,1,1,1,EI,R1,1,True,1
21167,1,1,1,EI,R1,1,True,1
21173,1,1,1,EI,R1,1,True,1
21180,2,2,2,EI,R1,1,True,2
21203,2,2,2,EI,R1,1,True,2
21210,1,1,1,EI,R1,1,True,1
21328,1,1,1,EI,R1,1,True,1
21399,1,1,1,EI,R1,1,True,1
21509,2,2,2,EI,R1,1,True,2
21544,2,2,2,EI,R1,1,True,2
21598,2,2,2,EI,R1,1,True,2
21599,1,2,1,EI,R1,0,False,1
21606,2,2,2,EI,R1,1,True,2
21608,1,1,1,EI,R1,1,True,1
21629,1,1,1,EI,R1,1,True,1
21630,1,2,1,EI,R1,0,False,1
21666,1,1,1,EI,R1,1,True,1
21691,1,1,1,EI,R1,1,True,1
21847,2,2,2,EI,R1,1,True,2
21910,1,1,1,EI,R1,1,True,1
21935,2,2,2,EI,R1,1,True,2
21961,1,1,1,EI,R1,1,True,1
21976,1,1,1,EI,R1,1,True,1
21987,2,2,2,EI,R1,1,True,2
22043,2,2,2,EI,R1,1,True,2
22052,1,1,1,EI,R1,1,True,1
22065,1,1,1,EI,R1,1,True,1
22066,2,2,2,EI,R1,1,True,2
22090,2,2,2,EI,R1,1,True,2
22126,2,2,2,EI,R1,1,True,2
22166,2,2,2,EI,R1,1,True,2
22184,2,2,2,EI,R1,1,True,2
22189,2,2,2,EI,R1,1,True,2
22194,2,2,2,EI,R1,1,True,2
22266,1,1,1,EI,R1,1,True,1
22314,2,2,2,EI,R1,1,True,2
22356,2,2,2,EI,R1,1,True,2
22467,2,2,2,EI,R1,1,True,2
22679,1,1,1,EI,R1,1,True,1
22707,2,2,2,EI,R1,1,True,2
22767,2,2,2,EI,R1,1,True,2
22770,1,1,1,EI,R1,1,True,1
22814,1,1,1,EI,R1,1,True,1
22819,2,2,2,EI,R1,1,True,2
22833,1,1,1,EI,R1,1,True,1
22849,2,2,2,EI,R1,1,True,2
22966,2,2,2,EI,R1,1,True,2
23023,1,1,1,EI,R1,1,True,1
23052,1,1,1,EI,R1,1,True,1
23089,1,1,1,EI,R1,1,True,1
23103,2,2,2,EI,R1,1,True,2
23104,2,2,2,EI,R1,1,True,2
23128,1,1,1,EI,R1,1,True,1
23200,1,1,1,EI,R1,1,True,1
23313,1,2,2,EI,R1,0,False,1
23322,1,1,1,EI,R1,1,True,1
23323,1,1,1,EI,R1,1,True,1
23404,2,2,2,EI,R1,1,True,2
23415,1,1,1,EI,R1,1,True,1
23440,2,2,2,EI,R1,1,True,2
23453,2,2,2,EI,R1,1,True,2
23505,1,1,2,EI,R1,0,False,1
23514,2,2,2,EI,R1,1,True,2
23524,1,1,1,EI,R1,1,True,1
23530,2,2,2,EI,R1,1,True,2
23534,1,2,1,EI,R1,0,False,1
23574,1,1,1,EI,R1,1,True,1
23584,1,1,1,EI,R1,1,True,1
23605,1,1,1,EI,R1,1,True,1
23620,2,2,2,EI,R1,1,True,2
23648,2,2,2,EI,R1,1,True,2
23699,2,2,2,EI,R1,1,True,2
23713,2,2,2,EI,R1,1,True,2
23779,1,2,1,EI,R1,0,False,1
23871,1,1,1,EI,R1,1,True,1
23873,1,1,1,EI,R1,1,True,1
23901,1,1,1,EI,R1,1,True,1
24026,2,2,2,EI,R1,1,True,2
24163,1,1,1,EI,R1,1,True,1
24174,2,2,2,EI,R1,1,True,2
24223,1,1,1,EI,R1,1,True,1
24260,2,2,2,EI,R1,1,True,2
24291,2,2,2,EI,R1,1,True,2
24304,1,1,1,EI,R1,1,True,1
24334,2,2,2,EI,R1,1,True,2
24405,2,2,2,EI,R1,1,True,2
24408,1,1,1,EI,R1,1,True,1
24500,2,2,2,EI,R1,1,True,2
24502,1,1,1,EI,R1,1,True,1
24541,2,2,2,EI,R1,1,True,2
24573,1,1,1,EI,R1,1,True,1
24637,2,2,2,EI,R1,1,True,2
24673,1,2,1,EI,R1,0,False,1
24706,1,1,1,EI,R1,1,True,1
24740,2,2,2,EI,R1,1,True,2
24774,2,2,2,EI,R1,1,True,2
24836,1,1,1,EI,R1,1,True,1
24871,1,2,2,EI,R1,0,False,1
24902,2,2,2,EI,R1,1,True,2
24959,1,2,1,EI,R1,0,False,1
24975,1,1,1,EI,R1,1,True,1
24995,1,1,1,EI,R1,1,True,1
25015,1,1,1,EI,R1,1,True,1
25038,1,1,1,EI,R1,1,True,1
25109,2,2,2,EI,R1,1,True,2
25137,1,1,1,EI,R1,1,True,1
25155,1,1,1,EI,R1,1,True,1
25239,2,2,2,EI,R1,1,True,2
25270,1,1,1,EI,R1,1,True,1
25302,2,2,2,EI,R1,1,True,2
25337,1,1,1,EI,R1,1,True,1
25348,1,1,1,EI,R1,1,True,1
25369,2,2,2,EI,R1,1,True,2
25380,2,2,2,EI,R1,1,True,2
25416,1,1,1,EI,R1,1,True,1
25435,1,1,1,EI,R1,1,True,1
25447,1,1,1,EI,R1,1,True,1
25448,2,2,2,EI,R1,1,True,2
25471,2,2,2,EI,R1,1,True,2
25523,2,2,2,EI,R1,1,True,2
25591,1,1,1,EI,R1,1,True,1
25650,1,1,1,EI,R1,1,True,1
25690,1,1,1,EI,R1,1,True,1
25698,2,2,2,EI,R1,1,True,2
25856,1,1,1,EI,R1,1,True,1
25868,2,2,2,EI,R1,1,True,2
25990,2,2,2,EI,R1,1,True,2
26032,1,1,1,EI,R1,1,True,1
26129,2,2,2,EI,R1,1,True,2
26161,1,1,1,EI,R1,1,True,1
26178,1,1,1,EI,R1,1,True,1
26211,2,2,2,EI,R1,1,True,2
26281,1,1,1,EI,R1,1,True,1
26287,2,2,2,EI,R1,1,True,2
26292,2,2,2,EI,R1,1,True,2
26302,1,1,1,EI,R1,1,True,1
26321,2,2,2,EI,R1,1,True,2
26337,1,1,1,EI,R1,1,True,1
26345,1,2,1,EI,R1,0,False,1
26480,2,2,2,EI,R1,1,True,2
26492,2,2,2,EI,R1,1,True,2
26528,1,1,1,EI,R1,1,True,1
26546,1,1,1,EI,R1,1,True,1
26556,1,1,1,EI,R1,1,True,1
26575,2,2,2,EI,R1,1,True,2
26678,2,2,2,EI,R1,1,True,2
26714,2,2,2,EI,R1,1,True,2
26831,1,1,1,EI,R1,1,True,1
26865,2,2,2,EI,R1,1,True,2
26878,2,2,2,EI,R1,1,True,2
26995,2,1,1,EI,R1,0,False,2
27029,1,1,1,EI,R1,1,True,1
27088,1,1,1,EI,R1,1,True,1
27101,1,1,1,EI,R1,1,True,1
27117,1,1,1,EI,R1,1,True,1
27271,1,1,1,EI,R1,1,True,1
27395,1,1,1,EI,R1,1,True,1
27431,2,2,2,EI,R1,1,True,2
27497,1,1,1,EI,R1,1,True,1
27524,2,2,2,EI,R1,1,True,2
27558,2,2,2,EI,R1,1,True,2
27610,2,2,2,EI,R1,1,True,2
27668,2,2,2,EI,R1,1,True,2
27688,2,2,2,EI,R1,1,True,2
27740,2,2,2,EI,R1,1,True,2
27786,2,2,2,EI,R1,1,True,2
27828,2,2,2,EI,R1,1,True,2
27904,2,2,2,EI,R1,1,True,2
27910,2,2,2,EI,R1,1,True,2
27911,2,2,2,EI,R1,1,True,2
28011,2,2,2,EI,R1,1,True,2
28019,1,1,1,EI,R1,1,True,1
28051,1,2,2,EI,R1,0,False,1
28057,2,2,2,EI,R1,1,True,2
28067,1,2,2,EI,R1,0,False,1
28114,2,2,2,EI,R1,1,True,2
28222,1,2,2,EI,R1,0,False,1
28262,2,2,2,EI,R1,1,True,2
28271,1,1,1,EI,R1,1,True,1
28339,2,2,2,EI,R1,1,True,2
28341,1,1,1,EI,R1,1,True,1
28365,2,2,2,EI,R1,1,True,2
28463,2,2,2,EI,R1,1,True,2
28490,1,1,1,EI,R1,1,True,1
28550,1,2,1,EI,R1,0,False,1
28574,2,2,2,EI,R1,1,True,2
28656,2,2,2,EI,R1,1,True,2
28674,2,2,2,EI,R1,1,True,2
28728,1,1,1,EI,R1,1,True,1
28789,2,2,2,EI,R1,1,True,2
28790,2,2,1,EI,R1,0,False,2
28814,1,1,1,EI,R1,1,True,1
28822,1,2,2,EI,R1,0,False,1
28963,1,1,1,EI,R1,1,True,1
29070,2,2,2,EI,R1,1,True,2
29105,2,2,1,EI,R1,0,False,2
29132,1,1,1,EI,R1,1,True,1
29144,1,1,1,EI,R1,1,True,1
29184,1,1,1,EI,R1,1,True,1
29243,2,2,2,EI,R1,1,True,2
29385,1,1,1,EI,R1,1,True,1
29411,2,2,1,EI,R1,0,False,2
29417,2,2,2,EI,R1,1,True,2
29454,2,2,2,EI,R1,1,True,2
29465,1,1,1,EI,R1,1,True,1
29484,2,2,2,EI,R1,1,True,2
29582,1,1,1,EI,R1,1,True,1
29629,1,1,1,EI,R1,1,True,1
29644,1,1,1,EI,R1,1,True,1
29679,1,1,1,EI,R1,1,True,1
29768,1,1,1,EI,R1,1,True,1
29880,2,2,2,EI,R1,1,True,2
29903,1,2,1,EI,R1,0,False,1
29912,1,1,1,EI,R1,1,True,1
29978,1,1,1,EI,R1,1,True,1
30052,1,1,1,EI,R1,1,True,1
30118,1,1,1,EI,R1,1,True,1
30131,1,2,2,EI,R1,0,False,1
30137,2,2,2,EI,R1,1,True,2
30143,1,1,1,EI,R1,1,True,1
30180,1,1,1,EI,R1,1,True,1
30259,1,1,1,EI,R1,1,True,1
30273,1,1,1,EI,R1,1,True,1
30285,2,2,2,EI,R1,1,True,2
30328,1,1,1,EI,R1,1,True,1
30329,1,1,1,EI,R1,1,True,1
30336,2,2,2,EI,R1,1,True,2
30340,1,1,1,EI,R1,1,True,1
30352,2,2,2,EI,R1,1,True,2
30367,2,2,2,EI,R1,1,True,2
30457,1,1,1,EI,R1,1,True,1
30498,2,2,2,EI,R1,1,True,2
30514,1,2,1,EI,R1,0,False,1
30544,1,1,1,EI,R1,1,True,1
30637,1,1,1,EI,R1,1,True,1
30694,1,1,1,EI,R1,1,True,1
30701,2,2,2,EI,R1,1,True,2
30710,2,2,2,EI,R1,1,True,2
30794,1,1,1,EI,R1,1,True,1
30807,1,1,1,EI,R1,1,True,1
30825,1,1,1,EI,R1,1,True,1
30846,1,1,1,EI,R1,1,True,1
30856,2,2,2,EI,R1,1,True,2
30872,2,2,2,EI,R1,1,True,2
30880,1,1,1,EI,R1,1,True,1
30899,1,1,1,EI,R1,1,True,1
30922,2,2,2,EI,R1,1,True,2
30936,2,2,2,EI,R1,1,True,2
31029,1,2,1,EI,R1,0,False,1
31060,1,1,1,EI,R1,1,True,1
31081,2,2,2,EI,R1,1,True,2
31089,1,1,1,EI,R1,1,True,1
31128,1,1,1,EI,R1,1,True,1
31129,2,2,2,EI,R1,1,True,2
31138,1,1,1,EI,R1,1,True,1
31148,1,1,1,EI,R1,1,True,1
31247,1,1,1,EI,R1,1,True,1
31266,2,2,2,EI,R1,1,True,2
31350,2,2,2,EI,R1,1,True,2
31386,2,2,2,EI,R1,1,True,2
31470,2,2,2,EI,R1,1,True,2
31483,2,2,2,EI,R1,1,True,2
31568,1,1,1,EI,R1,1,True,1
31597,1,1,1,EI,R1,1,True,1
31622,1,1,1,EI,R1,1,True,1
31628,1,1,1,EI,R1,1,True,1
31634,1,1,1,EI,R1,1,True,1
31665,1,1,1,EI,R1,1,True,1
31720,1,1,1,EI,R1,1,True,1
31728,1,1,1,EI,R1,1,True,1
31754,2,2,2,EI,R1,1,True,2
31808,2,2,2,EI,R1,1,True,2
31883,1,2,2,EI,R1,0,False,1
31907,2,2,2,EI,R1,1,True,2
32003,2,2,2,EI,R1,1,True,2
32090,1,1,1,EI,R1,1,True,1
32112,2,2,2,EI,R1,1,True,2
32116,2,2,2,EI,R1,1,True,2
32131,2,2,2,EI,R1,1,True,2
32167,1,1,1,EI,R1,1,True,1
32177,2,1,1,EI,R1,0,False,2
32263,2,2,2,EI,R1,1,True,2
32265,1,1,1,EI,R1,1,True,1
32323,2,2,2,EI,R1,1,True,2
32372,1,1,1,EI,R1,1,True,1
32463,2,2,2,EI,R1,1,True,2
32489,2,2,2,EI,R1,1,True,2
32518,1,1,1,EI,R1,1,True,1
32558,2,2,2,EI,R1,1,True,2
32572,2,2,2,EI,R1,1,True,2
32638,1,1,1,EI,R1,1,True,1
32679,1,1,1,EI,R1,1,True,1
32722,2,2,2,EI,R1,1,True,2
32747,1,1,1,EI,R1,1,True,1
32753,2,2,2,EI,R1,1,True,2
32785,1,1,1,EI,R1,1,True,1
32872,2,2,2,EI,R1,1,True,2
32894,1,2,1,EI,R1,0,False,1
32913,1,1,1,EI,R1,1,True,1
32917,1,2,2,EI,R1,0,False,1
32963,1,1,1,EI,R1,1,True,1
32972,2,2,2,EI,R1,1,True,2
33026,2,2,2,EI,R1,1,True,2
33067,2,2,2,EI,R1,1,True,2
33126,2,2,2,EI,R1,1,True,2
33141,1,2,2,EI,R1,0,False,1
33154,1,1,1,EI,R1,1,True,1
33212,2,2,2,EI,R1,1,True,2
33262,2,2,2,EI,R1,1,True,2
33291,1,1,1,EI,R1,1,True,1
33322,1,1,2,EI,R1,0,False,1
33345,1,1,1,EI,R1,1,True,1
33390,1,1,1,EI,R1,1,True,1
33409,1,2,1,EI,R1,0,False,1
33433,1,1,1,EI,R1,1,True,1
33470,1,1,1,EI,R1,1,True,1
33504,1,1,1,EI,R1,1,True,1
33509,1,2,1,EI,R1,0,False,1
33532,2,2,2,EI,R1,1,True,2
33618,1,2,1,EI,R1,0,False,1
33649,1,1,1,EI,R1,1,True,1
33741,1,1,1,EI,R1,1,True,1
33743,2,2,2,EI,R1,1,True,2
33765,2,2,2,EI,R1,1,True,2
33780,1,2,2,EI,R1,0,False,1
33806,1,1,1,EI,R1,1,True,1
33808,2,2,2,EI,R1,1,True,2
33856,1,1,1,EI,R1,1,True,1
33859,2,2,2,EI,R1,1,True,2
33890,2,2,2,EI,R1,1,True,2
33936,2,2,2,EI,R1,1,True,2
33940,2,2,2,EI,R1,1,True,2
33961,1,1,1,EI,R1,1,True,1
33962,2,2,2,EI,R1,1,True,2
33986,1,1,1,EI,R1,1,True,1
34029,2,2,1,EI,R1,0,False,2
34084,1,2,1,EI,R1,0,False,1
34125,2,2,2,EI,R1,1,True,2
34143,2,2,2,EI,R1,1,True,2
34148,1,1,1,EI,R1,1,True,1
34171,1,1,1,EI,R1,1,True,1
34215,2,2,2,EI,R1,1,True,2
34276,1,1,1,EI,R1,1,True,1
34332,1,1,1,EI,R1,1,True,1
34354,1,1,1,EI,R1,1,True,1
34404,2,2,2,EI,R1,1,True,2
34414,2,2,2,EI,R1,1,True,2
34456,1,1,1,EI,R1,1,True,1
34460,2,2,2,EI,R1,1,True,2
34500,1,1,1,EI,R1,1,True,1
34573,1,1,1,EI,R1,1,True,1
34667,2,2,2,EI,R1,1,True,2
34714,2,2,2,EI,R1,1,True,2
34754,2,2,2,EI,R1,1,True,2
34812,2,2,1,EI,R1,0,False,2
34915,1,1,1,EI,R1,1,True,1
34918,2,2,2,EI,R1,1,True,2
34930,1,1,1,EI,R1,1,True,1
34944,2,2,2,EI,R1,1,True,2
34983,2,2,2,EI,R1,1,True,2
35058,2,2,2,EI,R1,1,True,2
35064,2,2,2,EI,R1,1,True,2
35127,2,2,2,EI,R1,1,True,2
35156,2,2,2,EI,R1,1,True,2
35174,1,1,1,EI,R1,1,True,1
35191,1,1,1,EI,R1,1,True,1
35201,2,2,2,EI,R1,1,True,2
35204,2,2,2,EI,R1,1,True,2
35282,2,2,2,EI,R1,1,True,2
35287,1,1,1,EI,R1,1,True,1
35397,1,2,1,EI,R1,0,False,1
35429,2,2,2,EI,R1,1,True,2
35467,2,2,2,EI,R1,1,True,2
35542,2,2,2,EI,R1,1,True,2
35564,2,2,2,EI,R1,1,True,2
35592,1,1,1,EI,R1,1,True,1
35643,2,2,2,EI,R1,1,True,2
35653,1,2,2,EI,R1,0,False,1
35715,2,2,2,EI,R1,1,True,2
35732,2,2,2,EI,R1,1,True,2
35738,2,2,2,EI,R1,1,True,2
35743,1,1,1,EI,R1,1,True,1
35871,2,2,1,EI,R1,0,False,2
35880,2,2,2,EI,R1,1,True,2
35907,1,1,1,EI,R1,1,True,1
35912,2,2,2,EI,R1,1,True,2
35918,2,2,2,EI,R1,1,True,2
35939,2,2,2,EI,R1,1,True,2
35991,2,2,2,EI,R1,1,True,2
36100,2,2,2,EI,R1,1,True,2
36117,1,1,1,EI,R1,1,True,1
36126,1,2,1,EI,R1,0,False,1
36186,2,2,2,EI,R1,1,True,2
36190,1,1,1,EI,R1,1,True,1
36199,2,2,2,EI,R1,1,True,2
36209,1,1,1,EI,R1,1,True,1
36223,2,2,2,EI,R1,1,True,2
36247,1,1,1,EI,R1,1,True,1
36341,1,1,1,EI,R1,1,True,1
36403,2,2,1,EI,R1,0,False,2
36419,2,2,2,EI,R1,1,True,2
36434,2,2,2,EI,R1,1,True,2
36449,1,1,1,EI,R1,1,True,1
36482,2,2,2,EI,R1,1,True,2
36557,2,2,2,EI,R1,1,True,2
36686,1,2,1,EI,R1,0,False,1
36689,1,1,1,EI,R1,1,True,1
36734,1,1,1,EI,R1,1,True,1
36743,1,1,1,EI,R1,1,True,1
36767,2,2,2,EI,R1,1,True,2
36785,1,1,1,EI,R1,1,True,1
36812,2,2,2,EI,R1,1,True,2
36819,2,2,2,EI,R1,1,True,2
36849,2,2,2,EI,R1,1,True,2
36960,1,1,1,EI,R1,1,True,1
36974,2,2,2,EI,R1,1,True,2
37006,2,2,2,EI,R1,1,True,2
37016,2,2,2,EI,R1,1,True,2
37020,1,1,1,EI,R1,1,True,1
37082,2,2,2,EI,R1,1,True,2
37102,1,1,1,EI,R1,1,True,1
37114,2,2,2,EI,R1,1,True,2
37124,2,2,2,EI,R1,1,True,2
37184,2,2,2,EI,R1,1,True,2
37234,2,2,2,EI,R1,1,True,2
37245,1,1,1,EI,R1,1,True,1
37249,2,2,2,EI,R1,1,True,2
37258,2,2,2,EI,R1,1,True,2
37327,1,1,1,EI,R1,1,True,1
37367,2,2,2,EI,R1,1,True,2
37404,1,1,1,EI,R1,1,True,1
37422,1,2,1,EI,R1,0,False,1
37432,2,2,2,EI,R1,1,True,2
37435,1,2,1,EI,R1,0,False,1
37490,1,1,1,EI,R1,1,True,1
37537,2,2,2,EI,R1,1,True,2
37542,1,1,1,EI,R1,1,True,1
37569,2,2,2,EI,R1,1,True,2
37608,1,1,1,EI,R1,1,True,1
37614,1,2,1,EI,R1,0,False,1
37617,2,2,2,EI,R1,1,True,2
37679,1,1,1,EI,R1,1,True,1
37723,2,2,2,EI,R1,1,True,2
37725,2,1,1,EI,R1,0,False,2
37741,2,2,2,EI,R1,1,True,2
37743,2,2,2,EI,R1,1,True,2
37842,1,1,1,EI,R1,1,True,1
37843,2,2,2,EI,R1,1,True,2
37909,1,1,1,EI,R1,1,True,1
37955,1,1,1,EI,R1,1,True,1
38026,2,2,2,EI,R1,1,True,2
38068,2,2,2,EI,R1,1,True,2
38078,2,2,2,EI,R1,1,True,2
38093,1,1,1,EI,R1,1,True,1
38130,2,2,1,EI,R1,0,False,2
38144,1,1,1,EI,R1,1,True,1
38146,2,2,1,EI,R1,0,False,2
38166,1,1,1,EI,R1,1,True,1
38168,1,1,1,EI,R1,1,True,1
38191,2,2,2,EI,R1,1,True,2
38245,1,1,1,EI,R1,1,True,1
38267,1,1,1,EI,R1,1,True,1
38352,1,1,1,EI,R1,1,True,1
38363,2,2,2,EI,R1,1,True,2
38390,1,1,1,EI,R1,1,True,1
38395,1,1,1,EI,R1,1,True,1
38425,2,2,2,EI,R1,1,True,2
38485,1,1,1,EI,R1,1,True,1
38518,2,2,1,EI,R1,0,False,2
38530,1,1,1,EI,R1,1,True,1
38533,2,2,2,EI,R1,1,True,2
38554,2,2,2,EI,R1,1,True,2
38562,2,2,2,EI,R1,1,True,2
38593,2,2,2,EI,R1,1,True,2
38627,2,2,2,EI,R1,1,True,2
38630,1,1,1,EI,R1,1,True,1
38721,1,1,1,EI,R1,1,True,1
38773,1,1,1,EI,R1,1,True,1
38802,2,2,2,EI,R1,1,True,2
38809,1,1,1,EI,R1,1,True,1
38811,2,2,2,EI,R1,1,True,2
38829,1,1,1,EI,R1,1,True,1
38858,2,2,2,EI,R1,1,True,2
38920,2,2,2,EI,R1,1,True,2
38928,2,2,2,EI,R1,1,True,2
38947,1,1,1,EI,R1,1,True,1
39000,1,2,2,EI,R1,0,False,1
39152,2,2,2,EI,R1,1,True,2
39199,2,1,1,EI,R1,0,False,2
39321,1,1,1,EI,R1,1,True,1
39356,2,2,2,EI,R1,1,True,2
39388,2,2,2,EI,R1,1,True,2
39457,1,1,1,EI,R1,1,True,1
39466,1,1,1,EI,R1,1,True,1
39532,2,2,2,EI,R1,1,True,2
39553,2,2,2,EI,R1,1,True,2
39557,1,1,1,EI,R1,1,True,1
39630,1,1,1,EI,R1,1,True,1
39715,1,2,2,EI,R1,0,False,1
39795,1,2,1,EI,R1,0,False,1
39804,1,1,1,EI,R1,1,True,1
39833,2,2,2,EI,R1,1,True,2
39842,1,1,1,EI,R1,1,True,1
39855,1,1,1,EI,R1,1,True,1
39864,2,2,2,EI,R1,1,True,2
39884,1,2,1,EI,R1,0,False,1
39918,1,1,1,EI,R1,1,True,1
40029,1,2,1,EI,R1,0,False,1
40068,1,1,1,EI,R1,1,True,1
40135,2,2,1,EI,R1,0,False,2
40145,1,1,1,EI,R1,1,True,1
40164,1,1,1,EI,R1,1,True,1
40169,1,1,1,EI,R1,1,True,1
40296,2,2,2,EI,R1,1,True,2
40352,1,1,1,EI,R1,1,True,1
40376,1,2,1,EI,R1,0,False,1
40497,2,2,2,EI,R1,1,True,2
40535,1,1,1,EI,R1,1,True,1
40542,2,2,2,EI,R1,1,True,2
40622,2,2,2,EI,R1,1,True,2
40625,2,2,2,EI,R1,1,True,2
40653,2,2,2,EI,R1,1,True,2
40762,1,1,1,EI,R1,1,True,1
40853,1,1,1,EI,R1,1,True,1
40855,2,2,2,EI,R1,1,True,2
40857,1,1,1,EI,R1,1,True,1
40920,2,2,2,EI,R1,1,True,2
40923,2,2,2,EI,R1,1,True,2
40969,1,1,1,EI,R1,1,True,1
40991,2,2,1,EI,R1,0,False,2
41001,2,2,2,EI,R1,1,True,2
41077,1,1,1,EI,R1,1,True,1
41103,1,2,2,EI,R1,0,False,1
41150,2,2,2,EI,R1,1,True,2
41152,2,2,2,EI,R1,1,True,2
41237,1,1,1,EI,R1,1,True,1
41239,2,1,1,EI,R1,0,False,2
41273,1,1,1,EI,R1,1,True,1
41360,1,1,1,EI,R1,1,True,1
41368,1,1,1,EI,R1,1,True,1
41416,2,2,2,EI,R1,1,True,2
41457,2,2,2,EI,R1,1,True,2
41472,1,1,1,EI,R1,1,True,1
41514,1,2,2,EI,R1,0,False,1
41581,2,2,2,EI,R1,1,True,2
41590,2,2,2,EI,R1,1,True,2
41607,1,1,1,EI,R1,1,True,1
41636,1,1,1,EI,R1,1,True,1
41704,1,1,1,EI,R1,1,True,1
41829,1,1,1,EI,R1,1,True,1
41836,1,1,1,EI,R1,1,True,1
41906,1,1,1,EI,R1,1,True,1
41973,2,2,2,EI,R1,1,True,2
42006,2,2,2,EI,R1,1,True,2
42040,1,1,1,EI,R1,1,True,1
42067,1,1,1,EI,R1,1,True,1
42086,1,2,2,EI,R1,0,False,1
42112,2,2,2,EI,R1,1,True,2
42166,2,2,2,EI,R1,1,True,2
42174,1,1,1,EI,R1,1,True,1
42185,2,2,2,EI,R1,1,True,2
42228,2,2,2,EI,R1,1,True,2
42330,1,1,1,EI,R1,1,True,1
42335,2,2,2,EI,R1,1,True,2
42344,2,1,1,EI,R1,0,False,2
42391,2,2,2,EI,R1,1,True,2
42428,1,1,1,EI,R1,1,True,1
42468,2,2,2,EI,R1,1,True,2
42520,1,1,1,EI,R1,1,True,1
42521,1,1,1,EI,R1,1,True,1
42568,2,2,2,EI,R1,1,True,2
42572,2,2,2,EI,R1,1,True,2
42585,1,1,1,EI,R1,1,True,1
42609,2,2,2,EI,R1,1,True,2
42690,2,2,2,EI,R1,1,True,2
42714,2,2,2,EI,R1,1,True,2
42742,1,1,1,EI,R1,1,True,1
42860,2,2,2,EI,R1,1,True,2
42886,2,2,1,EI,R1,0,False,2
42922,2,2,2,EI,R1,1,True,2
43042,1,1,1,EI,R1,1,True,1
43070,2,2,2,EI,R1,1,True,2
43113,1,2,2,EI,R1,0,False,1
43164,2,2,2,EI,R1,1,True,2
43191,1,1,1,EI,R1,1,True,1
43285,1,1,1,EI,R1,1,True,1
43295,2,2,2,EI,R1,1,True,2
43350,2,2,2,EI,R1,1,True,2
43486,2,2,2,EI,R1,1,True,2
43526,2,2,2,EI,R1,1,True,2
43621,2,2,2,EI,R1,1,True,2
43668,2,2,2,EI,R1,1,True,2
43764,1,2,2,EI,R1,0,False,1
43800,2,2,2,EI,R1,1,True,2
43811,1,1,1,EI,R1,1,True,1
43878,1,1,1,EI,R1,1,True,1
44063,2,2,2,EI,R1,1,True,2
44064,2,2,2,EI,R1,1,True,2
44147,1,1,1,EI,R1,1,True,1
44167,2,2,2,EI,R1,1,True,2
44178,2,2,2,EI,R1,1,True,2
44313,1,1,1,EI,R1,1,True,1
44380,2,2,1,EI,R1,0,False,2
44400,2,2,2,EI,R1,1,True,2
44415,2,2,2,EI,R1,1,True,2
44430,2,2,2,EI,R1,1,True,2
44444,1,1,1,EI,R1,1,True,1
44458,2,2,2,EI,R1,1,True,2
44475,1,1,1,EI,R1,1,True,1
44479,2,2,2,EI,R1,1,True,2
44628,1,1,1,EI,R1,1,True,1
44682,1,1,1,EI,R1,1,True,1
44743,1,1,2,EI,R1,0,False,1
44812,1,2,2,EI,R1,0,False,1
44833,2,2,2,EI,R1,1,True,2
44841,2,2,2,EI,R1,1,True,2
44887,2,2,2,EI,R1,1,True,2
44967,1,1,1,EI,R1,1,True,1
45012,2,2,2,EI,R1,1,True,2
45024,1,1,1,EI,R1,1,True,1
45075,2,2,2,EI,R1,1,True,2
45117,2,2,2,EI,R1,1,True,2
45137,2,2,2,EI,R1,1,True,2
45175,2,2,2,EI,R1,1,True,2
45184,1,1,1,EI,R1,1,True,1
45190,2,2,2,EI,R1,1,True,2
45199,1,1,1,EI,R1,1,True,1
45289,2,2,2,EI,R1,1,True,2
45314,1,1,1,EI,R1,1,True,1
45337,1,1,1,EI,R1,1,True,1
45340,2,2,2,EI,R1,1,True,2
45390,2,2,2,EI,R1,1,True,2
45424,1,1,1,EI,R1,1,True,1
45470,2,2,2,EI,R1,1,True,2
45492,1,1,1,EI,R1,1,True,1
45529,2,2,2,EI,R1,1,True,2
45544,2,2,2,EI,R1,1,True,2
45784,1,1,1,EI,R1,1,True,1
45800,2,2,2,EI,R1,1,True,2
45811,2,2,2,EI,R1,1,True,2
45837,1,1,1,EI,R1,1,True,1
45857,2,2,2,EI,R1,1,True,2
45893,2,2,2,EI,R1,1,True,2
45919,2,2,2,EI,R1,1,True,2
45938,1,1,1,EI,R1,1,True,1
45983,1,1,1,EI,R1,1,True,1
45985,1,1,1,EI,R1,1,True,1
46026,2,2,2,EI,R1,1,True,2
46132,1,2,1,EI,R1,0,False,1
46147,1,1,1,EI,R1,1,True,1
46160,1,1,1,EI,R1,1,True,1
46218,2,2,2,EI,R1,1,True,2
46346,1,1,1,EI,R1,1,True,1
46371,1,1,1,EI,R1,1,True,1
46372,2,2,2,EI,R1,1,True,2
46555,2,2,2,EI,R1,1,True,2
46569,2,2,2,EI,R1,1,True,2
46595,2,2,2,EI,R1,1,True,2
46674,1,1,1,EI,R1,1,True,1
46707,1,1,1,EI,R1,1,True,1
46710,2,2,2,EI,R1,1,True,2
46751,2,2,2,EI,R1,1,True,2
46756,1,1,1,EI,R1,1,True,1
46758,1,2,2,EI,R1,0,False,1
46810,2,2,2,EI,R1,1,True,2
46859,2,2,2,EI,R1,1,True,2
46880,1,1,1,EI,R1,1,True,1
46894,2,2,2,EI,R1,1,True,2
46969,2,2,2,EI,R1,1,True,2
47024,2,2,2,EI,R1,1,True,2
47060,2,2,2,EI,R1,1,True,2
47065,1,1,1,EI,R1,1,True,1
47097,1,1,1,EI,R1,1,True,1
47139,2,2,1,EI,R1,0,False,2
47169,2,2,2,EI,R1,1,True,2
47174,2,2,2,EI,R1,1,True,2
47216,2,2,2,EI,R1,1,True,2
47246,2,2,2,EI,R1,1,True,2
47249,2,2,2,EI,R1,1,True,2
47362,1,1,1,EI,R1,1,True,1
47371,1,1,1,EI,R1,1,True,1
47560,1,1,1,EI,R1,1,True,1
47603,1,1,1,EI,R1,1,True,1
47619,2,2,2,EI,R1,1,True,2
47632,1,1,1,EI,R1,1,True,1
47865,2,2,2,EI,R1,1,True,2
47886,1,1,1,EI,R1,1,True,1
48180,1,1,1,EI,R1,1,True,1
48182,1,1,1,EI,R1,1,True,1
48217,2,2,2,EI,R1,1,True,2
48246,1,1,1,EI,R1,1,True,1
48295,2,2,2,EI,R1,1,True,2
48329,1,1,1,EI,R1,1,True,1
48352,1,1,1,EI,R1,1,True,1
48355,2,2,1,EI,R1,0,False,2
48359,2,2,2,EI,R1,1,True,2
48434,1,2,1,EI,R1,0,False,1
48441,1,1,1,EI,R1,1,True,1
48449,2,2,2,EI,R1,1,True,2
48506,2,2,2,EI,R1,1,True,2
48538,2,2,2,EI,R1,1,True,2
48541,1,1,1,EI,R1,1,True,1
48562,2,2,2,EI,R1,1,True,2
48563,2,2,2,EI,R1,1,True,2
48566,1,1,1,EI,R1,1,True,1
48587,1,1,1,EI,R1,1,True,1
48607,1,1,1,EI,R1,1,True,1
48618,1,1,1,EI,R1,1,True,1
48722,2,2,2,EI,R1,1,True,2
48728,1,1,1,EI,R1,1,True,1
48859,2,2,2,EI,R1,1,True,2
48898,1,1,1,EI,R1,1,True,1
48976,2,2,2,EI,R1,1,True,2
49004,1,1,1,EI,R1,1,True,1
49029,1,1,1,EI,R1,1,True,1
49047,1,1,1,EI,R1,1,True,1
49052,1,1,1,EI,R1,1,True,1
49095,1,1,1,EI,R1,1,True,1
49132,1,1,1,EI,R1,1,True,1
49146,1,1,1,EI,R1,1,True,1
49168,2,2,2,EI,R1,1,True,2
49182,1,1,1,EI,R1,1,True,1
49189,1,1,1,EI,R1,1,True,1
49213,1,1,1,EI,R1,1,True,1
49228,1,1,1,EI,R1,1,True,1
49239,2,2,2,EI,R1,1,True,2
49242,2,2,2,EI,R1,1,True,2
49325,1,2,2,EI,R1,0,False,1
49400,2,2,2,EI,R1,1,True,2
49460,1,1,1,EI,R1,1,True,1
49550,2,2,2,EI,R1,1,True,2
49700,2,2,2,EI,R1,1,True,2
49737,1,1,1,EI,R1,1,True,1
49765,2,2,2,EI,R1,1,True,2
49777,2,2,1,EI,R1,0,False,2
49804,1,1,1,EI,R1,1,True,1
49855,2,2,2,EI,R1,1,True,2
49870,1,2,1,EI,R1,0,False,1
49943,2,2,2,EI,R1,1,True,2
49950,2,2,2,EI,R1,1,True,2
49959,1,1,1,EI,R1,1,True,1
49971,1,1,1,EI,R1,1,True,1
55,1,2,1,EI,V3,0,False,1
107,2,2,2,EI,V3,1,True,2
176,1,1,1,EI,V3,1,True,1
257,1,1,1,EI,V3,1,True,1
283,2,2,2,EI,V3,1,True,2
284,2,2,2,EI,V3,1,True,2
287,1,1,1,EI,V3,1,True,1
310,2,2,2,EI,V3,1,True,2
337,2,2,2,EI,V3,1,True,2
379,2,2,2,EI,V3,1,True,2
393,2,2,2,EI,V3,1,True,2
405,2,2,2,EI,V3,1,True,2
423,2,2,2,EI,V3,1,True,2
450,2,2,2,EI,V3,1,True,2
504,2,2,2,EI,V3,1,True,2
525,2,2,2,EI,V3,1,True,2
545,1,1,1,EI,V3,1,True,1
626,2,2,2,EI,V3,1,True,2
715,2,2,2,EI,V3,1,True,2
722,1,1,1,EI,V3,1,True,1
793,2,2,2,EI,V3,1,True,2
804,2,2,2,EI,V3,1,True,2
813,2,2,2,EI,V3,1,True,2
856,2,2,2,EI,V3,1,True,2
893,2,2,2,EI,V3,1,True,2
922,1,1,1,EI,V3,1,True,1
1029,2,2,2,EI,V3,1,True,2
1057,1,1,1,EI,V3,1,True,1
1106,1,2,1,EI,V3,0,False,1
1176,2,2,2,EI,V3,1,True,2
1199,1,1,1,EI,V3,1,True,1
1200,2,2,2,EI,V3,1,True,2
1205,1,1,1,EI,V3,1,True,1
1227,2,2,2,EI,V3,1,True,2
1261,2,2,2,EI,V3,1,True,2
1285,1,1,1,EI,V3,1,True,1
1290,1,1,1,EI,V3,1,True,1
1347,1,1,1,EI,V3,1,True,1
1352,2,2,2,EI,V3,1,True,2
1363,2,2,2,EI,V3,1,True,2
1421,1,1,1,EI,V3,1,True,1
1434,1,1,1,EI,V3,1,True,1
1481,1,1,1,EI,V3,1,True,1
1545,1,1,1,EI,V3,1,True,1
1552,1,1,1,EI,V3,1,True,1
1573,1,1,1,EI,V3,1,True,1
1656,2,2,2,EI,V3,1,True,2
1687,1,1,1,EI,V3,1,True,1
1707,2,2,2,EI,V3,1,True,2
1733,2,2,2,EI,V3,1,True,2
1735,2,2,2,EI,V3,1,True,2
1755,2,2,2,EI,V3,1,True,2
1808,1,1,1,EI,V3,1,True,1
1814,2,2,2,EI,V3,1,True,2
1819,2,2,2,EI,V3,1,True,2
1822,1,1,1,EI,V3,1,True,1
1823,1,2,2,EI,V3,0,False,1
1862,1,1,1,EI,V3,1,True,1
2004,2,2,2,EI,V3,1,True,2
2039,2,2,2,EI,V3,1,True,2
2055,1,1,1,EI,V3,1,True,1
2068,2,2,2,EI,V3,1,True,2
2081,1,1,1,EI,V3,1,True,1
2155,2,2,2,EI,V3,1,True,2
2170,1,1,1,EI,V3,1,True,1
2221,2,2,2,EI,V3,1,True,2
2288,2,2,2,EI,V3,1,True,2
2375,2,2,2,EI,V3,1,True,2
2379,1,1,1,EI,V3,1,True,1
2408,2,2,2,EI,V3,1,True,2
2426,2,2,2,EI,V3,1,True,2
2584,2,2,2,EI,V3,1,True,2
2585,1,1,1,EI,V3,1,True,1
2599,2,1,2,EI,V3,0,False,2
2600,1,1,1,EI,V3,1,True,1
2732,2,2,2,EI,V3,1,True,2
2844,1,1,1,EI,V3,1,True,1
2891,2,2,2,EI,V3,1,True,2
2932,2,2,2,EI,V3,1,True,2
2983,1,1,1,EI,V3,1,True,1
3056,1,1,1,EI,V3,1,True,1
3081,2,2,2,EI,V3,1,True,2
3102,1,1,1,EI,V3,1,True,1
3191,1,1,1,EI,V3,1,True,1
3230,1,2,1,EI,V3,0,False,1
3297,1,1,1,EI,V3,1,True,1
3363,1,1,1,EI,V3,1,True,1
3367,2,2,2,EI,V3,1,True,2
3385,2,2,2,EI,V3,1,True,2
3400,1,1,1,EI,V3,1,True,1
3418,1,1,1,EI,V3,1,True,1
3429,2,2,2,EI,V3,1,True,2
3440,1,1,1,EI,V3,1,True,1
3512,2,2,2,EI,V3,1,True,2
3524,1,1,1,EI,V3,1,True,1
3567,1,1,1,EI,V3,1,True,1
3631,2,2,2,EI,V3,1,True,2
3811,1,1,1,EI,V3,1,True,1
3824,1,1,1,EI,V3,1,True,1
3839,1,2,1,EI,V3,0,False,1
3867,1,1,1,EI,V3,1,True,1
3868,1,1,1,EI,V3,1,True,1
3912,1,1,1,EI,V3,1,True,1
3929,1,1,1,EI,V3,1,True,1
3954,2,2,2,EI,V3,1,True,2
3971,2,2,2,EI,V3,1,True,2
3979,1,1,1,EI,V3,1,True,1
4011,1,1,1,EI,V3,1,True,1
4017,2,2,2,EI,V3,1,True,2
4066,2,2,2,EI,V3,1,True,2
4087,2,2,2,EI,V3,1,True,2
4153,2,2,2,EI,V3,1,True,2
4182,1,2,1,EI,V3,0,False,1
4187,1,1,1,EI,V3,1,True,1
4207,1,1,1,EI,V3,1,True,1
4211,1,1,1,EI,V3,1,True,1
4303,1,1,1,EI,V3,1,True,1
4314,1,1,1,EI,V3,1,True,1
4339,1,1,1,EI,V3,1,True,1
4348,2,2,2,EI,V3,1,True,2
4447,1,1,1,EI,V3,1,True,1
4462,1,1,1,EI,V3,1,True,1
4591,1,1,1,EI,V3,1,True,1
4624,2,2,2,EI,V3,1,True,2
4651,2,2,2,EI,V3,1,True,2
4652,1,1,1,EI,V3,1,True,1
4663,1,1,1,EI,V3,1,True,1
4706,2,2,2,EI,V3,1,True,2
4716,1,1,1,EI,V3,1,True,1
4744,2,2,2,EI,V3,1,True,2
4767,1,1,1,EI,V3,1,True,1
4795,1,1,1,EI,V3,1,True,1
4797,1,1,1,EI,V3,1,True,1
4812,2,2,2,EI,V3,1,True,2
4827,2,2,2,EI,V3,1,True,2
4829,2,2,2,EI,V3,1,True,2
4851,2,2,2,EI,V3,1,True,2
4856,1,1,1,EI,V3,1,True,1
4865,1,2,1,EI,V3,0,False,1
4871,1,1,1,EI,V3,1,True,1
4927,2,2,2,EI,V3,1,True,2
4937,1,1,1,EI,V3,1,True,1
5006,1,1,1,EI,V3,1,True,1
5009,1,2,1,EI,V3,0,False,1
5024,1,1,1,EI,V3,1,True,1
5070,1,2,1,EI,V3,0,False,1
5086,2,2,2,EI,V3,1,True,2
5105,2,2,2,EI,V3,1,True,2
5119,1,1,1,EI,V3,1,True,1
5120,2,2,2,EI,V3,1,True,2
5159,1,1,1,EI,V3,1,True,1
5406,1,1,1,EI,V3,1,True,1
5424,2,2,2,EI,V3,1,True,2
5475,1,1,1,EI,V3,1,True,1
5499,1,1,1,EI,V3,1,True,1
5570,1,1,1,EI,V3,1,True,1
5586,1,1,1,EI,V3,1,True,1
5619,2,2,2,EI,V3,1,True,2
5651,1,1,1,EI,V3,1,True,1
5741,1,1,1,EI,V3,1,True,1
5797,2,2,2,EI,V3,1,True,2
5824,2,2,2,EI,V3,1,True,2
5829,1,1,1,EI,V3,1,True,1
5834,1,1,2,EI,V3,0,False,1
5906,2,2,2,EI,V3,1,True,2
5913,2,2,2,EI,V3,1,True,2
5938,2,2,2,EI,V3,1,True,2
5957,2,2,2,EI,V3,1,True,2
5998,2,2,2,EI,V3,1,True,2
6010,2,2,2,EI,V3,1,True,2
6059,1,2,2,EI,V3,0,False,1
6111,1,1,1,EI,V3,1,True,1
6137,1,1,1,EI,V3,1,True,1
6156,1,1,1,EI,V3,1,True,1
6252,1,1,1,EI,V3,1,True,1
6253,2,2,2,EI,V3,1,True,2
6255,2,2,2,EI,V3,1,True,2
6295,1,1,1,EI,V3,1,True,1
6347,1,1,1,EI,V3,1,True,1
6374,1,1,1,EI,V3,1,True,1
6420,1,1,1,EI,V3,1,True,1
6452,1,1,1,EI,V3,1,True,1
6465,1,1,1,EI,V3,1,True,1
6484,2,2,2,EI,V3,1,True,2
6488,1,2,1,EI,V3,0,False,1
6519,2,2,2,EI,V3,1,True,2
6527,1,1,1,EI,V3,1,True,1
6595,1,1,1,EI,V3,1,True,1
6631,1,1,1,EI,V3,1,True,1
6692,1,1,1,EI,V3,1,True,1
6715,2,2,2,EI,V3,1,True,2
6728,1,1,1,EI,V3,1,True,1
6756,2,2,2,EI,V3,1,True,2
6812,1,1,1,EI,V3,1,True,1
6824,1,1,1,EI,V3,1,True,1
6826,2,2,2,EI,V3,1,True,2
6842,2,2,2,EI,V3,1,True,2
6867,1,1,1,EI,V3,1,True,1
6868,2,2,2,EI,V3,1,True,2
6899,2,2,2,EI,V3,1,True,2
6965,2,2,2,EI,V3,1,True,2
6977,2,2,2,EI,V3,1,True,2
6991,1,1,1,EI,V3,1,True,1
7001,1,2,1,EI,V3,0,False,1
7004,1,1,1,EI,V3,1,True,1
7042,2,2,2,EI,V3,1,True,2
7070,2,2,2,EI,V3,1,True,2
7096,1,1,1,EI,V3,1,True,1
7099,1,1,1,EI,V3,1,True,1
7194,2,2,2,EI,V3,1,True,2
7220,2,2,2,EI,V3,1,True,2
7235,2,2,2,EI,V3,1,True,2
7313,2,2,2,EI,V3,1,True,2
7387,1,1,1,EI,V3,1,True,1
7407,1,1,1,EI,V3,1,True,1
7430,2,2,2,EI,V3,1,True,2
7439,1,1,1,EI,V3,1,True,1
7451,2,2,2,EI,V3,1,True,2
7498,2,2,2,EI,V3,1,True,2
7550,1,1,1,EI,V3,1,True,1
7553,2,2,2,EI,V3,1,True,2
7555,1,1,1,EI,V3,1,True,1
7581,2,2,2,EI,V3,1,True,2
7599,2,2,2,EI,V3,1,True,2
7631,1,1,1,EI,V3,1,True,1
7654,1,1,1,EI,V3,1,True,1
7687,1,1,1,EI,V3,1,True,1
7723,1,1,1,EI,V3,1,True,1
7756,1,1,1,EI,V3,1,True,1
7832,1,2,2,EI,V3,0,False,1
7887,1,1,1,EI,V3,1,True,1
7894,1,1,1,EI,V3,1,True,1
7915,2,2,2,EI,V3,1,True,2
7949,2,2,2,EI,V3,1,True,2
7966,1,1,1,EI,V3,1,True,1
7972,1,1,1,EI,V3,1,True,1
7992,2,2,2,EI,V3,1,True,2
8015,2,2,2,EI,V3,1,True,2
8033,1,2,2,EI,V3,0,False,1
8139,1,1,1,EI,V3,1,True,1
8217,1,1,1,EI,V3,1,True,1
8268,1,1,1,EI,V3,1,True,1
8339,2,2,1,EI,V3,0,False,2
8366,2,2,2,EI,V3,1,True,2
8444,1,1,1,EI,V3,1,True,1
8477,1,1,1,EI,V3,1,True,1
8580,2,2,2,EI,V3,1,True,2
8614,1,1,1,EI,V3,1,True,1
8630,2,2,2,EI,V3,1,True,2
8637,1,1,1,EI,V3,1,True,1
8672,1,1,1,EI,V3,1,True,1
8800,1,1,1,EI,V3,1,True,1
8816,2,2,2,EI,V3,1,True,2
8902,2,2,2,EI,V3,1,True,2
8923,2,2,2,EI,V3,1,True,2
8948,1,1,1,EI,V3,1,True,1
8993,1,1,1,EI,V3,1,True,1
9004,1,1,1,EI,V3,1,True,1
9089,2,2,2,EI,V3,1,True,2
9102,2,2,2,EI,V3,1,True,2
9120,1,1,1,EI,V3,1,True,1
9134,2,2,2,EI,V3,1,True,2
9246,2,2,2,EI,V3,1,True,2
9268,1,1,1,EI,V3,1,True,1
9324,2,1,2,EI,V3,0,False,2
9325,1,1,1,EI,V3,1,True,1
9349,2,2,2,EI,V3,1,True,2
9357,2,2,2,EI,V3,1,True,2
9417,1,1,1,EI,V3,1,True,1
9459,2,2,2,EI,V3,1,True,2
9465,1,1,1,EI,V3,1,True,1
9469,2,2,2,EI,V3,1,True,2
9473,2,2,2,EI,V3,1,True,2
9485,2,2,2,EI,V3,1,True,2
9544,1,1,1,EI,V3,1,True,1
9595,1,1,1,EI,V3,1,True,1
9632,2,2,2,EI,V3,1,True,2
9635,2,2,2,EI,V3,1,True,2
9677,2,2,2,EI,V3,1,True,2
9715,1,1,1,EI,V3,1,True,1
9724,2,2,2,EI,V3,1,True,2
9774,2,2,2,EI,V3,1,True,2
9796,1,1,1,EI,V3,1,True,1
9892,2,2,2,EI,V3,1,True,2
9899,1,1,1,EI,V3,1,True,1
9907,2,2,2,EI,V3,1,True,2
9934,1,1,1,EI,V3,1,True,1
9955,2,2,2,EI,V3,1,True,2
9987,1,1,1,EI,V3,1,True,1
10022,1,1,1,EI,V3,1,True,1
10156,1,1,1,EI,V3,1,True,1
10163,1,1,1,EI,V3,1,True,1
10174,1,2,1,EI,V3,0,False,1
10187,1,1,1,EI,V3,1,True,1
10189,1,2,1,EI,V3,0,False,1
10210,1,1,1,EI,V3,1,True,1
10301,2,2,2,EI,V3,1,True,2
10328,1,1,1,EI,V3,1,True,1
10330,2,2,2,EI,V3,1,True,2
10361,1,1,1,EI,V3,1,True,1
10375,1,1,1,EI,V3,1,True,1
10400,1,1,1,EI,V3,1,True,1
10423,2,2,2,EI,V3,1,True,2
10434,1,1,1,EI,V3,1,True,1
10450,2,2,1,EI,V3,0,False,2
10566,2,2,2,EI,V3,1,True,2
10600,1,1,1,EI,V3,1,True,1
10610,2,2,2,EI,V3,1,True,2
10621,2,2,1,EI,V3,0,False,2
10626,1,1,1,EI,V3,1,True,1
10634,2,2,2,EI,V3,1,True,2
10713,2,2,2,EI,V3,1,True,2
10771,2,2,2,EI,V3,1,True,2
10803,1,1,1,EI,V3,1,True,1
10910,2,2,2,EI,V3,1,True,2
10954,2,2,2,EI,V3,1,True,2
10978,1,1,1,EI,V3,1,True,1
11024,2,2,2,EI,V3,1,True,2
11101,1,1,1,EI,V3,1,True,1
11102,1,1,1,EI,V3,1,True,1
11112,1,2,1,EI,V3,0,False,1
11120,2,2,2,EI,V3,1,True,2
11132,2,1,1,EI,V3,0,False,2
11189,2,2,2,EI,V3,1,True,2
11241,2,2,2,EI,V3,1,True,2
11264,2,2,2,EI,V3,1,True,2
11283,2,2,2,EI,V3,1,True,2
11511,2,2,2,EI,V3,1,True,2
11514,1,2,1,EI,V3,0,False,1
11523,2,2,2,EI,V3,1,True,2
11525,1,1,1,EI,V3,1,True,1
11553,1,2,1,EI,V3,0,False,1
11596,1,1,1,EI,V3,1,True,1
11603,1,1,1,EI,V3,1,True,1
11617,1,1,1,EI,V3,1,True,1
11630,1,1,1,EI,V3,1,True,1
11647,1,2,2,EI,V3,0,False,1
11742,2,2,2,EI,V3,1,True,2
11786,1,1,1,EI,V3,1,True,1
11850,2,2,2,EI,V3,1,True,2
11870,1,1,1,EI,V3,1,True,1
11874,1,1,1,EI,V3,1,True,1
11930,1,1,1,EI,V3,1,True,1
11935,2,2,2,EI,V3,1,True,2
11967,1,1,1,EI,V3,1,True,1
12012,2,2,2,EI,V3,1,True,2
12074,1,1,1,EI,V3,1,True,1
12143,1,1,1,EI,V3,1,True,1
12151,1,1,1,EI,V3,1,True,1
12153,1,1,1,EI,V3,1,True,1
12219,1,1,1,EI,V3,1,True,1
12271,2,2,2,EI,V3,1,True,2
12284,1,1,1,EI,V3,1,True,1
12285,1,1,1,EI,V3,1,True,1
12301,1,1,1,EI,V3,1,True,1
12305,1,1,1,EI,V3,1,True,1
12323,2,2,2,EI,V3,1,True,2
12429,2,2,2,EI,V3,1,True,2
12472,1,1,1,EI,V3,1,True,1
12486,2,2,2,EI,V3,1,True,2
12494,1,1,1,EI,V3,1,True,1
12627,2,2,2,EI,V3,1,True,2
12645,1,1,1,EI,V3,1,True,1
12732,1,1,1,EI,V3,1,True,1
12798,2,2,2,EI,V3,1,True,2
12830,2,2,2,EI,V3,1,True,2
12860,2,2,2,EI,V3,1,True,2
12896,1,1,1,EI,V3,1,True,1
12903,1,1,1,EI,V3,1,True,1
12926,2,2,2,EI,V3,1,True,2
12936,2,2,2,EI,V3,1,True,2
12948,2,2,2,EI,V3,1,True,2
12975,2,2,2,EI,V3,1,True,2
12998,1,1,1,EI,V3,1,True,1
13035,2,1,2,EI,V3,0,False,2
13050,2,2,2,EI,V3,1,True,2
13061,1,1,1,EI,V3,1,True,1
13113,2,2,2,EI,V3,1,True,2
13115,2,2,2,EI,V3,1,True,2
13137,2,2,2,EI,V3,1,True,2
13141,1,1,1,EI,V3,1,True,1
13200,1,2,1,EI,V3,0,False,1
13227,2,2,2,EI,V3,1,True,2
13300,2,2,2,EI,V3,1,True,2
13319,1,1,1,EI,V3,1,True,1
13334,2,2,1,EI,V3,0,False,2
13384,2,1,1,EI,V3,0,False,2
13400,2,1,2,EI,V3,0,False,2
13447,1,2,1,EI,V3,0,False,1
13469,2,2,2,EI,V3,1,True,2
13484,2,2,2,EI,V3,1,True,2
13518,2,2,2,EI,V3,1,True,2
13531,1,1,1,EI,V3,1,True,1
13562,2,2,2,EI,V3,1,True,2
13726,1,1,1,EI,V3,1,True,1
13785,1,1,1,EI,V3,1,True,1
13843,2,2,2,EI,V3,1,True,2
13864,2,2,2,EI,V3,1,True,2
13874,1,1,1,EI,V3,1,True,1
13920,1,2,1,EI,V3,0,False,1
13923,2,2,2,EI,V3,1,True,2
13996,2,2,2,EI,V3,1,True,2
14011,2,2,2,EI,V3,1,True,2
14047,2,2,2,EI,V3,1,True,2
14055,2,2,2,EI,V3,1,True,2
14074,2,2,2,EI,V3,1,True,2
14137,2,2,2,EI,V3,1,True,2
14139,2,2,2,EI,V3,1,True,2
14224,2,2,2,EI,V3,1,True,2
14259,1,1,1,EI,V3,1,True,1
14300,1,1,1,EI,V3,1,True,1
14325,1,1,1,EI,V3,1,True,1
14408,1,1,1,EI,V3,1,True,1
14410,2,2,2,EI,V3,1,True,2
14469,1,1,1,EI,V3,1,True,1
14488,1,1,1,EI,V3,1,True,1
14532,2,2,2,EI,V3,1,True,2
14550,2,2,2,EI,V3,1,True,2
14557,1,1,1,EI,V3,1,True,1
14581,2,2,2,EI,V3,1,True,2
14617,2,2,2,EI,V3,1,True,2
14707,2,1,2,EI,V3,0,False,2
14759,2,2,2,EI,V3,1,True,2
14793,1,1,1,EI,V3,1,True,1
14796,2,2,2,EI,V3,1,True,2
14818,1,1,1,EI,V3,1,True,1
14845,2,2,2,EI,V3,1,True,2
14858,1,2,1,EI,V3,0,False,1
14868,1,1,1,EI,V3,1,True,1
14900,1,1,1,EI,V3,1,True,1
14932,2,2,2,EI,V3,1,True,2
14970,2,2,2,EI,V3,1,True,2
14988,2,2,2,EI,V3,1,True,2
15035,1,1,1,EI,V3,1,True,1
15066,2,2,2,EI,V3,1,True,2
15131,2,2,2,EI,V3,1,True,2
15133,2,2,2,EI,V3,1,True,2
15176,2,2,2,EI,V3,1,True,2
15189,1,1,1,EI,V3,1,True,1
15254,1,1,1,EI,V3,1,True,1
15290,1,1,1,EI,V3,1,True,1
15363,2,2,2,EI,V3,1,True,2
15452,2,2,2,EI,V3,1,True,2
15473,1,1,2,EI,V3,0,False,1
15535,2,2,2,EI,V3,1,True,2
15538,1,1,1,EI,V3,1,True,1
15555,1,1,1,EI,V3,1,True,1
15585,2,2,2,EI,V3,1,True,2
15614,2,2,2,EI,V3,1,True,2
15620,2,2,2,EI,V3,1,True,2
15693,1,1,1,EI,V3,1,True,1
15721,2,2,2,EI,V3,1,True,2
15735,1,1,1,EI,V3,1,True,1
15770,1,1,1,EI,V3,1,True,1
15799,2,2,2,EI,V3,1,True,2
15810,1,1,1,EI,V3,1,True,1
15822,1,2,1,EI,V3,0,False,1
15883,1,1,1,EI,V3,1,True,1
15894,2,2,2,EI,V3,1,True,2
15938,2,2,2,EI,V3,1,True,2
15980,1,2,1,EI,V3,0,False,1
16011,1,1,1,EI,V3,1,True,1
16114,1,1,1,EI,V3,1,True,1
16120,1,1,1,EI,V3,1,True,1
16170,2,2,2,EI,V3,1,True,2
16174,1,1,1,EI,V3,1,True,1
16204,1,1,1,EI,V3,1,True,1
16212,1,1,1,EI,V3,1,True,1
16213,2,2,1,EI,V3,0,False,2
16230,1,1,1,EI,V3,1,True,1
16264,1,1,1,EI,V3,1,True,1
16339,1,1,1,EI,V3,1,True,1
16355,2,2,2,EI,V3,1,True,2
16386,1,2,2,EI,V3,0,False,1
16398,1,1,1,EI,V3,1,True,1
16457,1,1,1,EI,V3,1,True,1
16521,2,2,2,EI,V3,1,True,2
16572,1,1,1,EI,V3,1,True,1
16600,1,1,1,EI,V3,1,True,1
16614,1,1,1,EI,V3,1,True,1
16642,1,1,1,EI,V3,1,True,1
16731,1,1,1,EI,V3,1,True,1
16801,2,2,2,EI,V3,1,True,2
16845,1,1,1,EI,V3,1,True,1
16858,2,2,2,EI,V3,1,True,2
16891,1,1,1,EI,V3,1,True,1
16903,1,1,1,EI,V3,1,True,1
16977,1,1,1,EI,V3,1,True,1
17002,2,2,2,EI,V3,1,True,2
17048,1,1,1,EI,V3,1,True,1
17079,2,2,2,EI,V3,1,True,2
17082,1,1,1,EI,V3,1,True,1
17121,2,2,2,EI,V3,1,True,2
17165,2,2,2,EI,V3,1,True,2
17212,1,1,1,EI,V3,1,True,1
17227,2,2,2,EI,V3,1,True,2
17241,2,2,2,EI,V3,1,True,2
17280,1,2,1,EI,V3,0,False,1
17322,1,1,1,EI,V3,1,True,1
17355,2,2,2,EI,V3,1,True,2
17361,1,1,1,EI,V3,1,True,1
17364,2,2,2,EI,V3,1,True,2
17386,2,2,2,EI,V3,1,True,2
17423,2,2,2,EI,V3,1,True,2
17455,1,1,1,EI,V3,1,True,1
17468,1,1,1,EI,V3,1,True,1
17475,1,1,1,EI,V3,1,True,1
17553,1,2,1,EI,V3,0,False,1
17585,2,2,2,EI,V3,1,True,2
17693,2,2,2,EI,V3,1,True,2
17744,2,2,2,EI,V3,1,True,2
17746,2,2,2,EI,V3,1,True,2
17792,1,1,1,EI,V3,1,True,1
17806,2,2,2,EI,V3,1,True,2
17841,2,2,2,EI,V3,1,True,2
17877,1,1,1,EI,V3,1,True,1
17885,2,2,2,EI,V3,1,True,2
17914,1,1,1,EI,V3,1,True,1
17929,2,2,2,EI,V3,1,True,2
17963,2,2,2,EI,V3,1,True,2
18223,2,2,2,EI,V3,1,True,2
18290,1,1,1,EI,V3,1,True,1
18337,1,1,1,EI,V3,1,True,1
18550,2,2,2,EI,V3,1,True,2
18553,2,1,2,EI,V3,0,False,2
18597,1,1,1,EI,V3,1,True,1
18613,2,2,2,EI,V3,1,True,2
18630,2,2,2,EI,V3,1,True,2
18631,1,1,1,EI,V3,1,True,1
18643,1,1,1,EI,V3,1,True,1
18652,2,1,2,EI,V3,0,False,2
18656,2,2,2,EI,V3,1,True,2
18670,1,1,1,EI,V3,1,True,1
18805,2,2,2,EI,V3,1,True,2
18806,1,1,1,EI,V3,1,True,1
18820,1,1,1,EI,V3,1,True,1
18839,1,2,1,EI,V3,0,False,1
18874,1,1,1,EI,V3,1,True,1
18886,1,1,1,EI,V3,1,True,1
18935,1,1,1,EI,V3,1,True,1
18961,2,2,2,EI,V3,1,True,2
18970,1,2,1,EI,V3,0,False,1
18998,2,2,2,EI,V3,1,True,2
19036,2,2,2,EI,V3,1,True,2
19045,2,2,2,EI,V3,1,True,2
19113,1,1,1,EI,V3,1,True,1
19164,2,2,2,EI,V3,1,True,2
19267,2,2,2,EI,V3,1,True,2
19295,1,1,1,EI,V3,1,True,1
19331,2,2,2,EI,V3,1,True,2
19341,1,1,1,EI,V3,1,True,1
19363,1,1,1,EI,V3,1,True,1
19383,1,1,1,EI,V3,1,True,1
19385,2,2,2,EI,V3,1,True,2
19395,2,2,2,EI,V3,1,True,2
19486,2,2,2,EI,V3,1,True,2
19496,2,2,2,EI,V3,1,True,2
19519,1,1,1,EI,V3,1,True,1
19532,1,1,1,EI,V3,1,True,1
19538,1,1,1,EI,V3,1,True,1
19593,2,2,1,EI,V3,0,False,2
19599,2,2,2,EI,V3,1,True,2
19643,1,1,1,EI,V3,1,True,1
19686,1,1,1,EI,V3,1,True,1
19738,1,1,1,EI,V3,1,True,1
19794,1,1,1,EI,V3,1,True,1
19811,1,1,1,EI,V3,1,True,1
19826,2,2,2,EI,V3,1,True,2
19830,2,2,2,EI,V3,1,True,2
19839,2,2,2,EI,V3,1,True,2
19854,2,2,2,EI,V3,1,True,2
19900,1,1,1,EI,V3,1,True,1
19915,1,1,1,EI,V3,1,True,1
19967,1,1,1,EI,V3,1,True,1
19968,2,2,2,EI,V3,1,True,2
20031,1,1,1,EI,V3,1,True,1
20132,1,1,1,EI,V3,1,True,1
20184,1,1,1,EI,V3,1,True,1
20195,1,1,1,EI,V3,1,True,1
20270,1,1,1,EI,V3,1,True,1
20283,1,1,1,EI,V3,1,True,1
20299,2,2,2,EI,V3,1,True,2
20338,1,1,1,EI,V3,1,True,1
20351,2,2,2,EI,V3,1,True,2
20380,2,2,2,EI,V3,1,True,2
20407,2,2,2,EI,V3,1,True,2
20420,1,1,1,EI,V3,1,True,1
20422,1,1,1,EI,V3,1,True,1
20431,1,1,1,EI,V3,1,True,1
20443,1,1,1,EI,V3,1,True,1
20446,2,2,2,EI,V3,1,True,2
20465,1,1,1,EI,V3,1,True,1
20467,1,1,1,EI,V3,1,True,1
20504,2,2,2,EI,V3,1,True,2
20528,1,1,1,EI,V3,1,True,1
20542,1,1,1,EI,V3,1,True,1
20549,1,1,1,EI,V3,1,True,1
20609,1,1,1,EI,V3,1,True,1
20666,1,1,1,EI,V3,1,True,1
20677,1,1,1,EI,V3,1,True,1
20685,2,2,2,EI,V3,1,True,2
20716,2,2,2,EI,V3,1,True,2
20717,2,2,2,EI,V3,1,True,2
20839,2,2,2,EI,V3,1,True,2
20853,1,1,1,EI,V3,1,True,1
20869,2,2,2,EI,V3,1,True,2
20890,2,2,2,EI,V3,1,True,2
20895,1,1,1,EI,V3,1,True,1
20964,1,1,1,EI,V3,1,True,1
20971,2,2,2,EI,V3,1,True,2
21016,1,1,1,EI,V3,1,True,1
21051,2,2,2,EI,V3,1,True,2
21067,2,2,2,EI,V3,1,True,2
21074,1,1,1,EI,V3,1,True,1
21098,2,2,2,EI,V3,1,True,2
21130,2,2,2,EI,V3,1,True,2
21158,1,1,1,EI,V3,1,True,1
21165,1,1,1,EI,V3,1,True,1
21167,1,1,1,EI,V3,1,True,1
21173,1,1,1,EI,V3,1,True,1
21180,2,2,2,EI,V3,1,True,2
21203,2,2,2,EI,V3,1,True,2
21210,1,1,1,EI,V3,1,True,1
21328,1,1,1,EI,V3,1,True,1
21399,1,1,1,EI,V3,1,True,1
21509,2,2,2,EI,V3,1,True,2
21544,2,2,2,EI,V3,1,True,2
21598,2,2,2,EI,V3,1,True,2
21599,2,2,2,EI,V3,1,True,2
21606,2,2,2,EI,V3,1,True,2
21608,1,2,1,EI,V3,0,False,1
21629,1,1,1,EI,V3,1,True,1
21630,2,1,1,EI,V3,0,False,2
21666,1,2,2,EI,V3,0,False,1
21691,1,1,1,EI,V3,1,True,1
21847,2,2,2,EI,V3,1,True,2
21910,1,1,1,EI,V3,1,True,1
21935,1,1,1,EI,V3,1,True,1
21961,1,1,2,EI,V3,0,False,1
21976,1,1,1,EI,V3,1,True,1
21987,2,2,2,EI,V3,1,True,2
22043,2,2,2,EI,V3,1,True,2
22052,1,1,1,EI,V3,1,True,1
22065,1,1,1,EI,V3,1,True,1
22066,2,2,2,EI,V3,1,True,2
22090,2,2,2,EI,V3,1,True,2
22126,2,2,2,EI,V3,1,True,2
22166,2,2,2,EI,V3,1,True,2
22184,2,2,2,EI,V3,1,True,2
22189,2,2,2,EI,V3,1,True,2
22194,2,2,2,EI,V3,1,True,2
22266,1,1,1,EI,V3,1,True,1
22314,2,2,2,EI,V3,1,True,2
22356,2,2,2,EI,V3,1,True,2
22467,2,2,2,EI,V3,1,True,2
22679,1,1,1,EI,V3,1,True,1
22707,2,2,2,EI,V3,1,True,2
22767,2,2,2,EI,V3,1,True,2
22770,1,1,1,EI,V3,1,True,1
22814,1,1,1,EI,V3,1,True,1
22819,2,2,2,EI,V3,1,True,2
22833,1,1,1,EI,V3,1,True,1
22849,2,2,2,EI,V3,1,True,2
22966,2,2,2,EI,V3,1,True,2
23023,1,1,1,EI,V3,1,True,1
23052,1,1,1,EI,V3,1,True,1
23089,1,1,1,EI,V3,1,True,1
23103,2,2,2,EI,V3,1,True,2
23104,2,2,2,EI,V3,1,True,2
23128,1,1,1,EI,V3,1,True,1
23200,1,1,1,EI,V3,1,True,1
23313,2,2,2,EI,V3,1,True,2
23322,2,1,1,EI,V3,0,False,2
23323,1,1,1,EI,V3,1,True,1
23404,2,2,1,EI,V3,0,False,2
23415,1,1,1,EI,V3,1,True,1
23440,2,2,2,EI,V3,1,True,2
23453,2,2,2,EI,V3,1,True,2
23505,1,1,1,EI,V3,1,True,1
23514,2,2,2,EI,V3,1,True,2
23524,1,1,1,EI,V3,1,True,1
23530,2,2,2,EI,V3,1,True,2
23534,1,1,1,EI,V3,1,True,1
23574,1,1,1,EI,V3,1,True,1
23584,1,2,1,EI,V3,0,False,1
23605,1,1,1,EI,V3,1,True,1
23620,2,2,2,EI,V3,1,True,2
23648,2,2,2,EI,V3,1,True,2
23699,2,2,2,EI,V3,1,True,2
23713,2,2,2,EI,V3,1,True,2
23779,1,1,1,EI,V3,1,True,1
23871,1,1,1,EI,V3,1,True,1
23873,1,1,1,EI,V3,1,True,1
23901,1,1,1,EI,V3,1,True,1
24026,2,2,2,EI,V3,1,True,2
24163,1,1,1,EI,V3,1,True,1
24174,1,1,1,EI,V3,1,True,1
24223,1,2,1,EI,V3,0,False,1
24260,2,2,2,EI,V3,1,True,2
24291,1,1,1,EI,V3,1,True,1
24304,1,1,1,EI,V3,1,True,1
24334,2,2,2,EI,V3,1,True,2
24405,2,2,2,EI,V3,1,True,2
24408,1,1,1,EI,V3,1,True,1
24500,2,2,2,EI,V3,1,True,2
24502,1,1,1,EI,V3,1,True,1
24541,2,2,2,EI,V3,1,True,2
24573,1,1,1,EI,V3,1,True,1
24577,1,1,1,EI,V3,1,True,1
24637,2,2,2,EI,V3,1,True,2
24673,2,1,2,EI,V3,0,False,2
24706,1,1,1,EI,V3,1,True,1
24740,2,2,2,EI,V3,1,True,2
24774,2,2,2,EI,V3,1,True,2
24836,1,1,1,EI,V3,1,True,1
24871,2,2,2,EI,V3,1,True,2
24902,2,1,2,EI,V3,0,False,2
24959,2,2,2,EI,V3,1,True,2
24975,1,1,1,EI,V3,1,True,1
24995,1,1,1,EI,V3,1,True,1
25015,1,1,1,EI,V3,1,True,1
25038,1,1,1,EI,V3,1,True,1
25109,2,2,2,EI,V3,1,True,2
25137,1,1,1,EI,V3,1,True,1
25155,1,1,1,EI,V3,1,True,1
25239,1,1,1,EI,V3,1,True,1
25270,1,1,1,EI,V3,1,True,1
25302,2,2,2,EI,V3,1,True,2
25337,1,1,1,EI,V3,1,True,1
25348,1,1,1,EI,V3,1,True,1
25369,2,2,2,EI,V3,1,True,2
25380,2,2,2,EI,V3,1,True,2
25416,1,1,1,EI,V3,1,True,1
25435,2,2,2,EI,V3,1,True,2
25447,1,1,1,EI,V3,1,True,1
25448,2,2,2,EI,V3,1,True,2
25471,2,2,2,EI,V3,1,True,2
25523,2,2,2,EI,V3,1,True,2
25591,2,1,2,EI,V3,0,False,2
25650,1,1,1,EI,V3,1,True,1
25690,1,1,1,EI,V3,1,True,1
25698,1,1,1,EI,V3,1,True,1
25856,1,1,1,EI,V3,1,True,1
25868,1,1,1,EI,V3,1,True,1
25990,2,2,2,EI,V3,1,True,2
26032,1,1,1,EI,V3,1,True,1
26129,2,2,2,EI,V3,1,True,2
26161,2,2,1,EI,V3,0,False,2
26178,1,1,2,EI,V3,0,False,1
26211,2,2,2,EI,V3,1,True,2
26281,1,1,1,EI,V3,1,True,1
26287,2,2,2,EI,V3,1,True,2
26292,1,1,1,EI,V3,1,True,1
26302,1,1,1,EI,V3,1,True,1
26321,2,2,2,EI,V3,1,True,2
26337,1,1,1,EI,V3,1,True,1
26345,2,2,2,EI,V3,1,True,2
26480,2,2,2,EI,V3,1,True,2
26492,2,2,2,EI,V3,1,True,2
26528,1,1,1,EI,V3,1,True,1
26546,1,1,1,EI,V3,1,True,1
26556,1,1,1,EI,V3,1,True,1
26575,2,2,2,EI,V3,1,True,2
26678,2,2,2,EI,V3,1,True,2
26714,2,2,2,EI,V3,1,True,2
26831,1,1,1,EI,V3,1,True,1
26865,2,2,2,EI,V3,1,True,2
26878,2,2,2,EI,V3,1,True,2
26995,2,2,2,EI,V3,1,True,2
27029,2,2,2,EI,V3,1,True,2
27088,1,1,1,EI,V3,1,True,1
27101,1,1,1,EI,V3,1,True,1
27117,2,2,2,EI,V3,1,True,2
27271,1,1,1,EI,V3,1,True,1
27395,1,1,1,EI,V3,1,True,1
27431,2,2,2,EI,V3,1,True,2
27497,1,1,1,EI,V3,1,True,1
27524,2,2,2,EI,V3,1,True,2
27558,2,2,2,EI,V3,1,True,2
27610,1,2,1,EI,V3,0,False,1
27668,2,2,2,EI,V3,1,True,2
27688,1,1,1,EI,V3,1,True,1
27740,2,2,2,EI,V3,1,True,2
27786,2,2,2,EI,V3,1,True,2
27828,2,2,2,EI,V3,1,True,2
27904,2,2,2,EI,V3,1,True,2
27910,2,2,2,EI,V3,1,True,2
27911,2,2,2,EI,V3,1,True,2
28011,2,2,2,EI,V3,1,True,2
28019,1,2,1,EI,V3,0,False,1
28051,2,2,2,EI,V3,1,True,2
28057,1,1,1,EI,V3,1,True,1
28067,1,1,1,EI,V3,1,True,1
28114,2,2,2,EI,V3,1,True,2
28222,2,2,2,EI,V3,1,True,2
28262,2,2,2,EI,V3,1,True,2
28271,1,1,1,EI,V3,1,True,1
28339,2,2,2,EI,V3,1,True,2
28341,1,1,1,EI,V3,1,True,1
28365,2,2,2,EI,V3,1,True,2
28463,2,2,2,EI,V3,1,True,2
28490,1,1,1,EI,V3,1,True,1
28550,2,2,2,EI,V3,1,True,2
28574,2,2,2,EI,V3,1,True,2
28656,2,2,2,EI,V3,1,True,2
28674,2,2,2,EI,V3,1,True,2
28728,1,1,1,EI,V3,1,True,1
28789,2,2,2,EI,V3,1,True,2
28790,1,1,1,EI,V3,1,True,1
28814,1,1,1,EI,V3,1,True,1
28822,2,2,2,EI,V3,1,True,2
28963,1,1,1,EI,V3,1,True,1
29070,2,2,2,EI,V3,1,True,2
29105,2,2,2,EI,V3,1,True,2
29132,1,1,1,EI,V3,1,True,1
29144,1,1,1,EI,V3,1,True,1
29184,1,1,1,EI,V3,1,True,1
29243,2,2,2,EI,V3,1,True,2
29385,1,1,1,EI,V3,1,True,1
29411,1,2,1,EI,V3,0,False,1
29417,2,2,2,EI,V3,1,True,2
29454,2,2,2,EI,V3,1,True,2
29465,2,2,1,EI,V3,0,False,2
29484,2,2,2,EI,V3,1,True,2
29582,1,2,1,EI,V3,0,False,1
29629,1,1,1,EI,V3,1,True,1
29644,1,1,1,EI,V3,1,True,1
29679,1,1,1,EI,V3,1,True,1
29768,1,2,2,EI,V3,0,False,1
29880,1,2,1,EI,V3,0,False,1
29903,1,1,1,EI,V3,1,True,1
29912,1,1,1,EI,V3,1,True,1
29978,1,1,1,EI,V3,1,True,1
30052,1,1,1,EI,V3,1,True,1
30118,1,1,1,EI,V3,1,True,1
30131,2,2,2,EI,V3,1,True,2
30137,2,2,2,EI,V3,1,True,2
30143,1,1,1,EI,V3,1,True,1
30180,1,1,1,EI,V3,1,True,1
30259,1,1,1,EI,V3,1,True,1
30273,1,1,1,EI,V3,1,True,1
30285,2,2,2,EI,V3,1,True,2
30328,1,1,1,EI,V3,1,True,1
30329,1,1,1,EI,V3,1,True,1
30336,2,2,2,EI,V3,1,True,2
30340,1,1,1,EI,V3,1,True,1
30352,2,2,1,EI,V3,0,False,2
30367,2,2,2,EI,V3,1,True,2
30457,1,1,1,EI,V3,1,True,1
30498,1,1,1,EI,V3,1,True,1
30514,1,1,1,EI,V3,1,True,1
30544,2,2,2,EI,V3,1,True,2
30637,1,1,1,EI,V3,1,True,1
30694,1,2,1,EI,V3,0,False,1
30701,2,2,2,EI,V3,1,True,2
30710,2,2,2,EI,V3,1,True,2
30794,1,1,1,EI,V3,1,True,1
30807,1,1,1,EI,V3,1,True,1
30825,1,1,1,EI,V3,1,True,1
30846,1,1,1,EI,V3,1,True,1
30856,2,2,2,EI,V3,1,True,2
30872,2,2,2,EI,V3,1,True,2
30880,1,1,1,EI,V3,1,True,1
30899,1,1,1,EI,V3,1,True,1
30922,2,2,2,EI,V3,1,True,2
30936,2,2,2,EI,V3,1,True,2
31029,1,1,1,EI,V3,1,True,1
31060,1,1,1,EI,V3,1,True,1
31081,2,2,2,EI,V3,1,True,2
31089,1,1,1,EI,V3,1,True,1
31128,2,2,2,EI,V3,1,True,2
31129,2,2,1,EI,V3,0,False,2
31138,1,1,1,EI,V3,1,True,1
31148,1,1,1,EI,V3,1,True,1
31247,1,1,1,EI,V3,1,True,1
31266,1,2,1,EI,V3,0,False,1
31350,2,2,2,EI,V3,1,True,2
31386,2,2,2,EI,V3,1,True,2
31470,2,2,2,EI,V3,1,True,2
31483,2,2,2,EI,V3,1,True,2
31568,1,1,1,EI,V3,1,True,1
31597,1,1,1,EI,V3,1,True,1
31622,1,1,1,EI,V3,1,True,1
31628,1,1,1,EI,V3,1,True,1
31634,1,1,1,EI,V3,1,True,1
31665,1,1,1,EI,V3,1,True,1
31720,1,1,1,EI,V3,1,True,1
31728,1,1,1,EI,V3,1,True,1
31754,2,2,2,EI,V3,1,True,2
31808,2,1,2,EI,V3,0,False,2
31883,1,1,1,EI,V3,1,True,1
31907,2,2,2,EI,V3,1,True,2
32003,2,2,2,EI,V3,1,True,2
32090,1,1,1,EI,V3,1,True,1
32112,2,2,2,EI,V3,1,True,2
32116,2,2,2,EI,V3,1,True,2
32131,2,2,2,EI,V3,1,True,2
32167,1,1,1,EI,V3,1,True,1
32177,2,2,2,EI,V3,1,True,2
32263,2,2,2,EI,V3,1,True,2
32265,1,1,1,EI,V3,1,True,1
32323,2,2,2,EI,V3,1,True,2
32372,1,1,1,EI,V3,1,True,1
32463,2,2,2,EI,V3,1,True,2
32489,1,1,1,EI,V3,1,True,1
32518,1,1,1,EI,V3,1,True,1
32558,1,1,1,EI,V3,1,True,1
32572,2,2,2,EI,V3,1,True,2
32638,1,2,1,EI,V3,0,False,1
32679,1,1,1,EI,V3,1,True,1
32722,2,2,2,EI,V3,1,True,2
32747,1,1,1,EI,V3,1,True,1
32753,2,2,2,EI,V3,1,True,2
32785,1,1,1,EI,V3,1,True,1
32872,2,2,2,EI,V3,1,True,2
32894,1,1,1,EI,V3,1,True,1
32913,1,1,1,EI,V3,1,True,1
32917,2,2,2,EI,V3,1,True,2
32963,1,1,1,EI,V3,1,True,1
32972,2,2,2,EI,V3,1,True,2
33026,2,2,2,EI,V3,1,True,2
33067,2,2,2,EI,V3,1,True,2
33126,2,2,2,EI,V3,1,True,2
33141,2,2,2,EI,V3,1,True,2
33154,1,1,1,EI,V3,1,True,1
33212,1,2,1,EI,V3,0,False,1
33262,2,2,2,EI,V3,1,True,2
33291,1,1,1,EI,V3,1,True,1
33322,1,2,1,EI,V3,0,False,1
33345,1,1,1,EI,V3,1,True,1
33390,1,1,1,EI,V3,1,True,1
33409,1,1,1,EI,V3,1,True,1
33433,1,1,1,EI,V3,1,True,1
33470,1,1,1,EI,V3,1,True,1
33504,1,1,1,EI,V3,1,True,1
33509,1,1,1,EI,V3,1,True,1
33532,2,2,2,EI,V3,1,True,2
33618,1,1,1,EI,V3,1,True,1
33649,1,1,1,EI,V3,1,True,1
33741,1,1,1,EI,V3,1,True,1
33743,2,2,2,EI,V3,1,True,2
33765,2,2,2,EI,V3,1,True,2
33780,1,1,1,EI,V3,1,True,1
33806,1,1,1,EI,V3,1,True,1
33808,2,2,2,EI,V3,1,True,2
33856,1,1,1,EI,V3,1,True,1
33859,2,2,2,EI,V3,1,True,2
33890,2,2,2,EI,V3,1,True,2
33936,1,1,1,EI,V3,1,True,1
33940,2,1,2,EI,V3,0,False,2
33961,1,1,1,EI,V3,1,True,1
33962,2,2,2,EI,V3,1,True,2
33986,1,1,1,EI,V3,1,True,1
34029,2,2,2,EI,V3,1,True,2
34084,2,2,2,EI,V3,1,True,2
34125,2,2,2,EI,V3,1,True,2
34143,2,2,2,EI,V3,1,True,2
34148,1,1,1,EI,V3,1,True,1
34171,1,1,1,EI,V3,1,True,1
34215,2,2,2,EI,V3,1,True,2
34276,1,1,1,EI,V3,1,True,1
34332,1,1,1,EI,V3,1,True,1
34354,1,1,1,EI,V3,1,True,1
34404,2,2,2,EI,V3,1,True,2
34414,2,2,2,EI,V3,1,True,2
34456,1,2,1,EI,V3,0,False,1
34460,2,2,2,EI,V3,1,True,2
34500,2,1,1,EI,V3,0,False,2
34573,1,1,1,EI,V3,1,True,1
34667,2,2,2,EI,V3,1,True,2
34714,2,2,2,EI,V3,1,True,2
34754,1,2,1,EI,V3,0,False,1
34812,1,1,1,EI,V3,1,True,1
34915,1,1,1,EI,V3,1,True,1
34918,2,2,2,EI,V3,1,True,2
34930,1,1,1,EI,V3,1,True,1
34944,1,1,1,EI,V3,1,True,1
34983,2,2,2,EI,V3,1,True,2
35058,2,2,2,EI,V3,1,True,2
35064,2,2,2,EI,V3,1,True,2
35127,2,2,2,EI,V3,1,True,2
35156,2,2,2,EI,V3,1,True,2
35174,1,1,1,EI,V3,1,True,1
35191,1,2,1,EI,V3,0,False,1
35201,2,2,2,EI,V3,1,True,2
35204,2,2,2,EI,V3,1,True,2
35282,2,2,2,EI,V3,1,True,2
35287,1,1,1,EI,V3,1,True,1
35397,2,2,2,EI,V3,1,True,2
35429,2,2,2,EI,V3,1,True,2
35467,2,2,2,EI,V3,1,True,2
35542,2,2,2,EI,V3,1,True,2
35564,2,2,2,EI,V3,1,True,2
35592,1,1,1,EI,V3,1,True,1
35643,2,2,2,EI,V3,1,True,2
35653,1,2,1,EI,V3,0,False,1
35715,2,2,2,EI,V3,1,True,2
35732,2,2,2,EI,V3,1,True,2
35738,2,2,2,EI,V3,1,True,2
35743,2,2,2,EI,V3,1,True,2
35871,2,2,2,EI,V3,1,True,2
35880,2,2,2,EI,V3,1,True,2
35907,1,1,1,EI,V3,1,True,1
35912,1,2,1,EI,V3,0,False,1
35918,1,1,1,EI,V3,1,True,1
35939,2,2,2,EI,V3,1,True,2
35991,2,2,2,EI,V3,1,True,2
36100,2,2,2,EI,V3,1,True,2
36117,1,1,1,EI,V3,1,True,1
36126,1,2,1,EI,V3,0,False,1
36186,2,2,2,EI,V3,1,True,2
36190,1,1,1,EI,V3,1,True,1
36199,2,2,2,EI,V3,1,True,2
36209,1,1,1,EI,V3,1,True,1
36223,2,2,2,EI,V3,1,True,2
36247,1,1,1,EI,V3,1,True,1
36341,2,2,2,EI,V3,1,True,2
36403,2,2,2,EI,V3,1,True,2
36419,2,2,2,EI,V3,1,True,2
36434,2,2,2,EI,V3,1,True,2
36449,1,1,1,EI,V3,1,True,1
36482,2,2,2,EI,V3,1,True,2
36557,2,2,2,EI,V3,1,True,2
36686,1,1,1,EI,V3,1,True,1
36689,1,1,1,EI,V3,1,True,1
36734,1,1,1,EI,V3,1,True,1
36743,1,1,1,EI,V3,1,True,1
36767,2,2,2,EI,V3,1,True,2
36785,1,1,1,EI,V3,1,True,1
36812,2,2,2,EI,V3,1,True,2
36819,2,2,2,EI,V3,1,True,2
36849,2,2,2,EI,V3,1,True,2
36960,1,1,1,EI,V3,1,True,1
36974,2,2,2,EI,V3,1,True,2
37006,2,2,2,EI,V3,1,True,2
37016,2,2,2,EI,V3,1,True,2
37020,1,1,1,EI,V3,1,True,1
37082,2,2,2,EI,V3,1,True,2
37102,2,2,2,EI,V3,1,True,2
37114,2,1,2,EI,V3,0,False,2
37124,2,2,2,EI,V3,1,True,2
37184,1,2,2,EI,V3,0,False,1
37234,2,1,2,EI,V3,0,False,2
37245,1,1,1,EI,V3,1,True,1
37249,2,2,2,EI,V3,1,True,2
37258,1,1,1,EI,V3,1,True,1
37327,1,1,1,EI,V3,1,True,1
37367,2,2,2,EI,V3,1,True,2
37404,2,2,2,EI,V3,1,True,2
37422,1,1,1,EI,V3,1,True,1
37432,2,2,2,EI,V3,1,True,2
37435,2,2,2,EI,V3,1,True,2
37490,1,1,1,EI,V3,1,True,1
37537,2,2,2,EI,V3,1,True,2
37542,1,1,1,EI,V3,1,True,1
37569,2,2,2,EI,V3,1,True,2
37608,1,1,1,EI,V3,1,True,1
37614,2,2,2,EI,V3,1,True,2
37617,2,2,2,EI,V3,1,True,2
37679,2,1,1,EI,V3,0,False,2
37723,2,2,2,EI,V3,1,True,2
37725,1,1,1,EI,V3,1,True,1
37741,2,2,2,EI,V3,1,True,2
37743,2,2,2,EI,V3,1,True,2
37842,1,1,1,EI,V3,1,True,1
37843,1,2,1,EI,V3,0,False,1
37909,1,1,1,EI,V3,1,True,1
37955,1,1,1,EI,V3,1,True,1
38026,2,2,2,EI,V3,1,True,2
38068,2,2,2,EI,V3,1,True,2
38078,2,2,2,EI,V3,1,True,2
38093,2,2,2,EI,V3,1,True,2
38130,2,2,1,EI,V3,0,False,2
38144,1,1,1,EI,V3,1,True,1
38146,1,1,1,EI,V3,1,True,1
38166,1,1,1,EI,V3,1,True,1
38168,1,1,1,EI,V3,1,True,1
38191,1,1,1,EI,V3,1,True,1
38245,1,1,1,EI,V3,1,True,1
38267,1,1,1,EI,V3,1,True,1
38352,1,1,1,EI,V3,1,True,1
38363,2,2,2,EI,V3,1,True,2
38390,1,1,1,EI,V3,1,True,1
38395,1,1,1,EI,V3,1,True,1
38425,2,2,2,EI,V3,1,True,2
38485,1,1,1,EI,V3,1,True,1
38518,1,1,1,EI,V3,1,True,1
38530,1,1,1,EI,V3,1,True,1
38533,2,2,2,EI,V3,1,True,2
38554,2,2,2,EI,V3,1,True,2
38562,2,2,2,EI,V3,1,True,2
38593,2,2,2,EI,V3,1,True,2
38627,2,2,2,EI,V3,1,True,2
38630,1,1,1,EI,V3,1,True,1
38721,1,2,2,EI,V3,0,False,1
38773,1,1,1,EI,V3,1,True,1
38802,2,2,2,EI,V3,1,True,2
38809,2,2,2,EI,V3,1,True,2
38811,2,2,2,EI,V3,1,True,2
38829,1,1,1,EI,V3,1,True,1
38858,1,1,1,EI,V3,1,True,1
38920,2,2,2,EI,V3,1,True,2
38928,2,2,2,EI,V3,1,True,2
38947,1,1,1,EI,V3,1,True,1
39000,2,2,1,EI,V3,0,False,2
39152,1,1,1,EI,V3,1,True,1
39199,1,1,1,EI,V3,1,True,1
39321,1,1,1,EI,V3,1,True,1
39356,2,2,2,EI,V3,1,True,2
39388,2,2,2,EI,V3,1,True,2
39457,1,1,1,EI,V3,1,True,1
39466,1,1,1,EI,V3,1,True,1
39532,2,2,2,EI,V3,1,True,2
39553,2,2,2,EI,V3,1,True,2
39557,1,1,1,EI,V3,1,True,1
39630,1,1,1,EI,V3,1,True,1
39715,1,1,1,EI,V3,1,True,1
39795,1,2,1,EI,V3,0,False,1
39804,1,1,1,EI,V3,1,True,1
39833,1,1,1,EI,V3,1,True,1
39842,1,1,1,EI,V3,1,True,1
39855,1,1,1,EI,V3,1,True,1
39864,2,2,2,EI,V3,1,True,2
39884,2,2,2,EI,V3,1,True,2
39918,1,2,1,EI,V3,0,False,1
40029,1,1,1,EI,V3,1,True,1
40068,1,1,1,EI,V3,1,True,1
40135,1,1,1,EI,V3,1,True,1
40145,2,2,2,EI,V3,1,True,2
40164,1,1,1,EI,V3,1,True,1
40169,1,2,1,EI,V3,0,False,1
40296,2,2,2,EI,V3,1,True,2
40352,1,1,1,EI,V3,1,True,1
40376,1,1,1,EI,V3,1,True,1
40497,2,2,2,EI,V3,1,True,2
40535,1,1,1,EI,V3,1,True,1
40542,2,2,2,EI,V3,1,True,2
40622,2,2,2,EI,V3,1,True,2
40625,2,1,2,EI,V3,0,False,2
40653,2,2,2,EI,V3,1,True,2
40762,1,1,1,EI,V3,1,True,1
40853,1,1,1,EI,V3,1,True,1
40855,2,1,2,EI,V3,0,False,2
40857,1,1,1,EI,V3,1,True,1
40920,2,1,1,EI,V3,0,False,2
40923,2,2,2,EI,V3,1,True,2
40969,1,1,1,EI,V3,1,True,1
40991,1,2,1,EI,V3,0,False,1
41001,2,2,2,EI,V3,1,True,2
41077,2,2,2,EI,V3,1,True,2
41103,1,2,1,EI,V3,0,False,1
41150,2,2,2,EI,V3,1,True,2
41152,2,2,2,EI,V3,1,True,2
41237,1,1,1,EI,V3,1,True,1
41239,1,1,1,EI,V3,1,True,1
41273,1,1,1,EI,V3,1,True,1
41360,2,2,2,EI,V3,1,True,2
41368,1,1,1,EI,V3,1,True,1
41416,2,2,2,EI,V3,1,True,2
41457,2,2,2,EI,V3,1,True,2
41472,1,1,1,EI,V3,1,True,1
41514,2,2,2,EI,V3,1,True,2
41581,2,2,2,EI,V3,1,True,2
41590,2,2,2,EI,V3,1,True,2
41607,2,2,2,EI,V3,1,True,2
41636,1,1,1,EI,V3,1,True,1
41704,1,1,1,EI,V3,1,True,1
41829,1,1,1,EI,V3,1,True,1
41836,1,1,1,EI,V3,1,True,1
41906,2,2,2,EI,V3,1,True,2
41973,2,2,2,EI,V3,1,True,2
42006,2,2,2,EI,V3,1,True,2
42040,1,1,1,EI,V3,1,True,1
42067,1,1,1,EI,V3,1,True,1
42086,1,1,1,EI,V3,1,True,1
42112,2,2,2,EI,V3,1,True,2
42166,2,2,2,EI,V3,1,True,2
42174,2,2,2,EI,V3,1,True,2
42185,2,2,2,EI,V3,1,True,2
42228,2,2,2,EI,V3,1,True,2
42330,1,1,1,EI,V3,1,True,1
42335,1,2,1,EI,V3,0,False,1
42344,2,2,2,EI,V3,1,True,2
42391,2,2,2,EI,V3,1,True,2
42428,1,1,1,EI,V3,1,True,1
42468,2,2,2,EI,V3,1,True,2
42520,1,1,1,EI,V3,1,True,1
42521,1,1,1,EI,V3,1,True,1
42568,2,2,2,EI,V3,1,True,2
42572,2,2,2,EI,V3,1,True,2
42585,1,1,1,EI,V3,1,True,1
42609,2,2,2,EI,V3,1,True,2
42690,2,2,2,EI,V3,1,True,2
42714,2,2,2,EI,V3,1,True,2
42742,2,2,2,EI,V3,1,True,2
42860,2,2,2,EI,V3,1,True,2
42886,2,2,2,EI,V3,1,True,2
42922,2,2,2,EI,V3,1,True,2
43042,1,1,1,EI,V3,1,True,1
43070,2,2,2,EI,V3,1,True,2
43113,2,2,2,EI,V3,1,True,2
43164,2,2,2,EI,V3,1,True,2
43191,1,1,1,EI,V3,1,True,1
43285,1,1,1,EI,V3,1,True,1
43295,2,2,2,EI,V3,1,True,2
43350,2,2,2,EI,V3,1,True,2
43486,1,2,1,EI,V3,0,False,1
43526,2,2,2,EI,V3,1,True,2
43621,2,2,2,EI,V3,1,True,2
43668,2,2,2,EI,V3,1,True,2
43764,2,2,2,EI,V3,1,True,2
43800,1,1,1,EI,V3,1,True,1
43811,1,1,1,EI,V3,1,True,1
43878,2,2,1,EI,V3,0,False,2
44063,2,2,2,EI,V3,1,True,2
44064,2,2,2,EI,V3,1,True,2
44147,1,1,1,EI,V3,1,True,1
44167,2,2,2,EI,V3,1,True,2
44178,2,2,2,EI,V3,1,True,2
44313,2,2,2,EI,V3,1,True,2
44380,2,2,2,EI,V3,1,True,2
44400,2,2,2,EI,V3,1,True,2
44415,2,2,2,EI,V3,1,True,2
44430,2,2,2,EI,V3,1,True,2
44444,2,2,2,EI,V3,1,True,2
44458,2,2,2,EI,V3,1,True,2
44475,1,1,1,EI,V3,1,True,1
44479,2,2,2,EI,V3,1,True,2
44628,1,1,1,EI,V3,1,True,1
44682,1,1,1,EI,V3,1,True,1
44743,1,1,1,EI,V3,1,True,1
44812,2,2,2,EI,V3,1,True,2
44833,2,2,2,EI,V3,1,True,2
44841,2,2,2,EI,V3,1,True,2
44887,2,2,2,EI,V3,1,True,2
44967,1,1,1,EI,V3,1,True,1
45012,2,2,2,EI,V3,1,True,2
45024,1,1,1,EI,V3,1,True,1
45075,2,2,2,EI,V3,1,True,2
45117,2,2,2,EI,V3,1,True,2
45137,1,2,1,EI,V3,0,False,1
45175,2,2,2,EI,V3,1,True,2
45184,1,1,1,EI,V3,1,True,1
45190,2,2,2,EI,V3,1,True,2
45199,2,2,2,EI,V3,1,True,2
45289,1,1,1,EI,V3,1,True,1
45314,1,1,1,EI,V3,1,True,1
45337,1,1,1,EI,V3,1,True,1
45340,2,2,2,EI,V3,1,True,2
45390,2,2,2,EI,V3,1,True,2
45424,1,1,1,EI,V3,1,True,1
45470,2,2,2,EI,V3,1,True,2
45492,1,1,1,EI,V3,1,True,1
45529,2,2,2,EI,V3,1,True,2
45544,2,2,2,EI,V3,1,True,2
45784,1,1,1,EI,V3,1,True,1
45800,2,2,2,EI,V3,1,True,2
45811,2,2,2,EI,V3,1,True,2
45837,1,1,1,EI,V3,1,True,1
45857,2,2,2,EI,V3,1,True,2
45893,2,2,2,EI,V3,1,True,2
45919,2,2,1,EI,V3,0,False,2
45938,2,2,2,EI,V3,1,True,2
45983,1,1,1,EI,V3,1,True,1
45985,1,1,1,EI,V3,1,True,1
46026,2,2,1,EI,V3,0,False,2
46132,1,1,1,EI,V3,1,True,1
46147,1,1,1,EI,V3,1,True,1
46160,1,1,1,EI,V3,1,True,1
46218,2,2,2,EI,V3,1,True,2
46346,1,2,1,EI,V3,0,False,1
46371,1,1,1,EI,V3,1,True,1
46372,2,2,2,EI,V3,1,True,2
46555,1,2,1,EI,V3,0,False,1
46569,2,2,2,EI,V3,1,True,2
46595,2,2,2,EI,V3,1,True,2
46674,1,1,1,EI,V3,1,True,1
46707,1,1,1,EI,V3,1,True,1
46710,2,2,2,EI,V3,1,True,2
46751,2,2,2,EI,V3,1,True,2
46756,1,1,1,EI,V3,1,True,1
46758,1,2,1,EI,V3,0,False,1
46810,1,1,1,EI,V3,1,True,1
46859,2,2,2,EI,V3,1,True,2
46880,1,1,1,EI,V3,1,True,1
46894,2,2,2,EI,V3,1,True,2
46969,2,2,2,EI,V3,1,True,2
47024,2,2,1,EI,V3,0,False,2
47060,2,2,2,EI,V3,1,True,2
47065,1,1,1,EI,V3,1,True,1
47097,1,1,1,EI,V3,1,True,1
47139,1,1,1,EI,V3,1,True,1
47169,2,2,2,EI,V3,1,True,2
47174,1,2,1,EI,V3,0,False,1
47216,2,2,2,EI,V3,1,True,2
47246,2,2,2,EI,V3,1,True,2
47249,2,2,2,EI,V3,1,True,2
47362,1,1,1,EI,V3,1,True,1
47371,1,1,1,EI,V3,1,True,1
47560,1,2,2,EI,V3,0,False,1
47603,1,1,1,EI,V3,1,True,1
47619,2,2,2,EI,V3,1,True,2
47632,1,1,1,EI,V3,1,True,1
47865,2,2,2,EI,V3,1,True,2
47886,1,1,1,EI,V3,1,True,1
48180,1,2,1,EI,V3,0,False,1
48182,1,1,1,EI,V3,1,True,1
48217,1,1,1,EI,V3,1,True,1
48246,1,1,1,EI,V3,1,True,1
48295,2,2,2,EI,V3,1,True,2
48329,1,1,1,EI,V3,1,True,1
48352,2,2,2,EI,V3,1,True,2
48355,2,2,2,EI,V3,1,True,2
48359,2,2,2,EI,V3,1,True,2
48434,1,1,1,EI,V3,1,True,1
48441,2,2,2,EI,V3,1,True,2
48449,2,2,2,EI,V3,1,True,2
48506,2,2,2,EI,V3,1,True,2
48538,2,2,2,EI,V3,1,True,2
48541,1,1,1,EI,V3,1,True,1
48562,2,2,2,EI,V3,1,True,2
48563,2,2,2,EI,V3,1,True,2
48566,1,1,1,EI,V3,1,True,1
48587,1,1,1,EI,V3,1,True,1
48607,2,2,2,EI,V3,1,True,2
48618,1,1,1,EI,V3,1,True,1
48722,2,2,2,EI,V3,1,True,2
48728,1,1,1,EI,V3,1,True,1
48859,2,2,2,EI,V3,1,True,2
48898,1,1,1,EI,V3,1,True,1
48976,2,2,2,EI,V3,1,True,2
49004,1,1,1,EI,V3,1,True,1
49029,1,1,1,EI,V3,1,True,1
49047,1,1,1,EI,V3,1,True,1
49052,1,1,1,EI,V3,1,True,1
49095,1,1,1,EI,V3,1,True,1
49132,2,2,2,EI,V3,1,True,2
49146,1,1,1,EI,V3,1,True,1
49168,2,2,2,EI,V3,1,True,2
49182,2,2,2,EI,V3,1,True,2
49189,1,1,1,EI,V3,1,True,1
49213,1,1,1,EI,V3,1,True,1
49228,1,1,1,EI,V3,1,True,1
49239,2,1,2,EI,V3,0,False,2
49242,2,2,2,EI,V3,1,True,2
49325,1,1,1,EI,V3,1,True,1
49400,2,2,2,EI,V3,1,True,2
49460,1,1,1,EI,V3,1,True,1
49550,2,2,2,EI,V3,1,True,2
49700,1,1,1,EI,V3,1,True,1
49737,1,1,1,EI,V3,1,True,1
49765,1,2,1,EI,V3,0,False,1
49777,1,1,1,EI,V3,1,True,1
49804,1,1,1,EI,V3,1,True,1
49855,2,2,2,EI,V3,1,True,2
49870,2,2,2,EI,V3,1,True,2
49943,2,2,2,EI,V3,1,True,2
49950,2,2,2,EI,V3,1,True,2
49959,2,2,2,EI,V3,1,True,2
49971,1,1,1,EI,V3,1,True,1
55,1,1,2,EA,CN,0,False,1
107,2,2,2,EA,CN,1,True,2
176,1,1,1,EA,CN,1,True,1
257,1,1,1,EA,CN,1,True,1
283,2,2,2,EA,CN,1,True,2
284,2,2,2,EA,CN,1,True,2
287,1,1,1,EA,CN,1,True,1
310,2,2,2,EA,CN,1,True,2
337,2,2,2,EA,CN,1,True,2
379,2,2,2,EA,CN,1,True,2
393,2,2,2,EA,CN,1,True,2
405,2,2,2,EA,CN,1,True,2
423,1,1,1,EA,CN,1,True,1
450,2,2,2,EA,CN,1,True,2
504,2,2,2,EA,CN,1,True,2
525,2,2,2,EA,CN,1,True,2
545,1,1,1,EA,CN,1,True,1
626,2,2,2,EA,CN,1,True,2
715,2,2,2,EA,CN,1,True,2
722,1,1,1,EA,CN,1,True,1
793,2,2,2,EA,CN,1,True,2
804,2,2,2,EA,CN,1,True,2
813,2,2,2,EA,CN,1,True,2
856,2,2,2,EA,CN,1,True,2
893,2,2,2,EA,CN,1,True,2
922,1,1,1,EA,CN,1,True,1
1029,2,2,2,EA,CN,1,True,2
1057,1,1,1,EA,CN,1,True,1
1106,1,1,1,EA,CN,1,True,1
1176,2,2,2,EA,CN,1,True,2
1199,1,1,1,EA,CN,1,True,1
1200,2,2,2,EA,CN,1,True,2
1205,2,2,1,EA,CN,0,False,2
1227,2,2,2,EA,CN,1,True,2
1261,2,2,2,EA,CN,1,True,2
1285,1,1,1,EA,CN,1,True,1
1290,1,1,1,EA,CN,1,True,1
1347,1,1,1,EA,CN,1,True,1
1352,2,2,2,EA,CN,1,True,2
1363,2,2,2,EA,CN,1,True,2
1421,1,1,1,EA,CN,1,True,1
1434,2,2,2,EA,CN,1,True,2
1481,1,1,1,EA,CN,1,True,1
1545,2,2,2,EA,CN,1,True,2
1552,1,1,1,EA,CN,1,True,1
1573,1,1,1,EA,CN,1,True,1
1656,2,2,2,EA,CN,1,True,2
1687,1,1,1,EA,CN,1,True,1
1707,2,2,2,EA,CN,1,True,2
1733,2,2,2,EA,CN,1,True,2
1735,2,2,2,EA,CN,1,True,2
1755,2,2,2,EA,CN,1,True,2
1808,2,2,2,EA,CN,1,True,2
1814,2,2,2,EA,CN,1,True,2
1819,2,2,2,EA,CN,1,True,2
1822,1,1,1,EA,CN,1,True,1
1823,1,1,1,EA,CN,1,True,1
1862,1,1,1,EA,CN,1,True,1
2004,2,2,2,EA,CN,1,True,2
2039,2,2,2,EA,CN,1,True,2
2055,1,1,1,EA,CN,1,True,1
2068,2,2,2,EA,CN,1,True,2
2081,2,2,1,EA,CN,0,False,2
2155,2,2,2,EA,CN,1,True,2
2170,1,2,2,EA,CN,0,False,1
2221,2,2,2,EA,CN,1,True,2
2288,2,2,2,EA,CN,1,True,2
2375,2,2,2,EA,CN,1,True,2
2379,1,1,1,EA,CN,1,True,1
2408,1,1,1,EA,CN,1,True,1
2426,2,2,2,EA,CN,1,True,2
2584,2,2,2,EA,CN,1,True,2
2585,1,1,1,EA,CN,1,True,1
2599,1,1,1,EA,CN,1,True,1
2600,1,1,1,EA,CN,1,True,1
2732,2,2,2,EA,CN,1,True,2
2844,1,1,1,EA,CN,1,True,1
2891,2,2,2,EA,CN,1,True,2
2932,2,2,2,EA,CN,1,True,2
2983,1,1,1,EA,CN,1,True,1
3056,1,1,1,EA,CN,1,True,1
3081,2,1,1,EA,CN,0,False,2
3102,1,1,1,EA,CN,1,True,1
3191,1,1,1,EA,CN,1,True,1
3230,1,2,1,EA,CN,0,False,1
3297,1,1,1,EA,CN,1,True,1
3363,1,1,1,EA,CN,1,True,1
3367,2,2,2,EA,CN,1,True,2
3385,1,1,1,EA,CN,1,True,1
3400,1,1,1,EA,CN,1,True,1
3418,1,1,1,EA,CN,1,True,1
3429,2,2,2,EA,CN,1,True,2
3440,1,1,1,EA,CN,1,True,1
3512,2,2,2,EA,CN,1,True,2
3524,1,1,1,EA,CN,1,True,1
3567,1,1,1,EA,CN,1,True,1
3631,2,2,2,EA,CN,1,True,2
3811,1,1,1,EA,CN,1,True,1
3824,1,1,1,EA,CN,1,True,1
3839,1,1,1,EA,CN,1,True,1
3867,1,1,1,EA,CN,1,True,1
3868,1,1,1,EA,CN,1,True,1
3912,1,2,2,EA,CN,0,False,1
3929,1,2,2,EA,CN,0,False,1
3954,1,1,1,EA,CN,1,True,1
3971,2,2,2,EA,CN,1,True,2
3979,2,2,2,EA,CN,1,True,2
4011,1,1,1,EA,CN,1,True,1
4017,1,1,1,EA,CN,1,True,1
4066,2,2,2,EA,CN,1,True,2
4087,2,2,2,EA,CN,1,True,2
4153,2,2,2,EA,CN,1,True,2
4182,2,2,2,EA,CN,1,True,2
4187,1,1,1,EA,CN,1,True,1
4207,1,1,1,EA,CN,1,True,1
4211,1,1,1,EA,CN,1,True,1
4303,1,1,1,EA,CN,1,True,1
4314,1,1,1,EA,CN,1,True,1
4339,1,2,2,EA,CN,0,False,1
4348,2,2,2,EA,CN,1,True,2
4447,1,1,1,EA,CN,1,True,1
4462,1,1,1,EA,CN,1,True,1
4591,1,1,1,EA,CN,1,True,1
4624,2,2,2,EA,CN,1,True,2
4651,2,2,2,EA,CN,1,True,2
4652,1,1,1,EA,CN,1,True,1
4663,1,1,1,EA,CN,1,True,1
4706,2,2,2,EA,CN,1,True,2
4716,1,1,1,EA,CN,1,True,1
4744,2,2,2,EA,CN,1,True,2
4767,1,1,1,EA,CN,1,True,1
4795,1,1,1,EA,CN,1,True,1
4797,2,2,2,EA,CN,1,True,2
4812,2,2,2,EA,CN,1,True,2
4827,1,2,1,EA,CN,0,False,1
4829,2,2,2,EA,CN,1,True,2
4851,2,2,2,EA,CN,1,True,2
4856,1,1,2,EA,CN,0,False,1
4865,1,2,1,EA,CN,0,False,1
4871,1,1,1,EA,CN,1,True,1
4927,2,2,2,EA,CN,1,True,2
4937,2,1,2,EA,CN,0,False,2
5006,2,1,1,EA,CN,0,False,2
5009,1,1,1,EA,CN,1,True,1
5024,1,1,1,EA,CN,1,True,1
5070,1,1,1,EA,CN,1,True,1
5086,2,2,2,EA,CN,1,True,2
5105,2,2,2,EA,CN,1,True,2
5119,1,1,1,EA,CN,1,True,1
5120,2,2,2,EA,CN,1,True,2
5159,1,1,1,EA,CN,1,True,1
5406,1,1,1,EA,CN,1,True,1
5424,2,2,2,EA,CN,1,True,2
5475,2,1,1,EA,CN,0,False,2
5499,1,1,1,EA,CN,1,True,1
5570,1,1,1,EA,CN,1,True,1
5586,1,1,1,EA,CN,1,True,1
5619,2,2,2,EA,CN,1,True,2
5651,1,1,1,EA,CN,1,True,1
5741,1,1,2,EA,CN,0,False,1
5797,2,2,2,EA,CN,1,True,2
5824,2,2,2,EA,CN,1,True,2
5829,1,1,1,EA,CN,1,True,1
5834,1,1,2,EA,CN,0,False,1
5906,2,2,2,EA,CN,1,True,2
5913,2,2,2,EA,CN,1,True,2
5938,2,2,2,EA,CN,1,True,2
5957,2,2,2,EA,CN,1,True,2
5998,2,2,2,EA,CN,1,True,2
6010,2,2,2,EA,CN,1,True,2
6059,2,2,2,EA,CN,1,True,2
6111,1,1,1,EA,CN,1,True,1
6137,1,1,1,EA,CN,1,True,1
6156,1,1,1,EA,CN,1,True,1
6252,1,1,1,EA,CN,1,True,1
6253,2,2,2,EA,CN,1,True,2
6255,2,2,2,EA,CN,1,True,2
6295,1,1,1,EA,CN,1,True,1
6347,1,1,1,EA,CN,1,True,1
6374,1,1,1,EA,CN,1,True,1
6420,1,1,2,EA,CN,0,False,1
6452,1,1,1,EA,CN,1,True,1
6465,1,1,1,EA,CN,1,True,1
6484,2,2,2,EA,CN,1,True,2
6488,1,1,1,EA,CN,1,True,1
6519,2,2,2,EA,CN,1,True,2
6527,1,1,1,EA,CN,1,True,1
6595,1,1,1,EA,CN,1,True,1
6631,1,1,1,EA,CN,1,True,1
6692,1,1,1,EA,CN,1,True,1
6715,2,2,2,EA,CN,1,True,2
6728,1,1,1,EA,CN,1,True,1
6756,2,2,2,EA,CN,1,True,2
6812,1,1,1,EA,CN,1,True,1
6824,1,1,1,EA,CN,1,True,1
6826,2,1,1,EA,CN,0,False,2
6842,1,1,1,EA,CN,1,True,1
6867,1,1,1,EA,CN,1,True,1
6868,2,2,2,EA,CN,1,True,2
6899,2,2,2,EA,CN,1,True,2
6965,1,1,2,EA,CN,0,False,1
6977,2,2,2,EA,CN,1,True,2
6991,1,1,1,EA,CN,1,True,1
7001,2,2,2,EA,CN,1,True,2
7004,1,1,1,EA,CN,1,True,1
7042,1,2,1,EA,CN,0,False,1
7070,2,2,2,EA,CN,1,True,2
7096,1,1,1,EA,CN,1,True,1
7099,1,1,1,EA,CN,1,True,1
7194,2,2,2,EA,CN,1,True,2
7220,2,2,2,EA,CN,1,True,2
7235,1,2,1,EA,CN,0,False,1
7313,2,2,2,EA,CN,1,True,2
7387,1,1,1,EA,CN,1,True,1
7407,1,1,1,EA,CN,1,True,1
7430,2,2,2,EA,CN,1,True,2
7439,1,1,1,EA,CN,1,True,1
7451,1,1,1,EA,CN,1,True,1
7498,2,2,2,EA,CN,1,True,2
7550,1,1,1,EA,CN,1,True,1
7553,2,2,2,EA,CN,1,True,2
7555,1,1,1,EA,CN,1,True,1
7581,2,2,2,EA,CN,1,True,2
7599,2,2,2,EA,CN,1,True,2
7631,1,1,1,EA,CN,1,True,1
7654,1,1,1,EA,CN,1,True,1
7687,1,1,1,EA,CN,1,True,1
7723,1,1,1,EA,CN,1,True,1
7756,2,2,2,EA,CN,1,True,2
7832,2,1,2,EA,CN,0,False,2
7887,1,1,1,EA,CN,1,True,1
7894,1,1,1,EA,CN,1,True,1
7915,2,2,1,EA,CN,0,False,2
7949,2,2,1,EA,CN,0,False,2
7966,1,1,1,EA,CN,1,True,1
7972,1,1,1,EA,CN,1,True,1
7992,1,1,1,EA,CN,1,True,1
8015,2,2,2,EA,CN,1,True,2
8033,2,1,1,EA,CN,0,False,2
8139,1,1,1,EA,CN,1,True,1
8217,1,1,1,EA,CN,1,True,1
8268,1,1,1,EA,CN,1,True,1
8339,1,1,1,EA,CN,1,True,1
8366,2,2,2,EA,CN,1,True,2
8444,1,1,1,EA,CN,1,True,1
8477,1,1,1,EA,CN,1,True,1
8580,2,2,2,EA,CN,1,True,2
8614,1,1,1,EA,CN,1,True,1
8630,2,2,2,EA,CN,1,True,2
8637,1,1,1,EA,CN,1,True,1
8672,1,1,1,EA,CN,1,True,1
8800,1,1,1,EA,CN,1,True,1
8816,2,2,2,EA,CN,1,True,2
8902,2,2,2,EA,CN,1,True,2
8923,2,2,2,EA,CN,1,True,2
8948,1,1,1,EA,CN,1,True,1
8993,1,1,1,EA,CN,1,True,1
9004,1,1,1,EA,CN,1,True,1
9089,2,2,2,EA,CN,1,True,2
9102,1,2,1,EA,CN,0,False,1
9120,1,1,1,EA,CN,1,True,1
9134,2,2,2,EA,CN,1,True,2
9246,2,2,2,EA,CN,1,True,2
9268,1,1,1,EA,CN,1,True,1
9324,1,1,1,EA,CN,1,True,1
9325,1,1,1,EA,CN,1,True,1
9349,2,2,2,EA,CN,1,True,2
9357,2,2,2,EA,CN,1,True,2
9417,1,1,1,EA,CN,1,True,1
9459,1,1,1,EA,CN,1,True,1
9465,1,1,1,EA,CN,1,True,1
9469,2,2,2,EA,CN,1,True,2
9473,1,1,1,EA,CN,1,True,1
9485,1,2,2,EA,CN,0,False,1
9544,1,1,1,EA,CN,1,True,1
9595,1,1,1,EA,CN,1,True,1
9632,2,2,2,EA,CN,1,True,2
9635,2,2,2,EA,CN,1,True,2
9677,2,2,2,EA,CN,1,True,2
9715,1,1,1,EA,CN,1,True,1
9724,1,1,2,EA,CN,0,False,1
9774,2,2,2,EA,CN,1,True,2
9796,1,1,1,EA,CN,1,True,1
9892,2,2,2,EA,CN,1,True,2
9899,1,1,1,EA,CN,1,True,1
9907,2,2,2,EA,CN,1,True,2
9934,1,1,1,EA,CN,1,True,1
9955,2,2,1,EA,CN,0,False,2
9987,1,1,1,EA,CN,1,True,1
10022,1,1,1,EA,CN,1,True,1
10156,1,1,1,EA,CN,1,True,1
10163,1,1,1,EA,CN,1,True,1
10174,1,1,1,EA,CN,1,True,1
10187,2,2,2,EA,CN,1,True,2
10189,2,2,2,EA,CN,1,True,2
10210,1,1,1,EA,CN,1,True,1
10301,2,2,2,EA,CN,1,True,2
10328,1,1,1,EA,CN,1,True,1
10330,2,2,2,EA,CN,1,True,2
10361,1,1,1,EA,CN,1,True,1
10375,1,1,1,EA,CN,1,True,1
10400,1,1,1,EA,CN,1,True,1
10423,2,2,2,EA,CN,1,True,2
10434,1,1,1,EA,CN,1,True,1
10450,2,2,2,EA,CN,1,True,2
10566,2,2,2,EA,CN,1,True,2
10600,1,1,1,EA,CN,1,True,1
10610,2,2,2,EA,CN,1,True,2
10621,1,1,2,EA,CN,0,False,1
10626,2,2,2,EA,CN,1,True,2
10634,2,2,2,EA,CN,1,True,2
10713,2,2,2,EA,CN,1,True,2
10771,2,2,2,EA,CN,1,True,2
10803,2,2,2,EA,CN,1,True,2
10910,2,2,2,EA,CN,1,True,2
10954,2,2,2,EA,CN,1,True,2
10978,1,1,1,EA,CN,1,True,1
11024,2,2,2,EA,CN,1,True,2
11101,1,1,1,EA,CN,1,True,1
11102,1,1,1,EA,CN,1,True,1
11112,2,2,2,EA,CN,1,True,2
11120,2,2,2,EA,CN,1,True,2
11132,1,1,1,EA,CN,1,True,1
11189,2,2,2,EA,CN,1,True,2
11241,1,1,1,EA,CN,1,True,1
11264,2,2,2,EA,CN,1,True,2
11283,1,1,1,EA,CN,1,True,1
11511,2,2,2,EA,CN,1,True,2
11514,1,1,1,EA,CN,1,True,1
11523,2,2,2,EA,CN,1,True,2
11525,1,1,1,EA,CN,1,True,1
11553,1,1,1,EA,CN,1,True,1
11596,1,1,1,EA,CN,1,True,1
11603,1,1,1,EA,CN,1,True,1
11617,2,2,2,EA,CN,1,True,2
11630,1,1,1,EA,CN,1,True,1
11647,1,1,1,EA,CN,1,True,1
11742,2,2,2,EA,CN,1,True,2
11786,1,1,1,EA,CN,1,True,1
11850,2,2,2,EA,CN,1,True,2
11870,1,1,1,EA,CN,1,True,1
11874,1,1,1,EA,CN,1,True,1
11930,1,1,1,EA,CN,1,True,1
11935,2,2,2,EA,CN,1,True,2
11967,1,1,1,EA,CN,1,True,1
12012,2,2,2,EA,CN,1,True,2
12074,1,1,1,EA,CN,1,True,1
12143,2,2,2,EA,CN,1,True,2
12151,1,1,1,EA,CN,1,True,1
12153,1,1,1,EA,CN,1,True,1
12219,1,1,1,EA,CN,1,True,1
12271,2,2,2,EA,CN,1,True,2
12284,2,2,2,EA,CN,1,True,2
12285,1,1,1,EA,CN,1,True,1
12301,1,2,1,EA,CN,0,False,1
12305,1,1,1,EA,CN,1,True,1
12323,1,1,1,EA,CN,1,True,1
12429,2,2,2,EA,CN,1,True,2
12472,2,2,2,EA,CN,1,True,2
12486,2,2,2,EA,CN,1,True,2
12494,1,1,1,EA,CN,1,True,1
12627,2,2,2,EA,CN,1,True,2
12645,1,1,1,EA,CN,1,True,1
12732,1,1,1,EA,CN,1,True,1
12798,2,2,2,EA,CN,1,True,2
12830,2,2,2,EA,CN,1,True,2
12860,2,2,2,EA,CN,1,True,2
12896,1,1,1,EA,CN,1,True,1
12903,2,2,2,EA,CN,1,True,2
12926,2,2,2,EA,CN,1,True,2
12936,2,2,2,EA,CN,1,True,2
12948,2,2,2,EA,CN,1,True,2
12975,2,2,2,EA,CN,1,True,2
12998,1,1,1,EA,CN,1,True,1
13035,1,1,1,EA,CN,1,True,1
13050,2,2,2,EA,CN,1,True,2
13061,2,2,2,EA,CN,1,True,2
13113,2,2,2,EA,CN,1,True,2
13115,1,1,1,EA,CN,1,True,1
13137,2,2,2,EA,CN,1,True,2
13141,1,1,1,EA,CN,1,True,1
13200,1,1,1,EA,CN,1,True,1
13227,2,2,2,EA,CN,1,True,2
13300,1,1,1,EA,CN,1,True,1
13319,1,1,1,EA,CN,1,True,1
13334,1,1,1,EA,CN,1,True,1
13384,1,1,1,EA,CN,1,True,1
13400,1,1,1,EA,CN,1,True,1
13447,2,2,2,EA,CN,1,True,2
13469,2,2,2,EA,CN,1,True,2
13484,2,2,2,EA,CN,1,True,2
13518,2,2,2,EA,CN,1,True,2
13531,2,2,1,EA,CN,0,False,2
13562,2,2,2,EA,CN,1,True,2
13726,2,2,2,EA,CN,1,True,2
13785,1,1,1,EA,CN,1,True,1
13843,2,2,2,EA,CN,1,True,2
13864,2,2,2,EA,CN,1,True,2
13874,1,1,1,EA,CN,1,True,1
13920,1,1,1,EA,CN,1,True,1
13923,1,2,2,EA,CN,0,False,1
13996,1,1,1,EA,CN,1,True,1
14011,2,2,2,EA,CN,1,True,2
14047,1,1,2,EA,CN,0,False,1
14055,2,2,2,EA,CN,1,True,2
14074,2,2,2,EA,CN,1,True,2
14137,2,2,2,EA,CN,1,True,2
14139,2,2,2,EA,CN,1,True,2
14224,1,1,2,EA,CN,0,False,1
14259,1,1,1,EA,CN,1,True,1
14300,1,1,1,EA,CN,1,True,1
14325,1,1,1,EA,CN,1,True,1
14408,1,1,1,EA,CN,1,True,1
14410,1,1,1,EA,CN,1,True,1
14469,1,1,1,EA,CN,1,True,1
14488,1,1,1,EA,CN,1,True,1
14532,2,2,2,EA,CN,1,True,2
14550,2,2,2,EA,CN,1,True,2
14557,1,1,1,EA,CN,1,True,1
14581,1,1,1,EA,CN,1,True,1
14617,2,2,2,EA,CN,1,True,2
14707,1,1,1,EA,CN,1,True,1
14759,2,2,2,EA,CN,1,True,2
14793,1,1,1,EA,CN,1,True,1
14796,2,2,2,EA,CN,1,True,2
14818,1,1,1,EA,CN,1,True,1
14845,2,2,2,EA,CN,1,True,2
14858,2,2,2,EA,CN,1,True,2
14868,1,1,1,EA,CN,1,True,1
14900,1,1,1,EA,CN,1,True,1
14932,2,2,2,EA,CN,1,True,2
14970,2,2,2,EA,CN,1,True,2
14988,2,2,2,EA,CN,1,True,2
15035,1,1,1,EA,CN,1,True,1
15066,2,2,2,EA,CN,1,True,2
15131,1,1,1,EA,CN,1,True,1
15133,2,2,2,EA,CN,1,True,2
15176,2,2,2,EA,CN,1,True,2
15189,1,1,1,EA,CN,1,True,1
15254,1,1,1,EA,CN,1,True,1
15290,1,1,1,EA,CN,1,True,1
15363,2,2,2,EA,CN,1,True,2
15452,1,1,1,EA,CN,1,True,1
15473,2,2,2,EA,CN,1,True,2
15535,2,2,2,EA,CN,1,True,2
15538,1,1,1,EA,CN,1,True,1
15555,2,2,2,EA,CN,1,True,2
15585,1,1,1,EA,CN,1,True,1
15614,2,2,2,EA,CN,1,True,2
15620,2,2,2,EA,CN,1,True,2
15693,1,1,1,EA,CN,1,True,1
15721,2,1,2,EA,CN,0,False,2
15735,1,1,1,EA,CN,1,True,1
15770,1,2,1,EA,CN,0,False,1
15799,2,2,2,EA,CN,1,True,2
15810,1,2,2,EA,CN,0,False,1
15822,1,1,1,EA,CN,1,True,1
15883,1,1,1,EA,CN,1,True,1
15894,1,1,1,EA,CN,1,True,1
15938,1,1,2,EA,CN,0,False,1
15980,2,2,2,EA,CN,1,True,2
16011,1,1,1,EA,CN,1,True,1
16114,1,1,1,EA,CN,1,True,1
16120,1,1,1,EA,CN,1,True,1
16170,2,1,2,EA,CN,0,False,2
16174,1,1,1,EA,CN,1,True,1
16204,1,1,1,EA,CN,1,True,1
16212,2,1,1,EA,CN,0,False,2
16213,1,1,1,EA,CN,1,True,1
16230,1,1,1,EA,CN,1,True,1
16264,1,1,1,EA,CN,1,True,1
16339,1,1,1,EA,CN,1,True,1
16355,2,2,2,EA,CN,1,True,2
16386,1,1,1,EA,CN,1,True,1
16398,1,1,1,EA,CN,1,True,1
16457,1,1,1,EA,CN,1,True,1
16521,2,2,2,EA,CN,1,True,2
16572,1,1,1,EA,CN,1,True,1
16600,1,1,1,EA,CN,1,True,1
16614,1,1,1,EA,CN,1,True,1
16642,1,1,1,EA,CN,1,True,1
16731,1,1,1,EA,CN,1,True,1
16801,2,2,2,EA,CN,1,True,2
16845,1,1,1,EA,CN,1,True,1
16858,2,2,2,EA,CN,1,True,2
16891,1,1,1,EA,CN,1,True,1
16903,1,1,1,EA,CN,1,True,1
16977,1,1,1,EA,CN,1,True,1
17002,2,2,2,EA,CN,1,True,2
17048,1,1,1,EA,CN,1,True,1
17079,2,2,2,EA,CN,1,True,2
17082,2,2,2,EA,CN,1,True,2
17121,2,2,2,EA,CN,1,True,2
17165,2,2,1,EA,CN,0,False,2
17212,1,1,1,EA,CN,1,True,1
17227,2,2,1,EA,CN,0,False,2
17241,2,2,2,EA,CN,1,True,2
17280,1,2,1,EA,CN,0,False,1
17322,1,1,1,EA,CN,1,True,1
17355,2,2,2,EA,CN,1,True,2
17361,1,1,1,EA,CN,1,True,1
17364,2,2,2,EA,CN,1,True,2
17386,2,2,2,EA,CN,1,True,2
17423,2,2,2,EA,CN,1,True,2
17455,1,1,1,EA,CN,1,True,1
17468,1,1,1,EA,CN,1,True,1
17475,1,1,1,EA,CN,1,True,1
17553,1,1,1,EA,CN,1,True,1
17585,2,2,2,EA,CN,1,True,2
17693,1,1,1,EA,CN,1,True,1
17744,2,2,2,EA,CN,1,True,2
17746,2,2,2,EA,CN,1,True,2
17792,1,1,1,EA,CN,1,True,1
17806,2,2,2,EA,CN,1,True,2
17841,1,2,2,EA,CN,0,False,1
17877,1,1,1,EA,CN,1,True,1
17885,2,2,2,EA,CN,1,True,2
17914,1,2,1,EA,CN,0,False,1
17929,1,1,1,EA,CN,1,True,1
17963,2,2,2,EA,CN,1,True,2
18223,1,2,2,EA,CN,0,False,1
18290,1,1,1,EA,CN,1,True,1
18337,1,1,1,EA,CN,1,True,1
18550,2,2,2,EA,CN,1,True,2
18553,1,1,1,EA,CN,1,True,1
18597,1,1,1,EA,CN,1,True,1
18613,2,2,2,EA,CN,1,True,2
18630,2,2,2,EA,CN,1,True,2
18631,1,1,1,EA,CN,1,True,1
18643,1,1,1,EA,CN,1,True,1
18652,1,1,1,EA,CN,1,True,1
18656,1,1,1,EA,CN,1,True,1
18670,1,2,2,EA,CN,0,False,1
18805,1,1,1,EA,CN,1,True,1
18806,1,2,1,EA,CN,0,False,1
18820,1,1,1,EA,CN,1,True,1
18839,2,2,2,EA,CN,1,True,2
18874,1,1,1,EA,CN,1,True,1
18886,1,1,1,EA,CN,1,True,1
18935,1,1,1,EA,CN,1,True,1
18961,2,2,2,EA,CN,1,True,2
18970,1,1,1,EA,CN,1,True,1
18998,2,2,2,EA,CN,1,True,2
19036,2,2,2,EA,CN,1,True,2
19045,2,2,2,EA,CN,1,True,2
19113,2,2,2,EA,CN,1,True,2
19164,1,1,1,EA,CN,1,True,1
19267,2,2,2,EA,CN,1,True,2
19295,1,1,1,EA,CN,1,True,1
19331,2,2,2,EA,CN,1,True,2
19341,1,1,1,EA,CN,1,True,1
19363,1,1,1,EA,CN,1,True,1
19383,1,1,1,EA,CN,1,True,1
19385,2,2,2,EA,CN,1,True,2
19395,2,2,2,EA,CN,1,True,2
19486,2,2,2,EA,CN,1,True,2
19496,2,2,2,EA,CN,1,True,2
19519,2,2,2,EA,CN,1,True,2
19532,1,1,1,EA,CN,1,True,1
19538,1,1,1,EA,CN,1,True,1
19593,1,1,1,EA,CN,1,True,1
19599,1,1,1,EA,CN,1,True,1
19643,1,1,1,EA,CN,1,True,1
19686,1,1,1,EA,CN,1,True,1
19738,1,1,1,EA,CN,1,True,1
19794,1,1,1,EA,CN,1,True,1
19811,1,1,1,EA,CN,1,True,1
19826,2,2,2,EA,CN,1,True,2
19830,2,2,2,EA,CN,1,True,2
19839,2,2,2,EA,CN,1,True,2
19854,2,2,2,EA,CN,1,True,2
19900,1,1,1,EA,CN,1,True,1
19915,1,1,1,EA,CN,1,True,1
19967,1,1,1,EA,CN,1,True,1
19968,2,2,2,EA,CN,1,True,2
20031,1,1,1,EA,CN,1,True,1
20132,1,1,2,EA,CN,0,False,1
20184,2,2,2,EA,CN,1,True,2
20195,2,1,1,EA,CN,0,False,2
20270,2,2,2,EA,CN,1,True,2
20283,1,1,1,EA,CN,1,True,1
20299,2,2,2,EA,CN,1,True,2
20338,2,1,2,EA,CN,0,False,2
20351,2,2,2,EA,CN,1,True,2
20380,2,2,2,EA,CN,1,True,2
20407,1,1,1,EA,CN,1,True,1
20420,1,1,1,EA,CN,1,True,1
20422,1,1,1,EA,CN,1,True,1
20431,1,1,1,EA,CN,1,True,1
20443,1,1,1,EA,CN,1,True,1
20446,2,2,2,EA,CN,1,True,2
20465,1,1,1,EA,CN,1,True,1
20467,1,1,1,EA,CN,1,True,1
20504,2,2,2,EA,CN,1,True,2
20528,1,1,1,EA,CN,1,True,1
20542,1,1,1,EA,CN,1,True,1
20549,1,2,1,EA,CN,0,False,1
20609,1,1,1,EA,CN,1,True,1
20666,1,1,1,EA,CN,1,True,1
20677,1,1,1,EA,CN,1,True,1
20685,2,2,2,EA,CN,1,True,2
20716,1,2,2,EA,CN,0,False,1
20717,2,2,2,EA,CN,1,True,2
20839,2,2,2,EA,CN,1,True,2
20853,1,1,1,EA,CN,1,True,1
20869,2,2,2,EA,CN,1,True,2
20890,2,2,2,EA,CN,1,True,2
20895,2,2,2,EA,CN,1,True,2
20964,1,1,1,EA,CN,1,True,1
20971,2,2,2,EA,CN,1,True,2
21016,1,1,2,EA,CN,0,False,1
21051,2,2,2,EA,CN,1,True,2
21067,2,2,2,EA,CN,1,True,2
21074,1,1,1,EA,CN,1,True,1
21098,2,2,2,EA,CN,1,True,2
21130,2,2,2,EA,CN,1,True,2
21158,1,1,1,EA,CN,1,True,1
21165,1,1,1,EA,CN,1,True,1
21167,1,1,1,EA,CN,1,True,1
21173,1,1,1,EA,CN,1,True,1
21180,2,2,2,EA,CN,1,True,2
21203,2,2,2,EA,CN,1,True,2
21210,1,1,1,EA,CN,1,True,1
21328,1,1,1,EA,CN,1,True,1
21399,1,1,1,EA,CN,1,True,1
21509,2,2,2,EA,CN,1,True,2
21544,2,2,2,EA,CN,1,True,2
21598,1,1,1,EA,CN,1,True,1
21599,1,2,1,EA,CN,0,False,1
21606,2,2,2,EA,CN,1,True,2
21608,1,1,1,EA,CN,1,True,1
21629,1,1,1,EA,CN,1,True,1
21630,2,2,2,EA,CN,1,True,2
21666,2,2,2,EA,CN,1,True,2
21691,1,1,1,EA,CN,1,True,1
21847,2,2,2,EA,CN,1,True,2
21910,2,2,2,EA,CN,1,True,2
21935,2,1,2,EA,CN,0,False,2
21961,1,1,1,EA,CN,1,True,1
21976,1,1,1,EA,CN,1,True,1
21987,2,2,2,EA,CN,1,True,2
22043,2,2,2,EA,CN,1,True,2
22052,1,1,1,EA,CN,1,True,1
22065,1,1,1,EA,CN,1,True,1
22066,2,2,2,EA,CN,1,True,2
22090,1,1,1,EA,CN,1,True,1
22126,2,2,2,EA,CN,1,True,2
22166,2,2,2,EA,CN,1,True,2
22184,2,2,2,EA,CN,1,True,2
22189,2,1,1,EA,CN,0,False,2
22194,2,2,2,EA,CN,1,True,2
22266,1,2,2,EA,CN,0,False,1
22314,1,2,1,EA,CN,0,False,1
22356,2,2,2,EA,CN,1,True,2
22467,2,2,2,EA,CN,1,True,2
22679,1,1,1,EA,CN,1,True,1
22707,2,2,2,EA,CN,1,True,2
22767,2,2,2,EA,CN,1,True,2
22770,1,1,1,EA,CN,1,True,1
22814,1,2,1,EA,CN,0,False,1
22819,2,2,2,EA,CN,1,True,2
22833,1,1,1,EA,CN,1,True,1
22849,2,2,2,EA,CN,1,True,2
22966,2,2,2,EA,CN,1,True,2
23023,1,1,1,EA,CN,1,True,1
23052,1,1,1,EA,CN,1,True,1
23089,1,1,1,EA,CN,1,True,1
23103,2,1,2,EA,CN,0,False,2
23104,2,2,2,EA,CN,1,True,2
23128,1,1,1,EA,CN,1,True,1
23200,1,1,1,EA,CN,1,True,1
23313,2,2,2,EA,CN,1,True,2
23322,1,1,1,EA,CN,1,True,1
23323,1,1,1,EA,CN,1,True,1
23404,2,2,2,EA,CN,1,True,2
23415,2,2,2,EA,CN,1,True,2
23440,2,2,2,EA,CN,1,True,2
23453,2,2,2,EA,CN,1,True,2
23505,1,1,1,EA,CN,1,True,1
23514,2,2,2,EA,CN,1,True,2
23524,1,1,1,EA,CN,1,True,1
23530,2,2,2,EA,CN,1,True,2
23534,1,1,1,EA,CN,1,True,1
23574,1,1,1,EA,CN,1,True,1
23584,1,1,1,EA,CN,1,True,1
23605,1,1,1,EA,CN,1,True,1
23620,2,2,2,EA,CN,1,True,2
23648,2,2,2,EA,CN,1,True,2
23699,2,2,2,EA,CN,1,True,2
23713,2,2,2,EA,CN,1,True,2
23779,1,1,1,EA,CN,1,True,1
23871,1,1,1,EA,CN,1,True,1
23873,1,1,1,EA,CN,1,True,1
23901,1,1,1,EA,CN,1,True,1
24026,2,2,2,EA,CN,1,True,2
24163,1,1,1,EA,CN,1,True,1
24174,2,2,2,EA,CN,1,True,2
24223,1,1,1,EA,CN,1,True,1
24260,2,2,2,EA,CN,1,True,2
24291,2,2,2,EA,CN,1,True,2
24304,1,1,1,EA,CN,1,True,1
24334,2,2,2,EA,CN,1,True,2
24405,2,2,2,EA,CN,1,True,2
24408,1,1,1,EA,CN,1,True,1
24500,2,2,2,EA,CN,1,True,2
24541,2,2,2,EA,CN,1,True,2
24573,1,1,1,EA,CN,1,True,1
24577,2,1,1,EA,CN,0,False,2
24637,2,2,2,EA,CN,1,True,2
24673,2,2,2,EA,CN,1,True,2
24706,1,1,1,EA,CN,1,True,1
24740,2,2,2,EA,CN,1,True,2
24774,2,2,2,EA,CN,1,True,2
24836,1,1,1,EA,CN,1,True,1
24871,1,1,1,EA,CN,1,True,1
24902,2,2,2,EA,CN,1,True,2
24959,1,1,1,EA,CN,1,True,1
24975,1,1,1,EA,CN,1,True,1
24995,1,1,1,EA,CN,1,True,1
25015,2,1,2,EA,CN,0,False,2
25038,1,1,1,EA,CN,1,True,1
25109,2,2,2,EA,CN,1,True,2
25137,1,1,1,EA,CN,1,True,1
25155,1,1,1,EA,CN,1,True,1
25239,2,2,2,EA,CN,1,True,2
25270,1,1,1,EA,CN,1,True,1
25302,2,2,2,EA,CN,1,True,2
25337,1,1,1,EA,CN,1,True,1
25348,1,1,2,EA,CN,0,False,1
25369,2,2,2,EA,CN,1,True,2
25380,1,1,1,EA,CN,1,True,1
25416,1,1,1,EA,CN,1,True,1
25435,1,1,1,EA,CN,1,True,1
25447,1,1,1,EA,CN,1,True,1
25448,2,2,2,EA,CN,1,True,2
25471,2,2,2,EA,CN,1,True,2
25523,2,2,2,EA,CN,1,True,2
25591,2,2,2,EA,CN,1,True,2
25650,1,1,1,EA,CN,1,True,1
25690,1,1,1,EA,CN,1,True,1
25698,2,2,2,EA,CN,1,True,2
25856,1,1,1,EA,CN,1,True,1
25868,1,1,1,EA,CN,1,True,1
25990,2,2,2,EA,CN,1,True,2
26032,1,1,1,EA,CN,1,True,1
26129,2,2,2,EA,CN,1,True,2
26161,1,1,1,EA,CN,1,True,1
26178,1,1,1,EA,CN,1,True,1
26211,2,2,2,EA,CN,1,True,2
26281,2,2,2,EA,CN,1,True,2
26287,2,2,2,EA,CN,1,True,2
26292,1,1,1,EA,CN,1,True,1
26302,1,1,1,EA,CN,1,True,1
26321,2,2,2,EA,CN,1,True,2
26337,1,1,1,EA,CN,1,True,1
26345,1,1,1,EA,CN,1,True,1
26480,2,2,2,EA,CN,1,True,2
26492,2,2,2,EA,CN,1,True,2
26528,1,1,1,EA,CN,1,True,1
26546,1,1,2,EA,CN,0,False,1
26556,1,1,2,EA,CN,0,False,1
26575,1,1,1,EA,CN,1,True,1
26678,2,2,2,EA,CN,1,True,2
26714,2,2,2,EA,CN,1,True,2
26831,1,1,1,EA,CN,1,True,1
26865,2,2,2,EA,CN,1,True,2
26878,2,2,2,EA,CN,1,True,2
26995,1,1,1,EA,CN,1,True,1
27029,2,2,1,EA,CN,0,False,2
27088,1,1,1,EA,CN,1,True,1
27101,1,1,1,EA,CN,1,True,1
27117,1,1,1,EA,CN,1,True,1
27271,1,1,1,EA,CN,1,True,1
27395,2,2,1,EA,CN,0,False,2
27431,2,2,2,EA,CN,1,True,2
27497,1,1,1,EA,CN,1,True,1
27524,2,2,2,EA,CN,1,True,2
27558,2,2,2,EA,CN,1,True,2
27610,2,2,2,EA,CN,1,True,2
27668,2,2,2,EA,CN,1,True,2
27688,2,2,2,EA,CN,1,True,2
27740,2,2,2,EA,CN,1,True,2
27786,2,2,1,EA,CN,0,False,2
27828,2,2,2,EA,CN,1,True,2
27904,2,2,2,EA,CN,1,True,2
27910,2,2,2,EA,CN,1,True,2
27911,2,2,2,EA,CN,1,True,2
28011,2,2,2,EA,CN,1,True,2
28019,1,1,2,EA,CN,0,False,1
28051,2,2,2,EA,CN,1,True,2
28057,1,1,1,EA,CN,1,True,1
28067,1,1,1,EA,CN,1,True,1
28114,2,2,2,EA,CN,1,True,2
28222,2,2,2,EA,CN,1,True,2
28262,2,2,2,EA,CN,1,True,2
28271,1,1,1,EA,CN,1,True,1
28339,1,2,2,EA,CN,0,False,1
28341,1,1,1,EA,CN,1,True,1
28365,2,2,2,EA,CN,1,True,2
28463,2,2,2,EA,CN,1,True,2
28490,1,2,1,EA,CN,0,False,1
28550,1,1,1,EA,CN,1,True,1
28574,2,2,2,EA,CN,1,True,2
28656,2,2,2,EA,CN,1,True,2
28674,2,2,2,EA,CN,1,True,2
28728,1,1,1,EA,CN,1,True,1
28789,2,2,2,EA,CN,1,True,2
28790,1,1,1,EA,CN,1,True,1
28814,2,2,2,EA,CN,1,True,2
28822,2,2,2,EA,CN,1,True,2
28963,1,1,1,EA,CN,1,True,1
29070,2,2,2,EA,CN,1,True,2
29105,1,1,1,EA,CN,1,True,1
29132,1,1,1,EA,CN,1,True,1
29144,1,1,1,EA,CN,1,True,1
29184,1,1,2,EA,CN,0,False,1
29243,2,2,2,EA,CN,1,True,2
29385,1,1,1,EA,CN,1,True,1
29411,1,1,1,EA,CN,1,True,1
29417,2,2,2,EA,CN,1,True,2
29454,2,2,2,EA,CN,1,True,2
29465,1,1,1,EA,CN,1,True,1
29484,2,2,2,EA,CN,1,True,2
29582,1,1,1,EA,CN,1,True,1
29629,1,1,1,EA,CN,1,True,1
29644,1,1,1,EA,CN,1,True,1
29679,1,1,1,EA,CN,1,True,1
29768,1,1,1,EA,CN,1,True,1
29880,2,1,1,EA,CN,0,False,2
29903,1,1,1,EA,CN,1,True,1
29912,1,1,1,EA,CN,1,True,1
29978,2,2,2,EA,CN,1,True,2
30052,1,1,1,EA,CN,1,True,1
30118,1,1,1,EA,CN,1,True,1
30131,1,1,1,EA,CN,1,True,1
30137,2,2,2,EA,CN,1,True,2
30143,1,1,1,EA,CN,1,True,1
30180,1,1,1,EA,CN,1,True,1
30259,1,1,1,EA,CN,1,True,1
30273,1,1,1,EA,CN,1,True,1
30285,2,2,2,EA,CN,1,True,2
30328,1,1,1,EA,CN,1,True,1
30329,1,1,1,EA,CN,1,True,1
30336,2,2,2,EA,CN,1,True,2
30340,1,1,1,EA,CN,1,True,1
30352,2,2,2,EA,CN,1,True,2
30367,2,2,2,EA,CN,1,True,2
30457,2,2,2,EA,CN,1,True,2
30498,1,1,1,EA,CN,1,True,1
30514,1,1,1,EA,CN,1,True,1
30544,1,1,1,EA,CN,1,True,1
30637,1,1,1,EA,CN,1,True,1
30694,2,2,2,EA,CN,1,True,2
30701,2,2,2,EA,CN,1,True,2
30710,2,2,2,EA,CN,1,True,2
30794,1,2,1,EA,CN,0,False,1
30807,2,2,2,EA,CN,1,True,2
30825,1,1,1,EA,CN,1,True,1
30846,1,1,1,EA,CN,1,True,1
30856,2,2,2,EA,CN,1,True,2
30872,2,2,2,EA,CN,1,True,2
30880,1,1,1,EA,CN,1,True,1
30899,1,1,1,EA,CN,1,True,1
30922,2,2,2,EA,CN,1,True,2
30936,2,2,2,EA,CN,1,True,2
31029,1,1,1,EA,CN,1,True,1
31060,1,1,1,EA,CN,1,True,1
31081,1,2,1,EA,CN,0,False,1
31089,1,1,1,EA,CN,1,True,1
31128,1,1,1,EA,CN,1,True,1
31129,2,2,2,EA,CN,1,True,2
31138,1,1,1,EA,CN,1,True,1
31148,1,1,1,EA,CN,1,True,1
31247,1,1,1,EA,CN,1,True,1
31350,2,2,2,EA,CN,1,True,2
31386,2,2,2,EA,CN,1,True,2
31470,1,2,1,EA,CN,0,False,1
31483,2,2,2,EA,CN,1,True,2
31568,1,1,1,EA,CN,1,True,1
31597,1,1,1,EA,CN,1,True,1
31622,1,1,1,EA,CN,1,True,1
31628,1,1,1,EA,CN,1,True,1
31634,2,1,1,EA,CN,0,False,2
31665,1,1,1,EA,CN,1,True,1
31720,1,1,1,EA,CN,1,True,1
31728,1,1,1,EA,CN,1,True,1
31754,2,2,2,EA,CN,1,True,2
31808,1,1,1,EA,CN,1,True,1
31883,2,2,2,EA,CN,1,True,2
31907,2,2,2,EA,CN,1,True,2
32003,2,2,2,EA,CN,1,True,2
32090,1,1,1,EA,CN,1,True,1
32112,2,2,2,EA,CN,1,True,2
32116,2,2,2,EA,CN,1,True,2
32131,2,2,2,EA,CN,1,True,2
32167,1,1,1,EA,CN,1,True,1
32177,1,1,1,EA,CN,1,True,1
32263,2,2,2,EA,CN,1,True,2
32265,1,1,1,EA,CN,1,True,1
32323,2,2,2,EA,CN,1,True,2
32372,1,1,1,EA,CN,1,True,1
32463,2,2,2,EA,CN,1,True,2
32489,2,2,2,EA,CN,1,True,2
32518,1,1,1,EA,CN,1,True,1
32558,1,1,1,EA,CN,1,True,1
32572,2,2,2,EA,CN,1,True,2
32638,1,1,1,EA,CN,1,True,1
32679,1,1,1,EA,CN,1,True,1
32722,2,2,2,EA,CN,1,True,2
32747,1,1,1,EA,CN,1,True,1
32753,2,2,2,EA,CN,1,True,2
32785,1,1,1,EA,CN,1,True,1
32872,2,2,2,EA,CN,1,True,2
32894,2,2,2,EA,CN,1,True,2
32913,1,1,1,EA,CN,1,True,1
32917,2,2,2,EA,CN,1,True,2
32963,1,1,1,EA,CN,1,True,1
32972,2,2,2,EA,CN,1,True,2
33026,1,1,1,EA,CN,1,True,1
33067,2,2,2,EA,CN,1,True,2
33126,2,2,2,EA,CN,1,True,2
33141,2,2,2,EA,CN,1,True,2
33154,1,1,1,EA,CN,1,True,1
33212,1,1,1,EA,CN,1,True,1
33262,2,2,2,EA,CN,1,True,2
33291,1,1,1,EA,CN,1,True,1
33322,2,2,2,EA,CN,1,True,2
33345,1,1,1,EA,CN,1,True,1
33390,2,2,2,EA,CN,1,True,2
33409,1,2,2,EA,CN,0,False,1
33433,1,1,1,EA,CN,1,True,1
33470,1,1,1,EA,CN,1,True,1
33504,2,1,1,EA,CN,0,False,2
33509,1,1,1,EA,CN,1,True,1
33532,2,2,2,EA,CN,1,True,2
33618,2,2,2,EA,CN,1,True,2
33649,1,1,1,EA,CN,1,True,1
33741,1,1,1,EA,CN,1,True,1
33743,2,2,2,EA,CN,1,True,2
33765,2,2,2,EA,CN,1,True,2
33780,2,1,1,EA,CN,0,False,2
33806,2,1,1,EA,CN,0,False,2
33808,2,2,2,EA,CN,1,True,2
33856,1,1,1,EA,CN,1,True,1
33859,2,2,2,EA,CN,1,True,2
33890,2,2,2,EA,CN,1,True,2
33936,1,1,1,EA,CN,1,True,1
33940,1,1,1,EA,CN,1,True,1
33961,1,1,1,EA,CN,1,True,1
33962,2,2,2,EA,CN,1,True,2
33986,1,1,1,EA,CN,1,True,1
34029,2,2,2,EA,CN,1,True,2
34084,1,2,1,EA,CN,0,False,1
34125,2,2,2,EA,CN,1,True,2
34143,2,2,2,EA,CN,1,True,2
34148,1,1,1,EA,CN,1,True,1
34171,2,2,2,EA,CN,1,True,2
34215,2,2,2,EA,CN,1,True,2
34276,1,1,1,EA,CN,1,True,1
34332,2,2,2,EA,CN,1,True,2
34354,1,1,1,EA,CN,1,True,1
34404,2,2,2,EA,CN,1,True,2
34414,1,2,2,EA,CN,0,False,1
34456,2,2,2,EA,CN,1,True,2
34460,2,2,2,EA,CN,1,True,2
34500,1,1,1,EA,CN,1,True,1
34573,1,1,1,EA,CN,1,True,1
34667,1,2,2,EA,CN,0,False,1
34714,2,2,2,EA,CN,1,True,2
34754,2,2,2,EA,CN,1,True,2
34812,2,2,2,EA,CN,1,True,2
34915,1,1,1,EA,CN,1,True,1
34918,2,2,1,EA,CN,0,False,2
34930,1,1,1,EA,CN,1,True,1
34944,2,2,2,EA,CN,1,True,2
34983,2,2,2,EA,CN,1,True,2
35058,2,2,2,EA,CN,1,True,2
35064,1,1,1,EA,CN,1,True,1
35127,2,2,2,EA,CN,1,True,2
35156,2,2,2,EA,CN,1,True,2
35174,1,1,1,EA,CN,1,True,1
35191,2,2,2,EA,CN,1,True,2
35201,2,2,2,EA,CN,1,True,2
35204,2,2,2,EA,CN,1,True,2
35282,2,2,2,EA,CN,1,True,2
35287,1,1,1,EA,CN,1,True,1
35397,2,2,2,EA,CN,1,True,2
35429,2,2,2,EA,CN,1,True,2
35467,1,1,1,EA,CN,1,True,1
35542,2,2,2,EA,CN,1,True,2
35564,2,2,2,EA,CN,1,True,2
35592,1,1,1,EA,CN,1,True,1
35643,2,2,2,EA,CN,1,True,2
35653,1,1,1,EA,CN,1,True,1
35715,2,2,2,EA,CN,1,True,2
35732,2,2,2,EA,CN,1,True,2
35738,2,2,2,EA,CN,1,True,2
35743,2,2,1,EA,CN,0,False,2
35871,1,1,1,EA,CN,1,True,1
35880,2,2,2,EA,CN,1,True,2
35907,2,2,2,EA,CN,1,True,2
35912,1,1,1,EA,CN,1,True,1
35918,2,2,2,EA,CN,1,True,2
35939,2,2,2,EA,CN,1,True,2
35991,2,2,2,EA,CN,1,True,2
36100,2,2,2,EA,CN,1,True,2
36117,1,1,1,EA,CN,1,True,1
36126,2,2,2,EA,CN,1,True,2
36186,2,2,2,EA,CN,1,True,2
36190,1,1,1,EA,CN,1,True,1
36199,2,2,2,EA,CN,1,True,2
36209,1,1,1,EA,CN,1,True,1
36223,2,2,2,EA,CN,1,True,2
36247,1,1,1,EA,CN,1,True,1
36341,2,2,2,EA,CN,1,True,2
36403,1,1,1,EA,CN,1,True,1
36419,2,2,2,EA,CN,1,True,2
36434,2,2,2,EA,CN,1,True,2
36449,1,1,1,EA,CN,1,True,1
36482,2,2,2,EA,CN,1,True,2
36557,2,2,2,EA,CN,1,True,2
36686,2,2,2,EA,CN,1,True,2
36689,2,2,2,EA,CN,1,True,2
36734,1,1,1,EA,CN,1,True,1
36743,1,1,1,EA,CN,1,True,1
36767,2,2,2,EA,CN,1,True,2
36785,2,2,2,EA,CN,1,True,2
36812,2,2,2,EA,CN,1,True,2
36819,2,2,2,EA,CN,1,True,2
36849,2,2,2,EA,CN,1,True,2
36960,1,1,1,EA,CN,1,True,1
36974,2,2,2,EA,CN,1,True,2
37006,1,2,1,EA,CN,0,False,1
37016,2,2,2,EA,CN,1,True,2
37020,1,1,1,EA,CN,1,True,1
37082,2,2,2,EA,CN,1,True,2
37102,2,2,2,EA,CN,1,True,2
37114,1,1,1,EA,CN,1,True,1
37124,2,2,2,EA,CN,1,True,2
37184,2,2,2,EA,CN,1,True,2
37234,1,1,1,EA,CN,1,True,1
37245,1,1,1,EA,CN,1,True,1
37249,1,1,2,EA,CN,0,False,1
37258,1,1,1,EA,CN,1,True,1
37327,1,1,1,EA,CN,1,True,1
37367,2,2,2,EA,CN,1,True,2
37404,1,1,1,EA,CN,1,True,1
37422,1,1,1,EA,CN,1,True,1
37432,2,2,2,EA,CN,1,True,2
37435,1,1,1,EA,CN,1,True,1
37490,1,1,1,EA,CN,1,True,1
37537,2,1,1,EA,CN,0,False,2
37542,1,2,2,EA,CN,0,False,1
37569,2,2,2,EA,CN,1,True,2
37608,1,1,1,EA,CN,1,True,1
37614,2,2,2,EA,CN,1,True,2
37617,2,2,2,EA,CN,1,True,2
37679,1,1,1,EA,CN,1,True,1
37723,2,2,2,EA,CN,1,True,2
37725,2,2,2,EA,CN,1,True,2
37741,1,2,1,EA,CN,0,False,1
37743,2,2,2,EA,CN,1,True,2
37842,1,1,1,EA,CN,1,True,1
37843,1,1,1,EA,CN,1,True,1
37909,1,1,1,EA,CN,1,True,1
37955,1,1,1,EA,CN,1,True,1
38026,2,2,2,EA,CN,1,True,2
38068,2,2,2,EA,CN,1,True,2
38078,2,2,2,EA,CN,1,True,2
38093,1,2,1,EA,CN,0,False,1
38130,1,1,1,EA,CN,1,True,1
38144,1,1,1,EA,CN,1,True,1
38146,1,1,1,EA,CN,1,True,1
38166,1,1,1,EA,CN,1,True,1
38168,1,1,1,EA,CN,1,True,1
38191,2,2,2,EA,CN,1,True,2
38245,1,1,1,EA,CN,1,True,1
38267,2,1,2,EA,CN,0,False,2
38352,1,1,1,EA,CN,1,True,1
38363,2,2,1,EA,CN,0,False,2
38390,2,2,2,EA,CN,1,True,2
38395,1,1,1,EA,CN,1,True,1
38425,2,2,2,EA,CN,1,True,2
38485,1,1,1,EA,CN,1,True,1
38518,1,1,1,EA,CN,1,True,1
38530,1,1,1,EA,CN,1,True,1
38533,2,2,2,EA,CN,1,True,2
38554,2,1,1,EA,CN,0,False,2
38562,2,2,2,EA,CN,1,True,2
38593,2,2,2,EA,CN,1,True,2
38627,2,2,2,EA,CN,1,True,2
38630,1,1,1,EA,CN,1,True,1
38721,1,1,1,EA,CN,1,True,1
38773,2,2,2,EA,CN,1,True,2
38802,1,1,1,EA,CN,1,True,1
38809,2,2,2,EA,CN,1,True,2
38811,2,2,2,EA,CN,1,True,2
38829,1,1,1,EA,CN,1,True,1
38858,1,1,1,EA,CN,1,True,1
38920,2,2,2,EA,CN,1,True,2
38928,2,2,2,EA,CN,1,True,2
38947,1,1,1,EA,CN,1,True,1
39000,2,1,2,EA,CN,0,False,2
39152,1,1,1,EA,CN,1,True,1
39199,1,1,1,EA,CN,1,True,1
39321,1,1,1,EA,CN,1,True,1
39356,2,2,2,EA,CN,1,True,2
39388,2,2,2,EA,CN,1,True,2
39457,1,1,1,EA,CN,1,True,1
39466,1,1,1,EA,CN,1,True,1
39532,2,2,2,EA,CN,1,True,2
39553,2,2,2,EA,CN,1,True,2
39557,1,1,1,EA,CN,1,True,1
39630,1,1,1,EA,CN,1,True,1
39715,1,1,1,EA,CN,1,True,1
39795,1,1,1,EA,CN,1,True,1
39804,1,1,1,EA,CN,1,True,1
39833,2,2,2,EA,CN,1,True,2
39842,1,1,1,EA,CN,1,True,1
39855,1,1,1,EA,CN,1,True,1
39864,2,2,2,EA,CN,1,True,2
39884,2,2,2,EA,CN,1,True,2
39918,1,1,1,EA,CN,1,True,1
40029,2,1,2,EA,CN,0,False,2
40068,1,1,1,EA,CN,1,True,1
40135,1,1,1,EA,CN,1,True,1
40145,1,2,2,EA,CN,0,False,1
40164,1,1,1,EA,CN,1,True,1
40169,1,1,1,EA,CN,1,True,1
40296,2,2,2,EA,CN,1,True,2
40352,2,2,2,EA,CN,1,True,2
40376,1,1,1,EA,CN,1,True,1
40497,2,2,2,EA,CN,1,True,2
40535,1,1,1,EA,CN,1,True,1
40542,2,2,2,EA,CN,1,True,2
40622,2,2,2,EA,CN,1,True,2
40625,2,2,2,EA,CN,1,True,2
40653,2,2,2,EA,CN,1,True,2
40762,1,1,1,EA,CN,1,True,1
40853,1,1,1,EA,CN,1,True,1
40855,2,2,2,EA,CN,1,True,2
40857,2,2,2,EA,CN,1,True,2
40920,1,1,1,EA,CN,1,True,1
40923,2,2,2,EA,CN,1,True,2
40969,1,1,1,EA,CN,1,True,1
40991,1,1,1,EA,CN,1,True,1
41001,2,2,2,EA,CN,1,True,2
41077,1,1,1,EA,CN,1,True,1
41103,2,2,2,EA,CN,1,True,2
41150,1,1,1,EA,CN,1,True,1
41152,1,1,1,EA,CN,1,True,1
41237,1,1,1,EA,CN,1,True,1
41239,1,1,1,EA,CN,1,True,1
41273,1,1,1,EA,CN,1,True,1
41360,2,2,2,EA,CN,1,True,2
41368,1,1,1,EA,CN,1,True,1
41416,1,1,1,EA,CN,1,True,1
41457,2,2,2,EA,CN,1,True,2
41472,1,1,1,EA,CN,1,True,1
41514,1,1,1,EA,CN,1,True,1
41581,2,2,2,EA,CN,1,True,2
41590,1,1,1,EA,CN,1,True,1
41607,1,1,1,EA,CN,1,True,1
41636,1,1,1,EA,CN,1,True,1
41704,1,1,1,EA,CN,1,True,1
41829,1,1,1,EA,CN,1,True,1
41836,1,1,1,EA,CN,1,True,1
41906,2,2,2,EA,CN,1,True,2
41973,2,2,2,EA,CN,1,True,2
42006,1,1,1,EA,CN,1,True,1
42040,1,1,1,EA,CN,1,True,1
42067,1,1,1,EA,CN,1,True,1
42086,2,2,2,EA,CN,1,True,2
42112,2,2,2,EA,CN,1,True,2
42166,2,2,2,EA,CN,1,True,2
42174,2,2,2,EA,CN,1,True,2
42185,2,2,2,EA,CN,1,True,2
42228,2,2,2,EA,CN,1,True,2
42330,1,1,1,EA,CN,1,True,1
42335,2,2,2,EA,CN,1,True,2
42344,1,1,1,EA,CN,1,True,1
42391,2,2,2,EA,CN,1,True,2
42428,1,1,1,EA,CN,1,True,1
42468,1,1,1,EA,CN,1,True,1
42520,2,2,2,EA,CN,1,True,2
42521,1,1,1,EA,CN,1,True,1
42568,1,1,1,EA,CN,1,True,1
42572,2,2,2,EA,CN,1,True,2
42585,1,1,1,EA,CN,1,True,1
42609,2,2,2,EA,CN,1,True,2
42690,2,2,2,EA,CN,1,True,2
42714,2,2,2,EA,CN,1,True,2
42742,1,1,1,EA,CN,1,True,1
42860,2,2,2,EA,CN,1,True,2
42886,2,2,2,EA,CN,1,True,2
42922,2,2,2,EA,CN,1,True,2
43042,1,1,1,EA,CN,1,True,1
43070,2,2,2,EA,CN,1,True,2
43113,1,1,1,EA,CN,1,True,1
43164,2,2,2,EA,CN,1,True,2
43191,1,1,1,EA,CN,1,True,1
43285,1,1,1,EA,CN,1,True,1
43295,2,2,2,EA,CN,1,True,2
43350,2,2,2,EA,CN,1,True,2
43486,1,1,1,EA,CN,1,True,1
43526,2,2,2,EA,CN,1,True,2
43621,2,2,2,EA,CN,1,True,2
43668,2,2,2,EA,CN,1,True,2
43764,2,2,2,EA,CN,1,True,2
43800,2,2,2,EA,CN,1,True,2
43811,2,2,2,EA,CN,1,True,2
43878,1,1,1,EA,CN,1,True,1
44063,2,2,2,EA,CN,1,True,2
44064,2,2,2,EA,CN,1,True,2
44147,1,1,1,EA,CN,1,True,1
44167,2,2,2,EA,CN,1,True,2
44178,2,2,2,EA,CN,1,True,2
44313,2,2,2,EA,CN,1,True,2
44380,1,1,1,EA,CN,1,True,1
44400,1,1,1,EA,CN,1,True,1
44415,2,2,2,EA,CN,1,True,2
44430,2,2,2,EA,CN,1,True,2
44444,2,2,2,EA,CN,1,True,2
44458,2,2,2,EA,CN,1,True,2
44475,1,1,1,EA,CN,1,True,1
44479,2,2,2,EA,CN,1,True,2
44628,1,1,1,EA,CN,1,True,1
44682,1,1,1,EA,CN,1,True,1
44743,1,1,1,EA,CN,1,True,1
44812,2,1,2,EA,CN,0,False,2
44833,1,1,1,EA,CN,1,True,1
44841,1,1,1,EA,CN,1,True,1
44887,2,2,2,EA,CN,1,True,2
44967,1,1,1,EA,CN,1,True,1
45012,2,2,2,EA,CN,1,True,2
45024,1,1,1,EA,CN,1,True,1
45075,2,2,2,EA,CN,1,True,2
45117,2,2,2,EA,CN,1,True,2
45137,2,2,2,EA,CN,1,True,2
45175,2,2,2,EA,CN,1,True,2
45184,1,1,1,EA,CN,1,True,1
45190,1,1,2,EA,CN,0,False,1
45199,1,1,1,EA,CN,1,True,1
45289,1,1,1,EA,CN,1,True,1
45314,1,1,1,EA,CN,1,True,1
45337,1,1,1,EA,CN,1,True,1
45340,2,2,2,EA,CN,1,True,2
45390,2,2,2,EA,CN,1,True,2
45424,2,2,2,EA,CN,1,True,2
45470,2,2,2,EA,CN,1,True,2
45492,1,1,1,EA,CN,1,True,1
45529,2,2,2,EA,CN,1,True,2
45544,2,2,2,EA,CN,1,True,2
45784,1,1,1,EA,CN,1,True,1
45800,2,2,2,EA,CN,1,True,2
45811,2,2,2,EA,CN,1,True,2
45837,1,1,1,EA,CN,1,True,1
45857,2,2,2,EA,CN,1,True,2
45893,2,2,2,EA,CN,1,True,2
45919,2,2,2,EA,CN,1,True,2
45938,2,2,2,EA,CN,1,True,2
45983,1,1,1,EA,CN,1,True,1
45985,1,1,1,EA,CN,1,True,1
46026,2,2,2,EA,CN,1,True,2
46132,1,1,1,EA,CN,1,True,1
46147,1,1,1,EA,CN,1,True,1
46160,1,1,1,EA,CN,1,True,1
46218,2,2,2,EA,CN,1,True,2
46346,1,1,1,EA,CN,1,True,1
46371,2,2,2,EA,CN,1,True,2
46372,2,2,2,EA,CN,1,True,2
46555,2,2,2,EA,CN,1,True,2
46569,2,2,2,EA,CN,1,True,2
46595,2,2,2,EA,CN,1,True,2
46674,1,1,1,EA,CN,1,True,1
46707,1,1,1,EA,CN,1,True,1
46710,2,2,2,EA,CN,1,True,2
46751,2,2,2,EA,CN,1,True,2
46756,1,1,1,EA,CN,1,True,1
46758,2,2,2,EA,CN,1,True,2
46810,2,2,2,EA,CN,1,True,2
46859,2,2,2,EA,CN,1,True,2
46880,1,1,1,EA,CN,1,True,1
46894,2,2,2,EA,CN,1,True,2
46969,2,2,2,EA,CN,1,True,2
47024,1,2,1,EA,CN,0,False,1
47060,2,2,2,EA,CN,1,True,2
47065,1,1,1,EA,CN,1,True,1
47097,1,1,1,EA,CN,1,True,1
47139,2,2,2,EA,CN,1,True,2
47169,2,2,2,EA,CN,1,True,2
47174,2,2,2,EA,CN,1,True,2
47216,2,2,2,EA,CN,1,True,2
47246,2,2,2,EA,CN,1,True,2
47249,2,2,2,EA,CN,1,True,2
47362,1,1,1,EA,CN,1,True,1
47371,1,1,1,EA,CN,1,True,1
47560,1,1,1,EA,CN,1,True,1
47603,1,1,1,EA,CN,1,True,1
47619,2,2,2,EA,CN,1,True,2
47632,1,1,1,EA,CN,1,True,1
47865,2,2,2,EA,CN,1,True,2
47886,1,2,1,EA,CN,0,False,1
48180,2,2,2,EA,CN,1,True,2
48182,1,1,1,EA,CN,1,True,1
48217,1,1,2,EA,CN,0,False,1
48246,1,1,1,EA,CN,1,True,1
48295,2,2,2,EA,CN,1,True,2
48329,1,1,1,EA,CN,1,True,1
48352,1,1,1,EA,CN,1,True,1
48355,2,2,2,EA,CN,1,True,2
48359,1,1,1,EA,CN,1,True,1
48434,1,2,2,EA,CN,0,False,1
48441,1,1,1,EA,CN,1,True,1
48449,2,2,2,EA,CN,1,True,2
48506,2,2,2,EA,CN,1,True,2
48538,2,2,2,EA,CN,1,True,2
48541,1,1,1,EA,CN,1,True,1
48562,2,2,2,EA,CN,1,True,2
48563,2,1,1,EA,CN,0,False,2
48566,1,1,1,EA,CN,1,True,1
48587,2,1,2,EA,CN,0,False,2
48607,2,2,2,EA,CN,1,True,2
48618,1,1,1,EA,CN,1,True,1
48722,2,1,2,EA,CN,0,False,2
48728,1,1,1,EA,CN,1,True,1
48859,2,2,2,EA,CN,1,True,2
48898,2,1,1,EA,CN,0,False,2
48976,2,2,2,EA,CN,1,True,2
49004,1,1,1,EA,CN,1,True,1
49029,1,1,1,EA,CN,1,True,1
49047,1,1,1,EA,CN,1,True,1
49052,1,1,1,EA,CN,1,True,1
49095,1,1,1,EA,CN,1,True,1
49132,1,1,1,EA,CN,1,True,1
49146,1,1,1,EA,CN,1,True,1
49168,1,1,1,EA,CN,1,True,1
49182,1,1,1,EA,CN,1,True,1
49189,1,1,1,EA,CN,1,True,1
49213,1,1,1,EA,CN,1,True,1
49228,1,1,1,EA,CN,1,True,1
49239,1,1,1,EA,CN,1,True,1
49242,2,2,2,EA,CN,1,True,2
49325,1,1,1,EA,CN,1,True,1
49400,1,2,2,EA,CN,0,False,1
49460,1,1,1,EA,CN,1,True,1
49550,1,1,1,EA,CN,1,True,1
49700,1,1,1,EA,CN,1,True,1
49737,1,1,1,EA,CN,1,True,1
49765,1,1,1,EA,CN,1,True,1
49777,1,1,1,EA,CN,1,True,1
49804,2,2,2,EA,CN,1,True,2
49855,2,2,2,EA,CN,1,True,2
49870,2,2,2,EA,CN,1,True,2
49943,2,2,2,EA,CN,1,True,2
49950,2,2,2,EA,CN,1,True,2
49959,2,2,2,EA,CN,1,True,2
49971,2,2,2,EA,CN,1,True,2
55,1,1,1,EA,CT,1,True,1
107,2,2,2,EA,CT,1,True,2
176,1,1,1,EA,CT,1,True,1
257,1,1,1,EA,CT,1,True,1
283,1,2,2,EA,CT,0,False,1
284,2,2,2,EA,CT,1,True,2
287,1,1,1,EA,CT,1,True,1
310,2,2,2,EA,CT,1,True,2
337,2,2,2,EA,CT,1,True,2
379,2,2,2,EA,CT,1,True,2
393,2,2,2,EA,CT,1,True,2
405,2,2,2,EA,CT,1,True,2
423,1,1,1,EA,CT,1,True,1
450,2,2,2,EA,CT,1,True,2
504,2,2,2,EA,CT,1,True,2
525,2,2,2,EA,CT,1,True,2
545,1,1,1,EA,CT,1,True,1
626,2,1,1,EA,CT,0,False,2
715,2,2,2,EA,CT,1,True,2
722,1,1,1,EA,CT,1,True,1
793,2,2,2,EA,CT,1,True,2
804,2,2,2,EA,CT,1,True,2
813,2,2,2,EA,CT,1,True,2
856,2,2,2,EA,CT,1,True,2
893,2,2,2,EA,CT,1,True,2
922,1,1,1,EA,CT,1,True,1
1029,2,2,2,EA,CT,1,True,2
1057,1,1,1,EA,CT,1,True,1
1106,1,1,1,EA,CT,1,True,1
1176,2,2,1,EA,CT,0,False,2
1199,1,2,1,EA,CT,0,False,1
1200,2,2,2,EA,CT,1,True,2
1205,2,1,1,EA,CT,0,False,2
1227,2,2,2,EA,CT,1,True,2
1261,2,2,2,EA,CT,1,True,2
1285,1,1,2,EA,CT,0,False,1
1290,1,1,1,EA,CT,1,True,1
1347,1,1,1,EA,CT,1,True,1
1352,2,2,2,EA,CT,1,True,2
1363,2,2,2,EA,CT,1,True,2
1421,1,1,1,EA,CT,1,True,1
1434,2,2,2,EA,CT,1,True,2
1481,1,1,1,EA,CT,1,True,1
1545,1,1,1,EA,CT,1,True,1
1552,1,1,1,EA,CT,1,True,1
1573,1,1,1,EA,CT,1,True,1
1656,2,2,2,EA,CT,1,True,2
1687,1,1,1,EA,CT,1,True,1
1707,2,2,2,EA,CT,1,True,2
1733,2,2,2,EA,CT,1,True,2
1735,2,2,2,EA,CT,1,True,2
1755,2,2,2,EA,CT,1,True,2
1808,2,2,2,EA,CT,1,True,2
1814,2,2,2,EA,CT,1,True,2
1819,2,2,2,EA,CT,1,True,2
1822,1,1,1,EA,CT,1,True,1
1823,1,1,1,EA,CT,1,True,1
1862,2,1,1,EA,CT,0,False,2
2004,2,2,2,EA,CT,1,True,2
2039,2,2,2,EA,CT,1,True,2
2055,1,1,1,EA,CT,1,True,1
2068,2,2,2,EA,CT,1,True,2
2081,1,1,1,EA,CT,1,True,1
2155,2,2,2,EA,CT,1,True,2
2170,1,1,2,EA,CT,0,False,1
2221,2,2,2,EA,CT,1,True,2
2288,2,2,2,EA,CT,1,True,2
2375,2,2,2,EA,CT,1,True,2
2379,2,1,1,EA,CT,0,False,2
2408,1,1,1,EA,CT,1,True,1
2426,2,2,2,EA,CT,1,True,2
2584,2,2,2,EA,CT,1,True,2
2585,1,1,1,EA,CT,1,True,1
2599,2,2,2,EA,CT,1,True,2
2600,1,1,1,EA,CT,1,True,1
2732,2,2,2,EA,CT,1,True,2
2844,1,1,1,EA,CT,1,True,1
2891,2,2,2,EA,CT,1,True,2
2932,2,2,2,EA,CT,1,True,2
2983,1,1,1,EA,CT,1,True,1
3056,1,1,1,EA,CT,1,True,1
3081,1,1,1,EA,CT,1,True,1
3102,1,1,1,EA,CT,1,True,1
3191,1,1,1,EA,CT,1,True,1
3230,1,1,1,EA,CT,1,True,1
3297,1,1,1,EA,CT,1,True,1
3363,1,1,1,EA,CT,1,True,1
3367,2,2,2,EA,CT,1,True,2
3385,1,1,1,EA,CT,1,True,1
3400,2,2,2,EA,CT,1,True,2
3418,1,1,1,EA,CT,1,True,1
3429,2,2,2,EA,CT,1,True,2
3440,1,1,1,EA,CT,1,True,1
3512,2,2,2,EA,CT,1,True,2
3524,1,1,1,EA,CT,1,True,1
3567,1,1,1,EA,CT,1,True,1
3631,2,2,2,EA,CT,1,True,2
3811,1,2,2,EA,CT,0,False,1
3824,1,1,1,EA,CT,1,True,1
3839,1,1,1,EA,CT,1,True,1
3867,1,1,1,EA,CT,1,True,1
3868,2,2,2,EA,CT,1,True,2
3912,2,2,2,EA,CT,1,True,2
3929,1,1,1,EA,CT,1,True,1
3954,2,2,2,EA,CT,1,True,2
3971,2,2,2,EA,CT,1,True,2
3979,2,2,2,EA,CT,1,True,2
4011,1,2,1,EA,CT,0,False,1
4017,1,1,1,EA,CT,1,True,1
4066,2,2,2,EA,CT,1,True,2
4087,2,2,2,EA,CT,1,True,2
4153,2,2,2,EA,CT,1,True,2
4182,1,2,1,EA,CT,0,False,1
4187,1,1,1,EA,CT,1,True,1
4207,1,1,1,EA,CT,1,True,1
4211,1,1,1,EA,CT,1,True,1
4303,1,1,1,EA,CT,1,True,1
4314,1,1,1,EA,CT,1,True,1
4339,2,2,2,EA,CT,1,True,2
4348,2,2,2,EA,CT,1,True,2
4447,1,1,1,EA,CT,1,True,1
4462,1,1,1,EA,CT,1,True,1
4591,1,1,1,EA,CT,1,True,1
4624,2,2,2,EA,CT,1,True,2
4651,2,2,2,EA,CT,1,True,2
4652,1,1,1,EA,CT,1,True,1
4663,1,1,1,EA,CT,1,True,1
4706,2,2,2,EA,CT,1,True,2
4716,1,1,1,EA,CT,1,True,1
4744,2,2,2,EA,CT,1,True,2
4767,1,1,1,EA,CT,1,True,1
4795,1,1,1,EA,CT,1,True,1
4797,1,1,1,EA,CT,1,True,1
4812,2,2,2,EA,CT,1,True,2
4827,2,2,2,EA,CT,1,True,2
4829,2,2,2,EA,CT,1,True,2
4851,2,2,2,EA,CT,1,True,2
4856,1,1,1,EA,CT,1,True,1
4865,1,1,1,EA,CT,1,True,1
4871,1,1,1,EA,CT,1,True,1
4927,2,2,2,EA,CT,1,True,2
4937,2,2,1,EA,CT,0,False,2
5006,1,2,2,EA,CT,0,False,1
5009,1,1,1,EA,CT,1,True,1
5024,1,1,1,EA,CT,1,True,1
5070,1,1,1,EA,CT,1,True,1
5086,2,2,2,EA,CT,1,True,2
5105,2,2,2,EA,CT,1,True,2
5119,1,1,1,EA,CT,1,True,1
5120,2,2,2,EA,CT,1,True,2
5159,1,1,1,EA,CT,1,True,1
5406,1,1,1,EA,CT,1,True,1
5424,2,2,2,EA,CT,1,True,2
5475,2,2,2,EA,CT,1,True,2
5499,1,1,1,EA,CT,1,True,1
5570,1,1,1,EA,CT,1,True,1
5586,2,2,2,EA,CT,1,True,2
5619,2,2,2,EA,CT,1,True,2
5651,1,1,1,EA,CT,1,True,1
5741,2,2,2,EA,CT,1,True,2
5797,2,2,2,EA,CT,1,True,2
5824,2,2,2,EA,CT,1,True,2
5829,1,1,1,EA,CT,1,True,1
5834,1,1,1,EA,CT,1,True,1
5906,2,2,2,EA,CT,1,True,2
5913,2,2,2,EA,CT,1,True,2
5938,2,2,2,EA,CT,1,True,2
5957,2,2,2,EA,CT,1,True,2
5998,2,2,2,EA,CT,1,True,2
6010,2,2,2,EA,CT,1,True,2
6059,2,2,2,EA,CT,1,True,2
6111,1,1,1,EA,CT,1,True,1
6137,1,1,1,EA,CT,1,True,1
6156,1,1,1,EA,CT,1,True,1
6252,1,1,1,EA,CT,1,True,1
6253,2,2,2,EA,CT,1,True,2
6255,2,2,2,EA,CT,1,True,2
6295,1,1,1,EA,CT,1,True,1
6347,1,1,1,EA,CT,1,True,1
6374,1,1,1,EA,CT,1,True,1
6420,1,1,1,EA,CT,1,True,1
6452,1,1,1,EA,CT,1,True,1
6465,1,1,1,EA,CT,1,True,1
6484,2,2,2,EA,CT,1,True,2
6488,1,1,1,EA,CT,1,True,1
6519,2,2,1,EA,CT,0,False,2
6527,1,1,1,EA,CT,1,True,1
6595,1,1,1,EA,CT,1,True,1
6631,1,1,1,EA,CT,1,True,1
6692,2,1,1,EA,CT,0,False,2
6715,2,2,2,EA,CT,1,True,2
6728,1,1,1,EA,CT,1,True,1
6756,2,2,2,EA,CT,1,True,2
6812,1,1,1,EA,CT,1,True,1
6824,1,1,1,EA,CT,1,True,1
6826,2,1,1,EA,CT,0,False,2
6842,1,1,1,EA,CT,1,True,1
6867,1,1,1,EA,CT,1,True,1
6868,2,2,2,EA,CT,1,True,2
6899,2,2,2,EA,CT,1,True,2
6965,1,1,1,EA,CT,1,True,1
6977,2,2,2,EA,CT,1,True,2
6991,1,1,1,EA,CT,1,True,1
7001,2,2,2,EA,CT,1,True,2
7004,1,1,1,EA,CT,1,True,1
7042,2,2,2,EA,CT,1,True,2
7070,2,2,2,EA,CT,1,True,2
7096,1,1,1,EA,CT,1,True,1
7099,1,1,1,EA,CT,1,True,1
7194,2,2,2,EA,CT,1,True,2
7220,2,2,2,EA,CT,1,True,2
7235,2,2,2,EA,CT,1,True,2
7313,2,2,2,EA,CT,1,True,2
7387,1,1,1,EA,CT,1,True,1
7407,1,1,1,EA,CT,1,True,1
7430,2,2,2,EA,CT,1,True,2
7439,1,1,1,EA,CT,1,True,1
7451,2,2,2,EA,CT,1,True,2
7498,2,2,2,EA,CT,1,True,2
7550,1,1,1,EA,CT,1,True,1
7553,2,2,2,EA,CT,1,True,2
7555,1,1,1,EA,CT,1,True,1
7581,2,2,2,EA,CT,1,True,2
7599,2,2,2,EA,CT,1,True,2
7631,1,1,1,EA,CT,1,True,1
7654,1,1,1,EA,CT,1,True,1
7687,1,1,1,EA,CT,1,True,1
7723,1,1,1,EA,CT,1,True,1
7756,1,1,1,EA,CT,1,True,1
7832,2,2,2,EA,CT,1,True,2
7887,1,1,1,EA,CT,1,True,1
7894,1,1,1,EA,CT,1,True,1
7915,2,2,2,EA,CT,1,True,2
7949,1,2,1,EA,CT,0,False,1
7966,1,1,1,EA,CT,1,True,1
7972,1,1,1,EA,CT,1,True,1
7992,1,1,1,EA,CT,1,True,1
8015,2,2,2,EA,CT,1,True,2
8033,1,1,1,EA,CT,1,True,1
8139,1,1,1,EA,CT,1,True,1
8217,1,1,1,EA,CT,1,True,1
8268,1,1,1,EA,CT,1,True,1
8339,1,1,1,EA,CT,1,True,1
8366,2,2,2,EA,CT,1,True,2
8444,1,1,1,EA,CT,1,True,1
8477,1,1,1,EA,CT,1,True,1
8580,2,2,2,EA,CT,1,True,2
8614,1,1,1,EA,CT,1,True,1
8630,2,2,2,EA,CT,1,True,2
8637,1,1,1,EA,CT,1,True,1
8672,1,1,1,EA,CT,1,True,1
8800,1,1,1,EA,CT,1,True,1
8816,2,2,2,EA,CT,1,True,2
8902,2,2,2,EA,CT,1,True,2
8923,2,2,2,EA,CT,1,True,2
8948,1,1,1,EA,CT,1,True,1
8993,1,1,1,EA,CT,1,True,1
9004,1,1,1,EA,CT,1,True,1
9089,2,2,2,EA,CT,1,True,2
9102,2,2,2,EA,CT,1,True,2
9120,1,1,1,EA,CT,1,True,1
9134,2,2,2,EA,CT,1,True,2
9246,2,2,2,EA,CT,1,True,2
9268,1,1,1,EA,CT,1,True,1
9324,2,2,2,EA,CT,1,True,2
9325,1,1,1,EA,CT,1,True,1
9349,2,2,2,EA,CT,1,True,2
9357,2,2,2,EA,CT,1,True,2
9417,1,1,1,EA,CT,1,True,1
9459,1,1,1,EA,CT,1,True,1
9465,1,1,1,EA,CT,1,True,1
9469,2,2,2,EA,CT,1,True,2
9473,2,2,2,EA,CT,1,True,2
9485,2,2,2,EA,CT,1,True,2
9544,2,1,1,EA,CT,0,False,2
9595,1,1,1,EA,CT,1,True,1
9632,2,2,2,EA,CT,1,True,2
9635,2,2,2,EA,CT,1,True,2
9677,2,2,2,EA,CT,1,True,2
9715,1,1,1,EA,CT,1,True,1
9724,1,1,1,EA,CT,1,True,1
9774,2,2,2,EA,CT,1,True,2
9796,1,1,1,EA,CT,1,True,1
9892,2,2,2,EA,CT,1,True,2
9899,1,1,1,EA,CT,1,True,1
9907,1,1,2,EA,CT,0,False,1
9934,1,1,1,EA,CT,1,True,1
9955,1,1,1,EA,CT,1,True,1
9987,1,1,1,EA,CT,1,True,1
10022,1,1,1,EA,CT,1,True,1
10156,1,1,1,EA,CT,1,True,1
10163,1,1,1,EA,CT,1,True,1
10174,1,1,1,EA,CT,1,True,1
10187,2,2,2,EA,CT,1,True,2
10189,2,2,1,EA,CT,0,False,2
10210,1,1,1,EA,CT,1,True,1
10301,1,1,1,EA,CT,1,True,1
10328,1,1,1,EA,CT,1,True,1
10330,2,2,2,EA,CT,1,True,2
10361,1,1,1,EA,CT,1,True,1
10375,1,1,1,EA,CT,1,True,1
10400,1,1,1,EA,CT,1,True,1
10423,2,2,2,EA,CT,1,True,2
10434,1,1,1,EA,CT,1,True,1
10450,2,2,2,EA,CT,1,True,2
10566,2,2,2,EA,CT,1,True,2
10600,1,1,1,EA,CT,1,True,1
10610,2,2,2,EA,CT,1,True,2
10621,2,2,2,EA,CT,1,True,2
10626,2,2,2,EA,CT,1,True,2
10634,2,2,2,EA,CT,1,True,2
10713,1,1,1,EA,CT,1,True,1
10771,2,2,2,EA,CT,1,True,2
10803,2,2,2,EA,CT,1,True,2
10910,2,2,2,EA,CT,1,True,2
10954,2,2,2,EA,CT,1,True,2
10978,1,1,1,EA,CT,1,True,1
11024,2,2,2,EA,CT,1,True,2
11101,1,1,2,EA,CT,0,False,1
11102,1,1,1,EA,CT,1,True,1
11112,2,2,2,EA,CT,1,True,2
11120,2,2,2,EA,CT,1,True,2
11132,1,1,1,EA,CT,1,True,1
11189,2,2,2,EA,CT,1,True,2
11241,1,1,1,EA,CT,1,True,1
11264,2,2,2,EA,CT,1,True,2
11283,2,2,2,EA,CT,1,True,2
11511,2,2,2,EA,CT,1,True,2
11514,1,1,1,EA,CT,1,True,1
11523,2,2,2,EA,CT,1,True,2
11525,1,1,1,EA,CT,1,True,1
11553,1,1,1,EA,CT,1,True,1
11596,1,1,1,EA,CT,1,True,1
11603,1,1,1,EA,CT,1,True,1
11617,2,2,2,EA,CT,1,True,2
11630,1,1,1,EA,CT,1,True,1
11647,1,1,1,EA,CT,1,True,1
11742,2,2,2,EA,CT,1,True,2
11786,1,1,1,EA,CT,1,True,1
11850,2,2,2,EA,CT,1,True,2
11870,1,1,1,EA,CT,1,True,1
11874,1,1,1,EA,CT,1,True,1
11930,1,1,1,EA,CT,1,True,1
11935,2,2,2,EA,CT,1,True,2
11967,1,1,1,EA,CT,1,True,1
12012,2,2,2,EA,CT,1,True,2
12074,1,1,1,EA,CT,1,True,1
12143,2,2,2,EA,CT,1,True,2
12151,1,1,1,EA,CT,1,True,1
12153,1,1,1,EA,CT,1,True,1
12219,1,1,1,EA,CT,1,True,1
12271,2,2,2,EA,CT,1,True,2
12284,1,1,2,EA,CT,0,False,1
12285,1,1,1,EA,CT,1,True,1
12301,1,2,1,EA,CT,0,False,1
12305,1,1,1,EA,CT,1,True,1
12323,1,1,1,EA,CT,1,True,1
12429,2,2,2,EA,CT,1,True,2
12472,2,2,2,EA,CT,1,True,2
12486,2,1,2,EA,CT,0,False,2
12494,1,1,1,EA,CT,1,True,1
12627,2,2,2,EA,CT,1,True,2
12645,1,1,1,EA,CT,1,True,1
12732,1,1,1,EA,CT,1,True,1
12798,2,2,2,EA,CT,1,True,2
12830,2,2,2,EA,CT,1,True,2
12860,2,2,2,EA,CT,1,True,2
12896,1,1,1,EA,CT,1,True,1
12903,2,2,2,EA,CT,1,True,2
12926,2,2,2,EA,CT,1,True,2
12936,2,2,2,EA,CT,1,True,2
12948,2,2,2,EA,CT,1,True,2
12975,2,2,2,EA,CT,1,True,2
12998,1,2,1,EA,CT,0,False,1
13035,1,1,1,EA,CT,1,True,1
13050,2,2,2,EA,CT,1,True,2
13061,2,2,2,EA,CT,1,True,2
13113,2,2,2,EA,CT,1,True,2
13115,1,1,1,EA,CT,1,True,1
13137,2,2,2,EA,CT,1,True,2
13141,1,1,1,EA,CT,1,True,1
13200,1,1,1,EA,CT,1,True,1
13227,2,2,2,EA,CT,1,True,2
13300,2,2,1,EA,CT,0,False,2
13319,1,1,1,EA,CT,1,True,1
13334,1,1,1,EA,CT,1,True,1
13384,1,1,1,EA,CT,1,True,1
13400,1,1,1,EA,CT,1,True,1
13447,2,2,2,EA,CT,1,True,2
13469,2,2,2,EA,CT,1,True,2
13484,2,2,2,EA,CT,1,True,2
13518,2,2,2,EA,CT,1,True,2
13531,1,1,1,EA,CT,1,True,1
13562,2,2,2,EA,CT,1,True,2
13726,2,2,2,EA,CT,1,True,2
13785,1,1,1,EA,CT,1,True,1
13843,2,2,2,EA,CT,1,True,2
13864,2,2,2,EA,CT,1,True,2
13874,1,1,1,EA,CT,1,True,1
13920,1,1,1,EA,CT,1,True,1
13923,1,1,1,EA,CT,1,True,1
13996,1,1,1,EA,CT,1,True,1
14011,2,2,2,EA,CT,1,True,2
14047,2,2,2,EA,CT,1,True,2
14055,2,2,2,EA,CT,1,True,2
14074,2,2,2,EA,CT,1,True,2
14137,2,2,2,EA,CT,1,True,2
14139,2,2,2,EA,CT,1,True,2
14224,1,2,1,EA,CT,0,False,1
14259,1,1,1,EA,CT,1,True,1
14300,1,1,1,EA,CT,1,True,1
14325,1,1,1,EA,CT,1,True,1
14408,1,1,1,EA,CT,1,True,1
14410,1,1,1,EA,CT,1,True,1
14469,1,1,1,EA,CT,1,True,1
14488,1,1,1,EA,CT,1,True,1
14532,2,2,2,EA,CT,1,True,2
14550,2,2,2,EA,CT,1,True,2
14557,1,1,1,EA,CT,1,True,1
14581,2,2,2,EA,CT,1,True,2
14617,2,2,2,EA,CT,1,True,2
14707,1,1,1,EA,CT,1,True,1
14759,2,2,2,EA,CT,1,True,2
14793,1,1,1,EA,CT,1,True,1
14796,2,2,2,EA,CT,1,True,2
14818,1,1,1,EA,CT,1,True,1
14845,2,2,2,EA,CT,1,True,2
14858,2,2,2,EA,CT,1,True,2
14868,1,1,1,EA,CT,1,True,1
14900,1,1,1,EA,CT,1,True,1
14932,2,2,2,EA,CT,1,True,2
14970,2,2,2,EA,CT,1,True,2
14988,2,2,2,EA,CT,1,True,2
15035,1,1,1,EA,CT,1,True,1
15066,2,2,2,EA,CT,1,True,2
15131,1,1,1,EA,CT,1,True,1
15133,2,2,2,EA,CT,1,True,2
15176,2,2,2,EA,CT,1,True,2
15189,1,1,1,EA,CT,1,True,1
15254,1,1,1,EA,CT,1,True,1
15290,1,1,1,EA,CT,1,True,1
15363,2,2,2,EA,CT,1,True,2
15452,2,2,2,EA,CT,1,True,2
15473,2,2,2,EA,CT,1,True,2
15535,2,2,2,EA,CT,1,True,2
15538,1,1,1,EA,CT,1,True,1
15555,2,2,2,EA,CT,1,True,2
15585,2,2,2,EA,CT,1,True,2
15614,2,2,2,EA,CT,1,True,2
15620,2,2,2,EA,CT,1,True,2
15693,2,2,1,EA,CT,0,False,2
15721,2,2,2,EA,CT,1,True,2
15735,1,1,1,EA,CT,1,True,1
15770,2,2,1,EA,CT,0,False,2
15799,2,2,2,EA,CT,1,True,2
15810,1,1,1,EA,CT,1,True,1
15822,1,1,1,EA,CT,1,True,1
15883,1,1,1,EA,CT,1,True,1
15894,2,2,1,EA,CT,0,False,2
15938,1,1,1,EA,CT,1,True,1
15980,2,2,2,EA,CT,1,True,2
16011,1,1,1,EA,CT,1,True,1
16114,1,1,1,EA,CT,1,True,1
16120,1,1,1,EA,CT,1,True,1
16170,2,2,2,EA,CT,1,True,2
16174,1,1,1,EA,CT,1,True,1
16204,1,1,1,EA,CT,1,True,1
16212,2,2,2,EA,CT,1,True,2
16213,1,1,1,EA,CT,1,True,1
16230,1,1,1,EA,CT,1,True,1
16264,1,1,1,EA,CT,1,True,1
16339,1,1,1,EA,CT,1,True,1
16355,2,2,2,EA,CT,1,True,2
16386,1,1,1,EA,CT,1,True,1
16398,1,1,1,EA,CT,1,True,1
16457,1,1,1,EA,CT,1,True,1
16521,1,1,2,EA,CT,0,False,1
16572,1,1,1,EA,CT,1,True,1
16600,1,1,1,EA,CT,1,True,1
16614,1,1,1,EA,CT,1,True,1
16642,1,1,1,EA,CT,1,True,1
16731,1,1,1,EA,CT,1,True,1
16801,2,2,2,EA,CT,1,True,2
16845,1,1,1,EA,CT,1,True,1
16858,2,2,2,EA,CT,1,True,2
16891,1,1,1,EA,CT,1,True,1
16903,1,1,1,EA,CT,1,True,1
16977,1,1,1,EA,CT,1,True,1
17002,2,2,2,EA,CT,1,True,2
17048,1,1,1,EA,CT,1,True,1
17079,2,2,2,EA,CT,1,True,2
17082,2,2,2,EA,CT,1,True,2
17121,2,2,2,EA,CT,1,True,2
17165,2,2,2,EA,CT,1,True,2
17212,1,1,1,EA,CT,1,True,1
17227,1,2,1,EA,CT,0,False,1
17241,2,2,2,EA,CT,1,True,2
17280,2,2,2,EA,CT,1,True,2
17322,1,1,1,EA,CT,1,True,1
17355,2,2,2,EA,CT,1,True,2
17361,1,1,2,EA,CT,0,False,1
17364,2,2,2,EA,CT,1,True,2
17386,2,2,2,EA,CT,1,True,2
17423,2,2,2,EA,CT,1,True,2
17455,1,1,1,EA,CT,1,True,1
17468,1,1,1,EA,CT,1,True,1
17475,1,1,1,EA,CT,1,True,1
17553,1,1,1,EA,CT,1,True,1
17585,2,1,2,EA,CT,0,False,2
17693,1,1,1,EA,CT,1,True,1
17744,2,2,2,EA,CT,1,True,2
17746,2,2,2,EA,CT,1,True,2
17792,1,1,1,EA,CT,1,True,1
17806,2,2,2,EA,CT,1,True,2
17841,2,2,2,EA,CT,1,True,2
17877,1,1,1,EA,CT,1,True,1
17885,2,2,2,EA,CT,1,True,2
17914,1,2,2,EA,CT,0,False,1
17929,2,1,2,EA,CT,0,False,2
17963,2,2,2,EA,CT,1,True,2
18223,2,2,1,EA,CT,0,False,2
18290,1,1,1,EA,CT,1,True,1
18337,1,1,1,EA,CT,1,True,1
18550,2,2,2,EA,CT,1,True,2
18553,1,1,1,EA,CT,1,True,1
18597,1,1,1,EA,CT,1,True,1
18613,2,2,2,EA,CT,1,True,2
18630,2,2,2,EA,CT,1,True,2
18631,1,1,1,EA,CT,1,True,1
18643,1,1,1,EA,CT,1,True,1
18652,1,1,1,EA,CT,1,True,1
18656,2,2,2,EA,CT,1,True,2
18670,1,1,1,EA,CT,1,True,1
18805,1,1,1,EA,CT,1,True,1
18806,1,1,1,EA,CT,1,True,1
18820,1,1,1,EA,CT,1,True,1
18839,2,2,2,EA,CT,1,True,2
18874,1,1,1,EA,CT,1,True,1
18886,1,1,1,EA,CT,1,True,1
18935,1,1,1,EA,CT,1,True,1
18961,1,2,2,EA,CT,0,False,1
18970,1,1,1,EA,CT,1,True,1
18998,2,2,2,EA,CT,1,True,2
19036,2,2,2,EA,CT,1,True,2
19045,2,2,2,EA,CT,1,True,2
19113,2,1,2,EA,CT,0,False,2
19164,2,2,2,EA,CT,1,True,2
19267,2,2,2,EA,CT,1,True,2
19295,1,1,1,EA,CT,1,True,1
19331,2,2,2,EA,CT,1,True,2
19341,1,1,1,EA,CT,1,True,1
19363,1,1,1,EA,CT,1,True,1
19383,1,1,1,EA,CT,1,True,1
19385,2,2,2,EA,CT,1,True,2
19395,2,2,2,EA,CT,1,True,2
19486,2,2,2,EA,CT,1,True,2
19496,2,2,2,EA,CT,1,True,2
19519,2,2,2,EA,CT,1,True,2
19532,1,1,1,EA,CT,1,True,1
19538,1,1,1,EA,CT,1,True,1
19593,2,2,2,EA,CT,1,True,2
19599,2,2,2,EA,CT,1,True,2
19643,1,1,1,EA,CT,1,True,1
19686,1,1,1,EA,CT,1,True,1
19738,1,1,1,EA,CT,1,True,1
19794,1,1,1,EA,CT,1,True,1
19811,1,1,1,EA,CT,1,True,1
19826,1,1,1,EA,CT,1,True,1
19830,2,2,2,EA,CT,1,True,2
19839,2,2,2,EA,CT,1,True,2
19854,2,2,2,EA,CT,1,True,2
19900,2,2,2,EA,CT,1,True,2
19915,1,1,1,EA,CT,1,True,1
19967,1,1,1,EA,CT,1,True,1
19968,2,2,2,EA,CT,1,True,2
20031,1,1,1,EA,CT,1,True,1
20132,1,1,1,EA,CT,1,True,1
20184,1,1,1,EA,CT,1,True,1
20195,1,1,1,EA,CT,1,True,1
20270,1,1,1,EA,CT,1,True,1
20283,2,1,1,EA,CT,0,False,2
20299,2,2,2,EA,CT,1,True,2
20338,1,1,1,EA,CT,1,True,1
20351,1,1,1,EA,CT,1,True,1
20380,2,2,2,EA,CT,1,True,2
20407,1,1,2,EA,CT,0,False,1
20420,1,1,1,EA,CT,1,True,1
20422,1,1,1,EA,CT,1,True,1
20431,1,1,1,EA,CT,1,True,1
20443,1,1,1,EA,CT,1,True,1
20446,2,2,2,EA,CT,1,True,2
20465,1,1,1,EA,CT,1,True,1
20467,2,2,2,EA,CT,1,True,2
20504,2,2,2,EA,CT,1,True,2
20528,1,1,1,EA,CT,1,True,1
20542,1,1,1,EA,CT,1,True,1
20549,1,1,1,EA,CT,1,True,1
20609,1,1,1,EA,CT,1,True,1
20666,1,1,1,EA,CT,1,True,1
20677,1,1,1,EA,CT,1,True,1
20685,2,2,2,EA,CT,1,True,2
20716,1,1,2,EA,CT,0,False,1
20717,2,2,1,EA,CT,0,False,2
20839,2,2,2,EA,CT,1,True,2
20853,1,1,1,EA,CT,1,True,1
20869,2,2,2,EA,CT,1,True,2
20890,2,2,2,EA,CT,1,True,2
20895,1,1,1,EA,CT,1,True,1
20964,1,1,1,EA,CT,1,True,1
20971,2,2,2,EA,CT,1,True,2
21016,1,1,1,EA,CT,1,True,1
21051,2,2,2,EA,CT,1,True,2
21067,2,2,2,EA,CT,1,True,2
21074,1,1,1,EA,CT,1,True,1
21098,2,2,2,EA,CT,1,True,2
21130,2,2,2,EA,CT,1,True,2
21158,1,1,1,EA,CT,1,True,1
21165,1,1,1,EA,CT,1,True,1
21167,1,1,1,EA,CT,1,True,1
21173,1,1,1,EA,CT,1,True,1
21180,2,2,2,EA,CT,1,True,2
21203,2,2,2,EA,CT,1,True,2
21210,1,1,1,EA,CT,1,True,1
21328,1,1,1,EA,CT,1,True,1
21399,1,1,1,EA,CT,1,True,1
21509,2,2,2,EA,CT,1,True,2
21544,2,2,2,EA,CT,1,True,2
21598,1,2,2,EA,CT,0,False,1
21599,1,1,1,EA,CT,1,True,1
21606,2,2,2,EA,CT,1,True,2
21608,1,2,1,EA,CT,0,False,1
21629,1,1,1,EA,CT,1,True,1
21630,2,2,2,EA,CT,1,True,2
21666,2,2,2,EA,CT,1,True,2
21691,1,1,1,EA,CT,1,True,1
21847,2,2,2,EA,CT,1,True,2
21910,2,2,2,EA,CT,1,True,2
21935,1,1,1,EA,CT,1,True,1
21961,1,2,1,EA,CT,0,False,1
21976,1,1,1,EA,CT,1,True,1
21987,2,2,2,EA,CT,1,True,2
22043,2,2,2,EA,CT,1,True,2
22052,1,1,1,EA,CT,1,True,1
22065,1,1,1,EA,CT,1,True,1
22066,2,2,2,EA,CT,1,True,2
22090,1,1,1,EA,CT,1,True,1
22126,2,2,2,EA,CT,1,True,2
22166,2,2,2,EA,CT,1,True,2
22184,2,2,2,EA,CT,1,True,2
22189,2,2,2,EA,CT,1,True,2
22194,2,2,2,EA,CT,1,True,2
22266,1,1,1,EA,CT,1,True,1
22314,2,2,1,EA,CT,0,False,2
22356,2,2,2,EA,CT,1,True,2
22467,2,2,2,EA,CT,1,True,2
22679,1,1,1,EA,CT,1,True,1
22707,2,2,2,EA,CT,1,True,2
22767,2,2,2,EA,CT,1,True,2
22770,1,1,1,EA,CT,1,True,1
22814,1,1,1,EA,CT,1,True,1
22819,2,2,2,EA,CT,1,True,2
22833,1,1,1,EA,CT,1,True,1
22849,2,2,2,EA,CT,1,True,2
22966,2,2,2,EA,CT,1,True,2
23023,1,1,1,EA,CT,1,True,1
23052,1,1,1,EA,CT,1,True,1
23089,1,1,1,EA,CT,1,True,1
23103,1,2,2,EA,CT,0,False,1
23104,2,2,2,EA,CT,1,True,2
23128,1,1,1,EA,CT,1,True,1
23200,1,1,1,EA,CT,1,True,1
23313,2,2,2,EA,CT,1,True,2
23322,1,1,1,EA,CT,1,True,1
23323,2,1,2,EA,CT,0,False,2
23404,2,2,2,EA,CT,1,True,2
23415,2,2,2,EA,CT,1,True,2
23440,2,2,2,EA,CT,1,True,2
23453,2,2,2,EA,CT,1,True,2
23505,1,1,1,EA,CT,1,True,1
23514,2,2,2,EA,CT,1,True,2
23524,1,1,1,EA,CT,1,True,1
23530,2,2,2,EA,CT,1,True,2
23534,1,1,1,EA,CT,1,True,1
23574,1,1,1,EA,CT,1,True,1
23584,1,1,1,EA,CT,1,True,1
23605,1,1,1,EA,CT,1,True,1
23620,2,2,2,EA,CT,1,True,2
23648,2,2,2,EA,CT,1,True,2
23699,2,2,2,EA,CT,1,True,2
23713,2,2,2,EA,CT,1,True,2
23779,1,1,1,EA,CT,1,True,1
23871,1,1,1,EA,CT,1,True,1
23873,1,1,1,EA,CT,1,True,1
23901,1,1,1,EA,CT,1,True,1
24026,2,2,2,EA,CT,1,True,2
24163,1,1,1,EA,CT,1,True,1
24174,2,2,2,EA,CT,1,True,2
24223,1,1,1,EA,CT,1,True,1
24260,2,2,2,EA,CT,1,True,2
24291,2,2,2,EA,CT,1,True,2
24304,1,1,1,EA,CT,1,True,1
24334,2,2,2,EA,CT,1,True,2
24405,2,2,2,EA,CT,1,True,2
24408,1,1,1,EA,CT,1,True,1
24500,2,1,2,EA,CT,0,False,2
24502,2,2,2,EA,CT,1,True,2
24541,2,2,2,EA,CT,1,True,2
24573,1,1,1,EA,CT,1,True,1
24577,1,1,1,EA,CT,1,True,1
24637,2,2,2,EA,CT,1,True,2
24673,2,2,2,EA,CT,1,True,2
24706,1,1,1,EA,CT,1,True,1
24740,2,2,2,EA,CT,1,True,2
24774,2,2,2,EA,CT,1,True,2
24836,1,1,1,EA,CT,1,True,1
24871,1,1,1,EA,CT,1,True,1
24902,2,2,2,EA,CT,1,True,2
24959,1,1,1,EA,CT,1,True,1
24975,1,1,1,EA,CT,1,True,1
24995,1,1,1,EA,CT,1,True,1
25015,2,1,1,EA,CT,0,False,2
25038,1,1,1,EA,CT,1,True,1
25109,2,2,2,EA,CT,1,True,2
25137,1,1,1,EA,CT,1,True,1
25155,1,1,1,EA,CT,1,True,1
25239,2,2,2,EA,CT,1,True,2
25270,1,1,1,EA,CT,1,True,1
25302,2,2,2,EA,CT,1,True,2
25337,1,1,1,EA,CT,1,True,1
25348,1,1,1,EA,CT,1,True,1
25369,2,2,2,EA,CT,1,True,2
25380,1,1,1,EA,CT,1,True,1
25416,1,1,1,EA,CT,1,True,1
25435,1,1,1,EA,CT,1,True,1
25447,1,1,1,EA,CT,1,True,1
25448,2,2,2,EA,CT,1,True,2
25471,2,2,2,EA,CT,1,True,2
25523,2,2,2,EA,CT,1,True,2
25591,2,2,1,EA,CT,0,False,2
25650,1,1,1,EA,CT,1,True,1
25690,1,1,1,EA,CT,1,True,1
25698,2,2,2,EA,CT,1,True,2
25856,1,1,1,EA,CT,1,True,1
25868,1,1,1,EA,CT,1,True,1
25990,2,2,2,EA,CT,1,True,2
26032,1,1,1,EA,CT,1,True,1
26129,2,2,2,EA,CT,1,True,2
26161,1,1,1,EA,CT,1,True,1
26178,1,2,1,EA,CT,0,False,1
26211,2,2,2,EA,CT,1,True,2
26281,2,2,2,EA,CT,1,True,2
26287,2,2,2,EA,CT,1,True,2
26292,1,1,1,EA,CT,1,True,1
26302,1,1,1,EA,CT,1,True,1
26321,2,2,2,EA,CT,1,True,2
26337,1,1,1,EA,CT,1,True,1
26345,1,1,1,EA,CT,1,True,1
26480,2,2,2,EA,CT,1,True,2
26492,1,2,2,EA,CT,0,False,1
26528,1,1,1,EA,CT,1,True,1
26546,1,1,1,EA,CT,1,True,1
26556,1,1,1,EA,CT,1,True,1
26575,2,1,1,EA,CT,0,False,2
26678,2,2,2,EA,CT,1,True,2
26714,2,2,2,EA,CT,1,True,2
26831,1,1,1,EA,CT,1,True,1
26865,2,2,2,EA,CT,1,True,2
26878,2,2,2,EA,CT,1,True,2
26995,1,1,1,EA,CT,1,True,1
27029,2,2,2,EA,CT,1,True,2
27088,1,1,1,EA,CT,1,True,1
27101,1,1,1,EA,CT,1,True,1
27117,1,1,1,EA,CT,1,True,1
27271,1,1,1,EA,CT,1,True,1
27395,2,2,2,EA,CT,1,True,2
27431,2,2,2,EA,CT,1,True,2
27497,1,1,1,EA,CT,1,True,1
27524,2,2,2,EA,CT,1,True,2
27558,2,2,2,EA,CT,1,True,2
27610,2,2,2,EA,CT,1,True,2
27668,2,2,2,EA,CT,1,True,2
27688,2,2,2,EA,CT,1,True,2
27740,2,2,2,EA,CT,1,True,2
27786,2,2,2,EA,CT,1,True,2
27828,2,2,2,EA,CT,1,True,2
27904,2,2,2,EA,CT,1,True,2
27910,2,2,2,EA,CT,1,True,2
27911,2,2,2,EA,CT,1,True,2
28011,2,2,2,EA,CT,1,True,2
28019,1,1,1,EA,CT,1,True,1
28051,2,2,2,EA,CT,1,True,2
28057,1,1,1,EA,CT,1,True,1
28067,1,1,1,EA,CT,1,True,1
28114,2,2,2,EA,CT,1,True,2
28222,2,2,2,EA,CT,1,True,2
28262,2,2,2,EA,CT,1,True,2
28271,1,1,1,EA,CT,1,True,1
28339,1,1,1,EA,CT,1,True,1
28341,1,1,1,EA,CT,1,True,1
28365,2,2,2,EA,CT,1,True,2
28463,2,2,2,EA,CT,1,True,2
28490,1,1,1,EA,CT,1,True,1
28550,1,1,1,EA,CT,1,True,1
28574,2,2,2,EA,CT,1,True,2
28656,2,2,2,EA,CT,1,True,2
28674,2,2,2,EA,CT,1,True,2
28728,1,1,1,EA,CT,1,True,1
28789,2,2,2,EA,CT,1,True,2
28790,2,1,2,EA,CT,0,False,2
28814,2,2,2,EA,CT,1,True,2
28822,2,2,2,EA,CT,1,True,2
28963,1,1,1,EA,CT,1,True,1
29070,2,2,2,EA,CT,1,True,2
29105,2,2,2,EA,CT,1,True,2
29132,1,1,1,EA,CT,1,True,1
29144,1,1,1,EA,CT,1,True,1
29184,1,1,1,EA,CT,1,True,1
29243,2,2,2,EA,CT,1,True,2
29385,1,1,1,EA,CT,1,True,1
29411,1,1,1,EA,CT,1,True,1
29417,2,2,2,EA,CT,1,True,2
29454,2,2,2,EA,CT,1,True,2
29465,1,1,1,EA,CT,1,True,1
29484,2,2,2,EA,CT,1,True,2
29582,1,1,1,EA,CT,1,True,1
29629,1,1,1,EA,CT,1,True,1
29644,1,1,1,EA,CT,1,True,1
29679,1,1,1,EA,CT,1,True,1
29768,1,1,1,EA,CT,1,True,1
29880,1,1,1,EA,CT,1,True,1
29903,1,1,1,EA,CT,1,True,1
29912,1,1,1,EA,CT,1,True,1
29978,2,2,2,EA,CT,1,True,2
30052,1,1,1,EA,CT,1,True,1
30118,1,1,1,EA,CT,1,True,1
30131,1,1,1,EA,CT,1,True,1
30137,2,2,2,EA,CT,1,True,2
30143,1,1,1,EA,CT,1,True,1
30180,1,1,1,EA,CT,1,True,1
30259,1,1,1,EA,CT,1,True,1
30273,1,1,1,EA,CT,1,True,1
30285,1,1,1,EA,CT,1,True,1
30328,1,1,1,EA,CT,1,True,1
30329,1,1,1,EA,CT,1,True,1
30336,2,2,2,EA,CT,1,True,2
30340,1,1,1,EA,CT,1,True,1
30352,2,2,2,EA,CT,1,True,2
30367,2,2,2,EA,CT,1,True,2
30457,2,2,1,EA,CT,0,False,2
30498,2,2,2,EA,CT,1,True,2
30514,1,1,1,EA,CT,1,True,1
30544,1,1,1,EA,CT,1,True,1
30637,1,1,1,EA,CT,1,True,1
30694,2,2,2,EA,CT,1,True,2
30701,2,2,2,EA,CT,1,True,2
30710,2,2,2,EA,CT,1,True,2
30794,1,1,1,EA,CT,1,True,1
30807,2,2,2,EA,CT,1,True,2
30825,1,1,1,EA,CT,1,True,1
30846,1,1,1,EA,CT,1,True,1
30856,2,2,2,EA,CT,1,True,2
30872,2,2,2,EA,CT,1,True,2
30880,1,1,1,EA,CT,1,True,1
30899,1,1,1,EA,CT,1,True,1
30922,2,2,2,EA,CT,1,True,2
30936,2,2,2,EA,CT,1,True,2
31029,1,1,1,EA,CT,1,True,1
31060,1,1,1,EA,CT,1,True,1
31081,2,2,2,EA,CT,1,True,2
31089,1,1,1,EA,CT,1,True,1
31128,1,1,1,EA,CT,1,True,1
31129,2,2,2,EA,CT,1,True,2
31138,1,1,1,EA,CT,1,True,1
31148,1,1,1,EA,CT,1,True,1
31247,1,1,1,EA,CT,1,True,1
31266,2,2,2,EA,CT,1,True,2
31350,2,2,2,EA,CT,1,True,2
31386,2,2,2,EA,CT,1,True,2
31470,2,2,2,EA,CT,1,True,2
31483,2,2,2,EA,CT,1,True,2
31568,1,1,2,EA,CT,0,False,1
31597,1,1,1,EA,CT,1,True,1
31622,1,1,1,EA,CT,1,True,1
31628,1,1,1,EA,CT,1,True,1
31634,1,1,1,EA,CT,1,True,1
31665,1,1,1,EA,CT,1,True,1
31720,1,1,1,EA,CT,1,True,1
31728,1,1,1,EA,CT,1,True,1
31754,2,2,2,EA,CT,1,True,2
31808,2,1,2,EA,CT,0,False,2
31883,2,2,2,EA,CT,1,True,2
31907,2,2,2,EA,CT,1,True,2
32003,2,2,2,EA,CT,1,True,2
32090,1,1,1,EA,CT,1,True,1
32112,2,2,2,EA,CT,1,True,2
32116,2,2,2,EA,CT,1,True,2
32131,2,2,2,EA,CT,1,True,2
32167,2,2,2,EA,CT,1,True,2
32177,1,1,1,EA,CT,1,True,1
32263,2,2,2,EA,CT,1,True,2
32265,1,1,1,EA,CT,1,True,1
32323,2,2,2,EA,CT,1,True,2
32372,1,1,1,EA,CT,1,True,1
32463,2,2,2,EA,CT,1,True,2
32489,1,1,1,EA,CT,1,True,1
32518,1,1,1,EA,CT,1,True,1
32558,1,1,2,EA,CT,0,False,1
32572,2,2,2,EA,CT,1,True,2
32638,2,2,1,EA,CT,0,False,2
32679,1,1,1,EA,CT,1,True,1
32722,2,2,2,EA,CT,1,True,2
32747,1,1,1,EA,CT,1,True,1
32753,2,2,2,EA,CT,1,True,2
32785,1,1,1,EA,CT,1,True,1
32872,2,2,2,EA,CT,1,True,2
32894,2,2,2,EA,CT,1,True,2
32913,1,1,1,EA,CT,1,True,1
32917,2,2,2,EA,CT,1,True,2
32963,2,1,1,EA,CT,0,False,2
32972,2,2,2,EA,CT,1,True,2
33026,1,1,1,EA,CT,1,True,1
33067,2,2,2,EA,CT,1,True,2
33126,2,2,2,EA,CT,1,True,2
33141,2,2,2,EA,CT,1,True,2
33154,1,1,1,EA,CT,1,True,1
33212,1,2,1,EA,CT,0,False,1
33262,2,2,2,EA,CT,1,True,2
33291,1,1,1,EA,CT,1,True,1
33322,2,1,2,EA,CT,0,False,2
33345,1,1,1,EA,CT,1,True,1
33390,2,1,2,EA,CT,0,False,2
33409,1,2,1,EA,CT,0,False,1
33433,1,1,1,EA,CT,1,True,1
33470,1,1,1,EA,CT,1,True,1
33504,1,1,1,EA,CT,1,True,1
33509,1,1,1,EA,CT,1,True,1
33532,2,2,2,EA,CT,1,True,2
33618,2,2,2,EA,CT,1,True,2
33649,1,1,1,EA,CT,1,True,1
33741,1,1,1,EA,CT,1,True,1
33743,2,2,2,EA,CT,1,True,2
33765,2,2,2,EA,CT,1,True,2
33780,1,1,2,EA,CT,0,False,1
33806,2,1,2,EA,CT,0,False,2
33808,2,2,2,EA,CT,1,True,2
33856,1,1,1,EA,CT,1,True,1
33859,2,2,2,EA,CT,1,True,2
33890,2,2,2,EA,CT,1,True,2
33936,1,1,1,EA,CT,1,True,1
33940,1,1,1,EA,CT,1,True,1
33961,1,1,1,EA,CT,1,True,1
33962,2,2,2,EA,CT,1,True,2
33986,1,1,1,EA,CT,1,True,1
34029,2,2,2,EA,CT,1,True,2
34084,1,1,1,EA,CT,1,True,1
34125,2,2,2,EA,CT,1,True,2
34143,2,2,2,EA,CT,1,True,2
34148,1,1,1,EA,CT,1,True,1
34171,1,1,1,EA,CT,1,True,1
34215,2,2,2,EA,CT,1,True,2
34276,1,1,1,EA,CT,1,True,1
34332,2,2,2,EA,CT,1,True,2
34354,1,1,1,EA,CT,1,True,1
34404,2,2,2,EA,CT,1,True,2
34414,2,2,2,EA,CT,1,True,2
34456,2,2,1,EA,CT,0,False,2
34460,2,2,2,EA,CT,1,True,2
34500,1,1,1,EA,CT,1,True,1
34573,1,1,1,EA,CT,1,True,1
34667,2,2,2,EA,CT,1,True,2
34714,2,2,2,EA,CT,1,True,2
34754,1,2,1,EA,CT,0,False,1
34812,1,2,1,EA,CT,0,False,1
34915,2,1,2,EA,CT,0,False,2
34918,2,2,2,EA,CT,1,True,2
34930,1,1,1,EA,CT,1,True,1
34944,2,2,2,EA,CT,1,True,2
34983,2,2,2,EA,CT,1,True,2
35058,2,2,2,EA,CT,1,True,2
35064,1,1,1,EA,CT,1,True,1
35127,2,2,2,EA,CT,1,True,2
35156,2,2,2,EA,CT,1,True,2
35174,1,1,1,EA,CT,1,True,1
35191,2,2,2,EA,CT,1,True,2
35201,2,2,2,EA,CT,1,True,2
35204,2,2,2,EA,CT,1,True,2
35282,2,2,2,EA,CT,1,True,2
35287,1,1,1,EA,CT,1,True,1
35397,2,2,2,EA,CT,1,True,2
35429,2,2,2,EA,CT,1,True,2
35467,2,2,2,EA,CT,1,True,2
35542,2,2,2,EA,CT,1,True,2
35564,2,2,2,EA,CT,1,True,2
35592,1,1,1,EA,CT,1,True,1
35643,2,2,2,EA,CT,1,True,2
35653,1,1,1,EA,CT,1,True,1
35715,1,2,1,EA,CT,0,False,1
35732,2,2,2,EA,CT,1,True,2
35738,2,2,2,EA,CT,1,True,2
35743,2,2,2,EA,CT,1,True,2
35871,2,2,2,EA,CT,1,True,2
35880,2,2,2,EA,CT,1,True,2
35907,2,2,2,EA,CT,1,True,2
35912,1,1,1,EA,CT,1,True,1
35918,2,2,2,EA,CT,1,True,2
35939,2,2,2,EA,CT,1,True,2
35991,2,2,2,EA,CT,1,True,2
36100,2,2,2,EA,CT,1,True,2
36117,1,1,1,EA,CT,1,True,1
36126,2,2,2,EA,CT,1,True,2
36186,2,2,2,EA,CT,1,True,2
36190,1,1,1,EA,CT,1,True,1
36199,2,2,2,EA,CT,1,True,2
36209,1,1,1,EA,CT,1,True,1
36223,1,1,1,EA,CT,1,True,1
36247,1,1,1,EA,CT,1,True,1
36341,1,2,2,EA,CT,0,False,1
36403,1,1,2,EA,CT,0,False,1
36419,2,2,2,EA,CT,1,True,2
36434,2,2,2,EA,CT,1,True,2
36449,1,1,1,EA,CT,1,True,1
36482,2,2,2,EA,CT,1,True,2
36557,2,2,2,EA,CT,1,True,2
36686,2,2,2,EA,CT,1,True,2
36689,2,2,2,EA,CT,1,True,2
36734,1,1,1,EA,CT,1,True,1
36743,1,1,1,EA,CT,1,True,1
36767,1,2,2,EA,CT,0,False,1
36785,2,2,2,EA,CT,1,True,2
36812,2,2,2,EA,CT,1,True,2
36819,2,2,2,EA,CT,1,True,2
36849,2,2,2,EA,CT,1,True,2
36960,1,1,1,EA,CT,1,True,1
36974,2,2,2,EA,CT,1,True,2
37006,2,2,2,EA,CT,1,True,2
37016,2,2,2,EA,CT,1,True,2
37020,1,1,1,EA,CT,1,True,1
37082,2,2,2,EA,CT,1,True,2
37102,2,2,2,EA,CT,1,True,2
37114,2,1,1,EA,CT,0,False,2
37124,2,2,2,EA,CT,1,True,2
37184,1,1,1,EA,CT,1,True,1
37234,1,1,1,EA,CT,1,True,1
37245,1,1,1,EA,CT,1,True,1
37249,1,2,1,EA,CT,0,False,1
37258,1,1,1,EA,CT,1,True,1
37327,1,1,1,EA,CT,1,True,1
37367,2,2,2,EA,CT,1,True,2
37404,1,1,1,EA,CT,1,True,1
37422,1,1,1,EA,CT,1,True,1
37432,2,2,2,EA,CT,1,True,2
37435,1,1,1,EA,CT,1,True,1
37490,1,1,1,EA,CT,1,True,1
37537,1,1,1,EA,CT,1,True,1
37542,1,1,1,EA,CT,1,True,1
37569,2,2,2,EA,CT,1,True,2
37608,1,1,1,EA,CT,1,True,1
37614,1,2,1,EA,CT,0,False,1
37617,2,1,1,EA,CT,0,False,2
37679,1,1,1,EA,CT,1,True,1
37723,2,2,2,EA,CT,1,True,2
37725,1,2,2,EA,CT,0,False,1
37741,1,1,1,EA,CT,1,True,1
37743,2,2,2,EA,CT,1,True,2
37842,1,1,1,EA,CT,1,True,1
37843,1,1,1,EA,CT,1,True,1
37909,1,1,1,EA,CT,1,True,1
37955,1,1,1,EA,CT,1,True,1
38026,2,2,2,EA,CT,1,True,2
38068,2,2,2,EA,CT,1,True,2
38078,2,2,2,EA,CT,1,True,2
38093,2,1,1,EA,CT,0,False,2
38130,1,1,1,EA,CT,1,True,1
38144,1,1,1,EA,CT,1,True,1
38146,1,1,1,EA,CT,1,True,1
38166,1,1,1,EA,CT,1,True,1
38168,1,1,1,EA,CT,1,True,1
38191,2,2,2,EA,CT,1,True,2
38245,1,1,1,EA,CT,1,True,1
38267,2,2,2,EA,CT,1,True,2
38352,1,1,1,EA,CT,1,True,1
38363,1,1,1,EA,CT,1,True,1
38390,1,1,1,EA,CT,1,True,1
38395,1,1,1,EA,CT,1,True,1
38425,2,2,2,EA,CT,1,True,2
38485,1,1,1,EA,CT,1,True,1
38518,1,1,1,EA,CT,1,True,1
38530,1,1,1,EA,CT,1,True,1
38533,1,1,2,EA,CT,0,False,1
38554,2,1,2,EA,CT,0,False,2
38562,2,2,2,EA,CT,1,True,2
38593,2,2,2,EA,CT,1,True,2
38627,2,2,2,EA,CT,1,True,2
38630,1,1,1,EA,CT,1,True,1
38721,1,1,1,EA,CT,1,True,1
38773,2,2,2,EA,CT,1,True,2
38802,1,1,1,EA,CT,1,True,1
38809,1,1,1,EA,CT,1,True,1
38811,2,2,2,EA,CT,1,True,2
38829,1,1,1,EA,CT,1,True,1
38858,1,1,1,EA,CT,1,True,1
38920,2,2,2,EA,CT,1,True,2
38928,2,2,2,EA,CT,1,True,2
38947,1,1,1,EA,CT,1,True,1
39000,1,2,1,EA,CT,0,False,1
39152,1,1,1,EA,CT,1,True,1
39199,1,1,1,EA,CT,1,True,1
39321,1,1,1,EA,CT,1,True,1
39356,2,2,2,EA,CT,1,True,2
39388,2,2,2,EA,CT,1,True,2
39457,1,1,1,EA,CT,1,True,1
39466,1,1,1,EA,CT,1,True,1
39532,2,2,2,EA,CT,1,True,2
39553,2,2,2,EA,CT,1,True,2
39557,1,1,1,EA,CT,1,True,1
39630,1,1,1,EA,CT,1,True,1
39715,1,1,1,EA,CT,1,True,1
39795,1,1,1,EA,CT,1,True,1
39804,1,1,1,EA,CT,1,True,1
39833,2,2,2,EA,CT,1,True,2
39842,1,1,1,EA,CT,1,True,1
39855,1,1,1,EA,CT,1,True,1
39864,2,2,2,EA,CT,1,True,2
39884,2,2,2,EA,CT,1,True,2
39918,1,1,1,EA,CT,1,True,1
40029,2,2,2,EA,CT,1,True,2
40068,1,1,1,EA,CT,1,True,1
40135,1,1,1,EA,CT,1,True,1
40145,2,2,2,EA,CT,1,True,2
40164,1,1,1,EA,CT,1,True,1
40169,1,1,1,EA,CT,1,True,1
40296,2,2,2,EA,CT,1,True,2
40352,2,1,2,EA,CT,0,False,2
40376,1,1,1,EA,CT,1,True,1
40497,2,2,2,EA,CT,1,True,2
40535,2,1,2,EA,CT,0,False,2
40542,2,2,2,EA,CT,1,True,2
40622,2,2,2,EA,CT,1,True,2
40625,2,2,2,EA,CT,1,True,2
40653,2,2,2,EA,CT,1,True,2
40762,1,1,1,EA,CT,1,True,1
40853,1,1,1,EA,CT,1,True,1
40855,1,1,1,EA,CT,1,True,1
40857,2,2,2,EA,CT,1,True,2
40920,1,1,1,EA,CT,1,True,1
40923,2,1,2,EA,CT,0,False,2
40969,1,1,1,EA,CT,1,True,1
40991,1,2,1,EA,CT,0,False,1
41001,2,2,2,EA,CT,1,True,2
41077,1,1,1,EA,CT,1,True,1
41103,2,2,2,EA,CT,1,True,2
41150,1,1,2,EA,CT,0,False,1
41152,2,2,2,EA,CT,1,True,2
41237,1,1,1,EA,CT,1,True,1
41239,1,1,1,EA,CT,1,True,1
41273,1,1,1,EA,CT,1,True,1
41360,2,2,2,EA,CT,1,True,2
41368,1,1,1,EA,CT,1,True,1
41416,1,1,1,EA,CT,1,True,1
41457,1,2,1,EA,CT,0,False,1
41472,1,1,1,EA,CT,1,True,1
41514,1,1,1,EA,CT,1,True,1
41581,2,2,2,EA,CT,1,True,2
41590,2,2,2,EA,CT,1,True,2
41607,1,1,1,EA,CT,1,True,1
41636,1,1,1,EA,CT,1,True,1
41704,1,1,1,EA,CT,1,True,1
41829,1,1,1,EA,CT,1,True,1
41836,1,1,1,EA,CT,1,True,1
41906,2,2,2,EA,CT,1,True,2
41973,2,2,1,EA,CT,0,False,2
42006,1,1,1,EA,CT,1,True,1
42040,1,1,1,EA,CT,1,True,1
42067,1,1,1,EA,CT,1,True,1
42086,2,2,2,EA,CT,1,True,2
42112,2,2,2,EA,CT,1,True,2
42166,2,2,2,EA,CT,1,True,2
42174,2,2,2,EA,CT,1,True,2
42185,2,2,2,EA,CT,1,True,2
42228,2,2,2,EA,CT,1,True,2
42330,1,1,1,EA,CT,1,True,1
42335,2,2,2,EA,CT,1,True,2
42344,1,1,1,EA,CT,1,True,1
42391,2,2,2,EA,CT,1,True,2
42428,1,1,1,EA,CT,1,True,1
42468,2,2,2,EA,CT,1,True,2
42520,1,1,1,EA,CT,1,True,1
42521,1,1,1,EA,CT,1,True,1
42568,1,1,1,EA,CT,1,True,1
42572,2,2,1,EA,CT,0,False,2
42585,1,1,1,EA,CT,1,True,1
42609,2,2,2,EA,CT,1,True,2
42690,2,2,2,EA,CT,1,True,2
42714,2,2,2,EA,CT,1,True,2
42742,1,1,2,EA,CT,0,False,1
42860,2,2,2,EA,CT,1,True,2
42886,2,2,2,EA,CT,1,True,2
42922,2,2,2,EA,CT,1,True,2
43042,1,1,1,EA,CT,1,True,1
43070,2,2,2,EA,CT,1,True,2
43113,1,1,1,EA,CT,1,True,1
43164,2,2,2,EA,CT,1,True,2
43191,1,1,2,EA,CT,0,False,1
43285,2,2,2,EA,CT,1,True,2
43295,2,2,2,EA,CT,1,True,2
43350,2,2,2,EA,CT,1,True,2
43486,1,1,1,EA,CT,1,True,1
43526,2,2,2,EA,CT,1,True,2
43621,2,2,2,EA,CT,1,True,2
43668,2,2,2,EA,CT,1,True,2
43764,2,2,2,EA,CT,1,True,2
43800,2,2,2,EA,CT,1,True,2
43811,2,2,2,EA,CT,1,True,2
43878,1,1,1,EA,CT,1,True,1
44063,2,1,2,EA,CT,0,False,2
44064,2,2,2,EA,CT,1,True,2
44147,1,2,1,EA,CT,0,False,1
44167,2,2,2,EA,CT,1,True,2
44178,2,2,2,EA,CT,1,True,2
44313,1,1,1,EA,CT,1,True,1
44380,1,1,1,EA,CT,1,True,1
44400,1,1,1,EA,CT,1,True,1
44415,2,2,2,EA,CT,1,True,2
44430,2,2,2,EA,CT,1,True,2
44444,2,2,2,EA,CT,1,True,2
44458,2,2,2,EA,CT,1,True,2
44475,1,1,1,EA,CT,1,True,1
44479,2,2,2,EA,CT,1,True,2
44628,1,1,1,EA,CT,1,True,1
44682,1,1,1,EA,CT,1,True,1
44743,1,1,1,EA,CT,1,True,1
44812,2,2,2,EA,CT,1,True,2
44833,2,2,2,EA,CT,1,True,2
44841,1,1,1,EA,CT,1,True,1
44887,2,2,2,EA,CT,1,True,2
44967,2,1,1,EA,CT,0,False,2
45012,2,2,2,EA,CT,1,True,2
45024,1,1,1,EA,CT,1,True,1
45075,2,2,2,EA,CT,1,True,2
45117,2,2,2,EA,CT,1,True,2
45137,2,2,2,EA,CT,1,True,2
45175,2,2,2,EA,CT,1,True,2
45184,1,1,1,EA,CT,1,True,1
45190,1,1,1,EA,CT,1,True,1
45199,2,1,2,EA,CT,0,False,2
45289,1,1,1,EA,CT,1,True,1
45314,1,1,1,EA,CT,1,True,1
45337,1,1,1,EA,CT,1,True,1
45340,2,2,2,EA,CT,1,True,2
45390,2,2,2,EA,CT,1,True,2
45424,1,1,1,EA,CT,1,True,1
45470,2,2,2,EA,CT,1,True,2
45492,1,1,1,EA,CT,1,True,1
45529,2,2,2,EA,CT,1,True,2
45544,1,2,2,EA,CT,0,False,1
45784,1,1,1,EA,CT,1,True,1
45800,2,2,2,EA,CT,1,True,2
45811,2,2,2,EA,CT,1,True,2
45837,1,1,1,EA,CT,1,True,1
45857,2,2,2,EA,CT,1,True,2
45893,2,2,2,EA,CT,1,True,2
45919,2,2,2,EA,CT,1,True,2
45938,2,2,2,EA,CT,1,True,2
45983,1,2,2,EA,CT,0,False,1
45985,1,1,1,EA,CT,1,True,1
46026,2,2,2,EA,CT,1,True,2
46132,1,1,1,EA,CT,1,True,1
46147,1,1,1,EA,CT,1,True,1
46160,1,1,1,EA,CT,1,True,1
46218,2,2,2,EA,CT,1,True,2
46346,1,1,1,EA,CT,1,True,1
46371,2,2,2,EA,CT,1,True,2
46372,2,2,2,EA,CT,1,True,2
46555,2,2,2,EA,CT,1,True,2
46569,2,2,2,EA,CT,1,True,2
46595,2,2,2,EA,CT,1,True,2
46674,1,1,1,EA,CT,1,True,1
46707,1,1,1,EA,CT,1,True,1
46710,2,2,2,EA,CT,1,True,2
46751,2,2,2,EA,CT,1,True,2
46756,1,1,1,EA,CT,1,True,1
46758,2,2,1,EA,CT,0,False,2
46810,2,2,2,EA,CT,1,True,2
46859,2,2,2,EA,CT,1,True,2
46880,1,1,1,EA,CT,1,True,1
46894,2,2,2,EA,CT,1,True,2
46969,2,2,2,EA,CT,1,True,2
47024,2,2,2,EA,CT,1,True,2
47060,2,2,2,EA,CT,1,True,2
47065,1,1,1,EA,CT,1,True,1
47097,1,1,1,EA,CT,1,True,1
47139,2,2,2,EA,CT,1,True,2
47169,2,2,2,EA,CT,1,True,2
47174,2,2,2,EA,CT,1,True,2
47216,2,2,2,EA,CT,1,True,2
47246,2,2,2,EA,CT,1,True,2
47249,2,2,2,EA,CT,1,True,2
47362,1,1,1,EA,CT,1,True,1
47371,1,1,1,EA,CT,1,True,1
47560,1,1,1,EA,CT,1,True,1
47603,1,1,1,EA,CT,1,True,1
47619,2,2,2,EA,CT,1,True,2
47632,1,1,1,EA,CT,1,True,1
47865,2,2,2,EA,CT,1,True,2
47886,1,1,1,EA,CT,1,True,1
48180,2,2,2,EA,CT,1,True,2
48182,1,1,1,EA,CT,1,True,1
48217,2,2,1,EA,CT,0,False,2
48246,1,1,1,EA,CT,1,True,1
48295,1,2,2,EA,CT,0,False,1
48329,1,1,1,EA,CT,1,True,1
48352,1,1,1,EA,CT,1,True,1
48355,2,2,2,EA,CT,1,True,2
48359,1,1,1,EA,CT,1,True,1
48434,1,1,1,EA,CT,1,True,1
48441,2,2,1,EA,CT,0,False,2
48449,2,2,2,EA,CT,1,True,2
48506,2,2,2,EA,CT,1,True,2
48538,2,2,2,EA,CT,1,True,2
48541,1,1,1,EA,CT,1,True,1
48562,2,2,2,EA,CT,1,True,2
48563,2,2,2,EA,CT,1,True,2
48566,2,2,2,EA,CT,1,True,2
48587,1,1,1,EA,CT,1,True,1
48607,2,2,2,EA,CT,1,True,2
48618,1,1,1,EA,CT,1,True,1
48722,2,2,2,EA,CT,1,True,2
48728,1,1,1,EA,CT,1,True,1
48859,2,2,2,EA,CT,1,True,2
48898,1,1,1,EA,CT,1,True,1
48976,2,2,2,EA,CT,1,True,2
49004,1,1,1,EA,CT,1,True,1
49029,1,1,1,EA,CT,1,True,1
49047,1,1,1,EA,CT,1,True,1
49052,1,1,1,EA,CT,1,True,1
49095,1,1,1,EA,CT,1,True,1
49132,1,1,1,EA,CT,1,True,1
49146,1,1,1,EA,CT,1,True,1
49168,2,2,2,EA,CT,1,True,2
49182,2,2,2,EA,CT,1,True,2
49189,1,1,1,EA,CT,1,True,1
49213,1,1,1,EA,CT,1,True,1
49228,1,1,1,EA,CT,1,True,1
49239,1,1,1,EA,CT,1,True,1
49242,2,2,2,EA,CT,1,True,2
49325,1,1,1,EA,CT,1,True,1
49400,2,2,2,EA,CT,1,True,2
49460,1,1,1,EA,CT,1,True,1
49550,1,1,1,EA,CT,1,True,1
49700,1,1,1,EA,CT,1,True,1
49737,1,1,1,EA,CT,1,True,1
49765,2,2,2,EA,CT,1,True,2
49777,1,2,1,EA,CT,0,False,1
49804,2,2,2,EA,CT,1,True,2
49855,2,2,2,EA,CT,1,True,2
49870,2,2,2,EA,CT,1,True,2
49943,2,2,2,EA,CT,1,True,2
49950,2,2,2,EA,CT,1,True,2
49959,2,2,2,EA,CT,1,True,2
49971,1,1,1,EA,CT,1,True,1
55,1,1,1,EA,R1,1,True,1
107,2,2,2,EA,R1,1,True,2
176,1,1,1,EA,R1,1,True,1
257,1,1,1,EA,R1,1,True,1
283,2,2,2,EA,R1,1,True,2
284,2,2,2,EA,R1,1,True,2
287,1,1,1,EA,R1,1,True,1
310,2,2,2,EA,R1,1,True,2
337,2,2,2,EA,R1,1,True,2
379,2,2,2,EA,R1,1,True,2
393,2,2,2,EA,R1,1,True,2
405,2,2,2,EA,R1,1,True,2
423,2,2,2,EA,R1,1,True,2
450,2,2,2,EA,R1,1,True,2
504,2,2,2,EA,R1,1,True,2
525,2,2,2,EA,R1,1,True,2
545,1,1,1,EA,R1,1,True,1
626,1,2,1,EA,R1,0,False,1
715,2,2,2,EA,R1,1,True,2
722,1,1,1,EA,R1,1,True,1
793,2,2,2,EA,R1,1,True,2
804,2,2,2,EA,R1,1,True,2
813,2,1,1,EA,R1,0,False,2
856,2,2,2,EA,R1,1,True,2
893,2,2,2,EA,R1,1,True,2
922,1,1,1,EA,R1,1,True,1
1029,2,2,2,EA,R1,1,True,2
1057,1,1,1,EA,R1,1,True,1
1106,1,1,1,EA,R1,1,True,1
1176,2,2,2,EA,R1,1,True,2
1199,1,1,1,EA,R1,1,True,1
1200,2,2,2,EA,R1,1,True,2
1205,2,2,2,EA,R1,1,True,2
1227,2,2,2,EA,R1,1,True,2
1261,2,2,2,EA,R1,1,True,2
1285,1,1,1,EA,R1,1,True,1
1290,2,2,2,EA,R1,1,True,2
1347,2,1,1,EA,R1,0,False,2
1352,2,2,2,EA,R1,1,True,2
1363,2,2,2,EA,R1,1,True,2
1421,1,1,2,EA,R1,0,False,1
1434,2,2,2,EA,R1,1,True,2
1481,1,1,1,EA,R1,1,True,1
1545,2,2,2,EA,R1,1,True,2
1552,1,1,1,EA,R1,1,True,1
1573,1,1,1,EA,R1,1,True,1
1656,2,2,2,EA,R1,1,True,2
1687,1,1,1,EA,R1,1,True,1
1707,2,2,2,EA,R1,1,True,2
1733,2,2,2,EA,R1,1,True,2
1735,2,2,2,EA,R1,1,True,2
1755,2,2,2,EA,R1,1,True,2
1808,2,2,2,EA,R1,1,True,2
1814,2,2,2,EA,R1,1,True,2
1819,2,2,2,EA,R1,1,True,2
1822,1,1,1,EA,R1,1,True,1
1823,1,1,1,EA,R1,1,True,1
1862,1,1,1,EA,R1,1,True,1
2004,2,2,2,EA,R1,1,True,2
2039,2,2,2,EA,R1,1,True,2
2055,1,1,1,EA,R1,1,True,1
2068,2,2,2,EA,R1,1,True,2
2081,1,1,1,EA,R1,1,True,1
2155,2,2,2,EA,R1,1,True,2
2170,1,1,1,EA,R1,1,True,1
2221,2,2,2,EA,R1,1,True,2
2288,2,2,2,EA,R1,1,True,2
2375,2,2,2,EA,R1,1,True,2
2379,2,1,2,EA,R1,0,False,2
2408,1,2,2,EA,R1,0,False,1
2426,2,2,2,EA,R1,1,True,2
2584,2,2,2,EA,R1,1,True,2
2585,1,1,2,EA,R1,0,False,1
2599,1,2,1,EA,R1,0,False,1
2600,1,1,1,EA,R1,1,True,1
2732,2,2,2,EA,R1,1,True,2
2844,1,1,1,EA,R1,1,True,1
2891,2,2,2,EA,R1,1,True,2
2932,2,2,2,EA,R1,1,True,2
2983,1,1,1,EA,R1,1,True,1
3056,1,1,1,EA,R1,1,True,1
3081,1,1,1,EA,R1,1,True,1
3102,1,1,1,EA,R1,1,True,1
3191,1,1,1,EA,R1,1,True,1
3230,2,2,2,EA,R1,1,True,2
3297,1,1,1,EA,R1,1,True,1
3363,1,1,1,EA,R1,1,True,1
3367,2,2,2,EA,R1,1,True,2
3385,1,2,2,EA,R1,0,False,1
3400,1,2,1,EA,R1,0,False,1
3418,1,1,1,EA,R1,1,True,1
3429,2,2,2,EA,R1,1,True,2
3440,1,1,1,EA,R1,1,True,1
3512,2,2,2,EA,R1,1,True,2
3524,1,1,1,EA,R1,1,True,1
3567,1,1,2,EA,R1,0,False,1
3631,2,2,2,EA,R1,1,True,2
3811,1,2,2,EA,R1,0,False,1
3824,1,1,1,EA,R1,1,True,1
3839,1,1,1,EA,R1,1,True,1
3867,1,1,1,EA,R1,1,True,1
3868,1,1,1,EA,R1,1,True,1
3912,2,2,1,EA,R1,0,False,2
3929,2,1,1,EA,R1,0,False,2
3954,2,2,2,EA,R1,1,True,2
3971,2,2,2,EA,R1,1,True,2
3979,2,2,2,EA,R1,1,True,2
4011,2,1,2,EA,R1,0,False,2
4017,1,1,1,EA,R1,1,True,1
4066,2,2,2,EA,R1,1,True,2
4087,2,2,2,EA,R1,1,True,2
4153,2,2,2,EA,R1,1,True,2
4182,2,2,2,EA,R1,1,True,2
4187,1,1,1,EA,R1,1,True,1
4207,1,1,1,EA,R1,1,True,1
4211,1,1,1,EA,R1,1,True,1
4303,1,1,1,EA,R1,1,True,1
4314,1,1,1,EA,R1,1,True,1
4339,1,1,1,EA,R1,1,True,1
4348,2,2,2,EA,R1,1,True,2
4447,1,1,1,EA,R1,1,True,1
4462,1,1,1,EA,R1,1,True,1
4591,1,2,1,EA,R1,0,False,1
4624,2,2,2,EA,R1,1,True,2
4651,2,2,2,EA,R1,1,True,2
4652,1,1,1,EA,R1,1,True,1
4663,1,1,1,EA,R1,1,True,1
4706,2,2,2,EA,R1,1,True,2
4716,1,1,1,EA,R1,1,True,1
4744,1,2,2,EA,R1,0,False,1
4767,1,1,1,EA,R1,1,True,1
4795,1,1,1,EA,R1,1,True,1
4797,2,1,1,EA,R1,0,False,2
4812,1,1,1,EA,R1,1,True,1
4827,1,1,2,EA,R1,0,False,1
4829,2,2,2,EA,R1,1,True,2
4851,1,2,2,EA,R1,0,False,1
4856,2,2,2,EA,R1,1,True,2
4865,1,2,1,EA,R1,0,False,1
4871,1,1,1,EA,R1,1,True,1
4927,2,2,2,EA,R1,1,True,2
4937,2,1,2,EA,R1,0,False,2
5006,2,2,2,EA,R1,1,True,2
5009,1,1,1,EA,R1,1,True,1
5024,1,1,1,EA,R1,1,True,1
5070,1,1,1,EA,R1,1,True,1
5086,2,2,2,EA,R1,1,True,2
5105,2,2,2,EA,R1,1,True,2
5119,1,1,1,EA,R1,1,True,1
5120,2,2,2,EA,R1,1,True,2
5159,1,1,1,EA,R1,1,True,1
5406,1,1,1,EA,R1,1,True,1
5424,2,2,2,EA,R1,1,True,2
5475,2,2,2,EA,R1,1,True,2
5499,1,1,1,EA,R1,1,True,1
5570,1,1,1,EA,R1,1,True,1
5586,1,1,1,EA,R1,1,True,1
5619,2,2,2,EA,R1,1,True,2
5651,1,1,1,EA,R1,1,True,1
5741,2,2,2,EA,R1,1,True,2
5797,2,2,2,EA,R1,1,True,2
5824,2,2,2,EA,R1,1,True,2
5829,1,1,1,EA,R1,1,True,1
5834,2,2,2,EA,R1,1,True,2
5906,2,2,2,EA,R1,1,True,2
5913,2,2,2,EA,R1,1,True,2
5938,2,2,2,EA,R1,1,True,2
5957,2,2,2,EA,R1,1,True,2
5998,2,2,2,EA,R1,1,True,2
6010,2,2,2,EA,R1,1,True,2
6059,2,2,2,EA,R1,1,True,2
6111,1,1,1,EA,R1,1,True,1
6137,1,1,1,EA,R1,1,True,1
6156,1,1,1,EA,R1,1,True,1
6252,1,1,2,EA,R1,0,False,1
6253,2,2,2,EA,R1,1,True,2
6255,2,2,2,EA,R1,1,True,2
6295,1,1,1,EA,R1,1,True,1
6347,1,1,1,EA,R1,1,True,1
6374,1,1,1,EA,R1,1,True,1
6420,1,1,1,EA,R1,1,True,1
6452,1,1,1,EA,R1,1,True,1
6465,1,1,1,EA,R1,1,True,1
6484,2,2,2,EA,R1,1,True,2
6488,1,1,1,EA,R1,1,True,1
6519,2,2,2,EA,R1,1,True,2
6527,1,1,1,EA,R1,1,True,1
6595,1,1,1,EA,R1,1,True,1
6631,1,1,1,EA,R1,1,True,1
6692,1,1,1,EA,R1,1,True,1
6715,2,2,2,EA,R1,1,True,2
6728,1,1,1,EA,R1,1,True,1
6756,2,2,2,EA,R1,1,True,2
6812,1,1,1,EA,R1,1,True,1
6824,1,1,1,EA,R1,1,True,1
6826,2,2,2,EA,R1,1,True,2
6842,1,1,1,EA,R1,1,True,1
6867,1,1,1,EA,R1,1,True,1
6868,2,2,2,EA,R1,1,True,2
6899,2,2,2,EA,R1,1,True,2
6965,2,2,2,EA,R1,1,True,2
6977,2,2,2,EA,R1,1,True,2
6991,1,1,1,EA,R1,1,True,1
7001,2,2,2,EA,R1,1,True,2
7004,1,1,1,EA,R1,1,True,1
7042,2,2,2,EA,R1,1,True,2
7070,2,2,2,EA,R1,1,True,2
7096,1,1,1,EA,R1,1,True,1
7099,1,1,1,EA,R1,1,True,1
7194,2,2,2,EA,R1,1,True,2
7220,2,2,2,EA,R1,1,True,2
7235,2,2,2,EA,R1,1,True,2
7313,2,2,2,EA,R1,1,True,2
7387,1,1,2,EA,R1,0,False,1
7407,1,1,1,EA,R1,1,True,1
7430,2,2,2,EA,R1,1,True,2
7439,1,1,1,EA,R1,1,True,1
7451,2,2,2,EA,R1,1,True,2
7498,2,2,2,EA,R1,1,True,2
7550,1,1,1,EA,R1,1,True,1
7553,2,2,2,EA,R1,1,True,2
7555,1,1,1,EA,R1,1,True,1
7581,2,2,2,EA,R1,1,True,2
7599,2,2,2,EA,R1,1,True,2
7631,1,1,1,EA,R1,1,True,1
7654,1,1,1,EA,R1,1,True,1
7687,1,1,1,EA,R1,1,True,1
7723,1,1,1,EA,R1,1,True,1
7756,2,1,1,EA,R1,0,False,2
7832,2,2,2,EA,R1,1,True,2
7887,1,1,1,EA,R1,1,True,1
7894,1,1,1,EA,R1,1,True,1
7915,2,2,2,EA,R1,1,True,2
7949,1,1,1,EA,R1,1,True,1
7966,1,1,1,EA,R1,1,True,1
7972,1,1,1,EA,R1,1,True,1
7992,2,2,2,EA,R1,1,True,2
8015,2,2,2,EA,R1,1,True,2
8033,1,1,1,EA,R1,1,True,1
8139,1,1,1,EA,R1,1,True,1
8217,2,2,2,EA,R1,1,True,2
8268,2,1,2,EA,R1,0,False,2
8339,1,1,1,EA,R1,1,True,1
8366,2,2,2,EA,R1,1,True,2
8444,1,1,1,EA,R1,1,True,1
8477,1,1,1,EA,R1,1,True,1
8580,2,2,2,EA,R1,1,True,2
8614,1,1,1,EA,R1,1,True,1
8630,2,2,2,EA,R1,1,True,2
8637,1,1,1,EA,R1,1,True,1
8672,1,1,1,EA,R1,1,True,1
8800,1,1,2,EA,R1,0,False,1
8816,2,2,2,EA,R1,1,True,2
8902,2,2,2,EA,R1,1,True,2
8923,2,2,2,EA,R1,1,True,2
8948,1,1,1,EA,R1,1,True,1
8993,1,1,1,EA,R1,1,True,1
9004,1,1,1,EA,R1,1,True,1
9089,2,2,2,EA,R1,1,True,2
9102,2,2,2,EA,R1,1,True,2
9120,1,1,1,EA,R1,1,True,1
9134,2,2,2,EA,R1,1,True,2
9246,2,2,2,EA,R1,1,True,2
9268,1,1,1,EA,R1,1,True,1
9324,2,1,2,EA,R1,0,False,2
9325,1,1,1,EA,R1,1,True,1
9349,2,2,2,EA,R1,1,True,2
9357,2,2,2,EA,R1,1,True,2
9417,1,1,1,EA,R1,1,True,1
9459,1,2,1,EA,R1,0,False,1
9465,1,1,1,EA,R1,1,True,1
9469,2,2,2,EA,R1,1,True,2
9473,1,1,1,EA,R1,1,True,1
9485,1,1,1,EA,R1,1,True,1
9544,1,1,2,EA,R1,0,False,1
9595,2,2,2,EA,R1,1,True,2
9632,1,2,1,EA,R1,0,False,1
9635,2,2,2,EA,R1,1,True,2
9677,2,2,2,EA,R1,1,True,2
9715,1,1,1,EA,R1,1,True,1
9724,2,2,2,EA,R1,1,True,2
9774,2,2,2,EA,R1,1,True,2
9796,1,1,1,EA,R1,1,True,1
9892,2,2,2,EA,R1,1,True,2
9899,1,2,2,EA,R1,0,False,1
9907,2,2,2,EA,R1,1,True,2
9934,1,1,1,EA,R1,1,True,1
9955,2,2,2,EA,R1,1,True,2
9987,1,1,1,EA,R1,1,True,1
10022,1,1,1,EA,R1,1,True,1
10156,1,1,1,EA,R1,1,True,1
10163,1,1,1,EA,R1,1,True,1
10174,1,1,1,EA,R1,1,True,1
10187,2,2,2,EA,R1,1,True,2
10189,2,2,2,EA,R1,1,True,2
10210,1,1,1,EA,R1,1,True,1
10301,1,1,1,EA,R1,1,True,1
10328,1,1,1,EA,R1,1,True,1
10330,2,2,2,EA,R1,1,True,2
10361,1,1,1,EA,R1,1,True,1
10375,1,1,1,EA,R1,1,True,1
10400,1,1,1,EA,R1,1,True,1
10423,2,2,2,EA,R1,1,True,2
10434,1,1,1,EA,R1,1,True,1
10450,2,2,2,EA,R1,1,True,2
10566,2,2,2,EA,R1,1,True,2
10600,1,1,1,EA,R1,1,True,1
10610,2,2,2,EA,R1,1,True,2
10621,2,2,2,EA,R1,1,True,2
10626,1,1,1,EA,R1,1,True,1
10634,2,2,2,EA,R1,1,True,2
10713,1,1,1,EA,R1,1,True,1
10771,2,2,2,EA,R1,1,True,2
10803,1,1,1,EA,R1,1,True,1
10910,2,2,2,EA,R1,1,True,2
10954,2,2,2,EA,R1,1,True,2
10978,1,1,1,EA,R1,1,True,1
11024,2,2,2,EA,R1,1,True,2
11101,2,2,2,EA,R1,1,True,2
11102,1,1,1,EA,R1,1,True,1
11112,1,1,1,EA,R1,1,True,1
11120,2,2,2,EA,R1,1,True,2
11132,1,1,1,EA,R1,1,True,1
11189,2,2,2,EA,R1,1,True,2
11241,1,2,1,EA,R1,0,False,1
11264,2,2,2,EA,R1,1,True,2
11283,2,2,2,EA,R1,1,True,2
11511,2,2,2,EA,R1,1,True,2
11514,2,2,2,EA,R1,1,True,2
11523,2,2,2,EA,R1,1,True,2
11525,1,1,1,EA,R1,1,True,1
11553,1,1,2,EA,R1,0,False,1
11596,1,1,1,EA,R1,1,True,1
11603,1,2,1,EA,R1,0,False,1
11617,2,2,2,EA,R1,1,True,2
11630,1,1,1,EA,R1,1,True,1
11647,1,1,1,EA,R1,1,True,1
11742,2,2,2,EA,R1,1,True,2
11786,1,1,1,EA,R1,1,True,1
11850,2,2,2,EA,R1,1,True,2
11870,1,1,1,EA,R1,1,True,1
11874,1,1,1,EA,R1,1,True,1
11930,1,1,1,EA,R1,1,True,1
11935,2,2,2,EA,R1,1,True,2
11967,1,1,1,EA,R1,1,True,1
12012,2,2,2,EA,R1,1,True,2
12074,1,1,1,EA,R1,1,True,1
12143,1,2,1,EA,R1,0,False,1
12151,1,1,1,EA,R1,1,True,1
12153,1,1,1,EA,R1,1,True,1
12219,1,1,1,EA,R1,1,True,1
12271,2,2,2,EA,R1,1,True,2
12284,1,1,1,EA,R1,1,True,1
12285,1,1,1,EA,R1,1,True,1
12301,1,1,1,EA,R1,1,True,1
12305,1,1,1,EA,R1,1,True,1
12323,2,2,2,EA,R1,1,True,2
12429,2,2,2,EA,R1,1,True,2
12472,2,2,2,EA,R1,1,True,2
12486,2,2,2,EA,R1,1,True,2
12494,1,1,1,EA,R1,1,True,1
12627,2,2,2,EA,R1,1,True,2
12645,1,1,1,EA,R1,1,True,1
12732,1,1,1,EA,R1,1,True,1
12798,2,2,2,EA,R1,1,True,2
12830,2,2,2,EA,R1,1,True,2
12860,2,2,2,EA,R1,1,True,2
12896,1,1,1,EA,R1,1,True,1
12903,2,2,2,EA,R1,1,True,2
12926,2,2,2,EA,R1,1,True,2
12936,2,2,2,EA,R1,1,True,2
12948,2,2,2,EA,R1,1,True,2
12975,2,2,2,EA,R1,1,True,2
12998,1,1,1,EA,R1,1,True,1
13035,1,1,1,EA,R1,1,True,1
13050,2,2,2,EA,R1,1,True,2
13061,1,1,1,EA,R1,1,True,1
13113,2,1,2,EA,R1,0,False,2
13115,1,2,1,EA,R1,0,False,1
13137,2,2,2,EA,R1,1,True,2
13141,1,1,1,EA,R1,1,True,1
13200,1,1,1,EA,R1,1,True,1
13227,2,2,2,EA,R1,1,True,2
13300,2,2,2,EA,R1,1,True,2
13319,1,1,1,EA,R1,1,True,1
13334,1,1,1,EA,R1,1,True,1
13384,1,1,1,EA,R1,1,True,1
13400,2,2,2,EA,R1,1,True,2
13447,2,2,2,EA,R1,1,True,2
13469,1,2,2,EA,R1,0,False,1
13484,2,2,2,EA,R1,1,True,2
13518,2,2,2,EA,R1,1,True,2
13531,1,1,1,EA,R1,1,True,1
13562,2,2,2,EA,R1,1,True,2
13726,1,1,1,EA,R1,1,True,1
13785,1,1,1,EA,R1,1,True,1
13843,2,2,2,EA,R1,1,True,2
13864,2,2,2,EA,R1,1,True,2
13874,1,1,1,EA,R1,1,True,1
13920,2,2,2,EA,R1,1,True,2
13923,1,2,2,EA,R1,0,False,1
13996,2,2,2,EA,R1,1,True,2
14011,2,2,2,EA,R1,1,True,2
14047,2,2,2,EA,R1,1,True,2
14055,2,2,2,EA,R1,1,True,2
14074,2,2,2,EA,R1,1,True,2
14137,2,2,2,EA,R1,1,True,2
14139,2,2,2,EA,R1,1,True,2
14224,2,2,2,EA,R1,1,True,2
14259,1,1,1,EA,R1,1,True,1
14300,1,1,1,EA,R1,1,True,1
14325,1,1,1,EA,R1,1,True,1
14408,1,1,1,EA,R1,1,True,1
14410,1,2,1,EA,R1,0,False,1
14469,1,1,1,EA,R1,1,True,1
14488,1,1,1,EA,R1,1,True,1
14532,2,2,2,EA,R1,1,True,2
14550,2,1,2,EA,R1,0,False,2
14557,1,1,1,EA,R1,1,True,1
14581,2,2,2,EA,R1,1,True,2
14617,2,2,2,EA,R1,1,True,2
14707,2,2,2,EA,R1,1,True,2
14759,2,2,2,EA,R1,1,True,2
14793,1,1,1,EA,R1,1,True,1
14796,2,2,2,EA,R1,1,True,2
14818,1,1,1,EA,R1,1,True,1
14845,2,2,2,EA,R1,1,True,2
14858,2,2,2,EA,R1,1,True,2
14868,1,1,1,EA,R1,1,True,1
14900,1,1,1,EA,R1,1,True,1
14932,2,2,2,EA,R1,1,True,2
14970,2,2,2,EA,R1,1,True,2
14988,2,2,2,EA,R1,1,True,2
15035,1,1,1,EA,R1,1,True,1
15066,2,2,2,EA,R1,1,True,2
15131,2,2,2,EA,R1,1,True,2
15133,2,2,2,EA,R1,1,True,2
15176,2,2,2,EA,R1,1,True,2
15189,1,1,1,EA,R1,1,True,1
15254,1,2,1,EA,R1,0,False,1
15290,1,1,1,EA,R1,1,True,1
15363,2,2,2,EA,R1,1,True,2
15452,2,2,2,EA,R1,1,True,2
15473,2,2,2,EA,R1,1,True,2
15535,2,2,2,EA,R1,1,True,2
15538,1,1,2,EA,R1,0,False,1
15555,1,1,1,EA,R1,1,True,1
15585,1,1,1,EA,R1,1,True,1
15614,2,2,2,EA,R1,1,True,2
15620,2,2,2,EA,R1,1,True,2
15693,1,1,1,EA,R1,1,True,1
15721,2,2,2,EA,R1,1,True,2
15735,1,1,1,EA,R1,1,True,1
15770,2,2,2,EA,R1,1,True,2
15799,2,2,2,EA,R1,1,True,2
15810,2,2,2,EA,R1,1,True,2
15822,1,2,1,EA,R1,0,False,1
15883,1,1,1,EA,R1,1,True,1
15894,2,2,2,EA,R1,1,True,2
15938,2,2,2,EA,R1,1,True,2
15980,2,2,1,EA,R1,0,False,2
16011,1,1,1,EA,R1,1,True,1
16114,1,1,1,EA,R1,1,True,1
16120,1,1,1,EA,R1,1,True,1
16170,1,1,1,EA,R1,1,True,1
16174,1,1,1,EA,R1,1,True,1
16204,2,2,2,EA,R1,1,True,2
16212,1,1,1,EA,R1,1,True,1
16213,1,1,1,EA,R1,1,True,1
16230,1,1,1,EA,R1,1,True,1
16264,1,1,1,EA,R1,1,True,1
16339,1,1,1,EA,R1,1,True,1
16355,2,2,2,EA,R1,1,True,2
16386,1,1,1,EA,R1,1,True,1
16398,1,1,1,EA,R1,1,True,1
16457,1,1,1,EA,R1,1,True,1
16521,2,2,2,EA,R1,1,True,2
16572,1,1,1,EA,R1,1,True,1
16600,1,1,1,EA,R1,1,True,1
16614,1,1,1,EA,R1,1,True,1
16642,1,1,1,EA,R1,1,True,1
16731,1,1,1,EA,R1,1,True,1
16801,2,2,2,EA,R1,1,True,2
16845,1,1,1,EA,R1,1,True,1
16858,2,2,2,EA,R1,1,True,2
16891,2,2,2,EA,R1,1,True,2
16903,1,1,2,EA,R1,0,False,1
16977,1,1,1,EA,R1,1,True,1
17002,2,2,2,EA,R1,1,True,2
17048,1,1,1,EA,R1,1,True,1
17079,2,2,1,EA,R1,0,False,2
17082,2,2,1,EA,R1,0,False,2
17121,2,2,2,EA,R1,1,True,2
17165,2,2,2,EA,R1,1,True,2
17212,1,1,1,EA,R1,1,True,1
17227,2,2,2,EA,R1,1,True,2
17241,1,2,1,EA,R1,0,False,1
17280,1,2,1,EA,R1,0,False,1
17322,1,1,1,EA,R1,1,True,1
17355,2,2,2,EA,R1,1,True,2
17361,1,1,1,EA,R1,1,True,1
17364,2,2,2,EA,R1,1,True,2
17386,2,2,2,EA,R1,1,True,2
17423,1,2,2,EA,R1,0,False,1
17455,1,1,1,EA,R1,1,True,1
17468,1,1,1,EA,R1,1,True,1
17475,1,1,1,EA,R1,1,True,1
17553,1,1,1,EA,R1,1,True,1
17585,2,2,1,EA,R1,0,False,2
17693,2,2,1,EA,R1,0,False,2
17744,2,2,2,EA,R1,1,True,2
17746,2,2,2,EA,R1,1,True,2
17792,1,1,1,EA,R1,1,True,1
17806,2,2,2,EA,R1,1,True,2
17841,1,1,1,EA,R1,1,True,1
17877,1,1,1,EA,R1,1,True,1
17885,2,2,2,EA,R1,1,True,2
17914,1,2,1,EA,R1,0,False,1
17929,2,2,2,EA,R1,1,True,2
17963,2,2,2,EA,R1,1,True,2
18223,2,2,2,EA,R1,1,True,2
18290,1,1,1,EA,R1,1,True,1
18337,2,2,1,EA,R1,0,False,2
18550,2,2,2,EA,R1,1,True,2
18553,2,2,2,EA,R1,1,True,2
18597,2,2,2,EA,R1,1,True,2
18613,2,2,2,EA,R1,1,True,2
18630,2,2,2,EA,R1,1,True,2
18631,1,1,1,EA,R1,1,True,1
18643,1,1,1,EA,R1,1,True,1
18652,1,1,1,EA,R1,1,True,1
18656,2,2,2,EA,R1,1,True,2
18670,1,1,1,EA,R1,1,True,1
18805,2,2,2,EA,R1,1,True,2
18806,1,1,1,EA,R1,1,True,1
18820,1,1,1,EA,R1,1,True,1
18839,2,2,2,EA,R1,1,True,2
18874,1,1,1,EA,R1,1,True,1
18886,1,1,1,EA,R1,1,True,1
18935,1,1,1,EA,R1,1,True,1
18961,2,2,2,EA,R1,1,True,2
18970,1,1,1,EA,R1,1,True,1
18998,2,2,2,EA,R1,1,True,2
19036,2,2,2,EA,R1,1,True,2
19045,2,2,2,EA,R1,1,True,2
19113,1,1,1,EA,R1,1,True,1
19164,1,1,1,EA,R1,1,True,1
19267,2,2,2,EA,R1,1,True,2
19295,1,1,1,EA,R1,1,True,1
19331,2,2,2,EA,R1,1,True,2
19341,1,1,1,EA,R1,1,True,1
19363,1,1,1,EA,R1,1,True,1
19383,1,1,1,EA,R1,1,True,1
19385,2,2,2,EA,R1,1,True,2
19395,2,2,2,EA,R1,1,True,2
19486,2,2,2,EA,R1,1,True,2
19496,2,2,2,EA,R1,1,True,2
19519,2,2,2,EA,R1,1,True,2
19532,1,1,1,EA,R1,1,True,1
19538,1,1,1,EA,R1,1,True,1
19593,1,2,1,EA,R1,0,False,1
19599,2,2,2,EA,R1,1,True,2
19643,1,1,1,EA,R1,1,True,1
19686,1,1,1,EA,R1,1,True,1
19738,1,1,1,EA,R1,1,True,1
19794,1,1,1,EA,R1,1,True,1
19811,1,1,1,EA,R1,1,True,1
19826,2,2,1,EA,R1,0,False,2
19830,2,2,2,EA,R1,1,True,2
19839,2,2,2,EA,R1,1,True,2
19854,2,2,2,EA,R1,1,True,2
19900,2,2,2,EA,R1,1,True,2
19915,1,1,1,EA,R1,1,True,1
19967,1,1,1,EA,R1,1,True,1
19968,2,2,2,EA,R1,1,True,2
20031,1,1,1,EA,R1,1,True,1
20132,1,1,1,EA,R1,1,True,1
20184,2,2,2,EA,R1,1,True,2
20195,2,1,1,EA,R1,0,False,2
20270,1,2,1,EA,R1,0,False,1
20283,1,1,1,EA,R1,1,True,1
20299,2,2,2,EA,R1,1,True,2
20338,1,1,1,EA,R1,1,True,1
20351,2,2,2,EA,R1,1,True,2
20380,2,2,2,EA,R1,1,True,2
20407,2,2,2,EA,R1,1,True,2
20420,1,1,1,EA,R1,1,True,1
20422,1,2,1,EA,R1,0,False,1
20431,1,1,1,EA,R1,1,True,1
20443,1,1,1,EA,R1,1,True,1
20446,2,2,2,EA,R1,1,True,2
20465,1,1,1,EA,R1,1,True,1
20467,1,1,1,EA,R1,1,True,1
20504,2,2,2,EA,R1,1,True,2
20528,1,1,1,EA,R1,1,True,1
20542,2,1,2,EA,R1,0,False,2
20549,1,1,1,EA,R1,1,True,1
20609,1,1,1,EA,R1,1,True,1
20666,1,1,1,EA,R1,1,True,1
20677,1,1,1,EA,R1,1,True,1
20685,2,2,2,EA,R1,1,True,2
20716,2,2,2,EA,R1,1,True,2
20717,1,2,2,EA,R1,0,False,1
20839,2,2,2,EA,R1,1,True,2
20853,1,1,1,EA,R1,1,True,1
20869,2,2,2,EA,R1,1,True,2
20890,2,2,2,EA,R1,1,True,2
20895,1,1,1,EA,R1,1,True,1
20964,1,1,1,EA,R1,1,True,1
20971,2,2,2,EA,R1,1,True,2
21016,1,1,1,EA,R1,1,True,1
21051,2,2,2,EA,R1,1,True,2
21067,2,2,2,EA,R1,1,True,2
21074,1,1,1,EA,R1,1,True,1
21098,2,2,2,EA,R1,1,True,2
21130,2,2,2,EA,R1,1,True,2
21158,1,1,1,EA,R1,1,True,1
21165,1,1,1,EA,R1,1,True,1
21167,1,1,1,EA,R1,1,True,1
21173,1,1,1,EA,R1,1,True,1
21180,2,2,2,EA,R1,1,True,2
21203,2,2,2,EA,R1,1,True,2
21210,1,1,1,EA,R1,1,True,1
21328,2,2,1,EA,R1,0,False,2
21399,1,1,1,EA,R1,1,True,1
21509,2,2,2,EA,R1,1,True,2
21544,2,2,2,EA,R1,1,True,2
21598,2,2,2,EA,R1,1,True,2
21599,2,2,2,EA,R1,1,True,2
21606,2,2,2,EA,R1,1,True,2
21608,1,1,1,EA,R1,1,True,1
21629,1,1,1,EA,R1,1,True,1
21630,2,1,2,EA,R1,0,False,2
21666,1,1,1,EA,R1,1,True,1
21691,1,1,1,EA,R1,1,True,1
21847,2,2,2,EA,R1,1,True,2
21910,1,1,1,EA,R1,1,True,1
21935,2,2,2,EA,R1,1,True,2
21961,1,1,1,EA,R1,1,True,1
21976,1,1,1,EA,R1,1,True,1
21987,2,2,2,EA,R1,1,True,2
22043,2,2,2,EA,R1,1,True,2
22052,1,1,1,EA,R1,1,True,1
22065,1,1,1,EA,R1,1,True,1
22066,2,2,2,EA,R1,1,True,2
22090,2,2,2,EA,R1,1,True,2
22126,2,2,2,EA,R1,1,True,2
22166,2,2,2,EA,R1,1,True,2
22184,2,2,2,EA,R1,1,True,2
22189,1,1,1,EA,R1,1,True,1
22194,2,2,2,EA,R1,1,True,2
22266,1,1,1,EA,R1,1,True,1
22314,2,2,1,EA,R1,0,False,2
22356,2,2,2,EA,R1,1,True,2
22467,2,2,2,EA,R1,1,True,2
22679,1,1,2,EA,R1,0,False,1
22707,2,2,2,EA,R1,1,True,2
22767,2,2,2,EA,R1,1,True,2
22770,1,1,1,EA,R1,1,True,1
22814,1,1,2,EA,R1,0,False,1
22819,2,2,2,EA,R1,1,True,2
22833,1,1,1,EA,R1,1,True,1
22849,2,2,2,EA,R1,1,True,2
22966,2,2,2,EA,R1,1,True,2
23023,1,1,1,EA,R1,1,True,1
23052,1,1,1,EA,R1,1,True,1
23089,1,1,1,EA,R1,1,True,1
23103,2,2,2,EA,R1,1,True,2
23104,2,2,2,EA,R1,1,True,2
23128,1,1,1,EA,R1,1,True,1
23200,1,1,1,EA,R1,1,True,1
23313,2,2,2,EA,R1,1,True,2
23322,1,1,1,EA,R1,1,True,1
23323,2,2,1,EA,R1,0,False,2
23404,2,2,2,EA,R1,1,True,2
23415,1,1,1,EA,R1,1,True,1
23440,2,2,2,EA,R1,1,True,2
23453,2,2,2,EA,R1,1,True,2
23505,1,1,1,EA,R1,1,True,1
23514,2,2,2,EA,R1,1,True,2
23524,1,1,1,EA,R1,1,True,1
23530,2,2,2,EA,R1,1,True,2
23534,2,2,2,EA,R1,1,True,2
23574,1,1,1,EA,R1,1,True,1
23584,1,1,1,EA,R1,1,True,1
23605,1,1,1,EA,R1,1,True,1
23620,2,2,2,EA,R1,1,True,2
23648,2,2,2,EA,R1,1,True,2
23699,2,2,2,EA,R1,1,True,2
23713,2,2,2,EA,R1,1,True,2
23779,1,1,1,EA,R1,1,True,1
23871,1,1,1,EA,R1,1,True,1
23873,1,1,1,EA,R1,1,True,1
23901,1,1,1,EA,R1,1,True,1
24026,2,2,2,EA,R1,1,True,2
24163,1,1,1,EA,R1,1,True,1
24174,2,2,2,EA,R1,1,True,2
24223,1,1,1,EA,R1,1,True,1
24260,2,2,1,EA,R1,0,False,2
24291,2,1,2,EA,R1,0,False,2
24304,1,1,1,EA,R1,1,True,1
24334,2,2,2,EA,R1,1,True,2
24405,2,2,2,EA,R1,1,True,2
24408,1,1,1,EA,R1,1,True,1
24500,2,2,2,EA,R1,1,True,2
24502,1,2,2,EA,R1,0,False,1
24541,2,2,2,EA,R1,1,True,2
24573,1,1,1,EA,R1,1,True,1
24577,2,2,2,EA,R1,1,True,2
24637,2,2,2,EA,R1,1,True,2
24673,1,1,1,EA,R1,1,True,1
24706,1,1,1,EA,R1,1,True,1
24740,2,2,2,EA,R1,1,True,2
24774,2,2,2,EA,R1,1,True,2
24836,1,1,1,EA,R1,1,True,1
24871,1,2,2,EA,R1,0,False,1
24902,2,2,2,EA,R1,1,True,2
24959,2,2,2,EA,R1,1,True,2
24975,1,1,1,EA,R1,1,True,1
24995,1,1,1,EA,R1,1,True,1
25015,1,1,1,EA,R1,1,True,1
25038,1,1,1,EA,R1,1,True,1
25109,2,2,2,EA,R1,1,True,2
25137,1,1,1,EA,R1,1,True,1
25155,1,1,1,EA,R1,1,True,1
25239,2,2,2,EA,R1,1,True,2
25270,1,1,1,EA,R1,1,True,1
25302,2,2,2,EA,R1,1,True,2
25337,1,1,1,EA,R1,1,True,1
25348,1,1,1,EA,R1,1,True,1
25369,2,2,2,EA,R1,1,True,2
25380,2,1,1,EA,R1,0,False,2
25416,1,1,1,EA,R1,1,True,1
25435,1,1,1,EA,R1,1,True,1
25447,1,1,1,EA,R1,1,True,1
25448,2,2,2,EA,R1,1,True,2
25471,2,2,2,EA,R1,1,True,2
25523,2,2,2,EA,R1,1,True,2
25591,1,1,1,EA,R1,1,True,1
25650,1,1,1,EA,R1,1,True,1
25690,1,1,1,EA,R1,1,True,1
25698,2,2,2,EA,R1,1,True,2
25856,1,2,1,EA,R1,0,False,1
25868,1,1,1,EA,R1,1,True,1
25990,2,2,2,EA,R1,1,True,2
26032,1,1,1,EA,R1,1,True,1
26129,2,2,2,EA,R1,1,True,2
26161,1,1,1,EA,R1,1,True,1
26178,2,2,2,EA,R1,1,True,2
26211,2,2,2,EA,R1,1,True,2
26281,1,1,1,EA,R1,1,True,1
26287,2,2,2,EA,R1,1,True,2
26292,1,1,1,EA,R1,1,True,1
26302,1,1,1,EA,R1,1,True,1
26321,2,2,2,EA,R1,1,True,2
26337,1,1,1,EA,R1,1,True,1
26345,1,2,1,EA,R1,0,False,1
26480,2,2,2,EA,R1,1,True,2
26492,2,2,2,EA,R1,1,True,2
26528,1,1,1,EA,R1,1,True,1
26546,1,1,1,EA,R1,1,True,1
26556,1,1,1,EA,R1,1,True,1
26575,2,2,2,EA,R1,1,True,2
26678,2,2,2,EA,R1,1,True,2
26714,2,2,2,EA,R1,1,True,2
26831,1,1,1,EA,R1,1,True,1
26865,2,2,2,EA,R1,1,True,2
26878,2,2,2,EA,R1,1,True,2
26995,2,1,2,EA,R1,0,False,2
27029,1,1,1,EA,R1,1,True,1
27088,1,1,1,EA,R1,1,True,1
27101,1,1,1,EA,R1,1,True,1
27117,1,1,1,EA,R1,1,True,1
27271,1,1,1,EA,R1,1,True,1
27395,2,2,2,EA,R1,1,True,2
27431,2,2,2,EA,R1,1,True,2
27497,1,1,1,EA,R1,1,True,1
27524,2,2,2,EA,R1,1,True,2
27558,2,2,2,EA,R1,1,True,2
27610,2,2,2,EA,R1,1,True,2
27668,2,2,2,EA,R1,1,True,2
27688,1,2,2,EA,R1,0,False,1
27740,2,2,2,EA,R1,1,True,2
27786,2,2,2,EA,R1,1,True,2
27828,2,2,2,EA,R1,1,True,2
27904,2,2,2,EA,R1,1,True,2
27910,2,2,2,EA,R1,1,True,2
27911,2,2,2,EA,R1,1,True,2
28011,2,2,2,EA,R1,1,True,2
28019,1,1,1,EA,R1,1,True,1
28051,2,2,2,EA,R1,1,True,2
28057,1,2,1,EA,R1,0,False,1
28067,1,1,1,EA,R1,1,True,1
28114,2,2,2,EA,R1,1,True,2
28222,2,2,2,EA,R1,1,True,2
28262,2,2,2,EA,R1,1,True,2
28271,1,1,1,EA,R1,1,True,1
28339,2,2,2,EA,R1,1,True,2
28341,1,1,1,EA,R1,1,True,1
28365,2,2,2,EA,R1,1,True,2
28463,2,2,2,EA,R1,1,True,2
28490,1,1,1,EA,R1,1,True,1
28550,2,2,2,EA,R1,1,True,2
28574,2,2,2,EA,R1,1,True,2
28656,2,2,2,EA,R1,1,True,2
28674,2,2,2,EA,R1,1,True,2
28728,1,1,1,EA,R1,1,True,1
28789,2,2,2,EA,R1,1,True,2
28790,1,1,2,EA,R1,0,False,1
28814,1,1,1,EA,R1,1,True,1
28822,2,2,2,EA,R1,1,True,2
28963,1,1,1,EA,R1,1,True,1
29070,2,2,2,EA,R1,1,True,2
29105,2,2,2,EA,R1,1,True,2
29132,2,1,1,EA,R1,0,False,2
29144,1,1,1,EA,R1,1,True,1
29184,1,1,1,EA,R1,1,True,1
29243,2,2,2,EA,R1,1,True,2
29385,1,1,1,EA,R1,1,True,1
29411,1,1,1,EA,R1,1,True,1
29417,2,2,2,EA,R1,1,True,2
29454,2,2,2,EA,R1,1,True,2
29465,1,2,2,EA,R1,0,False,1
29484,2,2,2,EA,R1,1,True,2
29582,1,1,1,EA,R1,1,True,1
29629,1,1,1,EA,R1,1,True,1
29644,1,1,1,EA,R1,1,True,1
29679,1,1,1,EA,R1,1,True,1
29768,1,1,1,EA,R1,1,True,1
29880,2,2,2,EA,R1,1,True,2
29903,1,1,1,EA,R1,1,True,1
29912,1,1,1,EA,R1,1,True,1
29978,1,1,1,EA,R1,1,True,1
30052,1,1,1,EA,R1,1,True,1
30118,1,1,1,EA,R1,1,True,1
30131,1,2,1,EA,R1,0,False,1
30137,2,2,2,EA,R1,1,True,2
30143,1,1,1,EA,R1,1,True,1
30180,1,1,1,EA,R1,1,True,1
30259,1,1,1,EA,R1,1,True,1
30273,1,1,1,EA,R1,1,True,1
30285,2,2,2,EA,R1,1,True,2
30328,1,1,1,EA,R1,1,True,1
30329,1,1,1,EA,R1,1,True,1
30336,2,2,2,EA,R1,1,True,2
30340,1,1,1,EA,R1,1,True,1
30352,2,2,2,EA,R1,1,True,2
30367,2,2,2,EA,R1,1,True,2
30457,2,2,2,EA,R1,1,True,2
30498,2,2,2,EA,R1,1,True,2
30514,1,1,1,EA,R1,1,True,1
30544,1,1,1,EA,R1,1,True,1
30637,1,1,1,EA,R1,1,True,1
30694,2,2,2,EA,R1,1,True,2
30701,2,2,2,EA,R1,1,True,2
30710,2,2,2,EA,R1,1,True,2
30794,1,1,1,EA,R1,1,True,1
30807,1,1,1,EA,R1,1,True,1
30825,1,1,1,EA,R1,1,True,1
30846,1,1,1,EA,R1,1,True,1
30856,2,2,2,EA,R1,1,True,2
30872,2,2,2,EA,R1,1,True,2
30880,1,1,1,EA,R1,1,True,1
30899,1,1,1,EA,R1,1,True,1
30922,1,1,1,EA,R1,1,True,1
30936,2,2,2,EA,R1,1,True,2
31029,1,1,1,EA,R1,1,True,1
31060,1,1,1,EA,R1,1,True,1
31081,2,2,2,EA,R1,1,True,2
31089,1,1,1,EA,R1,1,True,1
31128,1,1,1,EA,R1,1,True,1
31129,2,2,2,EA,R1,1,True,2
31138,1,1,1,EA,R1,1,True,1
31148,1,1,1,EA,R1,1,True,1
31247,1,1,1,EA,R1,1,True,1
31266,2,2,2,EA,R1,1,True,2
31350,2,2,2,EA,R1,1,True,2
31386,2,2,2,EA,R1,1,True,2
31470,1,1,1,EA,R1,1,True,1
31483,2,2,2,EA,R1,1,True,2
31568,1,1,1,EA,R1,1,True,1
31597,1,1,1,EA,R1,1,True,1
31622,1,1,1,EA,R1,1,True,1
31628,1,1,1,EA,R1,1,True,1
31634,1,1,1,EA,R1,1,True,1
31665,1,1,1,EA,R1,1,True,1
31720,1,1,1,EA,R1,1,True,1
31728,1,1,1,EA,R1,1,True,1
31754,2,2,1,EA,R1,0,False,2
31808,2,2,2,EA,R1,1,True,2
31883,2,2,2,EA,R1,1,True,2
31907,2,2,2,EA,R1,1,True,2
32003,2,2,2,EA,R1,1,True,2
32090,1,1,1,EA,R1,1,True,1
32112,2,2,2,EA,R1,1,True,2
32116,2,2,2,EA,R1,1,True,2
32131,2,2,2,EA,R1,1,True,2
32167,1,1,1,EA,R1,1,True,1
32177,1,1,1,EA,R1,1,True,1
32263,2,2,2,EA,R1,1,True,2
32265,1,1,1,EA,R1,1,True,1
32323,2,2,2,EA,R1,1,True,2
32372,1,1,1,EA,R1,1,True,1
32463,2,2,2,EA,R1,1,True,2
32489,2,2,2,EA,R1,1,True,2
32518,1,1,1,EA,R1,1,True,1
32558,2,2,2,EA,R1,1,True,2
32572,2,2,2,EA,R1,1,True,2
32638,1,1,1,EA,R1,1,True,1
32679,1,1,1,EA,R1,1,True,1
32722,2,2,2,EA,R1,1,True,2
32747,1,1,1,EA,R1,1,True,1
32753,2,2,2,EA,R1,1,True,2
32785,1,1,1,EA,R1,1,True,1
32872,2,2,2,EA,R1,1,True,2
32894,1,1,1,EA,R1,1,True,1
32913,1,1,1,EA,R1,1,True,1
32917,1,2,2,EA,R1,0,False,1
32963,1,1,1,EA,R1,1,True,1
32972,2,2,2,EA,R1,1,True,2
33026,2,2,2,EA,R1,1,True,2
33067,2,2,2,EA,R1,1,True,2
33126,2,2,2,EA,R1,1,True,2
33141,2,2,2,EA,R1,1,True,2
33154,1,1,1,EA,R1,1,True,1
33212,2,2,2,EA,R1,1,True,2
33262,2,2,2,EA,R1,1,True,2
33291,1,1,1,EA,R1,1,True,1
33322,1,1,1,EA,R1,1,True,1
33345,1,1,1,EA,R1,1,True,1
33390,1,1,1,EA,R1,1,True,1
33409,2,2,2,EA,R1,1,True,2
33433,1,2,1,EA,R1,0,False,1
33470,1,1,1,EA,R1,1,True,1
33504,1,1,1,EA,R1,1,True,1
33509,1,1,1,EA,R1,1,True,1
33532,2,2,2,EA,R1,1,True,2
33618,2,1,2,EA,R1,0,False,2
33649,1,1,1,EA,R1,1,True,1
33741,1,1,1,EA,R1,1,True,1
33743,2,2,2,EA,R1,1,True,2
33765,2,2,2,EA,R1,1,True,2
33780,2,2,1,EA,R1,0,False,2
33806,1,1,1,EA,R1,1,True,1
33808,2,2,2,EA,R1,1,True,2
33856,1,1,1,EA,R1,1,True,1
33859,2,2,2,EA,R1,1,True,2
33890,2,2,2,EA,R1,1,True,2
33936,2,2,2,EA,R1,1,True,2
33940,2,2,2,EA,R1,1,True,2
33961,1,1,1,EA,R1,1,True,1
33962,2,2,2,EA,R1,1,True,2
33986,1,1,1,EA,R1,1,True,1
34029,2,2,2,EA,R1,1,True,2
34084,1,1,1,EA,R1,1,True,1
34125,2,2,2,EA,R1,1,True,2
34143,2,2,2,EA,R1,1,True,2
34148,1,1,1,EA,R1,1,True,1
34171,1,1,1,EA,R1,1,True,1
34215,2,2,2,EA,R1,1,True,2
34276,1,1,1,EA,R1,1,True,1
34332,2,2,1,EA,R1,0,False,2
34354,1,1,1,EA,R1,1,True,1
34404,2,2,2,EA,R1,1,True,2
34414,2,2,2,EA,R1,1,True,2
34456,1,2,1,EA,R1,0,False,1
34460,2,2,2,EA,R1,1,True,2
34500,1,1,1,EA,R1,1,True,1
34573,1,1,1,EA,R1,1,True,1
34667,2,2,2,EA,R1,1,True,2
34714,2,2,2,EA,R1,1,True,2
34754,2,2,2,EA,R1,1,True,2
34812,2,2,2,EA,R1,1,True,2
34915,2,2,2,EA,R1,1,True,2
34918,2,2,2,EA,R1,1,True,2
34930,1,1,2,EA,R1,0,False,1
34944,2,2,2,EA,R1,1,True,2
34983,2,2,2,EA,R1,1,True,2
35058,2,2,2,EA,R1,1,True,2
35064,2,2,2,EA,R1,1,True,2
35127,2,2,2,EA,R1,1,True,2
35156,2,2,2,EA,R1,1,True,2
35174,1,1,1,EA,R1,1,True,1
35191,2,2,2,EA,R1,1,True,2
35201,2,2,2,EA,R1,1,True,2
35204,2,2,2,EA,R1,1,True,2
35282,2,2,2,EA,R1,1,True,2
35287,1,1,1,EA,R1,1,True,1
35397,2,2,2,EA,R1,1,True,2
35429,2,2,2,EA,R1,1,True,2
35467,2,2,2,EA,R1,1,True,2
35542,2,2,2,EA,R1,1,True,2
35564,2,2,2,EA,R1,1,True,2
35592,1,1,1,EA,R1,1,True,1
35643,2,2,2,EA,R1,1,True,2
35653,2,2,2,EA,R1,1,True,2
35715,2,2,2,EA,R1,1,True,2
35732,2,2,2,EA,R1,1,True,2
35738,2,2,2,EA,R1,1,True,2
35743,1,1,1,EA,R1,1,True,1
35871,2,2,2,EA,R1,1,True,2
35880,2,2,2,EA,R1,1,True,2
35907,2,1,1,EA,R1,0,False,2
35912,2,2,2,EA,R1,1,True,2
35918,1,2,2,EA,R1,0,False,1
35939,2,2,2,EA,R1,1,True,2
35991,2,2,2,EA,R1,1,True,2
36100,2,2,2,EA,R1,1,True,2
36117,1,1,1,EA,R1,1,True,1
36126,2,2,2,EA,R1,1,True,2
36186,2,2,2,EA,R1,1,True,2
36190,1,1,1,EA,R1,1,True,1
36199,2,2,2,EA,R1,1,True,2
36209,1,1,1,EA,R1,1,True,1
36223,2,1,1,EA,R1,0,False,2
36247,1,1,1,EA,R1,1,True,1
36341,1,1,2,EA,R1,0,False,1
36403,2,2,2,EA,R1,1,True,2
36419,2,2,2,EA,R1,1,True,2
36434,2,2,2,EA,R1,1,True,2
36449,1,1,1,EA,R1,1,True,1
36482,2,2,2,EA,R1,1,True,2
36557,2,2,2,EA,R1,1,True,2
36686,2,2,2,EA,R1,1,True,2
36689,1,1,1,EA,R1,1,True,1
36734,1,1,1,EA,R1,1,True,1
36743,1,1,1,EA,R1,1,True,1
36767,2,2,2,EA,R1,1,True,2
36785,2,2,1,EA,R1,0,False,2
36812,2,2,2,EA,R1,1,True,2
36819,2,2,2,EA,R1,1,True,2
36849,2,2,2,EA,R1,1,True,2
36960,1,1,1,EA,R1,1,True,1
36974,2,2,2,EA,R1,1,True,2
37006,2,2,2,EA,R1,1,True,2
37016,2,2,2,EA,R1,1,True,2
37020,1,1,1,EA,R1,1,True,1
37082,2,2,2,EA,R1,1,True,2
37102,1,1,1,EA,R1,1,True,1
37114,2,2,2,EA,R1,1,True,2
37124,2,2,2,EA,R1,1,True,2
37184,2,2,2,EA,R1,1,True,2
37234,2,2,2,EA,R1,1,True,2
37245,1,1,1,EA,R1,1,True,1
37249,2,2,2,EA,R1,1,True,2
37258,2,2,2,EA,R1,1,True,2
37327,1,1,1,EA,R1,1,True,1
37367,2,2,2,EA,R1,1,True,2
37404,1,1,1,EA,R1,1,True,1
37422,1,1,1,EA,R1,1,True,1
37432,2,2,2,EA,R1,1,True,2
37435,1,1,1,EA,R1,1,True,1
37490,1,1,1,EA,R1,1,True,1
37537,2,2,2,EA,R1,1,True,2
37542,1,1,1,EA,R1,1,True,1
37569,2,2,2,EA,R1,1,True,2
37608,1,1,1,EA,R1,1,True,1
37614,2,2,2,EA,R1,1,True,2
37617,2,2,1,EA,R1,0,False,2
37679,1,1,1,EA,R1,1,True,1
37723,2,2,2,EA,R1,1,True,2
37725,2,2,2,EA,R1,1,True,2
37741,2,2,2,EA,R1,1,True,2
37743,2,2,2,EA,R1,1,True,2
37842,1,1,1,EA,R1,1,True,1
37843,1,1,1,EA,R1,1,True,1
37909,1,1,1,EA,R1,1,True,1
37955,1,1,1,EA,R1,1,True,1
38026,2,2,2,EA,R1,1,True,2
38068,2,2,2,EA,R1,1,True,2
38078,2,2,2,EA,R1,1,True,2
38093,2,2,2,EA,R1,1,True,2
38130,2,2,2,EA,R1,1,True,2
38144,1,1,1,EA,R1,1,True,1
38146,1,1,1,EA,R1,1,True,1
38166,1,1,1,EA,R1,1,True,1
38168,1,1,2,EA,R1,0,False,1
38191,2,2,2,EA,R1,1,True,2
38245,1,1,1,EA,R1,1,True,1
38267,1,1,1,EA,R1,1,True,1
38352,1,1,1,EA,R1,1,True,1
38363,2,2,2,EA,R1,1,True,2
38390,1,1,1,EA,R1,1,True,1
38395,1,1,1,EA,R1,1,True,1
38425,2,2,2,EA,R1,1,True,2
38485,1,1,1,EA,R1,1,True,1
38518,1,1,1,EA,R1,1,True,1
38530,1,1,1,EA,R1,1,True,1
38533,2,2,1,EA,R1,0,False,2
38554,2,2,2,EA,R1,1,True,2
38562,2,2,2,EA,R1,1,True,2
38593,2,2,2,EA,R1,1,True,2
38627,2,2,2,EA,R1,1,True,2
38630,1,1,1,EA,R1,1,True,1
38721,1,1,1,EA,R1,1,True,1
38773,1,1,1,EA,R1,1,True,1
38802,2,2,2,EA,R1,1,True,2
38809,1,1,1,EA,R1,1,True,1
38811,2,2,2,EA,R1,1,True,2
38829,1,1,1,EA,R1,1,True,1
38858,2,2,2,EA,R1,1,True,2
38920,2,2,2,EA,R1,1,True,2
38928,2,2,2,EA,R1,1,True,2
38947,1,1,1,EA,R1,1,True,1
39000,2,2,2,EA,R1,1,True,2
39152,2,2,2,EA,R1,1,True,2
39199,1,1,1,EA,R1,1,True,1
39321,1,1,1,EA,R1,1,True,1
39356,2,2,2,EA,R1,1,True,2
39388,2,2,2,EA,R1,1,True,2
39457,1,1,1,EA,R1,1,True,1
39466,1,1,1,EA,R1,1,True,1
39532,2,2,2,EA,R1,1,True,2
39553,2,2,2,EA,R1,1,True,2
39557,1,1,1,EA,R1,1,True,1
39630,1,1,2,EA,R1,0,False,1
39715,2,2,2,EA,R1,1,True,2
39795,1,1,1,EA,R1,1,True,1
39804,1,1,1,EA,R1,1,True,1
39833,2,2,2,EA,R1,1,True,2
39842,1,1,1,EA,R1,1,True,1
39855,2,2,2,EA,R1,1,True,2
39864,2,2,2,EA,R1,1,True,2
39884,2,2,2,EA,R1,1,True,2
39918,1,1,1,EA,R1,1,True,1
40029,2,1,1,EA,R1,0,False,2
40068,1,1,1,EA,R1,1,True,1
40135,1,1,1,EA,R1,1,True,1
40145,1,1,1,EA,R1,1,True,1
40164,1,1,1,EA,R1,1,True,1
40169,1,1,1,EA,R1,1,True,1
40296,2,2,2,EA,R1,1,True,2
40352,1,1,1,EA,R1,1,True,1
40376,1,1,1,EA,R1,1,True,1
40497,2,2,2,EA,R1,1,True,2
40535,1,1,1,EA,R1,1,True,1
40542,2,2,2,EA,R1,1,True,2
40622,2,2,2,EA,R1,1,True,2
40625,2,2,2,EA,R1,1,True,2
40653,2,2,2,EA,R1,1,True,2
40762,1,1,1,EA,R1,1,True,1
40853,1,1,1,EA,R1,1,True,1
40855,2,2,2,EA,R1,1,True,2
40857,2,1,2,EA,R1,0,False,2
40920,2,2,2,EA,R1,1,True,2
40923,2,2,2,EA,R1,1,True,2
40969,1,1,1,EA,R1,1,True,1
40991,2,1,1,EA,R1,0,False,2
41001,2,2,2,EA,R1,1,True,2
41077,1,1,1,EA,R1,1,True,1
41103,2,2,2,EA,R1,1,True,2
41150,2,2,2,EA,R1,1,True,2
41152,2,2,2,EA,R1,1,True,2
41237,1,1,1,EA,R1,1,True,1
41239,1,1,1,EA,R1,1,True,1
41273,1,2,1,EA,R1,0,False,1
41360,2,2,2,EA,R1,1,True,2
41368,1,1,1,EA,R1,1,True,1
41416,2,2,2,EA,R1,1,True,2
41457,1,1,2,EA,R1,0,False,1
41472,1,1,1,EA,R1,1,True,1
41514,2,2,2,EA,R1,1,True,2
41581,2,2,2,EA,R1,1,True,2
41590,2,2,2,EA,R1,1,True,2
41607,1,1,1,EA,R1,1,True,1
41636,1,1,1,EA,R1,1,True,1
41704,1,1,1,EA,R1,1,True,1
41829,1,1,1,EA,R1,1,True,1
41836,1,1,1,EA,R1,1,True,1
41906,2,2,2,EA,R1,1,True,2
41973,2,2,2,EA,R1,1,True,2
42006,2,2,2,EA,R1,1,True,2
42040,1,1,1,EA,R1,1,True,1
42067,1,1,1,EA,R1,1,True,1
42086,2,2,2,EA,R1,1,True,2
42112,2,2,2,EA,R1,1,True,2
42166,2,2,2,EA,R1,1,True,2
42174,1,1,1,EA,R1,1,True,1
42185,2,2,2,EA,R1,1,True,2
42228,2,2,2,EA,R1,1,True,2
42330,1,1,1,EA,R1,1,True,1
42335,2,2,2,EA,R1,1,True,2
42344,1,1,1,EA,R1,1,True,1
42391,2,2,2,EA,R1,1,True,2
42428,1,1,1,EA,R1,1,True,1
42468,2,2,2,EA,R1,1,True,2
42520,2,1,1,EA,R1,0,False,2
42521,1,1,1,EA,R1,1,True,1
42568,2,2,2,EA,R1,1,True,2
42572,2,2,2,EA,R1,1,True,2
42585,1,1,1,EA,R1,1,True,1
42609,2,2,2,EA,R1,1,True,2
42690,2,2,2,EA,R1,1,True,2
42714,2,2,2,EA,R1,1,True,2
42742,1,2,2,EA,R1,0,False,1
42860,2,2,2,EA,R1,1,True,2
42886,2,2,2,EA,R1,1,True,2
42922,2,2,2,EA,R1,1,True,2
43042,1,1,1,EA,R1,1,True,1
43070,2,2,2,EA,R1,1,True,2
43113,2,1,1,EA,R1,0,False,2
43164,2,2,2,EA,R1,1,True,2
43191,1,1,1,EA,R1,1,True,1
43285,1,2,1,EA,R1,0,False,1
43295,2,2,2,EA,R1,1,True,2
43350,2,2,2,EA,R1,1,True,2
43486,1,1,1,EA,R1,1,True,1
43526,2,2,2,EA,R1,1,True,2
43621,2,2,2,EA,R1,1,True,2
43668,2,2,2,EA,R1,1,True,2
43764,2,2,2,EA,R1,1,True,2
43800,2,2,2,EA,R1,1,True,2
43811,1,1,2,EA,R1,0,False,1
43878,1,1,1,EA,R1,1,True,1
44063,2,2,2,EA,R1,1,True,2
44064,2,2,2,EA,R1,1,True,2
44147,2,2,2,EA,R1,1,True,2
44167,2,2,2,EA,R1,1,True,2
44178,2,2,2,EA,R1,1,True,2
44313,2,2,2,EA,R1,1,True,2
44380,1,1,1,EA,R1,1,True,1
44400,2,2,2,EA,R1,1,True,2
44415,2,2,2,EA,R1,1,True,2
44430,2,2,2,EA,R1,1,True,2
44444,2,2,2,EA,R1,1,True,2
44458,2,2,2,EA,R1,1,True,2
44475,1,1,1,EA,R1,1,True,1
44479,2,2,2,EA,R1,1,True,2
44628,1,1,1,EA,R1,1,True,1
44682,1,1,1,EA,R1,1,True,1
44743,1,1,1,EA,R1,1,True,1
44812,2,2,2,EA,R1,1,True,2
44833,1,1,1,EA,R1,1,True,1
44841,2,2,2,EA,R1,1,True,2
44887,2,2,2,EA,R1,1,True,2
44967,1,1,1,EA,R1,1,True,1
45012,2,2,2,EA,R1,1,True,2
45024,1,1,1,EA,R1,1,True,1
45075,2,2,2,EA,R1,1,True,2
45117,2,2,2,EA,R1,1,True,2
45137,2,2,2,EA,R1,1,True,2
45175,2,2,2,EA,R1,1,True,2
45184,1,1,1,EA,R1,1,True,1
45190,2,2,2,EA,R1,1,True,2
45199,1,2,1,EA,R1,0,False,1
45289,1,1,1,EA,R1,1,True,1
45314,1,1,1,EA,R1,1,True,1
45337,1,1,1,EA,R1,1,True,1
45340,2,2,2,EA,R1,1,True,2
45390,2,2,2,EA,R1,1,True,2
45424,2,2,2,EA,R1,1,True,2
45470,2,2,2,EA,R1,1,True,2
45492,1,1,1,EA,R1,1,True,1
45529,2,2,2,EA,R1,1,True,2
45544,2,2,2,EA,R1,1,True,2
45784,1,1,1,EA,R1,1,True,1
45800,2,2,2,EA,R1,1,True,2
45811,2,2,2,EA,R1,1,True,2
45837,1,1,1,EA,R1,1,True,1
45857,2,2,2,EA,R1,1,True,2
45893,2,2,2,EA,R1,1,True,2
45919,2,2,1,EA,R1,0,False,2
45938,2,2,2,EA,R1,1,True,2
45983,1,1,1,EA,R1,1,True,1
45985,1,1,1,EA,R1,1,True,1
46026,2,2,2,EA,R1,1,True,2
46132,1,1,1,EA,R1,1,True,1
46147,1,1,1,EA,R1,1,True,1
46160,1,1,1,EA,R1,1,True,1
46218,1,2,2,EA,R1,0,False,1
46346,1,1,1,EA,R1,1,True,1
46371,1,1,1,EA,R1,1,True,1
46372,2,2,2,EA,R1,1,True,2
46555,2,2,2,EA,R1,1,True,2
46569,2,2,2,EA,R1,1,True,2
46595,2,2,2,EA,R1,1,True,2
46674,1,1,1,EA,R1,1,True,1
46707,1,1,1,EA,R1,1,True,1
46710,2,2,2,EA,R1,1,True,2
46751,2,2,2,EA,R1,1,True,2
46756,1,1,1,EA,R1,1,True,1
46758,2,1,2,EA,R1,0,False,2
46810,2,2,2,EA,R1,1,True,2
46859,2,2,2,EA,R1,1,True,2
46880,1,1,1,EA,R1,1,True,1
46894,2,2,2,EA,R1,1,True,2
46969,2,2,2,EA,R1,1,True,2
47024,2,2,2,EA,R1,1,True,2
47060,2,2,2,EA,R1,1,True,2
47065,2,2,2,EA,R1,1,True,2
47097,1,1,1,EA,R1,1,True,1
47139,2,2,2,EA,R1,1,True,2
47169,2,2,2,EA,R1,1,True,2
47174,2,2,2,EA,R1,1,True,2
47216,2,2,2,EA,R1,1,True,2
47246,2,2,2,EA,R1,1,True,2
47249,2,2,2,EA,R1,1,True,2
47362,1,1,1,EA,R1,1,True,1
47371,1,1,1,EA,R1,1,True,1
47560,1,1,1,EA,R1,1,True,1
47603,1,1,1,EA,R1,1,True,1
47619,2,2,2,EA,R1,1,True,2
47632,1,1,1,EA,R1,1,True,1
47865,2,2,2,EA,R1,1,True,2
47886,1,1,1,EA,R1,1,True,1
48180,1,1,1,EA,R1,1,True,1
48182,1,1,1,EA,R1,1,True,1
48217,2,2,2,EA,R1,1,True,2
48246,1,1,1,EA,R1,1,True,1
48295,2,2,1,EA,R1,0,False,2
48329,1,1,1,EA,R1,1,True,1
48352,1,1,1,EA,R1,1,True,1
48355,2,2,2,EA,R1,1,True,2
48359,1,2,1,EA,R1,0,False,1
48434,2,2,2,EA,R1,1,True,2
48441,2,2,2,EA,R1,1,True,2
48449,2,2,2,EA,R1,1,True,2
48506,2,2,2,EA,R1,1,True,2
48538,2,2,2,EA,R1,1,True,2
48541,1,1,1,EA,R1,1,True,1
48562,2,2,2,EA,R1,1,True,2
48563,2,2,2,EA,R1,1,True,2
48566,1,1,1,EA,R1,1,True,1
48587,1,1,1,EA,R1,1,True,1
48607,1,2,2,EA,R1,0,False,1
48618,2,1,1,EA,R1,0,False,2
48722,2,2,2,EA,R1,1,True,2
48728,1,1,1,EA,R1,1,True,1
48859,2,2,2,EA,R1,1,True,2
48898,1,1,1,EA,R1,1,True,1
48976,2,2,2,EA,R1,1,True,2
49004,1,1,1,EA,R1,1,True,1
49029,2,2,2,EA,R1,1,True,2
49047,1,1,1,EA,R1,1,True,1
49052,1,1,1,EA,R1,1,True,1
49095,1,1,1,EA,R1,1,True,1
49132,1,1,1,EA,R1,1,True,1
49146,1,1,1,EA,R1,1,True,1
49168,1,1,1,EA,R1,1,True,1
49182,2,2,2,EA,R1,1,True,2
49189,1,1,1,EA,R1,1,True,1
49213,1,1,1,EA,R1,1,True,1
49228,1,1,1,EA,R1,1,True,1
49239,2,1,1,EA,R1,0,False,2
49242,2,2,2,EA,R1,1,True,2
49325,1,1,1,EA,R1,1,True,1
49400,2,2,2,EA,R1,1,True,2
49460,1,1,1,EA,R1,1,True,1
49550,2,2,2,EA,R1,1,True,2
49700,2,2,2,EA,R1,1,True,2
49737,1,1,1,EA,R1,1,True,1
49765,2,2,2,EA,R1,1,True,2
49777,1,1,1,EA,R1,1,True,1
49855,2,2,2,EA,R1,1,True,2
49870,2,2,2,EA,R1,1,True,2
49943,2,2,2,EA,R1,1,True,2
49950,2,2,2,EA,R1,1,True,2
49959,2,2,2,EA,R1,1,True,2
49971,1,1,1,EA,R1,1,True,1
55,1,1,1,EA,V3,1,True,1
107,2,2,2,EA,V3,1,True,2
176,1,1,1,EA,V3,1,True,1
257,1,1,1,EA,V3,1,True,1
283,2,2,2,EA,V3,1,True,2
284,2,2,2,EA,V3,1,True,2
287,1,1,1,EA,V3,1,True,1
310,2,2,2,EA,V3,1,True,2
337,2,2,2,EA,V3,1,True,2
379,2,2,2,EA,V3,1,True,2
393,2,2,2,EA,V3,1,True,2
405,2,2,2,EA,V3,1,True,2
423,2,2,2,EA,V3,1,True,2
450,2,2,2,EA,V3,1,True,2
504,2,2,2,EA,V3,1,True,2
525,2,2,2,EA,V3,1,True,2
545,1,1,1,EA,V3,1,True,1
626,2,2,2,EA,V3,1,True,2
715,2,2,2,EA,V3,1,True,2
722,1,1,1,EA,V3,1,True,1
793,2,2,2,EA,V3,1,True,2
804,2,2,2,EA,V3,1,True,2
813,2,2,2,EA,V3,1,True,2
856,2,2,2,EA,V3,1,True,2
893,2,2,2,EA,V3,1,True,2
922,1,1,1,EA,V3,1,True,1
1029,2,2,2,EA,V3,1,True,2
1057,1,1,1,EA,V3,1,True,1
1106,1,1,1,EA,V3,1,True,1
1176,2,2,2,EA,V3,1,True,2
1199,1,1,1,EA,V3,1,True,1
1200,2,2,2,EA,V3,1,True,2
1205,1,1,1,EA,V3,1,True,1
1227,2,2,2,EA,V3,1,True,2
1261,2,2,2,EA,V3,1,True,2
1285,1,1,1,EA,V3,1,True,1
1290,1,1,1,EA,V3,1,True,1
1347,1,1,1,EA,V3,1,True,1
1352,2,2,2,EA,V3,1,True,2
1363,2,2,2,EA,V3,1,True,2
1421,1,1,1,EA,V3,1,True,1
1434,1,2,1,EA,V3,0,False,1
1481,1,1,1,EA,V3,1,True,1
1545,1,1,1,EA,V3,1,True,1
1552,1,1,1,EA,V3,1,True,1
1573,1,1,1,EA,V3,1,True,1
1656,2,2,2,EA,V3,1,True,2
1687,1,1,1,EA,V3,1,True,1
1707,2,2,2,EA,V3,1,True,2
1733,2,2,2,EA,V3,1,True,2
1735,2,2,2,EA,V3,1,True,2
1755,2,2,2,EA,V3,1,True,2
1808,1,1,1,EA,V3,1,True,1
1814,2,2,2,EA,V3,1,True,2
1819,2,2,2,EA,V3,1,True,2
1822,1,1,1,EA,V3,1,True,1
1823,1,1,1,EA,V3,1,True,1
1862,1,1,1,EA,V3,1,True,1
2004,2,2,2,EA,V3,1,True,2
2039,2,2,2,EA,V3,1,True,2
2055,1,1,1,EA,V3,1,True,1
2068,2,2,2,EA,V3,1,True,2
2081,1,1,1,EA,V3,1,True,1
2155,2,2,2,EA,V3,1,True,2
2170,1,1,1,EA,V3,1,True,1
2221,2,2,2,EA,V3,1,True,2
2288,2,2,2,EA,V3,1,True,2
2375,2,2,2,EA,V3,1,True,2
2379,1,1,1,EA,V3,1,True,1
2408,2,2,2,EA,V3,1,True,2
2426,2,2,2,EA,V3,1,True,2
2584,2,2,2,EA,V3,1,True,2
2585,1,1,1,EA,V3,1,True,1
2599,2,2,2,EA,V3,1,True,2
2600,1,1,1,EA,V3,1,True,1
2732,2,2,2,EA,V3,1,True,2
2844,1,1,1,EA,V3,1,True,1
2891,2,2,2,EA,V3,1,True,2
2932,2,2,2,EA,V3,1,True,2
2983,1,1,1,EA,V3,1,True,1
3056,1,1,1,EA,V3,1,True,1
3081,2,2,1,EA,V3,0,False,2
3102,1,1,1,EA,V3,1,True,1
3191,1,1,1,EA,V3,1,True,1
3230,1,2,2,EA,V3,0,False,1
3297,1,1,1,EA,V3,1,True,1
3363,1,1,1,EA,V3,1,True,1
3367,2,2,2,EA,V3,1,True,2
3385,2,2,2,EA,V3,1,True,2
3400,1,1,1,EA,V3,1,True,1
3418,1,1,1,EA,V3,1,True,1
3429,2,2,2,EA,V3,1,True,2
3440,1,1,1,EA,V3,1,True,1
3512,2,2,2,EA,V3,1,True,2
3524,1,1,1,EA,V3,1,True,1
3567,1,1,1,EA,V3,1,True,1
3631,2,2,2,EA,V3,1,True,2
3811,1,1,1,EA,V3,1,True,1
3824,1,1,1,EA,V3,1,True,1
3839,1,1,1,EA,V3,1,True,1
3867,1,1,1,EA,V3,1,True,1
3868,1,1,1,EA,V3,1,True,1
3912,1,1,1,EA,V3,1,True,1
3929,1,1,1,EA,V3,1,True,1
3954,2,2,2,EA,V3,1,True,2
3971,2,2,2,EA,V3,1,True,2
3979,2,1,2,EA,V3,0,False,2
4011,1,1,1,EA,V3,1,True,1
4017,2,2,2,EA,V3,1,True,2
4066,2,2,2,EA,V3,1,True,2
4087,2,2,2,EA,V3,1,True,2
4153,2,2,2,EA,V3,1,True,2
4182,2,2,2,EA,V3,1,True,2
4187,1,1,1,EA,V3,1,True,1
4207,1,1,1,EA,V3,1,True,1
4211,1,1,1,EA,V3,1,True,1
4303,1,1,1,EA,V3,1,True,1
4314,1,1,1,EA,V3,1,True,1
4339,1,1,1,EA,V3,1,True,1
4348,2,2,2,EA,V3,1,True,2
4447,1,1,1,EA,V3,1,True,1
4462,1,1,1,EA,V3,1,True,1
4591,1,1,1,EA,V3,1,True,1
4624,2,2,2,EA,V3,1,True,2
4651,2,2,2,EA,V3,1,True,2
4652,1,1,1,EA,V3,1,True,1
4663,1,1,1,EA,V3,1,True,1
4706,2,2,2,EA,V3,1,True,2
4716,1,1,1,EA,V3,1,True,1
4744,2,2,2,EA,V3,1,True,2
4767,1,1,1,EA,V3,1,True,1
4795,1,1,1,EA,V3,1,True,1
4797,1,1,1,EA,V3,1,True,1
4812,2,2,2,EA,V3,1,True,2
4827,2,2,2,EA,V3,1,True,2
4829,2,2,2,EA,V3,1,True,2
4851,1,2,2,EA,V3,0,False,1
4856,1,1,1,EA,V3,1,True,1
4865,1,2,1,EA,V3,0,False,1
4871,1,1,1,EA,V3,1,True,1
4927,2,2,2,EA,V3,1,True,2
4937,1,1,1,EA,V3,1,True,1
5006,1,2,1,EA,V3,0,False,1
5009,1,1,1,EA,V3,1,True,1
5024,1,1,1,EA,V3,1,True,1
5070,1,1,1,EA,V3,1,True,1
5086,2,2,2,EA,V3,1,True,2
5105,2,2,2,EA,V3,1,True,2
5119,1,1,1,EA,V3,1,True,1
5120,2,2,2,EA,V3,1,True,2
5159,1,1,1,EA,V3,1,True,1
5406,1,1,1,EA,V3,1,True,1
5424,2,2,2,EA,V3,1,True,2
5475,1,1,1,EA,V3,1,True,1
5499,1,1,1,EA,V3,1,True,1
5570,1,1,1,EA,V3,1,True,1
5586,1,2,1,EA,V3,0,False,1
5619,2,2,2,EA,V3,1,True,2
5651,1,1,1,EA,V3,1,True,1
5741,2,1,1,EA,V3,0,False,2
5797,2,2,2,EA,V3,1,True,2
5824,2,2,2,EA,V3,1,True,2
5829,1,1,1,EA,V3,1,True,1
5834,2,1,1,EA,V3,0,False,2
5906,2,2,2,EA,V3,1,True,2
5913,2,2,2,EA,V3,1,True,2
5938,2,2,2,EA,V3,1,True,2
5957,2,2,2,EA,V3,1,True,2
5998,2,2,2,EA,V3,1,True,2
6010,2,2,2,EA,V3,1,True,2
6059,2,2,2,EA,V3,1,True,2
6111,1,1,1,EA,V3,1,True,1
6137,1,1,1,EA,V3,1,True,1
6156,1,1,1,EA,V3,1,True,1
6252,1,1,1,EA,V3,1,True,1
6253,2,2,2,EA,V3,1,True,2
6255,2,2,2,EA,V3,1,True,2
6295,1,1,1,EA,V3,1,True,1
6347,1,1,1,EA,V3,1,True,1
6374,1,1,1,EA,V3,1,True,1
6420,1,2,1,EA,V3,0,False,1
6452,1,1,1,EA,V3,1,True,1
6465,1,1,1,EA,V3,1,True,1
6484,2,2,2,EA,V3,1,True,2
6488,1,2,1,EA,V3,0,False,1
6519,2,2,2,EA,V3,1,True,2
6527,1,1,1,EA,V3,1,True,1
6595,1,1,1,EA,V3,1,True,1
6631,1,1,1,EA,V3,1,True,1
6692,1,1,1,EA,V3,1,True,1
6715,2,2,2,EA,V3,1,True,2
6728,1,1,1,EA,V3,1,True,1
6756,2,2,2,EA,V3,1,True,2
6812,1,1,1,EA,V3,1,True,1
6824,1,1,1,EA,V3,1,True,1
6826,1,1,1,EA,V3,1,True,1
6842,2,2,2,EA,V3,1,True,2
6867,1,1,1,EA,V3,1,True,1
6868,2,2,2,EA,V3,1,True,2
6899,2,2,2,EA,V3,1,True,2
6965,2,2,2,EA,V3,1,True,2
6977,2,2,2,EA,V3,1,True,2
6991,1,1,1,EA,V3,1,True,1
7001,2,2,2,EA,V3,1,True,2
7004,1,1,1,EA,V3,1,True,1
7042,2,2,2,EA,V3,1,True,2
7070,2,2,2,EA,V3,1,True,2
7096,1,1,1,EA,V3,1,True,1
7099,1,1,1,EA,V3,1,True,1
7194,2,2,2,EA,V3,1,True,2
7220,2,2,2,EA,V3,1,True,2
7235,1,2,2,EA,V3,0,False,1
7313,2,2,2,EA,V3,1,True,2
7387,1,1,1,EA,V3,1,True,1
7407,1,1,1,EA,V3,1,True,1
7430,2,2,2,EA,V3,1,True,2
7439,1,1,1,EA,V3,1,True,1
7451,2,2,2,EA,V3,1,True,2
7498,2,2,2,EA,V3,1,True,2
7550,1,1,1,EA,V3,1,True,1
7553,2,2,2,EA,V3,1,True,2
7555,1,1,1,EA,V3,1,True,1
7581,2,2,2,EA,V3,1,True,2
7599,2,2,2,EA,V3,1,True,2
7631,1,1,1,EA,V3,1,True,1
7654,1,1,1,EA,V3,1,True,1
7687,1,1,1,EA,V3,1,True,1
7723,1,1,1,EA,V3,1,True,1
7756,1,2,1,EA,V3,0,False,1
7832,2,2,2,EA,V3,1,True,2
7887,1,1,1,EA,V3,1,True,1
7894,1,1,1,EA,V3,1,True,1
7915,2,2,2,EA,V3,1,True,2
7949,2,2,2,EA,V3,1,True,2
7966,1,1,1,EA,V3,1,True,1
7972,1,1,1,EA,V3,1,True,1
7992,2,2,2,EA,V3,1,True,2
8015,2,2,2,EA,V3,1,True,2
8033,1,1,1,EA,V3,1,True,1
8139,1,1,1,EA,V3,1,True,1
8217,1,1,1,EA,V3,1,True,1
8268,1,1,1,EA,V3,1,True,1
8339,1,1,1,EA,V3,1,True,1
8366,2,2,2,EA,V3,1,True,2
8444,1,1,1,EA,V3,1,True,1
8477,1,1,1,EA,V3,1,True,1
8580,2,2,2,EA,V3,1,True,2
8614,1,1,1,EA,V3,1,True,1
8630,2,2,2,EA,V3,1,True,2
8637,1,1,1,EA,V3,1,True,1
8672,1,1,1,EA,V3,1,True,1
8800,1,1,1,EA,V3,1,True,1
8816,2,2,2,EA,V3,1,True,2
8902,2,2,2,EA,V3,1,True,2
8923,2,2,2,EA,V3,1,True,2
8948,1,1,1,EA,V3,1,True,1
8993,1,1,1,EA,V3,1,True,1
9004,1,1,1,EA,V3,1,True,1
9089,2,2,2,EA,V3,1,True,2
9102,2,2,2,EA,V3,1,True,2
9120,1,1,1,EA,V3,1,True,1
9134,2,2,2,EA,V3,1,True,2
9246,2,2,2,EA,V3,1,True,2
9268,1,1,1,EA,V3,1,True,1
9324,2,1,2,EA,V3,0,False,2
9325,1,1,1,EA,V3,1,True,1
9349,2,2,2,EA,V3,1,True,2
9357,2,2,2,EA,V3,1,True,2
9417,1,1,1,EA,V3,1,True,1
9459,2,2,2,EA,V3,1,True,2
9465,1,1,1,EA,V3,1,True,1
9469,2,2,2,EA,V3,1,True,2
9473,2,2,2,EA,V3,1,True,2
9485,2,2,2,EA,V3,1,True,2
9544,1,1,1,EA,V3,1,True,1
9595,1,1,1,EA,V3,1,True,1
9632,2,2,2,EA,V3,1,True,2
9635,2,2,2,EA,V3,1,True,2
9677,2,2,2,EA,V3,1,True,2
9715,1,1,1,EA,V3,1,True,1
9724,2,2,2,EA,V3,1,True,2
9774,2,2,2,EA,V3,1,True,2
9796,1,1,1,EA,V3,1,True,1
9892,2,2,2,EA,V3,1,True,2
9899,1,1,1,EA,V3,1,True,1
9907,2,2,2,EA,V3,1,True,2
9934,1,1,1,EA,V3,1,True,1
9955,2,2,2,EA,V3,1,True,2
9987,1,1,1,EA,V3,1,True,1
10022,1,1,1,EA,V3,1,True,1
10156,1,1,1,EA,V3,1,True,1
10163,1,1,1,EA,V3,1,True,1
10174,1,2,1,EA,V3,0,False,1
10187,1,1,1,EA,V3,1,True,1
10189,1,2,1,EA,V3,0,False,1
10210,1,1,1,EA,V3,1,True,1
10301,2,2,2,EA,V3,1,True,2
10328,1,1,1,EA,V3,1,True,1
10330,2,2,2,EA,V3,1,True,2
10361,1,1,1,EA,V3,1,True,1
10375,1,1,1,EA,V3,1,True,1
10400,1,1,1,EA,V3,1,True,1
10423,2,2,2,EA,V3,1,True,2
10434,1,1,1,EA,V3,1,True,1
10450,2,2,2,EA,V3,1,True,2
10566,2,2,2,EA,V3,1,True,2
10600,1,1,1,EA,V3,1,True,1
10610,2,2,2,EA,V3,1,True,2
10621,1,2,1,EA,V3,0,False,1
10626,1,1,1,EA,V3,1,True,1
10634,2,2,2,EA,V3,1,True,2
10713,2,2,2,EA,V3,1,True,2
10771,2,2,2,EA,V3,1,True,2
10803,1,1,1,EA,V3,1,True,1
10910,2,2,2,EA,V3,1,True,2
10954,2,2,2,EA,V3,1,True,2
10978,1,1,1,EA,V3,1,True,1
11024,2,2,2,EA,V3,1,True,2
11101,1,1,1,EA,V3,1,True,1
11102,1,1,1,EA,V3,1,True,1
11112,2,2,2,EA,V3,1,True,2
11120,2,2,2,EA,V3,1,True,2
11132,1,1,1,EA,V3,1,True,1
11189,2,2,2,EA,V3,1,True,2
11241,2,2,2,EA,V3,1,True,2
11264,2,2,2,EA,V3,1,True,2
11283,2,2,2,EA,V3,1,True,2
11511,2,2,2,EA,V3,1,True,2
11514,1,2,1,EA,V3,0,False,1
11523,2,2,2,EA,V3,1,True,2
11525,1,1,1,EA,V3,1,True,1
11553,1,2,1,EA,V3,0,False,1
11596,1,1,1,EA,V3,1,True,1
11603,1,1,1,EA,V3,1,True,1
11617,1,1,1,EA,V3,1,True,1
11630,1,1,1,EA,V3,1,True,1
11647,1,2,1,EA,V3,0,False,1
11742,2,2,2,EA,V3,1,True,2
11786,1,1,1,EA,V3,1,True,1
11850,2,2,2,EA,V3,1,True,2
11870,1,1,1,EA,V3,1,True,1
11874,1,1,1,EA,V3,1,True,1
11930,1,1,1,EA,V3,1,True,1
11935,2,2,2,EA,V3,1,True,2
11967,1,1,1,EA,V3,1,True,1
12012,2,2,2,EA,V3,1,True,2
12074,1,1,1,EA,V3,1,True,1
12143,1,1,1,EA,V3,1,True,1
12151,1,1,1,EA,V3,1,True,1
12153,1,1,1,EA,V3,1,True,1
12219,1,1,1,EA,V3,1,True,1
12271,2,2,2,EA,V3,1,True,2
12284,1,1,1,EA,V3,1,True,1
12285,1,1,1,EA,V3,1,True,1
12301,1,1,1,EA,V3,1,True,1
12305,1,1,1,EA,V3,1,True,1
12323,1,1,1,EA,V3,1,True,1
12429,2,2,2,EA,V3,1,True,2
12472,2,1,2,EA,V3,0,False,2
12486,2,2,2,EA,V3,1,True,2
12494,1,1,1,EA,V3,1,True,1
12627,2,1,2,EA,V3,0,False,2
12645,1,1,1,EA,V3,1,True,1
12732,1,1,1,EA,V3,1,True,1
12798,2,2,2,EA,V3,1,True,2
12830,2,2,2,EA,V3,1,True,2
12860,2,2,2,EA,V3,1,True,2
12896,1,1,1,EA,V3,1,True,1
12903,1,1,1,EA,V3,1,True,1
12926,2,2,2,EA,V3,1,True,2
12936,2,2,2,EA,V3,1,True,2
12948,2,2,2,EA,V3,1,True,2
12975,2,2,2,EA,V3,1,True,2
12998,1,1,1,EA,V3,1,True,1
13035,1,1,1,EA,V3,1,True,1
13050,2,2,2,EA,V3,1,True,2
13061,1,1,1,EA,V3,1,True,1
13113,2,2,2,EA,V3,1,True,2
13115,2,2,2,EA,V3,1,True,2
13137,2,2,2,EA,V3,1,True,2
13141,1,1,1,EA,V3,1,True,1
13200,1,1,1,EA,V3,1,True,1
13227,2,2,2,EA,V3,1,True,2
13300,2,2,2,EA,V3,1,True,2
13319,1,1,1,EA,V3,1,True,1
13334,1,2,1,EA,V3,0,False,1
13384,2,2,2,EA,V3,1,True,2
13400,2,1,2,EA,V3,0,False,2
13447,1,2,1,EA,V3,0,False,1
13469,2,2,2,EA,V3,1,True,2
13484,2,2,2,EA,V3,1,True,2
13518,2,2,2,EA,V3,1,True,2
13531,1,1,1,EA,V3,1,True,1
13562,2,2,2,EA,V3,1,True,2
13726,1,2,2,EA,V3,0,False,1
13785,1,1,1,EA,V3,1,True,1
13843,2,2,2,EA,V3,1,True,2
13864,2,2,2,EA,V3,1,True,2
13874,1,1,1,EA,V3,1,True,1
13920,2,2,1,EA,V3,0,False,2
13923,2,2,2,EA,V3,1,True,2
13996,2,2,2,EA,V3,1,True,2
14011,2,2,2,EA,V3,1,True,2
14047,2,2,2,EA,V3,1,True,2
14055,2,2,2,EA,V3,1,True,2
14074,2,2,2,EA,V3,1,True,2
14137,2,2,2,EA,V3,1,True,2
14139,2,2,2,EA,V3,1,True,2
14224,2,2,2,EA,V3,1,True,2
14259,1,1,1,EA,V3,1,True,1
14300,1,1,1,EA,V3,1,True,1
14325,1,1,1,EA,V3,1,True,1
14408,1,1,1,EA,V3,1,True,1
14410,2,2,2,EA,V3,1,True,2
14469,1,1,1,EA,V3,1,True,1
14488,1,1,1,EA,V3,1,True,1
14532,2,2,2,EA,V3,1,True,2
14550,2,2,2,EA,V3,1,True,2
14557,1,1,1,EA,V3,1,True,1
14581,2,2,2,EA,V3,1,True,2
14617,2,2,2,EA,V3,1,True,2
14707,2,1,1,EA,V3,0,False,2
14759,2,2,2,EA,V3,1,True,2
14793,1,1,1,EA,V3,1,True,1
14796,2,2,2,EA,V3,1,True,2
14818,1,1,1,EA,V3,1,True,1
14845,2,2,2,EA,V3,1,True,2
14858,1,1,1,EA,V3,1,True,1
14868,1,1,1,EA,V3,1,True,1
14900,1,1,1,EA,V3,1,True,1
14932,2,2,2,EA,V3,1,True,2
14970,2,2,2,EA,V3,1,True,2
14988,2,2,2,EA,V3,1,True,2
15035,1,1,1,EA,V3,1,True,1
15066,2,2,2,EA,V3,1,True,2
15131,2,2,2,EA,V3,1,True,2
15133,2,2,2,EA,V3,1,True,2
15176,2,2,2,EA,V3,1,True,2
15189,1,1,1,EA,V3,1,True,1
15254,1,1,1,EA,V3,1,True,1
15290,1,1,1,EA,V3,1,True,1
15363,2,2,2,EA,V3,1,True,2
15452,2,1,2,EA,V3,0,False,2
15473,1,1,1,EA,V3,1,True,1
15535,2,2,2,EA,V3,1,True,2
15538,1,1,1,EA,V3,1,True,1
15555,1,1,1,EA,V3,1,True,1
15585,2,2,2,EA,V3,1,True,2
15614,2,2,2,EA,V3,1,True,2
15620,2,2,2,EA,V3,1,True,2
15693,1,1,1,EA,V3,1,True,1
15721,2,2,2,EA,V3,1,True,2
15735,1,1,1,EA,V3,1,True,1
15770,1,1,1,EA,V3,1,True,1
15799,2,2,2,EA,V3,1,True,2
15810,1,1,1,EA,V3,1,True,1
15822,1,1,1,EA,V3,1,True,1
15883,1,1,1,EA,V3,1,True,1
15894,2,2,2,EA,V3,1,True,2
15938,2,2,2,EA,V3,1,True,2
15980,1,2,1,EA,V3,0,False,1
16011,1,1,1,EA,V3,1,True,1
16114,1,1,1,EA,V3,1,True,1
16120,1,1,1,EA,V3,1,True,1
16170,2,2,2,EA,V3,1,True,2
16174,1,1,1,EA,V3,1,True,1
16204,2,2,2,EA,V3,1,True,2
16212,1,2,1,EA,V3,0,False,1
16213,2,2,1,EA,V3,0,False,2
16230,1,1,1,EA,V3,1,True,1
16264,1,1,1,EA,V3,1,True,1
16339,1,1,1,EA,V3,1,True,1
16355,2,2,2,EA,V3,1,True,2
16386,1,1,1,EA,V3,1,True,1
16398,1,1,1,EA,V3,1,True,1
16457,1,1,1,EA,V3,1,True,1
16521,2,2,2,EA,V3,1,True,2
16572,1,1,1,EA,V3,1,True,1
16600,1,1,1,EA,V3,1,True,1
16614,1,1,1,EA,V3,1,True,1
16642,1,1,1,EA,V3,1,True,1
16731,1,1,1,EA,V3,1,True,1
16801,2,2,2,EA,V3,1,True,2
16845,1,1,1,EA,V3,1,True,1
16858,2,2,2,EA,V3,1,True,2
16891,1,1,1,EA,V3,1,True,1
16903,1,1,1,EA,V3,1,True,1
16977,1,1,1,EA,V3,1,True,1
17002,2,2,2,EA,V3,1,True,2
17048,1,1,1,EA,V3,1,True,1
17079,2,2,2,EA,V3,1,True,2
17082,1,1,1,EA,V3,1,True,1
17121,2,2,2,EA,V3,1,True,2
17165,2,2,2,EA,V3,1,True,2
17212,1,1,1,EA,V3,1,True,1
17227,1,2,1,EA,V3,0,False,1
17241,2,2,2,EA,V3,1,True,2
17280,1,2,1,EA,V3,0,False,1
17322,1,1,1,EA,V3,1,True,1
17355,2,2,2,EA,V3,1,True,2
17361,1,1,1,EA,V3,1,True,1
17364,2,2,2,EA,V3,1,True,2
17386,2,2,2,EA,V3,1,True,2
17423,2,2,2,EA,V3,1,True,2
17455,1,1,1,EA,V3,1,True,1
17468,1,1,1,EA,V3,1,True,1
17475,1,1,1,EA,V3,1,True,1
17553,1,1,1,EA,V3,1,True,1
17585,2,2,2,EA,V3,1,True,2
17693,2,2,1,EA,V3,0,False,2
17744,2,2,2,EA,V3,1,True,2
17746,2,2,2,EA,V3,1,True,2
17792,1,1,1,EA,V3,1,True,1
17806,2,2,2,EA,V3,1,True,2
17841,2,2,2,EA,V3,1,True,2
17877,1,1,1,EA,V3,1,True,1
17885,2,2,2,EA,V3,1,True,2
17914,1,1,1,EA,V3,1,True,1
17929,2,2,2,EA,V3,1,True,2
17963,2,2,2,EA,V3,1,True,2
18223,2,2,2,EA,V3,1,True,2
18290,1,1,1,EA,V3,1,True,1
18337,1,1,1,EA,V3,1,True,1
18550,2,2,2,EA,V3,1,True,2
18553,2,2,2,EA,V3,1,True,2
18597,1,1,1,EA,V3,1,True,1
18613,2,2,2,EA,V3,1,True,2
18630,2,2,2,EA,V3,1,True,2
18631,1,1,1,EA,V3,1,True,1
18643,1,1,1,EA,V3,1,True,1
18652,2,1,2,EA,V3,0,False,2
18656,2,2,2,EA,V3,1,True,2
18670,1,1,1,EA,V3,1,True,1
18805,2,1,2,EA,V3,0,False,2
18806,1,1,1,EA,V3,1,True,1
18820,1,1,1,EA,V3,1,True,1
18839,2,2,2,EA,V3,1,True,2
18874,1,1,1,EA,V3,1,True,1
18886,1,1,1,EA,V3,1,True,1
18935,1,1,1,EA,V3,1,True,1
18961,2,2,2,EA,V3,1,True,2
18970,1,2,1,EA,V3,0,False,1
18998,2,2,2,EA,V3,1,True,2
19036,2,2,2,EA,V3,1,True,2
19045,2,2,2,EA,V3,1,True,2
19113,1,1,1,EA,V3,1,True,1
19164,1,2,1,EA,V3,0,False,1
19267,2,2,2,EA,V3,1,True,2
19295,1,1,1,EA,V3,1,True,1
19331,2,2,2,EA,V3,1,True,2
19341,1,1,1,EA,V3,1,True,1
19363,1,1,1,EA,V3,1,True,1
19383,1,1,1,EA,V3,1,True,1
19385,2,2,2,EA,V3,1,True,2
19395,2,2,2,EA,V3,1,True,2
19486,2,2,2,EA,V3,1,True,2
19496,2,2,2,EA,V3,1,True,2
19519,1,1,1,EA,V3,1,True,1
19532,1,1,1,EA,V3,1,True,1
19538,1,1,1,EA,V3,1,True,1
19593,2,2,2,EA,V3,1,True,2
19599,2,2,2,EA,V3,1,True,2
19643,1,1,1,EA,V3,1,True,1
19686,1,1,1,EA,V3,1,True,1
19738,1,1,1,EA,V3,1,True,1
19794,1,1,1,EA,V3,1,True,1
19811,1,1,1,EA,V3,1,True,1
19826,2,2,2,EA,V3,1,True,2
19830,2,2,2,EA,V3,1,True,2
19839,2,2,2,EA,V3,1,True,2
19854,2,2,2,EA,V3,1,True,2
19900,1,1,1,EA,V3,1,True,1
19915,1,1,1,EA,V3,1,True,1
19967,1,2,1,EA,V3,0,False,1
19968,2,2,2,EA,V3,1,True,2
20031,1,1,1,EA,V3,1,True,1
20132,1,1,1,EA,V3,1,True,1
20184,1,1,1,EA,V3,1,True,1
20195,1,1,1,EA,V3,1,True,1
20270,1,1,1,EA,V3,1,True,1
20283,1,1,1,EA,V3,1,True,1
20299,2,2,2,EA,V3,1,True,2
20338,1,1,1,EA,V3,1,True,1
20351,2,2,2,EA,V3,1,True,2
20380,2,2,2,EA,V3,1,True,2
20407,2,2,2,EA,V3,1,True,2
20420,1,1,1,EA,V3,1,True,1
20422,1,1,1,EA,V3,1,True,1
20431,1,1,1,EA,V3,1,True,1
20443,1,1,1,EA,V3,1,True,1
20446,2,2,2,EA,V3,1,True,2
20465,1,1,1,EA,V3,1,True,1
20467,1,1,1,EA,V3,1,True,1
20504,2,2,2,EA,V3,1,True,2
20528,1,1,1,EA,V3,1,True,1
20542,1,1,1,EA,V3,1,True,1
20549,1,1,1,EA,V3,1,True,1
20609,1,1,1,EA,V3,1,True,1
20666,1,1,1,EA,V3,1,True,1
20677,1,1,1,EA,V3,1,True,1
20685,2,2,2,EA,V3,1,True,2
20716,2,2,2,EA,V3,1,True,2
20717,2,2,2,EA,V3,1,True,2
20839,2,2,2,EA,V3,1,True,2
20853,1,1,1,EA,V3,1,True,1
20869,2,2,2,EA,V3,1,True,2
20890,2,2,2,EA,V3,1,True,2
20895,1,1,1,EA,V3,1,True,1
20964,1,1,1,EA,V3,1,True,1
20971,2,2,2,EA,V3,1,True,2
21016,1,1,1,EA,V3,1,True,1
21051,2,2,2,EA,V3,1,True,2
21067,2,2,2,EA,V3,1,True,2
21074,1,1,1,EA,V3,1,True,1
21098,2,2,2,EA,V3,1,True,2
21130,2,2,2,EA,V3,1,True,2
21158,1,1,1,EA,V3,1,True,1
21165,1,1,1,EA,V3,1,True,1
21167,1,1,1,EA,V3,1,True,1
21173,1,1,1,EA,V3,1,True,1
21180,2,2,2,EA,V3,1,True,2
21203,2,2,2,EA,V3,1,True,2
21210,1,1,1,EA,V3,1,True,1
21328,1,2,1,EA,V3,0,False,1
21399,1,1,1,EA,V3,1,True,1
21509,2,2,2,EA,V3,1,True,2
21544,2,2,2,EA,V3,1,True,2
21598,2,2,2,EA,V3,1,True,2
21599,2,2,2,EA,V3,1,True,2
21606,2,2,2,EA,V3,1,True,2
21608,1,1,1,EA,V3,1,True,1
21629,1,1,1,EA,V3,1,True,1
21630,1,1,1,EA,V3,1,True,1
21666,2,2,2,EA,V3,1,True,2
21691,1,1,1,EA,V3,1,True,1
21847,2,2,2,EA,V3,1,True,2
21910,1,1,1,EA,V3,1,True,1
21935,1,1,1,EA,V3,1,True,1
21961,1,1,1,EA,V3,1,True,1
21976,1,1,1,EA,V3,1,True,1
21987,2,2,2,EA,V3,1,True,2
22043,2,2,2,EA,V3,1,True,2
22052,1,1,1,EA,V3,1,True,1
22065,1,1,1,EA,V3,1,True,1
22066,2,2,2,EA,V3,1,True,2
22090,2,2,2,EA,V3,1,True,2
22126,2,2,2,EA,V3,1,True,2
22166,2,2,2,EA,V3,1,True,2
22184,2,2,2,EA,V3,1,True,2
22189,2,2,2,EA,V3,1,True,2
22194,2,2,2,EA,V3,1,True,2
22266,1,1,1,EA,V3,1,True,1
22314,2,2,2,EA,V3,1,True,2
22356,2,2,2,EA,V3,1,True,2
22467,2,2,2,EA,V3,1,True,2
22679,1,1,1,EA,V3,1,True,1
22707,2,2,2,EA,V3,1,True,2
22767,2,2,2,EA,V3,1,True,2
22770,1,1,1,EA,V3,1,True,1
22814,1,1,1,EA,V3,1,True,1
22819,2,2,2,EA,V3,1,True,2
22833,1,1,1,EA,V3,1,True,1
22849,2,2,2,EA,V3,1,True,2
22966,2,2,2,EA,V3,1,True,2
23023,1,1,1,EA,V3,1,True,1
23052,1,1,1,EA,V3,1,True,1
23089,1,1,1,EA,V3,1,True,1
23103,2,2,2,EA,V3,1,True,2
23104,2,2,2,EA,V3,1,True,2
23128,1,1,1,EA,V3,1,True,1
23200,1,1,1,EA,V3,1,True,1
23313,2,2,2,EA,V3,1,True,2
23322,1,1,1,EA,V3,1,True,1
23323,1,1,1,EA,V3,1,True,1
23404,2,2,1,EA,V3,0,False,2
23415,1,1,1,EA,V3,1,True,1
23440,2,2,2,EA,V3,1,True,2
23453,2,2,2,EA,V3,1,True,2
23505,1,1,1,EA,V3,1,True,1
23514,2,2,2,EA,V3,1,True,2
23524,1,1,1,EA,V3,1,True,1
23530,2,2,2,EA,V3,1,True,2
23534,1,1,1,EA,V3,1,True,1
23574,1,1,1,EA,V3,1,True,1
23584,1,1,1,EA,V3,1,True,1
23605,1,1,1,EA,V3,1,True,1
23620,2,2,2,EA,V3,1,True,2
23648,2,2,2,EA,V3,1,True,2
23699,2,2,2,EA,V3,1,True,2
23713,2,2,2,EA,V3,1,True,2
23779,1,1,1,EA,V3,1,True,1
23871,1,1,1,EA,V3,1,True,1
23873,1,1,1,EA,V3,1,True,1
23901,1,1,1,EA,V3,1,True,1
24026,2,2,2,EA,V3,1,True,2
24163,1,1,1,EA,V3,1,True,1
24174,2,2,2,EA,V3,1,True,2
24223,1,1,1,EA,V3,1,True,1
24260,2,2,1,EA,V3,0,False,2
24291,1,1,1,EA,V3,1,True,1
24304,1,1,1,EA,V3,1,True,1
24334,2,2,2,EA,V3,1,True,2
24405,2,2,2,EA,V3,1,True,2
24408,1,1,1,EA,V3,1,True,1
24500,2,2,2,EA,V3,1,True,2
24502,1,1,1,EA,V3,1,True,1
24541,2,2,2,EA,V3,1,True,2
24573,1,1,1,EA,V3,1,True,1
24577,1,1,1,EA,V3,1,True,1
24637,2,2,2,EA,V3,1,True,2
24673,2,1,1,EA,V3,0,False,2
24706,1,1,1,EA,V3,1,True,1
24740,2,2,2,EA,V3,1,True,2
24774,2,2,2,EA,V3,1,True,2
24836,1,1,1,EA,V3,1,True,1
24871,1,1,1,EA,V3,1,True,1
24902,1,2,1,EA,V3,0,False,1
24959,1,1,2,EA,V3,0,False,1
24975,1,1,1,EA,V3,1,True,1
24995,1,1,1,EA,V3,1,True,1
25015,1,1,1,EA,V3,1,True,1
25038,1,1,1,EA,V3,1,True,1
25109,2,2,2,EA,V3,1,True,2
25137,1,1,1,EA,V3,1,True,1
25155,1,1,1,EA,V3,1,True,1
25239,1,1,1,EA,V3,1,True,1
25270,1,1,1,EA,V3,1,True,1
25302,2,2,2,EA,V3,1,True,2
25337,1,1,1,EA,V3,1,True,1
25348,1,1,1,EA,V3,1,True,1
25369,2,2,2,EA,V3,1,True,2
25380,1,2,1,EA,V3,0,False,1
25416,1,1,1,EA,V3,1,True,1
25435,1,2,2,EA,V3,0,False,1
25447,1,1,1,EA,V3,1,True,1
25448,2,2,2,EA,V3,1,True,2
25471,2,2,2,EA,V3,1,True,2
25523,2,2,2,EA,V3,1,True,2
25591,2,2,2,EA,V3,1,True,2
25650,1,1,1,EA,V3,1,True,1
25690,1,1,1,EA,V3,1,True,1
25698,1,2,1,EA,V3,0,False,1
25856,1,1,1,EA,V3,1,True,1
25868,1,1,1,EA,V3,1,True,1
25990,2,2,2,EA,V3,1,True,2
26032,1,1,1,EA,V3,1,True,1
26129,2,2,2,EA,V3,1,True,2
26161,2,2,2,EA,V3,1,True,2
26178,1,1,1,EA,V3,1,True,1
26211,2,2,2,EA,V3,1,True,2
26281,1,2,2,EA,V3,0,False,1
26287,2,2,2,EA,V3,1,True,2
26292,1,1,1,EA,V3,1,True,1
26302,1,1,1,EA,V3,1,True,1
26321,2,2,2,EA,V3,1,True,2
26337,1,1,1,EA,V3,1,True,1
26345,2,2,2,EA,V3,1,True,2
26480,2,2,2,EA,V3,1,True,2
26492,2,2,2,EA,V3,1,True,2
26528,1,1,1,EA,V3,1,True,1
26546,1,1,1,EA,V3,1,True,1
26556,1,1,1,EA,V3,1,True,1
26575,2,2,2,EA,V3,1,True,2
26678,2,2,2,EA,V3,1,True,2
26714,2,2,2,EA,V3,1,True,2
26831,1,1,1,EA,V3,1,True,1
26865,2,2,2,EA,V3,1,True,2
26878,2,2,2,EA,V3,1,True,2
26995,1,2,1,EA,V3,0,False,1
27029,1,1,1,EA,V3,1,True,1
27088,1,1,1,EA,V3,1,True,1
27101,1,1,1,EA,V3,1,True,1
27117,2,2,2,EA,V3,1,True,2
27271,1,1,1,EA,V3,1,True,1
27395,1,1,1,EA,V3,1,True,1
27431,2,2,2,EA,V3,1,True,2
27497,1,1,1,EA,V3,1,True,1
27524,2,2,2,EA,V3,1,True,2
27558,2,2,2,EA,V3,1,True,2
27610,1,1,1,EA,V3,1,True,1
27668,2,2,2,EA,V3,1,True,2
27688,1,1,1,EA,V3,1,True,1
27740,2,2,2,EA,V3,1,True,2
27786,2,2,2,EA,V3,1,True,2
27828,2,2,2,EA,V3,1,True,2
27904,2,2,2,EA,V3,1,True,2
27910,2,2,2,EA,V3,1,True,2
27911,2,2,2,EA,V3,1,True,2
28011,2,2,2,EA,V3,1,True,2
28019,1,2,1,EA,V3,0,False,1
28051,2,2,2,EA,V3,1,True,2
28057,1,1,1,EA,V3,1,True,1
28067,1,1,1,EA,V3,1,True,1
28114,2,2,2,EA,V3,1,True,2
28222,2,2,2,EA,V3,1,True,2
28262,2,2,2,EA,V3,1,True,2
28271,1,1,1,EA,V3,1,True,1
28339,2,2,2,EA,V3,1,True,2
28341,1,1,1,EA,V3,1,True,1
28365,2,2,2,EA,V3,1,True,2
28463,2,2,2,EA,V3,1,True,2
28490,1,1,1,EA,V3,1,True,1
28550,2,2,2,EA,V3,1,True,2
28574,2,2,2,EA,V3,1,True,2
28656,2,2,2,EA,V3,1,True,2
28674,2,2,2,EA,V3,1,True,2
28728,1,1,1,EA,V3,1,True,1
28789,2,2,2,EA,V3,1,True,2
28790,1,1,1,EA,V3,1,True,1
28814,1,1,1,EA,V3,1,True,1
28822,2,2,2,EA,V3,1,True,2
28963,1,1,1,EA,V3,1,True,1
29070,2,2,2,EA,V3,1,True,2
29105,2,2,2,EA,V3,1,True,2
29132,1,1,1,EA,V3,1,True,1
29144,1,1,1,EA,V3,1,True,1
29184,1,1,1,EA,V3,1,True,1
29243,2,2,2,EA,V3,1,True,2
29385,1,1,1,EA,V3,1,True,1
29411,1,1,1,EA,V3,1,True,1
29417,2,2,2,EA,V3,1,True,2
29454,2,2,2,EA,V3,1,True,2
29465,2,2,2,EA,V3,1,True,2
29484,2,2,2,EA,V3,1,True,2
29582,2,2,2,EA,V3,1,True,2
29629,1,1,1,EA,V3,1,True,1
29644,1,1,1,EA,V3,1,True,1
29679,1,1,1,EA,V3,1,True,1
29768,1,1,1,EA,V3,1,True,1
29880,1,1,1,EA,V3,1,True,1
29903,1,1,1,EA,V3,1,True,1
29912,1,1,1,EA,V3,1,True,1
29978,1,1,1,EA,V3,1,True,1
30052,1,1,1,EA,V3,1,True,1
30118,1,1,1,EA,V3,1,True,1
30131,2,2,2,EA,V3,1,True,2
30137,2,2,2,EA,V3,1,True,2
30143,1,1,1,EA,V3,1,True,1
30180,1,1,1,EA,V3,1,True,1
30259,1,1,1,EA,V3,1,True,1
30273,2,1,2,EA,V3,0,False,2
30285,2,2,2,EA,V3,1,True,2
30328,1,1,1,EA,V3,1,True,1
30329,1,1,1,EA,V3,1,True,1
30336,2,2,2,EA,V3,1,True,2
30340,1,1,1,EA,V3,1,True,1
30352,1,1,1,EA,V3,1,True,1
30367,2,2,2,EA,V3,1,True,2
30457,1,1,1,EA,V3,1,True,1
30498,1,1,1,EA,V3,1,True,1
30514,1,1,1,EA,V3,1,True,1
30544,1,2,2,EA,V3,0,False,1
30637,1,1,1,EA,V3,1,True,1
30694,2,2,2,EA,V3,1,True,2
30701,2,2,2,EA,V3,1,True,2
30710,2,2,2,EA,V3,1,True,2
30794,1,1,1,EA,V3,1,True,1
30807,1,2,1,EA,V3,0,False,1
30825,1,1,1,EA,V3,1,True,1
30846,1,1,1,EA,V3,1,True,1
30856,2,2,2,EA,V3,1,True,2
30872,2,2,2,EA,V3,1,True,2
30880,1,1,1,EA,V3,1,True,1
30899,1,1,1,EA,V3,1,True,1
30922,2,2,2,EA,V3,1,True,2
30936,2,2,2,EA,V3,1,True,2
31029,1,1,1,EA,V3,1,True,1
31060,1,1,1,EA,V3,1,True,1
31081,2,2,2,EA,V3,1,True,2
31089,1,1,1,EA,V3,1,True,1
31128,2,2,2,EA,V3,1,True,2
31129,2,2,2,EA,V3,1,True,2
31138,1,1,1,EA,V3,1,True,1
31148,1,1,1,EA,V3,1,True,1
31247,1,1,1,EA,V3,1,True,1
31266,1,1,1,EA,V3,1,True,1
31350,2,2,2,EA,V3,1,True,2
31386,2,2,2,EA,V3,1,True,2
31470,1,1,1,EA,V3,1,True,1
31483,2,2,2,EA,V3,1,True,2
31568,1,1,1,EA,V3,1,True,1
31597,1,1,1,EA,V3,1,True,1
31622,1,1,1,EA,V3,1,True,1
31628,1,1,1,EA,V3,1,True,1
31634,1,1,1,EA,V3,1,True,1
31665,1,1,1,EA,V3,1,True,1
31720,1,1,1,EA,V3,1,True,1
31728,1,1,1,EA,V3,1,True,1
31754,2,2,2,EA,V3,1,True,2
31808,2,2,2,EA,V3,1,True,2
31883,1,1,1,EA,V3,1,True,1
31907,2,2,2,EA,V3,1,True,2
32003,2,2,2,EA,V3,1,True,2
32090,1,1,1,EA,V3,1,True,1
32112,2,2,2,EA,V3,1,True,2
32116,2,2,2,EA,V3,1,True,2
32131,2,2,2,EA,V3,1,True,2
32167,1,1,1,EA,V3,1,True,1
32177,2,2,2,EA,V3,1,True,2
32263,2,2,2,EA,V3,1,True,2
32265,1,1,1,EA,V3,1,True,1
32323,2,2,2,EA,V3,1,True,2
32372,1,1,1,EA,V3,1,True,1
32463,2,2,2,EA,V3,1,True,2
32489,1,1,1,EA,V3,1,True,1
32518,1,1,1,EA,V3,1,True,1
32558,1,1,1,EA,V3,1,True,1
32572,2,2,2,EA,V3,1,True,2
32638,2,2,2,EA,V3,1,True,2
32679,1,1,1,EA,V3,1,True,1
32722,2,2,2,EA,V3,1,True,2
32747,1,1,1,EA,V3,1,True,1
32753,2,2,2,EA,V3,1,True,2
32785,1,1,1,EA,V3,1,True,1
32872,2,2,2,EA,V3,1,True,2
32894,1,1,1,EA,V3,1,True,1
32913,1,1,1,EA,V3,1,True,1
32917,2,2,2,EA,V3,1,True,2
32963,1,1,1,EA,V3,1,True,1
32972,2,2,2,EA,V3,1,True,2
33026,2,2,2,EA,V3,1,True,2
33067,2,2,2,EA,V3,1,True,2
33126,2,2,2,EA,V3,1,True,2
33141,2,2,2,EA,V3,1,True,2
33154,1,1,1,EA,V3,1,True,1
33212,1,2,1,EA,V3,0,False,1
33262,2,2,2,EA,V3,1,True,2
33291,1,1,1,EA,V3,1,True,1
33322,1,2,1,EA,V3,0,False,1
33345,1,1,1,EA,V3,1,True,1
33390,1,1,1,EA,V3,1,True,1
33409,1,1,1,EA,V3,1,True,1
33433,1,1,1,EA,V3,1,True,1
33470,1,1,1,EA,V3,1,True,1
33504,1,1,1,EA,V3,1,True,1
33509,1,1,1,EA,V3,1,True,1
33532,2,2,2,EA,V3,1,True,2
33618,1,1,1,EA,V3,1,True,1
33649,1,1,1,EA,V3,1,True,1
33741,1,1,1,EA,V3,1,True,1
33743,2,2,2,EA,V3,1,True,2
33765,2,2,2,EA,V3,1,True,2
33780,1,1,1,EA,V3,1,True,1
33806,1,1,1,EA,V3,1,True,1
33808,2,2,2,EA,V3,1,True,2
33856,1,1,1,EA,V3,1,True,1
33859,2,2,2,EA,V3,1,True,2
33890,2,2,2,EA,V3,1,True,2
33936,1,1,1,EA,V3,1,True,1
33940,2,2,2,EA,V3,1,True,2
33961,1,1,1,EA,V3,1,True,1
33962,2,2,2,EA,V3,1,True,2
33986,1,1,1,EA,V3,1,True,1
34029,2,2,2,EA,V3,1,True,2
34084,2,2,2,EA,V3,1,True,2
34125,2,2,2,EA,V3,1,True,2
34143,2,2,2,EA,V3,1,True,2
34148,1,1,1,EA,V3,1,True,1
34171,1,1,1,EA,V3,1,True,1
34215,2,2,2,EA,V3,1,True,2
34276,1,1,1,EA,V3,1,True,1
34332,2,2,2,EA,V3,1,True,2
34354,1,1,1,EA,V3,1,True,1
34404,2,2,2,EA,V3,1,True,2
34414,2,2,2,EA,V3,1,True,2
34456,1,1,1,EA,V3,1,True,1
34460,2,2,2,EA,V3,1,True,2
34500,1,1,1,EA,V3,1,True,1
34573,1,1,1,EA,V3,1,True,1
34667,2,2,2,EA,V3,1,True,2
34714,2,2,2,EA,V3,1,True,2
34754,1,1,1,EA,V3,1,True,1
34812,1,1,1,EA,V3,1,True,1
34915,2,2,2,EA,V3,1,True,2
34918,2,2,2,EA,V3,1,True,2
34930,1,1,1,EA,V3,1,True,1
34944,1,2,1,EA,V3,0,False,1
34983,2,2,2,EA,V3,1,True,2
35058,2,1,2,EA,V3,0,False,2
35064,1,1,1,EA,V3,1,True,1
35127,2,2,2,EA,V3,1,True,2
35156,2,2,2,EA,V3,1,True,2
35174,1,1,1,EA,V3,1,True,1
35191,2,2,2,EA,V3,1,True,2
35201,2,2,2,EA,V3,1,True,2
35204,2,2,2,EA,V3,1,True,2
35282,2,2,2,EA,V3,1,True,2
35287,1,1,1,EA,V3,1,True,1
35397,2,2,2,EA,V3,1,True,2
35429,2,2,2,EA,V3,1,True,2
35467,2,2,2,EA,V3,1,True,2
35542,2,2,2,EA,V3,1,True,2
35564,2,2,2,EA,V3,1,True,2
35592,1,1,1,EA,V3,1,True,1
35643,2,2,2,EA,V3,1,True,2
35653,1,2,1,EA,V3,0,False,1
35715,2,2,2,EA,V3,1,True,2
35732,2,2,2,EA,V3,1,True,2
35738,2,2,2,EA,V3,1,True,2
35743,2,2,2,EA,V3,1,True,2
35871,2,2,2,EA,V3,1,True,2
35880,2,2,2,EA,V3,1,True,2
35907,1,2,1,EA,V3,0,False,1
35912,1,1,1,EA,V3,1,True,1
35918,1,1,1,EA,V3,1,True,1
35939,2,2,2,EA,V3,1,True,2
35991,2,2,2,EA,V3,1,True,2
36100,1,2,1,EA,V3,0,False,1
36117,1,1,1,EA,V3,1,True,1
36126,1,2,1,EA,V3,0,False,1
36186,2,2,2,EA,V3,1,True,2
36190,1,1,1,EA,V3,1,True,1
36199,2,2,2,EA,V3,1,True,2
36209,1,1,1,EA,V3,1,True,1
36223,2,2,2,EA,V3,1,True,2
36247,1,1,1,EA,V3,1,True,1
36341,2,2,2,EA,V3,1,True,2
36403,1,1,1,EA,V3,1,True,1
36419,2,2,2,EA,V3,1,True,2
36434,2,2,2,EA,V3,1,True,2
36449,1,1,1,EA,V3,1,True,1
36482,2,2,2,EA,V3,1,True,2
36557,2,2,2,EA,V3,1,True,2
36686,1,1,1,EA,V3,1,True,1
36689,1,1,1,EA,V3,1,True,1
36734,1,1,1,EA,V3,1,True,1
36743,1,1,1,EA,V3,1,True,1
36767,2,2,2,EA,V3,1,True,2
36785,2,1,1,EA,V3,0,False,2
36812,2,2,2,EA,V3,1,True,2
36819,2,2,2,EA,V3,1,True,2
36849,2,2,2,EA,V3,1,True,2
36960,1,1,1,EA,V3,1,True,1
36974,2,2,2,EA,V3,1,True,2
37006,2,2,2,EA,V3,1,True,2
37016,2,2,2,EA,V3,1,True,2
37020,1,1,1,EA,V3,1,True,1
37082,2,2,2,EA,V3,1,True,2
37102,2,2,2,EA,V3,1,True,2
37114,2,2,1,EA,V3,0,False,2
37124,2,2,2,EA,V3,1,True,2
37184,1,2,1,EA,V3,0,False,1
37234,2,1,2,EA,V3,0,False,2
37245,1,1,1,EA,V3,1,True,1
37249,2,2,2,EA,V3,1,True,2
37258,1,1,1,EA,V3,1,True,1
37327,1,1,1,EA,V3,1,True,1
37367,2,2,2,EA,V3,1,True,2
37404,2,1,1,EA,V3,0,False,2
37422,1,1,1,EA,V3,1,True,1
37432,2,2,2,EA,V3,1,True,2
37435,2,2,2,EA,V3,1,True,2
37490,1,1,1,EA,V3,1,True,1
37537,2,2,2,EA,V3,1,True,2
37542,1,1,1,EA,V3,1,True,1
37569,2,2,2,EA,V3,1,True,2
37608,1,1,1,EA,V3,1,True,1
37614,2,2,2,EA,V3,1,True,2
37617,2,2,2,EA,V3,1,True,2
37679,1,1,1,EA,V3,1,True,1
37723,2,2,2,EA,V3,1,True,2
37725,1,1,1,EA,V3,1,True,1
37741,1,2,2,EA,V3,0,False,1
37743,2,2,2,EA,V3,1,True,2
37842,1,1,1,EA,V3,1,True,1
37843,1,1,1,EA,V3,1,True,1
37909,1,1,1,EA,V3,1,True,1
37955,1,1,1,EA,V3,1,True,1
38026,1,2,1,EA,V3,0,False,1
38068,2,2,2,EA,V3,1,True,2
38078,2,2,2,EA,V3,1,True,2
38093,2,2,2,EA,V3,1,True,2
38130,2,2,2,EA,V3,1,True,2
38144,1,1,1,EA,V3,1,True,1
38146,1,1,1,EA,V3,1,True,1
38166,1,1,1,EA,V3,1,True,1
38168,1,1,1,EA,V3,1,True,1
38191,1,1,1,EA,V3,1,True,1
38245,1,1,1,EA,V3,1,True,1
38267,1,2,1,EA,V3,0,False,1
38352,1,1,1,EA,V3,1,True,1
38363,1,2,2,EA,V3,0,False,1
38390,1,2,1,EA,V3,0,False,1
38395,1,1,1,EA,V3,1,True,1
38425,2,2,2,EA,V3,1,True,2
38485,1,1,1,EA,V3,1,True,1
38518,1,1,1,EA,V3,1,True,1
38530,1,1,1,EA,V3,1,True,1
38533,2,2,2,EA,V3,1,True,2
38554,2,2,2,EA,V3,1,True,2
38562,2,2,2,EA,V3,1,True,2
38593,2,2,2,EA,V3,1,True,2
38627,2,2,2,EA,V3,1,True,2
38630,1,1,1,EA,V3,1,True,1
38721,1,1,1,EA,V3,1,True,1
38773,1,1,1,EA,V3,1,True,1
38802,2,2,2,EA,V3,1,True,2
38809,2,2,2,EA,V3,1,True,2
38811,2,2,2,EA,V3,1,True,2
38829,1,1,1,EA,V3,1,True,1
38858,1,1,1,EA,V3,1,True,1
38920,2,2,1,EA,V3,0,False,2
38928,2,2,2,EA,V3,1,True,2
38947,1,1,1,EA,V3,1,True,1
39000,2,2,2,EA,V3,1,True,2
39152,1,1,1,EA,V3,1,True,1
39199,1,1,1,EA,V3,1,True,1
39321,1,1,1,EA,V3,1,True,1
39356,2,2,2,EA,V3,1,True,2
39388,2,2,2,EA,V3,1,True,2
39457,1,1,1,EA,V3,1,True,1
39466,1,1,1,EA,V3,1,True,1
39532,2,2,2,EA,V3,1,True,2
39553,2,2,2,EA,V3,1,True,2
39557,1,1,1,EA,V3,1,True,1
39630,1,1,1,EA,V3,1,True,1
39715,1,1,1,EA,V3,1,True,1
39795,1,1,1,EA,V3,1,True,1
39804,1,1,1,EA,V3,1,True,1
39833,1,1,1,EA,V3,1,True,1
39842,1,1,1,EA,V3,1,True,1
39855,1,1,1,EA,V3,1,True,1
39864,2,2,2,EA,V3,1,True,2
39884,2,2,2,EA,V3,1,True,2
39918,1,1,1,EA,V3,1,True,1
40029,1,1,1,EA,V3,1,True,1
40068,1,1,1,EA,V3,1,True,1
40135,1,1,1,EA,V3,1,True,1
40145,2,2,2,EA,V3,1,True,2
40164,1,1,1,EA,V3,1,True,1
40169,1,2,2,EA,V3,0,False,1
40296,2,2,2,EA,V3,1,True,2
40352,1,1,1,EA,V3,1,True,1
40376,1,1,1,EA,V3,1,True,1
40497,2,2,2,EA,V3,1,True,2
40535,1,1,1,EA,V3,1,True,1
40542,2,2,2,EA,V3,1,True,2
40622,2,2,2,EA,V3,1,True,2
40625,1,1,1,EA,V3,1,True,1
40653,2,2,2,EA,V3,1,True,2
40762,1,1,1,EA,V3,1,True,1
40853,1,1,1,EA,V3,1,True,1
40855,1,1,1,EA,V3,1,True,1
40857,1,1,1,EA,V3,1,True,1
40920,1,1,1,EA,V3,1,True,1
40923,2,1,2,EA,V3,0,False,2
40969,1,1,1,EA,V3,1,True,1
40991,1,2,1,EA,V3,0,False,1
41001,2,2,2,EA,V3,1,True,2
41077,2,2,2,EA,V3,1,True,2
41103,2,2,2,EA,V3,1,True,2
41150,2,2,2,EA,V3,1,True,2
41152,2,2,2,EA,V3,1,True,2
41237,1,1,1,EA,V3,1,True,1
41239,1,1,1,EA,V3,1,True,1
41273,1,1,1,EA,V3,1,True,1
41360,2,2,2,EA,V3,1,True,2
41368,1,1,1,EA,V3,1,True,1
41416,2,1,2,EA,V3,0,False,2
41457,2,2,2,EA,V3,1,True,2
41472,1,1,1,EA,V3,1,True,1
41514,1,2,2,EA,V3,0,False,1
41581,2,2,2,EA,V3,1,True,2
41590,2,2,2,EA,V3,1,True,2
41607,1,1,1,EA,V3,1,True,1
41636,1,1,1,EA,V3,1,True,1
41704,1,1,1,EA,V3,1,True,1
41829,1,1,1,EA,V3,1,True,1
41836,1,1,1,EA,V3,1,True,1
41906,2,2,2,EA,V3,1,True,2
41973,2,1,2,EA,V3,0,False,2
42006,2,2,2,EA,V3,1,True,2
42040,1,1,1,EA,V3,1,True,1
42067,1,1,1,EA,V3,1,True,1
42086,1,2,1,EA,V3,0,False,1
42112,2,2,2,EA,V3,1,True,2
42166,2,2,2,EA,V3,1,True,2
42174,2,2,2,EA,V3,1,True,2
42185,2,2,2,EA,V3,1,True,2
42228,2,2,2,EA,V3,1,True,2
42330,1,1,1,EA,V3,1,True,1
42335,2,2,2,EA,V3,1,True,2
42344,2,2,2,EA,V3,1,True,2
42391,2,2,2,EA,V3,1,True,2
42428,1,1,1,EA,V3,1,True,1
42468,2,2,2,EA,V3,1,True,2
42520,1,1,1,EA,V3,1,True,1
42521,1,1,1,EA,V3,1,True,1
42568,2,2,2,EA,V3,1,True,2
42572,2,2,2,EA,V3,1,True,2
42585,1,1,1,EA,V3,1,True,1
42609,2,2,2,EA,V3,1,True,2
42690,2,2,2,EA,V3,1,True,2
42714,2,2,2,EA,V3,1,True,2
42742,2,2,2,EA,V3,1,True,2
42860,2,2,2,EA,V3,1,True,2
42886,2,2,2,EA,V3,1,True,2
42922,2,1,2,EA,V3,0,False,2
43042,1,1,1,EA,V3,1,True,1
43070,2,2,2,EA,V3,1,True,2
43113,2,2,2,EA,V3,1,True,2
43164,2,2,2,EA,V3,1,True,2
43191,1,1,1,EA,V3,1,True,1
43285,1,1,1,EA,V3,1,True,1
43295,2,2,2,EA,V3,1,True,2
43350,2,2,2,EA,V3,1,True,2
43486,1,1,1,EA,V3,1,True,1
43526,2,2,2,EA,V3,1,True,2
43621,2,2,2,EA,V3,1,True,2
43668,2,2,2,EA,V3,1,True,2
43764,2,2,2,EA,V3,1,True,2
43800,1,1,1,EA,V3,1,True,1
43811,1,1,1,EA,V3,1,True,1
43878,2,2,1,EA,V3,0,False,2
44063,2,2,2,EA,V3,1,True,2
44064,2,2,2,EA,V3,1,True,2
44147,1,1,1,EA,V3,1,True,1
44167,2,2,2,EA,V3,1,True,2
44178,2,2,2,EA,V3,1,True,2
44313,2,2,2,EA,V3,1,True,2
44380,1,1,1,EA,V3,1,True,1
44400,2,2,2,EA,V3,1,True,2
44415,2,2,2,EA,V3,1,True,2
44430,2,2,2,EA,V3,1,True,2
44444,2,2,2,EA,V3,1,True,2
44458,2,2,2,EA,V3,1,True,2
44475,1,1,1,EA,V3,1,True,1
44479,2,2,2,EA,V3,1,True,2
44628,1,1,1,EA,V3,1,True,1
44682,1,1,1,EA,V3,1,True,1
44743,1,1,1,EA,V3,1,True,1
44812,2,2,2,EA,V3,1,True,2
44833,2,2,2,EA,V3,1,True,2
44841,2,2,2,EA,V3,1,True,2
44887,2,2,2,EA,V3,1,True,2
44967,1,1,1,EA,V3,1,True,1
45012,2,2,2,EA,V3,1,True,2
45024,1,1,1,EA,V3,1,True,1
45075,2,2,2,EA,V3,1,True,2
45117,1,1,1,EA,V3,1,True,1
45137,1,2,1,EA,V3,0,False,1
45175,2,2,2,EA,V3,1,True,2
45184,1,1,1,EA,V3,1,True,1
45190,2,2,2,EA,V3,1,True,2
45199,1,2,1,EA,V3,0,False,1
45289,1,1,1,EA,V3,1,True,1
45314,1,1,1,EA,V3,1,True,1
45337,1,1,1,EA,V3,1,True,1
45340,2,2,2,EA,V3,1,True,2
45390,2,2,2,EA,V3,1,True,2
45424,1,1,1,EA,V3,1,True,1
45470,2,2,2,EA,V3,1,True,2
45492,1,1,1,EA,V3,1,True,1
45529,2,2,2,EA,V3,1,True,2
45544,2,2,2,EA,V3,1,True,2
45784,1,1,1,EA,V3,1,True,1
45800,2,2,2,EA,V3,1,True,2
45811,2,2,2,EA,V3,1,True,2
45837,1,1,1,EA,V3,1,True,1
45857,2,2,2,EA,V3,1,True,2
45893,2,2,2,EA,V3,1,True,2
45919,1,1,1,EA,V3,1,True,1
45938,2,2,2,EA,V3,1,True,2
45983,1,1,1,EA,V3,1,True,1
45985,1,1,1,EA,V3,1,True,1
46026,2,2,2,EA,V3,1,True,2
46132,1,1,1,EA,V3,1,True,1
46147,1,1,1,EA,V3,1,True,1
46160,1,1,1,EA,V3,1,True,1
46218,2,2,2,EA,V3,1,True,2
46346,1,1,1,EA,V3,1,True,1
46371,2,2,2,EA,V3,1,True,2
46372,2,2,2,EA,V3,1,True,2
46555,1,2,1,EA,V3,0,False,1
46569,2,2,2,EA,V3,1,True,2
46595,2,2,2,EA,V3,1,True,2
46674,1,1,1,EA,V3,1,True,1
46707,1,1,1,EA,V3,1,True,1
46710,2,2,2,EA,V3,1,True,2
46751,2,2,2,EA,V3,1,True,2
46756,1,1,1,EA,V3,1,True,1
46758,1,2,1,EA,V3,0,False,1
46810,1,1,1,EA,V3,1,True,1
46859,2,2,2,EA,V3,1,True,2
46880,1,1,1,EA,V3,1,True,1
46894,2,2,2,EA,V3,1,True,2
46969,2,2,2,EA,V3,1,True,2
47024,1,2,1,EA,V3,0,False,1
47060,2,2,2,EA,V3,1,True,2
47065,1,1,1,EA,V3,1,True,1
47097,1,1,1,EA,V3,1,True,1
47139,2,2,2,EA,V3,1,True,2
47169,2,2,2,EA,V3,1,True,2
47174,1,2,1,EA,V3,0,False,1
47216,2,2,2,EA,V3,1,True,2
47246,2,2,2,EA,V3,1,True,2
47249,2,2,2,EA,V3,1,True,2
47362,1,1,1,EA,V3,1,True,1
47371,1,1,1,EA,V3,1,True,1
47560,1,1,1,EA,V3,1,True,1
47603,1,1,1,EA,V3,1,True,1
47619,2,2,2,EA,V3,1,True,2
47632,1,1,1,EA,V3,1,True,1
47865,2,2,2,EA,V3,1,True,2
47886,1,1,1,EA,V3,1,True,1
48180,1,2,1,EA,V3,0,False,1
48182,1,1,1,EA,V3,1,True,1
48217,1,1,1,EA,V3,1,True,1
48246,1,1,1,EA,V3,1,True,1
48295,2,2,2,EA,V3,1,True,2
48329,1,1,1,EA,V3,1,True,1
48352,2,2,2,EA,V3,1,True,2
48355,2,2,2,EA,V3,1,True,2
48359,2,2,2,EA,V3,1,True,2
48434,1,1,1,EA,V3,1,True,1
48441,2,2,2,EA,V3,1,True,2
48449,2,2,2,EA,V3,1,True,2
48506,2,2,2,EA,V3,1,True,2
48538,1,1,1,EA,V3,1,True,1
48541,1,1,1,EA,V3,1,True,1
48562,2,2,2,EA,V3,1,True,2
48563,2,2,2,EA,V3,1,True,2
48566,1,1,1,EA,V3,1,True,1
48587,1,1,1,EA,V3,1,True,1
48607,2,2,2,EA,V3,1,True,2
48618,1,1,1,EA,V3,1,True,1
48722,2,2,2,EA,V3,1,True,2
48728,1,1,1,EA,V3,1,True,1
48859,2,2,2,EA,V3,1,True,2
48898,1,1,1,EA,V3,1,True,1
48976,2,2,2,EA,V3,1,True,2
49004,1,1,1,EA,V3,1,True,1
49029,1,1,1,EA,V3,1,True,1
49047,1,1,1,EA,V3,1,True,1
49052,1,1,1,EA,V3,1,True,1
49095,1,1,1,EA,V3,1,True,1
49132,2,2,2,EA,V3,1,True,2
49146,1,1,1,EA,V3,1,True,1
49168,1,1,1,EA,V3,1,True,1
49182,2,2,2,EA,V3,1,True,2
49189,1,1,1,EA,V3,1,True,1
49213,1,1,1,EA,V3,1,True,1
49228,1,1,1,EA,V3,1,True,1
49239,1,1,1,EA,V3,1,True,1
49242,2,2,2,EA,V3,1,True,2
49325,1,1,1,EA,V3,1,True,1
49400,2,2,2,EA,V3,1,True,2
49460,1,1,1,EA,V3,1,True,1
49550,1,2,1,EA,V3,0,False,1
49700,1,1,1,EA,V3,1,True,1
49737,1,1,1,EA,V3,1,True,1
49765,1,2,1,EA,V3,0,False,1
49777,1,1,1,EA,V3,1,True,1
49804,1,1,1,EA,V3,1,True,1
49855,2,2,2,EA,V3,1,True,2
49870,2,2,2,EA,V3,1,True,2
49943,2,2,2,EA,V3,1,True,2
49950,2,2,2,EA,V3,1,True,2
49959,2,2,2,EA,V3,1,True,2
49971,1,1,1,EA,V3,1,True,1
