idx,left_choice,right_choice,mode,left_model,right_model,is_consistent
55,1,1,Neutral,CN,CT,True
107,2,2,Neutral,CN,CT,True
176,1,1,Neutral,CN,CT,True
283,2,2,Neutral,CN,CT,True
284,2,2,Neutral,CN,CT,True
287,1,1,Neutral,CN,CT,True
310,2,2,Neutral,CN,CT,True
379,2,2,Neutral,CN,CT,True
393,2,2,Neutral,CN,CT,True
405,2,2,Neutral,CN,CT,True
423,1,1,Neutral,CN,CT,True
450,2,2,Neutral,CN,CT,True
504,2,2,Neutral,CN,CT,True
545,1,1,Neutral,CN,CT,True
626,2,2,Neutral,CN,CT,True
715,2,2,Neutral,CN,CT,True
722,1,1,Neutral,CN,CT,True
793,2,2,Neutral,CN,CT,True
813,2,2,Neutral,CN,CT,True
856,2,2,Neutral,CN,CT,True
893,2,2,Neutral,CN,CT,True
922,1,1,Neutral,CN,CT,True
1029,2,2,Neutral,CN,CT,True
1057,2,2,Neutral,CN,CT,True
1106,1,1,Neutral,CN,CT,True
1176,2,2,Neutral,CN,CT,True
1199,1,1,Neutral,CN,CT,True
1200,2,2,Neutral,CN,CT,True
1205,2,2,Neutral,CN,CT,True
1261,2,2,Neutral,CN,CT,True
1285,1,1,Neutral,CN,CT,True
1290,1,1,Neutral,CN,CT,True
1347,1,1,Neutral,CN,CT,True
1363,2,2,Neutral,CN,CT,True
1421,1,1,Neutral,CN,CT,True
1481,1,1,Neutral,CN,CT,True
1552,1,1,Neutral,CN,CT,True
1573,1,1,Neutral,CN,CT,True
1656,2,2,Neutral,CN,CT,True
1687,1,1,Neutral,CN,CT,True
1707,2,2,Neutral,CN,CT,True
1735,2,2,Neutral,CN,CT,True
1755,2,2,Neutral,CN,CT,True
1814,2,2,Neutral,CN,CT,True
1819,2,2,Neutral,CN,CT,True
1822,1,1,Neutral,CN,CT,True
1823,1,1,Neutral,CN,CT,True
1862,1,1,Neutral,CN,CT,True
2004,2,2,Neutral,CN,CT,True
2039,2,2,Neutral,CN,CT,True
2055,1,1,Neutral,CN,CT,True
2068,2,2,Neutral,CN,CT,True
2081,1,1,Neutral,CN,CT,True
2155,2,2,Neutral,CN,CT,True
2221,2,2,Neutral,CN,CT,True
2288,2,2,Neutral,CN,CT,True
2375,2,2,Neutral,CN,CT,True
2379,1,1,Neutral,CN,CT,True
2426,2,2,Neutral,CN,CT,True
2584,2,2,Neutral,CN,CT,True
2599,2,2,Neutral,CN,CT,True
2600,1,1,Neutral,CN,CT,True
2732,2,2,Neutral,CN,CT,True
2844,1,1,Neutral,CN,CT,True
2891,2,2,Neutral,CN,CT,True
2932,2,2,Neutral,CN,CT,True
2983,1,1,Neutral,CN,CT,True
3056,1,1,Neutral,CN,CT,True
3102,1,1,Neutral,CN,CT,True
3191,1,1,Neutral,CN,CT,True
3297,1,1,Neutral,CN,CT,True
3363,1,1,Neutral,CN,CT,True
3367,2,2,Neutral,CN,CT,True
3400,1,1,Neutral,CN,CT,True
3418,1,1,Neutral,CN,CT,True
3429,2,2,Neutral,CN,CT,True
3440,1,1,Neutral,CN,CT,True
3512,1,1,Neutral,CN,CT,True
3524,1,1,Neutral,CN,CT,True
3567,1,1,Neutral,CN,CT,True
3631,2,2,Neutral,CN,CT,True
3824,1,1,Neutral,CN,CT,True
3867,1,1,Neutral,CN,CT,True
3929,2,2,Neutral,CN,CT,True
3971,2,2,Neutral,CN,CT,True
3979,2,2,Neutral,CN,CT,True
4011,2,2,Neutral,CN,CT,True
4066,2,2,Neutral,CN,CT,True
4087,2,2,Neutral,CN,CT,True
4153,2,2,Neutral,CN,CT,True
4182,2,2,Neutral,CN,CT,True
4187,1,1,Neutral,CN,CT,True
4207,1,1,Neutral,CN,CT,True
4211,1,1,Neutral,CN,CT,True
4303,1,1,Neutral,CN,CT,True
4314,1,1,Neutral,CN,CT,True
4339,2,2,Neutral,CN,CT,True
4348,2,2,Neutral,CN,CT,True
4447,1,1,Neutral,CN,CT,True
4462,1,1,Neutral,CN,CT,True
4591,1,1,Neutral,CN,CT,True
4624,2,2,Neutral,CN,CT,True
4651,2,2,Neutral,CN,CT,True
4652,1,1,Neutral,CN,CT,True
4663,1,1,Neutral,CN,CT,True
4706,2,2,Neutral,CN,CT,True
4716,1,1,Neutral,CN,CT,True
4744,2,2,Neutral,CN,CT,True
4767,1,1,Neutral,CN,CT,True
4795,1,1,Neutral,CN,CT,True
4797,1,1,Neutral,CN,CT,True
4812,2,2,Neutral,CN,CT,True
4827,2,2,Neutral,CN,CT,True
4829,2,2,Neutral,CN,CT,True
4851,2,2,Neutral,CN,CT,True
4856,2,2,Neutral,CN,CT,True
4865,2,2,Neutral,CN,CT,True
4871,1,1,Neutral,CN,CT,True
4927,2,2,Neutral,CN,CT,True
4937,1,1,Neutral,CN,CT,True
5009,1,1,Neutral,CN,CT,True
5024,1,1,Neutral,CN,CT,True
5070,1,1,Neutral,CN,CT,True
5086,2,2,Neutral,CN,CT,True
5105,2,2,Neutral,CN,CT,True
5119,1,1,Neutral,CN,CT,True
5120,2,2,Neutral,CN,CT,True
5159,1,1,Neutral,CN,CT,True
5406,1,1,Neutral,CN,CT,True
5424,2,2,Neutral,CN,CT,True
5499,1,1,Neutral,CN,CT,True
5570,1,1,Neutral,CN,CT,True
5586,2,2,Neutral,CN,CT,True
5619,2,2,Neutral,CN,CT,True
5651,1,1,Neutral,CN,CT,True
5741,1,1,Neutral,CN,CT,True
5797,2,2,Neutral,CN,CT,True
5824,2,2,Neutral,CN,CT,True
5829,1,1,Neutral,CN,CT,True
5906,2,2,Neutral,CN,CT,True
5957,2,2,Neutral,CN,CT,True
5998,2,2,Neutral,CN,CT,True
6010,2,2,Neutral,CN,CT,True
6059,2,2,Neutral,CN,CT,True
6111,1,1,Neutral,CN,CT,True
6137,1,1,Neutral,CN,CT,True
6156,1,1,Neutral,CN,CT,True
6252,1,1,Neutral,CN,CT,True
6253,2,2,Neutral,CN,CT,True
6255,2,2,Neutral,CN,CT,True
6295,1,1,Neutral,CN,CT,True
6347,1,1,Neutral,CN,CT,True
6374,1,1,Neutral,CN,CT,True
6420,2,2,Neutral,CN,CT,True
6452,1,1,Neutral,CN,CT,True
6465,1,1,Neutral,CN,CT,True
6484,2,2,Neutral,CN,CT,True
6488,2,2,Neutral,CN,CT,True
6519,2,2,Neutral,CN,CT,True
6527,2,2,Neutral,CN,CT,True
6595,1,1,Neutral,CN,CT,True
6631,1,1,Neutral,CN,CT,True
6692,2,2,Neutral,CN,CT,True
6715,2,2,Neutral,CN,CT,True
6728,1,1,Neutral,CN,CT,True
6756,2,2,Neutral,CN,CT,True
6812,1,1,Neutral,CN,CT,True
6824,1,1,Neutral,CN,CT,True
6826,1,1,Neutral,CN,CT,True
6842,1,1,Neutral,CN,CT,True
6867,1,1,Neutral,CN,CT,True
6899,2,2,Neutral,CN,CT,True
6965,2,2,Neutral,CN,CT,True
6977,2,2,Neutral,CN,CT,True
6991,1,1,Neutral,CN,CT,True
7001,2,2,Neutral,CN,CT,True
7004,1,1,Neutral,CN,CT,True
7070,2,2,Neutral,CN,CT,True
7096,1,1,Neutral,CN,CT,True
7099,1,1,Neutral,CN,CT,True
7194,2,2,Neutral,CN,CT,True
7220,2,2,Neutral,CN,CT,True
7235,2,2,Neutral,CN,CT,True
7313,2,2,Neutral,CN,CT,True
7387,1,1,Neutral,CN,CT,True
7407,1,1,Neutral,CN,CT,True
7430,2,2,Neutral,CN,CT,True
7439,1,1,Neutral,CN,CT,True
7451,2,2,Neutral,CN,CT,True
7498,2,2,Neutral,CN,CT,True
7550,1,1,Neutral,CN,CT,True
7553,2,2,Neutral,CN,CT,True
7555,1,1,Neutral,CN,CT,True
7581,2,2,Neutral,CN,CT,True
7599,2,2,Neutral,CN,CT,True
7631,1,1,Neutral,CN,CT,True
7654,1,1,Neutral,CN,CT,True
7687,1,1,Neutral,CN,CT,True
7723,1,1,Neutral,CN,CT,True
7832,2,2,Neutral,CN,CT,True
7887,1,1,Neutral,CN,CT,True
7894,1,1,Neutral,CN,CT,True
7915,2,2,Neutral,CN,CT,True
7966,1,1,Neutral,CN,CT,True
7972,2,2,Neutral,CN,CT,True
7992,1,1,Neutral,CN,CT,True
8015,2,2,Neutral,CN,CT,True
8033,1,1,Neutral,CN,CT,True
8139,1,1,Neutral,CN,CT,True
8217,2,2,Neutral,CN,CT,True
8268,1,1,Neutral,CN,CT,True
8339,1,1,Neutral,CN,CT,True
8366,2,2,Neutral,CN,CT,True
8444,1,1,Neutral,CN,CT,True
8477,1,1,Neutral,CN,CT,True
8580,2,2,Neutral,CN,CT,True
8614,1,1,Neutral,CN,CT,True
8630,2,2,Neutral,CN,CT,True
8637,2,2,Neutral,CN,CT,True
8672,1,1,Neutral,CN,CT,True
8816,2,2,Neutral,CN,CT,True
8902,2,2,Neutral,CN,CT,True
8923,2,2,Neutral,CN,CT,True
8948,1,1,Neutral,CN,CT,True
8993,1,1,Neutral,CN,CT,True
9004,1,1,Neutral,CN,CT,True
9089,2,2,Neutral,CN,CT,True
9102,1,1,Neutral,CN,CT,True
9120,1,1,Neutral,CN,CT,True
9134,2,2,Neutral,CN,CT,True
9246,2,2,Neutral,CN,CT,True
9268,1,1,Neutral,CN,CT,True
9325,1,1,Neutral,CN,CT,True
9349,2,2,Neutral,CN,CT,True
9357,2,2,Neutral,CN,CT,True
9417,1,1,Neutral,CN,CT,True
9459,1,1,Neutral,CN,CT,True
9465,1,1,Neutral,CN,CT,True
9469,2,2,Neutral,CN,CT,True
9473,1,1,Neutral,CN,CT,True
9485,1,1,Neutral,CN,CT,True
9595,1,1,Neutral,CN,CT,True
9632,2,2,Neutral,CN,CT,True
9635,2,2,Neutral,CN,CT,True
9677,2,2,Neutral,CN,CT,True
9715,1,1,Neutral,CN,CT,True
9724,2,2,Neutral,CN,CT,True
9774,2,2,Neutral,CN,CT,True
9796,1,1,Neutral,CN,CT,True
9892,2,2,Neutral,CN,CT,True
9899,1,1,Neutral,CN,CT,True
9907,2,2,Neutral,CN,CT,True
9934,1,1,Neutral,CN,CT,True
9987,1,1,Neutral,CN,CT,True
10022,1,1,Neutral,CN,CT,True
10156,1,1,Neutral,CN,CT,True
10163,1,1,Neutral,CN,CT,True
10174,1,1,Neutral,CN,CT,True
10187,2,1,Neutral,CN,CT,False
10189,2,2,Neutral,CN,CT,True
10210,1,1,Neutral,CN,CT,True
10301,1,1,Neutral,CN,CT,True
10328,1,1,Neutral,CN,CT,True
10330,2,2,Neutral,CN,CT,True
10375,1,1,Neutral,CN,CT,True
10423,2,2,Neutral,CN,CT,True
10434,1,1,Neutral,CN,CT,True
10450,2,2,Neutral,CN,CT,True
10566,2,2,Neutral,CN,CT,True
10600,1,1,Neutral,CN,CT,True
10610,2,2,Neutral,CN,CT,True
10621,1,1,Neutral,CN,CT,True
10626,2,2,Neutral,CN,CT,True
10634,2,2,Neutral,CN,CT,True
10771,2,2,Neutral,CN,CT,True
10803,2,2,Neutral,CN,CT,True
10910,2,2,Neutral,CN,CT,True
10954,2,2,Neutral,CN,CT,True
10978,1,1,Neutral,CN,CT,True
11101,1,1,Neutral,CN,CT,True
11102,1,1,Neutral,CN,CT,True
11120,2,2,Neutral,CN,CT,True
11132,1,1,Neutral,CN,CT,True
11189,2,2,Neutral,CN,CT,True
11241,2,2,Neutral,CN,CT,True
11264,1,1,Neutral,CN,CT,True
11283,2,2,Neutral,CN,CT,True
11511,2,2,Neutral,CN,CT,True
11514,2,2,Neutral,CN,CT,True
11523,2,2,Neutral,CN,CT,True
11525,1,1,Neutral,CN,CT,True
11553,1,1,Neutral,CN,CT,True
11596,1,1,Neutral,CN,CT,True
11603,2,2,Neutral,CN,CT,True
11617,2,2,Neutral,CN,CT,True
11630,1,1,Neutral,CN,CT,True
11647,2,2,Neutral,CN,CT,True
11742,2,2,Neutral,CN,CT,True
11786,1,1,Neutral,CN,CT,True
11850,2,2,Neutral,CN,CT,True
11870,1,1,Neutral,CN,CT,True
11874,1,1,Neutral,CN,CT,True
11930,1,1,Neutral,CN,CT,True
11935,2,2,Neutral,CN,CT,True
11967,1,1,Neutral,CN,CT,True
12012,2,2,Neutral,CN,CT,True
12074,1,1,Neutral,CN,CT,True
12143,1,1,Neutral,CN,CT,True
12151,1,1,Neutral,CN,CT,True
12153,1,1,Neutral,CN,CT,True
12219,2,2,Neutral,CN,CT,True
12271,2,2,Neutral,CN,CT,True
12285,1,1,Neutral,CN,CT,True
12301,1,1,Neutral,CN,CT,True
12323,1,1,Neutral,CN,CT,True
12429,2,2,Neutral,CN,CT,True
12472,2,2,Neutral,CN,CT,True
12486,2,2,Neutral,CN,CT,True
12494,1,1,Neutral,CN,CT,True
12645,1,1,Neutral,CN,CT,True
12732,1,1,Neutral,CN,CT,True
12798,2,2,Neutral,CN,CT,True
12830,2,2,Neutral,CN,CT,True
12860,2,2,Neutral,CN,CT,True
12896,1,1,Neutral,CN,CT,True
12903,1,1,Neutral,CN,CT,True
12926,2,2,Neutral,CN,CT,True
12936,2,2,Neutral,CN,CT,True
12948,2,2,Neutral,CN,CT,True
12975,2,2,Neutral,CN,CT,True
13035,1,1,Neutral,CN,CT,True
13050,2,2,Neutral,CN,CT,True
13061,1,1,Neutral,CN,CT,True
13113,2,2,Neutral,CN,CT,True
13115,2,2,Neutral,CN,CT,True
13137,2,2,Neutral,CN,CT,True
13200,1,1,Neutral,CN,CT,True
13227,2,2,Neutral,CN,CT,True
13300,2,2,Neutral,CN,CT,True
13319,1,1,Neutral,CN,CT,True
13334,1,1,Neutral,CN,CT,True
13384,1,1,Neutral,CN,CT,True
13400,2,2,Neutral,CN,CT,True
13447,2,2,Neutral,CN,CT,True
13469,2,2,Neutral,CN,CT,True
13484,2,2,Neutral,CN,CT,True
13518,2,2,Neutral,CN,CT,True
13531,1,2,Neutral,CN,CT,False
13726,2,2,Neutral,CN,CT,True
13785,1,1,Neutral,CN,CT,True
13843,2,2,Neutral,CN,CT,True
13864,2,2,Neutral,CN,CT,True
13874,1,1,Neutral,CN,CT,True
13920,1,1,Neutral,CN,CT,True
14011,2,2,Neutral,CN,CT,True
14047,2,2,Neutral,CN,CT,True
14055,2,2,Neutral,CN,CT,True
14074,2,2,Neutral,CN,CT,True
14137,2,2,Neutral,CN,CT,True
14139,2,2,Neutral,CN,CT,True
14259,1,1,Neutral,CN,CT,True
14325,1,1,Neutral,CN,CT,True
14408,1,1,Neutral,CN,CT,True
14410,1,1,Neutral,CN,CT,True
14469,1,1,Neutral,CN,CT,True
14488,1,1,Neutral,CN,CT,True
14532,2,2,Neutral,CN,CT,True
14550,2,2,Neutral,CN,CT,True
14557,1,1,Neutral,CN,CT,True
14581,2,2,Neutral,CN,CT,True
14617,2,2,Neutral,CN,CT,True
14759,2,2,Neutral,CN,CT,True
14793,1,1,Neutral,CN,CT,True
14796,2,2,Neutral,CN,CT,True
14845,2,2,Neutral,CN,CT,True
14858,2,2,Neutral,CN,CT,True
14868,1,1,Neutral,CN,CT,True
14900,1,1,Neutral,CN,CT,True
14932,2,2,Neutral,CN,CT,True
14970,2,2,Neutral,CN,CT,True
14988,2,2,Neutral,CN,CT,True
15035,1,1,Neutral,CN,CT,True
15066,2,2,Neutral,CN,CT,True
15131,1,1,Neutral,CN,CT,True
15133,2,2,Neutral,CN,CT,True
15176,2,2,Neutral,CN,CT,True
15189,1,1,Neutral,CN,CT,True
15254,1,1,Neutral,CN,CT,True
15290,1,1,Neutral,CN,CT,True
15363,2,2,Neutral,CN,CT,True
15452,2,2,Neutral,CN,CT,True
15473,2,2,Neutral,CN,CT,True
15535,2,2,Neutral,CN,CT,True
15555,1,1,Neutral,CN,CT,True
15614,2,2,Neutral,CN,CT,True
15620,2,2,Neutral,CN,CT,True
15693,1,1,Neutral,CN,CT,True
15721,2,2,Neutral,CN,CT,True
15735,1,1,Neutral,CN,CT,True
15770,1,1,Neutral,CN,CT,True
15810,2,2,Neutral,CN,CT,True
15883,1,1,Neutral,CN,CT,True
15894,2,2,Neutral,CN,CT,True
15938,1,1,Neutral,CN,CT,True
15980,2,2,Neutral,CN,CT,True
16011,2,2,Neutral,CN,CT,True
16114,1,1,Neutral,CN,CT,True
16120,1,1,Neutral,CN,CT,True
16174,1,1,Neutral,CN,CT,True
16212,2,2,Neutral,CN,CT,True
16213,1,1,Neutral,CN,CT,True
16230,1,1,Neutral,CN,CT,True
16264,1,1,Neutral,CN,CT,True
16339,1,1,Neutral,CN,CT,True
16355,2,2,Neutral,CN,CT,True
16398,1,1,Neutral,CN,CT,True
16457,2,2,Neutral,CN,CT,True
16521,2,2,Neutral,CN,CT,True
16572,1,1,Neutral,CN,CT,True
16600,1,1,Neutral,CN,CT,True
16614,1,1,Neutral,CN,CT,True
16642,1,1,Neutral,CN,CT,True
16731,1,1,Neutral,CN,CT,True
16801,2,2,Neutral,CN,CT,True
16845,1,1,Neutral,CN,CT,True
16858,2,2,Neutral,CN,CT,True
16891,1,1,Neutral,CN,CT,True
16903,1,1,Neutral,CN,CT,True
16977,1,1,Neutral,CN,CT,True
17002,2,2,Neutral,CN,CT,True
17048,1,1,Neutral,CN,CT,True
17079,2,2,Neutral,CN,CT,True
17082,2,2,Neutral,CN,CT,True
17121,2,2,Neutral,CN,CT,True
17212,1,1,Neutral,CN,CT,True
17227,1,1,Neutral,CN,CT,True
17241,2,2,Neutral,CN,CT,True
17280,2,2,Neutral,CN,CT,True
17322,1,1,Neutral,CN,CT,True
17355,2,2,Neutral,CN,CT,True
17361,1,1,Neutral,CN,CT,True
17364,2,2,Neutral,CN,CT,True
17386,2,2,Neutral,CN,CT,True
17423,2,2,Neutral,CN,CT,True
17455,1,1,Neutral,CN,CT,True
17468,1,1,Neutral,CN,CT,True
17475,1,1,Neutral,CN,CT,True
17553,1,1,Neutral,CN,CT,True
17585,2,2,Neutral,CN,CT,True
17693,1,1,Neutral,CN,CT,True
17744,2,2,Neutral,CN,CT,True
17746,2,2,Neutral,CN,CT,True
17792,1,1,Neutral,CN,CT,True
17806,2,2,Neutral,CN,CT,True
17841,2,2,Neutral,CN,CT,True
17877,1,1,Neutral,CN,CT,True
17885,2,2,Neutral,CN,CT,True
17914,2,2,Neutral,CN,CT,True
17963,2,2,Neutral,CN,CT,True
18290,1,1,Neutral,CN,CT,True
18337,1,1,Neutral,CN,CT,True
18550,2,2,Neutral,CN,CT,True
18553,2,2,Neutral,CN,CT,True
18597,2,2,Neutral,CN,CT,True
18613,2,2,Neutral,CN,CT,True
18630,2,2,Neutral,CN,CT,True
18631,1,1,Neutral,CN,CT,True
18643,1,1,Neutral,CN,CT,True
18652,1,1,Neutral,CN,CT,True
18656,2,2,Neutral,CN,CT,True
18670,1,1,Neutral,CN,CT,True
18805,2,2,Neutral,CN,CT,True
18806,1,1,Neutral,CN,CT,True
18820,1,1,Neutral,CN,CT,True
18839,2,2,Neutral,CN,CT,True
18874,1,1,Neutral,CN,CT,True
18886,1,1,Neutral,CN,CT,True
18935,1,1,Neutral,CN,CT,True
18961,2,2,Neutral,CN,CT,True
18998,2,2,Neutral,CN,CT,True
19036,2,2,Neutral,CN,CT,True
19045,2,2,Neutral,CN,CT,True
19164,1,1,Neutral,CN,CT,True
19267,2,2,Neutral,CN,CT,True
19295,1,1,Neutral,CN,CT,True
19331,2,2,Neutral,CN,CT,True
19341,1,1,Neutral,CN,CT,True
19383,1,1,Neutral,CN,CT,True
19385,2,2,Neutral,CN,CT,True
19395,2,2,Neutral,CN,CT,True
19486,2,2,Neutral,CN,CT,True
19496,2,2,Neutral,CN,CT,True
19519,2,2,Neutral,CN,CT,True
19532,1,1,Neutral,CN,CT,True
19538,1,1,Neutral,CN,CT,True
19599,1,1,Neutral,CN,CT,True
19643,1,1,Neutral,CN,CT,True
19686,1,1,Neutral,CN,CT,True
19738,1,1,Neutral,CN,CT,True
19794,1,1,Neutral,CN,CT,True
19826,2,2,Neutral,CN,CT,True
19830,2,2,Neutral,CN,CT,True
19839,2,2,Neutral,CN,CT,True
19854,2,2,Neutral,CN,CT,True
19900,2,2,Neutral,CN,CT,True
19915,1,1,Neutral,CN,CT,True
19967,1,1,Neutral,CN,CT,True
19968,2,2,Neutral,CN,CT,True
20031,1,1,Neutral,CN,CT,True
20132,2,2,Neutral,CN,CT,True
20184,1,1,Neutral,CN,CT,True
20195,1,1,Neutral,CN,CT,True
20299,2,2,Neutral,CN,CT,True
20338,2,2,Neutral,CN,CT,True
20351,1,1,Neutral,CN,CT,True
20380,2,2,Neutral,CN,CT,True
20407,2,2,Neutral,CN,CT,True
20420,1,1,Neutral,CN,CT,True
20422,1,1,Neutral,CN,CT,True
20431,1,1,Neutral,CN,CT,True
20443,1,1,Neutral,CN,CT,True
20446,2,2,Neutral,CN,CT,True
20465,1,1,Neutral,CN,CT,True
20467,1,1,Neutral,CN,CT,True
20504,2,2,Neutral,CN,CT,True
20542,1,1,Neutral,CN,CT,True
20609,1,1,Neutral,CN,CT,True
20666,1,1,Neutral,CN,CT,True
20677,1,1,Neutral,CN,CT,True
20685,2,2,Neutral,CN,CT,True
20716,2,2,Neutral,CN,CT,True
20839,2,2,Neutral,CN,CT,True
20853,1,1,Neutral,CN,CT,True
20869,2,2,Neutral,CN,CT,True
20890,2,2,Neutral,CN,CT,True
20895,2,2,Neutral,CN,CT,True
20964,1,1,Neutral,CN,CT,True
20971,2,2,Neutral,CN,CT,True
21051,2,2,Neutral,CN,CT,True
21074,1,1,Neutral,CN,CT,True
21098,2,2,Neutral,CN,CT,True
21130,2,2,Neutral,CN,CT,True
21158,1,1,Neutral,CN,CT,True
21165,1,1,Neutral,CN,CT,True
21167,1,1,Neutral,CN,CT,True
21173,1,1,Neutral,CN,CT,True
21180,2,2,Neutral,CN,CT,True
21203,2,2,Neutral,CN,CT,True
21210,1,1,Neutral,CN,CT,True
21328,1,1,Neutral,CN,CT,True
21399,1,1,Neutral,CN,CT,True
21509,2,2,Neutral,CN,CT,True
21544,2,2,Neutral,CN,CT,True
21598,2,2,Neutral,CN,CT,True
21606,2,2,Neutral,CN,CT,True
21629,1,1,Neutral,CN,CT,True
21630,2,2,Neutral,CN,CT,True
21666,2,2,Neutral,CN,CT,True
21691,1,1,Neutral,CN,CT,True
21847,2,2,Neutral,CN,CT,True
21910,2,1,Neutral,CN,CT,False
21961,1,1,Neutral,CN,CT,True
21976,1,1,Neutral,CN,CT,True
21987,2,2,Neutral,CN,CT,True
22043,2,2,Neutral,CN,CT,True
22052,1,1,Neutral,CN,CT,True
22065,1,1,Neutral,CN,CT,True
22066,2,2,Neutral,CN,CT,True
22126,2,2,Neutral,CN,CT,True
22166,2,2,Neutral,CN,CT,True
22184,2,2,Neutral,CN,CT,True
22189,2,2,Neutral,CN,CT,True
22194,2,2,Neutral,CN,CT,True
22266,1,1,Neutral,CN,CT,True
22314,2,2,Neutral,CN,CT,True
22356,2,2,Neutral,CN,CT,True
22467,2,2,Neutral,CN,CT,True
22679,1,1,Neutral,CN,CT,True
22707,2,2,Neutral,CN,CT,True
22767,2,2,Neutral,CN,CT,True
22770,1,1,Neutral,CN,CT,True
22814,1,1,Neutral,CN,CT,True
22819,2,2,Neutral,CN,CT,True
22833,1,1,Neutral,CN,CT,True
22849,2,2,Neutral,CN,CT,True
22966,2,2,Neutral,CN,CT,True
23023,1,1,Neutral,CN,CT,True
23052,1,1,Neutral,CN,CT,True
23089,1,1,Neutral,CN,CT,True
23104,2,2,Neutral,CN,CT,True
23128,1,1,Neutral,CN,CT,True
23200,1,1,Neutral,CN,CT,True
23313,2,2,Neutral,CN,CT,True
23322,1,1,Neutral,CN,CT,True
23323,1,1,Neutral,CN,CT,True
23404,2,2,Neutral,CN,CT,True
23440,2,2,Neutral,CN,CT,True
23453,2,2,Neutral,CN,CT,True
23505,1,1,Neutral,CN,CT,True
23514,2,2,Neutral,CN,CT,True
23524,1,1,Neutral,CN,CT,True
23530,2,2,Neutral,CN,CT,True
23574,1,1,Neutral,CN,CT,True
23584,1,1,Neutral,CN,CT,True
23605,1,1,Neutral,CN,CT,True
23620,2,2,Neutral,CN,CT,True
23648,2,2,Neutral,CN,CT,True
23699,2,2,Neutral,CN,CT,True
23713,2,2,Neutral,CN,CT,True
23779,1,1,Neutral,CN,CT,True
23871,1,1,Neutral,CN,CT,True
23873,1,1,Neutral,CN,CT,True
24026,1,1,Neutral,CN,CT,True
24163,1,1,Neutral,CN,CT,True
24174,2,2,Neutral,CN,CT,True
24223,1,1,Neutral,CN,CT,True
24291,2,2,Neutral,CN,CT,True
24304,1,1,Neutral,CN,CT,True
24334,2,2,Neutral,CN,CT,True
24405,2,2,Neutral,CN,CT,True
24408,1,1,Neutral,CN,CT,True
24500,2,2,Neutral,CN,CT,True
24502,2,2,Neutral,CN,CT,True
24541,2,2,Neutral,CN,CT,True
24573,1,1,Neutral,CN,CT,True
24637,2,2,Neutral,CN,CT,True
24673,2,2,Neutral,CN,CT,True
24706,1,1,Neutral,CN,CT,True
24740,2,2,Neutral,CN,CT,True
24774,2,2,Neutral,CN,CT,True
24836,1,1,Neutral,CN,CT,True
24871,1,1,Neutral,CN,CT,True
24902,2,2,Neutral,CN,CT,True
24959,2,2,Neutral,CN,CT,True
24975,1,1,Neutral,CN,CT,True
24995,1,1,Neutral,CN,CT,True
25015,1,1,Neutral,CN,CT,True
25038,1,1,Neutral,CN,CT,True
25109,2,2,Neutral,CN,CT,True
25137,1,1,Neutral,CN,CT,True
25155,1,1,Neutral,CN,CT,True
25239,2,2,Neutral,CN,CT,True
25270,1,1,Neutral,CN,CT,True
25302,2,2,Neutral,CN,CT,True
25337,1,1,Neutral,CN,CT,True
25348,1,1,Neutral,CN,CT,True
25369,2,2,Neutral,CN,CT,True
25416,1,1,Neutral,CN,CT,True
25435,1,1,Neutral,CN,CT,True
25447,1,1,Neutral,CN,CT,True
25448,2,2,Neutral,CN,CT,True
25471,2,2,Neutral,CN,CT,True
25523,2,2,Neutral,CN,CT,True
25650,1,1,Neutral,CN,CT,True
25690,1,1,Neutral,CN,CT,True
25856,1,1,Neutral,CN,CT,True
25868,1,1,Neutral,CN,CT,True
25990,2,2,Neutral,CN,CT,True
26032,1,1,Neutral,CN,CT,True
26129,2,2,Neutral,CN,CT,True
26161,1,1,Neutral,CN,CT,True
26178,1,2,Neutral,CN,CT,False
26211,2,2,Neutral,CN,CT,True
26281,2,2,Neutral,CN,CT,True
26287,2,2,Neutral,CN,CT,True
26292,1,1,Neutral,CN,CT,True
26321,2,2,Neutral,CN,CT,True
26337,1,1,Neutral,CN,CT,True
26480,2,2,Neutral,CN,CT,True
26492,2,2,Neutral,CN,CT,True
26528,1,1,Neutral,CN,CT,True
26546,1,1,Neutral,CN,CT,True
26556,1,1,Neutral,CN,CT,True
26575,2,2,Neutral,CN,CT,True
26678,2,2,Neutral,CN,CT,True
26714,2,2,Neutral,CN,CT,True
26831,1,1,Neutral,CN,CT,True
26865,2,2,Neutral,CN,CT,True
26878,2,2,Neutral,CN,CT,True
26995,1,1,Neutral,CN,CT,True
27029,1,1,Neutral,CN,CT,True
27088,1,1,Neutral,CN,CT,True
27101,1,1,Neutral,CN,CT,True
27395,2,2,Neutral,CN,CT,True
27431,2,2,Neutral,CN,CT,True
27497,1,1,Neutral,CN,CT,True
27524,2,2,Neutral,CN,CT,True
27558,2,2,Neutral,CN,CT,True
27668,2,2,Neutral,CN,CT,True
27688,2,2,Neutral,CN,CT,True
27740,2,2,Neutral,CN,CT,True
27786,2,2,Neutral,CN,CT,True
27828,2,2,Neutral,CN,CT,True
27904,2,2,Neutral,CN,CT,True
27910,2,2,Neutral,CN,CT,True
27911,2,2,Neutral,CN,CT,True
28011,2,2,Neutral,CN,CT,True
28019,1,1,Neutral,CN,CT,True
28051,2,2,Neutral,CN,CT,True
28057,1,1,Neutral,CN,CT,True
28067,2,2,Neutral,CN,CT,True
28114,2,2,Neutral,CN,CT,True
28222,2,2,Neutral,CN,CT,True
28262,2,2,Neutral,CN,CT,True
28271,1,1,Neutral,CN,CT,True
28341,1,1,Neutral,CN,CT,True
28365,2,2,Neutral,CN,CT,True
28463,2,2,Neutral,CN,CT,True
28490,1,1,Neutral,CN,CT,True
28550,2,2,Neutral,CN,CT,True
28574,2,2,Neutral,CN,CT,True
28656,2,2,Neutral,CN,CT,True
28674,2,2,Neutral,CN,CT,True
28728,1,1,Neutral,CN,CT,True
28789,2,2,Neutral,CN,CT,True
28790,2,2,Neutral,CN,CT,True
28814,2,2,Neutral,CN,CT,True
28822,2,2,Neutral,CN,CT,True
28963,1,1,Neutral,CN,CT,True
29070,2,2,Neutral,CN,CT,True
29105,2,2,Neutral,CN,CT,True
29132,1,1,Neutral,CN,CT,True
29144,1,1,Neutral,CN,CT,True
29243,2,2,Neutral,CN,CT,True
29385,1,1,Neutral,CN,CT,True
29417,2,2,Neutral,CN,CT,True
29454,2,2,Neutral,CN,CT,True
29484,2,2,Neutral,CN,CT,True
29629,1,1,Neutral,CN,CT,True
29644,1,1,Neutral,CN,CT,True
29679,1,1,Neutral,CN,CT,True
29768,1,1,Neutral,CN,CT,True
29880,1,1,Neutral,CN,CT,True
29903,1,1,Neutral,CN,CT,True
29912,1,1,Neutral,CN,CT,True
30052,1,1,Neutral,CN,CT,True
30118,1,1,Neutral,CN,CT,True
30137,2,2,Neutral,CN,CT,True
30143,1,1,Neutral,CN,CT,True
30180,1,1,Neutral,CN,CT,True
30259,1,1,Neutral,CN,CT,True
30273,2,2,Neutral,CN,CT,True
30285,2,2,Neutral,CN,CT,True
30328,1,1,Neutral,CN,CT,True
30329,1,1,Neutral,CN,CT,True
30336,2,2,Neutral,CN,CT,True
30340,1,1,Neutral,CN,CT,True
30367,2,2,Neutral,CN,CT,True
30457,2,2,Neutral,CN,CT,True
30514,1,1,Neutral,CN,CT,True
30544,1,1,Neutral,CN,CT,True
30637,1,1,Neutral,CN,CT,True
30694,2,2,Neutral,CN,CT,True
30701,2,2,Neutral,CN,CT,True
30710,2,2,Neutral,CN,CT,True
30794,2,2,Neutral,CN,CT,True
30807,2,2,Neutral,CN,CT,True
30825,2,2,Neutral,CN,CT,True
30846,1,1,Neutral,CN,CT,True
30856,2,2,Neutral,CN,CT,True
30872,2,2,Neutral,CN,CT,True
30880,1,1,Neutral,CN,CT,True
30899,1,1,Neutral,CN,CT,True
30922,2,2,Neutral,CN,CT,True
30936,2,2,Neutral,CN,CT,True
31029,1,1,Neutral,CN,CT,True
31060,1,1,Neutral,CN,CT,True
31081,2,2,Neutral,CN,CT,True
31089,1,1,Neutral,CN,CT,True
31128,2,2,Neutral,CN,CT,True
31129,2,2,Neutral,CN,CT,True
31138,1,1,Neutral,CN,CT,True
31148,1,1,Neutral,CN,CT,True
31247,1,1,Neutral,CN,CT,True
31266,2,2,Neutral,CN,CT,True
31350,2,2,Neutral,CN,CT,True
31386,2,2,Neutral,CN,CT,True
31470,2,2,Neutral,CN,CT,True
31483,2,2,Neutral,CN,CT,True
31597,1,1,Neutral,CN,CT,True
31622,1,1,Neutral,CN,CT,True
31628,1,1,Neutral,CN,CT,True
31665,1,1,Neutral,CN,CT,True
31720,1,1,Neutral,CN,CT,True
31728,1,1,Neutral,CN,CT,True
31883,2,2,Neutral,CN,CT,True
31907,2,2,Neutral,CN,CT,True
32003,2,2,Neutral,CN,CT,True
32090,1,1,Neutral,CN,CT,True
32112,2,2,Neutral,CN,CT,True
32116,2,2,Neutral,CN,CT,True
32131,2,2,Neutral,CN,CT,True
32167,2,2,Neutral,CN,CT,True
32177,2,2,Neutral,CN,CT,True
32263,2,2,Neutral,CN,CT,True
32265,1,1,Neutral,CN,CT,True
32323,2,2,Neutral,CN,CT,True
32372,1,1,Neutral,CN,CT,True
32463,2,2,Neutral,CN,CT,True
32518,1,1,Neutral,CN,CT,True
32572,2,2,Neutral,CN,CT,True
32638,1,1,Neutral,CN,CT,True
32679,1,1,Neutral,CN,CT,True
32722,2,2,Neutral,CN,CT,True
32747,1,1,Neutral,CN,CT,True
32753,2,2,Neutral,CN,CT,True
32785,1,1,Neutral,CN,CT,True
32872,2,2,Neutral,CN,CT,True
32913,2,2,Neutral,CN,CT,True
32917,2,2,Neutral,CN,CT,True
32963,2,2,Neutral,CN,CT,True
32972,2,2,Neutral,CN,CT,True
33026,1,1,Neutral,CN,CT,True
33067,2,2,Neutral,CN,CT,True
33126,2,2,Neutral,CN,CT,True
33141,2,2,Neutral,CN,CT,True
33154,1,1,Neutral,CN,CT,True
33212,1,1,Neutral,CN,CT,True
33262,2,2,Neutral,CN,CT,True
33322,2,2,Neutral,CN,CT,True
33345,1,1,Neutral,CN,CT,True
33390,1,1,Neutral,CN,CT,True
33409,2,2,Neutral,CN,CT,True
33433,1,1,Neutral,CN,CT,True
33470,1,1,Neutral,CN,CT,True
33504,1,1,Neutral,CN,CT,True
33509,2,2,Neutral,CN,CT,True
33649,1,1,Neutral,CN,CT,True
33743,2,2,Neutral,CN,CT,True
33765,2,2,Neutral,CN,CT,True
33808,2,2,Neutral,CN,CT,True
33856,1,1,Neutral,CN,CT,True
33859,2,2,Neutral,CN,CT,True
33890,2,2,Neutral,CN,CT,True
33936,1,1,Neutral,CN,CT,True
33940,1,1,Neutral,CN,CT,True
33961,1,1,Neutral,CN,CT,True
33962,2,2,Neutral,CN,CT,True
33986,1,1,Neutral,CN,CT,True
34029,2,2,Neutral,CN,CT,True
34125,2,2,Neutral,CN,CT,True
34143,2,2,Neutral,CN,CT,True
34171,1,1,Neutral,CN,CT,True
34215,2,2,Neutral,CN,CT,True
34276,1,1,Neutral,CN,CT,True
34332,2,2,Neutral,CN,CT,True
34354,1,1,Neutral,CN,CT,True
34404,2,2,Neutral,CN,CT,True
34456,1,1,Neutral,CN,CT,True
34460,2,2,Neutral,CN,CT,True
34500,1,1,Neutral,CN,CT,True
34573,1,1,Neutral,CN,CT,True
34667,2,2,Neutral,CN,CT,True
34714,2,2,Neutral,CN,CT,True
34754,2,2,Neutral,CN,CT,True
34812,2,2,Neutral,CN,CT,True
34918,2,2,Neutral,CN,CT,True
34944,2,2,Neutral,CN,CT,True
34983,2,2,Neutral,CN,CT,True
35058,2,2,Neutral,CN,CT,True
35064,1,1,Neutral,CN,CT,True
35127,2,2,Neutral,CN,CT,True
35156,2,2,Neutral,CN,CT,True
35174,1,1,Neutral,CN,CT,True
35191,2,2,Neutral,CN,CT,True
35201,2,2,Neutral,CN,CT,True
35204,2,2,Neutral,CN,CT,True
35282,2,2,Neutral,CN,CT,True
35287,1,1,Neutral,CN,CT,True
35429,2,2,Neutral,CN,CT,True
35467,1,1,Neutral,CN,CT,True
35564,2,2,Neutral,CN,CT,True
35592,1,1,Neutral,CN,CT,True
35643,2,2,Neutral,CN,CT,True
35653,1,1,Neutral,CN,CT,True
35715,2,2,Neutral,CN,CT,True
35732,2,2,Neutral,CN,CT,True
35738,2,2,Neutral,CN,CT,True
35743,2,2,Neutral,CN,CT,True
35871,2,2,Neutral,CN,CT,True
35880,2,2,Neutral,CN,CT,True
35907,2,2,Neutral,CN,CT,True
35918,2,2,Neutral,CN,CT,True
35939,2,2,Neutral,CN,CT,True
35991,2,2,Neutral,CN,CT,True
36100,2,2,Neutral,CN,CT,True
36117,1,1,Neutral,CN,CT,True
36126,2,2,Neutral,CN,CT,True
36186,2,2,Neutral,CN,CT,True
36190,1,1,Neutral,CN,CT,True
36199,2,2,Neutral,CN,CT,True
36209,1,1,Neutral,CN,CT,True
36247,1,1,Neutral,CN,CT,True
36341,2,2,Neutral,CN,CT,True
36419,2,2,Neutral,CN,CT,True
36434,2,2,Neutral,CN,CT,True
36449,1,1,Neutral,CN,CT,True
36482,2,2,Neutral,CN,CT,True
36557,2,2,Neutral,CN,CT,True
36686,2,2,Neutral,CN,CT,True
36689,2,2,Neutral,CN,CT,True
36734,1,1,Neutral,CN,CT,True
36743,1,1,Neutral,CN,CT,True
36767,2,2,Neutral,CN,CT,True
36812,2,2,Neutral,CN,CT,True
36819,2,2,Neutral,CN,CT,True
36849,2,2,Neutral,CN,CT,True
36960,2,2,Neutral,CN,CT,True
36974,2,2,Neutral,CN,CT,True
37006,2,2,Neutral,CN,CT,True
37016,2,2,Neutral,CN,CT,True
37020,1,1,Neutral,CN,CT,True
37082,2,2,Neutral,CN,CT,True
37102,2,2,Neutral,CN,CT,True
37124,2,2,Neutral,CN,CT,True
37234,1,1,Neutral,CN,CT,True
37249,1,1,Neutral,CN,CT,True
37327,1,1,Neutral,CN,CT,True
37367,2,2,Neutral,CN,CT,True
37422,1,1,Neutral,CN,CT,True
37432,2,2,Neutral,CN,CT,True
37435,1,1,Neutral,CN,CT,True
37490,1,1,Neutral,CN,CT,True
37537,2,2,Neutral,CN,CT,True
37569,2,2,Neutral,CN,CT,True
37608,1,1,Neutral,CN,CT,True
37614,2,2,Neutral,CN,CT,True
37617,2,2,Neutral,CN,CT,True
37679,1,1,Neutral,CN,CT,True
37723,2,2,Neutral,CN,CT,True
37741,2,2,Neutral,CN,CT,True
37743,2,2,Neutral,CN,CT,True
37842,1,1,Neutral,CN,CT,True
37909,1,1,Neutral,CN,CT,True
37955,1,1,Neutral,CN,CT,True
38026,2,2,Neutral,CN,CT,True
38068,2,2,Neutral,CN,CT,True
38078,2,2,Neutral,CN,CT,True
38093,2,2,Neutral,CN,CT,True
38130,1,1,Neutral,CN,CT,True
38144,1,1,Neutral,CN,CT,True
38146,1,1,Neutral,CN,CT,True
38166,1,1,Neutral,CN,CT,True
38168,1,1,Neutral,CN,CT,True
38191,2,2,Neutral,CN,CT,True
38245,1,1,Neutral,CN,CT,True
38267,2,2,Neutral,CN,CT,True
38352,1,1,Neutral,CN,CT,True
38363,2,2,Neutral,CN,CT,True
38395,1,1,Neutral,CN,CT,True
38425,2,2,Neutral,CN,CT,True
38485,1,1,Neutral,CN,CT,True
38518,1,1,Neutral,CN,CT,True
38530,1,1,Neutral,CN,CT,True
38533,2,2,Neutral,CN,CT,True
38562,2,2,Neutral,CN,CT,True
38593,2,2,Neutral,CN,CT,True
38627,2,2,Neutral,CN,CT,True
38630,1,1,Neutral,CN,CT,True
38721,1,1,Neutral,CN,CT,True
38773,2,2,Neutral,CN,CT,True
38802,1,1,Neutral,CN,CT,True
38809,1,1,Neutral,CN,CT,True
38811,1,1,Neutral,CN,CT,True
38858,1,1,Neutral,CN,CT,True
38928,2,2,Neutral,CN,CT,True
38947,1,1,Neutral,CN,CT,True
39000,1,1,Neutral,CN,CT,True
39152,1,1,Neutral,CN,CT,True
39199,1,1,Neutral,CN,CT,True
39321,1,1,Neutral,CN,CT,True
39356,2,2,Neutral,CN,CT,True
39388,2,2,Neutral,CN,CT,True
39457,1,1,Neutral,CN,CT,True
39466,1,1,Neutral,CN,CT,True
39532,2,2,Neutral,CN,CT,True
39553,2,2,Neutral,CN,CT,True
39557,1,1,Neutral,CN,CT,True
39630,1,1,Neutral,CN,CT,True
39715,1,1,Neutral,CN,CT,True
39795,2,2,Neutral,CN,CT,True
39804,1,1,Neutral,CN,CT,True
39833,2,2,Neutral,CN,CT,True
39842,1,1,Neutral,CN,CT,True
39855,1,1,Neutral,CN,CT,True
39864,2,2,Neutral,CN,CT,True
39884,2,2,Neutral,CN,CT,True
40068,1,1,Neutral,CN,CT,True
40135,1,1,Neutral,CN,CT,True
40145,2,2,Neutral,CN,CT,True
40164,1,1,Neutral,CN,CT,True
40296,2,2,Neutral,CN,CT,True
40352,2,2,Neutral,CN,CT,True
40376,1,1,Neutral,CN,CT,True
40497,2,2,Neutral,CN,CT,True
40535,1,1,Neutral,CN,CT,True
40542,2,2,Neutral,CN,CT,True
40622,2,2,Neutral,CN,CT,True
40625,2,2,Neutral,CN,CT,True
40653,2,2,Neutral,CN,CT,True
40853,1,1,Neutral,CN,CT,True
40855,2,2,Neutral,CN,CT,True
40920,1,1,Neutral,CN,CT,True
40969,1,1,Neutral,CN,CT,True
40991,1,1,Neutral,CN,CT,True
41001,2,2,Neutral,CN,CT,True
41077,1,1,Neutral,CN,CT,True
41103,2,2,Neutral,CN,CT,True
41237,1,1,Neutral,CN,CT,True
41239,1,1,Neutral,CN,CT,True
41273,1,1,Neutral,CN,CT,True
41360,2,2,Neutral,CN,CT,True
41368,1,1,Neutral,CN,CT,True
41416,1,1,Neutral,CN,CT,True
41457,2,2,Neutral,CN,CT,True
41472,1,1,Neutral,CN,CT,True
41581,2,2,Neutral,CN,CT,True
41590,1,1,Neutral,CN,CT,True
41607,1,1,Neutral,CN,CT,True
41636,1,1,Neutral,CN,CT,True
41704,1,1,Neutral,CN,CT,True
41829,1,1,Neutral,CN,CT,True
41836,1,1,Neutral,CN,CT,True
41906,2,2,Neutral,CN,CT,True
41973,2,2,Neutral,CN,CT,True
42040,1,1,Neutral,CN,CT,True
42067,1,1,Neutral,CN,CT,True
42086,2,2,Neutral,CN,CT,True
42112,2,2,Neutral,CN,CT,True
42166,2,2,Neutral,CN,CT,True
42185,2,2,Neutral,CN,CT,True
42228,2,2,Neutral,CN,CT,True
42330,1,1,Neutral,CN,CT,True
42344,2,2,Neutral,CN,CT,True
42391,2,2,Neutral,CN,CT,True
42428,1,1,Neutral,CN,CT,True
42468,2,2,Neutral,CN,CT,True
42520,2,2,Neutral,CN,CT,True
42521,1,1,Neutral,CN,CT,True
42568,1,1,Neutral,CN,CT,True
42572,2,2,Neutral,CN,CT,True
42585,1,1,Neutral,CN,CT,True
42609,2,2,Neutral,CN,CT,True
42690,1,1,Neutral,CN,CT,True
42714,2,2,Neutral,CN,CT,True
42860,2,2,Neutral,CN,CT,True
42886,2,2,Neutral,CN,CT,True
42922,2,2,Neutral,CN,CT,True
43042,1,1,Neutral,CN,CT,True
43070,2,2,Neutral,CN,CT,True
43113,1,1,Neutral,CN,CT,True
43164,2,2,Neutral,CN,CT,True
43285,1,1,Neutral,CN,CT,True
43295,2,2,Neutral,CN,CT,True
43350,2,2,Neutral,CN,CT,True
43486,1,1,Neutral,CN,CT,True
43526,2,2,Neutral,CN,CT,True
43621,2,2,Neutral,CN,CT,True
43668,2,2,Neutral,CN,CT,True
43764,2,2,Neutral,CN,CT,True
43800,1,1,Neutral,CN,CT,True
43811,2,2,Neutral,CN,CT,True
43878,1,1,Neutral,CN,CT,True
44064,2,2,Neutral,CN,CT,True
44147,2,2,Neutral,CN,CT,True
44167,2,2,Neutral,CN,CT,True
44178,2,2,Neutral,CN,CT,True
44313,2,2,Neutral,CN,CT,True
44380,1,1,Neutral,CN,CT,True
44400,2,2,Neutral,CN,CT,True
44415,2,2,Neutral,CN,CT,True
44430,2,2,Neutral,CN,CT,True
44444,2,2,Neutral,CN,CT,True
44458,2,2,Neutral,CN,CT,True
44475,1,1,Neutral,CN,CT,True
44479,2,2,Neutral,CN,CT,True
44628,1,1,Neutral,CN,CT,True
44682,1,1,Neutral,CN,CT,True
44812,2,2,Neutral,CN,CT,True
44841,1,1,Neutral,CN,CT,True
44887,2,2,Neutral,CN,CT,True
44967,1,1,Neutral,CN,CT,True
45012,2,2,Neutral,CN,CT,True
45024,1,1,Neutral,CN,CT,True
45075,2,2,Neutral,CN,CT,True
45117,2,2,Neutral,CN,CT,True
45137,2,2,Neutral,CN,CT,True
45175,2,2,Neutral,CN,CT,True
45184,1,1,Neutral,CN,CT,True
45190,1,1,Neutral,CN,CT,True
45314,1,1,Neutral,CN,CT,True
45337,1,1,Neutral,CN,CT,True
45340,2,2,Neutral,CN,CT,True
45390,2,2,Neutral,CN,CT,True
45470,2,2,Neutral,CN,CT,True
45492,1,1,Neutral,CN,CT,True
45529,2,2,Neutral,CN,CT,True
45544,2,2,Neutral,CN,CT,True
45784,1,1,Neutral,CN,CT,True
45800,2,2,Neutral,CN,CT,True
45811,2,2,Neutral,CN,CT,True
45837,1,1,Neutral,CN,CT,True
45857,2,2,Neutral,CN,CT,True
45893,2,2,Neutral,CN,CT,True
45919,1,1,Neutral,CN,CT,True
45938,2,2,Neutral,CN,CT,True
45983,2,2,Neutral,CN,CT,True
45985,1,1,Neutral,CN,CT,True
46132,1,1,Neutral,CN,CT,True
46147,1,1,Neutral,CN,CT,True
46160,1,1,Neutral,CN,CT,True
46346,1,1,Neutral,CN,CT,True
46372,2,2,Neutral,CN,CT,True
46555,2,2,Neutral,CN,CT,True
46569,2,2,Neutral,CN,CT,True
46595,2,2,Neutral,CN,CT,True
46674,1,1,Neutral,CN,CT,True
46707,2,2,Neutral,CN,CT,True
46710,2,2,Neutral,CN,CT,True
46751,2,2,Neutral,CN,CT,True
46756,1,1,Neutral,CN,CT,True
46758,2,2,Neutral,CN,CT,True
46810,2,2,Neutral,CN,CT,True
46859,2,2,Neutral,CN,CT,True
46880,1,1,Neutral,CN,CT,True
46894,2,2,Neutral,CN,CT,True
46969,2,2,Neutral,CN,CT,True
47060,2,2,Neutral,CN,CT,True
47065,1,1,Neutral,CN,CT,True
47097,1,1,Neutral,CN,CT,True
47139,2,2,Neutral,CN,CT,True
47169,2,2,Neutral,CN,CT,True
47216,2,2,Neutral,CN,CT,True
47246,2,2,Neutral,CN,CT,True
47249,2,2,Neutral,CN,CT,True
47362,1,1,Neutral,CN,CT,True
47371,1,1,Neutral,CN,CT,True
47560,1,1,Neutral,CN,CT,True
47619,2,2,Neutral,CN,CT,True
47632,1,1,Neutral,CN,CT,True
47865,2,2,Neutral,CN,CT,True
48180,2,2,Neutral,CN,CT,True
48182,1,1,Neutral,CN,CT,True
48217,2,2,Neutral,CN,CT,True
48246,1,1,Neutral,CN,CT,True
48295,2,2,Neutral,CN,CT,True
48329,1,1,Neutral,CN,CT,True
48352,1,1,Neutral,CN,CT,True
48355,2,2,Neutral,CN,CT,True
48359,1,1,Neutral,CN,CT,True
48441,2,2,Neutral,CN,CT,True
48449,2,2,Neutral,CN,CT,True
48506,2,2,Neutral,CN,CT,True
48538,1,1,Neutral,CN,CT,True
48541,1,1,Neutral,CN,CT,True
48562,2,2,Neutral,CN,CT,True
48563,2,2,Neutral,CN,CT,True
48587,1,1,Neutral,CN,CT,True
48607,2,2,Neutral,CN,CT,True
48618,1,1,Neutral,CN,CT,True
48722,2,2,Neutral,CN,CT,True
48728,1,1,Neutral,CN,CT,True
48859,2,2,Neutral,CN,CT,True
48898,1,1,Neutral,CN,CT,True
48976,2,2,Neutral,CN,CT,True
49004,1,1,Neutral,CN,CT,True
49029,1,1,Neutral,CN,CT,True
49047,1,1,Neutral,CN,CT,True
49052,1,1,Neutral,CN,CT,True
49095,1,1,Neutral,CN,CT,True
49132,1,1,Neutral,CN,CT,True
49146,1,1,Neutral,CN,CT,True
49182,2,2,Neutral,CN,CT,True
49189,1,1,Neutral,CN,CT,True
49213,1,1,Neutral,CN,CT,True
49228,1,1,Neutral,CN,CT,True
49239,1,1,Neutral,CN,CT,True
49242,2,2,Neutral,CN,CT,True
49325,1,1,Neutral,CN,CT,True
49400,2,2,Neutral,CN,CT,True
49460,1,1,Neutral,CN,CT,True
49550,2,2,Neutral,CN,CT,True
49700,1,1,Neutral,CN,CT,True
49737,1,1,Neutral,CN,CT,True
49765,2,2,Neutral,CN,CT,True
49777,2,1,Neutral,CN,CT,False
49804,2,2,Neutral,CN,CT,True
49855,2,2,Neutral,CN,CT,True
49870,2,2,Neutral,CN,CT,True
49943,2,2,Neutral,CN,CT,True
49950,2,2,Neutral,CN,CT,True
49959,2,2,Neutral,CN,CT,True
49971,1,1,Neutral,CN,CT,True
55,1,1,Neutral,CN,R1,True
107,2,2,Neutral,CN,R1,True
176,1,1,Neutral,CN,R1,True
283,2,2,Neutral,CN,R1,True
284,2,2,Neutral,CN,R1,True
287,1,1,Neutral,CN,R1,True
310,2,2,Neutral,CN,R1,True
337,2,2,Neutral,CN,R1,True
379,2,2,Neutral,CN,R1,True
393,2,2,Neutral,CN,R1,True
405,2,2,Neutral,CN,R1,True
423,1,2,Neutral,CN,R1,False
450,2,2,Neutral,CN,R1,True
504,2,2,Neutral,CN,R1,True
545,1,1,Neutral,CN,R1,True
626,2,2,Neutral,CN,R1,True
715,2,2,Neutral,CN,R1,True
722,1,1,Neutral,CN,R1,True
793,2,2,Neutral,CN,R1,True
813,2,1,Neutral,CN,R1,False
856,2,2,Neutral,CN,R1,True
893,2,2,Neutral,CN,R1,True
1029,2,2,Neutral,CN,R1,True
1057,2,2,Neutral,CN,R1,True
1106,1,1,Neutral,CN,R1,True
1176,2,2,Neutral,CN,R1,True
1199,1,1,Neutral,CN,R1,True
1200,2,2,Neutral,CN,R1,True
1205,2,2,Neutral,CN,R1,True
1261,2,2,Neutral,CN,R1,True
1285,1,1,Neutral,CN,R1,True
1290,1,1,Neutral,CN,R1,True
1347,1,1,Neutral,CN,R1,True
1363,2,2,Neutral,CN,R1,True
1421,1,1,Neutral,CN,R1,True
1481,1,1,Neutral,CN,R1,True
1552,1,1,Neutral,CN,R1,True
1573,1,1,Neutral,CN,R1,True
1656,2,2,Neutral,CN,R1,True
1687,1,1,Neutral,CN,R1,True
1707,2,2,Neutral,CN,R1,True
1733,1,2,Neutral,CN,R1,False
1735,2,2,Neutral,CN,R1,True
1755,2,2,Neutral,CN,R1,True
1814,2,2,Neutral,CN,R1,True
1819,2,2,Neutral,CN,R1,True
1822,1,1,Neutral,CN,R1,True
1823,1,1,Neutral,CN,R1,True
1862,1,1,Neutral,CN,R1,True
2004,2,2,Neutral,CN,R1,True
2055,1,1,Neutral,CN,R1,True
2068,2,2,Neutral,CN,R1,True
2081,1,1,Neutral,CN,R1,True
2155,2,2,Neutral,CN,R1,True
2170,1,1,Neutral,CN,R1,True
2221,2,2,Neutral,CN,R1,True
2288,2,2,Neutral,CN,R1,True
2375,2,2,Neutral,CN,R1,True
2379,1,1,Neutral,CN,R1,True
2426,2,2,Neutral,CN,R1,True
2584,2,2,Neutral,CN,R1,True
2599,2,2,Neutral,CN,R1,True
2600,1,1,Neutral,CN,R1,True
2732,2,2,Neutral,CN,R1,True
2844,1,1,Neutral,CN,R1,True
2891,2,2,Neutral,CN,R1,True
2932,2,2,Neutral,CN,R1,True
2983,1,1,Neutral,CN,R1,True
3056,1,1,Neutral,CN,R1,True
3102,1,1,Neutral,CN,R1,True
3191,1,1,Neutral,CN,R1,True
3297,1,1,Neutral,CN,R1,True
3363,1,1,Neutral,CN,R1,True
3367,2,2,Neutral,CN,R1,True
3400,1,1,Neutral,CN,R1,True
3429,2,2,Neutral,CN,R1,True
3440,1,1,Neutral,CN,R1,True
3512,1,2,Neutral,CN,R1,False
3524,1,1,Neutral,CN,R1,True
3567,1,1,Neutral,CN,R1,True
3631,2,2,Neutral,CN,R1,True
3824,1,1,Neutral,CN,R1,True
3839,1,1,Neutral,CN,R1,True
3867,1,1,Neutral,CN,R1,True
3929,2,2,Neutral,CN,R1,True
3971,2,2,Neutral,CN,R1,True
3979,2,2,Neutral,CN,R1,True
4011,2,2,Neutral,CN,R1,True
4066,2,2,Neutral,CN,R1,True
4087,2,2,Neutral,CN,R1,True
4153,2,2,Neutral,CN,R1,True
4182,2,2,Neutral,CN,R1,True
4187,1,1,Neutral,CN,R1,True
4207,1,1,Neutral,CN,R1,True
4211,1,1,Neutral,CN,R1,True
4303,1,1,Neutral,CN,R1,True
4314,1,1,Neutral,CN,R1,True
4339,2,2,Neutral,CN,R1,True
4348,2,2,Neutral,CN,R1,True
4447,1,1,Neutral,CN,R1,True
4462,1,1,Neutral,CN,R1,True
4591,1,1,Neutral,CN,R1,True
4624,2,2,Neutral,CN,R1,True
4651,2,2,Neutral,CN,R1,True
4652,1,1,Neutral,CN,R1,True
4663,1,1,Neutral,CN,R1,True
4706,2,2,Neutral,CN,R1,True
4716,1,1,Neutral,CN,R1,True
4744,2,2,Neutral,CN,R1,True
4767,1,1,Neutral,CN,R1,True
4795,1,1,Neutral,CN,R1,True
4797,1,2,Neutral,CN,R1,False
4812,2,2,Neutral,CN,R1,True
4827,2,2,Neutral,CN,R1,True
4829,2,2,Neutral,CN,R1,True
4851,2,2,Neutral,CN,R1,True
4856,2,2,Neutral,CN,R1,True
4865,2,2,Neutral,CN,R1,True
4871,1,1,Neutral,CN,R1,True
4927,2,2,Neutral,CN,R1,True
4937,1,1,Neutral,CN,R1,True
5009,1,1,Neutral,CN,R1,True
5024,1,1,Neutral,CN,R1,True
5070,1,1,Neutral,CN,R1,True
5086,2,2,Neutral,CN,R1,True
5105,2,2,Neutral,CN,R1,True
5119,1,1,Neutral,CN,R1,True
5120,2,2,Neutral,CN,R1,True
5406,1,1,Neutral,CN,R1,True
5424,2,2,Neutral,CN,R1,True
5475,1,2,Neutral,CN,R1,False
5499,1,1,Neutral,CN,R1,True
5570,1,1,Neutral,CN,R1,True
5619,2,2,Neutral,CN,R1,True
5651,1,1,Neutral,CN,R1,True
5741,1,2,Neutral,CN,R1,False
5797,2,2,Neutral,CN,R1,True
5824,2,2,Neutral,CN,R1,True
5829,1,1,Neutral,CN,R1,True
5906,2,2,Neutral,CN,R1,True
5913,2,2,Neutral,CN,R1,True
5957,2,2,Neutral,CN,R1,True
5998,2,2,Neutral,CN,R1,True
6010,2,2,Neutral,CN,R1,True
6059,2,2,Neutral,CN,R1,True
6111,1,1,Neutral,CN,R1,True
6137,1,1,Neutral,CN,R1,True
6156,1,1,Neutral,CN,R1,True
6252,1,1,Neutral,CN,R1,True
6253,2,2,Neutral,CN,R1,True
6255,2,2,Neutral,CN,R1,True
6295,1,1,Neutral,CN,R1,True
6347,1,1,Neutral,CN,R1,True
6374,1,1,Neutral,CN,R1,True
6420,2,2,Neutral,CN,R1,True
6452,1,1,Neutral,CN,R1,True
6465,1,1,Neutral,CN,R1,True
6484,2,2,Neutral,CN,R1,True
6519,2,2,Neutral,CN,R1,True
6527,2,2,Neutral,CN,R1,True
6595,1,1,Neutral,CN,R1,True
6631,1,1,Neutral,CN,R1,True
6692,2,2,Neutral,CN,R1,True
6715,2,2,Neutral,CN,R1,True
6728,1,1,Neutral,CN,R1,True
6756,2,2,Neutral,CN,R1,True
6812,1,1,Neutral,CN,R1,True
6824,1,1,Neutral,CN,R1,True
6826,1,1,Neutral,CN,R1,True
6842,1,1,Neutral,CN,R1,True
6867,1,1,Neutral,CN,R1,True
6899,2,2,Neutral,CN,R1,True
6965,2,2,Neutral,CN,R1,True
6977,2,2,Neutral,CN,R1,True
6991,1,1,Neutral,CN,R1,True
7001,2,2,Neutral,CN,R1,True
7004,1,1,Neutral,CN,R1,True
7070,2,2,Neutral,CN,R1,True
7096,1,1,Neutral,CN,R1,True
7099,1,1,Neutral,CN,R1,True
7194,2,2,Neutral,CN,R1,True
7220,2,2,Neutral,CN,R1,True
7235,2,2,Neutral,CN,R1,True
7313,2,2,Neutral,CN,R1,True
7387,1,1,Neutral,CN,R1,True
7407,1,1,Neutral,CN,R1,True
7430,2,2,Neutral,CN,R1,True
7439,1,1,Neutral,CN,R1,True
7451,2,2,Neutral,CN,R1,True
7498,2,2,Neutral,CN,R1,True
7550,1,1,Neutral,CN,R1,True
7553,2,2,Neutral,CN,R1,True
7555,1,1,Neutral,CN,R1,True
7581,2,2,Neutral,CN,R1,True
7599,2,2,Neutral,CN,R1,True
7654,1,1,Neutral,CN,R1,True
7687,1,1,Neutral,CN,R1,True
7723,1,1,Neutral,CN,R1,True
7832,2,2,Neutral,CN,R1,True
7887,1,1,Neutral,CN,R1,True
7894,1,1,Neutral,CN,R1,True
7915,2,2,Neutral,CN,R1,True
7966,1,1,Neutral,CN,R1,True
7992,1,1,Neutral,CN,R1,True
8015,2,2,Neutral,CN,R1,True
8033,1,1,Neutral,CN,R1,True
8139,1,1,Neutral,CN,R1,True
8217,2,2,Neutral,CN,R1,True
8268,1,1,Neutral,CN,R1,True
8339,1,1,Neutral,CN,R1,True
8366,2,2,Neutral,CN,R1,True
8444,1,1,Neutral,CN,R1,True
8477,1,1,Neutral,CN,R1,True
8580,2,2,Neutral,CN,R1,True
8614,1,1,Neutral,CN,R1,True
8630,2,2,Neutral,CN,R1,True
8672,1,1,Neutral,CN,R1,True
8816,2,2,Neutral,CN,R1,True
8902,2,2,Neutral,CN,R1,True
8923,2,2,Neutral,CN,R1,True
8948,1,1,Neutral,CN,R1,True
8993,1,1,Neutral,CN,R1,True
9004,1,1,Neutral,CN,R1,True
9089,2,2,Neutral,CN,R1,True
9102,1,2,Neutral,CN,R1,False
9120,1,2,Neutral,CN,R1,False
9134,2,2,Neutral,CN,R1,True
9246,2,2,Neutral,CN,R1,True
9268,1,1,Neutral,CN,R1,True
9325,1,1,Neutral,CN,R1,True
9349,2,2,Neutral,CN,R1,True
9357,2,2,Neutral,CN,R1,True
9417,1,1,Neutral,CN,R1,True
9459,1,1,Neutral,CN,R1,True
9465,1,1,Neutral,CN,R1,True
9469,2,2,Neutral,CN,R1,True
9485,1,2,Neutral,CN,R1,False
9595,1,1,Neutral,CN,R1,True
9632,2,2,Neutral,CN,R1,True
9635,2,2,Neutral,CN,R1,True
9677,2,2,Neutral,CN,R1,True
9715,1,1,Neutral,CN,R1,True
9724,2,2,Neutral,CN,R1,True
9774,2,2,Neutral,CN,R1,True
9796,1,1,Neutral,CN,R1,True
9892,2,2,Neutral,CN,R1,True
9899,1,1,Neutral,CN,R1,True
9907,2,2,Neutral,CN,R1,True
9934,1,1,Neutral,CN,R1,True
9955,2,2,Neutral,CN,R1,True
9987,1,1,Neutral,CN,R1,True
10022,1,1,Neutral,CN,R1,True
10156,1,1,Neutral,CN,R1,True
10163,1,1,Neutral,CN,R1,True
10174,1,1,Neutral,CN,R1,True
10187,2,1,Neutral,CN,R1,False
10189,2,2,Neutral,CN,R1,True
10210,1,1,Neutral,CN,R1,True
10301,1,2,Neutral,CN,R1,False
10328,1,1,Neutral,CN,R1,True
10330,2,2,Neutral,CN,R1,True
10375,1,1,Neutral,CN,R1,True
10423,2,2,Neutral,CN,R1,True
10434,1,1,Neutral,CN,R1,True
10450,2,2,Neutral,CN,R1,True
10566,2,2,Neutral,CN,R1,True
10600,1,1,Neutral,CN,R1,True
10610,2,2,Neutral,CN,R1,True
10621,1,1,Neutral,CN,R1,True
10626,2,2,Neutral,CN,R1,True
10634,2,2,Neutral,CN,R1,True
10713,1,1,Neutral,CN,R1,True
10771,2,2,Neutral,CN,R1,True
10803,2,2,Neutral,CN,R1,True
10910,2,2,Neutral,CN,R1,True
10954,2,2,Neutral,CN,R1,True
10978,1,1,Neutral,CN,R1,True
11101,1,2,Neutral,CN,R1,False
11102,1,1,Neutral,CN,R1,True
11120,2,2,Neutral,CN,R1,True
11189,2,2,Neutral,CN,R1,True
11241,2,2,Neutral,CN,R1,True
11283,2,2,Neutral,CN,R1,True
11511,2,2,Neutral,CN,R1,True
11514,2,2,Neutral,CN,R1,True
11523,2,2,Neutral,CN,R1,True
11525,1,1,Neutral,CN,R1,True
11553,1,1,Neutral,CN,R1,True
11596,1,1,Neutral,CN,R1,True
11603,2,2,Neutral,CN,R1,True
11617,2,2,Neutral,CN,R1,True
11630,1,1,Neutral,CN,R1,True
11647,2,2,Neutral,CN,R1,True
11742,2,2,Neutral,CN,R1,True
11786,1,1,Neutral,CN,R1,True
11850,2,2,Neutral,CN,R1,True
11870,1,1,Neutral,CN,R1,True
11874,1,1,Neutral,CN,R1,True
11930,1,1,Neutral,CN,R1,True
11935,2,2,Neutral,CN,R1,True
11967,1,1,Neutral,CN,R1,True
12012,2,2,Neutral,CN,R1,True
12074,1,1,Neutral,CN,R1,True
12151,1,1,Neutral,CN,R1,True
12153,1,1,Neutral,CN,R1,True
12219,2,1,Neutral,CN,R1,False
12271,2,2,Neutral,CN,R1,True
12285,1,1,Neutral,CN,R1,True
12301,1,1,Neutral,CN,R1,True
12429,2,2,Neutral,CN,R1,True
12472,2,2,Neutral,CN,R1,True
12486,2,2,Neutral,CN,R1,True
12494,1,1,Neutral,CN,R1,True
12645,1,1,Neutral,CN,R1,True
12732,1,1,Neutral,CN,R1,True
12798,2,2,Neutral,CN,R1,True
12830,2,2,Neutral,CN,R1,True
12860,2,2,Neutral,CN,R1,True
12896,1,1,Neutral,CN,R1,True
12903,1,1,Neutral,CN,R1,True
12926,2,2,Neutral,CN,R1,True
12936,2,2,Neutral,CN,R1,True
12948,2,2,Neutral,CN,R1,True
12975,2,2,Neutral,CN,R1,True
13035,1,1,Neutral,CN,R1,True
13050,2,2,Neutral,CN,R1,True
13061,1,1,Neutral,CN,R1,True
13113,2,2,Neutral,CN,R1,True
13115,2,2,Neutral,CN,R1,True
13137,2,2,Neutral,CN,R1,True
13227,2,2,Neutral,CN,R1,True
13300,2,2,Neutral,CN,R1,True
13319,1,1,Neutral,CN,R1,True
13334,1,1,Neutral,CN,R1,True
13384,1,1,Neutral,CN,R1,True
13400,2,2,Neutral,CN,R1,True
13447,2,2,Neutral,CN,R1,True
13469,2,2,Neutral,CN,R1,True
13484,2,2,Neutral,CN,R1,True
13518,2,2,Neutral,CN,R1,True
13531,1,2,Neutral,CN,R1,False
13562,2,2,Neutral,CN,R1,True
13726,2,2,Neutral,CN,R1,True
13785,1,1,Neutral,CN,R1,True
13843,2,2,Neutral,CN,R1,True
13864,2,2,Neutral,CN,R1,True
13874,1,1,Neutral,CN,R1,True
13920,1,2,Neutral,CN,R1,False
14011,2,2,Neutral,CN,R1,True
14047,2,2,Neutral,CN,R1,True
14055,2,2,Neutral,CN,R1,True
14074,2,2,Neutral,CN,R1,True
14137,2,2,Neutral,CN,R1,True
14139,2,2,Neutral,CN,R1,True
14259,1,1,Neutral,CN,R1,True
14325,1,1,Neutral,CN,R1,True
14408,1,1,Neutral,CN,R1,True
14410,1,1,Neutral,CN,R1,True
14469,1,1,Neutral,CN,R1,True
14488,1,1,Neutral,CN,R1,True
14532,2,2,Neutral,CN,R1,True
14550,2,2,Neutral,CN,R1,True
14557,1,1,Neutral,CN,R1,True
14581,2,2,Neutral,CN,R1,True
14617,2,2,Neutral,CN,R1,True
14759,2,2,Neutral,CN,R1,True
14793,1,1,Neutral,CN,R1,True
14796,2,2,Neutral,CN,R1,True
14845,2,2,Neutral,CN,R1,True
14858,2,2,Neutral,CN,R1,True
14868,1,1,Neutral,CN,R1,True
14900,1,1,Neutral,CN,R1,True
14932,2,2,Neutral,CN,R1,True
14970,2,2,Neutral,CN,R1,True
14988,2,2,Neutral,CN,R1,True
15035,1,1,Neutral,CN,R1,True
15066,2,2,Neutral,CN,R1,True
15133,2,2,Neutral,CN,R1,True
15176,2,2,Neutral,CN,R1,True
15189,1,1,Neutral,CN,R1,True
15254,1,1,Neutral,CN,R1,True
15290,1,1,Neutral,CN,R1,True
15363,2,2,Neutral,CN,R1,True
15452,2,2,Neutral,CN,R1,True
15473,2,2,Neutral,CN,R1,True
15535,2,2,Neutral,CN,R1,True
15555,1,1,Neutral,CN,R1,True
15614,2,2,Neutral,CN,R1,True
15620,2,2,Neutral,CN,R1,True
15693,1,1,Neutral,CN,R1,True
15735,1,1,Neutral,CN,R1,True
15810,2,2,Neutral,CN,R1,True
15883,1,1,Neutral,CN,R1,True
15894,2,2,Neutral,CN,R1,True
15938,1,1,Neutral,CN,R1,True
15980,2,2,Neutral,CN,R1,True
16114,1,1,Neutral,CN,R1,True
16120,1,1,Neutral,CN,R1,True
16174,1,1,Neutral,CN,R1,True
16212,2,2,Neutral,CN,R1,True
16213,1,1,Neutral,CN,R1,True
16230,1,1,Neutral,CN,R1,True
16264,1,1,Neutral,CN,R1,True
16339,1,1,Neutral,CN,R1,True
16355,2,2,Neutral,CN,R1,True
16398,1,1,Neutral,CN,R1,True
16457,2,2,Neutral,CN,R1,True
16521,2,2,Neutral,CN,R1,True
16572,1,1,Neutral,CN,R1,True
16600,1,1,Neutral,CN,R1,True
16614,1,1,Neutral,CN,R1,True
16642,1,1,Neutral,CN,R1,True
16731,1,1,Neutral,CN,R1,True
16801,2,2,Neutral,CN,R1,True
16845,1,1,Neutral,CN,R1,True
16858,2,2,Neutral,CN,R1,True
16891,1,1,Neutral,CN,R1,True
16903,1,1,Neutral,CN,R1,True
16977,1,1,Neutral,CN,R1,True
17002,2,2,Neutral,CN,R1,True
17048,1,1,Neutral,CN,R1,True
17079,2,2,Neutral,CN,R1,True
17082,2,2,Neutral,CN,R1,True
17121,2,2,Neutral,CN,R1,True
17212,1,1,Neutral,CN,R1,True
17227,1,1,Neutral,CN,R1,True
17241,2,2,Neutral,CN,R1,True
17322,1,1,Neutral,CN,R1,True
17355,2,2,Neutral,CN,R1,True
17361,1,1,Neutral,CN,R1,True
17364,2,2,Neutral,CN,R1,True
17386,2,2,Neutral,CN,R1,True
17455,1,1,Neutral,CN,R1,True
17468,1,1,Neutral,CN,R1,True
17475,1,1,Neutral,CN,R1,True
17553,1,1,Neutral,CN,R1,True
17585,2,2,Neutral,CN,R1,True
17693,1,1,Neutral,CN,R1,True
17744,2,2,Neutral,CN,R1,True
17746,2,2,Neutral,CN,R1,True
17792,1,1,Neutral,CN,R1,True
17806,2,2,Neutral,CN,R1,True
17841,2,2,Neutral,CN,R1,True
17877,1,1,Neutral,CN,R1,True
17885,2,2,Neutral,CN,R1,True
17963,2,2,Neutral,CN,R1,True
18290,1,1,Neutral,CN,R1,True
18337,1,1,Neutral,CN,R1,True
18550,2,2,Neutral,CN,R1,True
18553,2,2,Neutral,CN,R1,True
18597,2,2,Neutral,CN,R1,True
18613,2,2,Neutral,CN,R1,True
18630,2,2,Neutral,CN,R1,True
18631,1,1,Neutral,CN,R1,True
18643,1,1,Neutral,CN,R1,True
18652,1,1,Neutral,CN,R1,True
18656,2,2,Neutral,CN,R1,True
18670,1,1,Neutral,CN,R1,True
18805,2,2,Neutral,CN,R1,True
18806,1,1,Neutral,CN,R1,True
18820,1,1,Neutral,CN,R1,True
18839,2,2,Neutral,CN,R1,True
18874,1,1,Neutral,CN,R1,True
18886,1,1,Neutral,CN,R1,True
18961,2,2,Neutral,CN,R1,True
18998,2,2,Neutral,CN,R1,True
19036,2,2,Neutral,CN,R1,True
19045,2,2,Neutral,CN,R1,True
19164,1,1,Neutral,CN,R1,True
19267,2,2,Neutral,CN,R1,True
19295,1,1,Neutral,CN,R1,True
19331,2,2,Neutral,CN,R1,True
19341,1,1,Neutral,CN,R1,True
19383,1,1,Neutral,CN,R1,True
19385,2,2,Neutral,CN,R1,True
19395,2,2,Neutral,CN,R1,True
19486,2,2,Neutral,CN,R1,True
19496,2,2,Neutral,CN,R1,True
19519,2,2,Neutral,CN,R1,True
19532,1,1,Neutral,CN,R1,True
19538,1,1,Neutral,CN,R1,True
19599,1,1,Neutral,CN,R1,True
19643,1,1,Neutral,CN,R1,True
19686,1,1,Neutral,CN,R1,True
19738,1,1,Neutral,CN,R1,True
19794,1,1,Neutral,CN,R1,True
19811,1,1,Neutral,CN,R1,True
19826,2,2,Neutral,CN,R1,True
19830,2,2,Neutral,CN,R1,True
19839,2,2,Neutral,CN,R1,True
19854,2,2,Neutral,CN,R1,True
19900,2,2,Neutral,CN,R1,True
19915,1,1,Neutral,CN,R1,True
19967,1,1,Neutral,CN,R1,True
19968,2,2,Neutral,CN,R1,True
20031,1,1,Neutral,CN,R1,True
20132,2,2,Neutral,CN,R1,True
20184,1,1,Neutral,CN,R1,True
20195,1,1,Neutral,CN,R1,True
20299,2,2,Neutral,CN,R1,True
20338,2,2,Neutral,CN,R1,True
20351,1,1,Neutral,CN,R1,True
20380,2,2,Neutral,CN,R1,True
20420,1,1,Neutral,CN,R1,True
20422,1,1,Neutral,CN,R1,True
20431,1,1,Neutral,CN,R1,True
20443,1,1,Neutral,CN,R1,True
20446,2,2,Neutral,CN,R1,True
20465,1,1,Neutral,CN,R1,True
20467,1,1,Neutral,CN,R1,True
20504,2,2,Neutral,CN,R1,True
20542,1,1,Neutral,CN,R1,True
20609,1,1,Neutral,CN,R1,True
20666,1,1,Neutral,CN,R1,True
20677,1,1,Neutral,CN,R1,True
20685,2,2,Neutral,CN,R1,True
20716,2,2,Neutral,CN,R1,True
20839,2,2,Neutral,CN,R1,True
20853,1,1,Neutral,CN,R1,True
20869,2,2,Neutral,CN,R1,True
20890,2,2,Neutral,CN,R1,True
20964,1,1,Neutral,CN,R1,True
20971,2,2,Neutral,CN,R1,True
21016,1,1,Neutral,CN,R1,True
21051,2,2,Neutral,CN,R1,True
21074,1,1,Neutral,CN,R1,True
21098,2,2,Neutral,CN,R1,True
21130,2,2,Neutral,CN,R1,True
21158,1,1,Neutral,CN,R1,True
21165,1,1,Neutral,CN,R1,True
21167,1,1,Neutral,CN,R1,True
21173,1,1,Neutral,CN,R1,True
21180,2,2,Neutral,CN,R1,True
21203,2,2,Neutral,CN,R1,True
21210,1,1,Neutral,CN,R1,True
21399,1,1,Neutral,CN,R1,True
21509,2,2,Neutral,CN,R1,True
21544,2,2,Neutral,CN,R1,True
21598,2,2,Neutral,CN,R1,True
21606,2,2,Neutral,CN,R1,True
21608,1,2,Neutral,CN,R1,False
21629,1,1,Neutral,CN,R1,True
21630,2,2,Neutral,CN,R1,True
21666,2,2,Neutral,CN,R1,True
21691,1,1,Neutral,CN,R1,True
21847,2,2,Neutral,CN,R1,True
21976,1,1,Neutral,CN,R1,True
21987,2,2,Neutral,CN,R1,True
22043,2,2,Neutral,CN,R1,True
22052,1,1,Neutral,CN,R1,True
22065,1,1,Neutral,CN,R1,True
22066,2,2,Neutral,CN,R1,True
22126,2,2,Neutral,CN,R1,True
22166,2,2,Neutral,CN,R1,True
22184,2,2,Neutral,CN,R1,True
22194,2,2,Neutral,CN,R1,True
22266,1,1,Neutral,CN,R1,True
22314,2,2,Neutral,CN,R1,True
22467,2,2,Neutral,CN,R1,True
22679,1,1,Neutral,CN,R1,True
22707,2,2,Neutral,CN,R1,True
22767,2,2,Neutral,CN,R1,True
22770,1,1,Neutral,CN,R1,True
22814,1,1,Neutral,CN,R1,True
22819,2,2,Neutral,CN,R1,True
22849,2,2,Neutral,CN,R1,True
22966,2,2,Neutral,CN,R1,True
23023,1,1,Neutral,CN,R1,True
23052,1,1,Neutral,CN,R1,True
23089,1,1,Neutral,CN,R1,True
23104,2,2,Neutral,CN,R1,True
23128,1,1,Neutral,CN,R1,True
23200,1,1,Neutral,CN,R1,True
23313,2,2,Neutral,CN,R1,True
23322,1,1,Neutral,CN,R1,True
23323,1,1,Neutral,CN,R1,True
23404,2,2,Neutral,CN,R1,True
23440,2,2,Neutral,CN,R1,True
23453,2,2,Neutral,CN,R1,True
23505,1,1,Neutral,CN,R1,True
23514,2,2,Neutral,CN,R1,True
23524,1,1,Neutral,CN,R1,True
23530,2,2,Neutral,CN,R1,True
23534,2,2,Neutral,CN,R1,True
23574,1,1,Neutral,CN,R1,True
23584,1,1,Neutral,CN,R1,True
23605,1,1,Neutral,CN,R1,True
23620,2,2,Neutral,CN,R1,True
23648,2,2,Neutral,CN,R1,True
23699,2,2,Neutral,CN,R1,True
23713,2,2,Neutral,CN,R1,True
23779,1,1,Neutral,CN,R1,True
23871,1,1,Neutral,CN,R1,True
23873,1,1,Neutral,CN,R1,True
24163,1,1,Neutral,CN,R1,True
24174,2,2,Neutral,CN,R1,True
24291,2,2,Neutral,CN,R1,True
24304,1,1,Neutral,CN,R1,True
24334,2,2,Neutral,CN,R1,True
24405,2,2,Neutral,CN,R1,True
24408,1,1,Neutral,CN,R1,True
24500,2,2,Neutral,CN,R1,True
24502,2,2,Neutral,CN,R1,True
24541,2,2,Neutral,CN,R1,True
24573,1,1,Neutral,CN,R1,True
24637,2,2,Neutral,CN,R1,True
24673,2,2,Neutral,CN,R1,True
24706,1,1,Neutral,CN,R1,True
24740,2,2,Neutral,CN,R1,True
24774,2,2,Neutral,CN,R1,True
24836,1,1,Neutral,CN,R1,True
24902,2,2,Neutral,CN,R1,True
24959,2,2,Neutral,CN,R1,True
24975,1,1,Neutral,CN,R1,True
24995,1,1,Neutral,CN,R1,True
25109,2,2,Neutral,CN,R1,True
25137,1,1,Neutral,CN,R1,True
25155,1,1,Neutral,CN,R1,True
25239,2,2,Neutral,CN,R1,True
25270,1,1,Neutral,CN,R1,True
25302,2,2,Neutral,CN,R1,True
25337,1,1,Neutral,CN,R1,True
25369,2,2,Neutral,CN,R1,True
25416,1,1,Neutral,CN,R1,True
25435,1,1,Neutral,CN,R1,True
25447,1,1,Neutral,CN,R1,True
25448,2,2,Neutral,CN,R1,True
25471,2,2,Neutral,CN,R1,True
25523,2,2,Neutral,CN,R1,True
25650,1,1,Neutral,CN,R1,True
25698,2,2,Neutral,CN,R1,True
25868,1,1,Neutral,CN,R1,True
25990,2,2,Neutral,CN,R1,True
26032,1,1,Neutral,CN,R1,True
26129,2,2,Neutral,CN,R1,True
26161,1,2,Neutral,CN,R1,False
26211,2,2,Neutral,CN,R1,True
26281,2,2,Neutral,CN,R1,True
26287,2,2,Neutral,CN,R1,True
26292,1,1,Neutral,CN,R1,True
26302,1,1,Neutral,CN,R1,True
26321,2,2,Neutral,CN,R1,True
26337,1,1,Neutral,CN,R1,True
26480,2,2,Neutral,CN,R1,True
26492,2,2,Neutral,CN,R1,True
26528,1,1,Neutral,CN,R1,True
26556,1,1,Neutral,CN,R1,True
26575,2,2,Neutral,CN,R1,True
26678,2,2,Neutral,CN,R1,True
26714,2,2,Neutral,CN,R1,True
26831,1,1,Neutral,CN,R1,True
26865,2,2,Neutral,CN,R1,True
26878,2,2,Neutral,CN,R1,True
26995,1,1,Neutral,CN,R1,True
27029,1,1,Neutral,CN,R1,True
27088,1,1,Neutral,CN,R1,True
27101,1,1,Neutral,CN,R1,True
27395,2,2,Neutral,CN,R1,True
27431,2,2,Neutral,CN,R1,True
27497,1,1,Neutral,CN,R1,True
27524,2,2,Neutral,CN,R1,True
27558,2,2,Neutral,CN,R1,True
27668,2,2,Neutral,CN,R1,True
27688,2,2,Neutral,CN,R1,True
27740,2,2,Neutral,CN,R1,True
27786,2,2,Neutral,CN,R1,True
27828,2,2,Neutral,CN,R1,True
27904,2,2,Neutral,CN,R1,True
27910,2,2,Neutral,CN,R1,True
27911,2,2,Neutral,CN,R1,True
28019,1,1,Neutral,CN,R1,True
28051,2,2,Neutral,CN,R1,True
28057,1,2,Neutral,CN,R1,False
28067,2,2,Neutral,CN,R1,True
28114,2,2,Neutral,CN,R1,True
28222,2,2,Neutral,CN,R1,True
28262,2,2,Neutral,CN,R1,True
28271,1,1,Neutral,CN,R1,True
28341,1,1,Neutral,CN,R1,True
28365,2,2,Neutral,CN,R1,True
28463,2,2,Neutral,CN,R1,True
28490,1,1,Neutral,CN,R1,True
28550,2,2,Neutral,CN,R1,True
28574,2,2,Neutral,CN,R1,True
28656,2,2,Neutral,CN,R1,True
28674,2,2,Neutral,CN,R1,True
28728,1,1,Neutral,CN,R1,True
28789,2,2,Neutral,CN,R1,True
28814,2,2,Neutral,CN,R1,True
28822,2,2,Neutral,CN,R1,True
28963,1,1,Neutral,CN,R1,True
29070,2,2,Neutral,CN,R1,True
29105,2,2,Neutral,CN,R1,True
29132,1,1,Neutral,CN,R1,True
29144,1,1,Neutral,CN,R1,True
29243,2,2,Neutral,CN,R1,True
29385,1,1,Neutral,CN,R1,True
29417,2,2,Neutral,CN,R1,True
29454,2,2,Neutral,CN,R1,True
29484,2,2,Neutral,CN,R1,True
29582,1,1,Neutral,CN,R1,True
29629,1,1,Neutral,CN,R1,True
29644,1,1,Neutral,CN,R1,True
29768,1,1,Neutral,CN,R1,True
29880,1,1,Neutral,CN,R1,True
29903,1,1,Neutral,CN,R1,True
29912,1,1,Neutral,CN,R1,True
30052,1,1,Neutral,CN,R1,True
30118,1,1,Neutral,CN,R1,True
30131,2,2,Neutral,CN,R1,True
30137,2,2,Neutral,CN,R1,True
30143,1,1,Neutral,CN,R1,True
30180,1,1,Neutral,CN,R1,True
30259,1,1,Neutral,CN,R1,True
30273,2,2,Neutral,CN,R1,True
30285,2,2,Neutral,CN,R1,True
30328,1,1,Neutral,CN,R1,True
30329,1,1,Neutral,CN,R1,True
30336,2,2,Neutral,CN,R1,True
30340,1,1,Neutral,CN,R1,True
30367,2,2,Neutral,CN,R1,True
30457,2,2,Neutral,CN,R1,True
30498,2,1,Neutral,CN,R1,False
30514,1,1,Neutral,CN,R1,True
30544,1,1,Neutral,CN,R1,True
30694,2,2,Neutral,CN,R1,True
30701,2,2,Neutral,CN,R1,True
30710,2,2,Neutral,CN,R1,True
30794,2,2,Neutral,CN,R1,True
30807,2,2,Neutral,CN,R1,True
30825,2,2,Neutral,CN,R1,True
30846,1,1,Neutral,CN,R1,True
30856,2,2,Neutral,CN,R1,True
30872,2,2,Neutral,CN,R1,True
30880,1,1,Neutral,CN,R1,True
30899,1,1,Neutral,CN,R1,True
30922,2,2,Neutral,CN,R1,True
30936,2,2,Neutral,CN,R1,True
31029,1,1,Neutral,CN,R1,True
31060,1,1,Neutral,CN,R1,True
31081,2,2,Neutral,CN,R1,True
31089,1,1,Neutral,CN,R1,True
31128,2,1,Neutral,CN,R1,False
31129,2,2,Neutral,CN,R1,True
31138,1,1,Neutral,CN,R1,True
31148,1,1,Neutral,CN,R1,True
31247,1,1,Neutral,CN,R1,True
31266,2,2,Neutral,CN,R1,True
31350,2,2,Neutral,CN,R1,True
31386,2,2,Neutral,CN,R1,True
31470,2,2,Neutral,CN,R1,True
31483,2,2,Neutral,CN,R1,True
31597,1,1,Neutral,CN,R1,True
31622,1,1,Neutral,CN,R1,True
31628,1,1,Neutral,CN,R1,True
31665,1,1,Neutral,CN,R1,True
31720,1,1,Neutral,CN,R1,True
31728,1,1,Neutral,CN,R1,True
31883,2,2,Neutral,CN,R1,True
31907,2,2,Neutral,CN,R1,True
32003,2,2,Neutral,CN,R1,True
32090,1,1,Neutral,CN,R1,True
32112,2,2,Neutral,CN,R1,True
32116,2,2,Neutral,CN,R1,True
32131,2,2,Neutral,CN,R1,True
32167,2,2,Neutral,CN,R1,True
32177,2,2,Neutral,CN,R1,True
32263,2,2,Neutral,CN,R1,True
32265,1,1,Neutral,CN,R1,True
32323,2,2,Neutral,CN,R1,True
32372,1,1,Neutral,CN,R1,True
32463,2,2,Neutral,CN,R1,True
32518,1,1,Neutral,CN,R1,True
32558,2,2,Neutral,CN,R1,True
32572,2,2,Neutral,CN,R1,True
32638,1,1,Neutral,CN,R1,True
32679,1,1,Neutral,CN,R1,True
32722,2,2,Neutral,CN,R1,True
32747,1,1,Neutral,CN,R1,True
32753,2,2,Neutral,CN,R1,True
32785,1,1,Neutral,CN,R1,True
32872,2,2,Neutral,CN,R1,True
32963,2,1,Neutral,CN,R1,False
32972,2,2,Neutral,CN,R1,True
33067,2,2,Neutral,CN,R1,True
33126,2,2,Neutral,CN,R1,True
33141,2,2,Neutral,CN,R1,True
33154,1,1,Neutral,CN,R1,True
33212,1,1,Neutral,CN,R1,True
33262,2,2,Neutral,CN,R1,True
33390,1,1,Neutral,CN,R1,True
33470,1,1,Neutral,CN,R1,True
33504,1,1,Neutral,CN,R1,True
33649,1,1,Neutral,CN,R1,True
33743,2,2,Neutral,CN,R1,True
33765,2,2,Neutral,CN,R1,True
33808,2,2,Neutral,CN,R1,True
33856,1,1,Neutral,CN,R1,True
33859,2,2,Neutral,CN,R1,True
33890,2,2,Neutral,CN,R1,True
33940,1,1,Neutral,CN,R1,True
33961,1,1,Neutral,CN,R1,True
33962,2,2,Neutral,CN,R1,True
33986,1,1,Neutral,CN,R1,True
34029,2,2,Neutral,CN,R1,True
34125,2,2,Neutral,CN,R1,True
34143,2,2,Neutral,CN,R1,True
34171,1,1,Neutral,CN,R1,True
34215,2,2,Neutral,CN,R1,True
34276,1,1,Neutral,CN,R1,True
34332,2,2,Neutral,CN,R1,True
34404,2,2,Neutral,CN,R1,True
34456,1,2,Neutral,CN,R1,False
34460,2,2,Neutral,CN,R1,True
34500,1,1,Neutral,CN,R1,True
34573,1,1,Neutral,CN,R1,True
34667,2,2,Neutral,CN,R1,True
34714,2,2,Neutral,CN,R1,True
34754,2,2,Neutral,CN,R1,True
34812,2,2,Neutral,CN,R1,True
34915,2,2,Neutral,CN,R1,True
34918,2,2,Neutral,CN,R1,True
34944,2,2,Neutral,CN,R1,True
34983,2,2,Neutral,CN,R1,True
35058,2,2,Neutral,CN,R1,True
35064,1,1,Neutral,CN,R1,True
35127,2,2,Neutral,CN,R1,True
35156,2,2,Neutral,CN,R1,True
35174,1,1,Neutral,CN,R1,True
35191,2,2,Neutral,CN,R1,True
35201,2,2,Neutral,CN,R1,True
35204,2,2,Neutral,CN,R1,True
35282,2,2,Neutral,CN,R1,True
35287,1,1,Neutral,CN,R1,True
35429,2,2,Neutral,CN,R1,True
35542,2,2,Neutral,CN,R1,True
35564,2,2,Neutral,CN,R1,True
35592,1,1,Neutral,CN,R1,True
35715,2,2,Neutral,CN,R1,True
35732,2,2,Neutral,CN,R1,True
35738,2,2,Neutral,CN,R1,True
35743,2,2,Neutral,CN,R1,True
35871,2,2,Neutral,CN,R1,True
35880,2,2,Neutral,CN,R1,True
35907,2,2,Neutral,CN,R1,True
35918,2,2,Neutral,CN,R1,True
35939,2,2,Neutral,CN,R1,True
35991,2,2,Neutral,CN,R1,True
36100,2,2,Neutral,CN,R1,True
36117,1,1,Neutral,CN,R1,True
36126,2,2,Neutral,CN,R1,True
36186,2,2,Neutral,CN,R1,True
36190,1,1,Neutral,CN,R1,True
36199,2,2,Neutral,CN,R1,True
36209,1,1,Neutral,CN,R1,True
36247,1,1,Neutral,CN,R1,True
36341,2,2,Neutral,CN,R1,True
36403,2,2,Neutral,CN,R1,True
36419,2,2,Neutral,CN,R1,True
36434,2,2,Neutral,CN,R1,True
36449,1,1,Neutral,CN,R1,True
36482,2,2,Neutral,CN,R1,True
36557,2,2,Neutral,CN,R1,True
36686,2,2,Neutral,CN,R1,True
36689,2,2,Neutral,CN,R1,True
36734,1,1,Neutral,CN,R1,True
36743,1,1,Neutral,CN,R1,True
36767,2,2,Neutral,CN,R1,True
36812,2,2,Neutral,CN,R1,True
36819,2,2,Neutral,CN,R1,True
36849,2,2,Neutral,CN,R1,True
36960,2,2,Neutral,CN,R1,True
36974,2,2,Neutral,CN,R1,True
37006,2,2,Neutral,CN,R1,True
37016,2,2,Neutral,CN,R1,True
37020,1,1,Neutral,CN,R1,True
37082,2,2,Neutral,CN,R1,True
37102,2,2,Neutral,CN,R1,True
37124,2,2,Neutral,CN,R1,True
37234,1,1,Neutral,CN,R1,True
37245,1,1,Neutral,CN,R1,True
37249,1,1,Neutral,CN,R1,True
37327,1,1,Neutral,CN,R1,True
37367,2,2,Neutral,CN,R1,True
37422,1,1,Neutral,CN,R1,True
37432,2,2,Neutral,CN,R1,True
37490,1,1,Neutral,CN,R1,True
37537,2,2,Neutral,CN,R1,True
37569,2,2,Neutral,CN,R1,True
37614,2,2,Neutral,CN,R1,True
37617,2,2,Neutral,CN,R1,True
37679,1,1,Neutral,CN,R1,True
37723,2,2,Neutral,CN,R1,True
37741,2,2,Neutral,CN,R1,True
37743,2,2,Neutral,CN,R1,True
37842,1,1,Neutral,CN,R1,True
37909,1,1,Neutral,CN,R1,True
37955,1,1,Neutral,CN,R1,True
38026,2,2,Neutral,CN,R1,True
38068,2,2,Neutral,CN,R1,True
38078,2,2,Neutral,CN,R1,True
38130,1,1,Neutral,CN,R1,True
38144,1,1,Neutral,CN,R1,True
38146,1,1,Neutral,CN,R1,True
38166,1,1,Neutral,CN,R1,True
38168,1,1,Neutral,CN,R1,True
38191,2,2,Neutral,CN,R1,True
38245,1,1,Neutral,CN,R1,True
38267,2,2,Neutral,CN,R1,True
38352,1,1,Neutral,CN,R1,True
38363,2,2,Neutral,CN,R1,True
38395,1,1,Neutral,CN,R1,True
38425,2,2,Neutral,CN,R1,True
38485,1,1,Neutral,CN,R1,True
38518,1,1,Neutral,CN,R1,True
38530,1,1,Neutral,CN,R1,True
38533,2,2,Neutral,CN,R1,True
38562,2,2,Neutral,CN,R1,True
38593,2,2,Neutral,CN,R1,True
38627,2,2,Neutral,CN,R1,True
38630,1,1,Neutral,CN,R1,True
38721,1,1,Neutral,CN,R1,True
38773,2,2,Neutral,CN,R1,True
38802,1,2,Neutral,CN,R1,False
38809,1,1,Neutral,CN,R1,True
38811,1,2,Neutral,CN,R1,False
38920,2,2,Neutral,CN,R1,True
38928,2,2,Neutral,CN,R1,True
38947,1,1,Neutral,CN,R1,True
39000,1,1,Neutral,CN,R1,True
39152,1,1,Neutral,CN,R1,True
39199,1,1,Neutral,CN,R1,True
39321,1,1,Neutral,CN,R1,True
39356,2,2,Neutral,CN,R1,True
39388,2,2,Neutral,CN,R1,True
39457,1,1,Neutral,CN,R1,True
39532,2,2,Neutral,CN,R1,True
39553,2,2,Neutral,CN,R1,True
39557,1,1,Neutral,CN,R1,True
39715,1,1,Neutral,CN,R1,True
39804,1,1,Neutral,CN,R1,True
39833,2,2,Neutral,CN,R1,True
39842,1,1,Neutral,CN,R1,True
39855,1,1,Neutral,CN,R1,True
39864,2,2,Neutral,CN,R1,True
39884,2,2,Neutral,CN,R1,True
40068,1,1,Neutral,CN,R1,True
40135,1,1,Neutral,CN,R1,True
40145,2,2,Neutral,CN,R1,True
40164,1,1,Neutral,CN,R1,True
40296,2,2,Neutral,CN,R1,True
40497,2,2,Neutral,CN,R1,True
40535,1,1,Neutral,CN,R1,True
40542,2,2,Neutral,CN,R1,True
40622,2,2,Neutral,CN,R1,True
40625,2,2,Neutral,CN,R1,True
40653,2,2,Neutral,CN,R1,True
40853,1,1,Neutral,CN,R1,True
40855,2,2,Neutral,CN,R1,True
40920,1,2,Neutral,CN,R1,False
40969,1,1,Neutral,CN,R1,True
40991,1,1,Neutral,CN,R1,True
41001,2,2,Neutral,CN,R1,True
41077,1,1,Neutral,CN,R1,True
41103,2,2,Neutral,CN,R1,True
41237,1,1,Neutral,CN,R1,True
41239,1,1,Neutral,CN,R1,True
41273,1,1,Neutral,CN,R1,True
41360,2,2,Neutral,CN,R1,True
41368,1,1,Neutral,CN,R1,True
41416,1,1,Neutral,CN,R1,True
41472,1,1,Neutral,CN,R1,True
41514,1,2,Neutral,CN,R1,False
41581,2,2,Neutral,CN,R1,True
41636,1,1,Neutral,CN,R1,True
41704,1,1,Neutral,CN,R1,True
41829,1,2,Neutral,CN,R1,False
41836,1,1,Neutral,CN,R1,True
41906,2,2,Neutral,CN,R1,True
41973,2,2,Neutral,CN,R1,True
42040,1,1,Neutral,CN,R1,True
42067,1,1,Neutral,CN,R1,True
42086,2,2,Neutral,CN,R1,True
42112,2,2,Neutral,CN,R1,True
42166,2,2,Neutral,CN,R1,True
42185,2,2,Neutral,CN,R1,True
42228,2,2,Neutral,CN,R1,True
42330,1,1,Neutral,CN,R1,True
42335,2,2,Neutral,CN,R1,True
42344,2,2,Neutral,CN,R1,True
42391,2,2,Neutral,CN,R1,True
42468,2,2,Neutral,CN,R1,True
42520,2,2,Neutral,CN,R1,True
42521,1,1,Neutral,CN,R1,True
42568,1,1,Neutral,CN,R1,True
42572,2,2,Neutral,CN,R1,True
42585,1,1,Neutral,CN,R1,True
42609,2,2,Neutral,CN,R1,True
42714,2,2,Neutral,CN,R1,True
42860,2,2,Neutral,CN,R1,True
42886,2,2,Neutral,CN,R1,True
42922,2,2,Neutral,CN,R1,True
43070,2,2,Neutral,CN,R1,True
43285,1,1,Neutral,CN,R1,True
43295,2,2,Neutral,CN,R1,True
43350,2,2,Neutral,CN,R1,True
43486,1,1,Neutral,CN,R1,True
43526,2,2,Neutral,CN,R1,True
43621,2,2,Neutral,CN,R1,True
43668,2,2,Neutral,CN,R1,True
43764,2,2,Neutral,CN,R1,True
43800,1,1,Neutral,CN,R1,True
43811,2,2,Neutral,CN,R1,True
43878,1,1,Neutral,CN,R1,True
44064,2,2,Neutral,CN,R1,True
44147,2,2,Neutral,CN,R1,True
44167,2,2,Neutral,CN,R1,True
44178,2,2,Neutral,CN,R1,True
44313,2,2,Neutral,CN,R1,True
44380,1,1,Neutral,CN,R1,True
44400,2,2,Neutral,CN,R1,True
44415,2,2,Neutral,CN,R1,True
44430,2,2,Neutral,CN,R1,True
44444,2,2,Neutral,CN,R1,True
44458,2,2,Neutral,CN,R1,True
44479,2,2,Neutral,CN,R1,True
44628,1,1,Neutral,CN,R1,True
44682,1,1,Neutral,CN,R1,True
44812,2,2,Neutral,CN,R1,True
44887,2,2,Neutral,CN,R1,True
44967,1,1,Neutral,CN,R1,True
45012,2,2,Neutral,CN,R1,True
45024,1,1,Neutral,CN,R1,True
45075,2,2,Neutral,CN,R1,True
45117,2,2,Neutral,CN,R1,True
45137,2,2,Neutral,CN,R1,True
45175,2,2,Neutral,CN,R1,True
45184,1,1,Neutral,CN,R1,True
45190,1,1,Neutral,CN,R1,True
45337,1,1,Neutral,CN,R1,True
45340,2,2,Neutral,CN,R1,True
45390,2,2,Neutral,CN,R1,True
45470,2,2,Neutral,CN,R1,True
45492,1,1,Neutral,CN,R1,True
45529,2,2,Neutral,CN,R1,True
45544,2,2,Neutral,CN,R1,True
45784,1,1,Neutral,CN,R1,True
45800,2,2,Neutral,CN,R1,True
45811,2,2,Neutral,CN,R1,True
45837,1,1,Neutral,CN,R1,True
45857,2,2,Neutral,CN,R1,True
45893,2,2,Neutral,CN,R1,True
45919,1,1,Neutral,CN,R1,True
45938,2,2,Neutral,CN,R1,True
45983,2,2,Neutral,CN,R1,True
45985,1,1,Neutral,CN,R1,True
46132,1,1,Neutral,CN,R1,True
46147,1,1,Neutral,CN,R1,True
46160,1,1,Neutral,CN,R1,True
46346,1,1,Neutral,CN,R1,True
46372,2,2,Neutral,CN,R1,True
46555,2,2,Neutral,CN,R1,True
46569,2,2,Neutral,CN,R1,True
46595,2,2,Neutral,CN,R1,True
46674,1,1,Neutral,CN,R1,True
46707,2,2,Neutral,CN,R1,True
46710,2,2,Neutral,CN,R1,True
46751,2,2,Neutral,CN,R1,True
46756,1,1,Neutral,CN,R1,True
46758,2,2,Neutral,CN,R1,True
46810,2,2,Neutral,CN,R1,True
46859,2,2,Neutral,CN,R1,True
46880,1,1,Neutral,CN,R1,True
46894,2,2,Neutral,CN,R1,True
46969,2,2,Neutral,CN,R1,True
47060,2,2,Neutral,CN,R1,True
47065,1,1,Neutral,CN,R1,True
47097,1,1,Neutral,CN,R1,True
47139,2,2,Neutral,CN,R1,True
47169,2,2,Neutral,CN,R1,True
47216,2,2,Neutral,CN,R1,True
47246,2,2,Neutral,CN,R1,True
47249,2,2,Neutral,CN,R1,True
47362,1,1,Neutral,CN,R1,True
47371,1,1,Neutral,CN,R1,True
47560,1,1,Neutral,CN,R1,True
47619,2,2,Neutral,CN,R1,True
47632,1,1,Neutral,CN,R1,True
47865,2,2,Neutral,CN,R1,True
48180,2,2,Neutral,CN,R1,True
48182,1,1,Neutral,CN,R1,True
48217,2,2,Neutral,CN,R1,True
48246,1,1,Neutral,CN,R1,True
48295,2,2,Neutral,CN,R1,True
48329,1,1,Neutral,CN,R1,True
48355,2,2,Neutral,CN,R1,True
48359,1,1,Neutral,CN,R1,True
48441,2,2,Neutral,CN,R1,True
48449,2,2,Neutral,CN,R1,True
48506,2,2,Neutral,CN,R1,True
48538,1,2,Neutral,CN,R1,False
48541,1,1,Neutral,CN,R1,True
48562,2,2,Neutral,CN,R1,True
48563,2,2,Neutral,CN,R1,True
48566,2,2,Neutral,CN,R1,True
48587,1,1,Neutral,CN,R1,True
48607,2,2,Neutral,CN,R1,True
48618,1,1,Neutral,CN,R1,True
48722,2,2,Neutral,CN,R1,True
48728,1,1,Neutral,CN,R1,True
48859,2,2,Neutral,CN,R1,True
48898,1,1,Neutral,CN,R1,True
48976,2,2,Neutral,CN,R1,True
49004,1,1,Neutral,CN,R1,True
49029,1,1,Neutral,CN,R1,True
49047,1,1,Neutral,CN,R1,True
49052,1,1,Neutral,CN,R1,True
49095,1,1,Neutral,CN,R1,True
49132,1,1,Neutral,CN,R1,True
49146,1,1,Neutral,CN,R1,True
49182,2,2,Neutral,CN,R1,True
49189,1,1,Neutral,CN,R1,True
49213,1,1,Neutral,CN,R1,True
49228,1,1,Neutral,CN,R1,True
49242,2,2,Neutral,CN,R1,True
49325,1,1,Neutral,CN,R1,True
49400,2,2,Neutral,CN,R1,True
49460,1,1,Neutral,CN,R1,True
49550,2,2,Neutral,CN,R1,True
49700,1,1,Neutral,CN,R1,True
49737,1,1,Neutral,CN,R1,True
49765,2,2,Neutral,CN,R1,True
49777,2,2,Neutral,CN,R1,True
49804,2,2,Neutral,CN,R1,True
49855,2,2,Neutral,CN,R1,True
49870,2,2,Neutral,CN,R1,True
49943,2,2,Neutral,CN,R1,True
49950,2,2,Neutral,CN,R1,True
49959,2,2,Neutral,CN,R1,True
49971,1,1,Neutral,CN,R1,True
55,1,1,Neutral,CN,V3,True
107,2,2,Neutral,CN,V3,True
176,1,1,Neutral,CN,V3,True
283,2,2,Neutral,CN,V3,True
284,2,2,Neutral,CN,V3,True
287,1,1,Neutral,CN,V3,True
310,2,2,Neutral,CN,V3,True
337,2,2,Neutral,CN,V3,True
379,2,2,Neutral,CN,V3,True
393,2,2,Neutral,CN,V3,True
405,2,2,Neutral,CN,V3,True
423,1,2,Neutral,CN,V3,False
450,2,2,Neutral,CN,V3,True
504,2,2,Neutral,CN,V3,True
545,1,1,Neutral,CN,V3,True
626,2,2,Neutral,CN,V3,True
715,2,2,Neutral,CN,V3,True
722,1,1,Neutral,CN,V3,True
793,2,2,Neutral,CN,V3,True
813,2,2,Neutral,CN,V3,True
856,2,2,Neutral,CN,V3,True
893,2,2,Neutral,CN,V3,True
922,1,1,Neutral,CN,V3,True
1029,2,2,Neutral,CN,V3,True
1057,2,1,Neutral,CN,V3,False
1106,1,1,Neutral,CN,V3,True
1199,1,1,Neutral,CN,V3,True
1200,2,2,Neutral,CN,V3,True
1205,2,2,Neutral,CN,V3,True
1261,2,2,Neutral,CN,V3,True
1285,1,1,Neutral,CN,V3,True
1290,1,1,Neutral,CN,V3,True
1347,1,1,Neutral,CN,V3,True
1363,2,2,Neutral,CN,V3,True
1421,1,1,Neutral,CN,V3,True
1481,1,1,Neutral,CN,V3,True
1545,1,1,Neutral,CN,V3,True
1552,1,1,Neutral,CN,V3,True
1573,1,1,Neutral,CN,V3,True
1656,2,2,Neutral,CN,V3,True
1687,1,1,Neutral,CN,V3,True
1707,2,2,Neutral,CN,V3,True
1733,1,2,Neutral,CN,V3,False
1735,2,2,Neutral,CN,V3,True
1755,2,2,Neutral,CN,V3,True
1814,2,2,Neutral,CN,V3,True
1819,2,2,Neutral,CN,V3,True
1822,1,1,Neutral,CN,V3,True
1823,1,1,Neutral,CN,V3,True
1862,1,1,Neutral,CN,V3,True
2004,2,2,Neutral,CN,V3,True
2039,2,2,Neutral,CN,V3,True
2055,1,1,Neutral,CN,V3,True
2068,2,2,Neutral,CN,V3,True
2081,1,1,Neutral,CN,V3,True
2155,2,2,Neutral,CN,V3,True
2170,1,1,Neutral,CN,V3,True
2221,2,2,Neutral,CN,V3,True
2288,2,2,Neutral,CN,V3,True
2375,2,2,Neutral,CN,V3,True
2379,1,1,Neutral,CN,V3,True
2408,2,2,Neutral,CN,V3,True
2426,2,2,Neutral,CN,V3,True
2584,2,2,Neutral,CN,V3,True
2599,2,2,Neutral,CN,V3,True
2600,1,1,Neutral,CN,V3,True
2732,2,2,Neutral,CN,V3,True
2844,1,1,Neutral,CN,V3,True
2891,2,2,Neutral,CN,V3,True
2932,2,2,Neutral,CN,V3,True
3056,1,1,Neutral,CN,V3,True
3102,1,1,Neutral,CN,V3,True
3191,1,1,Neutral,CN,V3,True
3297,1,1,Neutral,CN,V3,True
3363,1,1,Neutral,CN,V3,True
3367,2,2,Neutral,CN,V3,True
3400,1,1,Neutral,CN,V3,True
3418,1,1,Neutral,CN,V3,True
3429,2,2,Neutral,CN,V3,True
3440,1,1,Neutral,CN,V3,True
3512,1,2,Neutral,CN,V3,False
3524,1,1,Neutral,CN,V3,True
3567,1,1,Neutral,CN,V3,True
3631,2,2,Neutral,CN,V3,True
3824,1,1,Neutral,CN,V3,True
3839,1,1,Neutral,CN,V3,True
3867,1,1,Neutral,CN,V3,True
3868,1,1,Neutral,CN,V3,True
3929,2,2,Neutral,CN,V3,True
3971,2,2,Neutral,CN,V3,True
3979,2,2,Neutral,CN,V3,True
4011,2,2,Neutral,CN,V3,True
4066,2,2,Neutral,CN,V3,True
4087,2,2,Neutral,CN,V3,True
4153,2,2,Neutral,CN,V3,True
4182,2,2,Neutral,CN,V3,True
4187,1,1,Neutral,CN,V3,True
4207,1,1,Neutral,CN,V3,True
4211,1,1,Neutral,CN,V3,True
4303,1,1,Neutral,CN,V3,True
4314,1,1,Neutral,CN,V3,True
4339,2,2,Neutral,CN,V3,True
4348,2,2,Neutral,CN,V3,True
4447,1,1,Neutral,CN,V3,True
4462,1,1,Neutral,CN,V3,True
4591,1,1,Neutral,CN,V3,True
4624,2,2,Neutral,CN,V3,True
4651,2,2,Neutral,CN,V3,True
4652,1,1,Neutral,CN,V3,True
4663,1,1,Neutral,CN,V3,True
4706,2,2,Neutral,CN,V3,True
4716,1,1,Neutral,CN,V3,True
4744,2,2,Neutral,CN,V3,True
4767,1,1,Neutral,CN,V3,True
4795,1,1,Neutral,CN,V3,True
4812,2,2,Neutral,CN,V3,True
4827,2,2,Neutral,CN,V3,True
4829,2,2,Neutral,CN,V3,True
4851,2,2,Neutral,CN,V3,True
4856,2,2,Neutral,CN,V3,True
4865,2,2,Neutral,CN,V3,True
4871,1,1,Neutral,CN,V3,True
4927,2,2,Neutral,CN,V3,True
4937,1,1,Neutral,CN,V3,True
5009,1,1,Neutral,CN,V3,True
5024,1,1,Neutral,CN,V3,True
5070,1,1,Neutral,CN,V3,True
5086,2,2,Neutral,CN,V3,True
5105,2,2,Neutral,CN,V3,True
5119,1,1,Neutral,CN,V3,True
5120,2,2,Neutral,CN,V3,True
5159,1,2,Neutral,CN,V3,False
5406,1,1,Neutral,CN,V3,True
5424,2,2,Neutral,CN,V3,True
5499,1,1,Neutral,CN,V3,True
5570,1,1,Neutral,CN,V3,True
5586,2,1,Neutral,CN,V3,False
5619,2,2,Neutral,CN,V3,True
5651,1,1,Neutral,CN,V3,True
5741,1,1,Neutral,CN,V3,True
5797,2,2,Neutral,CN,V3,True
5824,2,2,Neutral,CN,V3,True
5829,1,1,Neutral,CN,V3,True
5906,2,2,Neutral,CN,V3,True
5913,2,2,Neutral,CN,V3,True
5957,2,2,Neutral,CN,V3,True
5998,2,2,Neutral,CN,V3,True
6010,2,2,Neutral,CN,V3,True
6059,2,2,Neutral,CN,V3,True
6111,1,1,Neutral,CN,V3,True
6137,1,1,Neutral,CN,V3,True
6156,1,1,Neutral,CN,V3,True
6252,1,1,Neutral,CN,V3,True
6253,2,2,Neutral,CN,V3,True
6255,2,2,Neutral,CN,V3,True
6295,1,1,Neutral,CN,V3,True
6347,1,1,Neutral,CN,V3,True
6374,1,1,Neutral,CN,V3,True
6452,1,1,Neutral,CN,V3,True
6465,1,1,Neutral,CN,V3,True
6484,2,2,Neutral,CN,V3,True
6488,2,2,Neutral,CN,V3,True
6519,2,2,Neutral,CN,V3,True
6527,2,2,Neutral,CN,V3,True
6595,1,1,Neutral,CN,V3,True
6631,1,1,Neutral,CN,V3,True
6692,2,1,Neutral,CN,V3,False
6715,2,2,Neutral,CN,V3,True
6728,1,1,Neutral,CN,V3,True
6756,2,2,Neutral,CN,V3,True
6812,1,1,Neutral,CN,V3,True
6824,1,1,Neutral,CN,V3,True
6826,1,1,Neutral,CN,V3,True
6842,1,1,Neutral,CN,V3,True
6867,1,1,Neutral,CN,V3,True
6899,2,2,Neutral,CN,V3,True
6965,2,2,Neutral,CN,V3,True
6977,2,2,Neutral,CN,V3,True
6991,1,1,Neutral,CN,V3,True
7001,2,2,Neutral,CN,V3,True
7004,1,1,Neutral,CN,V3,True
7070,2,2,Neutral,CN,V3,True
7096,1,1,Neutral,CN,V3,True
7099,1,1,Neutral,CN,V3,True
7194,2,2,Neutral,CN,V3,True
7220,2,2,Neutral,CN,V3,True
7235,2,2,Neutral,CN,V3,True
7313,2,2,Neutral,CN,V3,True
7387,1,1,Neutral,CN,V3,True
7407,1,1,Neutral,CN,V3,True
7430,2,2,Neutral,CN,V3,True
7439,1,1,Neutral,CN,V3,True
7451,2,2,Neutral,CN,V3,True
7498,2,2,Neutral,CN,V3,True
7550,1,1,Neutral,CN,V3,True
7553,2,2,Neutral,CN,V3,True
7555,1,1,Neutral,CN,V3,True
7581,2,2,Neutral,CN,V3,True
7599,2,2,Neutral,CN,V3,True
7654,1,1,Neutral,CN,V3,True
7687,1,1,Neutral,CN,V3,True
7723,1,1,Neutral,CN,V3,True
7832,2,2,Neutral,CN,V3,True
7887,1,1,Neutral,CN,V3,True
7894,1,1,Neutral,CN,V3,True
7966,1,1,Neutral,CN,V3,True
8015,2,2,Neutral,CN,V3,True
8033,1,1,Neutral,CN,V3,True
8139,1,1,Neutral,CN,V3,True
8217,2,2,Neutral,CN,V3,True
8268,1,1,Neutral,CN,V3,True
8339,1,1,Neutral,CN,V3,True
8366,2,2,Neutral,CN,V3,True
8444,1,1,Neutral,CN,V3,True
8580,2,2,Neutral,CN,V3,True
8614,1,1,Neutral,CN,V3,True
8630,2,2,Neutral,CN,V3,True
8637,2,1,Neutral,CN,V3,False
8672,1,1,Neutral,CN,V3,True
8816,2,2,Neutral,CN,V3,True
8902,2,2,Neutral,CN,V3,True
8923,2,2,Neutral,CN,V3,True
8948,1,1,Neutral,CN,V3,True
8993,1,1,Neutral,CN,V3,True
9004,1,1,Neutral,CN,V3,True
9089,2,2,Neutral,CN,V3,True
9120,1,2,Neutral,CN,V3,False
9134,2,2,Neutral,CN,V3,True
9246,2,2,Neutral,CN,V3,True
9268,1,1,Neutral,CN,V3,True
9324,2,2,Neutral,CN,V3,True
9325,1,1,Neutral,CN,V3,True
9349,2,2,Neutral,CN,V3,True
9357,2,2,Neutral,CN,V3,True
9417,1,1,Neutral,CN,V3,True
9459,1,1,Neutral,CN,V3,True
9465,1,1,Neutral,CN,V3,True
9469,2,2,Neutral,CN,V3,True
9485,1,2,Neutral,CN,V3,False
9595,1,1,Neutral,CN,V3,True
9632,2,2,Neutral,CN,V3,True
9635,2,2,Neutral,CN,V3,True
9677,2,2,Neutral,CN,V3,True
9715,1,1,Neutral,CN,V3,True
9724,2,2,Neutral,CN,V3,True
9774,2,2,Neutral,CN,V3,True
9796,1,1,Neutral,CN,V3,True
9892,2,2,Neutral,CN,V3,True
9899,1,1,Neutral,CN,V3,True
9907,2,2,Neutral,CN,V3,True
9934,1,1,Neutral,CN,V3,True
9987,1,1,Neutral,CN,V3,True
10022,1,1,Neutral,CN,V3,True
10156,1,1,Neutral,CN,V3,True
10163,1,1,Neutral,CN,V3,True
10174,1,1,Neutral,CN,V3,True
10187,2,1,Neutral,CN,V3,False
10189,2,2,Neutral,CN,V3,True
10210,1,1,Neutral,CN,V3,True
10301,1,2,Neutral,CN,V3,False
10328,1,1,Neutral,CN,V3,True
10330,2,2,Neutral,CN,V3,True
10375,1,1,Neutral,CN,V3,True
10423,2,2,Neutral,CN,V3,True
10434,1,1,Neutral,CN,V3,True
10450,2,2,Neutral,CN,V3,True
10566,2,2,Neutral,CN,V3,True
10610,2,2,Neutral,CN,V3,True
10621,1,1,Neutral,CN,V3,True
10626,2,2,Neutral,CN,V3,True
10634,2,2,Neutral,CN,V3,True
10713,1,2,Neutral,CN,V3,False
10771,2,2,Neutral,CN,V3,True
10803,2,2,Neutral,CN,V3,True
10910,2,2,Neutral,CN,V3,True
10954,2,2,Neutral,CN,V3,True
10978,1,1,Neutral,CN,V3,True
11102,1,1,Neutral,CN,V3,True
11120,2,2,Neutral,CN,V3,True
11189,2,2,Neutral,CN,V3,True
11241,2,2,Neutral,CN,V3,True
11283,2,2,Neutral,CN,V3,True
11511,2,2,Neutral,CN,V3,True
11514,2,2,Neutral,CN,V3,True
11523,2,2,Neutral,CN,V3,True
11525,1,1,Neutral,CN,V3,True
11553,1,1,Neutral,CN,V3,True
11596,1,1,Neutral,CN,V3,True
11603,2,2,Neutral,CN,V3,True
11617,2,2,Neutral,CN,V3,True
11630,1,1,Neutral,CN,V3,True
11647,2,2,Neutral,CN,V3,True
11742,2,2,Neutral,CN,V3,True
11786,1,1,Neutral,CN,V3,True
11850,2,2,Neutral,CN,V3,True
11870,1,1,Neutral,CN,V3,True
11874,1,1,Neutral,CN,V3,True
11930,1,1,Neutral,CN,V3,True
11935,2,2,Neutral,CN,V3,True
11967,1,1,Neutral,CN,V3,True
12012,2,2,Neutral,CN,V3,True
12074,1,1,Neutral,CN,V3,True
12143,1,1,Neutral,CN,V3,True
12151,1,1,Neutral,CN,V3,True
12153,1,1,Neutral,CN,V3,True
12219,2,1,Neutral,CN,V3,False
12271,2,2,Neutral,CN,V3,True
12285,1,1,Neutral,CN,V3,True
12301,1,1,Neutral,CN,V3,True
12323,1,1,Neutral,CN,V3,True
12429,2,2,Neutral,CN,V3,True
12472,2,2,Neutral,CN,V3,True
12486,2,2,Neutral,CN,V3,True
12494,1,1,Neutral,CN,V3,True
12645,1,1,Neutral,CN,V3,True
12732,1,1,Neutral,CN,V3,True
12798,2,2,Neutral,CN,V3,True
12830,2,2,Neutral,CN,V3,True
12860,2,2,Neutral,CN,V3,True
12896,1,1,Neutral,CN,V3,True
12903,1,1,Neutral,CN,V3,True
12926,2,2,Neutral,CN,V3,True
12936,2,2,Neutral,CN,V3,True
12948,2,2,Neutral,CN,V3,True
12975,2,2,Neutral,CN,V3,True
13035,1,1,Neutral,CN,V3,True
13050,2,2,Neutral,CN,V3,True
13061,1,1,Neutral,CN,V3,True
13113,2,2,Neutral,CN,V3,True
13115,2,2,Neutral,CN,V3,True
13137,2,2,Neutral,CN,V3,True
13200,1,1,Neutral,CN,V3,True
13227,2,2,Neutral,CN,V3,True
13300,2,2,Neutral,CN,V3,True
13319,1,1,Neutral,CN,V3,True
13334,1,1,Neutral,CN,V3,True
13384,1,1,Neutral,CN,V3,True
13400,2,2,Neutral,CN,V3,True
13447,2,2,Neutral,CN,V3,True
13469,2,2,Neutral,CN,V3,True
13484,2,2,Neutral,CN,V3,True
13518,2,2,Neutral,CN,V3,True
13531,1,2,Neutral,CN,V3,False
13562,2,2,Neutral,CN,V3,True
13726,2,2,Neutral,CN,V3,True
13785,1,1,Neutral,CN,V3,True
13843,2,2,Neutral,CN,V3,True
13864,2,2,Neutral,CN,V3,True
13874,1,1,Neutral,CN,V3,True
13920,1,2,Neutral,CN,V3,False
14011,2,2,Neutral,CN,V3,True
14047,2,2,Neutral,CN,V3,True
14055,2,2,Neutral,CN,V3,True
14074,2,2,Neutral,CN,V3,True
14139,2,2,Neutral,CN,V3,True
14259,1,1,Neutral,CN,V3,True
14325,1,1,Neutral,CN,V3,True
14408,1,1,Neutral,CN,V3,True
14410,1,1,Neutral,CN,V3,True
14469,1,1,Neutral,CN,V3,True
14488,1,1,Neutral,CN,V3,True
14532,2,2,Neutral,CN,V3,True
14550,2,2,Neutral,CN,V3,True
14557,1,1,Neutral,CN,V3,True
14581,2,2,Neutral,CN,V3,True
14617,2,2,Neutral,CN,V3,True
14759,2,2,Neutral,CN,V3,True
14793,1,1,Neutral,CN,V3,True
14796,2,2,Neutral,CN,V3,True
14845,2,2,Neutral,CN,V3,True
14858,2,2,Neutral,CN,V3,True
14868,1,1,Neutral,CN,V3,True
14900,1,1,Neutral,CN,V3,True
14932,2,2,Neutral,CN,V3,True
14970,2,2,Neutral,CN,V3,True
14988,2,2,Neutral,CN,V3,True
15035,1,1,Neutral,CN,V3,True
15066,2,2,Neutral,CN,V3,True
15131,1,1,Neutral,CN,V3,True
15133,2,2,Neutral,CN,V3,True
15176,2,2,Neutral,CN,V3,True
15189,1,1,Neutral,CN,V3,True
15254,1,1,Neutral,CN,V3,True
15290,1,1,Neutral,CN,V3,True
15363,2,2,Neutral,CN,V3,True
15452,2,2,Neutral,CN,V3,True
15535,2,2,Neutral,CN,V3,True
15555,1,1,Neutral,CN,V3,True
15614,2,2,Neutral,CN,V3,True
15620,2,2,Neutral,CN,V3,True
15693,1,1,Neutral,CN,V3,True
15721,2,2,Neutral,CN,V3,True
15735,1,1,Neutral,CN,V3,True
15770,1,1,Neutral,CN,V3,True
15810,2,2,Neutral,CN,V3,True
15883,1,1,Neutral,CN,V3,True
15980,2,2,Neutral,CN,V3,True
16114,1,1,Neutral,CN,V3,True
16120,1,1,Neutral,CN,V3,True
16174,1,1,Neutral,CN,V3,True
16212,2,2,Neutral,CN,V3,True
16213,1,1,Neutral,CN,V3,True
16230,1,1,Neutral,CN,V3,True
16264,1,1,Neutral,CN,V3,True
16339,1,1,Neutral,CN,V3,True
16355,2,2,Neutral,CN,V3,True
16398,1,1,Neutral,CN,V3,True
16457,2,2,Neutral,CN,V3,True
16521,2,2,Neutral,CN,V3,True
16572,1,1,Neutral,CN,V3,True
16600,1,1,Neutral,CN,V3,True
16614,1,1,Neutral,CN,V3,True
16642,1,1,Neutral,CN,V3,True
16731,1,1,Neutral,CN,V3,True
16801,2,2,Neutral,CN,V3,True
16845,1,1,Neutral,CN,V3,True
16858,2,2,Neutral,CN,V3,True
16891,1,1,Neutral,CN,V3,True
16903,1,1,Neutral,CN,V3,True
16977,1,1,Neutral,CN,V3,True
17002,2,2,Neutral,CN,V3,True
17048,1,1,Neutral,CN,V3,True
17079,2,2,Neutral,CN,V3,True
17082,2,1,Neutral,CN,V3,False
17121,2,2,Neutral,CN,V3,True
17212,1,1,Neutral,CN,V3,True
17227,1,1,Neutral,CN,V3,True
17241,2,2,Neutral,CN,V3,True
17280,2,2,Neutral,CN,V3,True
17322,1,1,Neutral,CN,V3,True
17355,2,2,Neutral,CN,V3,True
17361,1,1,Neutral,CN,V3,True
17364,2,2,Neutral,CN,V3,True
17386,2,2,Neutral,CN,V3,True
17423,2,2,Neutral,CN,V3,True
17455,1,1,Neutral,CN,V3,True
17468,1,1,Neutral,CN,V3,True
17475,1,1,Neutral,CN,V3,True
17553,1,1,Neutral,CN,V3,True
17585,2,2,Neutral,CN,V3,True
17693,1,1,Neutral,CN,V3,True
17744,2,2,Neutral,CN,V3,True
17746,2,2,Neutral,CN,V3,True
17792,1,1,Neutral,CN,V3,True
17806,2,2,Neutral,CN,V3,True
17877,1,1,Neutral,CN,V3,True
17885,2,2,Neutral,CN,V3,True
17914,2,1,Neutral,CN,V3,False
17963,2,2,Neutral,CN,V3,True
18290,1,1,Neutral,CN,V3,True
18337,1,1,Neutral,CN,V3,True
18550,2,2,Neutral,CN,V3,True
18553,2,2,Neutral,CN,V3,True
18613,2,2,Neutral,CN,V3,True
18630,2,2,Neutral,CN,V3,True
18631,1,1,Neutral,CN,V3,True
18643,1,1,Neutral,CN,V3,True
18652,1,1,Neutral,CN,V3,True
18656,2,2,Neutral,CN,V3,True
18670,1,1,Neutral,CN,V3,True
18805,2,2,Neutral,CN,V3,True
18806,1,1,Neutral,CN,V3,True
18820,1,1,Neutral,CN,V3,True
18839,2,2,Neutral,CN,V3,True
18874,1,1,Neutral,CN,V3,True
18886,1,1,Neutral,CN,V3,True
18935,1,1,Neutral,CN,V3,True
18961,2,2,Neutral,CN,V3,True
18970,1,2,Neutral,CN,V3,False
18998,2,2,Neutral,CN,V3,True
19036,2,2,Neutral,CN,V3,True
19045,2,2,Neutral,CN,V3,True
19113,1,1,Neutral,CN,V3,True
19164,1,1,Neutral,CN,V3,True
19267,2,2,Neutral,CN,V3,True
19295,1,1,Neutral,CN,V3,True
19331,2,2,Neutral,CN,V3,True
19341,1,1,Neutral,CN,V3,True
19383,1,1,Neutral,CN,V3,True
19385,2,2,Neutral,CN,V3,True
19395,2,2,Neutral,CN,V3,True
19486,2,2,Neutral,CN,V3,True
19496,2,2,Neutral,CN,V3,True
19519,2,2,Neutral,CN,V3,True
19532,1,1,Neutral,CN,V3,True
19538,1,1,Neutral,CN,V3,True
19593,1,2,Neutral,CN,V3,False
19599,1,1,Neutral,CN,V3,True
19643,1,1,Neutral,CN,V3,True
19686,1,1,Neutral,CN,V3,True
19738,1,1,Neutral,CN,V3,True
19794,1,1,Neutral,CN,V3,True
19811,1,1,Neutral,CN,V3,True
19826,2,2,Neutral,CN,V3,True
19830,2,2,Neutral,CN,V3,True
19839,2,2,Neutral,CN,V3,True
19854,2,2,Neutral,CN,V3,True
19900,2,2,Neutral,CN,V3,True
19915,1,1,Neutral,CN,V3,True
19967,1,1,Neutral,CN,V3,True
19968,2,2,Neutral,CN,V3,True
20031,1,1,Neutral,CN,V3,True
20132,2,2,Neutral,CN,V3,True
20184,1,1,Neutral,CN,V3,True
20195,1,1,Neutral,CN,V3,True
20299,2,2,Neutral,CN,V3,True
20351,1,1,Neutral,CN,V3,True
20380,2,2,Neutral,CN,V3,True
20420,1,1,Neutral,CN,V3,True
20422,1,1,Neutral,CN,V3,True
20431,1,1,Neutral,CN,V3,True
20443,1,1,Neutral,CN,V3,True
20446,2,2,Neutral,CN,V3,True
20465,1,1,Neutral,CN,V3,True
20467,1,1,Neutral,CN,V3,True
20504,2,2,Neutral,CN,V3,True
20542,1,1,Neutral,CN,V3,True
20609,1,1,Neutral,CN,V3,True
20666,1,1,Neutral,CN,V3,True
20677,1,1,Neutral,CN,V3,True
20685,2,2,Neutral,CN,V3,True
20716,2,2,Neutral,CN,V3,True
20839,2,2,Neutral,CN,V3,True
20853,1,1,Neutral,CN,V3,True
20869,2,2,Neutral,CN,V3,True
20890,2,2,Neutral,CN,V3,True
20895,2,1,Neutral,CN,V3,False
20964,1,1,Neutral,CN,V3,True
20971,2,2,Neutral,CN,V3,True
21016,1,1,Neutral,CN,V3,True
21051,2,2,Neutral,CN,V3,True
21074,1,1,Neutral,CN,V3,True
21098,2,2,Neutral,CN,V3,True
21130,2,2,Neutral,CN,V3,True
21158,1,1,Neutral,CN,V3,True
21165,1,1,Neutral,CN,V3,True
21167,1,1,Neutral,CN,V3,True
21173,1,1,Neutral,CN,V3,True
21180,2,2,Neutral,CN,V3,True
21203,2,2,Neutral,CN,V3,True
21210,1,1,Neutral,CN,V3,True
21328,1,2,Neutral,CN,V3,False
21399,1,1,Neutral,CN,V3,True
21509,2,2,Neutral,CN,V3,True
21544,2,2,Neutral,CN,V3,True
21598,2,2,Neutral,CN,V3,True
21606,2,2,Neutral,CN,V3,True
21629,1,1,Neutral,CN,V3,True
21630,2,2,Neutral,CN,V3,True
21666,2,2,Neutral,CN,V3,True
21691,1,1,Neutral,CN,V3,True
21847,2,2,Neutral,CN,V3,True
21910,2,2,Neutral,CN,V3,True
21961,1,2,Neutral,CN,V3,False
21976,1,1,Neutral,CN,V3,True
21987,2,2,Neutral,CN,V3,True
22043,2,2,Neutral,CN,V3,True
22052,1,1,Neutral,CN,V3,True
22065,1,1,Neutral,CN,V3,True
22066,2,2,Neutral,CN,V3,True
22126,2,2,Neutral,CN,V3,True
22166,2,2,Neutral,CN,V3,True
22184,2,2,Neutral,CN,V3,True
22194,2,2,Neutral,CN,V3,True
22266,1,1,Neutral,CN,V3,True
22314,2,2,Neutral,CN,V3,True
22356,2,2,Neutral,CN,V3,True
22467,2,2,Neutral,CN,V3,True
22679,1,1,Neutral,CN,V3,True
22707,2,2,Neutral,CN,V3,True
22767,2,2,Neutral,CN,V3,True
22770,1,1,Neutral,CN,V3,True
22814,1,1,Neutral,CN,V3,True
22819,2,2,Neutral,CN,V3,True
22833,1,1,Neutral,CN,V3,True
22849,2,2,Neutral,CN,V3,True
22966,2,2,Neutral,CN,V3,True
23023,1,1,Neutral,CN,V3,True
23052,1,1,Neutral,CN,V3,True
23089,1,1,Neutral,CN,V3,True
23104,2,2,Neutral,CN,V3,True
23128,1,1,Neutral,CN,V3,True
23200,1,1,Neutral,CN,V3,True
23313,2,2,Neutral,CN,V3,True
23322,1,1,Neutral,CN,V3,True
23323,1,1,Neutral,CN,V3,True
23404,2,2,Neutral,CN,V3,True
23440,2,2,Neutral,CN,V3,True
23453,2,2,Neutral,CN,V3,True
23505,1,1,Neutral,CN,V3,True
23514,2,2,Neutral,CN,V3,True
23524,1,1,Neutral,CN,V3,True
23530,2,2,Neutral,CN,V3,True
23574,1,1,Neutral,CN,V3,True
23584,1,1,Neutral,CN,V3,True
23605,1,1,Neutral,CN,V3,True
23620,2,2,Neutral,CN,V3,True
23648,2,2,Neutral,CN,V3,True
23699,2,2,Neutral,CN,V3,True
23713,2,2,Neutral,CN,V3,True
23779,1,1,Neutral,CN,V3,True
23871,1,1,Neutral,CN,V3,True
23873,1,1,Neutral,CN,V3,True
23901,1,1,Neutral,CN,V3,True
24163,1,1,Neutral,CN,V3,True
24174,2,2,Neutral,CN,V3,True
24223,1,1,Neutral,CN,V3,True
24291,2,2,Neutral,CN,V3,True
24304,1,1,Neutral,CN,V3,True
24334,2,2,Neutral,CN,V3,True
24405,2,2,Neutral,CN,V3,True
24408,1,1,Neutral,CN,V3,True
24500,2,2,Neutral,CN,V3,True
24502,2,2,Neutral,CN,V3,True
24541,2,2,Neutral,CN,V3,True
24573,1,1,Neutral,CN,V3,True
24637,2,2,Neutral,CN,V3,True
24673,2,2,Neutral,CN,V3,True
24706,1,1,Neutral,CN,V3,True
24740,2,2,Neutral,CN,V3,True
24774,2,2,Neutral,CN,V3,True
24836,1,1,Neutral,CN,V3,True
24871,1,2,Neutral,CN,V3,False
24902,2,2,Neutral,CN,V3,True
24959,2,2,Neutral,CN,V3,True
24975,1,1,Neutral,CN,V3,True
24995,1,1,Neutral,CN,V3,True
25015,1,2,Neutral,CN,V3,False
25038,1,1,Neutral,CN,V3,True
25109,2,2,Neutral,CN,V3,True
25137,1,1,Neutral,CN,V3,True
25155,1,1,Neutral,CN,V3,True
25239,2,2,Neutral,CN,V3,True
25270,1,1,Neutral,CN,V3,True
25302,2,2,Neutral,CN,V3,True
25337,1,1,Neutral,CN,V3,True
25348,1,1,Neutral,CN,V3,True
25369,2,2,Neutral,CN,V3,True
25416,1,1,Neutral,CN,V3,True
25435,1,1,Neutral,CN,V3,True
25447,1,1,Neutral,CN,V3,True
25448,2,1,Neutral,CN,V3,False
25471,2,2,Neutral,CN,V3,True
25523,2,2,Neutral,CN,V3,True
25650,1,1,Neutral,CN,V3,True
25698,2,1,Neutral,CN,V3,False
25856,1,1,Neutral,CN,V3,True
25868,1,1,Neutral,CN,V3,True
25990,2,2,Neutral,CN,V3,True
26032,1,1,Neutral,CN,V3,True
26129,2,2,Neutral,CN,V3,True
26161,1,1,Neutral,CN,V3,True
26178,1,2,Neutral,CN,V3,False
26211,2,2,Neutral,CN,V3,True
26281,2,2,Neutral,CN,V3,True
26287,2,2,Neutral,CN,V3,True
26292,1,1,Neutral,CN,V3,True
26302,1,1,Neutral,CN,V3,True
26321,2,2,Neutral,CN,V3,True
26337,1,1,Neutral,CN,V3,True
26480,2,2,Neutral,CN,V3,True
26492,2,2,Neutral,CN,V3,True
26528,1,1,Neutral,CN,V3,True
26546,1,1,Neutral,CN,V3,True
26556,1,1,Neutral,CN,V3,True
26575,2,2,Neutral,CN,V3,True
26678,2,2,Neutral,CN,V3,True
26714,2,2,Neutral,CN,V3,True
26831,1,1,Neutral,CN,V3,True
26865,2,2,Neutral,CN,V3,True
26878,2,2,Neutral,CN,V3,True
26995,1,1,Neutral,CN,V3,True
27029,1,1,Neutral,CN,V3,True
27088,1,1,Neutral,CN,V3,True
27101,1,1,Neutral,CN,V3,True
27271,1,2,Neutral,CN,V3,False
27395,2,2,Neutral,CN,V3,True
27431,2,2,Neutral,CN,V3,True
27497,1,1,Neutral,CN,V3,True
27524,2,2,Neutral,CN,V3,True
27558,2,2,Neutral,CN,V3,True
27668,2,2,Neutral,CN,V3,True
27688,2,2,Neutral,CN,V3,True
27740,2,2,Neutral,CN,V3,True
27786,2,2,Neutral,CN,V3,True
27828,2,2,Neutral,CN,V3,True
27904,2,2,Neutral,CN,V3,True
27910,2,2,Neutral,CN,V3,True
27911,2,2,Neutral,CN,V3,True
28011,2,2,Neutral,CN,V3,True
28019,1,1,Neutral,CN,V3,True
28051,2,2,Neutral,CN,V3,True
28057,1,2,Neutral,CN,V3,False
28067,2,2,Neutral,CN,V3,True
28114,2,2,Neutral,CN,V3,True
28222,2,2,Neutral,CN,V3,True
28262,2,2,Neutral,CN,V3,True
28271,1,1,Neutral,CN,V3,True
28341,1,1,Neutral,CN,V3,True
28365,2,2,Neutral,CN,V3,True
28463,2,2,Neutral,CN,V3,True
28490,1,1,Neutral,CN,V3,True
28550,2,2,Neutral,CN,V3,True
28574,2,2,Neutral,CN,V3,True
28656,2,2,Neutral,CN,V3,True
28674,2,2,Neutral,CN,V3,True
28728,1,1,Neutral,CN,V3,True
28789,2,2,Neutral,CN,V3,True
28790,2,1,Neutral,CN,V3,False
28814,2,2,Neutral,CN,V3,True
28822,2,2,Neutral,CN,V3,True
28963,1,1,Neutral,CN,V3,True
29070,2,2,Neutral,CN,V3,True
29105,2,2,Neutral,CN,V3,True
29132,1,1,Neutral,CN,V3,True
29144,1,1,Neutral,CN,V3,True
29243,2,2,Neutral,CN,V3,True
29385,1,1,Neutral,CN,V3,True
29417,2,2,Neutral,CN,V3,True
29454,2,2,Neutral,CN,V3,True
29484,2,2,Neutral,CN,V3,True
29629,1,1,Neutral,CN,V3,True
29644,1,1,Neutral,CN,V3,True
29679,1,1,Neutral,CN,V3,True
29768,1,1,Neutral,CN,V3,True
29880,1,1,Neutral,CN,V3,True
29903,1,1,Neutral,CN,V3,True
29912,1,1,Neutral,CN,V3,True
30052,1,1,Neutral,CN,V3,True
30118,1,1,Neutral,CN,V3,True
30131,2,2,Neutral,CN,V3,True
30137,2,2,Neutral,CN,V3,True
30143,1,1,Neutral,CN,V3,True
30180,1,1,Neutral,CN,V3,True
30259,1,1,Neutral,CN,V3,True
30273,2,2,Neutral,CN,V3,True
30285,2,2,Neutral,CN,V3,True
30328,1,1,Neutral,CN,V3,True
30329,1,1,Neutral,CN,V3,True
30336,2,2,Neutral,CN,V3,True
30340,1,1,Neutral,CN,V3,True
30367,2,2,Neutral,CN,V3,True
30457,2,1,Neutral,CN,V3,False
30498,2,1,Neutral,CN,V3,False
30514,1,1,Neutral,CN,V3,True
30544,1,1,Neutral,CN,V3,True
30694,2,2,Neutral,CN,V3,True
30701,2,2,Neutral,CN,V3,True
30710,2,2,Neutral,CN,V3,True
30794,2,2,Neutral,CN,V3,True
30825,2,2,Neutral,CN,V3,True
30846,1,1,Neutral,CN,V3,True
30856,2,2,Neutral,CN,V3,True
30872,2,2,Neutral,CN,V3,True
30880,1,1,Neutral,CN,V3,True
30899,1,1,Neutral,CN,V3,True
30922,2,2,Neutral,CN,V3,True
30936,2,2,Neutral,CN,V3,True
31029,1,1,Neutral,CN,V3,True
31060,1,1,Neutral,CN,V3,True
31081,2,2,Neutral,CN,V3,True
31128,2,2,Neutral,CN,V3,True
31129,2,2,Neutral,CN,V3,True
31138,1,1,Neutral,CN,V3,True
31148,1,1,Neutral,CN,V3,True
31247,1,1,Neutral,CN,V3,True
31266,2,2,Neutral,CN,V3,True
31350,2,2,Neutral,CN,V3,True
31386,2,2,Neutral,CN,V3,True
31470,2,2,Neutral,CN,V3,True
31483,2,2,Neutral,CN,V3,True
31597,1,1,Neutral,CN,V3,True
31622,1,1,Neutral,CN,V3,True
31628,1,1,Neutral,CN,V3,True
31665,1,1,Neutral,CN,V3,True
31720,1,1,Neutral,CN,V3,True
31728,1,1,Neutral,CN,V3,True
31883,2,2,Neutral,CN,V3,True
31907,2,2,Neutral,CN,V3,True
32003,2,2,Neutral,CN,V3,True
32090,1,1,Neutral,CN,V3,True
32112,2,2,Neutral,CN,V3,True
32116,2,2,Neutral,CN,V3,True
32131,2,2,Neutral,CN,V3,True
32167,2,1,Neutral,CN,V3,False
32177,2,2,Neutral,CN,V3,True
32263,2,2,Neutral,CN,V3,True
32265,1,1,Neutral,CN,V3,True
32323,2,2,Neutral,CN,V3,True
32372,1,1,Neutral,CN,V3,True
32463,2,2,Neutral,CN,V3,True
32518,1,1,Neutral,CN,V3,True
32558,2,2,Neutral,CN,V3,True
32572,2,2,Neutral,CN,V3,True
32638,1,1,Neutral,CN,V3,True
32679,1,1,Neutral,CN,V3,True
32722,2,2,Neutral,CN,V3,True
32747,1,1,Neutral,CN,V3,True
32753,2,2,Neutral,CN,V3,True
32785,1,1,Neutral,CN,V3,True
32872,2,2,Neutral,CN,V3,True
32913,2,2,Neutral,CN,V3,True
32972,2,2,Neutral,CN,V3,True
33026,1,1,Neutral,CN,V3,True
33067,2,2,Neutral,CN,V3,True
33126,2,2,Neutral,CN,V3,True
33141,2,2,Neutral,CN,V3,True
33154,1,1,Neutral,CN,V3,True
33262,2,2,Neutral,CN,V3,True
33322,2,2,Neutral,CN,V3,True
33390,1,1,Neutral,CN,V3,True
33409,2,2,Neutral,CN,V3,True
33433,1,1,Neutral,CN,V3,True
33470,1,1,Neutral,CN,V3,True
33504,1,1,Neutral,CN,V3,True
33649,1,1,Neutral,CN,V3,True
33743,2,2,Neutral,CN,V3,True
33765,2,2,Neutral,CN,V3,True
33808,2,2,Neutral,CN,V3,True
33856,1,1,Neutral,CN,V3,True
33859,2,2,Neutral,CN,V3,True
33890,2,2,Neutral,CN,V3,True
33936,1,2,Neutral,CN,V3,False
33940,1,1,Neutral,CN,V3,True
33961,1,1,Neutral,CN,V3,True
33962,2,2,Neutral,CN,V3,True
33986,1,1,Neutral,CN,V3,True
34029,2,2,Neutral,CN,V3,True
34125,2,2,Neutral,CN,V3,True
34143,2,2,Neutral,CN,V3,True
34171,1,1,Neutral,CN,V3,True
34215,2,2,Neutral,CN,V3,True
34276,1,1,Neutral,CN,V3,True
34332,2,2,Neutral,CN,V3,True
34354,1,1,Neutral,CN,V3,True
34404,2,2,Neutral,CN,V3,True
34414,2,2,Neutral,CN,V3,True
34456,1,2,Neutral,CN,V3,False
34460,2,2,Neutral,CN,V3,True
34500,1,1,Neutral,CN,V3,True
34573,1,1,Neutral,CN,V3,True
34667,2,2,Neutral,CN,V3,True
34714,2,2,Neutral,CN,V3,True
34754,2,2,Neutral,CN,V3,True
34812,2,2,Neutral,CN,V3,True
34918,2,2,Neutral,CN,V3,True
34944,2,2,Neutral,CN,V3,True
34983,2,2,Neutral,CN,V3,True
35058,2,2,Neutral,CN,V3,True
35064,1,1,Neutral,CN,V3,True
35127,2,2,Neutral,CN,V3,True
35156,2,2,Neutral,CN,V3,True
35174,1,1,Neutral,CN,V3,True
35191,2,2,Neutral,CN,V3,True
35201,2,2,Neutral,CN,V3,True
35204,2,2,Neutral,CN,V3,True
35282,2,2,Neutral,CN,V3,True
35287,1,1,Neutral,CN,V3,True
35429,2,2,Neutral,CN,V3,True
35467,1,1,Neutral,CN,V3,True
35542,2,2,Neutral,CN,V3,True
35564,2,2,Neutral,CN,V3,True
35592,1,1,Neutral,CN,V3,True
35643,2,2,Neutral,CN,V3,True
35715,2,2,Neutral,CN,V3,True
35732,2,2,Neutral,CN,V3,True
35738,2,2,Neutral,CN,V3,True
35743,2,2,Neutral,CN,V3,True
35871,2,2,Neutral,CN,V3,True
35880,2,2,Neutral,CN,V3,True
35912,1,1,Neutral,CN,V3,True
35918,2,2,Neutral,CN,V3,True
35939,2,2,Neutral,CN,V3,True
35991,2,2,Neutral,CN,V3,True
36100,2,2,Neutral,CN,V3,True
36117,1,1,Neutral,CN,V3,True
36126,2,2,Neutral,CN,V3,True
36186,2,2,Neutral,CN,V3,True
36190,1,1,Neutral,CN,V3,True
36199,2,2,Neutral,CN,V3,True
36209,1,1,Neutral,CN,V3,True
36247,1,1,Neutral,CN,V3,True
36341,2,2,Neutral,CN,V3,True
36403,2,2,Neutral,CN,V3,True
36419,2,2,Neutral,CN,V3,True
36434,2,2,Neutral,CN,V3,True
36449,1,1,Neutral,CN,V3,True
36482,2,2,Neutral,CN,V3,True
36557,2,2,Neutral,CN,V3,True
36686,2,2,Neutral,CN,V3,True
36689,2,2,Neutral,CN,V3,True
36734,1,1,Neutral,CN,V3,True
36743,1,1,Neutral,CN,V3,True
36767,2,2,Neutral,CN,V3,True
36812,2,2,Neutral,CN,V3,True
36819,2,2,Neutral,CN,V3,True
36849,2,2,Neutral,CN,V3,True
36960,2,2,Neutral,CN,V3,True
36974,2,2,Neutral,CN,V3,True
37006,2,2,Neutral,CN,V3,True
37016,2,2,Neutral,CN,V3,True
37020,1,1,Neutral,CN,V3,True
37082,2,2,Neutral,CN,V3,True
37102,2,2,Neutral,CN,V3,True
37124,2,2,Neutral,CN,V3,True
37234,1,1,Neutral,CN,V3,True
37245,1,1,Neutral,CN,V3,True
37249,1,1,Neutral,CN,V3,True
37327,1,1,Neutral,CN,V3,True
37367,2,2,Neutral,CN,V3,True
37422,1,1,Neutral,CN,V3,True
37432,2,2,Neutral,CN,V3,True
37490,1,1,Neutral,CN,V3,True
37537,2,2,Neutral,CN,V3,True
37569,2,2,Neutral,CN,V3,True
37608,1,2,Neutral,CN,V3,False
37614,2,2,Neutral,CN,V3,True
37617,2,2,Neutral,CN,V3,True
37679,1,1,Neutral,CN,V3,True
37723,2,2,Neutral,CN,V3,True
37741,2,2,Neutral,CN,V3,True
37842,1,1,Neutral,CN,V3,True
37909,1,1,Neutral,CN,V3,True
37955,1,1,Neutral,CN,V3,True
38026,2,2,Neutral,CN,V3,True
38068,2,2,Neutral,CN,V3,True
38078,2,2,Neutral,CN,V3,True
38144,1,1,Neutral,CN,V3,True
38146,1,1,Neutral,CN,V3,True
38166,1,1,Neutral,CN,V3,True
38168,1,1,Neutral,CN,V3,True
38191,2,2,Neutral,CN,V3,True
38245,1,1,Neutral,CN,V3,True
38267,2,2,Neutral,CN,V3,True
38352,1,1,Neutral,CN,V3,True
38363,2,2,Neutral,CN,V3,True
38395,1,1,Neutral,CN,V3,True
38425,2,2,Neutral,CN,V3,True
38485,1,1,Neutral,CN,V3,True
38518,1,1,Neutral,CN,V3,True
38530,1,1,Neutral,CN,V3,True
38562,2,2,Neutral,CN,V3,True
38593,2,2,Neutral,CN,V3,True
38627,2,2,Neutral,CN,V3,True
38630,1,1,Neutral,CN,V3,True
38721,1,1,Neutral,CN,V3,True
38773,2,2,Neutral,CN,V3,True
38802,1,2,Neutral,CN,V3,False
38811,1,2,Neutral,CN,V3,False
38858,1,1,Neutral,CN,V3,True
38920,2,2,Neutral,CN,V3,True
38928,2,2,Neutral,CN,V3,True
38947,1,1,Neutral,CN,V3,True
39000,1,1,Neutral,CN,V3,True
39152,1,1,Neutral,CN,V3,True
39199,1,1,Neutral,CN,V3,True
39321,1,1,Neutral,CN,V3,True
39356,2,2,Neutral,CN,V3,True
39388,2,2,Neutral,CN,V3,True
39457,1,1,Neutral,CN,V3,True
39466,1,1,Neutral,CN,V3,True
39532,2,2,Neutral,CN,V3,True
39553,2,2,Neutral,CN,V3,True
39557,1,1,Neutral,CN,V3,True
39630,1,1,Neutral,CN,V3,True
39715,1,1,Neutral,CN,V3,True
39795,2,1,Neutral,CN,V3,False
39804,1,1,Neutral,CN,V3,True
39833,2,2,Neutral,CN,V3,True
39842,1,1,Neutral,CN,V3,True
39855,1,1,Neutral,CN,V3,True
39864,2,2,Neutral,CN,V3,True
39884,2,2,Neutral,CN,V3,True
40068,1,1,Neutral,CN,V3,True
40135,1,1,Neutral,CN,V3,True
40145,2,2,Neutral,CN,V3,True
40164,1,1,Neutral,CN,V3,True
40296,2,2,Neutral,CN,V3,True
40352,2,1,Neutral,CN,V3,False
40376,1,2,Neutral,CN,V3,False
40497,2,2,Neutral,CN,V3,True
40535,1,1,Neutral,CN,V3,True
40542,2,2,Neutral,CN,V3,True
40622,2,2,Neutral,CN,V3,True
40625,2,2,Neutral,CN,V3,True
40653,2,2,Neutral,CN,V3,True
40853,1,1,Neutral,CN,V3,True
40855,2,2,Neutral,CN,V3,True
40969,1,1,Neutral,CN,V3,True
40991,1,1,Neutral,CN,V3,True
41001,2,2,Neutral,CN,V3,True
41077,1,1,Neutral,CN,V3,True
41103,2,2,Neutral,CN,V3,True
41237,1,1,Neutral,CN,V3,True
41239,1,1,Neutral,CN,V3,True
41273,1,1,Neutral,CN,V3,True
41360,2,2,Neutral,CN,V3,True
41368,1,1,Neutral,CN,V3,True
41416,1,1,Neutral,CN,V3,True
41457,2,2,Neutral,CN,V3,True
41472,1,1,Neutral,CN,V3,True
41514,1,2,Neutral,CN,V3,False
41581,2,2,Neutral,CN,V3,True
41590,1,1,Neutral,CN,V3,True
41607,1,2,Neutral,CN,V3,False
41636,1,1,Neutral,CN,V3,True
41704,1,1,Neutral,CN,V3,True
41829,1,2,Neutral,CN,V3,False
41836,1,1,Neutral,CN,V3,True
41906,2,2,Neutral,CN,V3,True
41973,2,2,Neutral,CN,V3,True
42040,1,1,Neutral,CN,V3,True
42067,1,1,Neutral,CN,V3,True
42086,2,2,Neutral,CN,V3,True
42112,2,2,Neutral,CN,V3,True
42166,2,2,Neutral,CN,V3,True
42185,2,2,Neutral,CN,V3,True
42228,2,2,Neutral,CN,V3,True
42330,1,1,Neutral,CN,V3,True
42344,2,2,Neutral,CN,V3,True
42391,2,2,Neutral,CN,V3,True
42428,1,1,Neutral,CN,V3,True
42468,2,2,Neutral,CN,V3,True
42520,2,1,Neutral,CN,V3,False
42521,1,1,Neutral,CN,V3,True
42568,1,1,Neutral,CN,V3,True
42572,2,2,Neutral,CN,V3,True
42585,1,1,Neutral,CN,V3,True
42714,2,2,Neutral,CN,V3,True
42860,2,2,Neutral,CN,V3,True
42886,2,2,Neutral,CN,V3,True
42922,2,2,Neutral,CN,V3,True
43042,1,1,Neutral,CN,V3,True
43070,2,2,Neutral,CN,V3,True
43164,2,2,Neutral,CN,V3,True
43285,1,1,Neutral,CN,V3,True
43295,2,2,Neutral,CN,V3,True
43350,2,2,Neutral,CN,V3,True
43486,1,1,Neutral,CN,V3,True
43526,2,2,Neutral,CN,V3,True
43621,2,2,Neutral,CN,V3,True
43668,2,2,Neutral,CN,V3,True
43764,2,2,Neutral,CN,V3,True
43800,1,1,Neutral,CN,V3,True
43811,2,2,Neutral,CN,V3,True
43878,1,1,Neutral,CN,V3,True
44064,2,2,Neutral,CN,V3,True
44167,2,2,Neutral,CN,V3,True
44178,2,2,Neutral,CN,V3,True
44313,2,2,Neutral,CN,V3,True
44380,1,1,Neutral,CN,V3,True
44400,2,2,Neutral,CN,V3,True
44415,2,2,Neutral,CN,V3,True
44430,2,2,Neutral,CN,V3,True
44444,2,2,Neutral,CN,V3,True
44458,2,2,Neutral,CN,V3,True
44475,1,1,Neutral,CN,V3,True
44479,2,2,Neutral,CN,V3,True
44628,1,1,Neutral,CN,V3,True
44682,1,1,Neutral,CN,V3,True
44812,2,2,Neutral,CN,V3,True
44841,1,1,Neutral,CN,V3,True
44887,2,2,Neutral,CN,V3,True
44967,1,1,Neutral,CN,V3,True
45012,2,2,Neutral,CN,V3,True
45024,1,1,Neutral,CN,V3,True
45075,2,2,Neutral,CN,V3,True
45117,2,2,Neutral,CN,V3,True
45137,2,2,Neutral,CN,V3,True
45175,2,2,Neutral,CN,V3,True
45184,1,1,Neutral,CN,V3,True
45190,1,1,Neutral,CN,V3,True
45289,1,2,Neutral,CN,V3,False
45314,1,1,Neutral,CN,V3,True
45337,1,1,Neutral,CN,V3,True
45340,2,2,Neutral,CN,V3,True
45390,2,2,Neutral,CN,V3,True
45470,2,2,Neutral,CN,V3,True
45492,1,1,Neutral,CN,V3,True
45529,2,2,Neutral,CN,V3,True
45544,2,2,Neutral,CN,V3,True
45784,1,1,Neutral,CN,V3,True
45800,2,2,Neutral,CN,V3,True
45811,2,2,Neutral,CN,V3,True
45837,1,1,Neutral,CN,V3,True
45857,2,2,Neutral,CN,V3,True
45893,2,2,Neutral,CN,V3,True
45919,1,1,Neutral,CN,V3,True
45938,2,2,Neutral,CN,V3,True
45983,2,2,Neutral,CN,V3,True
45985,1,1,Neutral,CN,V3,True
46132,1,1,Neutral,CN,V3,True
46147,1,1,Neutral,CN,V3,True
46160,1,1,Neutral,CN,V3,True
46218,2,1,Neutral,CN,V3,False
46346,1,1,Neutral,CN,V3,True
46372,2,2,Neutral,CN,V3,True
46569,2,2,Neutral,CN,V3,True
46595,2,2,Neutral,CN,V3,True
46674,1,1,Neutral,CN,V3,True
46707,2,2,Neutral,CN,V3,True
46710,2,2,Neutral,CN,V3,True
46751,2,2,Neutral,CN,V3,True
46756,1,1,Neutral,CN,V3,True
46758,2,2,Neutral,CN,V3,True
46810,2,2,Neutral,CN,V3,True
46859,2,2,Neutral,CN,V3,True
46880,1,1,Neutral,CN,V3,True
46894,2,2,Neutral,CN,V3,True
46969,2,2,Neutral,CN,V3,True
47060,2,2,Neutral,CN,V3,True
47065,1,1,Neutral,CN,V3,True
47097,1,1,Neutral,CN,V3,True
47139,2,2,Neutral,CN,V3,True
47169,2,2,Neutral,CN,V3,True
47216,2,2,Neutral,CN,V3,True
47246,2,2,Neutral,CN,V3,True
47249,2,2,Neutral,CN,V3,True
47362,1,1,Neutral,CN,V3,True
47371,1,1,Neutral,CN,V3,True
47560,1,1,Neutral,CN,V3,True
47619,2,2,Neutral,CN,V3,True
47632,1,1,Neutral,CN,V3,True
47865,2,2,Neutral,CN,V3,True
48180,2,2,Neutral,CN,V3,True
48182,1,1,Neutral,CN,V3,True
48217,2,2,Neutral,CN,V3,True
48246,1,1,Neutral,CN,V3,True
48329,1,1,Neutral,CN,V3,True
48355,2,2,Neutral,CN,V3,True
48359,1,1,Neutral,CN,V3,True
48441,2,2,Neutral,CN,V3,True
48449,2,2,Neutral,CN,V3,True
48506,2,2,Neutral,CN,V3,True
48538,1,2,Neutral,CN,V3,False
48541,1,1,Neutral,CN,V3,True
48562,2,2,Neutral,CN,V3,True
48563,2,2,Neutral,CN,V3,True
48566,2,1,Neutral,CN,V3,False
48587,1,1,Neutral,CN,V3,True
48607,2,2,Neutral,CN,V3,True
48618,1,1,Neutral,CN,V3,True
48722,2,2,Neutral,CN,V3,True
48728,1,1,Neutral,CN,V3,True
48859,2,2,Neutral,CN,V3,True
48898,1,1,Neutral,CN,V3,True
48976,2,2,Neutral,CN,V3,True
49004,1,1,Neutral,CN,V3,True
49029,1,1,Neutral,CN,V3,True
49047,1,1,Neutral,CN,V3,True
49052,1,1,Neutral,CN,V3,True
49095,1,1,Neutral,CN,V3,True
49132,1,1,Neutral,CN,V3,True
49146,1,1,Neutral,CN,V3,True
49182,2,2,Neutral,CN,V3,True
49189,1,1,Neutral,CN,V3,True
49213,1,1,Neutral,CN,V3,True
49228,1,1,Neutral,CN,V3,True
49239,1,1,Neutral,CN,V3,True
49242,2,2,Neutral,CN,V3,True
49325,1,1,Neutral,CN,V3,True
49400,2,2,Neutral,CN,V3,True
49460,1,1,Neutral,CN,V3,True
49700,1,1,Neutral,CN,V3,True
49737,1,1,Neutral,CN,V3,True
49765,2,2,Neutral,CN,V3,True
49777,2,1,Neutral,CN,V3,False
49804,2,2,Neutral,CN,V3,True
49855,2,2,Neutral,CN,V3,True
49870,2,2,Neutral,CN,V3,True
49943,2,2,Neutral,CN,V3,True
49950,2,2,Neutral,CN,V3,True
49959,2,2,Neutral,CN,V3,True
49971,1,1,Neutral,CN,V3,True
55,1,1,Neutral,CT,R1,True
107,2,2,Neutral,CT,R1,True
176,1,1,Neutral,CT,R1,True
283,2,2,Neutral,CT,R1,True
284,2,2,Neutral,CT,R1,True
287,1,1,Neutral,CT,R1,True
310,2,2,Neutral,CT,R1,True
379,2,2,Neutral,CT,R1,True
393,2,2,Neutral,CT,R1,True
405,2,2,Neutral,CT,R1,True
423,1,2,Neutral,CT,R1,False
450,2,2,Neutral,CT,R1,True
504,2,2,Neutral,CT,R1,True
545,1,1,Neutral,CT,R1,True
626,2,2,Neutral,CT,R1,True
715,2,2,Neutral,CT,R1,True
722,1,1,Neutral,CT,R1,True
793,2,2,Neutral,CT,R1,True
804,2,2,Neutral,CT,R1,True
813,2,1,Neutral,CT,R1,False
856,2,2,Neutral,CT,R1,True
893,2,2,Neutral,CT,R1,True
1029,2,2,Neutral,CT,R1,True
1057,2,2,Neutral,CT,R1,True
1106,1,1,Neutral,CT,R1,True
1176,2,2,Neutral,CT,R1,True
1199,1,1,Neutral,CT,R1,True
1200,2,2,Neutral,CT,R1,True
1205,2,2,Neutral,CT,R1,True
1227,1,2,Neutral,CT,R1,False
1261,2,2,Neutral,CT,R1,True
1285,1,1,Neutral,CT,R1,True
1290,1,1,Neutral,CT,R1,True
1347,1,1,Neutral,CT,R1,True
1352,1,2,Neutral,CT,R1,False
1363,2,2,Neutral,CT,R1,True
1421,1,1,Neutral,CT,R1,True
1434,2,2,Neutral,CT,R1,True
1481,1,1,Neutral,CT,R1,True
1552,1,1,Neutral,CT,R1,True
1573,1,1,Neutral,CT,R1,True
1656,2,2,Neutral,CT,R1,True
1687,1,1,Neutral,CT,R1,True
1707,2,2,Neutral,CT,R1,True
1735,2,2,Neutral,CT,R1,True
1755,2,2,Neutral,CT,R1,True
1814,2,2,Neutral,CT,R1,True
1819,2,2,Neutral,CT,R1,True
1822,1,1,Neutral,CT,R1,True
1823,1,1,Neutral,CT,R1,True
1862,1,1,Neutral,CT,R1,True
2004,2,2,Neutral,CT,R1,True
2055,1,1,Neutral,CT,R1,True
2068,2,2,Neutral,CT,R1,True
2081,1,1,Neutral,CT,R1,True
2155,2,2,Neutral,CT,R1,True
2221,2,2,Neutral,CT,R1,True
2288,2,2,Neutral,CT,R1,True
2375,2,2,Neutral,CT,R1,True
2379,1,1,Neutral,CT,R1,True
2426,2,2,Neutral,CT,R1,True
2584,2,2,Neutral,CT,R1,True
2599,2,2,Neutral,CT,R1,True
2600,1,1,Neutral,CT,R1,True
2732,2,2,Neutral,CT,R1,True
2844,1,1,Neutral,CT,R1,True
2891,2,2,Neutral,CT,R1,True
2932,2,2,Neutral,CT,R1,True
2983,1,1,Neutral,CT,R1,True
3056,1,1,Neutral,CT,R1,True
3102,1,1,Neutral,CT,R1,True
3191,1,1,Neutral,CT,R1,True
3297,1,1,Neutral,CT,R1,True
3363,1,1,Neutral,CT,R1,True
3367,2,2,Neutral,CT,R1,True
3385,1,1,Neutral,CT,R1,True
3400,1,1,Neutral,CT,R1,True
3429,2,2,Neutral,CT,R1,True
3440,1,1,Neutral,CT,R1,True
3512,1,2,Neutral,CT,R1,False
3524,1,1,Neutral,CT,R1,True
3567,1,1,Neutral,CT,R1,True
3631,2,2,Neutral,CT,R1,True
3811,2,2,Neutral,CT,R1,True
3824,1,1,Neutral,CT,R1,True
3867,1,1,Neutral,CT,R1,True
3912,2,2,Neutral,CT,R1,True
3929,2,2,Neutral,CT,R1,True
3954,2,2,Neutral,CT,R1,True
3971,2,2,Neutral,CT,R1,True
3979,2,2,Neutral,CT,R1,True
4011,2,2,Neutral,CT,R1,True
4066,2,2,Neutral,CT,R1,True
4087,2,2,Neutral,CT,R1,True
4153,2,2,Neutral,CT,R1,True
4182,2,2,Neutral,CT,R1,True
4187,1,1,Neutral,CT,R1,True
4207,1,1,Neutral,CT,R1,True
4211,1,1,Neutral,CT,R1,True
4303,1,1,Neutral,CT,R1,True
4314,1,1,Neutral,CT,R1,True
4339,2,2,Neutral,CT,R1,True
4348,2,2,Neutral,CT,R1,True
4447,1,1,Neutral,CT,R1,True
4462,1,1,Neutral,CT,R1,True
4591,1,1,Neutral,CT,R1,True
4624,2,2,Neutral,CT,R1,True
4651,2,2,Neutral,CT,R1,True
4652,1,1,Neutral,CT,R1,True
4663,1,1,Neutral,CT,R1,True
4706,2,2,Neutral,CT,R1,True
4716,1,1,Neutral,CT,R1,True
4744,2,2,Neutral,CT,R1,True
4767,1,1,Neutral,CT,R1,True
4795,1,1,Neutral,CT,R1,True
4797,1,2,Neutral,CT,R1,False
4812,2,2,Neutral,CT,R1,True
4827,2,2,Neutral,CT,R1,True
4829,2,2,Neutral,CT,R1,True
4851,2,2,Neutral,CT,R1,True
4856,2,2,Neutral,CT,R1,True
4865,2,2,Neutral,CT,R1,True
4871,1,1,Neutral,CT,R1,True
4927,2,2,Neutral,CT,R1,True
4937,1,1,Neutral,CT,R1,True
5009,1,1,Neutral,CT,R1,True
5024,1,1,Neutral,CT,R1,True
5070,1,1,Neutral,CT,R1,True
5086,2,2,Neutral,CT,R1,True
5105,2,2,Neutral,CT,R1,True
5119,1,1,Neutral,CT,R1,True
5120,2,2,Neutral,CT,R1,True
5406,1,1,Neutral,CT,R1,True
5424,2,2,Neutral,CT,R1,True
5499,1,1,Neutral,CT,R1,True
5570,1,1,Neutral,CT,R1,True
5619,2,2,Neutral,CT,R1,True
5651,1,1,Neutral,CT,R1,True
5741,1,2,Neutral,CT,R1,False
5797,2,2,Neutral,CT,R1,True
5824,2,2,Neutral,CT,R1,True
5829,1,1,Neutral,CT,R1,True
5834,2,1,Neutral,CT,R1,False
5906,2,2,Neutral,CT,R1,True
5957,2,2,Neutral,CT,R1,True
5998,2,2,Neutral,CT,R1,True
6010,2,2,Neutral,CT,R1,True
6059,2,2,Neutral,CT,R1,True
6111,1,1,Neutral,CT,R1,True
6137,1,1,Neutral,CT,R1,True
6156,1,1,Neutral,CT,R1,True
6252,1,1,Neutral,CT,R1,True
6253,2,2,Neutral,CT,R1,True
6255,2,2,Neutral,CT,R1,True
6295,1,1,Neutral,CT,R1,True
6347,1,1,Neutral,CT,R1,True
6374,1,1,Neutral,CT,R1,True
6420,2,2,Neutral,CT,R1,True
6452,1,1,Neutral,CT,R1,True
6465,1,1,Neutral,CT,R1,True
6484,2,2,Neutral,CT,R1,True
6519,2,2,Neutral,CT,R1,True
6527,2,2,Neutral,CT,R1,True
6595,1,1,Neutral,CT,R1,True
6631,1,1,Neutral,CT,R1,True
6692,2,2,Neutral,CT,R1,True
6715,2,2,Neutral,CT,R1,True
6728,1,1,Neutral,CT,R1,True
6756,2,2,Neutral,CT,R1,True
6812,1,1,Neutral,CT,R1,True
6824,1,1,Neutral,CT,R1,True
6826,1,1,Neutral,CT,R1,True
6842,1,1,Neutral,CT,R1,True
6867,1,1,Neutral,CT,R1,True
6899,2,2,Neutral,CT,R1,True
6965,2,2,Neutral,CT,R1,True
6977,2,2,Neutral,CT,R1,True
6991,1,1,Neutral,CT,R1,True
7001,2,2,Neutral,CT,R1,True
7004,1,1,Neutral,CT,R1,True
7070,2,2,Neutral,CT,R1,True
7096,1,1,Neutral,CT,R1,True
7099,1,1,Neutral,CT,R1,True
7194,2,2,Neutral,CT,R1,True
7220,2,2,Neutral,CT,R1,True
7235,2,2,Neutral,CT,R1,True
7313,2,2,Neutral,CT,R1,True
7387,1,1,Neutral,CT,R1,True
7407,1,1,Neutral,CT,R1,True
7430,2,2,Neutral,CT,R1,True
7439,1,1,Neutral,CT,R1,True
7451,2,2,Neutral,CT,R1,True
7498,2,2,Neutral,CT,R1,True
7550,1,1,Neutral,CT,R1,True
7553,2,2,Neutral,CT,R1,True
7555,1,1,Neutral,CT,R1,True
7581,2,2,Neutral,CT,R1,True
7599,2,2,Neutral,CT,R1,True
7654,1,1,Neutral,CT,R1,True
7687,1,1,Neutral,CT,R1,True
7723,1,1,Neutral,CT,R1,True
7832,2,2,Neutral,CT,R1,True
7887,1,1,Neutral,CT,R1,True
7894,1,1,Neutral,CT,R1,True
7915,2,2,Neutral,CT,R1,True
7949,1,1,Neutral,CT,R1,True
7966,1,1,Neutral,CT,R1,True
7992,1,1,Neutral,CT,R1,True
8015,2,2,Neutral,CT,R1,True
8033,1,1,Neutral,CT,R1,True
8139,1,1,Neutral,CT,R1,True
8217,2,2,Neutral,CT,R1,True
8268,1,1,Neutral,CT,R1,True
8339,1,1,Neutral,CT,R1,True
8366,2,2,Neutral,CT,R1,True
8444,1,1,Neutral,CT,R1,True
8477,1,1,Neutral,CT,R1,True
8580,2,2,Neutral,CT,R1,True
8614,1,1,Neutral,CT,R1,True
8630,2,2,Neutral,CT,R1,True
8672,1,1,Neutral,CT,R1,True
8816,2,2,Neutral,CT,R1,True
8902,2,2,Neutral,CT,R1,True
8923,2,2,Neutral,CT,R1,True
8948,1,1,Neutral,CT,R1,True
8993,1,1,Neutral,CT,R1,True
9004,1,1,Neutral,CT,R1,True
9089,2,2,Neutral,CT,R1,True
9102,1,2,Neutral,CT,R1,False
9120,1,2,Neutral,CT,R1,False
9134,2,2,Neutral,CT,R1,True
9246,2,2,Neutral,CT,R1,True
9268,1,1,Neutral,CT,R1,True
9325,1,1,Neutral,CT,R1,True
9349,2,2,Neutral,CT,R1,True
9357,2,2,Neutral,CT,R1,True
9417,1,1,Neutral,CT,R1,True
9459,1,1,Neutral,CT,R1,True
9465,1,1,Neutral,CT,R1,True
9469,2,2,Neutral,CT,R1,True
9485,1,2,Neutral,CT,R1,False
9595,1,1,Neutral,CT,R1,True
9632,2,2,Neutral,CT,R1,True
9635,2,2,Neutral,CT,R1,True
9677,2,2,Neutral,CT,R1,True
9715,1,1,Neutral,CT,R1,True
9724,2,2,Neutral,CT,R1,True
9774,2,2,Neutral,CT,R1,True
9796,1,1,Neutral,CT,R1,True
9892,2,2,Neutral,CT,R1,True
9899,1,1,Neutral,CT,R1,True
9907,2,2,Neutral,CT,R1,True
9934,1,1,Neutral,CT,R1,True
9987,1,1,Neutral,CT,R1,True
10022,1,1,Neutral,CT,R1,True
10156,1,1,Neutral,CT,R1,True
10163,1,1,Neutral,CT,R1,True
10174,1,1,Neutral,CT,R1,True
10187,1,1,Neutral,CT,R1,True
10189,2,2,Neutral,CT,R1,True
10210,1,1,Neutral,CT,R1,True
10301,1,2,Neutral,CT,R1,False
10328,1,1,Neutral,CT,R1,True
10330,2,2,Neutral,CT,R1,True
10375,1,1,Neutral,CT,R1,True
10423,2,2,Neutral,CT,R1,True
10434,1,1,Neutral,CT,R1,True
10450,2,2,Neutral,CT,R1,True
10566,2,2,Neutral,CT,R1,True
10600,1,1,Neutral,CT,R1,True
10610,2,2,Neutral,CT,R1,True
10621,1,1,Neutral,CT,R1,True
10626,2,2,Neutral,CT,R1,True
10634,2,2,Neutral,CT,R1,True
10771,2,2,Neutral,CT,R1,True
10803,2,2,Neutral,CT,R1,True
10910,2,2,Neutral,CT,R1,True
10954,2,2,Neutral,CT,R1,True
10978,1,1,Neutral,CT,R1,True
11101,1,2,Neutral,CT,R1,False
11102,1,1,Neutral,CT,R1,True
11120,2,2,Neutral,CT,R1,True
11189,2,2,Neutral,CT,R1,True
11241,2,2,Neutral,CT,R1,True
11283,2,2,Neutral,CT,R1,True
11511,2,2,Neutral,CT,R1,True
11514,2,2,Neutral,CT,R1,True
11523,2,2,Neutral,CT,R1,True
11525,1,1,Neutral,CT,R1,True
11553,1,1,Neutral,CT,R1,True
11596,1,1,Neutral,CT,R1,True
11603,2,2,Neutral,CT,R1,True
11617,2,2,Neutral,CT,R1,True
11630,1,1,Neutral,CT,R1,True
11647,2,2,Neutral,CT,R1,True
11742,2,2,Neutral,CT,R1,True
11786,1,1,Neutral,CT,R1,True
11850,2,2,Neutral,CT,R1,True
11870,1,1,Neutral,CT,R1,True
11874,1,1,Neutral,CT,R1,True
11930,1,1,Neutral,CT,R1,True
11935,2,2,Neutral,CT,R1,True
11967,1,1,Neutral,CT,R1,True
12012,2,2,Neutral,CT,R1,True
12074,1,1,Neutral,CT,R1,True
12151,1,1,Neutral,CT,R1,True
12153,1,1,Neutral,CT,R1,True
12219,2,1,Neutral,CT,R1,False
12271,2,2,Neutral,CT,R1,True
12285,1,1,Neutral,CT,R1,True
12301,1,1,Neutral,CT,R1,True
12429,2,2,Neutral,CT,R1,True
12472,2,2,Neutral,CT,R1,True
12486,2,2,Neutral,CT,R1,True
12494,1,1,Neutral,CT,R1,True
12627,1,2,Neutral,CT,R1,False
12645,1,1,Neutral,CT,R1,True
12732,1,1,Neutral,CT,R1,True
12798,2,2,Neutral,CT,R1,True
12830,2,2,Neutral,CT,R1,True
12860,2,2,Neutral,CT,R1,True
12896,1,1,Neutral,CT,R1,True
12903,1,1,Neutral,CT,R1,True
12926,2,2,Neutral,CT,R1,True
12936,2,2,Neutral,CT,R1,True
12948,2,2,Neutral,CT,R1,True
12975,2,2,Neutral,CT,R1,True
12998,2,2,Neutral,CT,R1,True
13035,1,1,Neutral,CT,R1,True
13050,2,2,Neutral,CT,R1,True
13061,1,1,Neutral,CT,R1,True
13113,2,2,Neutral,CT,R1,True
13115,2,2,Neutral,CT,R1,True
13137,2,2,Neutral,CT,R1,True
13227,2,2,Neutral,CT,R1,True
13300,2,2,Neutral,CT,R1,True
13319,1,1,Neutral,CT,R1,True
13334,1,1,Neutral,CT,R1,True
13384,1,1,Neutral,CT,R1,True
13400,2,2,Neutral,CT,R1,True
13447,2,2,Neutral,CT,R1,True
13469,2,2,Neutral,CT,R1,True
13484,2,2,Neutral,CT,R1,True
13518,2,2,Neutral,CT,R1,True
13531,2,2,Neutral,CT,R1,True
13726,2,2,Neutral,CT,R1,True
13785,1,1,Neutral,CT,R1,True
13843,2,2,Neutral,CT,R1,True
13864,2,2,Neutral,CT,R1,True
13874,1,1,Neutral,CT,R1,True
13920,1,2,Neutral,CT,R1,False
14011,2,2,Neutral,CT,R1,True
14047,2,2,Neutral,CT,R1,True
14055,2,2,Neutral,CT,R1,True
14074,2,2,Neutral,CT,R1,True
14137,2,2,Neutral,CT,R1,True
14139,2,2,Neutral,CT,R1,True
14259,1,1,Neutral,CT,R1,True
14325,1,1,Neutral,CT,R1,True
14408,1,1,Neutral,CT,R1,True
14410,1,1,Neutral,CT,R1,True
14469,1,1,Neutral,CT,R1,True
14488,1,1,Neutral,CT,R1,True
14532,2,2,Neutral,CT,R1,True
14550,2,2,Neutral,CT,R1,True
14557,1,1,Neutral,CT,R1,True
14581,2,2,Neutral,CT,R1,True
14617,2,2,Neutral,CT,R1,True
14759,2,2,Neutral,CT,R1,True
14793,1,1,Neutral,CT,R1,True
14796,2,2,Neutral,CT,R1,True
14818,1,1,Neutral,CT,R1,True
14845,2,2,Neutral,CT,R1,True
14858,2,2,Neutral,CT,R1,True
14868,1,1,Neutral,CT,R1,True
14900,1,1,Neutral,CT,R1,True
14932,2,2,Neutral,CT,R1,True
14970,2,2,Neutral,CT,R1,True
14988,2,2,Neutral,CT,R1,True
15035,1,1,Neutral,CT,R1,True
15066,2,2,Neutral,CT,R1,True
15133,2,2,Neutral,CT,R1,True
15176,2,2,Neutral,CT,R1,True
15189,1,1,Neutral,CT,R1,True
15254,1,1,Neutral,CT,R1,True
15290,1,1,Neutral,CT,R1,True
15363,2,2,Neutral,CT,R1,True
15452,2,2,Neutral,CT,R1,True
15473,2,2,Neutral,CT,R1,True
15535,2,2,Neutral,CT,R1,True
15538,1,2,Neutral,CT,R1,False
15555,1,1,Neutral,CT,R1,True
15585,1,2,Neutral,CT,R1,False
15614,2,2,Neutral,CT,R1,True
15620,2,2,Neutral,CT,R1,True
15693,1,1,Neutral,CT,R1,True
15735,1,1,Neutral,CT,R1,True
15799,2,2,Neutral,CT,R1,True
15810,2,2,Neutral,CT,R1,True
15883,1,1,Neutral,CT,R1,True
15894,2,2,Neutral,CT,R1,True
15938,1,1,Neutral,CT,R1,True
15980,2,2,Neutral,CT,R1,True
16114,1,1,Neutral,CT,R1,True
16120,1,1,Neutral,CT,R1,True
16174,1,1,Neutral,CT,R1,True
16212,2,2,Neutral,CT,R1,True
16213,1,1,Neutral,CT,R1,True
16230,1,1,Neutral,CT,R1,True
16264,1,1,Neutral,CT,R1,True
16339,1,1,Neutral,CT,R1,True
16355,2,2,Neutral,CT,R1,True
16386,1,2,Neutral,CT,R1,False
16398,1,1,Neutral,CT,R1,True
16457,2,2,Neutral,CT,R1,True
16521,2,2,Neutral,CT,R1,True
16572,1,1,Neutral,CT,R1,True
16600,1,1,Neutral,CT,R1,True
16614,1,1,Neutral,CT,R1,True
16642,1,1,Neutral,CT,R1,True
16731,1,1,Neutral,CT,R1,True
16801,2,2,Neutral,CT,R1,True
16845,1,1,Neutral,CT,R1,True
16858,2,2,Neutral,CT,R1,True
16891,1,1,Neutral,CT,R1,True
16903,1,1,Neutral,CT,R1,True
16977,1,1,Neutral,CT,R1,True
17002,2,2,Neutral,CT,R1,True
17048,1,1,Neutral,CT,R1,True
17079,2,2,Neutral,CT,R1,True
17082,2,2,Neutral,CT,R1,True
17121,2,2,Neutral,CT,R1,True
17212,1,1,Neutral,CT,R1,True
17227,1,1,Neutral,CT,R1,True
17241,2,2,Neutral,CT,R1,True
17322,1,1,Neutral,CT,R1,True
17355,2,2,Neutral,CT,R1,True
17361,1,1,Neutral,CT,R1,True
17364,2,2,Neutral,CT,R1,True
17386,2,2,Neutral,CT,R1,True
17455,1,1,Neutral,CT,R1,True
17468,1,1,Neutral,CT,R1,True
17475,1,1,Neutral,CT,R1,True
17553,1,1,Neutral,CT,R1,True
17585,2,2,Neutral,CT,R1,True
17693,1,1,Neutral,CT,R1,True
17744,2,2,Neutral,CT,R1,True
17746,2,2,Neutral,CT,R1,True
17792,1,1,Neutral,CT,R1,True
17806,2,2,Neutral,CT,R1,True
17841,2,2,Neutral,CT,R1,True
17877,1,1,Neutral,CT,R1,True
17885,2,2,Neutral,CT,R1,True
17963,2,2,Neutral,CT,R1,True
18290,1,1,Neutral,CT,R1,True
18337,1,1,Neutral,CT,R1,True
18550,2,2,Neutral,CT,R1,True
18553,2,2,Neutral,CT,R1,True
18597,2,2,Neutral,CT,R1,True
18613,2,2,Neutral,CT,R1,True
18630,2,2,Neutral,CT,R1,True
18631,1,1,Neutral,CT,R1,True
18643,1,1,Neutral,CT,R1,True
18652,1,1,Neutral,CT,R1,True
18656,2,2,Neutral,CT,R1,True
18670,1,1,Neutral,CT,R1,True
18805,2,2,Neutral,CT,R1,True
18806,1,1,Neutral,CT,R1,True
18820,1,1,Neutral,CT,R1,True
18839,2,2,Neutral,CT,R1,True
18874,1,1,Neutral,CT,R1,True
18886,1,1,Neutral,CT,R1,True
18961,2,2,Neutral,CT,R1,True
18998,2,2,Neutral,CT,R1,True
19036,2,2,Neutral,CT,R1,True
19045,2,2,Neutral,CT,R1,True
19164,1,1,Neutral,CT,R1,True
19267,2,2,Neutral,CT,R1,True
19295,1,1,Neutral,CT,R1,True
19331,2,2,Neutral,CT,R1,True
19341,1,1,Neutral,CT,R1,True
19383,1,1,Neutral,CT,R1,True
19385,2,2,Neutral,CT,R1,True
19395,2,2,Neutral,CT,R1,True
19486,2,2,Neutral,CT,R1,True
19496,2,2,Neutral,CT,R1,True
19519,2,2,Neutral,CT,R1,True
19532,1,1,Neutral,CT,R1,True
19538,1,1,Neutral,CT,R1,True
19599,1,1,Neutral,CT,R1,True
19643,1,1,Neutral,CT,R1,True
19686,1,1,Neutral,CT,R1,True
19738,1,1,Neutral,CT,R1,True
19794,1,1,Neutral,CT,R1,True
19826,2,2,Neutral,CT,R1,True
19830,2,2,Neutral,CT,R1,True
19839,2,2,Neutral,CT,R1,True
19854,2,2,Neutral,CT,R1,True
19900,2,2,Neutral,CT,R1,True
19915,1,1,Neutral,CT,R1,True
19967,1,1,Neutral,CT,R1,True
19968,2,2,Neutral,CT,R1,True
20031,1,1,Neutral,CT,R1,True
20132,2,2,Neutral,CT,R1,True
20184,1,1,Neutral,CT,R1,True
20195,1,1,Neutral,CT,R1,True
20299,2,2,Neutral,CT,R1,True
20338,2,2,Neutral,CT,R1,True
20351,1,1,Neutral,CT,R1,True
20380,2,2,Neutral,CT,R1,True
20420,1,1,Neutral,CT,R1,True
20422,1,1,Neutral,CT,R1,True
20431,1,1,Neutral,CT,R1,True
20443,1,1,Neutral,CT,R1,True
20446,2,2,Neutral,CT,R1,True
20465,1,1,Neutral,CT,R1,True
20467,1,1,Neutral,CT,R1,True
20504,2,2,Neutral,CT,R1,True
20528,1,1,Neutral,CT,R1,True
20542,1,1,Neutral,CT,R1,True
20549,1,1,Neutral,CT,R1,True
20609,1,1,Neutral,CT,R1,True
20666,1,1,Neutral,CT,R1,True
20677,1,1,Neutral,CT,R1,True
20685,2,2,Neutral,CT,R1,True
20716,2,2,Neutral,CT,R1,True
20839,2,2,Neutral,CT,R1,True
20853,1,1,Neutral,CT,R1,True
20869,2,2,Neutral,CT,R1,True
20890,2,2,Neutral,CT,R1,True
20964,1,1,Neutral,CT,R1,True
20971,2,2,Neutral,CT,R1,True
21051,2,2,Neutral,CT,R1,True
21067,2,2,Neutral,CT,R1,True
21074,1,1,Neutral,CT,R1,True
21098,2,2,Neutral,CT,R1,True
21130,2,2,Neutral,CT,R1,True
21158,1,1,Neutral,CT,R1,True
21165,1,1,Neutral,CT,R1,True
21167,1,1,Neutral,CT,R1,True
21173,1,1,Neutral,CT,R1,True
21180,2,2,Neutral,CT,R1,True
21203,2,2,Neutral,CT,R1,True
21210,1,1,Neutral,CT,R1,True
21399,1,1,Neutral,CT,R1,True
21509,2,2,Neutral,CT,R1,True
21544,2,2,Neutral,CT,R1,True
21598,2,2,Neutral,CT,R1,True
21606,2,2,Neutral,CT,R1,True
21629,1,1,Neutral,CT,R1,True
21630,2,2,Neutral,CT,R1,True
21666,2,2,Neutral,CT,R1,True
21691,1,1,Neutral,CT,R1,True
21847,2,2,Neutral,CT,R1,True
21976,1,1,Neutral,CT,R1,True
21987,2,2,Neutral,CT,R1,True
22043,2,2,Neutral,CT,R1,True
22052,1,1,Neutral,CT,R1,True
22065,1,1,Neutral,CT,R1,True
22066,2,2,Neutral,CT,R1,True
22126,2,2,Neutral,CT,R1,True
22166,2,2,Neutral,CT,R1,True
22184,2,2,Neutral,CT,R1,True
22194,2,2,Neutral,CT,R1,True
22266,1,1,Neutral,CT,R1,True
22314,2,2,Neutral,CT,R1,True
22467,2,2,Neutral,CT,R1,True
22679,1,1,Neutral,CT,R1,True
22707,2,2,Neutral,CT,R1,True
22767,2,2,Neutral,CT,R1,True
22770,1,1,Neutral,CT,R1,True
22814,1,1,Neutral,CT,R1,True
22819,2,2,Neutral,CT,R1,True
22849,2,2,Neutral,CT,R1,True
22966,2,2,Neutral,CT,R1,True
23023,1,1,Neutral,CT,R1,True
23052,1,1,Neutral,CT,R1,True
23089,1,1,Neutral,CT,R1,True
23104,2,2,Neutral,CT,R1,True
23128,1,1,Neutral,CT,R1,True
23200,1,1,Neutral,CT,R1,True
23313,2,2,Neutral,CT,R1,True
23322,1,1,Neutral,CT,R1,True
23323,1,1,Neutral,CT,R1,True
23404,2,2,Neutral,CT,R1,True
23415,2,2,Neutral,CT,R1,True
23440,2,2,Neutral,CT,R1,True
23453,2,2,Neutral,CT,R1,True
23505,1,1,Neutral,CT,R1,True
23514,2,2,Neutral,CT,R1,True
23524,1,1,Neutral,CT,R1,True
23530,2,2,Neutral,CT,R1,True
23574,1,1,Neutral,CT,R1,True
23584,1,1,Neutral,CT,R1,True
23605,1,1,Neutral,CT,R1,True
23620,2,2,Neutral,CT,R1,True
23648,2,2,Neutral,CT,R1,True
23699,2,2,Neutral,CT,R1,True
23713,2,2,Neutral,CT,R1,True
23779,1,1,Neutral,CT,R1,True
23871,1,1,Neutral,CT,R1,True
23873,1,1,Neutral,CT,R1,True
24163,1,1,Neutral,CT,R1,True
24174,2,2,Neutral,CT,R1,True
24291,2,2,Neutral,CT,R1,True
24304,1,1,Neutral,CT,R1,True
24334,2,2,Neutral,CT,R1,True
24405,2,2,Neutral,CT,R1,True
24408,1,1,Neutral,CT,R1,True
24500,2,2,Neutral,CT,R1,True
24502,2,2,Neutral,CT,R1,True
24541,2,2,Neutral,CT,R1,True
24573,1,1,Neutral,CT,R1,True
24577,1,1,Neutral,CT,R1,True
24637,2,2,Neutral,CT,R1,True
24673,2,2,Neutral,CT,R1,True
24706,1,1,Neutral,CT,R1,True
24740,2,2,Neutral,CT,R1,True
24774,2,2,Neutral,CT,R1,True
24836,1,1,Neutral,CT,R1,True
24902,2,2,Neutral,CT,R1,True
24959,2,2,Neutral,CT,R1,True
24975,1,1,Neutral,CT,R1,True
24995,1,1,Neutral,CT,R1,True
25109,2,2,Neutral,CT,R1,True
25137,1,1,Neutral,CT,R1,True
25155,1,1,Neutral,CT,R1,True
25239,2,2,Neutral,CT,R1,True
25270,1,1,Neutral,CT,R1,True
25302,2,2,Neutral,CT,R1,True
25337,1,1,Neutral,CT,R1,True
25369,2,2,Neutral,CT,R1,True
25380,2,1,Neutral,CT,R1,False
25416,1,1,Neutral,CT,R1,True
25435,1,1,Neutral,CT,R1,True
25447,1,1,Neutral,CT,R1,True
25448,2,2,Neutral,CT,R1,True
25471,2,2,Neutral,CT,R1,True
25523,2,2,Neutral,CT,R1,True
25591,1,1,Neutral,CT,R1,True
25650,1,1,Neutral,CT,R1,True
25868,1,1,Neutral,CT,R1,True
25990,2,2,Neutral,CT,R1,True
26032,1,1,Neutral,CT,R1,True
26129,2,2,Neutral,CT,R1,True
26161,1,2,Neutral,CT,R1,False
26211,2,2,Neutral,CT,R1,True
26281,2,2,Neutral,CT,R1,True
26287,2,2,Neutral,CT,R1,True
26292,1,1,Neutral,CT,R1,True
26321,2,2,Neutral,CT,R1,True
26337,1,1,Neutral,CT,R1,True
26480,2,2,Neutral,CT,R1,True
26492,2,2,Neutral,CT,R1,True
26528,1,1,Neutral,CT,R1,True
26556,1,1,Neutral,CT,R1,True
26575,2,2,Neutral,CT,R1,True
26678,2,2,Neutral,CT,R1,True
26714,2,2,Neutral,CT,R1,True
26831,1,1,Neutral,CT,R1,True
26865,2,2,Neutral,CT,R1,True
26878,2,2,Neutral,CT,R1,True
26995,1,1,Neutral,CT,R1,True
27029,1,1,Neutral,CT,R1,True
27088,1,1,Neutral,CT,R1,True
27101,1,1,Neutral,CT,R1,True
27395,2,2,Neutral,CT,R1,True
27431,2,2,Neutral,CT,R1,True
27497,1,1,Neutral,CT,R1,True
27524,2,2,Neutral,CT,R1,True
27558,2,2,Neutral,CT,R1,True
27668,2,2,Neutral,CT,R1,True
27688,2,2,Neutral,CT,R1,True
27740,2,2,Neutral,CT,R1,True
27786,2,2,Neutral,CT,R1,True
27828,2,2,Neutral,CT,R1,True
27904,2,2,Neutral,CT,R1,True
27910,2,2,Neutral,CT,R1,True
27911,2,2,Neutral,CT,R1,True
28019,1,1,Neutral,CT,R1,True
28051,2,2,Neutral,CT,R1,True
28057,1,2,Neutral,CT,R1,False
28067,2,2,Neutral,CT,R1,True
28114,2,2,Neutral,CT,R1,True
28222,2,2,Neutral,CT,R1,True
28262,2,2,Neutral,CT,R1,True
28271,1,1,Neutral,CT,R1,True
28341,1,1,Neutral,CT,R1,True
28365,2,2,Neutral,CT,R1,True
28463,2,2,Neutral,CT,R1,True
28490,1,1,Neutral,CT,R1,True
28550,2,2,Neutral,CT,R1,True
28574,2,2,Neutral,CT,R1,True
28656,2,2,Neutral,CT,R1,True
28674,2,2,Neutral,CT,R1,True
28728,1,1,Neutral,CT,R1,True
28789,2,2,Neutral,CT,R1,True
28814,2,2,Neutral,CT,R1,True
28822,2,2,Neutral,CT,R1,True
28963,1,1,Neutral,CT,R1,True
29070,2,2,Neutral,CT,R1,True
29105,2,2,Neutral,CT,R1,True
29132,1,1,Neutral,CT,R1,True
29144,1,1,Neutral,CT,R1,True
29243,2,2,Neutral,CT,R1,True
29385,1,1,Neutral,CT,R1,True
29417,2,2,Neutral,CT,R1,True
29454,2,2,Neutral,CT,R1,True
29484,2,2,Neutral,CT,R1,True
29629,1,1,Neutral,CT,R1,True
29644,1,1,Neutral,CT,R1,True
29768,1,1,Neutral,CT,R1,True
29880,1,1,Neutral,CT,R1,True
29903,1,1,Neutral,CT,R1,True
29912,1,1,Neutral,CT,R1,True
30052,1,1,Neutral,CT,R1,True
30118,1,1,Neutral,CT,R1,True
30137,2,2,Neutral,CT,R1,True
30143,1,1,Neutral,CT,R1,True
30180,1,1,Neutral,CT,R1,True
30259,1,1,Neutral,CT,R1,True
30273,2,2,Neutral,CT,R1,True
30285,2,2,Neutral,CT,R1,True
30328,1,1,Neutral,CT,R1,True
30329,1,1,Neutral,CT,R1,True
30336,2,2,Neutral,CT,R1,True
30340,1,1,Neutral,CT,R1,True
30367,2,2,Neutral,CT,R1,True
30457,2,2,Neutral,CT,R1,True
30514,1,1,Neutral,CT,R1,True
30544,1,1,Neutral,CT,R1,True
30694,2,2,Neutral,CT,R1,True
30701,2,2,Neutral,CT,R1,True
30710,2,2,Neutral,CT,R1,True
30794,2,2,Neutral,CT,R1,True
30807,2,2,Neutral,CT,R1,True
30825,2,2,Neutral,CT,R1,True
30846,1,1,Neutral,CT,R1,True
30856,2,2,Neutral,CT,R1,True
30872,2,2,Neutral,CT,R1,True
30880,1,1,Neutral,CT,R1,True
30899,1,1,Neutral,CT,R1,True
30922,2,2,Neutral,CT,R1,True
30936,2,2,Neutral,CT,R1,True
31029,1,1,Neutral,CT,R1,True
31060,1,1,Neutral,CT,R1,True
31081,2,2,Neutral,CT,R1,True
31089,1,1,Neutral,CT,R1,True
31128,2,1,Neutral,CT,R1,False
31129,2,2,Neutral,CT,R1,True
31138,1,1,Neutral,CT,R1,True
31148,1,1,Neutral,CT,R1,True
31247,1,1,Neutral,CT,R1,True
31266,2,2,Neutral,CT,R1,True
31350,2,2,Neutral,CT,R1,True
31386,2,2,Neutral,CT,R1,True
31470,2,2,Neutral,CT,R1,True
31483,2,2,Neutral,CT,R1,True
31568,2,1,Neutral,CT,R1,False
31597,1,1,Neutral,CT,R1,True
31622,1,1,Neutral,CT,R1,True
31628,1,1,Neutral,CT,R1,True
31634,2,1,Neutral,CT,R1,False
31665,1,1,Neutral,CT,R1,True
31720,1,1,Neutral,CT,R1,True
31728,1,1,Neutral,CT,R1,True
31754,2,1,Neutral,CT,R1,False
31883,2,2,Neutral,CT,R1,True
31907,2,2,Neutral,CT,R1,True
32003,2,2,Neutral,CT,R1,True
32090,1,1,Neutral,CT,R1,True
32112,2,2,Neutral,CT,R1,True
32116,2,2,Neutral,CT,R1,True
32131,2,2,Neutral,CT,R1,True
32167,2,2,Neutral,CT,R1,True
32177,2,2,Neutral,CT,R1,True
32263,2,2,Neutral,CT,R1,True
32265,1,1,Neutral,CT,R1,True
32323,2,2,Neutral,CT,R1,True
32372,1,1,Neutral,CT,R1,True
32463,2,2,Neutral,CT,R1,True
32518,1,1,Neutral,CT,R1,True
32572,2,2,Neutral,CT,R1,True
32638,1,1,Neutral,CT,R1,True
32679,1,1,Neutral,CT,R1,True
32722,2,2,Neutral,CT,R1,True
32747,1,1,Neutral,CT,R1,True
32753,2,2,Neutral,CT,R1,True
32785,1,1,Neutral,CT,R1,True
32872,2,2,Neutral,CT,R1,True
32894,1,1,Neutral,CT,R1,True
32963,2,1,Neutral,CT,R1,False
32972,2,2,Neutral,CT,R1,True
33067,2,2,Neutral,CT,R1,True
33126,2,2,Neutral,CT,R1,True
33141,2,2,Neutral,CT,R1,True
33154,1,1,Neutral,CT,R1,True
33212,1,1,Neutral,CT,R1,True
33262,2,2,Neutral,CT,R1,True
33291,2,2,Neutral,CT,R1,True
33390,1,1,Neutral,CT,R1,True
33470,1,1,Neutral,CT,R1,True
33504,1,1,Neutral,CT,R1,True
33618,2,2,Neutral,CT,R1,True
33649,1,1,Neutral,CT,R1,True
33743,2,2,Neutral,CT,R1,True
33765,2,2,Neutral,CT,R1,True
33806,2,1,Neutral,CT,R1,False
33808,2,2,Neutral,CT,R1,True
33856,1,1,Neutral,CT,R1,True
33859,2,2,Neutral,CT,R1,True
33890,2,2,Neutral,CT,R1,True
33940,1,1,Neutral,CT,R1,True
33961,1,1,Neutral,CT,R1,True
33962,2,2,Neutral,CT,R1,True
33986,1,1,Neutral,CT,R1,True
34029,2,2,Neutral,CT,R1,True
34084,1,1,Neutral,CT,R1,True
34125,2,2,Neutral,CT,R1,True
34143,2,2,Neutral,CT,R1,True
34171,1,1,Neutral,CT,R1,True
34215,2,2,Neutral,CT,R1,True
34276,1,1,Neutral,CT,R1,True
34332,2,2,Neutral,CT,R1,True
34404,2,2,Neutral,CT,R1,True
34456,1,2,Neutral,CT,R1,False
34460,2,2,Neutral,CT,R1,True
34500,1,1,Neutral,CT,R1,True
34573,1,1,Neutral,CT,R1,True
34667,2,2,Neutral,CT,R1,True
34714,2,2,Neutral,CT,R1,True
34754,2,2,Neutral,CT,R1,True
34812,2,2,Neutral,CT,R1,True
34918,2,2,Neutral,CT,R1,True
34930,2,2,Neutral,CT,R1,True
34944,2,2,Neutral,CT,R1,True
34983,2,2,Neutral,CT,R1,True
35058,2,2,Neutral,CT,R1,True
35064,1,1,Neutral,CT,R1,True
35127,2,2,Neutral,CT,R1,True
35156,2,2,Neutral,CT,R1,True
35174,1,1,Neutral,CT,R1,True
35191,2,2,Neutral,CT,R1,True
35201,2,2,Neutral,CT,R1,True
35204,2,2,Neutral,CT,R1,True
35282,2,2,Neutral,CT,R1,True
35287,1,1,Neutral,CT,R1,True
35429,2,2,Neutral,CT,R1,True
35564,2,2,Neutral,CT,R1,True
35592,1,1,Neutral,CT,R1,True
35715,2,2,Neutral,CT,R1,True
35732,2,2,Neutral,CT,R1,True
35738,2,2,Neutral,CT,R1,True
35743,2,2,Neutral,CT,R1,True
35871,2,2,Neutral,CT,R1,True
35880,2,2,Neutral,CT,R1,True
35907,2,2,Neutral,CT,R1,True
35918,2,2,Neutral,CT,R1,True
35939,2,2,Neutral,CT,R1,True
35991,2,2,Neutral,CT,R1,True
36100,2,2,Neutral,CT,R1,True
36117,1,1,Neutral,CT,R1,True
36126,2,2,Neutral,CT,R1,True
36186,2,2,Neutral,CT,R1,True
36190,1,1,Neutral,CT,R1,True
36199,2,2,Neutral,CT,R1,True
36209,1,1,Neutral,CT,R1,True
36247,1,1,Neutral,CT,R1,True
36341,2,2,Neutral,CT,R1,True
36419,2,2,Neutral,CT,R1,True
36434,2,2,Neutral,CT,R1,True
36449,1,1,Neutral,CT,R1,True
36482,2,2,Neutral,CT,R1,True
36557,2,2,Neutral,CT,R1,True
36686,2,2,Neutral,CT,R1,True
36689,2,2,Neutral,CT,R1,True
36734,1,1,Neutral,CT,R1,True
36743,1,1,Neutral,CT,R1,True
36767,2,2,Neutral,CT,R1,True
36812,2,2,Neutral,CT,R1,True
36819,2,2,Neutral,CT,R1,True
36849,2,2,Neutral,CT,R1,True
36960,2,2,Neutral,CT,R1,True
36974,2,2,Neutral,CT,R1,True
37006,2,2,Neutral,CT,R1,True
37016,2,2,Neutral,CT,R1,True
37020,1,1,Neutral,CT,R1,True
37082,2,2,Neutral,CT,R1,True
37102,2,2,Neutral,CT,R1,True
37114,1,2,Neutral,CT,R1,False
37124,2,2,Neutral,CT,R1,True
37234,1,1,Neutral,CT,R1,True
37249,1,1,Neutral,CT,R1,True
37327,1,1,Neutral,CT,R1,True
37367,2,2,Neutral,CT,R1,True
37404,2,1,Neutral,CT,R1,False
37422,1,1,Neutral,CT,R1,True
37432,2,2,Neutral,CT,R1,True
37490,1,1,Neutral,CT,R1,True
37537,2,2,Neutral,CT,R1,True
37542,1,1,Neutral,CT,R1,True
37569,2,2,Neutral,CT,R1,True
37614,2,2,Neutral,CT,R1,True
37617,2,2,Neutral,CT,R1,True
37679,1,1,Neutral,CT,R1,True
37723,2,2,Neutral,CT,R1,True
37741,2,2,Neutral,CT,R1,True
37743,2,2,Neutral,CT,R1,True
37842,1,1,Neutral,CT,R1,True
37909,1,1,Neutral,CT,R1,True
37955,1,1,Neutral,CT,R1,True
38026,2,2,Neutral,CT,R1,True
38068,2,2,Neutral,CT,R1,True
38078,2,2,Neutral,CT,R1,True
38130,1,1,Neutral,CT,R1,True
38144,1,1,Neutral,CT,R1,True
38146,1,1,Neutral,CT,R1,True
38166,1,1,Neutral,CT,R1,True
38168,1,1,Neutral,CT,R1,True
38191,2,2,Neutral,CT,R1,True
38245,1,1,Neutral,CT,R1,True
38267,2,2,Neutral,CT,R1,True
38352,1,1,Neutral,CT,R1,True
38363,2,2,Neutral,CT,R1,True
38395,1,1,Neutral,CT,R1,True
38425,2,2,Neutral,CT,R1,True
38485,1,1,Neutral,CT,R1,True
38518,1,1,Neutral,CT,R1,True
38530,1,1,Neutral,CT,R1,True
38533,2,2,Neutral,CT,R1,True
38562,2,2,Neutral,CT,R1,True
38593,2,2,Neutral,CT,R1,True
38627,2,2,Neutral,CT,R1,True
38630,1,1,Neutral,CT,R1,True
38721,1,1,Neutral,CT,R1,True
38773,2,2,Neutral,CT,R1,True
38802,1,2,Neutral,CT,R1,False
38809,1,1,Neutral,CT,R1,True
38811,1,2,Neutral,CT,R1,False
38829,1,1,Neutral,CT,R1,True
38928,2,2,Neutral,CT,R1,True
38947,1,1,Neutral,CT,R1,True
39000,1,1,Neutral,CT,R1,True
39152,1,1,Neutral,CT,R1,True
39199,1,1,Neutral,CT,R1,True
39321,1,1,Neutral,CT,R1,True
39356,2,2,Neutral,CT,R1,True
39388,2,2,Neutral,CT,R1,True
39457,1,1,Neutral,CT,R1,True
39532,2,2,Neutral,CT,R1,True
39553,2,2,Neutral,CT,R1,True
39557,1,1,Neutral,CT,R1,True
39715,1,1,Neutral,CT,R1,True
39804,1,1,Neutral,CT,R1,True
39833,2,2,Neutral,CT,R1,True
39842,1,1,Neutral,CT,R1,True
39855,1,1,Neutral,CT,R1,True
39864,2,2,Neutral,CT,R1,True
39884,2,2,Neutral,CT,R1,True
39918,1,1,Neutral,CT,R1,True
40068,1,1,Neutral,CT,R1,True
40135,1,1,Neutral,CT,R1,True
40145,2,2,Neutral,CT,R1,True
40164,1,1,Neutral,CT,R1,True
40296,2,2,Neutral,CT,R1,True
40497,2,2,Neutral,CT,R1,True
40535,1,1,Neutral,CT,R1,True
40542,2,2,Neutral,CT,R1,True
40622,2,2,Neutral,CT,R1,True
40625,2,2,Neutral,CT,R1,True
40653,2,2,Neutral,CT,R1,True
40853,1,1,Neutral,CT,R1,True
40855,2,2,Neutral,CT,R1,True
40920,1,2,Neutral,CT,R1,False
40923,2,2,Neutral,CT,R1,True
40969,1,1,Neutral,CT,R1,True
40991,1,1,Neutral,CT,R1,True
41001,2,2,Neutral,CT,R1,True
41077,1,1,Neutral,CT,R1,True
41103,2,2,Neutral,CT,R1,True
41152,2,2,Neutral,CT,R1,True
41237,1,1,Neutral,CT,R1,True
41239,1,1,Neutral,CT,R1,True
41273,1,1,Neutral,CT,R1,True
41360,2,2,Neutral,CT,R1,True
41368,1,1,Neutral,CT,R1,True
41416,1,1,Neutral,CT,R1,True
41472,1,1,Neutral,CT,R1,True
41581,2,2,Neutral,CT,R1,True
41636,1,1,Neutral,CT,R1,True
41704,1,1,Neutral,CT,R1,True
41829,1,2,Neutral,CT,R1,False
41836,1,1,Neutral,CT,R1,True
41906,2,2,Neutral,CT,R1,True
41973,2,2,Neutral,CT,R1,True
42006,2,2,Neutral,CT,R1,True
42040,1,1,Neutral,CT,R1,True
42067,1,1,Neutral,CT,R1,True
42086,2,2,Neutral,CT,R1,True
42112,2,2,Neutral,CT,R1,True
42166,2,2,Neutral,CT,R1,True
42185,2,2,Neutral,CT,R1,True
42228,2,2,Neutral,CT,R1,True
42330,1,1,Neutral,CT,R1,True
42344,2,2,Neutral,CT,R1,True
42391,2,2,Neutral,CT,R1,True
42468,2,2,Neutral,CT,R1,True
42520,2,2,Neutral,CT,R1,True
42521,1,1,Neutral,CT,R1,True
42568,1,1,Neutral,CT,R1,True
42572,2,2,Neutral,CT,R1,True
42585,1,1,Neutral,CT,R1,True
42609,2,2,Neutral,CT,R1,True
42714,2,2,Neutral,CT,R1,True
42860,2,2,Neutral,CT,R1,True
42886,2,2,Neutral,CT,R1,True
42922,2,2,Neutral,CT,R1,True
43070,2,2,Neutral,CT,R1,True
43285,1,1,Neutral,CT,R1,True
43295,2,2,Neutral,CT,R1,True
43350,2,2,Neutral,CT,R1,True
43486,1,1,Neutral,CT,R1,True
43526,2,2,Neutral,CT,R1,True
43621,2,2,Neutral,CT,R1,True
43668,2,2,Neutral,CT,R1,True
43764,2,2,Neutral,CT,R1,True
43800,1,1,Neutral,CT,R1,True
43811,2,2,Neutral,CT,R1,True
43878,1,1,Neutral,CT,R1,True
44064,2,2,Neutral,CT,R1,True
44147,2,2,Neutral,CT,R1,True
44167,2,2,Neutral,CT,R1,True
44178,2,2,Neutral,CT,R1,True
44313,2,2,Neutral,CT,R1,True
44380,1,1,Neutral,CT,R1,True
44400,2,2,Neutral,CT,R1,True
44415,2,2,Neutral,CT,R1,True
44430,2,2,Neutral,CT,R1,True
44444,2,2,Neutral,CT,R1,True
44458,2,2,Neutral,CT,R1,True
44479,2,2,Neutral,CT,R1,True
44628,1,1,Neutral,CT,R1,True
44682,1,1,Neutral,CT,R1,True
44812,2,2,Neutral,CT,R1,True
44887,2,2,Neutral,CT,R1,True
44967,1,1,Neutral,CT,R1,True
45012,2,2,Neutral,CT,R1,True
45024,1,1,Neutral,CT,R1,True
45075,2,2,Neutral,CT,R1,True
45117,2,2,Neutral,CT,R1,True
45137,2,2,Neutral,CT,R1,True
45175,2,2,Neutral,CT,R1,True
45184,1,1,Neutral,CT,R1,True
45190,1,1,Neutral,CT,R1,True
45337,1,1,Neutral,CT,R1,True
45340,2,2,Neutral,CT,R1,True
45390,2,2,Neutral,CT,R1,True
45470,2,2,Neutral,CT,R1,True
45492,1,1,Neutral,CT,R1,True
45529,2,2,Neutral,CT,R1,True
45544,2,2,Neutral,CT,R1,True
45784,1,1,Neutral,CT,R1,True
45800,2,2,Neutral,CT,R1,True
45811,2,2,Neutral,CT,R1,True
45837,1,1,Neutral,CT,R1,True
45857,2,2,Neutral,CT,R1,True
45893,2,2,Neutral,CT,R1,True
45919,1,1,Neutral,CT,R1,True
45938,2,2,Neutral,CT,R1,True
45983,2,2,Neutral,CT,R1,True
45985,1,1,Neutral,CT,R1,True
46132,1,1,Neutral,CT,R1,True
46147,1,1,Neutral,CT,R1,True
46160,1,1,Neutral,CT,R1,True
46346,1,1,Neutral,CT,R1,True
46371,1,1,Neutral,CT,R1,True
46372,2,2,Neutral,CT,R1,True
46555,2,2,Neutral,CT,R1,True
46569,2,2,Neutral,CT,R1,True
46595,2,2,Neutral,CT,R1,True
46674,1,1,Neutral,CT,R1,True
46707,2,2,Neutral,CT,R1,True
46710,2,2,Neutral,CT,R1,True
46751,2,2,Neutral,CT,R1,True
46756,1,1,Neutral,CT,R1,True
46758,2,2,Neutral,CT,R1,True
46810,2,2,Neutral,CT,R1,True
46859,2,2,Neutral,CT,R1,True
46880,1,1,Neutral,CT,R1,True
46894,2,2,Neutral,CT,R1,True
46969,2,2,Neutral,CT,R1,True
47024,1,2,Neutral,CT,R1,False
47060,2,2,Neutral,CT,R1,True
47065,1,1,Neutral,CT,R1,True
47097,1,1,Neutral,CT,R1,True
47139,2,2,Neutral,CT,R1,True
47169,2,2,Neutral,CT,R1,True
47216,2,2,Neutral,CT,R1,True
47246,2,2,Neutral,CT,R1,True
47249,2,2,Neutral,CT,R1,True
47362,1,1,Neutral,CT,R1,True
47371,1,1,Neutral,CT,R1,True
47560,1,1,Neutral,CT,R1,True
47619,2,2,Neutral,CT,R1,True
47632,1,1,Neutral,CT,R1,True
47865,2,2,Neutral,CT,R1,True
47886,2,2,Neutral,CT,R1,True
48180,2,2,Neutral,CT,R1,True
48182,1,1,Neutral,CT,R1,True
48217,2,2,Neutral,CT,R1,True
48246,1,1,Neutral,CT,R1,True
48295,2,2,Neutral,CT,R1,True
48329,1,1,Neutral,CT,R1,True
48355,2,2,Neutral,CT,R1,True
48359,1,1,Neutral,CT,R1,True
48441,2,2,Neutral,CT,R1,True
48449,2,2,Neutral,CT,R1,True
48506,2,2,Neutral,CT,R1,True
48538,1,2,Neutral,CT,R1,False
48541,1,1,Neutral,CT,R1,True
48562,2,2,Neutral,CT,R1,True
48563,2,2,Neutral,CT,R1,True
48587,1,1,Neutral,CT,R1,True
48607,2,2,Neutral,CT,R1,True
48618,1,1,Neutral,CT,R1,True
48722,2,2,Neutral,CT,R1,True
48728,1,1,Neutral,CT,R1,True
48859,2,2,Neutral,CT,R1,True
48898,1,1,Neutral,CT,R1,True
48976,2,2,Neutral,CT,R1,True
49004,1,1,Neutral,CT,R1,True
49029,1,1,Neutral,CT,R1,True
49047,1,1,Neutral,CT,R1,True
49052,1,1,Neutral,CT,R1,True
49095,1,1,Neutral,CT,R1,True
49132,1,1,Neutral,CT,R1,True
49146,1,1,Neutral,CT,R1,True
49182,2,2,Neutral,CT,R1,True
49189,1,1,Neutral,CT,R1,True
49213,1,1,Neutral,CT,R1,True
49228,1,1,Neutral,CT,R1,True
49242,2,2,Neutral,CT,R1,True
49325,1,1,Neutral,CT,R1,True
49400,2,2,Neutral,CT,R1,True
49460,1,1,Neutral,CT,R1,True
49550,2,2,Neutral,CT,R1,True
49700,1,1,Neutral,CT,R1,True
49737,1,1,Neutral,CT,R1,True
49765,2,2,Neutral,CT,R1,True
49777,1,2,Neutral,CT,R1,False
49804,2,2,Neutral,CT,R1,True
49855,2,2,Neutral,CT,R1,True
49870,2,2,Neutral,CT,R1,True
49943,2,2,Neutral,CT,R1,True
49950,2,2,Neutral,CT,R1,True
49959,2,2,Neutral,CT,R1,True
49971,1,1,Neutral,CT,R1,True
55,1,1,Neutral,CT,V3,True
107,2,2,Neutral,CT,V3,True
176,1,1,Neutral,CT,V3,True
257,1,1,Neutral,CT,V3,True
283,2,2,Neutral,CT,V3,True
284,2,2,Neutral,CT,V3,True
287,1,1,Neutral,CT,V3,True
310,2,2,Neutral,CT,V3,True
379,2,2,Neutral,CT,V3,True
393,2,2,Neutral,CT,V3,True
405,2,2,Neutral,CT,V3,True
423,1,2,Neutral,CT,V3,False
450,2,2,Neutral,CT,V3,True
504,2,2,Neutral,CT,V3,True
545,1,1,Neutral,CT,V3,True
626,2,2,Neutral,CT,V3,True
715,2,2,Neutral,CT,V3,True
722,1,1,Neutral,CT,V3,True
793,2,2,Neutral,CT,V3,True
804,2,2,Neutral,CT,V3,True
813,2,2,Neutral,CT,V3,True
856,2,2,Neutral,CT,V3,True
893,2,2,Neutral,CT,V3,True
922,1,1,Neutral,CT,V3,True
1029,2,2,Neutral,CT,V3,True
1057,2,1,Neutral,CT,V3,False
1106,1,1,Neutral,CT,V3,True
1199,1,1,Neutral,CT,V3,True
1200,2,2,Neutral,CT,V3,True
1205,2,2,Neutral,CT,V3,True
1227,1,2,Neutral,CT,V3,False
1261,2,2,Neutral,CT,V3,True
1285,1,1,Neutral,CT,V3,True
1290,1,1,Neutral,CT,V3,True
1347,1,1,Neutral,CT,V3,True
1352,1,2,Neutral,CT,V3,False
1363,2,2,Neutral,CT,V3,True
1421,1,1,Neutral,CT,V3,True
1434,2,1,Neutral,CT,V3,False
1481,1,1,Neutral,CT,V3,True
1552,1,1,Neutral,CT,V3,True
1573,1,1,Neutral,CT,V3,True
1656,2,2,Neutral,CT,V3,True
1687,1,1,Neutral,CT,V3,True
1707,2,2,Neutral,CT,V3,True
1735,2,2,Neutral,CT,V3,True
1755,2,2,Neutral,CT,V3,True
1814,2,2,Neutral,CT,V3,True
1819,2,2,Neutral,CT,V3,True
1822,1,1,Neutral,CT,V3,True
1823,1,1,Neutral,CT,V3,True
1862,1,1,Neutral,CT,V3,True
2004,2,2,Neutral,CT,V3,True
2039,2,2,Neutral,CT,V3,True
2055,1,1,Neutral,CT,V3,True
2068,2,2,Neutral,CT,V3,True
2081,1,1,Neutral,CT,V3,True
2155,2,2,Neutral,CT,V3,True
2221,2,2,Neutral,CT,V3,True
2288,2,2,Neutral,CT,V3,True
2375,2,2,Neutral,CT,V3,True
2379,1,1,Neutral,CT,V3,True
2426,2,2,Neutral,CT,V3,True
2584,2,2,Neutral,CT,V3,True
2599,2,2,Neutral,CT,V3,True
2600,1,1,Neutral,CT,V3,True
2732,2,2,Neutral,CT,V3,True
2844,1,1,Neutral,CT,V3,True
2891,2,2,Neutral,CT,V3,True
2932,2,2,Neutral,CT,V3,True
3056,1,1,Neutral,CT,V3,True
3102,1,1,Neutral,CT,V3,True
3191,1,1,Neutral,CT,V3,True
3297,1,1,Neutral,CT,V3,True
3363,1,1,Neutral,CT,V3,True
3367,2,2,Neutral,CT,V3,True
3400,1,1,Neutral,CT,V3,True
3418,1,1,Neutral,CT,V3,True
3429,2,2,Neutral,CT,V3,True
3440,1,1,Neutral,CT,V3,True
3512,1,2,Neutral,CT,V3,False
3524,1,1,Neutral,CT,V3,True
3567,1,1,Neutral,CT,V3,True
3631,2,2,Neutral,CT,V3,True
3811,2,1,Neutral,CT,V3,False
3824,1,1,Neutral,CT,V3,True
3867,1,1,Neutral,CT,V3,True
3929,2,2,Neutral,CT,V3,True
3954,2,2,Neutral,CT,V3,True
3971,2,2,Neutral,CT,V3,True
3979,2,2,Neutral,CT,V3,True
4011,2,2,Neutral,CT,V3,True
4017,1,1,Neutral,CT,V3,True
4066,2,2,Neutral,CT,V3,True
4087,2,2,Neutral,CT,V3,True
4153,2,2,Neutral,CT,V3,True
4182,2,2,Neutral,CT,V3,True
4187,1,1,Neutral,CT,V3,True
4207,1,1,Neutral,CT,V3,True
4211,1,1,Neutral,CT,V3,True
4303,1,1,Neutral,CT,V3,True
4314,1,1,Neutral,CT,V3,True
4339,2,2,Neutral,CT,V3,True
4348,2,2,Neutral,CT,V3,True
4447,1,1,Neutral,CT,V3,True
4462,1,1,Neutral,CT,V3,True
4591,1,1,Neutral,CT,V3,True
4624,2,2,Neutral,CT,V3,True
4651,2,2,Neutral,CT,V3,True
4652,1,1,Neutral,CT,V3,True
4663,1,1,Neutral,CT,V3,True
4706,2,2,Neutral,CT,V3,True
4716,1,1,Neutral,CT,V3,True
4744,2,2,Neutral,CT,V3,True
4767,1,1,Neutral,CT,V3,True
4795,1,1,Neutral,CT,V3,True
4812,2,2,Neutral,CT,V3,True
4827,2,2,Neutral,CT,V3,True
4829,2,2,Neutral,CT,V3,True
4851,2,2,Neutral,CT,V3,True
4856,2,2,Neutral,CT,V3,True
4865,2,2,Neutral,CT,V3,True
4871,1,1,Neutral,CT,V3,True
4927,2,2,Neutral,CT,V3,True
4937,1,1,Neutral,CT,V3,True
5009,1,1,Neutral,CT,V3,True
5024,1,1,Neutral,CT,V3,True
5070,1,1,Neutral,CT,V3,True
5086,2,2,Neutral,CT,V3,True
5105,2,2,Neutral,CT,V3,True
5119,1,1,Neutral,CT,V3,True
5120,2,2,Neutral,CT,V3,True
5159,1,2,Neutral,CT,V3,False
5406,1,1,Neutral,CT,V3,True
5424,2,2,Neutral,CT,V3,True
5499,1,1,Neutral,CT,V3,True
5570,1,1,Neutral,CT,V3,True
5586,2,1,Neutral,CT,V3,False
5619,2,2,Neutral,CT,V3,True
5651,1,1,Neutral,CT,V3,True
5741,1,1,Neutral,CT,V3,True
5797,2,2,Neutral,CT,V3,True
5824,2,2,Neutral,CT,V3,True
5829,1,1,Neutral,CT,V3,True
5834,2,1,Neutral,CT,V3,False
5906,2,2,Neutral,CT,V3,True
5938,2,1,Neutral,CT,V3,False
5957,2,2,Neutral,CT,V3,True
5998,2,2,Neutral,CT,V3,True
6010,2,2,Neutral,CT,V3,True
6059,2,2,Neutral,CT,V3,True
6111,1,1,Neutral,CT,V3,True
6137,1,1,Neutral,CT,V3,True
6156,1,1,Neutral,CT,V3,True
6252,1,1,Neutral,CT,V3,True
6253,2,2,Neutral,CT,V3,True
6255,2,2,Neutral,CT,V3,True
6295,1,1,Neutral,CT,V3,True
6347,1,1,Neutral,CT,V3,True
6374,1,1,Neutral,CT,V3,True
6452,1,1,Neutral,CT,V3,True
6465,1,1,Neutral,CT,V3,True
6484,2,2,Neutral,CT,V3,True
6488,2,2,Neutral,CT,V3,True
6519,2,2,Neutral,CT,V3,True
6527,2,2,Neutral,CT,V3,True
6595,1,1,Neutral,CT,V3,True
6631,1,1,Neutral,CT,V3,True
6692,2,1,Neutral,CT,V3,False
6715,2,2,Neutral,CT,V3,True
6728,1,1,Neutral,CT,V3,True
6756,2,2,Neutral,CT,V3,True
6812,1,1,Neutral,CT,V3,True
6824,1,1,Neutral,CT,V3,True
6826,1,1,Neutral,CT,V3,True
6842,1,1,Neutral,CT,V3,True
6867,1,1,Neutral,CT,V3,True
6899,2,2,Neutral,CT,V3,True
6965,2,2,Neutral,CT,V3,True
6977,2,2,Neutral,CT,V3,True
6991,1,1,Neutral,CT,V3,True
7001,2,2,Neutral,CT,V3,True
7004,1,1,Neutral,CT,V3,True
7070,2,2,Neutral,CT,V3,True
7096,1,1,Neutral,CT,V3,True
7099,1,1,Neutral,CT,V3,True
7194,2,2,Neutral,CT,V3,True
7220,2,2,Neutral,CT,V3,True
7235,2,2,Neutral,CT,V3,True
7313,2,2,Neutral,CT,V3,True
7387,1,1,Neutral,CT,V3,True
7407,1,1,Neutral,CT,V3,True
7430,2,2,Neutral,CT,V3,True
7439,1,1,Neutral,CT,V3,True
7451,2,2,Neutral,CT,V3,True
7498,2,2,Neutral,CT,V3,True
7550,1,1,Neutral,CT,V3,True
7553,2,2,Neutral,CT,V3,True
7555,1,1,Neutral,CT,V3,True
7581,2,2,Neutral,CT,V3,True
7599,2,2,Neutral,CT,V3,True
7654,1,1,Neutral,CT,V3,True
7687,1,1,Neutral,CT,V3,True
7723,1,1,Neutral,CT,V3,True
7832,2,2,Neutral,CT,V3,True
7887,1,1,Neutral,CT,V3,True
7894,1,1,Neutral,CT,V3,True
7966,1,1,Neutral,CT,V3,True
8015,2,2,Neutral,CT,V3,True
8033,1,1,Neutral,CT,V3,True
8139,1,1,Neutral,CT,V3,True
8217,2,2,Neutral,CT,V3,True
8268,1,1,Neutral,CT,V3,True
8339,1,1,Neutral,CT,V3,True
8366,2,2,Neutral,CT,V3,True
8444,1,1,Neutral,CT,V3,True
8580,2,2,Neutral,CT,V3,True
8614,1,1,Neutral,CT,V3,True
8630,2,2,Neutral,CT,V3,True
8637,2,1,Neutral,CT,V3,False
8672,1,1,Neutral,CT,V3,True
8816,2,2,Neutral,CT,V3,True
8902,2,2,Neutral,CT,V3,True
8923,2,2,Neutral,CT,V3,True
8948,1,1,Neutral,CT,V3,True
8993,1,1,Neutral,CT,V3,True
9004,1,1,Neutral,CT,V3,True
9089,2,2,Neutral,CT,V3,True
9120,1,2,Neutral,CT,V3,False
9134,2,2,Neutral,CT,V3,True
9246,2,2,Neutral,CT,V3,True
9268,1,1,Neutral,CT,V3,True
9325,1,1,Neutral,CT,V3,True
9349,2,2,Neutral,CT,V3,True
9357,2,2,Neutral,CT,V3,True
9417,1,1,Neutral,CT,V3,True
9459,1,1,Neutral,CT,V3,True
9465,1,1,Neutral,CT,V3,True
9469,2,2,Neutral,CT,V3,True
9485,1,2,Neutral,CT,V3,False
9544,1,1,Neutral,CT,V3,True
9595,1,1,Neutral,CT,V3,True
9632,2,2,Neutral,CT,V3,True
9635,2,2,Neutral,CT,V3,True
9677,2,2,Neutral,CT,V3,True
9715,1,1,Neutral,CT,V3,True
9724,2,2,Neutral,CT,V3,True
9774,2,2,Neutral,CT,V3,True
9796,1,1,Neutral,CT,V3,True
9892,2,2,Neutral,CT,V3,True
9899,1,1,Neutral,CT,V3,True
9907,2,2,Neutral,CT,V3,True
9934,1,1,Neutral,CT,V3,True
9987,1,1,Neutral,CT,V3,True
10022,1,1,Neutral,CT,V3,True
10156,1,1,Neutral,CT,V3,True
10163,1,1,Neutral,CT,V3,True
10174,1,1,Neutral,CT,V3,True
10187,1,1,Neutral,CT,V3,True
10189,2,2,Neutral,CT,V3,True
10210,1,1,Neutral,CT,V3,True
10301,1,2,Neutral,CT,V3,False
10328,1,1,Neutral,CT,V3,True
10330,2,2,Neutral,CT,V3,True
10375,1,1,Neutral,CT,V3,True
10423,2,2,Neutral,CT,V3,True
10434,1,1,Neutral,CT,V3,True
10450,2,2,Neutral,CT,V3,True
10566,2,2,Neutral,CT,V3,True
10610,2,2,Neutral,CT,V3,True
10621,1,1,Neutral,CT,V3,True
10626,2,2,Neutral,CT,V3,True
10634,2,2,Neutral,CT,V3,True
10771,2,2,Neutral,CT,V3,True
10803,2,2,Neutral,CT,V3,True
10910,2,2,Neutral,CT,V3,True
10954,2,2,Neutral,CT,V3,True
10978,1,1,Neutral,CT,V3,True
11102,1,1,Neutral,CT,V3,True
11120,2,2,Neutral,CT,V3,True
11189,2,2,Neutral,CT,V3,True
11241,2,2,Neutral,CT,V3,True
11283,2,2,Neutral,CT,V3,True
11511,2,2,Neutral,CT,V3,True
11514,2,2,Neutral,CT,V3,True
11523,2,2,Neutral,CT,V3,True
11525,1,1,Neutral,CT,V3,True
11553,1,1,Neutral,CT,V3,True
11596,1,1,Neutral,CT,V3,True
11603,2,2,Neutral,CT,V3,True
11617,2,2,Neutral,CT,V3,True
11630,1,1,Neutral,CT,V3,True
11647,2,2,Neutral,CT,V3,True
11742,2,2,Neutral,CT,V3,True
11786,1,1,Neutral,CT,V3,True
11850,2,2,Neutral,CT,V3,True
11870,1,1,Neutral,CT,V3,True
11874,1,1,Neutral,CT,V3,True
11930,1,1,Neutral,CT,V3,True
11935,2,2,Neutral,CT,V3,True
11967,1,1,Neutral,CT,V3,True
12012,2,2,Neutral,CT,V3,True
12074,1,1,Neutral,CT,V3,True
12143,1,1,Neutral,CT,V3,True
12151,1,1,Neutral,CT,V3,True
12153,1,1,Neutral,CT,V3,True
12219,2,1,Neutral,CT,V3,False
12271,2,2,Neutral,CT,V3,True
12285,1,1,Neutral,CT,V3,True
12301,1,1,Neutral,CT,V3,True
12323,1,1,Neutral,CT,V3,True
12429,2,2,Neutral,CT,V3,True
12472,2,2,Neutral,CT,V3,True
12486,2,2,Neutral,CT,V3,True
12494,1,1,Neutral,CT,V3,True
12645,1,1,Neutral,CT,V3,True
12732,1,1,Neutral,CT,V3,True
12798,2,2,Neutral,CT,V3,True
12830,2,2,Neutral,CT,V3,True
12860,2,2,Neutral,CT,V3,True
12896,1,1,Neutral,CT,V3,True
12903,1,1,Neutral,CT,V3,True
12926,2,2,Neutral,CT,V3,True
12936,2,2,Neutral,CT,V3,True
12948,2,2,Neutral,CT,V3,True
12975,2,2,Neutral,CT,V3,True
12998,2,2,Neutral,CT,V3,True
13035,1,1,Neutral,CT,V3,True
13050,2,2,Neutral,CT,V3,True
13061,1,1,Neutral,CT,V3,True
13113,2,2,Neutral,CT,V3,True
13115,2,2,Neutral,CT,V3,True
13137,2,2,Neutral,CT,V3,True
13200,1,1,Neutral,CT,V3,True
13227,2,2,Neutral,CT,V3,True
13300,2,2,Neutral,CT,V3,True
13319,1,1,Neutral,CT,V3,True
13334,1,1,Neutral,CT,V3,True
13384,1,1,Neutral,CT,V3,True
13400,2,2,Neutral,CT,V3,True
13447,2,2,Neutral,CT,V3,True
13469,2,2,Neutral,CT,V3,True
13484,2,2,Neutral,CT,V3,True
13518,2,2,Neutral,CT,V3,True
13531,2,2,Neutral,CT,V3,True
13726,2,2,Neutral,CT,V3,True
13785,1,1,Neutral,CT,V3,True
13843,2,2,Neutral,CT,V3,True
13864,2,2,Neutral,CT,V3,True
13874,1,1,Neutral,CT,V3,True
13920,1,2,Neutral,CT,V3,False
14011,2,2,Neutral,CT,V3,True
14047,2,2,Neutral,CT,V3,True
14055,2,2,Neutral,CT,V3,True
14074,2,2,Neutral,CT,V3,True
14139,2,2,Neutral,CT,V3,True
14224,1,1,Neutral,CT,V3,True
14259,1,1,Neutral,CT,V3,True
14325,1,1,Neutral,CT,V3,True
14408,1,1,Neutral,CT,V3,True
14410,1,1,Neutral,CT,V3,True
14469,1,1,Neutral,CT,V3,True
14488,1,1,Neutral,CT,V3,True
14532,2,2,Neutral,CT,V3,True
14550,2,2,Neutral,CT,V3,True
14557,1,1,Neutral,CT,V3,True
14581,2,2,Neutral,CT,V3,True
14617,2,2,Neutral,CT,V3,True
14759,2,2,Neutral,CT,V3,True
14793,1,1,Neutral,CT,V3,True
14796,2,2,Neutral,CT,V3,True
14818,1,1,Neutral,CT,V3,True
14845,2,2,Neutral,CT,V3,True
14858,2,2,Neutral,CT,V3,True
14868,1,1,Neutral,CT,V3,True
14900,1,1,Neutral,CT,V3,True
14932,2,2,Neutral,CT,V3,True
14970,2,2,Neutral,CT,V3,True
14988,2,2,Neutral,CT,V3,True
15035,1,1,Neutral,CT,V3,True
15066,2,2,Neutral,CT,V3,True
15131,1,1,Neutral,CT,V3,True
15133,2,2,Neutral,CT,V3,True
15176,2,2,Neutral,CT,V3,True
15189,1,1,Neutral,CT,V3,True
15254,1,1,Neutral,CT,V3,True
15290,1,1,Neutral,CT,V3,True
15363,2,2,Neutral,CT,V3,True
15452,2,2,Neutral,CT,V3,True
15535,2,2,Neutral,CT,V3,True
15555,1,1,Neutral,CT,V3,True
15614,2,2,Neutral,CT,V3,True
15620,2,2,Neutral,CT,V3,True
15693,1,1,Neutral,CT,V3,True
15721,2,2,Neutral,CT,V3,True
15735,1,1,Neutral,CT,V3,True
15770,1,1,Neutral,CT,V3,True
15799,2,2,Neutral,CT,V3,True
15810,2,2,Neutral,CT,V3,True
15822,2,1,Neutral,CT,V3,False
15883,1,1,Neutral,CT,V3,True
15980,2,2,Neutral,CT,V3,True
16114,1,1,Neutral,CT,V3,True
16120,1,1,Neutral,CT,V3,True
16174,1,1,Neutral,CT,V3,True
16212,2,2,Neutral,CT,V3,True
16213,1,1,Neutral,CT,V3,True
16230,1,1,Neutral,CT,V3,True
16264,1,1,Neutral,CT,V3,True
16339,1,1,Neutral,CT,V3,True
16355,2,2,Neutral,CT,V3,True
16386,1,2,Neutral,CT,V3,False
16398,1,1,Neutral,CT,V3,True
16457,2,2,Neutral,CT,V3,True
16521,2,2,Neutral,CT,V3,True
16572,1,1,Neutral,CT,V3,True
16600,1,1,Neutral,CT,V3,True
16614,1,1,Neutral,CT,V3,True
16642,1,1,Neutral,CT,V3,True
16731,1,1,Neutral,CT,V3,True
16801,2,2,Neutral,CT,V3,True
16845,1,1,Neutral,CT,V3,True
16858,2,2,Neutral,CT,V3,True
16891,1,1,Neutral,CT,V3,True
16903,1,1,Neutral,CT,V3,True
16977,1,1,Neutral,CT,V3,True
17002,2,2,Neutral,CT,V3,True
17048,1,1,Neutral,CT,V3,True
17079,2,2,Neutral,CT,V3,True
17082,2,1,Neutral,CT,V3,False
17121,2,2,Neutral,CT,V3,True
17212,1,1,Neutral,CT,V3,True
17227,1,1,Neutral,CT,V3,True
17241,2,2,Neutral,CT,V3,True
17280,2,2,Neutral,CT,V3,True
17322,1,1,Neutral,CT,V3,True
17355,2,2,Neutral,CT,V3,True
17361,1,1,Neutral,CT,V3,True
17364,2,2,Neutral,CT,V3,True
17386,2,2,Neutral,CT,V3,True
17423,2,2,Neutral,CT,V3,True
17455,1,1,Neutral,CT,V3,True
17468,1,1,Neutral,CT,V3,True
17475,1,1,Neutral,CT,V3,True
17553,1,1,Neutral,CT,V3,True
17585,2,2,Neutral,CT,V3,True
17693,1,1,Neutral,CT,V3,True
17744,2,2,Neutral,CT,V3,True
17746,2,2,Neutral,CT,V3,True
17792,1,1,Neutral,CT,V3,True
17806,2,2,Neutral,CT,V3,True
17877,1,1,Neutral,CT,V3,True
17885,2,2,Neutral,CT,V3,True
17914,2,1,Neutral,CT,V3,False
17963,2,2,Neutral,CT,V3,True
18290,1,1,Neutral,CT,V3,True
18337,1,1,Neutral,CT,V3,True
18550,2,2,Neutral,CT,V3,True
18553,2,2,Neutral,CT,V3,True
18613,2,2,Neutral,CT,V3,True
18630,2,2,Neutral,CT,V3,True
18631,1,1,Neutral,CT,V3,True
18643,1,1,Neutral,CT,V3,True
18652,1,1,Neutral,CT,V3,True
18656,2,2,Neutral,CT,V3,True
18670,1,1,Neutral,CT,V3,True
18805,2,2,Neutral,CT,V3,True
18806,1,1,Neutral,CT,V3,True
18820,1,1,Neutral,CT,V3,True
18839,2,2,Neutral,CT,V3,True
18874,1,1,Neutral,CT,V3,True
18886,1,1,Neutral,CT,V3,True
18935,1,1,Neutral,CT,V3,True
18961,2,2,Neutral,CT,V3,True
18998,2,2,Neutral,CT,V3,True
19036,2,2,Neutral,CT,V3,True
19045,2,2,Neutral,CT,V3,True
19164,1,1,Neutral,CT,V3,True
19267,2,2,Neutral,CT,V3,True
19295,1,1,Neutral,CT,V3,True
19331,2,2,Neutral,CT,V3,True
19341,1,1,Neutral,CT,V3,True
19363,1,2,Neutral,CT,V3,False
19383,1,1,Neutral,CT,V3,True
19385,2,2,Neutral,CT,V3,True
19395,2,2,Neutral,CT,V3,True
19486,2,2,Neutral,CT,V3,True
19496,2,2,Neutral,CT,V3,True
19519,2,2,Neutral,CT,V3,True
19532,1,1,Neutral,CT,V3,True
19538,1,1,Neutral,CT,V3,True
19599,1,1,Neutral,CT,V3,True
19643,1,1,Neutral,CT,V3,True
19686,1,1,Neutral,CT,V3,True
19738,1,1,Neutral,CT,V3,True
19794,1,1,Neutral,CT,V3,True
19826,2,2,Neutral,CT,V3,True
19830,2,2,Neutral,CT,V3,True
19839,2,2,Neutral,CT,V3,True
19854,2,2,Neutral,CT,V3,True
19900,2,2,Neutral,CT,V3,True
19915,1,1,Neutral,CT,V3,True
19967,1,1,Neutral,CT,V3,True
19968,2,2,Neutral,CT,V3,True
20031,1,1,Neutral,CT,V3,True
20132,2,2,Neutral,CT,V3,True
20184,1,1,Neutral,CT,V3,True
20195,1,1,Neutral,CT,V3,True
20270,2,1,Neutral,CT,V3,False
20283,2,1,Neutral,CT,V3,False
20299,2,2,Neutral,CT,V3,True
20351,1,1,Neutral,CT,V3,True
20380,2,2,Neutral,CT,V3,True
20420,1,1,Neutral,CT,V3,True
20422,1,1,Neutral,CT,V3,True
20431,1,1,Neutral,CT,V3,True
20443,1,1,Neutral,CT,V3,True
20446,2,2,Neutral,CT,V3,True
20465,1,1,Neutral,CT,V3,True
20467,1,1,Neutral,CT,V3,True
20504,2,2,Neutral,CT,V3,True
20528,1,1,Neutral,CT,V3,True
20542,1,1,Neutral,CT,V3,True
20549,1,1,Neutral,CT,V3,True
20609,1,1,Neutral,CT,V3,True
20666,1,1,Neutral,CT,V3,True
20677,1,1,Neutral,CT,V3,True
20685,2,2,Neutral,CT,V3,True
20716,2,2,Neutral,CT,V3,True
20717,2,2,Neutral,CT,V3,True
20839,2,2,Neutral,CT,V3,True
20853,1,1,Neutral,CT,V3,True
20869,2,2,Neutral,CT,V3,True
20890,2,2,Neutral,CT,V3,True
20895,2,1,Neutral,CT,V3,False
20964,1,1,Neutral,CT,V3,True
20971,2,2,Neutral,CT,V3,True
21051,2,2,Neutral,CT,V3,True
21067,2,2,Neutral,CT,V3,True
21074,1,1,Neutral,CT,V3,True
21098,2,2,Neutral,CT,V3,True
21130,2,2,Neutral,CT,V3,True
21158,1,1,Neutral,CT,V3,True
21165,1,1,Neutral,CT,V3,True
21167,1,1,Neutral,CT,V3,True
21173,1,1,Neutral,CT,V3,True
21180,2,2,Neutral,CT,V3,True
21203,2,2,Neutral,CT,V3,True
21210,1,1,Neutral,CT,V3,True
21328,1,2,Neutral,CT,V3,False
21399,1,1,Neutral,CT,V3,True
21509,2,2,Neutral,CT,V3,True
21544,2,2,Neutral,CT,V3,True
21598,2,2,Neutral,CT,V3,True
21606,2,2,Neutral,CT,V3,True
21629,1,1,Neutral,CT,V3,True
21630,2,2,Neutral,CT,V3,True
21666,2,2,Neutral,CT,V3,True
21691,1,1,Neutral,CT,V3,True
21847,2,2,Neutral,CT,V3,True
21910,1,2,Neutral,CT,V3,False
21961,1,2,Neutral,CT,V3,False
21976,1,1,Neutral,CT,V3,True
21987,2,2,Neutral,CT,V3,True
22043,2,2,Neutral,CT,V3,True
22052,1,1,Neutral,CT,V3,True
22065,1,1,Neutral,CT,V3,True
22066,2,2,Neutral,CT,V3,True
22126,2,2,Neutral,CT,V3,True
22166,2,2,Neutral,CT,V3,True
22184,2,2,Neutral,CT,V3,True
22194,2,2,Neutral,CT,V3,True
22266,1,1,Neutral,CT,V3,True
22314,2,2,Neutral,CT,V3,True
22356,2,2,Neutral,CT,V3,True
22467,2,2,Neutral,CT,V3,True
22679,1,1,Neutral,CT,V3,True
22707,2,2,Neutral,CT,V3,True
22767,2,2,Neutral,CT,V3,True
22770,1,1,Neutral,CT,V3,True
22814,1,1,Neutral,CT,V3,True
22819,2,2,Neutral,CT,V3,True
22833,1,1,Neutral,CT,V3,True
22849,2,2,Neutral,CT,V3,True
22966,2,2,Neutral,CT,V3,True
23023,1,1,Neutral,CT,V3,True
23052,1,1,Neutral,CT,V3,True
23089,1,1,Neutral,CT,V3,True
23104,2,2,Neutral,CT,V3,True
23128,1,1,Neutral,CT,V3,True
23200,1,1,Neutral,CT,V3,True
23313,2,2,Neutral,CT,V3,True
23322,1,1,Neutral,CT,V3,True
23323,1,1,Neutral,CT,V3,True
23404,2,2,Neutral,CT,V3,True
23415,2,1,Neutral,CT,V3,False
23440,2,2,Neutral,CT,V3,True
23453,2,2,Neutral,CT,V3,True
23505,1,1,Neutral,CT,V3,True
23514,2,2,Neutral,CT,V3,True
23524,1,1,Neutral,CT,V3,True
23530,2,2,Neutral,CT,V3,True
23574,1,1,Neutral,CT,V3,True
23584,1,1,Neutral,CT,V3,True
23605,1,1,Neutral,CT,V3,True
23620,2,2,Neutral,CT,V3,True
23648,2,2,Neutral,CT,V3,True
23699,2,2,Neutral,CT,V3,True
23713,2,2,Neutral,CT,V3,True
23779,1,1,Neutral,CT,V3,True
23871,1,1,Neutral,CT,V3,True
23873,1,1,Neutral,CT,V3,True
24163,1,1,Neutral,CT,V3,True
24174,2,2,Neutral,CT,V3,True
24223,1,1,Neutral,CT,V3,True
24260,1,2,Neutral,CT,V3,False
24291,2,2,Neutral,CT,V3,True
24304,1,1,Neutral,CT,V3,True
24334,2,2,Neutral,CT,V3,True
24405,2,2,Neutral,CT,V3,True
24408,1,1,Neutral,CT,V3,True
24500,2,2,Neutral,CT,V3,True
24502,2,2,Neutral,CT,V3,True
24541,2,2,Neutral,CT,V3,True
24573,1,1,Neutral,CT,V3,True
24577,1,1,Neutral,CT,V3,True
24637,2,2,Neutral,CT,V3,True
24673,2,2,Neutral,CT,V3,True
24706,1,1,Neutral,CT,V3,True
24740,2,2,Neutral,CT,V3,True
24774,2,2,Neutral,CT,V3,True
24836,1,1,Neutral,CT,V3,True
24871,1,2,Neutral,CT,V3,False
24902,2,2,Neutral,CT,V3,True
24959,2,2,Neutral,CT,V3,True
24975,1,1,Neutral,CT,V3,True
24995,1,1,Neutral,CT,V3,True
25015,1,2,Neutral,CT,V3,False
25038,1,1,Neutral,CT,V3,True
25109,2,2,Neutral,CT,V3,True
25137,1,1,Neutral,CT,V3,True
25155,1,1,Neutral,CT,V3,True
25239,2,2,Neutral,CT,V3,True
25270,1,1,Neutral,CT,V3,True
25302,2,2,Neutral,CT,V3,True
25337,1,1,Neutral,CT,V3,True
25348,1,1,Neutral,CT,V3,True
25369,2,2,Neutral,CT,V3,True
25416,1,1,Neutral,CT,V3,True
25435,1,1,Neutral,CT,V3,True
25447,1,1,Neutral,CT,V3,True
25448,2,1,Neutral,CT,V3,False
25471,2,2,Neutral,CT,V3,True
25523,2,2,Neutral,CT,V3,True
25591,1,1,Neutral,CT,V3,True
25650,1,1,Neutral,CT,V3,True
25856,1,1,Neutral,CT,V3,True
25868,1,1,Neutral,CT,V3,True
25990,2,2,Neutral,CT,V3,True
26032,1,1,Neutral,CT,V3,True
26129,2,2,Neutral,CT,V3,True
26161,1,1,Neutral,CT,V3,True
26178,2,2,Neutral,CT,V3,True
26211,2,2,Neutral,CT,V3,True
26281,2,2,Neutral,CT,V3,True
26287,2,2,Neutral,CT,V3,True
26292,1,1,Neutral,CT,V3,True
26321,2,2,Neutral,CT,V3,True
26337,1,1,Neutral,CT,V3,True
26345,1,2,Neutral,CT,V3,False
26480,2,2,Neutral,CT,V3,True
26492,2,2,Neutral,CT,V3,True
26528,1,1,Neutral,CT,V3,True
26546,1,1,Neutral,CT,V3,True
26556,1,1,Neutral,CT,V3,True
26575,2,2,Neutral,CT,V3,True
26678,2,2,Neutral,CT,V3,True
26714,2,2,Neutral,CT,V3,True
26831,1,1,Neutral,CT,V3,True
26865,2,2,Neutral,CT,V3,True
26878,2,2,Neutral,CT,V3,True
26995,1,1,Neutral,CT,V3,True
27029,1,1,Neutral,CT,V3,True
27088,1,1,Neutral,CT,V3,True
27101,1,1,Neutral,CT,V3,True
27117,2,2,Neutral,CT,V3,True
27395,2,2,Neutral,CT,V3,True
27431,2,2,Neutral,CT,V3,True
27497,1,1,Neutral,CT,V3,True
27524,2,2,Neutral,CT,V3,True
27558,2,2,Neutral,CT,V3,True
27668,2,2,Neutral,CT,V3,True
27688,2,2,Neutral,CT,V3,True
27740,2,2,Neutral,CT,V3,True
27786,2,2,Neutral,CT,V3,True
27828,2,2,Neutral,CT,V3,True
27904,2,2,Neutral,CT,V3,True
27910,2,2,Neutral,CT,V3,True
27911,2,2,Neutral,CT,V3,True
28011,2,2,Neutral,CT,V3,True
28019,1,1,Neutral,CT,V3,True
28051,2,2,Neutral,CT,V3,True
28057,1,2,Neutral,CT,V3,False
28067,2,2,Neutral,CT,V3,True
28114,2,2,Neutral,CT,V3,True
28222,2,2,Neutral,CT,V3,True
28262,2,2,Neutral,CT,V3,True
28271,1,1,Neutral,CT,V3,True
28341,1,1,Neutral,CT,V3,True
28365,2,2,Neutral,CT,V3,True
28463,2,2,Neutral,CT,V3,True
28490,1,1,Neutral,CT,V3,True
28550,2,2,Neutral,CT,V3,True
28574,2,2,Neutral,CT,V3,True
28656,2,2,Neutral,CT,V3,True
28674,2,2,Neutral,CT,V3,True
28728,1,1,Neutral,CT,V3,True
28789,2,2,Neutral,CT,V3,True
28790,2,1,Neutral,CT,V3,False
28814,2,2,Neutral,CT,V3,True
28822,2,2,Neutral,CT,V3,True
28963,1,1,Neutral,CT,V3,True
29070,2,2,Neutral,CT,V3,True
29105,2,2,Neutral,CT,V3,True
29132,1,1,Neutral,CT,V3,True
29144,1,1,Neutral,CT,V3,True
29184,1,1,Neutral,CT,V3,True
29243,2,2,Neutral,CT,V3,True
29385,1,1,Neutral,CT,V3,True
29417,2,2,Neutral,CT,V3,True
29454,2,2,Neutral,CT,V3,True
29484,2,2,Neutral,CT,V3,True
29629,1,1,Neutral,CT,V3,True
29644,1,1,Neutral,CT,V3,True
29679,1,1,Neutral,CT,V3,True
29768,1,1,Neutral,CT,V3,True
29880,1,1,Neutral,CT,V3,True
29903,1,1,Neutral,CT,V3,True
29912,1,1,Neutral,CT,V3,True
30052,1,1,Neutral,CT,V3,True
30118,1,1,Neutral,CT,V3,True
30137,2,2,Neutral,CT,V3,True
30143,1,1,Neutral,CT,V3,True
30180,1,1,Neutral,CT,V3,True
30259,1,1,Neutral,CT,V3,True
30273,2,2,Neutral,CT,V3,True
30285,2,2,Neutral,CT,V3,True
30328,1,1,Neutral,CT,V3,True
30329,1,1,Neutral,CT,V3,True
30336,2,2,Neutral,CT,V3,True
30340,1,1,Neutral,CT,V3,True
30367,2,2,Neutral,CT,V3,True
30457,2,1,Neutral,CT,V3,False
30514,1,1,Neutral,CT,V3,True
30544,1,1,Neutral,CT,V3,True
30694,2,2,Neutral,CT,V3,True
30701,2,2,Neutral,CT,V3,True
30710,2,2,Neutral,CT,V3,True
30794,2,2,Neutral,CT,V3,True
30825,2,2,Neutral,CT,V3,True
30846,1,1,Neutral,CT,V3,True
30856,2,2,Neutral,CT,V3,True
30872,2,2,Neutral,CT,V3,True
30880,1,1,Neutral,CT,V3,True
30899,1,1,Neutral,CT,V3,True
30922,2,2,Neutral,CT,V3,True
30936,2,2,Neutral,CT,V3,True
31029,1,1,Neutral,CT,V3,True
31060,1,1,Neutral,CT,V3,True
31081,2,2,Neutral,CT,V3,True
31128,2,2,Neutral,CT,V3,True
31129,2,2,Neutral,CT,V3,True
31138,1,1,Neutral,CT,V3,True
31148,1,1,Neutral,CT,V3,True
31247,1,1,Neutral,CT,V3,True
31266,2,2,Neutral,CT,V3,True
31350,2,2,Neutral,CT,V3,True
31386,2,2,Neutral,CT,V3,True
31470,2,2,Neutral,CT,V3,True
31483,2,2,Neutral,CT,V3,True
31597,1,1,Neutral,CT,V3,True
31622,1,1,Neutral,CT,V3,True
31628,1,1,Neutral,CT,V3,True
31634,2,1,Neutral,CT,V3,False
31665,1,1,Neutral,CT,V3,True
31720,1,1,Neutral,CT,V3,True
31728,1,1,Neutral,CT,V3,True
31883,2,2,Neutral,CT,V3,True
31907,2,2,Neutral,CT,V3,True
32003,2,2,Neutral,CT,V3,True
32090,1,1,Neutral,CT,V3,True
32112,2,2,Neutral,CT,V3,True
32116,2,2,Neutral,CT,V3,True
32131,2,2,Neutral,CT,V3,True
32167,2,1,Neutral,CT,V3,False
32177,2,2,Neutral,CT,V3,True
32263,2,2,Neutral,CT,V3,True
32265,1,1,Neutral,CT,V3,True
32323,2,2,Neutral,CT,V3,True
32372,1,1,Neutral,CT,V3,True
32463,2,2,Neutral,CT,V3,True
32518,1,1,Neutral,CT,V3,True
32572,2,2,Neutral,CT,V3,True
32638,1,1,Neutral,CT,V3,True
32679,1,1,Neutral,CT,V3,True
32722,2,2,Neutral,CT,V3,True
32747,1,1,Neutral,CT,V3,True
32753,2,2,Neutral,CT,V3,True
32785,1,1,Neutral,CT,V3,True
32872,2,2,Neutral,CT,V3,True
32894,1,1,Neutral,CT,V3,True
32913,2,2,Neutral,CT,V3,True
32972,2,2,Neutral,CT,V3,True
33026,1,1,Neutral,CT,V3,True
33067,2,2,Neutral,CT,V3,True
33126,2,2,Neutral,CT,V3,True
33141,2,2,Neutral,CT,V3,True
33154,1,1,Neutral,CT,V3,True
33262,2,2,Neutral,CT,V3,True
33291,2,2,Neutral,CT,V3,True
33322,2,2,Neutral,CT,V3,True
33390,1,1,Neutral,CT,V3,True
33409,2,2,Neutral,CT,V3,True
33433,1,1,Neutral,CT,V3,True
33470,1,1,Neutral,CT,V3,True
33504,1,1,Neutral,CT,V3,True
33618,2,2,Neutral,CT,V3,True
33649,1,1,Neutral,CT,V3,True
33743,2,2,Neutral,CT,V3,True
33765,2,2,Neutral,CT,V3,True
33806,2,1,Neutral,CT,V3,False
33808,2,2,Neutral,CT,V3,True
33856,1,1,Neutral,CT,V3,True
33859,2,2,Neutral,CT,V3,True
33890,2,2,Neutral,CT,V3,True
33936,1,2,Neutral,CT,V3,False
33940,1,1,Neutral,CT,V3,True
33961,1,1,Neutral,CT,V3,True
33962,2,2,Neutral,CT,V3,True
33986,1,1,Neutral,CT,V3,True
34029,2,2,Neutral,CT,V3,True
34084,1,1,Neutral,CT,V3,True
34125,2,2,Neutral,CT,V3,True
34143,2,2,Neutral,CT,V3,True
34171,1,1,Neutral,CT,V3,True
34215,2,2,Neutral,CT,V3,True
34276,1,1,Neutral,CT,V3,True
34332,2,2,Neutral,CT,V3,True
34354,1,1,Neutral,CT,V3,True
34404,2,2,Neutral,CT,V3,True
34456,1,2,Neutral,CT,V3,False
34460,2,2,Neutral,CT,V3,True
34500,1,1,Neutral,CT,V3,True
34573,1,1,Neutral,CT,V3,True
34667,2,2,Neutral,CT,V3,True
34714,2,2,Neutral,CT,V3,True
34754,2,2,Neutral,CT,V3,True
34812,2,2,Neutral,CT,V3,True
34918,2,2,Neutral,CT,V3,True
34930,2,2,Neutral,CT,V3,True
34944,2,2,Neutral,CT,V3,True
34983,2,2,Neutral,CT,V3,True
35058,2,2,Neutral,CT,V3,True
35064,1,1,Neutral,CT,V3,True
35127,2,2,Neutral,CT,V3,True
35156,2,2,Neutral,CT,V3,True
35174,1,1,Neutral,CT,V3,True
35191,2,2,Neutral,CT,V3,True
35201,2,2,Neutral,CT,V3,True
35204,2,2,Neutral,CT,V3,True
35282,2,2,Neutral,CT,V3,True
35287,1,1,Neutral,CT,V3,True
35429,2,2,Neutral,CT,V3,True
35467,1,1,Neutral,CT,V3,True
35564,2,2,Neutral,CT,V3,True
35592,1,1,Neutral,CT,V3,True
35643,2,2,Neutral,CT,V3,True
35715,2,2,Neutral,CT,V3,True
35732,2,2,Neutral,CT,V3,True
35738,2,2,Neutral,CT,V3,True
35743,2,2,Neutral,CT,V3,True
35871,2,2,Neutral,CT,V3,True
35880,2,2,Neutral,CT,V3,True
35918,2,2,Neutral,CT,V3,True
35939,2,2,Neutral,CT,V3,True
35991,2,2,Neutral,CT,V3,True
36100,2,2,Neutral,CT,V3,True
36117,1,1,Neutral,CT,V3,True
36126,2,2,Neutral,CT,V3,True
36186,2,2,Neutral,CT,V3,True
36190,1,1,Neutral,CT,V3,True
36199,2,2,Neutral,CT,V3,True
36209,1,1,Neutral,CT,V3,True
36247,1,1,Neutral,CT,V3,True
36341,2,2,Neutral,CT,V3,True
36419,2,2,Neutral,CT,V3,True
36434,2,2,Neutral,CT,V3,True
36449,1,1,Neutral,CT,V3,True
36482,2,2,Neutral,CT,V3,True
36557,2,2,Neutral,CT,V3,True
36686,2,2,Neutral,CT,V3,True
36689,2,2,Neutral,CT,V3,True
36734,1,1,Neutral,CT,V3,True
36743,1,1,Neutral,CT,V3,True
36767,2,2,Neutral,CT,V3,True
36785,2,1,Neutral,CT,V3,False
36812,2,2,Neutral,CT,V3,True
36819,2,2,Neutral,CT,V3,True
36849,2,2,Neutral,CT,V3,True
36960,2,2,Neutral,CT,V3,True
36974,2,2,Neutral,CT,V3,True
37006,2,2,Neutral,CT,V3,True
37016,2,2,Neutral,CT,V3,True
37020,1,1,Neutral,CT,V3,True
37082,2,2,Neutral,CT,V3,True
37102,2,2,Neutral,CT,V3,True
37114,1,2,Neutral,CT,V3,False
37124,2,2,Neutral,CT,V3,True
37234,1,1,Neutral,CT,V3,True
37249,1,1,Neutral,CT,V3,True
37327,1,1,Neutral,CT,V3,True
37367,2,2,Neutral,CT,V3,True
37404,2,1,Neutral,CT,V3,False
37422,1,1,Neutral,CT,V3,True
37432,2,2,Neutral,CT,V3,True
37490,1,1,Neutral,CT,V3,True
37537,2,2,Neutral,CT,V3,True
37542,1,1,Neutral,CT,V3,True
37569,2,2,Neutral,CT,V3,True
37608,1,2,Neutral,CT,V3,False
37614,2,2,Neutral,CT,V3,True
37617,2,2,Neutral,CT,V3,True
37679,1,1,Neutral,CT,V3,True
37723,2,2,Neutral,CT,V3,True
37741,2,2,Neutral,CT,V3,True
37842,1,1,Neutral,CT,V3,True
37909,1,1,Neutral,CT,V3,True
37955,1,1,Neutral,CT,V3,True
38026,2,2,Neutral,CT,V3,True
38068,2,2,Neutral,CT,V3,True
38078,2,2,Neutral,CT,V3,True
38144,1,1,Neutral,CT,V3,True
38146,1,1,Neutral,CT,V3,True
38166,1,1,Neutral,CT,V3,True
38168,1,1,Neutral,CT,V3,True
38191,2,2,Neutral,CT,V3,True
38245,1,1,Neutral,CT,V3,True
38267,2,2,Neutral,CT,V3,True
38352,1,1,Neutral,CT,V3,True
38363,2,2,Neutral,CT,V3,True
38395,1,1,Neutral,CT,V3,True
38425,2,2,Neutral,CT,V3,True
38485,1,1,Neutral,CT,V3,True
38518,1,1,Neutral,CT,V3,True
38530,1,1,Neutral,CT,V3,True
38562,2,2,Neutral,CT,V3,True
38593,2,2,Neutral,CT,V3,True
38627,2,2,Neutral,CT,V3,True
38630,1,1,Neutral,CT,V3,True
38721,1,1,Neutral,CT,V3,True
38773,2,2,Neutral,CT,V3,True
38802,1,2,Neutral,CT,V3,False
38811,1,2,Neutral,CT,V3,False
38829,1,1,Neutral,CT,V3,True
38858,1,1,Neutral,CT,V3,True
38928,2,2,Neutral,CT,V3,True
38947,1,1,Neutral,CT,V3,True
39000,1,1,Neutral,CT,V3,True
39152,1,1,Neutral,CT,V3,True
39199,1,1,Neutral,CT,V3,True
39321,1,1,Neutral,CT,V3,True
39356,2,2,Neutral,CT,V3,True
39388,2,2,Neutral,CT,V3,True
39457,1,1,Neutral,CT,V3,True
39466,1,1,Neutral,CT,V3,True
39532,2,2,Neutral,CT,V3,True
39553,2,2,Neutral,CT,V3,True
39557,1,1,Neutral,CT,V3,True
39630,1,1,Neutral,CT,V3,True
39715,1,1,Neutral,CT,V3,True
39795,2,1,Neutral,CT,V3,False
39804,1,1,Neutral,CT,V3,True
39833,2,2,Neutral,CT,V3,True
39842,1,1,Neutral,CT,V3,True
39855,1,1,Neutral,CT,V3,True
39864,2,2,Neutral,CT,V3,True
39884,2,2,Neutral,CT,V3,True
39918,1,1,Neutral,CT,V3,True
40068,1,1,Neutral,CT,V3,True
40135,1,1,Neutral,CT,V3,True
40145,2,2,Neutral,CT,V3,True
40164,1,1,Neutral,CT,V3,True
40296,2,2,Neutral,CT,V3,True
40352,2,1,Neutral,CT,V3,False
40376,1,2,Neutral,CT,V3,False
40497,2,2,Neutral,CT,V3,True
40535,1,1,Neutral,CT,V3,True
40542,2,2,Neutral,CT,V3,True
40622,2,2,Neutral,CT,V3,True
40625,2,2,Neutral,CT,V3,True
40653,2,2,Neutral,CT,V3,True
40853,1,1,Neutral,CT,V3,True
40855,2,2,Neutral,CT,V3,True
40923,2,1,Neutral,CT,V3,False
40969,1,1,Neutral,CT,V3,True
40991,1,1,Neutral,CT,V3,True
41001,2,2,Neutral,CT,V3,True
41077,1,1,Neutral,CT,V3,True
41103,2,2,Neutral,CT,V3,True
41150,1,2,Neutral,CT,V3,False
41152,2,2,Neutral,CT,V3,True
41237,1,1,Neutral,CT,V3,True
41239,1,1,Neutral,CT,V3,True
41273,1,1,Neutral,CT,V3,True
41360,2,2,Neutral,CT,V3,True
41368,1,1,Neutral,CT,V3,True
41416,1,1,Neutral,CT,V3,True
41457,2,2,Neutral,CT,V3,True
41472,1,1,Neutral,CT,V3,True
41581,2,2,Neutral,CT,V3,True
41590,1,1,Neutral,CT,V3,True
41607,1,2,Neutral,CT,V3,False
41636,1,1,Neutral,CT,V3,True
41704,1,1,Neutral,CT,V3,True
41829,1,2,Neutral,CT,V3,False
41836,1,1,Neutral,CT,V3,True
41906,2,2,Neutral,CT,V3,True
41973,2,2,Neutral,CT,V3,True
42006,2,2,Neutral,CT,V3,True
42040,1,1,Neutral,CT,V3,True
42067,1,1,Neutral,CT,V3,True
42086,2,2,Neutral,CT,V3,True
42112,2,2,Neutral,CT,V3,True
42166,2,2,Neutral,CT,V3,True
42185,2,2,Neutral,CT,V3,True
42228,2,2,Neutral,CT,V3,True
42330,1,1,Neutral,CT,V3,True
42344,2,2,Neutral,CT,V3,True
42391,2,2,Neutral,CT,V3,True
42428,1,1,Neutral,CT,V3,True
42468,2,2,Neutral,CT,V3,True
42520,2,1,Neutral,CT,V3,False
42521,1,1,Neutral,CT,V3,True
42568,1,1,Neutral,CT,V3,True
42572,2,2,Neutral,CT,V3,True
42585,1,1,Neutral,CT,V3,True
42714,2,2,Neutral,CT,V3,True
42860,2,2,Neutral,CT,V3,True
42886,2,2,Neutral,CT,V3,True
42922,2,2,Neutral,CT,V3,True
43042,1,1,Neutral,CT,V3,True
43070,2,2,Neutral,CT,V3,True
43164,2,2,Neutral,CT,V3,True
43191,1,1,Neutral,CT,V3,True
43285,1,1,Neutral,CT,V3,True
43295,2,2,Neutral,CT,V3,True
43350,2,2,Neutral,CT,V3,True
43486,1,1,Neutral,CT,V3,True
43526,2,2,Neutral,CT,V3,True
43621,2,2,Neutral,CT,V3,True
43668,2,2,Neutral,CT,V3,True
43764,2,2,Neutral,CT,V3,True
43800,1,1,Neutral,CT,V3,True
43811,2,2,Neutral,CT,V3,True
43878,1,1,Neutral,CT,V3,True
44064,2,2,Neutral,CT,V3,True
44167,2,2,Neutral,CT,V3,True
44178,2,2,Neutral,CT,V3,True
44313,2,2,Neutral,CT,V3,True
44380,1,1,Neutral,CT,V3,True
44400,2,2,Neutral,CT,V3,True
44415,2,2,Neutral,CT,V3,True
44430,2,2,Neutral,CT,V3,True
44444,2,2,Neutral,CT,V3,True
44458,2,2,Neutral,CT,V3,True
44475,1,1,Neutral,CT,V3,True
44479,2,2,Neutral,CT,V3,True
44628,1,1,Neutral,CT,V3,True
44682,1,1,Neutral,CT,V3,True
44812,2,2,Neutral,CT,V3,True
44833,2,2,Neutral,CT,V3,True
44841,1,1,Neutral,CT,V3,True
44887,2,2,Neutral,CT,V3,True
44967,1,1,Neutral,CT,V3,True
45012,2,2,Neutral,CT,V3,True
45024,1,1,Neutral,CT,V3,True
45075,2,2,Neutral,CT,V3,True
45117,2,2,Neutral,CT,V3,True
45137,2,2,Neutral,CT,V3,True
45175,2,2,Neutral,CT,V3,True
45184,1,1,Neutral,CT,V3,True
45190,1,1,Neutral,CT,V3,True
45314,1,1,Neutral,CT,V3,True
45337,1,1,Neutral,CT,V3,True
45340,2,2,Neutral,CT,V3,True
45390,2,2,Neutral,CT,V3,True
45424,2,1,Neutral,CT,V3,False
45470,2,2,Neutral,CT,V3,True
45492,1,1,Neutral,CT,V3,True
45529,2,2,Neutral,CT,V3,True
45544,2,2,Neutral,CT,V3,True
45784,1,1,Neutral,CT,V3,True
45800,2,2,Neutral,CT,V3,True
45811,2,2,Neutral,CT,V3,True
45837,1,1,Neutral,CT,V3,True
45857,2,2,Neutral,CT,V3,True
45893,2,2,Neutral,CT,V3,True
45919,1,1,Neutral,CT,V3,True
45938,2,2,Neutral,CT,V3,True
45983,2,2,Neutral,CT,V3,True
45985,1,1,Neutral,CT,V3,True
46132,1,1,Neutral,CT,V3,True
46147,1,1,Neutral,CT,V3,True
46160,1,1,Neutral,CT,V3,True
46346,1,1,Neutral,CT,V3,True
46372,2,2,Neutral,CT,V3,True
46569,2,2,Neutral,CT,V3,True
46595,2,2,Neutral,CT,V3,True
46674,1,1,Neutral,CT,V3,True
46707,2,2,Neutral,CT,V3,True
46710,2,2,Neutral,CT,V3,True
46751,2,2,Neutral,CT,V3,True
46756,1,1,Neutral,CT,V3,True
46758,2,2,Neutral,CT,V3,True
46810,2,2,Neutral,CT,V3,True
46859,2,2,Neutral,CT,V3,True
46880,1,1,Neutral,CT,V3,True
46894,2,2,Neutral,CT,V3,True
46969,2,2,Neutral,CT,V3,True
47024,1,1,Neutral,CT,V3,True
47060,2,2,Neutral,CT,V3,True
47065,1,1,Neutral,CT,V3,True
47097,1,1,Neutral,CT,V3,True
47139,2,2,Neutral,CT,V3,True
47169,2,2,Neutral,CT,V3,True
47174,2,1,Neutral,CT,V3,False
47216,2,2,Neutral,CT,V3,True
47246,2,2,Neutral,CT,V3,True
47249,2,2,Neutral,CT,V3,True
47362,1,1,Neutral,CT,V3,True
47371,1,1,Neutral,CT,V3,True
47560,1,1,Neutral,CT,V3,True
47619,2,2,Neutral,CT,V3,True
47632,1,1,Neutral,CT,V3,True
47865,2,2,Neutral,CT,V3,True
48180,2,2,Neutral,CT,V3,True
48182,1,1,Neutral,CT,V3,True
48217,2,2,Neutral,CT,V3,True
48246,1,1,Neutral,CT,V3,True
48329,1,1,Neutral,CT,V3,True
48355,2,2,Neutral,CT,V3,True
48359,1,1,Neutral,CT,V3,True
48441,2,2,Neutral,CT,V3,True
48449,2,2,Neutral,CT,V3,True
48506,2,2,Neutral,CT,V3,True
48538,1,2,Neutral,CT,V3,False
48541,1,1,Neutral,CT,V3,True
48562,2,2,Neutral,CT,V3,True
48563,2,2,Neutral,CT,V3,True
48587,1,1,Neutral,CT,V3,True
48607,2,2,Neutral,CT,V3,True
48618,1,1,Neutral,CT,V3,True
48722,2,2,Neutral,CT,V3,True
48728,1,1,Neutral,CT,V3,True
48859,2,2,Neutral,CT,V3,True
48898,1,1,Neutral,CT,V3,True
48976,2,2,Neutral,CT,V3,True
49004,1,1,Neutral,CT,V3,True
49029,1,1,Neutral,CT,V3,True
49047,1,1,Neutral,CT,V3,True
49052,1,1,Neutral,CT,V3,True
49095,1,1,Neutral,CT,V3,True
49132,1,1,Neutral,CT,V3,True
49146,1,1,Neutral,CT,V3,True
49182,2,2,Neutral,CT,V3,True
49189,1,1,Neutral,CT,V3,True
49213,1,1,Neutral,CT,V3,True
49228,1,1,Neutral,CT,V3,True
49239,1,1,Neutral,CT,V3,True
49242,2,2,Neutral,CT,V3,True
49325,1,1,Neutral,CT,V3,True
49400,2,2,Neutral,CT,V3,True
49460,1,1,Neutral,CT,V3,True
49700,1,1,Neutral,CT,V3,True
49737,1,1,Neutral,CT,V3,True
49765,2,2,Neutral,CT,V3,True
49777,1,1,Neutral,CT,V3,True
49804,2,2,Neutral,CT,V3,True
49855,2,2,Neutral,CT,V3,True
49870,2,2,Neutral,CT,V3,True
49943,2,2,Neutral,CT,V3,True
49950,2,2,Neutral,CT,V3,True
49959,2,2,Neutral,CT,V3,True
49971,1,1,Neutral,CT,V3,True
55,1,1,Neutral,R1,V3,True
107,2,2,Neutral,R1,V3,True
176,1,1,Neutral,R1,V3,True
283,2,2,Neutral,R1,V3,True
284,2,2,Neutral,R1,V3,True
287,1,1,Neutral,R1,V3,True
310,2,2,Neutral,R1,V3,True
337,2,2,Neutral,R1,V3,True
379,2,2,Neutral,R1,V3,True
393,2,2,Neutral,R1,V3,True
405,2,2,Neutral,R1,V3,True
423,2,2,Neutral,R1,V3,True
450,2,2,Neutral,R1,V3,True
504,2,2,Neutral,R1,V3,True
545,1,1,Neutral,R1,V3,True
626,2,2,Neutral,R1,V3,True
715,2,2,Neutral,R1,V3,True
722,1,1,Neutral,R1,V3,True
793,2,2,Neutral,R1,V3,True
804,2,2,Neutral,R1,V3,True
813,1,2,Neutral,R1,V3,False
856,2,2,Neutral,R1,V3,True
893,2,2,Neutral,R1,V3,True
1029,2,2,Neutral,R1,V3,True
1057,2,1,Neutral,R1,V3,False
1106,1,1,Neutral,R1,V3,True
1199,1,1,Neutral,R1,V3,True
1200,2,2,Neutral,R1,V3,True
1205,2,2,Neutral,R1,V3,True
1227,2,2,Neutral,R1,V3,True
1261,2,2,Neutral,R1,V3,True
1285,1,1,Neutral,R1,V3,True
1290,1,1,Neutral,R1,V3,True
1347,1,1,Neutral,R1,V3,True
1352,2,2,Neutral,R1,V3,True
1363,2,2,Neutral,R1,V3,True
1421,1,1,Neutral,R1,V3,True
1434,2,1,Neutral,R1,V3,False
1481,1,1,Neutral,R1,V3,True
1552,1,1,Neutral,R1,V3,True
1573,1,1,Neutral,R1,V3,True
1656,2,2,Neutral,R1,V3,True
1687,1,1,Neutral,R1,V3,True
1707,2,2,Neutral,R1,V3,True
1733,2,2,Neutral,R1,V3,True
1735,2,2,Neutral,R1,V3,True
1755,2,2,Neutral,R1,V3,True
1814,2,2,Neutral,R1,V3,True
1819,2,2,Neutral,R1,V3,True
1822,1,1,Neutral,R1,V3,True
1823,1,1,Neutral,R1,V3,True
1862,1,1,Neutral,R1,V3,True
2004,2,2,Neutral,R1,V3,True
2055,1,1,Neutral,R1,V3,True
2068,2,2,Neutral,R1,V3,True
2081,1,1,Neutral,R1,V3,True
2155,2,2,Neutral,R1,V3,True
2170,1,1,Neutral,R1,V3,True
2221,2,2,Neutral,R1,V3,True
2288,2,2,Neutral,R1,V3,True
2375,2,2,Neutral,R1,V3,True
2379,1,1,Neutral,R1,V3,True
2426,2,2,Neutral,R1,V3,True
2584,2,2,Neutral,R1,V3,True
2585,1,1,Neutral,R1,V3,True
2599,2,2,Neutral,R1,V3,True
2600,1,1,Neutral,R1,V3,True
2732,2,2,Neutral,R1,V3,True
2844,1,1,Neutral,R1,V3,True
2891,2,2,Neutral,R1,V3,True
2932,2,2,Neutral,R1,V3,True
3056,1,1,Neutral,R1,V3,True
3102,1,1,Neutral,R1,V3,True
3191,1,1,Neutral,R1,V3,True
3230,1,2,Neutral,R1,V3,False
3297,1,1,Neutral,R1,V3,True
3363,1,1,Neutral,R1,V3,True
3367,2,2,Neutral,R1,V3,True
3400,1,1,Neutral,R1,V3,True
3429,2,2,Neutral,R1,V3,True
3440,1,1,Neutral,R1,V3,True
3512,2,2,Neutral,R1,V3,True
3524,1,1,Neutral,R1,V3,True
3567,1,1,Neutral,R1,V3,True
3631,2,2,Neutral,R1,V3,True
3811,2,1,Neutral,R1,V3,False
3824,1,1,Neutral,R1,V3,True
3839,1,1,Neutral,R1,V3,True
3867,1,1,Neutral,R1,V3,True
3929,2,2,Neutral,R1,V3,True
3954,2,2,Neutral,R1,V3,True
3971,2,2,Neutral,R1,V3,True
3979,2,2,Neutral,R1,V3,True
4011,2,2,Neutral,R1,V3,True
4066,2,2,Neutral,R1,V3,True
4087,2,2,Neutral,R1,V3,True
4153,2,2,Neutral,R1,V3,True
4182,2,2,Neutral,R1,V3,True
4187,1,1,Neutral,R1,V3,True
4207,1,1,Neutral,R1,V3,True
4211,1,1,Neutral,R1,V3,True
4303,1,1,Neutral,R1,V3,True
4314,1,1,Neutral,R1,V3,True
4339,2,2,Neutral,R1,V3,True
4348,2,2,Neutral,R1,V3,True
4447,1,1,Neutral,R1,V3,True
4462,1,1,Neutral,R1,V3,True
4591,1,1,Neutral,R1,V3,True
4624,2,2,Neutral,R1,V3,True
4651,2,2,Neutral,R1,V3,True
4652,1,1,Neutral,R1,V3,True
4663,1,1,Neutral,R1,V3,True
4706,2,2,Neutral,R1,V3,True
4716,1,1,Neutral,R1,V3,True
4744,2,2,Neutral,R1,V3,True
4767,1,1,Neutral,R1,V3,True
4795,1,1,Neutral,R1,V3,True
4812,2,2,Neutral,R1,V3,True
4827,2,2,Neutral,R1,V3,True
4829,2,2,Neutral,R1,V3,True
4851,2,2,Neutral,R1,V3,True
4856,2,2,Neutral,R1,V3,True
4865,2,2,Neutral,R1,V3,True
4871,1,1,Neutral,R1,V3,True
4927,2,2,Neutral,R1,V3,True
4937,1,1,Neutral,R1,V3,True
5006,2,1,Neutral,R1,V3,False
5009,1,1,Neutral,R1,V3,True
5024,1,1,Neutral,R1,V3,True
5070,1,1,Neutral,R1,V3,True
5086,2,2,Neutral,R1,V3,True
5105,2,2,Neutral,R1,V3,True
5119,1,1,Neutral,R1,V3,True
5120,2,2,Neutral,R1,V3,True
5406,1,1,Neutral,R1,V3,True
5424,2,2,Neutral,R1,V3,True
5499,1,1,Neutral,R1,V3,True
5570,1,1,Neutral,R1,V3,True
5619,2,2,Neutral,R1,V3,True
5651,1,1,Neutral,R1,V3,True
5741,2,1,Neutral,R1,V3,False
5797,2,2,Neutral,R1,V3,True
5824,2,2,Neutral,R1,V3,True
5829,1,1,Neutral,R1,V3,True
5834,1,1,Neutral,R1,V3,True
5906,2,2,Neutral,R1,V3,True
5913,2,2,Neutral,R1,V3,True
5957,2,2,Neutral,R1,V3,True
5998,2,2,Neutral,R1,V3,True
6010,2,2,Neutral,R1,V3,True
6059,2,2,Neutral,R1,V3,True
6111,1,1,Neutral,R1,V3,True
6137,1,1,Neutral,R1,V3,True
6156,1,1,Neutral,R1,V3,True
6252,1,1,Neutral,R1,V3,True
6253,2,2,Neutral,R1,V3,True
6255,2,2,Neutral,R1,V3,True
6295,1,1,Neutral,R1,V3,True
6347,1,1,Neutral,R1,V3,True
6374,1,1,Neutral,R1,V3,True
6452,1,1,Neutral,R1,V3,True
6465,1,1,Neutral,R1,V3,True
6484,2,2,Neutral,R1,V3,True
6519,2,2,Neutral,R1,V3,True
6527,2,2,Neutral,R1,V3,True
6595,1,1,Neutral,R1,V3,True
6631,1,1,Neutral,R1,V3,True
6692,2,1,Neutral,R1,V3,False
6715,2,2,Neutral,R1,V3,True
6728,1,1,Neutral,R1,V3,True
6756,2,2,Neutral,R1,V3,True
6812,1,1,Neutral,R1,V3,True
6824,1,1,Neutral,R1,V3,True
6826,1,1,Neutral,R1,V3,True
6842,1,1,Neutral,R1,V3,True
6867,1,1,Neutral,R1,V3,True
6868,2,2,Neutral,R1,V3,True
6899,2,2,Neutral,R1,V3,True
6965,2,2,Neutral,R1,V3,True
6977,2,2,Neutral,R1,V3,True
6991,1,1,Neutral,R1,V3,True
7001,2,2,Neutral,R1,V3,True
7004,1,1,Neutral,R1,V3,True
7070,2,2,Neutral,R1,V3,True
7096,1,1,Neutral,R1,V3,True
7099,1,1,Neutral,R1,V3,True
7194,2,2,Neutral,R1,V3,True
7220,2,2,Neutral,R1,V3,True
7235,2,2,Neutral,R1,V3,True
7313,2,2,Neutral,R1,V3,True
7387,1,1,Neutral,R1,V3,True
7407,1,1,Neutral,R1,V3,True
7430,2,2,Neutral,R1,V3,True
7439,1,1,Neutral,R1,V3,True
7451,2,2,Neutral,R1,V3,True
7498,2,2,Neutral,R1,V3,True
7550,1,1,Neutral,R1,V3,True
7553,2,2,Neutral,R1,V3,True
7555,1,1,Neutral,R1,V3,True
7581,2,2,Neutral,R1,V3,True
7599,2,2,Neutral,R1,V3,True
7654,1,1,Neutral,R1,V3,True
7687,1,1,Neutral,R1,V3,True
7723,1,1,Neutral,R1,V3,True
7832,2,2,Neutral,R1,V3,True
7887,1,1,Neutral,R1,V3,True
7894,1,1,Neutral,R1,V3,True
7966,1,1,Neutral,R1,V3,True
8015,2,2,Neutral,R1,V3,True
8033,1,1,Neutral,R1,V3,True
8139,1,1,Neutral,R1,V3,True
8217,2,2,Neutral,R1,V3,True
8268,1,1,Neutral,R1,V3,True
8339,1,1,Neutral,R1,V3,True
8366,2,2,Neutral,R1,V3,True
8444,1,1,Neutral,R1,V3,True
8580,2,2,Neutral,R1,V3,True
8614,1,1,Neutral,R1,V3,True
8630,2,2,Neutral,R1,V3,True
8672,1,1,Neutral,R1,V3,True
8800,1,1,Neutral,R1,V3,True
8816,2,2,Neutral,R1,V3,True
8902,2,2,Neutral,R1,V3,True
8923,2,2,Neutral,R1,V3,True
8948,1,1,Neutral,R1,V3,True
8993,1,1,Neutral,R1,V3,True
9004,1,1,Neutral,R1,V3,True
9089,2,2,Neutral,R1,V3,True
9120,2,2,Neutral,R1,V3,True
9134,2,2,Neutral,R1,V3,True
9246,2,2,Neutral,R1,V3,True
9268,1,1,Neutral,R1,V3,True
9325,1,1,Neutral,R1,V3,True
9349,2,2,Neutral,R1,V3,True
9357,2,2,Neutral,R1,V3,True
9417,1,1,Neutral,R1,V3,True
9459,1,1,Neutral,R1,V3,True
9465,1,1,Neutral,R1,V3,True
9469,2,2,Neutral,R1,V3,True
9485,2,2,Neutral,R1,V3,True
9595,1,1,Neutral,R1,V3,True
9632,2,2,Neutral,R1,V3,True
9635,2,2,Neutral,R1,V3,True
9677,2,2,Neutral,R1,V3,True
9715,1,1,Neutral,R1,V3,True
9724,2,2,Neutral,R1,V3,True
9774,2,2,Neutral,R1,V3,True
9796,1,1,Neutral,R1,V3,True
9892,2,2,Neutral,R1,V3,True
9899,1,1,Neutral,R1,V3,True
9907,2,2,Neutral,R1,V3,True
9934,1,1,Neutral,R1,V3,True
9987,1,1,Neutral,R1,V3,True
10022,1,1,Neutral,R1,V3,True
10156,1,1,Neutral,R1,V3,True
10163,1,1,Neutral,R1,V3,True
10174,1,1,Neutral,R1,V3,True
10187,1,1,Neutral,R1,V3,True
10189,2,2,Neutral,R1,V3,True
10210,1,1,Neutral,R1,V3,True
10301,2,2,Neutral,R1,V3,True
10328,1,1,Neutral,R1,V3,True
10330,2,2,Neutral,R1,V3,True
10375,1,1,Neutral,R1,V3,True
10400,1,1,Neutral,R1,V3,True
10423,2,2,Neutral,R1,V3,True
10434,1,1,Neutral,R1,V3,True
10450,2,2,Neutral,R1,V3,True
10566,2,2,Neutral,R1,V3,True
10610,2,2,Neutral,R1,V3,True
10621,1,1,Neutral,R1,V3,True
10626,2,2,Neutral,R1,V3,True
10634,2,2,Neutral,R1,V3,True
10713,1,2,Neutral,R1,V3,False
10771,2,2,Neutral,R1,V3,True
10803,2,2,Neutral,R1,V3,True
10910,2,2,Neutral,R1,V3,True
10954,2,2,Neutral,R1,V3,True
10978,1,1,Neutral,R1,V3,True
11024,2,2,Neutral,R1,V3,True
11102,1,1,Neutral,R1,V3,True
11120,2,2,Neutral,R1,V3,True
11189,2,2,Neutral,R1,V3,True
11241,2,2,Neutral,R1,V3,True
11283,2,2,Neutral,R1,V3,True
11511,2,2,Neutral,R1,V3,True
11514,2,2,Neutral,R1,V3,True
11523,2,2,Neutral,R1,V3,True
11525,1,1,Neutral,R1,V3,True
11553,1,1,Neutral,R1,V3,True
11596,1,1,Neutral,R1,V3,True
11603,2,2,Neutral,R1,V3,True
11617,2,2,Neutral,R1,V3,True
11630,1,1,Neutral,R1,V3,True
11647,2,2,Neutral,R1,V3,True
11742,2,2,Neutral,R1,V3,True
11786,1,1,Neutral,R1,V3,True
11850,2,2,Neutral,R1,V3,True
11870,1,1,Neutral,R1,V3,True
11874,1,1,Neutral,R1,V3,True
11930,1,1,Neutral,R1,V3,True
11935,2,2,Neutral,R1,V3,True
11967,1,1,Neutral,R1,V3,True
12012,2,2,Neutral,R1,V3,True
12074,1,1,Neutral,R1,V3,True
12151,1,1,Neutral,R1,V3,True
12153,1,1,Neutral,R1,V3,True
12219,1,1,Neutral,R1,V3,True
12271,2,2,Neutral,R1,V3,True
12284,1,2,Neutral,R1,V3,False
12285,1,1,Neutral,R1,V3,True
12301,1,1,Neutral,R1,V3,True
12429,2,2,Neutral,R1,V3,True
12472,2,2,Neutral,R1,V3,True
12486,2,2,Neutral,R1,V3,True
12494,1,1,Neutral,R1,V3,True
12645,1,1,Neutral,R1,V3,True
12732,1,1,Neutral,R1,V3,True
12798,2,2,Neutral,R1,V3,True
12830,2,2,Neutral,R1,V3,True
12860,2,2,Neutral,R1,V3,True
12896,1,1,Neutral,R1,V3,True
12903,1,1,Neutral,R1,V3,True
12926,2,2,Neutral,R1,V3,True
12936,2,2,Neutral,R1,V3,True
12948,2,2,Neutral,R1,V3,True
12975,2,2,Neutral,R1,V3,True
12998,2,2,Neutral,R1,V3,True
13035,1,1,Neutral,R1,V3,True
13050,2,2,Neutral,R1,V3,True
13061,1,1,Neutral,R1,V3,True
13113,2,2,Neutral,R1,V3,True
13115,2,2,Neutral,R1,V3,True
13137,2,2,Neutral,R1,V3,True
13141,1,2,Neutral,R1,V3,False
13227,2,2,Neutral,R1,V3,True
13300,2,2,Neutral,R1,V3,True
13319,1,1,Neutral,R1,V3,True
13334,1,1,Neutral,R1,V3,True
13384,1,1,Neutral,R1,V3,True
13400,2,2,Neutral,R1,V3,True
13447,2,2,Neutral,R1,V3,True
13469,2,2,Neutral,R1,V3,True
13484,2,2,Neutral,R1,V3,True
13518,2,2,Neutral,R1,V3,True
13531,2,2,Neutral,R1,V3,True
13562,2,2,Neutral,R1,V3,True
13726,2,2,Neutral,R1,V3,True
13785,1,1,Neutral,R1,V3,True
13843,2,2,Neutral,R1,V3,True
13864,2,2,Neutral,R1,V3,True
13874,1,1,Neutral,R1,V3,True
13920,2,2,Neutral,R1,V3,True
14011,2,2,Neutral,R1,V3,True
14047,2,2,Neutral,R1,V3,True
14055,2,2,Neutral,R1,V3,True
14074,2,2,Neutral,R1,V3,True
14139,2,2,Neutral,R1,V3,True
14259,1,1,Neutral,R1,V3,True
14300,2,2,Neutral,R1,V3,True
14325,1,1,Neutral,R1,V3,True
14408,1,1,Neutral,R1,V3,True
14410,1,1,Neutral,R1,V3,True
14469,1,1,Neutral,R1,V3,True
14488,1,1,Neutral,R1,V3,True
14532,2,2,Neutral,R1,V3,True
14550,2,2,Neutral,R1,V3,True
14557,1,1,Neutral,R1,V3,True
14581,2,2,Neutral,R1,V3,True
14617,2,2,Neutral,R1,V3,True
14759,2,2,Neutral,R1,V3,True
14793,1,1,Neutral,R1,V3,True
14796,2,2,Neutral,R1,V3,True
14818,1,1,Neutral,R1,V3,True
14845,2,2,Neutral,R1,V3,True
14858,2,2,Neutral,R1,V3,True
14868,1,1,Neutral,R1,V3,True
14900,1,1,Neutral,R1,V3,True
14932,2,2,Neutral,R1,V3,True
14970,2,2,Neutral,R1,V3,True
14988,2,2,Neutral,R1,V3,True
15035,1,1,Neutral,R1,V3,True
15066,2,2,Neutral,R1,V3,True
15133,2,2,Neutral,R1,V3,True
15176,2,2,Neutral,R1,V3,True
15189,1,1,Neutral,R1,V3,True
15254,1,1,Neutral,R1,V3,True
15290,1,1,Neutral,R1,V3,True
15363,2,2,Neutral,R1,V3,True
15452,2,2,Neutral,R1,V3,True
15535,2,2,Neutral,R1,V3,True
15555,1,1,Neutral,R1,V3,True
15614,2,2,Neutral,R1,V3,True
15620,2,2,Neutral,R1,V3,True
15693,1,1,Neutral,R1,V3,True
15735,1,1,Neutral,R1,V3,True
15799,2,2,Neutral,R1,V3,True
15810,2,2,Neutral,R1,V3,True
15883,1,1,Neutral,R1,V3,True
15980,2,2,Neutral,R1,V3,True
16114,1,1,Neutral,R1,V3,True
16120,1,1,Neutral,R1,V3,True
16174,1,1,Neutral,R1,V3,True
16212,2,2,Neutral,R1,V3,True
16213,1,1,Neutral,R1,V3,True
16230,1,1,Neutral,R1,V3,True
16264,1,1,Neutral,R1,V3,True
16339,1,1,Neutral,R1,V3,True
16355,2,2,Neutral,R1,V3,True
16386,2,2,Neutral,R1,V3,True
16398,1,1,Neutral,R1,V3,True
16457,2,2,Neutral,R1,V3,True
16521,2,2,Neutral,R1,V3,True
16572,1,1,Neutral,R1,V3,True
16600,1,1,Neutral,R1,V3,True
16614,1,1,Neutral,R1,V3,True
16642,1,1,Neutral,R1,V3,True
16731,1,1,Neutral,R1,V3,True
16801,2,2,Neutral,R1,V3,True
16845,1,1,Neutral,R1,V3,True
16858,2,2,Neutral,R1,V3,True
16891,1,1,Neutral,R1,V3,True
16903,1,1,Neutral,R1,V3,True
16977,1,1,Neutral,R1,V3,True
17002,2,2,Neutral,R1,V3,True
17048,1,1,Neutral,R1,V3,True
17079,2,2,Neutral,R1,V3,True
17082,2,1,Neutral,R1,V3,False
17121,2,2,Neutral,R1,V3,True
17165,2,2,Neutral,R1,V3,True
17212,1,1,Neutral,R1,V3,True
17227,1,1,Neutral,R1,V3,True
17241,2,2,Neutral,R1,V3,True
17322,1,1,Neutral,R1,V3,True
17355,2,2,Neutral,R1,V3,True
17361,1,1,Neutral,R1,V3,True
17364,2,2,Neutral,R1,V3,True
17386,2,2,Neutral,R1,V3,True
17455,1,1,Neutral,R1,V3,True
17468,1,1,Neutral,R1,V3,True
17475,1,1,Neutral,R1,V3,True
17553,1,1,Neutral,R1,V3,True
17585,2,2,Neutral,R1,V3,True
17693,1,1,Neutral,R1,V3,True
17744,2,2,Neutral,R1,V3,True
17746,2,2,Neutral,R1,V3,True
17792,1,1,Neutral,R1,V3,True
17806,2,2,Neutral,R1,V3,True
17877,1,1,Neutral,R1,V3,True
17885,2,2,Neutral,R1,V3,True
17963,2,2,Neutral,R1,V3,True
18223,2,2,Neutral,R1,V3,True
18290,1,1,Neutral,R1,V3,True
18337,1,1,Neutral,R1,V3,True
18550,2,2,Neutral,R1,V3,True
18553,2,2,Neutral,R1,V3,True
18613,2,2,Neutral,R1,V3,True
18630,2,2,Neutral,R1,V3,True
18631,1,1,Neutral,R1,V3,True
18643,1,1,Neutral,R1,V3,True
18652,1,1,Neutral,R1,V3,True
18656,2,2,Neutral,R1,V3,True
18670,1,1,Neutral,R1,V3,True
18805,2,2,Neutral,R1,V3,True
18806,1,1,Neutral,R1,V3,True
18820,1,1,Neutral,R1,V3,True
18839,2,2,Neutral,R1,V3,True
18874,1,1,Neutral,R1,V3,True
18886,1,1,Neutral,R1,V3,True
18961,2,2,Neutral,R1,V3,True
18998,2,2,Neutral,R1,V3,True
19036,2,2,Neutral,R1,V3,True
19045,2,2,Neutral,R1,V3,True
19164,1,1,Neutral,R1,V3,True
19267,2,2,Neutral,R1,V3,True
19295,1,1,Neutral,R1,V3,True
19331,2,2,Neutral,R1,V3,True
19341,1,1,Neutral,R1,V3,True
19383,1,1,Neutral,R1,V3,True
19385,2,2,Neutral,R1,V3,True
19395,2,2,Neutral,R1,V3,True
19486,2,2,Neutral,R1,V3,True
19496,2,2,Neutral,R1,V3,True
19519,2,2,Neutral,R1,V3,True
19532,1,1,Neutral,R1,V3,True
19538,1,1,Neutral,R1,V3,True
19599,1,1,Neutral,R1,V3,True
19643,1,1,Neutral,R1,V3,True
19686,1,1,Neutral,R1,V3,True
19738,1,1,Neutral,R1,V3,True
19794,1,1,Neutral,R1,V3,True
19811,1,1,Neutral,R1,V3,True
19826,2,2,Neutral,R1,V3,True
19830,2,2,Neutral,R1,V3,True
19839,2,2,Neutral,R1,V3,True
19854,2,2,Neutral,R1,V3,True
19900,2,2,Neutral,R1,V3,True
19915,1,1,Neutral,R1,V3,True
19967,1,1,Neutral,R1,V3,True
19968,2,2,Neutral,R1,V3,True
20031,1,1,Neutral,R1,V3,True
20132,2,2,Neutral,R1,V3,True
20184,1,1,Neutral,R1,V3,True
20195,1,1,Neutral,R1,V3,True
20299,2,2,Neutral,R1,V3,True
20351,1,1,Neutral,R1,V3,True
20380,2,2,Neutral,R1,V3,True
20420,1,1,Neutral,R1,V3,True
20422,1,1,Neutral,R1,V3,True
20431,1,1,Neutral,R1,V3,True
20443,1,1,Neutral,R1,V3,True
20446,2,2,Neutral,R1,V3,True
20465,1,1,Neutral,R1,V3,True
20467,1,1,Neutral,R1,V3,True
20504,2,2,Neutral,R1,V3,True
20528,1,1,Neutral,R1,V3,True
20542,1,1,Neutral,R1,V3,True
20549,1,1,Neutral,R1,V3,True
20609,1,1,Neutral,R1,V3,True
20666,1,1,Neutral,R1,V3,True
20677,1,1,Neutral,R1,V3,True
20685,2,2,Neutral,R1,V3,True
20716,2,2,Neutral,R1,V3,True
20839,2,2,Neutral,R1,V3,True
20853,1,1,Neutral,R1,V3,True
20869,2,2,Neutral,R1,V3,True
20890,2,2,Neutral,R1,V3,True
20964,1,1,Neutral,R1,V3,True
20971,2,2,Neutral,R1,V3,True
21016,1,1,Neutral,R1,V3,True
21051,2,2,Neutral,R1,V3,True
21067,2,2,Neutral,R1,V3,True
21074,1,1,Neutral,R1,V3,True
21098,2,2,Neutral,R1,V3,True
21130,2,2,Neutral,R1,V3,True
21158,1,1,Neutral,R1,V3,True
21165,1,1,Neutral,R1,V3,True
21167,1,1,Neutral,R1,V3,True
21173,1,1,Neutral,R1,V3,True
21180,2,2,Neutral,R1,V3,True
21203,2,2,Neutral,R1,V3,True
21210,1,1,Neutral,R1,V3,True
21399,1,1,Neutral,R1,V3,True
21509,2,2,Neutral,R1,V3,True
21544,2,2,Neutral,R1,V3,True
21598,2,2,Neutral,R1,V3,True
21599,1,1,Neutral,R1,V3,True
21606,2,2,Neutral,R1,V3,True
21629,1,1,Neutral,R1,V3,True
21630,2,2,Neutral,R1,V3,True
21666,2,2,Neutral,R1,V3,True
21691,1,1,Neutral,R1,V3,True
21847,2,2,Neutral,R1,V3,True
21935,2,2,Neutral,R1,V3,True
21976,1,1,Neutral,R1,V3,True
21987,2,2,Neutral,R1,V3,True
22043,2,2,Neutral,R1,V3,True
22052,1,1,Neutral,R1,V3,True
22065,1,1,Neutral,R1,V3,True
22066,2,2,Neutral,R1,V3,True
22126,2,2,Neutral,R1,V3,True
22166,2,2,Neutral,R1,V3,True
22184,2,2,Neutral,R1,V3,True
22194,2,2,Neutral,R1,V3,True
22266,1,1,Neutral,R1,V3,True
22314,2,2,Neutral,R1,V3,True
22467,2,2,Neutral,R1,V3,True
22679,1,1,Neutral,R1,V3,True
22707,2,2,Neutral,R1,V3,True
22767,2,2,Neutral,R1,V3,True
22770,1,1,Neutral,R1,V3,True
22814,1,1,Neutral,R1,V3,True
22819,2,2,Neutral,R1,V3,True
22849,2,2,Neutral,R1,V3,True
22966,2,2,Neutral,R1,V3,True
23023,1,1,Neutral,R1,V3,True
23052,1,1,Neutral,R1,V3,True
23089,1,1,Neutral,R1,V3,True
23104,2,2,Neutral,R1,V3,True
23128,1,1,Neutral,R1,V3,True
23200,1,1,Neutral,R1,V3,True
23313,2,2,Neutral,R1,V3,True
23322,1,1,Neutral,R1,V3,True
23323,1,1,Neutral,R1,V3,True
23404,2,2,Neutral,R1,V3,True
23415,2,1,Neutral,R1,V3,False
23440,2,2,Neutral,R1,V3,True
23453,2,2,Neutral,R1,V3,True
23505,1,1,Neutral,R1,V3,True
23514,2,2,Neutral,R1,V3,True
23524,1,1,Neutral,R1,V3,True
23530,2,2,Neutral,R1,V3,True
23574,1,1,Neutral,R1,V3,True
23584,1,1,Neutral,R1,V3,True
23605,1,1,Neutral,R1,V3,True
23620,2,2,Neutral,R1,V3,True
23648,2,2,Neutral,R1,V3,True
23699,2,2,Neutral,R1,V3,True
23713,2,2,Neutral,R1,V3,True
23779,1,1,Neutral,R1,V3,True
23871,1,1,Neutral,R1,V3,True
23873,1,1,Neutral,R1,V3,True
24163,1,1,Neutral,R1,V3,True
24174,2,2,Neutral,R1,V3,True
24291,2,2,Neutral,R1,V3,True
24304,1,1,Neutral,R1,V3,True
24334,2,2,Neutral,R1,V3,True
24405,2,2,Neutral,R1,V3,True
24408,1,1,Neutral,R1,V3,True
24500,2,2,Neutral,R1,V3,True
24502,2,2,Neutral,R1,V3,True
24541,2,2,Neutral,R1,V3,True
24573,1,1,Neutral,R1,V3,True
24577,1,1,Neutral,R1,V3,True
24637,2,2,Neutral,R1,V3,True
24673,2,2,Neutral,R1,V3,True
24706,1,1,Neutral,R1,V3,True
24740,2,2,Neutral,R1,V3,True
24774,2,2,Neutral,R1,V3,True
24836,1,1,Neutral,R1,V3,True
24902,2,2,Neutral,R1,V3,True
24959,2,2,Neutral,R1,V3,True
24975,1,1,Neutral,R1,V3,True
24995,1,1,Neutral,R1,V3,True
25109,2,2,Neutral,R1,V3,True
25137,1,1,Neutral,R1,V3,True
25155,1,1,Neutral,R1,V3,True
25239,2,2,Neutral,R1,V3,True
25270,1,1,Neutral,R1,V3,True
25302,2,2,Neutral,R1,V3,True
25337,1,1,Neutral,R1,V3,True
25369,2,2,Neutral,R1,V3,True
25416,1,1,Neutral,R1,V3,True
25435,1,1,Neutral,R1,V3,True
25447,1,1,Neutral,R1,V3,True
25448,2,1,Neutral,R1,V3,False
25471,2,2,Neutral,R1,V3,True
25523,2,2,Neutral,R1,V3,True
25591,1,1,Neutral,R1,V3,True
25650,1,1,Neutral,R1,V3,True
25698,2,1,Neutral,R1,V3,False
25868,1,1,Neutral,R1,V3,True
25990,2,2,Neutral,R1,V3,True
26032,1,1,Neutral,R1,V3,True
26129,2,2,Neutral,R1,V3,True
26161,2,1,Neutral,R1,V3,False
26211,2,2,Neutral,R1,V3,True
26281,2,2,Neutral,R1,V3,True
26287,2,2,Neutral,R1,V3,True
26292,1,1,Neutral,R1,V3,True
26302,1,1,Neutral,R1,V3,True
26321,2,2,Neutral,R1,V3,True
26337,1,1,Neutral,R1,V3,True
26480,2,2,Neutral,R1,V3,True
26492,2,2,Neutral,R1,V3,True
26528,1,1,Neutral,R1,V3,True
26556,1,1,Neutral,R1,V3,True
26575,2,2,Neutral,R1,V3,True
26678,2,2,Neutral,R1,V3,True
26714,2,2,Neutral,R1,V3,True
26831,1,1,Neutral,R1,V3,True
26865,2,2,Neutral,R1,V3,True
26878,2,2,Neutral,R1,V3,True
26995,1,1,Neutral,R1,V3,True
27029,1,1,Neutral,R1,V3,True
27088,1,1,Neutral,R1,V3,True
27101,1,1,Neutral,R1,V3,True
27395,2,2,Neutral,R1,V3,True
27431,2,2,Neutral,R1,V3,True
27497,1,1,Neutral,R1,V3,True
27524,2,2,Neutral,R1,V3,True
27558,2,2,Neutral,R1,V3,True
27668,2,2,Neutral,R1,V3,True
27688,2,2,Neutral,R1,V3,True
27740,2,2,Neutral,R1,V3,True
27786,2,2,Neutral,R1,V3,True
27828,2,2,Neutral,R1,V3,True
27904,2,2,Neutral,R1,V3,True
27910,2,2,Neutral,R1,V3,True
27911,2,2,Neutral,R1,V3,True
28019,1,1,Neutral,R1,V3,True
28051,2,2,Neutral,R1,V3,True
28057,2,2,Neutral,R1,V3,True
28067,2,2,Neutral,R1,V3,True
28114,2,2,Neutral,R1,V3,True
28222,2,2,Neutral,R1,V3,True
28262,2,2,Neutral,R1,V3,True
28271,1,1,Neutral,R1,V3,True
28339,2,2,Neutral,R1,V3,True
28341,1,1,Neutral,R1,V3,True
28365,2,2,Neutral,R1,V3,True
28463,2,2,Neutral,R1,V3,True
28490,1,1,Neutral,R1,V3,True
28550,2,2,Neutral,R1,V3,True
28574,2,2,Neutral,R1,V3,True
28656,2,2,Neutral,R1,V3,True
28674,2,2,Neutral,R1,V3,True
28728,1,1,Neutral,R1,V3,True
28789,2,2,Neutral,R1,V3,True
28814,2,2,Neutral,R1,V3,True
28822,2,2,Neutral,R1,V3,True
28963,1,1,Neutral,R1,V3,True
29070,2,2,Neutral,R1,V3,True
29105,2,2,Neutral,R1,V3,True
29132,1,1,Neutral,R1,V3,True
29144,1,1,Neutral,R1,V3,True
29243,2,2,Neutral,R1,V3,True
29385,1,1,Neutral,R1,V3,True
29411,2,2,Neutral,R1,V3,True
29417,2,2,Neutral,R1,V3,True
29454,2,2,Neutral,R1,V3,True
29465,2,2,Neutral,R1,V3,True
29484,2,2,Neutral,R1,V3,True
29629,1,1,Neutral,R1,V3,True
29644,1,1,Neutral,R1,V3,True
29768,1,1,Neutral,R1,V3,True
29880,1,1,Neutral,R1,V3,True
29903,1,1,Neutral,R1,V3,True
29912,1,1,Neutral,R1,V3,True
30052,1,1,Neutral,R1,V3,True
30118,1,1,Neutral,R1,V3,True
30131,2,2,Neutral,R1,V3,True
30137,2,2,Neutral,R1,V3,True
30143,1,1,Neutral,R1,V3,True
30180,1,1,Neutral,R1,V3,True
30259,1,1,Neutral,R1,V3,True
30273,2,2,Neutral,R1,V3,True
30285,2,2,Neutral,R1,V3,True
30328,1,1,Neutral,R1,V3,True
30329,1,1,Neutral,R1,V3,True
30336,2,2,Neutral,R1,V3,True
30340,1,1,Neutral,R1,V3,True
30367,2,2,Neutral,R1,V3,True
30457,2,1,Neutral,R1,V3,False
30498,1,1,Neutral,R1,V3,True
30514,1,1,Neutral,R1,V3,True
30544,1,1,Neutral,R1,V3,True
30694,2,2,Neutral,R1,V3,True
30701,2,2,Neutral,R1,V3,True
30710,2,2,Neutral,R1,V3,True
30794,2,2,Neutral,R1,V3,True
30825,2,2,Neutral,R1,V3,True
30846,1,1,Neutral,R1,V3,True
30856,2,2,Neutral,R1,V3,True
30872,2,2,Neutral,R1,V3,True
30880,1,1,Neutral,R1,V3,True
30899,1,1,Neutral,R1,V3,True
30922,2,2,Neutral,R1,V3,True
30936,2,2,Neutral,R1,V3,True
31029,1,1,Neutral,R1,V3,True
31060,1,1,Neutral,R1,V3,True
31081,2,2,Neutral,R1,V3,True
31128,1,2,Neutral,R1,V3,False
31129,2,2,Neutral,R1,V3,True
31138,1,1,Neutral,R1,V3,True
31148,1,1,Neutral,R1,V3,True
31247,1,1,Neutral,R1,V3,True
31266,2,2,Neutral,R1,V3,True
31350,2,2,Neutral,R1,V3,True
31386,2,2,Neutral,R1,V3,True
31470,2,2,Neutral,R1,V3,True
31483,2,2,Neutral,R1,V3,True
31597,1,1,Neutral,R1,V3,True
31622,1,1,Neutral,R1,V3,True
31628,1,1,Neutral,R1,V3,True
31634,1,1,Neutral,R1,V3,True
31665,1,1,Neutral,R1,V3,True
31720,1,1,Neutral,R1,V3,True
31728,1,1,Neutral,R1,V3,True
31883,2,2,Neutral,R1,V3,True
31907,2,2,Neutral,R1,V3,True
32003,2,2,Neutral,R1,V3,True
32090,1,1,Neutral,R1,V3,True
32112,2,2,Neutral,R1,V3,True
32116,2,2,Neutral,R1,V3,True
32131,2,2,Neutral,R1,V3,True
32167,2,1,Neutral,R1,V3,False
32177,2,2,Neutral,R1,V3,True
32263,2,2,Neutral,R1,V3,True
32265,1,1,Neutral,R1,V3,True
32323,2,2,Neutral,R1,V3,True
32372,1,1,Neutral,R1,V3,True
32463,2,2,Neutral,R1,V3,True
32518,1,1,Neutral,R1,V3,True
32558,2,2,Neutral,R1,V3,True
32572,2,2,Neutral,R1,V3,True
32638,1,1,Neutral,R1,V3,True
32679,1,1,Neutral,R1,V3,True
32722,2,2,Neutral,R1,V3,True
32747,1,1,Neutral,R1,V3,True
32753,2,2,Neutral,R1,V3,True
32785,1,1,Neutral,R1,V3,True
32872,2,2,Neutral,R1,V3,True
32894,1,1,Neutral,R1,V3,True
32972,2,2,Neutral,R1,V3,True
33067,2,2,Neutral,R1,V3,True
33126,2,2,Neutral,R1,V3,True
33141,2,2,Neutral,R1,V3,True
33154,1,1,Neutral,R1,V3,True
33262,2,2,Neutral,R1,V3,True
33291,2,2,Neutral,R1,V3,True
33390,1,1,Neutral,R1,V3,True
33470,1,1,Neutral,R1,V3,True
33504,1,1,Neutral,R1,V3,True
33618,2,2,Neutral,R1,V3,True
33649,1,1,Neutral,R1,V3,True
33743,2,2,Neutral,R1,V3,True
33765,2,2,Neutral,R1,V3,True
33780,2,1,Neutral,R1,V3,False
33806,1,1,Neutral,R1,V3,True
33808,2,2,Neutral,R1,V3,True
33856,1,1,Neutral,R1,V3,True
33859,2,2,Neutral,R1,V3,True
33890,2,2,Neutral,R1,V3,True
33940,1,1,Neutral,R1,V3,True
33961,1,1,Neutral,R1,V3,True
33962,2,2,Neutral,R1,V3,True
33986,1,1,Neutral,R1,V3,True
34029,2,2,Neutral,R1,V3,True
34084,1,1,Neutral,R1,V3,True
34125,2,2,Neutral,R1,V3,True
34143,2,2,Neutral,R1,V3,True
34171,1,1,Neutral,R1,V3,True
34215,2,2,Neutral,R1,V3,True
34276,1,1,Neutral,R1,V3,True
34332,2,2,Neutral,R1,V3,True
34404,2,2,Neutral,R1,V3,True
34456,2,2,Neutral,R1,V3,True
34460,2,2,Neutral,R1,V3,True
34500,1,1,Neutral,R1,V3,True
34573,1,1,Neutral,R1,V3,True
34667,2,2,Neutral,R1,V3,True
34714,2,2,Neutral,R1,V3,True
34754,2,2,Neutral,R1,V3,True
34812,2,2,Neutral,R1,V3,True
34918,2,2,Neutral,R1,V3,True
34930,2,2,Neutral,R1,V3,True
34944,2,2,Neutral,R1,V3,True
34983,2,2,Neutral,R1,V3,True
35058,2,2,Neutral,R1,V3,True
35064,1,1,Neutral,R1,V3,True
35127,2,2,Neutral,R1,V3,True
35156,2,2,Neutral,R1,V3,True
35174,1,1,Neutral,R1,V3,True
35191,2,2,Neutral,R1,V3,True
35201,2,2,Neutral,R1,V3,True
35204,2,2,Neutral,R1,V3,True
35282,2,2,Neutral,R1,V3,True
35287,1,1,Neutral,R1,V3,True
35397,2,2,Neutral,R1,V3,True
35429,2,2,Neutral,R1,V3,True
35542,2,2,Neutral,R1,V3,True
35564,2,2,Neutral,R1,V3,True
35592,1,1,Neutral,R1,V3,True
35715,2,2,Neutral,R1,V3,True
35732,2,2,Neutral,R1,V3,True
35738,2,2,Neutral,R1,V3,True
35743,2,2,Neutral,R1,V3,True
35871,2,2,Neutral,R1,V3,True
35880,2,2,Neutral,R1,V3,True
35918,2,2,Neutral,R1,V3,True
35939,2,2,Neutral,R1,V3,True
35991,2,2,Neutral,R1,V3,True
36100,2,2,Neutral,R1,V3,True
36117,1,1,Neutral,R1,V3,True
36126,2,2,Neutral,R1,V3,True
36186,2,2,Neutral,R1,V3,True
36190,1,1,Neutral,R1,V3,True
36199,2,2,Neutral,R1,V3,True
36209,1,1,Neutral,R1,V3,True
36247,1,1,Neutral,R1,V3,True
36341,2,2,Neutral,R1,V3,True
36403,2,2,Neutral,R1,V3,True
36419,2,2,Neutral,R1,V3,True
36434,2,2,Neutral,R1,V3,True
36449,1,1,Neutral,R1,V3,True
36482,2,2,Neutral,R1,V3,True
36557,2,2,Neutral,R1,V3,True
36686,2,2,Neutral,R1,V3,True
36689,2,2,Neutral,R1,V3,True
36734,1,1,Neutral,R1,V3,True
36743,1,1,Neutral,R1,V3,True
36767,2,2,Neutral,R1,V3,True
36812,2,2,Neutral,R1,V3,True
36819,2,2,Neutral,R1,V3,True
36849,2,2,Neutral,R1,V3,True
36960,2,2,Neutral,R1,V3,True
36974,2,2,Neutral,R1,V3,True
37006,2,2,Neutral,R1,V3,True
37016,2,2,Neutral,R1,V3,True
37020,1,1,Neutral,R1,V3,True
37082,2,2,Neutral,R1,V3,True
37102,2,2,Neutral,R1,V3,True
37114,2,2,Neutral,R1,V3,True
37124,2,2,Neutral,R1,V3,True
37234,1,1,Neutral,R1,V3,True
37245,1,1,Neutral,R1,V3,True
37249,1,1,Neutral,R1,V3,True
37327,1,1,Neutral,R1,V3,True
37367,2,2,Neutral,R1,V3,True
37404,1,1,Neutral,R1,V3,True
37422,1,1,Neutral,R1,V3,True
37432,2,2,Neutral,R1,V3,True
37490,1,1,Neutral,R1,V3,True
37537,2,2,Neutral,R1,V3,True
37542,1,1,Neutral,R1,V3,True
37569,2,2,Neutral,R1,V3,True
37614,2,2,Neutral,R1,V3,True
37617,2,2,Neutral,R1,V3,True
37679,1,1,Neutral,R1,V3,True
37723,2,2,Neutral,R1,V3,True
37725,2,1,Neutral,R1,V3,False
37741,2,2,Neutral,R1,V3,True
37842,1,1,Neutral,R1,V3,True
37909,1,1,Neutral,R1,V3,True
37955,1,1,Neutral,R1,V3,True
38026,2,2,Neutral,R1,V3,True
38068,2,2,Neutral,R1,V3,True
38078,2,2,Neutral,R1,V3,True
38144,1,1,Neutral,R1,V3,True
38146,1,1,Neutral,R1,V3,True
38166,1,1,Neutral,R1,V3,True
38168,1,1,Neutral,R1,V3,True
38191,2,2,Neutral,R1,V3,True
38245,1,1,Neutral,R1,V3,True
38267,2,2,Neutral,R1,V3,True
38352,1,1,Neutral,R1,V3,True
38363,2,2,Neutral,R1,V3,True
38395,1,1,Neutral,R1,V3,True
38425,2,2,Neutral,R1,V3,True
38485,1,1,Neutral,R1,V3,True
38518,1,1,Neutral,R1,V3,True
38530,1,1,Neutral,R1,V3,True
38554,2,2,Neutral,R1,V3,True
38562,2,2,Neutral,R1,V3,True
38593,2,2,Neutral,R1,V3,True
38627,2,2,Neutral,R1,V3,True
38630,1,1,Neutral,R1,V3,True
38721,1,1,Neutral,R1,V3,True
38773,2,2,Neutral,R1,V3,True
38802,2,2,Neutral,R1,V3,True
38811,2,2,Neutral,R1,V3,True
38829,1,1,Neutral,R1,V3,True
38920,2,2,Neutral,R1,V3,True
38928,2,2,Neutral,R1,V3,True
38947,1,1,Neutral,R1,V3,True
39000,1,1,Neutral,R1,V3,True
39152,1,1,Neutral,R1,V3,True
39199,1,1,Neutral,R1,V3,True
39321,1,1,Neutral,R1,V3,True
39356,2,2,Neutral,R1,V3,True
39388,2,2,Neutral,R1,V3,True
39457,1,1,Neutral,R1,V3,True
39532,2,2,Neutral,R1,V3,True
39553,2,2,Neutral,R1,V3,True
39557,1,1,Neutral,R1,V3,True
39715,1,1,Neutral,R1,V3,True
39804,1,1,Neutral,R1,V3,True
39833,2,2,Neutral,R1,V3,True
39842,1,1,Neutral,R1,V3,True
39855,1,1,Neutral,R1,V3,True
39864,2,2,Neutral,R1,V3,True
39884,2,2,Neutral,R1,V3,True
39918,1,1,Neutral,R1,V3,True
40029,1,2,Neutral,R1,V3,False
40068,1,1,Neutral,R1,V3,True
40135,1,1,Neutral,R1,V3,True
40145,2,2,Neutral,R1,V3,True
40164,1,1,Neutral,R1,V3,True
40296,2,2,Neutral,R1,V3,True
40497,2,2,Neutral,R1,V3,True
40535,1,1,Neutral,R1,V3,True
40542,2,2,Neutral,R1,V3,True
40622,2,2,Neutral,R1,V3,True
40625,2,2,Neutral,R1,V3,True
40653,2,2,Neutral,R1,V3,True
40762,1,1,Neutral,R1,V3,True
40853,1,1,Neutral,R1,V3,True
40855,2,2,Neutral,R1,V3,True
40857,2,2,Neutral,R1,V3,True
40923,2,1,Neutral,R1,V3,False
40969,1,1,Neutral,R1,V3,True
40991,1,1,Neutral,R1,V3,True
41001,2,2,Neutral,R1,V3,True
41077,1,1,Neutral,R1,V3,True
41103,2,2,Neutral,R1,V3,True
41152,2,2,Neutral,R1,V3,True
41237,1,1,Neutral,R1,V3,True
41239,1,1,Neutral,R1,V3,True
41273,1,1,Neutral,R1,V3,True
41360,2,2,Neutral,R1,V3,True
41368,1,1,Neutral,R1,V3,True
41416,1,1,Neutral,R1,V3,True
41472,1,1,Neutral,R1,V3,True
41514,2,2,Neutral,R1,V3,True
41581,2,2,Neutral,R1,V3,True
41636,1,1,Neutral,R1,V3,True
41704,1,1,Neutral,R1,V3,True
41829,2,2,Neutral,R1,V3,True
41836,1,1,Neutral,R1,V3,True
41906,2,2,Neutral,R1,V3,True
41973,2,2,Neutral,R1,V3,True
42006,2,2,Neutral,R1,V3,True
42040,1,1,Neutral,R1,V3,True
42067,1,1,Neutral,R1,V3,True
42086,2,2,Neutral,R1,V3,True
42112,2,2,Neutral,R1,V3,True
42166,2,2,Neutral,R1,V3,True
42185,2,2,Neutral,R1,V3,True
42228,2,2,Neutral,R1,V3,True
42330,1,1,Neutral,R1,V3,True
42344,2,2,Neutral,R1,V3,True
42391,2,2,Neutral,R1,V3,True
42468,2,2,Neutral,R1,V3,True
42520,2,1,Neutral,R1,V3,False
42521,1,1,Neutral,R1,V3,True
42568,1,1,Neutral,R1,V3,True
42572,2,2,Neutral,R1,V3,True
42585,1,1,Neutral,R1,V3,True
42714,2,2,Neutral,R1,V3,True
42860,2,2,Neutral,R1,V3,True
42886,2,2,Neutral,R1,V3,True
42922,2,2,Neutral,R1,V3,True
43070,2,2,Neutral,R1,V3,True
43285,1,1,Neutral,R1,V3,True
43295,2,2,Neutral,R1,V3,True
43350,2,2,Neutral,R1,V3,True
43486,1,1,Neutral,R1,V3,True
43526,2,2,Neutral,R1,V3,True
43621,2,2,Neutral,R1,V3,True
43668,2,2,Neutral,R1,V3,True
43764,2,2,Neutral,R1,V3,True
43800,1,1,Neutral,R1,V3,True
43811,2,2,Neutral,R1,V3,True
43878,1,1,Neutral,R1,V3,True
44063,2,2,Neutral,R1,V3,True
44064,2,2,Neutral,R1,V3,True
44167,2,2,Neutral,R1,V3,True
44178,2,2,Neutral,R1,V3,True
44313,2,2,Neutral,R1,V3,True
44380,1,1,Neutral,R1,V3,True
44400,2,2,Neutral,R1,V3,True
44415,2,2,Neutral,R1,V3,True
44430,2,2,Neutral,R1,V3,True
44444,2,2,Neutral,R1,V3,True
44458,2,2,Neutral,R1,V3,True
44479,2,2,Neutral,R1,V3,True
44628,1,1,Neutral,R1,V3,True
44682,1,1,Neutral,R1,V3,True
44743,2,2,Neutral,R1,V3,True
44812,2,2,Neutral,R1,V3,True
44887,2,2,Neutral,R1,V3,True
44967,1,1,Neutral,R1,V3,True
45012,2,2,Neutral,R1,V3,True
45024,1,1,Neutral,R1,V3,True
45075,2,2,Neutral,R1,V3,True
45117,2,2,Neutral,R1,V3,True
45137,2,2,Neutral,R1,V3,True
45175,2,2,Neutral,R1,V3,True
45184,1,1,Neutral,R1,V3,True
45190,1,1,Neutral,R1,V3,True
45199,1,1,Neutral,R1,V3,True
45337,1,1,Neutral,R1,V3,True
45340,2,2,Neutral,R1,V3,True
45390,2,2,Neutral,R1,V3,True
45470,2,2,Neutral,R1,V3,True
45492,1,1,Neutral,R1,V3,True
45529,2,2,Neutral,R1,V3,True
45544,2,2,Neutral,R1,V3,True
45784,1,1,Neutral,R1,V3,True
45800,2,2,Neutral,R1,V3,True
45811,2,2,Neutral,R1,V3,True
45837,1,1,Neutral,R1,V3,True
45857,2,2,Neutral,R1,V3,True
45893,2,2,Neutral,R1,V3,True
45919,1,1,Neutral,R1,V3,True
45938,2,2,Neutral,R1,V3,True
45983,2,2,Neutral,R1,V3,True
45985,1,1,Neutral,R1,V3,True
46026,2,1,Neutral,R1,V3,False
46132,1,1,Neutral,R1,V3,True
46147,1,1,Neutral,R1,V3,True
46160,1,1,Neutral,R1,V3,True
46346,1,1,Neutral,R1,V3,True
46372,2,2,Neutral,R1,V3,True
46569,2,2,Neutral,R1,V3,True
46595,2,2,Neutral,R1,V3,True
46674,1,1,Neutral,R1,V3,True
46707,2,2,Neutral,R1,V3,True
46710,2,2,Neutral,R1,V3,True
46751,2,2,Neutral,R1,V3,True
46756,1,1,Neutral,R1,V3,True
46758,2,2,Neutral,R1,V3,True
46810,2,2,Neutral,R1,V3,True
46859,2,2,Neutral,R1,V3,True
46880,1,1,Neutral,R1,V3,True
46894,2,2,Neutral,R1,V3,True
46969,2,2,Neutral,R1,V3,True
47024,2,1,Neutral,R1,V3,False
47060,2,2,Neutral,R1,V3,True
47065,1,1,Neutral,R1,V3,True
47097,1,1,Neutral,R1,V3,True
47139,2,2,Neutral,R1,V3,True
47169,2,2,Neutral,R1,V3,True
47216,2,2,Neutral,R1,V3,True
47246,2,2,Neutral,R1,V3,True
47249,2,2,Neutral,R1,V3,True
47362,1,1,Neutral,R1,V3,True
47371,1,1,Neutral,R1,V3,True
47560,1,1,Neutral,R1,V3,True
47619,2,2,Neutral,R1,V3,True
47632,1,1,Neutral,R1,V3,True
47865,2,2,Neutral,R1,V3,True
48180,2,2,Neutral,R1,V3,True
48182,1,1,Neutral,R1,V3,True
48217,2,2,Neutral,R1,V3,True
48246,1,1,Neutral,R1,V3,True
48329,1,1,Neutral,R1,V3,True
48355,2,2,Neutral,R1,V3,True
48359,1,1,Neutral,R1,V3,True
48434,2,2,Neutral,R1,V3,True
48441,2,2,Neutral,R1,V3,True
48449,2,2,Neutral,R1,V3,True
48506,2,2,Neutral,R1,V3,True
48538,2,2,Neutral,R1,V3,True
48541,1,1,Neutral,R1,V3,True
48562,2,2,Neutral,R1,V3,True
48563,2,2,Neutral,R1,V3,True
48566,2,1,Neutral,R1,V3,False
48587,1,1,Neutral,R1,V3,True
48607,2,2,Neutral,R1,V3,True
48618,1,1,Neutral,R1,V3,True
48722,2,2,Neutral,R1,V3,True
48728,1,1,Neutral,R1,V3,True
48859,2,2,Neutral,R1,V3,True
48898,1,1,Neutral,R1,V3,True
48976,2,2,Neutral,R1,V3,True
49004,1,1,Neutral,R1,V3,True
49029,1,1,Neutral,R1,V3,True
49047,1,1,Neutral,R1,V3,True
49052,1,1,Neutral,R1,V3,True
49095,1,1,Neutral,R1,V3,True
49132,1,1,Neutral,R1,V3,True
49146,1,1,Neutral,R1,V3,True
49182,2,2,Neutral,R1,V3,True
49189,1,1,Neutral,R1,V3,True
49213,1,1,Neutral,R1,V3,True
49228,1,1,Neutral,R1,V3,True
49242,2,2,Neutral,R1,V3,True
49325,1,1,Neutral,R1,V3,True
49400,2,2,Neutral,R1,V3,True
49460,1,1,Neutral,R1,V3,True
49700,1,1,Neutral,R1,V3,True
49737,1,1,Neutral,R1,V3,True
49765,2,2,Neutral,R1,V3,True
49777,2,1,Neutral,R1,V3,False
49804,2,2,Neutral,R1,V3,True
49855,2,2,Neutral,R1,V3,True
49870,2,2,Neutral,R1,V3,True
49943,2,2,Neutral,R1,V3,True
49950,2,2,Neutral,R1,V3,True
49959,2,2,Neutral,R1,V3,True
49971,1,1,Neutral,R1,V3,True
55,1,1,Neutral-CoT,CN,CT,True
107,2,2,Neutral-CoT,CN,CT,True
176,1,1,Neutral-CoT,CN,CT,True
257,1,1,Neutral-CoT,CN,CT,True
283,2,2,Neutral-CoT,CN,CT,True
284,2,2,Neutral-CoT,CN,CT,True
287,1,1,Neutral-CoT,CN,CT,True
310,2,2,Neutral-CoT,CN,CT,True
379,2,2,Neutral-CoT,CN,CT,True
393,2,2,Neutral-CoT,CN,CT,True
405,2,2,Neutral-CoT,CN,CT,True
423,1,1,Neutral-CoT,CN,CT,True
450,2,2,Neutral-CoT,CN,CT,True
504,2,2,Neutral-CoT,CN,CT,True
525,2,2,Neutral-CoT,CN,CT,True
545,1,1,Neutral-CoT,CN,CT,True
626,2,2,Neutral-CoT,CN,CT,True
715,2,2,Neutral-CoT,CN,CT,True
722,1,1,Neutral-CoT,CN,CT,True
793,2,2,Neutral-CoT,CN,CT,True
813,2,2,Neutral-CoT,CN,CT,True
856,2,2,Neutral-CoT,CN,CT,True
893,2,2,Neutral-CoT,CN,CT,True
922,1,1,Neutral-CoT,CN,CT,True
1029,2,2,Neutral-CoT,CN,CT,True
1106,1,1,Neutral-CoT,CN,CT,True
1199,1,1,Neutral-CoT,CN,CT,True
1200,2,2,Neutral-CoT,CN,CT,True
1205,2,2,Neutral-CoT,CN,CT,True
1261,2,2,Neutral-CoT,CN,CT,True
1285,1,1,Neutral-CoT,CN,CT,True
1290,1,1,Neutral-CoT,CN,CT,True
1347,1,1,Neutral-CoT,CN,CT,True
1363,2,2,Neutral-CoT,CN,CT,True
1421,1,1,Neutral-CoT,CN,CT,True
1481,1,1,Neutral-CoT,CN,CT,True
1545,1,1,Neutral-CoT,CN,CT,True
1552,1,1,Neutral-CoT,CN,CT,True
1573,1,1,Neutral-CoT,CN,CT,True
1656,2,2,Neutral-CoT,CN,CT,True
1687,1,1,Neutral-CoT,CN,CT,True
1707,2,2,Neutral-CoT,CN,CT,True
1735,2,2,Neutral-CoT,CN,CT,True
1755,2,2,Neutral-CoT,CN,CT,True
1808,1,1,Neutral-CoT,CN,CT,True
1814,2,2,Neutral-CoT,CN,CT,True
1819,2,2,Neutral-CoT,CN,CT,True
1822,1,1,Neutral-CoT,CN,CT,True
1823,1,1,Neutral-CoT,CN,CT,True
1862,1,1,Neutral-CoT,CN,CT,True
2004,2,2,Neutral-CoT,CN,CT,True
2039,2,2,Neutral-CoT,CN,CT,True
2055,1,1,Neutral-CoT,CN,CT,True
2068,2,2,Neutral-CoT,CN,CT,True
2081,1,1,Neutral-CoT,CN,CT,True
2155,2,2,Neutral-CoT,CN,CT,True
2221,2,2,Neutral-CoT,CN,CT,True
2288,2,2,Neutral-CoT,CN,CT,True
2375,2,2,Neutral-CoT,CN,CT,True
2379,1,1,Neutral-CoT,CN,CT,True
2426,2,2,Neutral-CoT,CN,CT,True
2584,2,2,Neutral-CoT,CN,CT,True
2585,1,1,Neutral-CoT,CN,CT,True
2600,1,1,Neutral-CoT,CN,CT,True
2732,2,2,Neutral-CoT,CN,CT,True
2844,1,1,Neutral-CoT,CN,CT,True
2891,2,2,Neutral-CoT,CN,CT,True
2932,2,2,Neutral-CoT,CN,CT,True
3056,1,1,Neutral-CoT,CN,CT,True
3102,1,1,Neutral-CoT,CN,CT,True
3191,1,1,Neutral-CoT,CN,CT,True
3297,1,1,Neutral-CoT,CN,CT,True
3363,1,1,Neutral-CoT,CN,CT,True
3367,2,2,Neutral-CoT,CN,CT,True
3385,1,1,Neutral-CoT,CN,CT,True
3400,1,1,Neutral-CoT,CN,CT,True
3418,1,1,Neutral-CoT,CN,CT,True
3429,2,2,Neutral-CoT,CN,CT,True
3440,1,1,Neutral-CoT,CN,CT,True
3524,1,1,Neutral-CoT,CN,CT,True
3567,1,1,Neutral-CoT,CN,CT,True
3631,2,2,Neutral-CoT,CN,CT,True
3811,2,2,Neutral-CoT,CN,CT,True
3824,1,1,Neutral-CoT,CN,CT,True
3839,1,1,Neutral-CoT,CN,CT,True
3867,1,1,Neutral-CoT,CN,CT,True
3868,1,1,Neutral-CoT,CN,CT,True
3912,2,2,Neutral-CoT,CN,CT,True
3929,2,2,Neutral-CoT,CN,CT,True
3971,2,2,Neutral-CoT,CN,CT,True
3979,2,2,Neutral-CoT,CN,CT,True
4011,2,2,Neutral-CoT,CN,CT,True
4017,1,1,Neutral-CoT,CN,CT,True
4066,2,2,Neutral-CoT,CN,CT,True
4087,2,2,Neutral-CoT,CN,CT,True
4153,2,2,Neutral-CoT,CN,CT,True
4182,2,2,Neutral-CoT,CN,CT,True
4187,1,1,Neutral-CoT,CN,CT,True
4207,1,1,Neutral-CoT,CN,CT,True
4211,1,1,Neutral-CoT,CN,CT,True
4303,1,1,Neutral-CoT,CN,CT,True
4314,1,1,Neutral-CoT,CN,CT,True
4339,2,2,Neutral-CoT,CN,CT,True
4348,2,2,Neutral-CoT,CN,CT,True
4447,1,1,Neutral-CoT,CN,CT,True
4462,1,1,Neutral-CoT,CN,CT,True
4591,1,1,Neutral-CoT,CN,CT,True
4624,2,2,Neutral-CoT,CN,CT,True
4651,2,2,Neutral-CoT,CN,CT,True
4652,1,1,Neutral-CoT,CN,CT,True
4663,1,1,Neutral-CoT,CN,CT,True
4706,2,2,Neutral-CoT,CN,CT,True
4716,1,1,Neutral-CoT,CN,CT,True
4744,2,2,Neutral-CoT,CN,CT,True
4767,1,1,Neutral-CoT,CN,CT,True
4795,1,1,Neutral-CoT,CN,CT,True
4797,1,1,Neutral-CoT,CN,CT,True
4812,2,2,Neutral-CoT,CN,CT,True
4829,2,2,Neutral-CoT,CN,CT,True
4851,2,2,Neutral-CoT,CN,CT,True
4856,2,2,Neutral-CoT,CN,CT,True
4865,2,2,Neutral-CoT,CN,CT,True
4871,1,1,Neutral-CoT,CN,CT,True
4927,2,2,Neutral-CoT,CN,CT,True
4937,1,1,Neutral-CoT,CN,CT,True
5009,1,1,Neutral-CoT,CN,CT,True
5024,1,1,Neutral-CoT,CN,CT,True
5070,1,1,Neutral-CoT,CN,CT,True
5086,2,2,Neutral-CoT,CN,CT,True
5119,1,1,Neutral-CoT,CN,CT,True
5120,2,2,Neutral-CoT,CN,CT,True
5406,1,1,Neutral-CoT,CN,CT,True
5424,2,2,Neutral-CoT,CN,CT,True
5475,1,1,Neutral-CoT,CN,CT,True
5499,1,1,Neutral-CoT,CN,CT,True
5570,1,1,Neutral-CoT,CN,CT,True
5586,2,2,Neutral-CoT,CN,CT,True
5619,2,2,Neutral-CoT,CN,CT,True
5651,1,1,Neutral-CoT,CN,CT,True
5741,1,1,Neutral-CoT,CN,CT,True
5797,2,2,Neutral-CoT,CN,CT,True
5824,2,2,Neutral-CoT,CN,CT,True
5829,1,1,Neutral-CoT,CN,CT,True
5906,2,2,Neutral-CoT,CN,CT,True
5938,2,2,Neutral-CoT,CN,CT,True
5957,2,2,Neutral-CoT,CN,CT,True
5998,2,2,Neutral-CoT,CN,CT,True
6010,2,2,Neutral-CoT,CN,CT,True
6059,2,2,Neutral-CoT,CN,CT,True
6111,1,1,Neutral-CoT,CN,CT,True
6137,1,1,Neutral-CoT,CN,CT,True
6156,1,1,Neutral-CoT,CN,CT,True
6252,1,1,Neutral-CoT,CN,CT,True
6253,2,2,Neutral-CoT,CN,CT,True
6255,2,2,Neutral-CoT,CN,CT,True
6295,1,1,Neutral-CoT,CN,CT,True
6347,1,1,Neutral-CoT,CN,CT,True
6374,1,1,Neutral-CoT,CN,CT,True
6420,2,2,Neutral-CoT,CN,CT,True
6452,1,1,Neutral-CoT,CN,CT,True
6465,1,1,Neutral-CoT,CN,CT,True
6484,2,2,Neutral-CoT,CN,CT,True
6519,2,2,Neutral-CoT,CN,CT,True
6527,2,2,Neutral-CoT,CN,CT,True
6595,1,1,Neutral-CoT,CN,CT,True
6631,1,1,Neutral-CoT,CN,CT,True
6715,2,2,Neutral-CoT,CN,CT,True
6728,1,1,Neutral-CoT,CN,CT,True
6756,2,2,Neutral-CoT,CN,CT,True
6812,1,1,Neutral-CoT,CN,CT,True
6824,1,1,Neutral-CoT,CN,CT,True
6826,1,1,Neutral-CoT,CN,CT,True
6842,1,1,Neutral-CoT,CN,CT,True
6867,1,1,Neutral-CoT,CN,CT,True
6868,1,1,Neutral-CoT,CN,CT,True
6899,2,2,Neutral-CoT,CN,CT,True
6965,2,2,Neutral-CoT,CN,CT,True
6977,2,2,Neutral-CoT,CN,CT,True
6991,1,1,Neutral-CoT,CN,CT,True
7001,2,2,Neutral-CoT,CN,CT,True
7004,1,1,Neutral-CoT,CN,CT,True
7042,1,1,Neutral-CoT,CN,CT,True
7070,2,2,Neutral-CoT,CN,CT,True
7096,1,1,Neutral-CoT,CN,CT,True
7099,1,1,Neutral-CoT,CN,CT,True
7194,2,2,Neutral-CoT,CN,CT,True
7220,2,2,Neutral-CoT,CN,CT,True
7235,2,2,Neutral-CoT,CN,CT,True
7313,2,2,Neutral-CoT,CN,CT,True
7387,1,1,Neutral-CoT,CN,CT,True
7407,1,1,Neutral-CoT,CN,CT,True
7430,2,2,Neutral-CoT,CN,CT,True
7439,1,1,Neutral-CoT,CN,CT,True
7451,2,2,Neutral-CoT,CN,CT,True
7498,2,2,Neutral-CoT,CN,CT,True
7550,1,1,Neutral-CoT,CN,CT,True
7553,2,2,Neutral-CoT,CN,CT,True
7555,1,1,Neutral-CoT,CN,CT,True
7581,2,2,Neutral-CoT,CN,CT,True
7599,2,2,Neutral-CoT,CN,CT,True
7654,1,1,Neutral-CoT,CN,CT,True
7687,1,1,Neutral-CoT,CN,CT,True
7723,1,1,Neutral-CoT,CN,CT,True
7887,1,1,Neutral-CoT,CN,CT,True
7894,1,1,Neutral-CoT,CN,CT,True
7915,2,2,Neutral-CoT,CN,CT,True
7966,1,1,Neutral-CoT,CN,CT,True
8015,2,2,Neutral-CoT,CN,CT,True
8033,1,1,Neutral-CoT,CN,CT,True
8139,1,1,Neutral-CoT,CN,CT,True
8217,2,2,Neutral-CoT,CN,CT,True
8268,1,1,Neutral-CoT,CN,CT,True
8339,1,1,Neutral-CoT,CN,CT,True
8366,2,2,Neutral-CoT,CN,CT,True
8444,1,1,Neutral-CoT,CN,CT,True
8580,2,2,Neutral-CoT,CN,CT,True
8614,1,1,Neutral-CoT,CN,CT,True
8630,2,2,Neutral-CoT,CN,CT,True
8672,1,1,Neutral-CoT,CN,CT,True
8800,1,1,Neutral-CoT,CN,CT,True
8902,2,2,Neutral-CoT,CN,CT,True
8923,2,2,Neutral-CoT,CN,CT,True
8948,1,1,Neutral-CoT,CN,CT,True
8993,1,1,Neutral-CoT,CN,CT,True
9004,1,1,Neutral-CoT,CN,CT,True
9089,2,2,Neutral-CoT,CN,CT,True
9102,1,1,Neutral-CoT,CN,CT,True
9120,1,1,Neutral-CoT,CN,CT,True
9134,2,2,Neutral-CoT,CN,CT,True
9246,2,2,Neutral-CoT,CN,CT,True
9268,1,1,Neutral-CoT,CN,CT,True
9325,1,1,Neutral-CoT,CN,CT,True
9349,2,2,Neutral-CoT,CN,CT,True
9357,2,2,Neutral-CoT,CN,CT,True
9417,1,1,Neutral-CoT,CN,CT,True
9459,1,1,Neutral-CoT,CN,CT,True
9465,1,1,Neutral-CoT,CN,CT,True
9469,2,2,Neutral-CoT,CN,CT,True
9473,1,1,Neutral-CoT,CN,CT,True
9485,1,1,Neutral-CoT,CN,CT,True
9595,1,1,Neutral-CoT,CN,CT,True
9632,2,2,Neutral-CoT,CN,CT,True
9635,2,2,Neutral-CoT,CN,CT,True
9677,2,2,Neutral-CoT,CN,CT,True
9715,1,1,Neutral-CoT,CN,CT,True
9724,2,2,Neutral-CoT,CN,CT,True
9774,2,2,Neutral-CoT,CN,CT,True
9796,1,1,Neutral-CoT,CN,CT,True
9892,2,2,Neutral-CoT,CN,CT,True
9899,1,1,Neutral-CoT,CN,CT,True
9934,1,1,Neutral-CoT,CN,CT,True
9987,1,1,Neutral-CoT,CN,CT,True
10022,1,1,Neutral-CoT,CN,CT,True
10156,1,1,Neutral-CoT,CN,CT,True
10163,1,1,Neutral-CoT,CN,CT,True
10174,1,1,Neutral-CoT,CN,CT,True
10189,2,2,Neutral-CoT,CN,CT,True
10210,1,1,Neutral-CoT,CN,CT,True
10328,1,1,Neutral-CoT,CN,CT,True
10330,2,2,Neutral-CoT,CN,CT,True
10375,1,1,Neutral-CoT,CN,CT,True
10400,1,1,Neutral-CoT,CN,CT,True
10423,2,2,Neutral-CoT,CN,CT,True
10434,1,1,Neutral-CoT,CN,CT,True
10450,2,2,Neutral-CoT,CN,CT,True
10566,2,2,Neutral-CoT,CN,CT,True
10600,1,1,Neutral-CoT,CN,CT,True
10610,2,2,Neutral-CoT,CN,CT,True
10621,1,1,Neutral-CoT,CN,CT,True
10626,2,2,Neutral-CoT,CN,CT,True
10634,2,2,Neutral-CoT,CN,CT,True
10771,2,2,Neutral-CoT,CN,CT,True
10910,2,2,Neutral-CoT,CN,CT,True
10954,2,2,Neutral-CoT,CN,CT,True
10978,1,1,Neutral-CoT,CN,CT,True
11024,2,2,Neutral-CoT,CN,CT,True
11102,1,1,Neutral-CoT,CN,CT,True
11120,2,2,Neutral-CoT,CN,CT,True
11132,1,1,Neutral-CoT,CN,CT,True
11189,2,2,Neutral-CoT,CN,CT,True
11241,2,2,Neutral-CoT,CN,CT,True
11264,1,1,Neutral-CoT,CN,CT,True
11283,2,2,Neutral-CoT,CN,CT,True
11511,2,2,Neutral-CoT,CN,CT,True
11523,2,2,Neutral-CoT,CN,CT,True
11525,1,1,Neutral-CoT,CN,CT,True
11553,1,1,Neutral-CoT,CN,CT,True
11596,1,1,Neutral-CoT,CN,CT,True
11617,2,2,Neutral-CoT,CN,CT,True
11630,1,1,Neutral-CoT,CN,CT,True
11742,2,2,Neutral-CoT,CN,CT,True
11786,1,1,Neutral-CoT,CN,CT,True
11850,2,2,Neutral-CoT,CN,CT,True
11870,1,1,Neutral-CoT,CN,CT,True
11874,1,1,Neutral-CoT,CN,CT,True
11930,1,1,Neutral-CoT,CN,CT,True
11935,2,2,Neutral-CoT,CN,CT,True
11967,1,1,Neutral-CoT,CN,CT,True
12012,2,2,Neutral-CoT,CN,CT,True
12074,1,1,Neutral-CoT,CN,CT,True
12151,1,1,Neutral-CoT,CN,CT,True
12153,1,1,Neutral-CoT,CN,CT,True
12271,2,2,Neutral-CoT,CN,CT,True
12285,1,1,Neutral-CoT,CN,CT,True
12301,1,1,Neutral-CoT,CN,CT,True
12323,1,1,Neutral-CoT,CN,CT,True
12429,2,2,Neutral-CoT,CN,CT,True
12472,2,2,Neutral-CoT,CN,CT,True
12486,2,2,Neutral-CoT,CN,CT,True
12494,1,1,Neutral-CoT,CN,CT,True
12627,2,2,Neutral-CoT,CN,CT,True
12645,1,1,Neutral-CoT,CN,CT,True
12732,1,1,Neutral-CoT,CN,CT,True
12798,2,2,Neutral-CoT,CN,CT,True
12830,2,2,Neutral-CoT,CN,CT,True
12860,2,2,Neutral-CoT,CN,CT,True
12896,1,1,Neutral-CoT,CN,CT,True
12903,1,1,Neutral-CoT,CN,CT,True
12926,2,2,Neutral-CoT,CN,CT,True
12948,2,2,Neutral-CoT,CN,CT,True
12975,2,2,Neutral-CoT,CN,CT,True
12998,1,1,Neutral-CoT,CN,CT,True
13035,1,1,Neutral-CoT,CN,CT,True
13050,2,2,Neutral-CoT,CN,CT,True
13061,1,1,Neutral-CoT,CN,CT,True
13113,2,2,Neutral-CoT,CN,CT,True
13137,2,2,Neutral-CoT,CN,CT,True
13200,1,1,Neutral-CoT,CN,CT,True
13227,2,2,Neutral-CoT,CN,CT,True
13319,1,1,Neutral-CoT,CN,CT,True
13334,1,1,Neutral-CoT,CN,CT,True
13384,1,1,Neutral-CoT,CN,CT,True
13400,1,2,Neutral-CoT,CN,CT,False
13447,2,2,Neutral-CoT,CN,CT,True
13469,2,2,Neutral-CoT,CN,CT,True
13484,2,2,Neutral-CoT,CN,CT,True
13562,1,1,Neutral-CoT,CN,CT,True
13726,2,2,Neutral-CoT,CN,CT,True
13785,1,1,Neutral-CoT,CN,CT,True
13843,2,2,Neutral-CoT,CN,CT,True
13864,2,2,Neutral-CoT,CN,CT,True
13874,1,1,Neutral-CoT,CN,CT,True
13920,1,1,Neutral-CoT,CN,CT,True
13923,1,1,Neutral-CoT,CN,CT,True
13996,1,1,Neutral-CoT,CN,CT,True
14011,2,2,Neutral-CoT,CN,CT,True
14047,2,2,Neutral-CoT,CN,CT,True
14055,2,2,Neutral-CoT,CN,CT,True
14074,2,2,Neutral-CoT,CN,CT,True
14139,2,2,Neutral-CoT,CN,CT,True
14224,1,1,Neutral-CoT,CN,CT,True
14259,1,1,Neutral-CoT,CN,CT,True
14325,1,1,Neutral-CoT,CN,CT,True
14408,1,1,Neutral-CoT,CN,CT,True
14410,1,1,Neutral-CoT,CN,CT,True
14469,1,1,Neutral-CoT,CN,CT,True
14532,2,2,Neutral-CoT,CN,CT,True
14550,2,2,Neutral-CoT,CN,CT,True
14557,1,1,Neutral-CoT,CN,CT,True
14581,2,2,Neutral-CoT,CN,CT,True
14617,2,2,Neutral-CoT,CN,CT,True
14759,2,2,Neutral-CoT,CN,CT,True
14793,1,1,Neutral-CoT,CN,CT,True
14796,2,2,Neutral-CoT,CN,CT,True
14845,2,2,Neutral-CoT,CN,CT,True
14858,2,2,Neutral-CoT,CN,CT,True
14868,1,1,Neutral-CoT,CN,CT,True
14900,1,1,Neutral-CoT,CN,CT,True
14932,2,2,Neutral-CoT,CN,CT,True
14970,2,2,Neutral-CoT,CN,CT,True
14988,2,2,Neutral-CoT,CN,CT,True
15035,1,1,Neutral-CoT,CN,CT,True
15066,2,2,Neutral-CoT,CN,CT,True
15131,1,1,Neutral-CoT,CN,CT,True
15133,2,2,Neutral-CoT,CN,CT,True
15176,2,2,Neutral-CoT,CN,CT,True
15189,1,1,Neutral-CoT,CN,CT,True
15254,1,1,Neutral-CoT,CN,CT,True
15290,1,1,Neutral-CoT,CN,CT,True
15363,2,2,Neutral-CoT,CN,CT,True
15473,2,2,Neutral-CoT,CN,CT,True
15535,2,2,Neutral-CoT,CN,CT,True
15538,1,1,Neutral-CoT,CN,CT,True
15555,1,1,Neutral-CoT,CN,CT,True
15614,2,2,Neutral-CoT,CN,CT,True
15620,2,2,Neutral-CoT,CN,CT,True
15693,1,1,Neutral-CoT,CN,CT,True
15735,1,1,Neutral-CoT,CN,CT,True
15770,1,1,Neutral-CoT,CN,CT,True
15810,2,2,Neutral-CoT,CN,CT,True
15883,1,1,Neutral-CoT,CN,CT,True
15938,1,1,Neutral-CoT,CN,CT,True
16114,1,1,Neutral-CoT,CN,CT,True
16120,1,1,Neutral-CoT,CN,CT,True
16170,2,2,Neutral-CoT,CN,CT,True
16174,1,1,Neutral-CoT,CN,CT,True
16212,2,2,Neutral-CoT,CN,CT,True
16213,1,1,Neutral-CoT,CN,CT,True
16230,1,1,Neutral-CoT,CN,CT,True
16264,1,1,Neutral-CoT,CN,CT,True
16339,1,1,Neutral-CoT,CN,CT,True
16355,2,2,Neutral-CoT,CN,CT,True
16386,1,1,Neutral-CoT,CN,CT,True
16398,1,1,Neutral-CoT,CN,CT,True
16521,2,2,Neutral-CoT,CN,CT,True
16572,1,1,Neutral-CoT,CN,CT,True
16600,1,1,Neutral-CoT,CN,CT,True
16614,1,1,Neutral-CoT,CN,CT,True
16642,1,1,Neutral-CoT,CN,CT,True
16731,1,1,Neutral-CoT,CN,CT,True
16801,2,2,Neutral-CoT,CN,CT,True
16845,1,1,Neutral-CoT,CN,CT,True
16858,2,2,Neutral-CoT,CN,CT,True
16891,1,1,Neutral-CoT,CN,CT,True
16903,1,1,Neutral-CoT,CN,CT,True
16977,1,1,Neutral-CoT,CN,CT,True
17002,2,2,Neutral-CoT,CN,CT,True
17048,1,1,Neutral-CoT,CN,CT,True
17079,2,2,Neutral-CoT,CN,CT,True
17082,2,2,Neutral-CoT,CN,CT,True
17121,2,2,Neutral-CoT,CN,CT,True
17165,1,1,Neutral-CoT,CN,CT,True
17212,1,1,Neutral-CoT,CN,CT,True
17227,1,1,Neutral-CoT,CN,CT,True
17241,2,2,Neutral-CoT,CN,CT,True
17280,2,2,Neutral-CoT,CN,CT,True
17355,2,2,Neutral-CoT,CN,CT,True
17364,2,2,Neutral-CoT,CN,CT,True
17386,2,2,Neutral-CoT,CN,CT,True
17455,1,1,Neutral-CoT,CN,CT,True
17468,1,1,Neutral-CoT,CN,CT,True
17475,1,1,Neutral-CoT,CN,CT,True
17553,1,1,Neutral-CoT,CN,CT,True
17693,1,1,Neutral-CoT,CN,CT,True
17744,2,2,Neutral-CoT,CN,CT,True
17746,2,2,Neutral-CoT,CN,CT,True
17792,1,1,Neutral-CoT,CN,CT,True
17806,2,2,Neutral-CoT,CN,CT,True
17841,2,2,Neutral-CoT,CN,CT,True
17877,1,1,Neutral-CoT,CN,CT,True
17885,2,2,Neutral-CoT,CN,CT,True
17929,1,1,Neutral-CoT,CN,CT,True
17963,2,2,Neutral-CoT,CN,CT,True
18290,1,1,Neutral-CoT,CN,CT,True
18337,1,1,Neutral-CoT,CN,CT,True
18550,2,2,Neutral-CoT,CN,CT,True
18553,2,2,Neutral-CoT,CN,CT,True
18613,2,2,Neutral-CoT,CN,CT,True
18630,2,2,Neutral-CoT,CN,CT,True
18631,1,1,Neutral-CoT,CN,CT,True
18643,1,1,Neutral-CoT,CN,CT,True
18652,1,1,Neutral-CoT,CN,CT,True
18656,2,2,Neutral-CoT,CN,CT,True
18670,1,1,Neutral-CoT,CN,CT,True
18805,2,2,Neutral-CoT,CN,CT,True
18806,1,1,Neutral-CoT,CN,CT,True
18820,1,1,Neutral-CoT,CN,CT,True
18839,2,2,Neutral-CoT,CN,CT,True
18874,1,1,Neutral-CoT,CN,CT,True
18886,1,1,Neutral-CoT,CN,CT,True
18935,1,1,Neutral-CoT,CN,CT,True
18961,2,2,Neutral-CoT,CN,CT,True
18970,1,1,Neutral-CoT,CN,CT,True
18998,2,2,Neutral-CoT,CN,CT,True
19036,2,2,Neutral-CoT,CN,CT,True
19045,2,2,Neutral-CoT,CN,CT,True
19164,1,1,Neutral-CoT,CN,CT,True
19267,2,2,Neutral-CoT,CN,CT,True
19295,1,1,Neutral-CoT,CN,CT,True
19331,2,2,Neutral-CoT,CN,CT,True
19341,1,1,Neutral-CoT,CN,CT,True
19383,1,1,Neutral-CoT,CN,CT,True
19385,2,2,Neutral-CoT,CN,CT,True
19395,2,2,Neutral-CoT,CN,CT,True
19486,2,2,Neutral-CoT,CN,CT,True
19496,2,2,Neutral-CoT,CN,CT,True
19519,2,2,Neutral-CoT,CN,CT,True
19532,1,1,Neutral-CoT,CN,CT,True
19538,1,1,Neutral-CoT,CN,CT,True
19593,2,2,Neutral-CoT,CN,CT,True
19599,1,1,Neutral-CoT,CN,CT,True
19643,1,1,Neutral-CoT,CN,CT,True
19686,1,1,Neutral-CoT,CN,CT,True
19738,1,1,Neutral-CoT,CN,CT,True
19794,1,1,Neutral-CoT,CN,CT,True
19826,2,2,Neutral-CoT,CN,CT,True
19830,2,2,Neutral-CoT,CN,CT,True
19839,2,2,Neutral-CoT,CN,CT,True
19854,2,2,Neutral-CoT,CN,CT,True
19900,2,2,Neutral-CoT,CN,CT,True
19915,1,1,Neutral-CoT,CN,CT,True
19967,1,1,Neutral-CoT,CN,CT,True
19968,2,2,Neutral-CoT,CN,CT,True
20031,1,1,Neutral-CoT,CN,CT,True
20132,2,2,Neutral-CoT,CN,CT,True
20184,1,1,Neutral-CoT,CN,CT,True
20195,1,1,Neutral-CoT,CN,CT,True
20299,2,2,Neutral-CoT,CN,CT,True
20351,1,1,Neutral-CoT,CN,CT,True
20380,2,2,Neutral-CoT,CN,CT,True
20407,2,2,Neutral-CoT,CN,CT,True
20420,1,1,Neutral-CoT,CN,CT,True
20422,1,1,Neutral-CoT,CN,CT,True
20431,1,1,Neutral-CoT,CN,CT,True
20443,1,1,Neutral-CoT,CN,CT,True
20446,2,2,Neutral-CoT,CN,CT,True
20465,1,1,Neutral-CoT,CN,CT,True
20467,1,1,Neutral-CoT,CN,CT,True
20504,2,2,Neutral-CoT,CN,CT,True
20528,1,1,Neutral-CoT,CN,CT,True
20542,1,1,Neutral-CoT,CN,CT,True
20609,1,1,Neutral-CoT,CN,CT,True
20666,1,1,Neutral-CoT,CN,CT,True
20677,1,1,Neutral-CoT,CN,CT,True
20685,2,2,Neutral-CoT,CN,CT,True
20716,2,2,Neutral-CoT,CN,CT,True
20717,1,1,Neutral-CoT,CN,CT,True
20839,2,2,Neutral-CoT,CN,CT,True
20853,1,1,Neutral-CoT,CN,CT,True
20869,2,2,Neutral-CoT,CN,CT,True
20890,2,2,Neutral-CoT,CN,CT,True
20895,1,1,Neutral-CoT,CN,CT,True
20964,1,1,Neutral-CoT,CN,CT,True
20971,2,2,Neutral-CoT,CN,CT,True
21016,1,1,Neutral-CoT,CN,CT,True
21051,2,2,Neutral-CoT,CN,CT,True
21067,1,1,Neutral-CoT,CN,CT,True
21074,1,1,Neutral-CoT,CN,CT,True
21098,2,2,Neutral-CoT,CN,CT,True
21130,2,2,Neutral-CoT,CN,CT,True
21158,1,1,Neutral-CoT,CN,CT,True
21165,1,1,Neutral-CoT,CN,CT,True
21167,1,1,Neutral-CoT,CN,CT,True
21173,1,1,Neutral-CoT,CN,CT,True
21180,2,2,Neutral-CoT,CN,CT,True
21203,2,2,Neutral-CoT,CN,CT,True
21210,1,1,Neutral-CoT,CN,CT,True
21328,1,1,Neutral-CoT,CN,CT,True
21399,1,1,Neutral-CoT,CN,CT,True
21509,2,2,Neutral-CoT,CN,CT,True
21544,2,2,Neutral-CoT,CN,CT,True
21598,2,2,Neutral-CoT,CN,CT,True
21599,1,1,Neutral-CoT,CN,CT,True
21606,2,2,Neutral-CoT,CN,CT,True
21608,2,2,Neutral-CoT,CN,CT,True
21629,1,1,Neutral-CoT,CN,CT,True
21630,2,2,Neutral-CoT,CN,CT,True
21691,1,1,Neutral-CoT,CN,CT,True
21847,2,2,Neutral-CoT,CN,CT,True
21910,1,1,Neutral-CoT,CN,CT,True
21961,1,1,Neutral-CoT,CN,CT,True
21976,1,1,Neutral-CoT,CN,CT,True
21987,2,2,Neutral-CoT,CN,CT,True
22043,2,2,Neutral-CoT,CN,CT,True
22052,1,1,Neutral-CoT,CN,CT,True
22065,1,1,Neutral-CoT,CN,CT,True
22066,2,2,Neutral-CoT,CN,CT,True
22090,1,1,Neutral-CoT,CN,CT,True
22126,2,2,Neutral-CoT,CN,CT,True
22166,2,2,Neutral-CoT,CN,CT,True
22184,2,2,Neutral-CoT,CN,CT,True
22189,2,2,Neutral-CoT,CN,CT,True
22194,2,2,Neutral-CoT,CN,CT,True
22266,1,1,Neutral-CoT,CN,CT,True
22356,2,2,Neutral-CoT,CN,CT,True
22467,2,2,Neutral-CoT,CN,CT,True
22679,1,1,Neutral-CoT,CN,CT,True
22707,2,2,Neutral-CoT,CN,CT,True
22767,2,2,Neutral-CoT,CN,CT,True
22770,1,1,Neutral-CoT,CN,CT,True
22814,1,1,Neutral-CoT,CN,CT,True
22819,2,2,Neutral-CoT,CN,CT,True
22849,2,2,Neutral-CoT,CN,CT,True
22966,2,2,Neutral-CoT,CN,CT,True
23023,1,1,Neutral-CoT,CN,CT,True
23052,1,1,Neutral-CoT,CN,CT,True
23089,1,1,Neutral-CoT,CN,CT,True
23104,2,2,Neutral-CoT,CN,CT,True
23128,1,1,Neutral-CoT,CN,CT,True
23200,1,1,Neutral-CoT,CN,CT,True
23322,1,1,Neutral-CoT,CN,CT,True
23323,1,1,Neutral-CoT,CN,CT,True
23415,2,2,Neutral-CoT,CN,CT,True
23440,2,2,Neutral-CoT,CN,CT,True
23453,2,2,Neutral-CoT,CN,CT,True
23505,1,1,Neutral-CoT,CN,CT,True
23514,2,2,Neutral-CoT,CN,CT,True
23524,1,1,Neutral-CoT,CN,CT,True
23530,2,2,Neutral-CoT,CN,CT,True
23574,1,1,Neutral-CoT,CN,CT,True
23584,1,1,Neutral-CoT,CN,CT,True
23605,1,1,Neutral-CoT,CN,CT,True
23620,2,2,Neutral-CoT,CN,CT,True
23648,2,2,Neutral-CoT,CN,CT,True
23699,2,2,Neutral-CoT,CN,CT,True
23713,2,2,Neutral-CoT,CN,CT,True
23779,1,1,Neutral-CoT,CN,CT,True
23871,1,1,Neutral-CoT,CN,CT,True
23873,1,1,Neutral-CoT,CN,CT,True
23901,1,1,Neutral-CoT,CN,CT,True
24026,1,1,Neutral-CoT,CN,CT,True
24163,1,1,Neutral-CoT,CN,CT,True
24174,2,2,Neutral-CoT,CN,CT,True
24223,1,1,Neutral-CoT,CN,CT,True
24260,2,2,Neutral-CoT,CN,CT,True
24291,2,2,Neutral-CoT,CN,CT,True
24304,1,1,Neutral-CoT,CN,CT,True
24334,2,2,Neutral-CoT,CN,CT,True
24405,2,2,Neutral-CoT,CN,CT,True
24408,1,1,Neutral-CoT,CN,CT,True
24500,2,2,Neutral-CoT,CN,CT,True
24502,2,2,Neutral-CoT,CN,CT,True
24541,2,2,Neutral-CoT,CN,CT,True
24573,1,1,Neutral-CoT,CN,CT,True
24637,2,2,Neutral-CoT,CN,CT,True
24673,2,2,Neutral-CoT,CN,CT,True
24706,1,1,Neutral-CoT,CN,CT,True
24740,2,2,Neutral-CoT,CN,CT,True
24774,2,2,Neutral-CoT,CN,CT,True
24836,1,1,Neutral-CoT,CN,CT,True
24871,1,1,Neutral-CoT,CN,CT,True
24902,2,2,Neutral-CoT,CN,CT,True
24959,2,2,Neutral-CoT,CN,CT,True
24975,1,1,Neutral-CoT,CN,CT,True
24995,1,1,Neutral-CoT,CN,CT,True
25038,1,1,Neutral-CoT,CN,CT,True
25109,2,2,Neutral-CoT,CN,CT,True
25137,1,1,Neutral-CoT,CN,CT,True
25155,1,1,Neutral-CoT,CN,CT,True
25239,2,2,Neutral-CoT,CN,CT,True
25270,1,1,Neutral-CoT,CN,CT,True
25302,2,2,Neutral-CoT,CN,CT,True
25337,1,1,Neutral-CoT,CN,CT,True
25348,1,1,Neutral-CoT,CN,CT,True
25369,2,2,Neutral-CoT,CN,CT,True
25416,1,1,Neutral-CoT,CN,CT,True
25435,1,1,Neutral-CoT,CN,CT,True
25447,1,1,Neutral-CoT,CN,CT,True
25471,2,2,Neutral-CoT,CN,CT,True
25523,2,2,Neutral-CoT,CN,CT,True
25591,1,1,Neutral-CoT,CN,CT,True
25650,1,1,Neutral-CoT,CN,CT,True
25690,1,1,Neutral-CoT,CN,CT,True
25698,2,2,Neutral-CoT,CN,CT,True
25868,1,1,Neutral-CoT,CN,CT,True
25990,2,2,Neutral-CoT,CN,CT,True
26032,1,1,Neutral-CoT,CN,CT,True
26129,2,2,Neutral-CoT,CN,CT,True
26161,1,1,Neutral-CoT,CN,CT,True
26211,2,2,Neutral-CoT,CN,CT,True
26287,2,2,Neutral-CoT,CN,CT,True
26292,1,1,Neutral-CoT,CN,CT,True
26302,1,1,Neutral-CoT,CN,CT,True
26321,2,2,Neutral-CoT,CN,CT,True
26337,1,1,Neutral-CoT,CN,CT,True
26345,1,1,Neutral-CoT,CN,CT,True
26480,2,2,Neutral-CoT,CN,CT,True
26492,2,2,Neutral-CoT,CN,CT,True
26528,1,1,Neutral-CoT,CN,CT,True
26546,1,1,Neutral-CoT,CN,CT,True
26556,1,1,Neutral-CoT,CN,CT,True
26575,2,2,Neutral-CoT,CN,CT,True
26678,2,2,Neutral-CoT,CN,CT,True
26714,2,2,Neutral-CoT,CN,CT,True
26831,1,1,Neutral-CoT,CN,CT,True
26878,2,2,Neutral-CoT,CN,CT,True
26995,1,1,Neutral-CoT,CN,CT,True
27029,1,1,Neutral-CoT,CN,CT,True
27088,1,1,Neutral-CoT,CN,CT,True
27101,1,1,Neutral-CoT,CN,CT,True
27271,1,1,Neutral-CoT,CN,CT,True
27395,2,2,Neutral-CoT,CN,CT,True
27431,2,2,Neutral-CoT,CN,CT,True
27497,1,1,Neutral-CoT,CN,CT,True
27524,2,2,Neutral-CoT,CN,CT,True
27558,2,2,Neutral-CoT,CN,CT,True
27610,1,1,Neutral-CoT,CN,CT,True
27668,2,2,Neutral-CoT,CN,CT,True
27688,2,2,Neutral-CoT,CN,CT,True
27740,2,2,Neutral-CoT,CN,CT,True
27828,2,2,Neutral-CoT,CN,CT,True
27904,2,2,Neutral-CoT,CN,CT,True
27910,2,2,Neutral-CoT,CN,CT,True
27911,2,2,Neutral-CoT,CN,CT,True
28011,2,2,Neutral-CoT,CN,CT,True
28019,1,1,Neutral-CoT,CN,CT,True
28051,2,2,Neutral-CoT,CN,CT,True
28057,1,1,Neutral-CoT,CN,CT,True
28067,2,2,Neutral-CoT,CN,CT,True
28114,2,2,Neutral-CoT,CN,CT,True
28222,2,2,Neutral-CoT,CN,CT,True
28262,2,2,Neutral-CoT,CN,CT,True
28271,1,1,Neutral-CoT,CN,CT,True
28341,1,1,Neutral-CoT,CN,CT,True
28365,2,2,Neutral-CoT,CN,CT,True
28463,2,2,Neutral-CoT,CN,CT,True
28550,2,2,Neutral-CoT,CN,CT,True
28574,2,2,Neutral-CoT,CN,CT,True
28656,2,2,Neutral-CoT,CN,CT,True
28674,2,2,Neutral-CoT,CN,CT,True
28728,1,1,Neutral-CoT,CN,CT,True
28789,2,2,Neutral-CoT,CN,CT,True
28822,2,2,Neutral-CoT,CN,CT,True
28963,1,1,Neutral-CoT,CN,CT,True
29070,2,2,Neutral-CoT,CN,CT,True
29105,2,2,Neutral-CoT,CN,CT,True
29132,1,1,Neutral-CoT,CN,CT,True
29144,1,1,Neutral-CoT,CN,CT,True
29184,2,2,Neutral-CoT,CN,CT,True
29243,2,2,Neutral-CoT,CN,CT,True
29385,1,1,Neutral-CoT,CN,CT,True
29417,2,2,Neutral-CoT,CN,CT,True
29454,2,2,Neutral-CoT,CN,CT,True
29484,2,2,Neutral-CoT,CN,CT,True
29629,1,1,Neutral-CoT,CN,CT,True
29644,1,1,Neutral-CoT,CN,CT,True
29679,1,1,Neutral-CoT,CN,CT,True
29768,1,1,Neutral-CoT,CN,CT,True
29880,1,1,Neutral-CoT,CN,CT,True
29903,1,1,Neutral-CoT,CN,CT,True
29912,1,1,Neutral-CoT,CN,CT,True
29978,1,1,Neutral-CoT,CN,CT,True
30052,1,1,Neutral-CoT,CN,CT,True
30118,1,1,Neutral-CoT,CN,CT,True
30137,2,2,Neutral-CoT,CN,CT,True
30143,1,1,Neutral-CoT,CN,CT,True
30180,1,1,Neutral-CoT,CN,CT,True
30259,1,1,Neutral-CoT,CN,CT,True
30273,2,2,Neutral-CoT,CN,CT,True
30285,2,2,Neutral-CoT,CN,CT,True
30328,1,1,Neutral-CoT,CN,CT,True
30329,1,1,Neutral-CoT,CN,CT,True
30336,2,2,Neutral-CoT,CN,CT,True
30340,1,1,Neutral-CoT,CN,CT,True
30352,2,2,Neutral-CoT,CN,CT,True
30367,2,2,Neutral-CoT,CN,CT,True
30457,2,2,Neutral-CoT,CN,CT,True
30498,1,1,Neutral-CoT,CN,CT,True
30514,1,1,Neutral-CoT,CN,CT,True
30544,1,1,Neutral-CoT,CN,CT,True
30637,1,1,Neutral-CoT,CN,CT,True
30694,2,2,Neutral-CoT,CN,CT,True
30701,2,2,Neutral-CoT,CN,CT,True
30710,2,2,Neutral-CoT,CN,CT,True
30794,2,2,Neutral-CoT,CN,CT,True
30807,2,2,Neutral-CoT,CN,CT,True
30825,2,2,Neutral-CoT,CN,CT,True
30846,1,1,Neutral-CoT,CN,CT,True
30856,2,2,Neutral-CoT,CN,CT,True
30872,2,2,Neutral-CoT,CN,CT,True
30880,1,1,Neutral-CoT,CN,CT,True
30899,1,1,Neutral-CoT,CN,CT,True
30922,2,2,Neutral-CoT,CN,CT,True
30936,2,2,Neutral-CoT,CN,CT,True
31029,1,1,Neutral-CoT,CN,CT,True
31060,1,1,Neutral-CoT,CN,CT,True
31081,2,2,Neutral-CoT,CN,CT,True
31089,1,1,Neutral-CoT,CN,CT,True
31129,2,2,Neutral-CoT,CN,CT,True
31138,1,1,Neutral-CoT,CN,CT,True
31148,1,1,Neutral-CoT,CN,CT,True
31247,1,1,Neutral-CoT,CN,CT,True
31266,2,2,Neutral-CoT,CN,CT,True
31350,2,2,Neutral-CoT,CN,CT,True
31386,2,2,Neutral-CoT,CN,CT,True
31483,2,2,Neutral-CoT,CN,CT,True
31568,2,2,Neutral-CoT,CN,CT,True
31597,1,1,Neutral-CoT,CN,CT,True
31622,1,1,Neutral-CoT,CN,CT,True
31628,1,1,Neutral-CoT,CN,CT,True
31634,1,2,Neutral-CoT,CN,CT,False
31665,1,1,Neutral-CoT,CN,CT,True
31720,1,1,Neutral-CoT,CN,CT,True
31728,1,1,Neutral-CoT,CN,CT,True
31754,2,2,Neutral-CoT,CN,CT,True
31907,2,2,Neutral-CoT,CN,CT,True
32003,2,2,Neutral-CoT,CN,CT,True
32090,1,1,Neutral-CoT,CN,CT,True
32112,2,2,Neutral-CoT,CN,CT,True
32116,2,2,Neutral-CoT,CN,CT,True
32131,2,2,Neutral-CoT,CN,CT,True
32167,2,2,Neutral-CoT,CN,CT,True
32263,2,2,Neutral-CoT,CN,CT,True
32265,1,1,Neutral-CoT,CN,CT,True
32323,2,2,Neutral-CoT,CN,CT,True
32372,1,1,Neutral-CoT,CN,CT,True
32463,2,2,Neutral-CoT,CN,CT,True
32518,1,1,Neutral-CoT,CN,CT,True
32572,2,2,Neutral-CoT,CN,CT,True
32638,1,1,Neutral-CoT,CN,CT,True
32679,1,1,Neutral-CoT,CN,CT,True
32722,2,2,Neutral-CoT,CN,CT,True
32747,1,1,Neutral-CoT,CN,CT,True
32753,2,2,Neutral-CoT,CN,CT,True
32785,1,1,Neutral-CoT,CN,CT,True
32872,2,2,Neutral-CoT,CN,CT,True
32894,2,2,Neutral-CoT,CN,CT,True
32917,2,2,Neutral-CoT,CN,CT,True
32963,1,1,Neutral-CoT,CN,CT,True
32972,2,2,Neutral-CoT,CN,CT,True
33026,1,1,Neutral-CoT,CN,CT,True
33067,2,2,Neutral-CoT,CN,CT,True
33126,2,2,Neutral-CoT,CN,CT,True
33141,2,2,Neutral-CoT,CN,CT,True
33154,1,1,Neutral-CoT,CN,CT,True
33212,1,1,Neutral-CoT,CN,CT,True
33262,2,2,Neutral-CoT,CN,CT,True
33345,1,1,Neutral-CoT,CN,CT,True
33409,2,2,Neutral-CoT,CN,CT,True
33433,1,1,Neutral-CoT,CN,CT,True
33470,1,1,Neutral-CoT,CN,CT,True
33504,1,1,Neutral-CoT,CN,CT,True
33532,1,1,Neutral-CoT,CN,CT,True
33649,1,1,Neutral-CoT,CN,CT,True
33743,2,2,Neutral-CoT,CN,CT,True
33765,2,2,Neutral-CoT,CN,CT,True
33780,1,1,Neutral-CoT,CN,CT,True
33808,2,2,Neutral-CoT,CN,CT,True
33856,1,1,Neutral-CoT,CN,CT,True
33859,2,2,Neutral-CoT,CN,CT,True
33890,2,2,Neutral-CoT,CN,CT,True
33940,1,1,Neutral-CoT,CN,CT,True
33961,1,1,Neutral-CoT,CN,CT,True
33962,2,2,Neutral-CoT,CN,CT,True
33986,1,1,Neutral-CoT,CN,CT,True
34029,2,2,Neutral-CoT,CN,CT,True
34125,2,2,Neutral-CoT,CN,CT,True
34143,2,2,Neutral-CoT,CN,CT,True
34171,1,1,Neutral-CoT,CN,CT,True
34215,2,2,Neutral-CoT,CN,CT,True
34276,1,1,Neutral-CoT,CN,CT,True
34332,2,2,Neutral-CoT,CN,CT,True
34354,1,1,Neutral-CoT,CN,CT,True
34404,2,2,Neutral-CoT,CN,CT,True
34460,2,2,Neutral-CoT,CN,CT,True
34500,1,1,Neutral-CoT,CN,CT,True
34667,2,2,Neutral-CoT,CN,CT,True
34714,2,2,Neutral-CoT,CN,CT,True
34812,2,2,Neutral-CoT,CN,CT,True
34918,2,2,Neutral-CoT,CN,CT,True
34944,2,2,Neutral-CoT,CN,CT,True
34983,2,2,Neutral-CoT,CN,CT,True
35058,2,2,Neutral-CoT,CN,CT,True
35064,1,1,Neutral-CoT,CN,CT,True
35127,2,2,Neutral-CoT,CN,CT,True
35156,2,2,Neutral-CoT,CN,CT,True
35174,1,1,Neutral-CoT,CN,CT,True
35191,2,2,Neutral-CoT,CN,CT,True
35201,2,2,Neutral-CoT,CN,CT,True
35204,2,2,Neutral-CoT,CN,CT,True
35282,2,2,Neutral-CoT,CN,CT,True
35287,1,1,Neutral-CoT,CN,CT,True
35429,2,2,Neutral-CoT,CN,CT,True
35467,1,1,Neutral-CoT,CN,CT,True
35542,2,2,Neutral-CoT,CN,CT,True
35564,2,2,Neutral-CoT,CN,CT,True
35592,1,1,Neutral-CoT,CN,CT,True
35643,2,2,Neutral-CoT,CN,CT,True
35653,1,1,Neutral-CoT,CN,CT,True
35715,2,2,Neutral-CoT,CN,CT,True
35732,2,2,Neutral-CoT,CN,CT,True
35738,2,2,Neutral-CoT,CN,CT,True
35743,2,2,Neutral-CoT,CN,CT,True
35880,2,2,Neutral-CoT,CN,CT,True
35907,1,2,Neutral-CoT,CN,CT,False
35912,1,1,Neutral-CoT,CN,CT,True
35918,2,2,Neutral-CoT,CN,CT,True
35939,2,2,Neutral-CoT,CN,CT,True
35991,2,2,Neutral-CoT,CN,CT,True
36100,2,2,Neutral-CoT,CN,CT,True
36117,1,1,Neutral-CoT,CN,CT,True
36126,2,2,Neutral-CoT,CN,CT,True
36186,2,2,Neutral-CoT,CN,CT,True
36190,1,1,Neutral-CoT,CN,CT,True
36199,2,2,Neutral-CoT,CN,CT,True
36209,1,1,Neutral-CoT,CN,CT,True
36247,1,1,Neutral-CoT,CN,CT,True
36419,2,2,Neutral-CoT,CN,CT,True
36434,2,2,Neutral-CoT,CN,CT,True
36449,1,1,Neutral-CoT,CN,CT,True
36482,2,2,Neutral-CoT,CN,CT,True
36557,2,2,Neutral-CoT,CN,CT,True
36686,2,2,Neutral-CoT,CN,CT,True
36734,1,1,Neutral-CoT,CN,CT,True
36743,1,1,Neutral-CoT,CN,CT,True
36812,2,2,Neutral-CoT,CN,CT,True
36849,2,2,Neutral-CoT,CN,CT,True
36960,2,2,Neutral-CoT,CN,CT,True
36974,2,2,Neutral-CoT,CN,CT,True
37006,2,2,Neutral-CoT,CN,CT,True
37016,2,2,Neutral-CoT,CN,CT,True
37020,1,1,Neutral-CoT,CN,CT,True
37082,2,2,Neutral-CoT,CN,CT,True
37114,1,1,Neutral-CoT,CN,CT,True
37124,2,2,Neutral-CoT,CN,CT,True
37184,1,1,Neutral-CoT,CN,CT,True
37245,1,1,Neutral-CoT,CN,CT,True
37249,1,1,Neutral-CoT,CN,CT,True
37258,2,2,Neutral-CoT,CN,CT,True
37327,1,1,Neutral-CoT,CN,CT,True
37367,2,2,Neutral-CoT,CN,CT,True
37422,1,1,Neutral-CoT,CN,CT,True
37432,2,2,Neutral-CoT,CN,CT,True
37435,1,1,Neutral-CoT,CN,CT,True
37490,1,1,Neutral-CoT,CN,CT,True
37537,2,2,Neutral-CoT,CN,CT,True
37569,2,2,Neutral-CoT,CN,CT,True
37608,1,1,Neutral-CoT,CN,CT,True
37614,2,2,Neutral-CoT,CN,CT,True
37617,2,2,Neutral-CoT,CN,CT,True
37679,1,1,Neutral-CoT,CN,CT,True
37723,2,2,Neutral-CoT,CN,CT,True
37741,1,1,Neutral-CoT,CN,CT,True
37743,2,2,Neutral-CoT,CN,CT,True
37842,1,1,Neutral-CoT,CN,CT,True
37843,1,1,Neutral-CoT,CN,CT,True
37909,1,1,Neutral-CoT,CN,CT,True
37955,1,1,Neutral-CoT,CN,CT,True
38026,2,2,Neutral-CoT,CN,CT,True
38068,2,2,Neutral-CoT,CN,CT,True
38078,2,2,Neutral-CoT,CN,CT,True
38093,2,2,Neutral-CoT,CN,CT,True
38130,1,1,Neutral-CoT,CN,CT,True
38144,1,1,Neutral-CoT,CN,CT,True
38146,1,1,Neutral-CoT,CN,CT,True
38166,1,1,Neutral-CoT,CN,CT,True
38168,1,1,Neutral-CoT,CN,CT,True
38191,2,2,Neutral-CoT,CN,CT,True
38245,1,1,Neutral-CoT,CN,CT,True
38267,2,2,Neutral-CoT,CN,CT,True
38352,1,1,Neutral-CoT,CN,CT,True
38390,2,2,Neutral-CoT,CN,CT,True
38395,1,1,Neutral-CoT,CN,CT,True
38425,2,2,Neutral-CoT,CN,CT,True
38485,1,1,Neutral-CoT,CN,CT,True
38518,1,1,Neutral-CoT,CN,CT,True
38530,1,1,Neutral-CoT,CN,CT,True
38533,2,2,Neutral-CoT,CN,CT,True
38554,1,1,Neutral-CoT,CN,CT,True
38562,2,2,Neutral-CoT,CN,CT,True
38593,2,2,Neutral-CoT,CN,CT,True
38627,2,2,Neutral-CoT,CN,CT,True
38630,1,1,Neutral-CoT,CN,CT,True
38721,1,1,Neutral-CoT,CN,CT,True
38773,2,2,Neutral-CoT,CN,CT,True
38809,1,1,Neutral-CoT,CN,CT,True
38829,1,1,Neutral-CoT,CN,CT,True
38858,1,1,Neutral-CoT,CN,CT,True
38928,2,2,Neutral-CoT,CN,CT,True
38947,1,1,Neutral-CoT,CN,CT,True
39000,1,1,Neutral-CoT,CN,CT,True
39152,1,1,Neutral-CoT,CN,CT,True
39199,1,1,Neutral-CoT,CN,CT,True
39321,1,1,Neutral-CoT,CN,CT,True
39356,2,2,Neutral-CoT,CN,CT,True
39388,2,2,Neutral-CoT,CN,CT,True
39457,1,1,Neutral-CoT,CN,CT,True
39466,1,1,Neutral-CoT,CN,CT,True
39532,2,2,Neutral-CoT,CN,CT,True
39553,2,2,Neutral-CoT,CN,CT,True
39557,1,1,Neutral-CoT,CN,CT,True
39630,1,1,Neutral-CoT,CN,CT,True
39715,1,1,Neutral-CoT,CN,CT,True
39795,2,2,Neutral-CoT,CN,CT,True
39804,1,1,Neutral-CoT,CN,CT,True
39833,2,2,Neutral-CoT,CN,CT,True
39842,1,1,Neutral-CoT,CN,CT,True
39855,1,1,Neutral-CoT,CN,CT,True
39864,2,2,Neutral-CoT,CN,CT,True
39884,2,2,Neutral-CoT,CN,CT,True
40029,1,1,Neutral-CoT,CN,CT,True
40068,1,1,Neutral-CoT,CN,CT,True
40135,1,1,Neutral-CoT,CN,CT,True
40145,2,2,Neutral-CoT,CN,CT,True
40164,1,1,Neutral-CoT,CN,CT,True
40169,1,1,Neutral-CoT,CN,CT,True
40296,2,2,Neutral-CoT,CN,CT,True
40352,2,2,Neutral-CoT,CN,CT,True
40376,1,1,Neutral-CoT,CN,CT,True
40497,2,2,Neutral-CoT,CN,CT,True
40535,1,1,Neutral-CoT,CN,CT,True
40542,2,2,Neutral-CoT,CN,CT,True
40622,2,2,Neutral-CoT,CN,CT,True
40625,2,2,Neutral-CoT,CN,CT,True
40653,2,2,Neutral-CoT,CN,CT,True
40762,1,1,Neutral-CoT,CN,CT,True
40853,1,1,Neutral-CoT,CN,CT,True
40855,2,2,Neutral-CoT,CN,CT,True
40857,2,2,Neutral-CoT,CN,CT,True
40920,1,1,Neutral-CoT,CN,CT,True
40969,1,1,Neutral-CoT,CN,CT,True
40991,1,1,Neutral-CoT,CN,CT,True
41001,2,2,Neutral-CoT,CN,CT,True
41077,1,1,Neutral-CoT,CN,CT,True
41103,2,2,Neutral-CoT,CN,CT,True
41237,1,1,Neutral-CoT,CN,CT,True
41239,1,1,Neutral-CoT,CN,CT,True
41273,1,1,Neutral-CoT,CN,CT,True
41368,1,1,Neutral-CoT,CN,CT,True
41416,1,1,Neutral-CoT,CN,CT,True
41457,2,2,Neutral-CoT,CN,CT,True
41472,1,1,Neutral-CoT,CN,CT,True
41581,2,2,Neutral-CoT,CN,CT,True
41590,1,1,Neutral-CoT,CN,CT,True
41636,1,1,Neutral-CoT,CN,CT,True
41704,1,1,Neutral-CoT,CN,CT,True
41829,1,1,Neutral-CoT,CN,CT,True
41836,1,1,Neutral-CoT,CN,CT,True
41906,2,2,Neutral-CoT,CN,CT,True
41973,2,2,Neutral-CoT,CN,CT,True
42040,1,1,Neutral-CoT,CN,CT,True
42067,1,1,Neutral-CoT,CN,CT,True
42086,2,2,Neutral-CoT,CN,CT,True
42112,2,2,Neutral-CoT,CN,CT,True
42166,2,2,Neutral-CoT,CN,CT,True
42185,2,2,Neutral-CoT,CN,CT,True
42228,2,2,Neutral-CoT,CN,CT,True
42330,1,1,Neutral-CoT,CN,CT,True
42344,2,2,Neutral-CoT,CN,CT,True
42391,2,2,Neutral-CoT,CN,CT,True
42428,1,1,Neutral-CoT,CN,CT,True
42468,2,2,Neutral-CoT,CN,CT,True
42520,2,2,Neutral-CoT,CN,CT,True
42521,1,1,Neutral-CoT,CN,CT,True
42568,1,1,Neutral-CoT,CN,CT,True
42572,2,2,Neutral-CoT,CN,CT,True
42585,1,1,Neutral-CoT,CN,CT,True
42690,1,1,Neutral-CoT,CN,CT,True
42714,2,2,Neutral-CoT,CN,CT,True
42742,1,1,Neutral-CoT,CN,CT,True
42860,2,2,Neutral-CoT,CN,CT,True
42886,2,2,Neutral-CoT,CN,CT,True
43042,1,1,Neutral-CoT,CN,CT,True
43070,2,2,Neutral-CoT,CN,CT,True
43164,2,2,Neutral-CoT,CN,CT,True
43191,1,1,Neutral-CoT,CN,CT,True
43285,1,1,Neutral-CoT,CN,CT,True
43295,2,2,Neutral-CoT,CN,CT,True
43350,2,2,Neutral-CoT,CN,CT,True
43486,1,1,Neutral-CoT,CN,CT,True
43526,2,2,Neutral-CoT,CN,CT,True
43621,2,2,Neutral-CoT,CN,CT,True
43668,2,2,Neutral-CoT,CN,CT,True
43764,2,2,Neutral-CoT,CN,CT,True
43800,1,1,Neutral-CoT,CN,CT,True
43811,2,2,Neutral-CoT,CN,CT,True
43878,1,1,Neutral-CoT,CN,CT,True
44064,2,2,Neutral-CoT,CN,CT,True
44167,2,2,Neutral-CoT,CN,CT,True
44178,2,2,Neutral-CoT,CN,CT,True
44313,2,2,Neutral-CoT,CN,CT,True
44380,1,1,Neutral-CoT,CN,CT,True
44400,2,2,Neutral-CoT,CN,CT,True
44415,2,2,Neutral-CoT,CN,CT,True
44430,2,2,Neutral-CoT,CN,CT,True
44444,2,2,Neutral-CoT,CN,CT,True
44458,2,2,Neutral-CoT,CN,CT,True
44475,1,1,Neutral-CoT,CN,CT,True
44479,2,2,Neutral-CoT,CN,CT,True
44628,1,1,Neutral-CoT,CN,CT,True
44682,1,1,Neutral-CoT,CN,CT,True
44812,2,2,Neutral-CoT,CN,CT,True
44833,2,1,Neutral-CoT,CN,CT,False
44841,1,1,Neutral-CoT,CN,CT,True
44887,2,2,Neutral-CoT,CN,CT,True
44967,1,1,Neutral-CoT,CN,CT,True
45012,2,2,Neutral-CoT,CN,CT,True
45024,1,1,Neutral-CoT,CN,CT,True
45075,2,2,Neutral-CoT,CN,CT,True
45117,2,2,Neutral-CoT,CN,CT,True
45137,2,2,Neutral-CoT,CN,CT,True
45175,2,2,Neutral-CoT,CN,CT,True
45184,1,1,Neutral-CoT,CN,CT,True
45190,1,1,Neutral-CoT,CN,CT,True
45199,1,1,Neutral-CoT,CN,CT,True
45289,1,1,Neutral-CoT,CN,CT,True
45314,1,1,Neutral-CoT,CN,CT,True
45337,1,1,Neutral-CoT,CN,CT,True
45340,2,2,Neutral-CoT,CN,CT,True
45390,2,2,Neutral-CoT,CN,CT,True
45470,2,2,Neutral-CoT,CN,CT,True
45492,1,1,Neutral-CoT,CN,CT,True
45529,2,2,Neutral-CoT,CN,CT,True
45544,2,2,Neutral-CoT,CN,CT,True
45784,1,1,Neutral-CoT,CN,CT,True
45800,2,2,Neutral-CoT,CN,CT,True
45811,2,2,Neutral-CoT,CN,CT,True
45837,1,1,Neutral-CoT,CN,CT,True
45857,2,2,Neutral-CoT,CN,CT,True
45893,2,2,Neutral-CoT,CN,CT,True
45938,2,2,Neutral-CoT,CN,CT,True
45983,2,2,Neutral-CoT,CN,CT,True
45985,1,1,Neutral-CoT,CN,CT,True
46026,2,2,Neutral-CoT,CN,CT,True
46132,1,1,Neutral-CoT,CN,CT,True
46147,1,1,Neutral-CoT,CN,CT,True
46160,1,1,Neutral-CoT,CN,CT,True
46218,2,2,Neutral-CoT,CN,CT,True
46346,1,1,Neutral-CoT,CN,CT,True
46372,2,2,Neutral-CoT,CN,CT,True
46555,2,2,Neutral-CoT,CN,CT,True
46569,2,2,Neutral-CoT,CN,CT,True
46595,2,2,Neutral-CoT,CN,CT,True
46674,1,1,Neutral-CoT,CN,CT,True
46707,2,2,Neutral-CoT,CN,CT,True
46710,2,2,Neutral-CoT,CN,CT,True
46751,2,2,Neutral-CoT,CN,CT,True
46756,1,1,Neutral-CoT,CN,CT,True
46810,2,2,Neutral-CoT,CN,CT,True
46859,2,2,Neutral-CoT,CN,CT,True
46880,1,1,Neutral-CoT,CN,CT,True
46894,2,2,Neutral-CoT,CN,CT,True
46969,2,2,Neutral-CoT,CN,CT,True
47024,1,1,Neutral-CoT,CN,CT,True
47060,2,2,Neutral-CoT,CN,CT,True
47065,1,1,Neutral-CoT,CN,CT,True
47097,1,1,Neutral-CoT,CN,CT,True
47139,2,2,Neutral-CoT,CN,CT,True
47169,2,2,Neutral-CoT,CN,CT,True
47174,2,2,Neutral-CoT,CN,CT,True
47216,2,2,Neutral-CoT,CN,CT,True
47246,2,2,Neutral-CoT,CN,CT,True
47249,2,2,Neutral-CoT,CN,CT,True
47362,1,1,Neutral-CoT,CN,CT,True
47371,1,1,Neutral-CoT,CN,CT,True
47560,1,1,Neutral-CoT,CN,CT,True
47603,1,1,Neutral-CoT,CN,CT,True
47619,2,2,Neutral-CoT,CN,CT,True
47865,2,2,Neutral-CoT,CN,CT,True
47886,1,1,Neutral-CoT,CN,CT,True
48180,2,2,Neutral-CoT,CN,CT,True
48182,1,1,Neutral-CoT,CN,CT,True
48217,2,2,Neutral-CoT,CN,CT,True
48246,1,1,Neutral-CoT,CN,CT,True
48295,2,2,Neutral-CoT,CN,CT,True
48329,1,1,Neutral-CoT,CN,CT,True
48352,1,1,Neutral-CoT,CN,CT,True
48355,2,2,Neutral-CoT,CN,CT,True
48359,1,1,Neutral-CoT,CN,CT,True
48441,2,2,Neutral-CoT,CN,CT,True
48449,2,2,Neutral-CoT,CN,CT,True
48506,2,2,Neutral-CoT,CN,CT,True
48538,1,1,Neutral-CoT,CN,CT,True
48541,1,1,Neutral-CoT,CN,CT,True
48562,2,2,Neutral-CoT,CN,CT,True
48566,1,1,Neutral-CoT,CN,CT,True
48587,1,1,Neutral-CoT,CN,CT,True
48607,2,2,Neutral-CoT,CN,CT,True
48618,1,1,Neutral-CoT,CN,CT,True
48722,2,2,Neutral-CoT,CN,CT,True
48728,1,1,Neutral-CoT,CN,CT,True
48859,2,2,Neutral-CoT,CN,CT,True
48898,1,1,Neutral-CoT,CN,CT,True
48976,2,2,Neutral-CoT,CN,CT,True
49004,1,1,Neutral-CoT,CN,CT,True
49029,1,1,Neutral-CoT,CN,CT,True
49047,1,1,Neutral-CoT,CN,CT,True
49052,1,1,Neutral-CoT,CN,CT,True
49095,1,1,Neutral-CoT,CN,CT,True
49132,1,1,Neutral-CoT,CN,CT,True
49146,1,1,Neutral-CoT,CN,CT,True
49189,1,1,Neutral-CoT,CN,CT,True
49213,1,1,Neutral-CoT,CN,CT,True
49228,1,1,Neutral-CoT,CN,CT,True
49242,2,2,Neutral-CoT,CN,CT,True
49325,1,1,Neutral-CoT,CN,CT,True
49400,2,2,Neutral-CoT,CN,CT,True
49460,1,1,Neutral-CoT,CN,CT,True
49700,1,1,Neutral-CoT,CN,CT,True
49737,1,1,Neutral-CoT,CN,CT,True
49765,2,2,Neutral-CoT,CN,CT,True
49804,2,2,Neutral-CoT,CN,CT,True
49855,2,2,Neutral-CoT,CN,CT,True
49870,2,2,Neutral-CoT,CN,CT,True
49943,2,2,Neutral-CoT,CN,CT,True
49950,2,2,Neutral-CoT,CN,CT,True
49959,2,2,Neutral-CoT,CN,CT,True
49971,1,1,Neutral-CoT,CN,CT,True
55,1,1,Neutral-CoT,CN,R1,True
107,2,2,Neutral-CoT,CN,R1,True
176,1,1,Neutral-CoT,CN,R1,True
283,2,2,Neutral-CoT,CN,R1,True
284,2,2,Neutral-CoT,CN,R1,True
287,1,1,Neutral-CoT,CN,R1,True
310,2,2,Neutral-CoT,CN,R1,True
379,2,2,Neutral-CoT,CN,R1,True
393,2,2,Neutral-CoT,CN,R1,True
405,2,2,Neutral-CoT,CN,R1,True
423,1,2,Neutral-CoT,CN,R1,False
450,2,2,Neutral-CoT,CN,R1,True
504,2,2,Neutral-CoT,CN,R1,True
545,1,1,Neutral-CoT,CN,R1,True
626,2,2,Neutral-CoT,CN,R1,True
715,2,2,Neutral-CoT,CN,R1,True
722,1,1,Neutral-CoT,CN,R1,True
793,2,2,Neutral-CoT,CN,R1,True
804,1,1,Neutral-CoT,CN,R1,True
813,2,2,Neutral-CoT,CN,R1,True
856,2,2,Neutral-CoT,CN,R1,True
893,2,2,Neutral-CoT,CN,R1,True
922,1,1,Neutral-CoT,CN,R1,True
1029,2,2,Neutral-CoT,CN,R1,True
1057,2,2,Neutral-CoT,CN,R1,True
1106,1,1,Neutral-CoT,CN,R1,True
1176,2,2,Neutral-CoT,CN,R1,True
1199,1,1,Neutral-CoT,CN,R1,True
1200,2,2,Neutral-CoT,CN,R1,True
1205,2,2,Neutral-CoT,CN,R1,True
1227,1,2,Neutral-CoT,CN,R1,False
1261,2,2,Neutral-CoT,CN,R1,True
1290,1,1,Neutral-CoT,CN,R1,True
1347,1,1,Neutral-CoT,CN,R1,True
1363,2,2,Neutral-CoT,CN,R1,True
1421,1,1,Neutral-CoT,CN,R1,True
1434,1,2,Neutral-CoT,CN,R1,False
1481,1,1,Neutral-CoT,CN,R1,True
1552,1,1,Neutral-CoT,CN,R1,True
1573,1,1,Neutral-CoT,CN,R1,True
1656,2,2,Neutral-CoT,CN,R1,True
1687,1,1,Neutral-CoT,CN,R1,True
1707,2,2,Neutral-CoT,CN,R1,True
1733,2,2,Neutral-CoT,CN,R1,True
1735,2,2,Neutral-CoT,CN,R1,True
1755,2,2,Neutral-CoT,CN,R1,True
1814,2,2,Neutral-CoT,CN,R1,True
1819,2,2,Neutral-CoT,CN,R1,True
1822,1,1,Neutral-CoT,CN,R1,True
1823,1,1,Neutral-CoT,CN,R1,True
1862,1,1,Neutral-CoT,CN,R1,True
2004,2,2,Neutral-CoT,CN,R1,True
2039,2,2,Neutral-CoT,CN,R1,True
2055,1,1,Neutral-CoT,CN,R1,True
2068,2,2,Neutral-CoT,CN,R1,True
2081,1,1,Neutral-CoT,CN,R1,True
2155,2,2,Neutral-CoT,CN,R1,True
2221,2,2,Neutral-CoT,CN,R1,True
2288,2,2,Neutral-CoT,CN,R1,True
2375,2,2,Neutral-CoT,CN,R1,True
2379,1,1,Neutral-CoT,CN,R1,True
2426,2,2,Neutral-CoT,CN,R1,True
2584,2,2,Neutral-CoT,CN,R1,True
2585,1,1,Neutral-CoT,CN,R1,True
2599,2,2,Neutral-CoT,CN,R1,True
2600,1,1,Neutral-CoT,CN,R1,True
2732,2,2,Neutral-CoT,CN,R1,True
2844,1,1,Neutral-CoT,CN,R1,True
2891,2,2,Neutral-CoT,CN,R1,True
2932,2,2,Neutral-CoT,CN,R1,True
3056,1,1,Neutral-CoT,CN,R1,True
3102,1,1,Neutral-CoT,CN,R1,True
3191,1,1,Neutral-CoT,CN,R1,True
3297,1,1,Neutral-CoT,CN,R1,True
3363,1,1,Neutral-CoT,CN,R1,True
3367,2,2,Neutral-CoT,CN,R1,True
3385,1,1,Neutral-CoT,CN,R1,True
3400,1,1,Neutral-CoT,CN,R1,True
3418,1,2,Neutral-CoT,CN,R1,False
3429,2,2,Neutral-CoT,CN,R1,True
3440,1,1,Neutral-CoT,CN,R1,True
3512,1,2,Neutral-CoT,CN,R1,False
3524,1,1,Neutral-CoT,CN,R1,True
3567,1,1,Neutral-CoT,CN,R1,True
3631,2,2,Neutral-CoT,CN,R1,True
3811,2,2,Neutral-CoT,CN,R1,True
3824,1,1,Neutral-CoT,CN,R1,True
3839,1,1,Neutral-CoT,CN,R1,True
3867,1,1,Neutral-CoT,CN,R1,True
3912,2,2,Neutral-CoT,CN,R1,True
3929,2,2,Neutral-CoT,CN,R1,True
3971,2,2,Neutral-CoT,CN,R1,True
3979,2,2,Neutral-CoT,CN,R1,True
4011,2,2,Neutral-CoT,CN,R1,True
4017,1,1,Neutral-CoT,CN,R1,True
4066,2,2,Neutral-CoT,CN,R1,True
4087,2,2,Neutral-CoT,CN,R1,True
4153,2,2,Neutral-CoT,CN,R1,True
4182,2,2,Neutral-CoT,CN,R1,True
4187,1,1,Neutral-CoT,CN,R1,True
4207,1,1,Neutral-CoT,CN,R1,True
4211,1,1,Neutral-CoT,CN,R1,True
4303,1,1,Neutral-CoT,CN,R1,True
4314,1,1,Neutral-CoT,CN,R1,True
4339,2,2,Neutral-CoT,CN,R1,True
4348,2,2,Neutral-CoT,CN,R1,True
4447,1,1,Neutral-CoT,CN,R1,True
4462,1,1,Neutral-CoT,CN,R1,True
4591,1,1,Neutral-CoT,CN,R1,True
4624,2,2,Neutral-CoT,CN,R1,True
4651,2,2,Neutral-CoT,CN,R1,True
4652,1,1,Neutral-CoT,CN,R1,True
4663,1,1,Neutral-CoT,CN,R1,True
4706,2,2,Neutral-CoT,CN,R1,True
4716,1,1,Neutral-CoT,CN,R1,True
4744,2,2,Neutral-CoT,CN,R1,True
4767,1,1,Neutral-CoT,CN,R1,True
4795,1,1,Neutral-CoT,CN,R1,True
4812,2,2,Neutral-CoT,CN,R1,True
4829,2,2,Neutral-CoT,CN,R1,True
4851,2,2,Neutral-CoT,CN,R1,True
4856,2,2,Neutral-CoT,CN,R1,True
4865,2,2,Neutral-CoT,CN,R1,True
4871,1,1,Neutral-CoT,CN,R1,True
4927,2,2,Neutral-CoT,CN,R1,True
4937,1,1,Neutral-CoT,CN,R1,True
5009,1,1,Neutral-CoT,CN,R1,True
5024,1,1,Neutral-CoT,CN,R1,True
5070,1,1,Neutral-CoT,CN,R1,True
5086,2,2,Neutral-CoT,CN,R1,True
5105,2,2,Neutral-CoT,CN,R1,True
5119,1,1,Neutral-CoT,CN,R1,True
5120,2,2,Neutral-CoT,CN,R1,True
5406,1,1,Neutral-CoT,CN,R1,True
5424,2,2,Neutral-CoT,CN,R1,True
5475,1,1,Neutral-CoT,CN,R1,True
5499,1,1,Neutral-CoT,CN,R1,True
5570,1,1,Neutral-CoT,CN,R1,True
5586,2,1,Neutral-CoT,CN,R1,False
5619,2,2,Neutral-CoT,CN,R1,True
5651,1,1,Neutral-CoT,CN,R1,True
5741,1,2,Neutral-CoT,CN,R1,False
5797,2,2,Neutral-CoT,CN,R1,True
5824,2,2,Neutral-CoT,CN,R1,True
5829,1,1,Neutral-CoT,CN,R1,True
5906,2,2,Neutral-CoT,CN,R1,True
5957,2,2,Neutral-CoT,CN,R1,True
5998,2,2,Neutral-CoT,CN,R1,True
6010,2,2,Neutral-CoT,CN,R1,True
6059,2,2,Neutral-CoT,CN,R1,True
6111,1,1,Neutral-CoT,CN,R1,True
6137,1,1,Neutral-CoT,CN,R1,True
6156,1,1,Neutral-CoT,CN,R1,True
6252,1,1,Neutral-CoT,CN,R1,True
6253,2,2,Neutral-CoT,CN,R1,True
6255,2,2,Neutral-CoT,CN,R1,True
6295,1,1,Neutral-CoT,CN,R1,True
6347,1,1,Neutral-CoT,CN,R1,True
6374,1,1,Neutral-CoT,CN,R1,True
6420,2,2,Neutral-CoT,CN,R1,True
6452,1,1,Neutral-CoT,CN,R1,True
6465,1,1,Neutral-CoT,CN,R1,True
6484,2,2,Neutral-CoT,CN,R1,True
6519,2,2,Neutral-CoT,CN,R1,True
6527,2,2,Neutral-CoT,CN,R1,True
6595,1,1,Neutral-CoT,CN,R1,True
6631,1,1,Neutral-CoT,CN,R1,True
6715,2,2,Neutral-CoT,CN,R1,True
6728,1,1,Neutral-CoT,CN,R1,True
6756,2,2,Neutral-CoT,CN,R1,True
6812,1,1,Neutral-CoT,CN,R1,True
6824,1,1,Neutral-CoT,CN,R1,True
6826,1,1,Neutral-CoT,CN,R1,True
6842,1,1,Neutral-CoT,CN,R1,True
6867,1,1,Neutral-CoT,CN,R1,True
6868,1,2,Neutral-CoT,CN,R1,False
6899,2,2,Neutral-CoT,CN,R1,True
6965,2,2,Neutral-CoT,CN,R1,True
6977,2,2,Neutral-CoT,CN,R1,True
6991,1,1,Neutral-CoT,CN,R1,True
7001,2,2,Neutral-CoT,CN,R1,True
7004,1,1,Neutral-CoT,CN,R1,True
7042,1,2,Neutral-CoT,CN,R1,False
7070,2,2,Neutral-CoT,CN,R1,True
7096,1,1,Neutral-CoT,CN,R1,True
7099,1,1,Neutral-CoT,CN,R1,True
7194,2,2,Neutral-CoT,CN,R1,True
7220,2,2,Neutral-CoT,CN,R1,True
7235,2,2,Neutral-CoT,CN,R1,True
7313,2,2,Neutral-CoT,CN,R1,True
7387,1,1,Neutral-CoT,CN,R1,True
7407,1,1,Neutral-CoT,CN,R1,True
7430,2,2,Neutral-CoT,CN,R1,True
7439,1,1,Neutral-CoT,CN,R1,True
7451,2,2,Neutral-CoT,CN,R1,True
7498,2,2,Neutral-CoT,CN,R1,True
7550,1,1,Neutral-CoT,CN,R1,True
7553,2,2,Neutral-CoT,CN,R1,True
7555,1,1,Neutral-CoT,CN,R1,True
7581,2,2,Neutral-CoT,CN,R1,True
7599,2,2,Neutral-CoT,CN,R1,True
7631,1,1,Neutral-CoT,CN,R1,True
7654,1,1,Neutral-CoT,CN,R1,True
7687,1,1,Neutral-CoT,CN,R1,True
7723,1,1,Neutral-CoT,CN,R1,True
7887,1,1,Neutral-CoT,CN,R1,True
7894,1,1,Neutral-CoT,CN,R1,True
7915,2,2,Neutral-CoT,CN,R1,True
7966,1,1,Neutral-CoT,CN,R1,True
7992,1,2,Neutral-CoT,CN,R1,False
8015,2,2,Neutral-CoT,CN,R1,True
8033,1,1,Neutral-CoT,CN,R1,True
8139,1,1,Neutral-CoT,CN,R1,True
8217,2,2,Neutral-CoT,CN,R1,True
8268,1,1,Neutral-CoT,CN,R1,True
8339,1,1,Neutral-CoT,CN,R1,True
8366,2,2,Neutral-CoT,CN,R1,True
8444,1,1,Neutral-CoT,CN,R1,True
8580,2,2,Neutral-CoT,CN,R1,True
8614,1,1,Neutral-CoT,CN,R1,True
8630,2,2,Neutral-CoT,CN,R1,True
8672,1,1,Neutral-CoT,CN,R1,True
8902,2,2,Neutral-CoT,CN,R1,True
8923,2,2,Neutral-CoT,CN,R1,True
8948,1,1,Neutral-CoT,CN,R1,True
8993,1,1,Neutral-CoT,CN,R1,True
9004,1,1,Neutral-CoT,CN,R1,True
9089,2,2,Neutral-CoT,CN,R1,True
9102,1,2,Neutral-CoT,CN,R1,False
9120,1,2,Neutral-CoT,CN,R1,False
9134,2,2,Neutral-CoT,CN,R1,True
9246,2,2,Neutral-CoT,CN,R1,True
9268,1,1,Neutral-CoT,CN,R1,True
9324,2,1,Neutral-CoT,CN,R1,False
9325,1,1,Neutral-CoT,CN,R1,True
9349,2,2,Neutral-CoT,CN,R1,True
9357,2,2,Neutral-CoT,CN,R1,True
9417,1,1,Neutral-CoT,CN,R1,True
9459,1,1,Neutral-CoT,CN,R1,True
9465,1,1,Neutral-CoT,CN,R1,True
9469,2,2,Neutral-CoT,CN,R1,True
9485,1,2,Neutral-CoT,CN,R1,False
9595,1,1,Neutral-CoT,CN,R1,True
9632,2,2,Neutral-CoT,CN,R1,True
9635,2,2,Neutral-CoT,CN,R1,True
9677,2,2,Neutral-CoT,CN,R1,True
9715,1,1,Neutral-CoT,CN,R1,True
9724,2,2,Neutral-CoT,CN,R1,True
9774,2,2,Neutral-CoT,CN,R1,True
9796,1,1,Neutral-CoT,CN,R1,True
9892,2,2,Neutral-CoT,CN,R1,True
9899,1,1,Neutral-CoT,CN,R1,True
9907,2,2,Neutral-CoT,CN,R1,True
9934,1,1,Neutral-CoT,CN,R1,True
9987,1,1,Neutral-CoT,CN,R1,True
10022,1,1,Neutral-CoT,CN,R1,True
10156,1,1,Neutral-CoT,CN,R1,True
10163,1,1,Neutral-CoT,CN,R1,True
10174,1,1,Neutral-CoT,CN,R1,True
10189,2,2,Neutral-CoT,CN,R1,True
10210,1,1,Neutral-CoT,CN,R1,True
10328,1,1,Neutral-CoT,CN,R1,True
10330,2,2,Neutral-CoT,CN,R1,True
10375,1,1,Neutral-CoT,CN,R1,True
10423,2,2,Neutral-CoT,CN,R1,True
10434,1,1,Neutral-CoT,CN,R1,True
10450,2,2,Neutral-CoT,CN,R1,True
10566,2,2,Neutral-CoT,CN,R1,True
10600,1,1,Neutral-CoT,CN,R1,True
10610,2,2,Neutral-CoT,CN,R1,True
10621,1,1,Neutral-CoT,CN,R1,True
10626,2,2,Neutral-CoT,CN,R1,True
10634,2,2,Neutral-CoT,CN,R1,True
10713,1,1,Neutral-CoT,CN,R1,True
10771,2,2,Neutral-CoT,CN,R1,True
10803,2,2,Neutral-CoT,CN,R1,True
10910,2,2,Neutral-CoT,CN,R1,True
10954,2,2,Neutral-CoT,CN,R1,True
10978,1,1,Neutral-CoT,CN,R1,True
11024,2,2,Neutral-CoT,CN,R1,True
11101,1,2,Neutral-CoT,CN,R1,False
11102,1,1,Neutral-CoT,CN,R1,True
11120,2,2,Neutral-CoT,CN,R1,True
11189,2,2,Neutral-CoT,CN,R1,True
11241,2,2,Neutral-CoT,CN,R1,True
11283,2,2,Neutral-CoT,CN,R1,True
11511,2,2,Neutral-CoT,CN,R1,True
11514,2,2,Neutral-CoT,CN,R1,True
11523,2,2,Neutral-CoT,CN,R1,True
11525,1,1,Neutral-CoT,CN,R1,True
11553,1,1,Neutral-CoT,CN,R1,True
11596,1,1,Neutral-CoT,CN,R1,True
11617,2,2,Neutral-CoT,CN,R1,True
11630,1,1,Neutral-CoT,CN,R1,True
11647,2,2,Neutral-CoT,CN,R1,True
11742,2,2,Neutral-CoT,CN,R1,True
11786,1,1,Neutral-CoT,CN,R1,True
11850,2,2,Neutral-CoT,CN,R1,True
11870,1,1,Neutral-CoT,CN,R1,True
11874,1,1,Neutral-CoT,CN,R1,True
11930,1,1,Neutral-CoT,CN,R1,True
11935,2,2,Neutral-CoT,CN,R1,True
11967,1,1,Neutral-CoT,CN,R1,True
12012,2,2,Neutral-CoT,CN,R1,True
12074,1,1,Neutral-CoT,CN,R1,True
12151,1,1,Neutral-CoT,CN,R1,True
12153,1,1,Neutral-CoT,CN,R1,True
12271,2,2,Neutral-CoT,CN,R1,True
12285,1,1,Neutral-CoT,CN,R1,True
12301,1,1,Neutral-CoT,CN,R1,True
12323,1,1,Neutral-CoT,CN,R1,True
12429,2,2,Neutral-CoT,CN,R1,True
12472,2,2,Neutral-CoT,CN,R1,True
12486,2,2,Neutral-CoT,CN,R1,True
12494,1,1,Neutral-CoT,CN,R1,True
12627,2,2,Neutral-CoT,CN,R1,True
12645,1,1,Neutral-CoT,CN,R1,True
12732,1,1,Neutral-CoT,CN,R1,True
12798,2,2,Neutral-CoT,CN,R1,True
12830,2,2,Neutral-CoT,CN,R1,True
12860,2,2,Neutral-CoT,CN,R1,True
12896,1,1,Neutral-CoT,CN,R1,True
12903,1,1,Neutral-CoT,CN,R1,True
12926,2,2,Neutral-CoT,CN,R1,True
12948,2,2,Neutral-CoT,CN,R1,True
12975,2,2,Neutral-CoT,CN,R1,True
13035,1,1,Neutral-CoT,CN,R1,True
13050,2,2,Neutral-CoT,CN,R1,True
13061,1,1,Neutral-CoT,CN,R1,True
13113,2,2,Neutral-CoT,CN,R1,True
13115,2,2,Neutral-CoT,CN,R1,True
13137,2,2,Neutral-CoT,CN,R1,True
13200,1,1,Neutral-CoT,CN,R1,True
13227,2,2,Neutral-CoT,CN,R1,True
13319,1,1,Neutral-CoT,CN,R1,True
13334,1,1,Neutral-CoT,CN,R1,True
13384,1,1,Neutral-CoT,CN,R1,True
13400,1,2,Neutral-CoT,CN,R1,False
13447,2,2,Neutral-CoT,CN,R1,True
13469,2,2,Neutral-CoT,CN,R1,True
13484,2,2,Neutral-CoT,CN,R1,True
13726,2,2,Neutral-CoT,CN,R1,True
13785,1,1,Neutral-CoT,CN,R1,True
13843,2,2,Neutral-CoT,CN,R1,True
13864,2,2,Neutral-CoT,CN,R1,True
13874,1,1,Neutral-CoT,CN,R1,True
13920,1,2,Neutral-CoT,CN,R1,False
13996,1,2,Neutral-CoT,CN,R1,False
14011,2,2,Neutral-CoT,CN,R1,True
14047,2,2,Neutral-CoT,CN,R1,True
14055,2,2,Neutral-CoT,CN,R1,True
14074,2,2,Neutral-CoT,CN,R1,True
14139,2,2,Neutral-CoT,CN,R1,True
14224,1,1,Neutral-CoT,CN,R1,True
14259,1,1,Neutral-CoT,CN,R1,True
14325,1,1,Neutral-CoT,CN,R1,True
14408,1,1,Neutral-CoT,CN,R1,True
14410,1,1,Neutral-CoT,CN,R1,True
14469,1,1,Neutral-CoT,CN,R1,True
14532,2,2,Neutral-CoT,CN,R1,True
14550,2,2,Neutral-CoT,CN,R1,True
14557,1,1,Neutral-CoT,CN,R1,True
14581,2,2,Neutral-CoT,CN,R1,True
14617,2,2,Neutral-CoT,CN,R1,True
14759,2,2,Neutral-CoT,CN,R1,True
14793,1,1,Neutral-CoT,CN,R1,True
14796,2,2,Neutral-CoT,CN,R1,True
14845,2,2,Neutral-CoT,CN,R1,True
14858,2,2,Neutral-CoT,CN,R1,True
14868,1,1,Neutral-CoT,CN,R1,True
14900,1,1,Neutral-CoT,CN,R1,True
14932,2,2,Neutral-CoT,CN,R1,True
14970,2,2,Neutral-CoT,CN,R1,True
14988,2,2,Neutral-CoT,CN,R1,True
15035,1,1,Neutral-CoT,CN,R1,True
15066,2,2,Neutral-CoT,CN,R1,True
15131,1,1,Neutral-CoT,CN,R1,True
15133,2,2,Neutral-CoT,CN,R1,True
15176,2,2,Neutral-CoT,CN,R1,True
15189,1,1,Neutral-CoT,CN,R1,True
15254,1,1,Neutral-CoT,CN,R1,True
15290,1,1,Neutral-CoT,CN,R1,True
15363,2,2,Neutral-CoT,CN,R1,True
15473,2,2,Neutral-CoT,CN,R1,True
15535,2,2,Neutral-CoT,CN,R1,True
15538,1,2,Neutral-CoT,CN,R1,False
15555,1,1,Neutral-CoT,CN,R1,True
15614,2,2,Neutral-CoT,CN,R1,True
15620,2,2,Neutral-CoT,CN,R1,True
15693,1,1,Neutral-CoT,CN,R1,True
15721,1,2,Neutral-CoT,CN,R1,False
15735,1,1,Neutral-CoT,CN,R1,True
15770,1,2,Neutral-CoT,CN,R1,False
15810,2,2,Neutral-CoT,CN,R1,True
15883,1,1,Neutral-CoT,CN,R1,True
15894,2,2,Neutral-CoT,CN,R1,True
15938,1,1,Neutral-CoT,CN,R1,True
16114,1,1,Neutral-CoT,CN,R1,True
16120,1,1,Neutral-CoT,CN,R1,True
16170,2,1,Neutral-CoT,CN,R1,False
16174,1,1,Neutral-CoT,CN,R1,True
16212,2,2,Neutral-CoT,CN,R1,True
16213,1,1,Neutral-CoT,CN,R1,True
16230,1,1,Neutral-CoT,CN,R1,True
16264,1,1,Neutral-CoT,CN,R1,True
16355,2,2,Neutral-CoT,CN,R1,True
16398,1,1,Neutral-CoT,CN,R1,True
16521,2,2,Neutral-CoT,CN,R1,True
16572,1,1,Neutral-CoT,CN,R1,True
16600,1,1,Neutral-CoT,CN,R1,True
16614,1,1,Neutral-CoT,CN,R1,True
16642,1,1,Neutral-CoT,CN,R1,True
16731,1,1,Neutral-CoT,CN,R1,True
16801,2,2,Neutral-CoT,CN,R1,True
16845,1,1,Neutral-CoT,CN,R1,True
16858,2,2,Neutral-CoT,CN,R1,True
16891,1,1,Neutral-CoT,CN,R1,True
16977,1,1,Neutral-CoT,CN,R1,True
17002,2,2,Neutral-CoT,CN,R1,True
17048,1,1,Neutral-CoT,CN,R1,True
17079,2,2,Neutral-CoT,CN,R1,True
17082,2,2,Neutral-CoT,CN,R1,True
17121,2,2,Neutral-CoT,CN,R1,True
17165,1,2,Neutral-CoT,CN,R1,False
17212,1,1,Neutral-CoT,CN,R1,True
17227,1,1,Neutral-CoT,CN,R1,True
17241,2,2,Neutral-CoT,CN,R1,True
17280,2,1,Neutral-CoT,CN,R1,False
17322,1,1,Neutral-CoT,CN,R1,True
17355,2,2,Neutral-CoT,CN,R1,True
17364,2,2,Neutral-CoT,CN,R1,True
17386,2,2,Neutral-CoT,CN,R1,True
17455,1,1,Neutral-CoT,CN,R1,True
17475,1,1,Neutral-CoT,CN,R1,True
17553,1,1,Neutral-CoT,CN,R1,True
17585,2,2,Neutral-CoT,CN,R1,True
17693,1,1,Neutral-CoT,CN,R1,True
17744,2,2,Neutral-CoT,CN,R1,True
17746,2,2,Neutral-CoT,CN,R1,True
17792,1,1,Neutral-CoT,CN,R1,True
17806,2,2,Neutral-CoT,CN,R1,True
17877,1,1,Neutral-CoT,CN,R1,True
17885,2,2,Neutral-CoT,CN,R1,True
17914,2,1,Neutral-CoT,CN,R1,False
17963,2,2,Neutral-CoT,CN,R1,True
18223,1,2,Neutral-CoT,CN,R1,False
18290,1,1,Neutral-CoT,CN,R1,True
18337,1,1,Neutral-CoT,CN,R1,True
18550,2,2,Neutral-CoT,CN,R1,True
18553,2,2,Neutral-CoT,CN,R1,True
18597,1,2,Neutral-CoT,CN,R1,False
18613,2,2,Neutral-CoT,CN,R1,True
18630,2,2,Neutral-CoT,CN,R1,True
18631,1,1,Neutral-CoT,CN,R1,True
18643,1,1,Neutral-CoT,CN,R1,True
18652,1,1,Neutral-CoT,CN,R1,True
18656,2,2,Neutral-CoT,CN,R1,True
18670,1,1,Neutral-CoT,CN,R1,True
18805,2,2,Neutral-CoT,CN,R1,True
18806,1,1,Neutral-CoT,CN,R1,True
18820,1,1,Neutral-CoT,CN,R1,True
18839,2,2,Neutral-CoT,CN,R1,True
18874,1,1,Neutral-CoT,CN,R1,True
18886,1,1,Neutral-CoT,CN,R1,True
18935,1,1,Neutral-CoT,CN,R1,True
18961,2,2,Neutral-CoT,CN,R1,True
18998,2,2,Neutral-CoT,CN,R1,True
19036,2,2,Neutral-CoT,CN,R1,True
19045,2,2,Neutral-CoT,CN,R1,True
19164,1,1,Neutral-CoT,CN,R1,True
19267,2,2,Neutral-CoT,CN,R1,True
19295,1,1,Neutral-CoT,CN,R1,True
19331,2,2,Neutral-CoT,CN,R1,True
19341,1,1,Neutral-CoT,CN,R1,True
19383,1,1,Neutral-CoT,CN,R1,True
19385,2,2,Neutral-CoT,CN,R1,True
19395,2,2,Neutral-CoT,CN,R1,True
19486,2,2,Neutral-CoT,CN,R1,True
19496,2,2,Neutral-CoT,CN,R1,True
19519,2,2,Neutral-CoT,CN,R1,True
19532,1,1,Neutral-CoT,CN,R1,True
19538,1,1,Neutral-CoT,CN,R1,True
19593,2,2,Neutral-CoT,CN,R1,True
19599,1,1,Neutral-CoT,CN,R1,True
19643,1,1,Neutral-CoT,CN,R1,True
19686,1,1,Neutral-CoT,CN,R1,True
19738,1,1,Neutral-CoT,CN,R1,True
19794,1,1,Neutral-CoT,CN,R1,True
19826,2,2,Neutral-CoT,CN,R1,True
19830,2,2,Neutral-CoT,CN,R1,True
19839,2,2,Neutral-CoT,CN,R1,True
19854,2,2,Neutral-CoT,CN,R1,True
19900,2,2,Neutral-CoT,CN,R1,True
19915,1,1,Neutral-CoT,CN,R1,True
19967,1,1,Neutral-CoT,CN,R1,True
19968,2,2,Neutral-CoT,CN,R1,True
20031,1,1,Neutral-CoT,CN,R1,True
20184,1,1,Neutral-CoT,CN,R1,True
20195,1,1,Neutral-CoT,CN,R1,True
20270,1,1,Neutral-CoT,CN,R1,True
20283,2,2,Neutral-CoT,CN,R1,True
20299,2,2,Neutral-CoT,CN,R1,True
20380,2,2,Neutral-CoT,CN,R1,True
20407,2,2,Neutral-CoT,CN,R1,True
20420,1,1,Neutral-CoT,CN,R1,True
20422,1,1,Neutral-CoT,CN,R1,True
20431,1,1,Neutral-CoT,CN,R1,True
20443,1,1,Neutral-CoT,CN,R1,True
20446,2,2,Neutral-CoT,CN,R1,True
20465,1,1,Neutral-CoT,CN,R1,True
20467,1,1,Neutral-CoT,CN,R1,True
20504,2,2,Neutral-CoT,CN,R1,True
20528,1,1,Neutral-CoT,CN,R1,True
20542,1,1,Neutral-CoT,CN,R1,True
20666,1,1,Neutral-CoT,CN,R1,True
20677,1,1,Neutral-CoT,CN,R1,True
20685,2,2,Neutral-CoT,CN,R1,True
20716,2,2,Neutral-CoT,CN,R1,True
20839,2,2,Neutral-CoT,CN,R1,True
20853,1,1,Neutral-CoT,CN,R1,True
20869,2,2,Neutral-CoT,CN,R1,True
20890,2,2,Neutral-CoT,CN,R1,True
20895,1,1,Neutral-CoT,CN,R1,True
20964,1,1,Neutral-CoT,CN,R1,True
20971,2,2,Neutral-CoT,CN,R1,True
21016,1,1,Neutral-CoT,CN,R1,True
21051,2,2,Neutral-CoT,CN,R1,True
21067,1,2,Neutral-CoT,CN,R1,False
21074,1,1,Neutral-CoT,CN,R1,True
21098,2,2,Neutral-CoT,CN,R1,True
21130,2,2,Neutral-CoT,CN,R1,True
21158,1,1,Neutral-CoT,CN,R1,True
21165,1,1,Neutral-CoT,CN,R1,True
21167,1,1,Neutral-CoT,CN,R1,True
21173,1,1,Neutral-CoT,CN,R1,True
21180,2,2,Neutral-CoT,CN,R1,True
21203,2,2,Neutral-CoT,CN,R1,True
21210,1,1,Neutral-CoT,CN,R1,True
21328,1,1,Neutral-CoT,CN,R1,True
21399,1,1,Neutral-CoT,CN,R1,True
21509,2,2,Neutral-CoT,CN,R1,True
21544,2,2,Neutral-CoT,CN,R1,True
21598,2,2,Neutral-CoT,CN,R1,True
21599,1,1,Neutral-CoT,CN,R1,True
21606,2,2,Neutral-CoT,CN,R1,True
21608,2,2,Neutral-CoT,CN,R1,True
21629,1,1,Neutral-CoT,CN,R1,True
21630,2,2,Neutral-CoT,CN,R1,True
21691,1,1,Neutral-CoT,CN,R1,True
21847,2,2,Neutral-CoT,CN,R1,True
21935,2,2,Neutral-CoT,CN,R1,True
21976,1,1,Neutral-CoT,CN,R1,True
21987,2,2,Neutral-CoT,CN,R1,True
22043,2,2,Neutral-CoT,CN,R1,True
22052,1,1,Neutral-CoT,CN,R1,True
22065,1,1,Neutral-CoT,CN,R1,True
22066,2,2,Neutral-CoT,CN,R1,True
22126,2,2,Neutral-CoT,CN,R1,True
22166,2,2,Neutral-CoT,CN,R1,True
22184,2,2,Neutral-CoT,CN,R1,True
22189,2,1,Neutral-CoT,CN,R1,False
22194,2,2,Neutral-CoT,CN,R1,True
22266,1,1,Neutral-CoT,CN,R1,True
22314,2,2,Neutral-CoT,CN,R1,True
22356,2,2,Neutral-CoT,CN,R1,True
22467,2,2,Neutral-CoT,CN,R1,True
22679,1,1,Neutral-CoT,CN,R1,True
22707,2,2,Neutral-CoT,CN,R1,True
22767,2,2,Neutral-CoT,CN,R1,True
22770,1,1,Neutral-CoT,CN,R1,True
22814,1,1,Neutral-CoT,CN,R1,True
22819,2,2,Neutral-CoT,CN,R1,True
22849,2,2,Neutral-CoT,CN,R1,True
22966,2,2,Neutral-CoT,CN,R1,True
23023,1,1,Neutral-CoT,CN,R1,True
23052,1,1,Neutral-CoT,CN,R1,True
23089,1,1,Neutral-CoT,CN,R1,True
23104,2,2,Neutral-CoT,CN,R1,True
23128,1,1,Neutral-CoT,CN,R1,True
23200,1,1,Neutral-CoT,CN,R1,True
23313,2,2,Neutral-CoT,CN,R1,True
23322,1,1,Neutral-CoT,CN,R1,True
23323,1,1,Neutral-CoT,CN,R1,True
23415,2,2,Neutral-CoT,CN,R1,True
23440,2,2,Neutral-CoT,CN,R1,True
23453,2,2,Neutral-CoT,CN,R1,True
23505,1,1,Neutral-CoT,CN,R1,True
23514,2,2,Neutral-CoT,CN,R1,True
23524,1,1,Neutral-CoT,CN,R1,True
23530,2,2,Neutral-CoT,CN,R1,True
23574,1,1,Neutral-CoT,CN,R1,True
23584,1,1,Neutral-CoT,CN,R1,True
23605,1,1,Neutral-CoT,CN,R1,True
23620,2,2,Neutral-CoT,CN,R1,True
23648,2,2,Neutral-CoT,CN,R1,True
23699,2,2,Neutral-CoT,CN,R1,True
23713,2,2,Neutral-CoT,CN,R1,True
23779,1,1,Neutral-CoT,CN,R1,True
23871,1,1,Neutral-CoT,CN,R1,True
23873,1,1,Neutral-CoT,CN,R1,True
23901,1,1,Neutral-CoT,CN,R1,True
24163,1,1,Neutral-CoT,CN,R1,True
24174,2,2,Neutral-CoT,CN,R1,True
24223,1,1,Neutral-CoT,CN,R1,True
24291,2,2,Neutral-CoT,CN,R1,True
24304,1,1,Neutral-CoT,CN,R1,True
24334,2,2,Neutral-CoT,CN,R1,True
24405,2,2,Neutral-CoT,CN,R1,True
24408,1,1,Neutral-CoT,CN,R1,True
24500,2,2,Neutral-CoT,CN,R1,True
24502,2,2,Neutral-CoT,CN,R1,True
24541,2,2,Neutral-CoT,CN,R1,True
24573,1,1,Neutral-CoT,CN,R1,True
24637,2,2,Neutral-CoT,CN,R1,True
24673,2,2,Neutral-CoT,CN,R1,True
24706,1,1,Neutral-CoT,CN,R1,True
24740,2,2,Neutral-CoT,CN,R1,True
24774,2,2,Neutral-CoT,CN,R1,True
24836,1,1,Neutral-CoT,CN,R1,True
24871,1,2,Neutral-CoT,CN,R1,False
24902,2,2,Neutral-CoT,CN,R1,True
24959,2,2,Neutral-CoT,CN,R1,True
24975,1,1,Neutral-CoT,CN,R1,True
24995,1,1,Neutral-CoT,CN,R1,True
25015,1,2,Neutral-CoT,CN,R1,False
25038,1,1,Neutral-CoT,CN,R1,True
25109,2,2,Neutral-CoT,CN,R1,True
25137,1,1,Neutral-CoT,CN,R1,True
25155,1,1,Neutral-CoT,CN,R1,True
25239,2,2,Neutral-CoT,CN,R1,True
25270,1,1,Neutral-CoT,CN,R1,True
25302,2,2,Neutral-CoT,CN,R1,True
25337,1,1,Neutral-CoT,CN,R1,True
25348,1,1,Neutral-CoT,CN,R1,True
25369,2,2,Neutral-CoT,CN,R1,True
25416,1,1,Neutral-CoT,CN,R1,True
25435,1,1,Neutral-CoT,CN,R1,True
25447,1,1,Neutral-CoT,CN,R1,True
25471,2,2,Neutral-CoT,CN,R1,True
25523,2,2,Neutral-CoT,CN,R1,True
25591,1,1,Neutral-CoT,CN,R1,True
25650,1,1,Neutral-CoT,CN,R1,True
25690,1,2,Neutral-CoT,CN,R1,False
25698,2,2,Neutral-CoT,CN,R1,True
25868,1,1,Neutral-CoT,CN,R1,True
25990,2,2,Neutral-CoT,CN,R1,True
26032,1,1,Neutral-CoT,CN,R1,True
26129,2,2,Neutral-CoT,CN,R1,True
26161,1,2,Neutral-CoT,CN,R1,False
26211,2,2,Neutral-CoT,CN,R1,True
26287,2,2,Neutral-CoT,CN,R1,True
26292,1,1,Neutral-CoT,CN,R1,True
26302,1,1,Neutral-CoT,CN,R1,True
26321,2,2,Neutral-CoT,CN,R1,True
26337,1,1,Neutral-CoT,CN,R1,True
26480,2,2,Neutral-CoT,CN,R1,True
26492,2,2,Neutral-CoT,CN,R1,True
26528,1,1,Neutral-CoT,CN,R1,True
26556,1,1,Neutral-CoT,CN,R1,True
26575,2,2,Neutral-CoT,CN,R1,True
26678,2,2,Neutral-CoT,CN,R1,True
26714,2,2,Neutral-CoT,CN,R1,True
26831,1,1,Neutral-CoT,CN,R1,True
26865,2,2,Neutral-CoT,CN,R1,True
26878,2,2,Neutral-CoT,CN,R1,True
26995,1,1,Neutral-CoT,CN,R1,True
27029,1,1,Neutral-CoT,CN,R1,True
27088,1,1,Neutral-CoT,CN,R1,True
27101,1,1,Neutral-CoT,CN,R1,True
27395,2,2,Neutral-CoT,CN,R1,True
27431,2,2,Neutral-CoT,CN,R1,True
27497,1,1,Neutral-CoT,CN,R1,True
27524,2,2,Neutral-CoT,CN,R1,True
27558,2,2,Neutral-CoT,CN,R1,True
27610,1,2,Neutral-CoT,CN,R1,False
27668,2,2,Neutral-CoT,CN,R1,True
27688,2,2,Neutral-CoT,CN,R1,True
27740,2,2,Neutral-CoT,CN,R1,True
27786,2,2,Neutral-CoT,CN,R1,True
27828,2,2,Neutral-CoT,CN,R1,True
27904,2,2,Neutral-CoT,CN,R1,True
27910,2,2,Neutral-CoT,CN,R1,True
27911,2,2,Neutral-CoT,CN,R1,True
28011,2,2,Neutral-CoT,CN,R1,True
28019,1,1,Neutral-CoT,CN,R1,True
28051,2,2,Neutral-CoT,CN,R1,True
28057,1,2,Neutral-CoT,CN,R1,False
28067,2,2,Neutral-CoT,CN,R1,True
28114,2,2,Neutral-CoT,CN,R1,True
28222,2,2,Neutral-CoT,CN,R1,True
28262,2,2,Neutral-CoT,CN,R1,True
28271,1,1,Neutral-CoT,CN,R1,True
28341,1,1,Neutral-CoT,CN,R1,True
28365,2,2,Neutral-CoT,CN,R1,True
28463,2,2,Neutral-CoT,CN,R1,True
28550,2,2,Neutral-CoT,CN,R1,True
28574,2,2,Neutral-CoT,CN,R1,True
28656,2,2,Neutral-CoT,CN,R1,True
28674,2,2,Neutral-CoT,CN,R1,True
28728,1,1,Neutral-CoT,CN,R1,True
28789,2,2,Neutral-CoT,CN,R1,True
28822,2,2,Neutral-CoT,CN,R1,True
28963,1,1,Neutral-CoT,CN,R1,True
29070,2,2,Neutral-CoT,CN,R1,True
29105,2,2,Neutral-CoT,CN,R1,True
29132,1,1,Neutral-CoT,CN,R1,True
29144,1,1,Neutral-CoT,CN,R1,True
29243,2,2,Neutral-CoT,CN,R1,True
29385,1,1,Neutral-CoT,CN,R1,True
29417,2,2,Neutral-CoT,CN,R1,True
29454,2,2,Neutral-CoT,CN,R1,True
29484,2,2,Neutral-CoT,CN,R1,True
29629,1,1,Neutral-CoT,CN,R1,True
29768,1,1,Neutral-CoT,CN,R1,True
29880,1,1,Neutral-CoT,CN,R1,True
29903,1,1,Neutral-CoT,CN,R1,True
29912,1,1,Neutral-CoT,CN,R1,True
29978,1,2,Neutral-CoT,CN,R1,False
30052,1,1,Neutral-CoT,CN,R1,True
30118,1,1,Neutral-CoT,CN,R1,True
30137,2,2,Neutral-CoT,CN,R1,True
30143,1,1,Neutral-CoT,CN,R1,True
30180,1,1,Neutral-CoT,CN,R1,True
30259,1,1,Neutral-CoT,CN,R1,True
30273,2,2,Neutral-CoT,CN,R1,True
30285,2,2,Neutral-CoT,CN,R1,True
30328,1,1,Neutral-CoT,CN,R1,True
30329,1,1,Neutral-CoT,CN,R1,True
30336,2,2,Neutral-CoT,CN,R1,True
30340,1,1,Neutral-CoT,CN,R1,True
30367,2,2,Neutral-CoT,CN,R1,True
30498,1,1,Neutral-CoT,CN,R1,True
30514,1,1,Neutral-CoT,CN,R1,True
30544,1,1,Neutral-CoT,CN,R1,True
30694,2,2,Neutral-CoT,CN,R1,True
30701,2,2,Neutral-CoT,CN,R1,True
30710,2,2,Neutral-CoT,CN,R1,True
30794,2,2,Neutral-CoT,CN,R1,True
30825,2,2,Neutral-CoT,CN,R1,True
30846,1,1,Neutral-CoT,CN,R1,True
30856,2,2,Neutral-CoT,CN,R1,True
30872,2,2,Neutral-CoT,CN,R1,True
30880,1,1,Neutral-CoT,CN,R1,True
30899,1,1,Neutral-CoT,CN,R1,True
30922,2,2,Neutral-CoT,CN,R1,True
30936,2,2,Neutral-CoT,CN,R1,True
31029,1,1,Neutral-CoT,CN,R1,True
31060,1,1,Neutral-CoT,CN,R1,True
31081,2,2,Neutral-CoT,CN,R1,True
31089,1,1,Neutral-CoT,CN,R1,True
31129,2,2,Neutral-CoT,CN,R1,True
31138,1,1,Neutral-CoT,CN,R1,True
31148,1,1,Neutral-CoT,CN,R1,True
31247,1,1,Neutral-CoT,CN,R1,True
31266,2,2,Neutral-CoT,CN,R1,True
31350,2,2,Neutral-CoT,CN,R1,True
31386,2,2,Neutral-CoT,CN,R1,True
31483,2,2,Neutral-CoT,CN,R1,True
31568,2,1,Neutral-CoT,CN,R1,False
31597,1,1,Neutral-CoT,CN,R1,True
31622,1,1,Neutral-CoT,CN,R1,True
31628,1,1,Neutral-CoT,CN,R1,True
31634,1,1,Neutral-CoT,CN,R1,True
31665,1,1,Neutral-CoT,CN,R1,True
31720,1,1,Neutral-CoT,CN,R1,True
31728,1,1,Neutral-CoT,CN,R1,True
31754,2,1,Neutral-CoT,CN,R1,False
31883,2,2,Neutral-CoT,CN,R1,True
31907,2,2,Neutral-CoT,CN,R1,True
32003,2,2,Neutral-CoT,CN,R1,True
32090,1,1,Neutral-CoT,CN,R1,True
32112,2,2,Neutral-CoT,CN,R1,True
32116,2,2,Neutral-CoT,CN,R1,True
32131,2,2,Neutral-CoT,CN,R1,True
32167,2,2,Neutral-CoT,CN,R1,True
32263,2,2,Neutral-CoT,CN,R1,True
32265,1,1,Neutral-CoT,CN,R1,True
32323,2,2,Neutral-CoT,CN,R1,True
32372,1,1,Neutral-CoT,CN,R1,True
32463,2,2,Neutral-CoT,CN,R1,True
32518,1,1,Neutral-CoT,CN,R1,True
32572,2,2,Neutral-CoT,CN,R1,True
32638,1,1,Neutral-CoT,CN,R1,True
32679,1,1,Neutral-CoT,CN,R1,True
32722,2,2,Neutral-CoT,CN,R1,True
32747,1,1,Neutral-CoT,CN,R1,True
32753,2,2,Neutral-CoT,CN,R1,True
32785,1,1,Neutral-CoT,CN,R1,True
32872,2,2,Neutral-CoT,CN,R1,True
32894,2,1,Neutral-CoT,CN,R1,False
32913,1,2,Neutral-CoT,CN,R1,False
32963,1,1,Neutral-CoT,CN,R1,True
32972,2,2,Neutral-CoT,CN,R1,True
33067,2,2,Neutral-CoT,CN,R1,True
33126,2,2,Neutral-CoT,CN,R1,True
33141,2,2,Neutral-CoT,CN,R1,True
33154,1,1,Neutral-CoT,CN,R1,True
33212,1,1,Neutral-CoT,CN,R1,True
33262,2,2,Neutral-CoT,CN,R1,True
33409,2,2,Neutral-CoT,CN,R1,True
33433,1,2,Neutral-CoT,CN,R1,False
33470,1,1,Neutral-CoT,CN,R1,True
33504,1,1,Neutral-CoT,CN,R1,True
33509,2,1,Neutral-CoT,CN,R1,False
33532,1,2,Neutral-CoT,CN,R1,False
33618,2,2,Neutral-CoT,CN,R1,True
33649,1,1,Neutral-CoT,CN,R1,True
33743,2,2,Neutral-CoT,CN,R1,True
33765,2,2,Neutral-CoT,CN,R1,True
33780,1,1,Neutral-CoT,CN,R1,True
33808,2,2,Neutral-CoT,CN,R1,True
33856,1,1,Neutral-CoT,CN,R1,True
33859,2,2,Neutral-CoT,CN,R1,True
33890,2,2,Neutral-CoT,CN,R1,True
33940,1,1,Neutral-CoT,CN,R1,True
33961,1,1,Neutral-CoT,CN,R1,True
33962,2,2,Neutral-CoT,CN,R1,True
33986,1,1,Neutral-CoT,CN,R1,True
34029,2,2,Neutral-CoT,CN,R1,True
34084,1,1,Neutral-CoT,CN,R1,True
34125,2,2,Neutral-CoT,CN,R1,True
34143,2,2,Neutral-CoT,CN,R1,True
34148,1,1,Neutral-CoT,CN,R1,True
34171,1,1,Neutral-CoT,CN,R1,True
34215,2,2,Neutral-CoT,CN,R1,True
34276,1,1,Neutral-CoT,CN,R1,True
34332,2,2,Neutral-CoT,CN,R1,True
34404,2,2,Neutral-CoT,CN,R1,True
34414,1,1,Neutral-CoT,CN,R1,True
34460,2,2,Neutral-CoT,CN,R1,True
34500,1,1,Neutral-CoT,CN,R1,True
34667,2,2,Neutral-CoT,CN,R1,True
34714,2,2,Neutral-CoT,CN,R1,True
34812,2,2,Neutral-CoT,CN,R1,True
34918,2,2,Neutral-CoT,CN,R1,True
34944,2,2,Neutral-CoT,CN,R1,True
34983,2,2,Neutral-CoT,CN,R1,True
35058,2,2,Neutral-CoT,CN,R1,True
35064,1,1,Neutral-CoT,CN,R1,True
35127,2,2,Neutral-CoT,CN,R1,True
35156,2,2,Neutral-CoT,CN,R1,True
35174,1,1,Neutral-CoT,CN,R1,True
35191,2,2,Neutral-CoT,CN,R1,True
35201,2,2,Neutral-CoT,CN,R1,True
35204,2,2,Neutral-CoT,CN,R1,True
35282,2,2,Neutral-CoT,CN,R1,True
35287,1,1,Neutral-CoT,CN,R1,True
35429,2,2,Neutral-CoT,CN,R1,True
35564,2,2,Neutral-CoT,CN,R1,True
35592,1,1,Neutral-CoT,CN,R1,True
35643,2,2,Neutral-CoT,CN,R1,True
35653,1,1,Neutral-CoT,CN,R1,True
35715,2,2,Neutral-CoT,CN,R1,True
35732,2,2,Neutral-CoT,CN,R1,True
35738,2,2,Neutral-CoT,CN,R1,True
35743,2,2,Neutral-CoT,CN,R1,True
35880,2,2,Neutral-CoT,CN,R1,True
35907,1,2,Neutral-CoT,CN,R1,False
35912,1,1,Neutral-CoT,CN,R1,True
35918,2,2,Neutral-CoT,CN,R1,True
35939,2,2,Neutral-CoT,CN,R1,True
35991,2,2,Neutral-CoT,CN,R1,True
36100,2,2,Neutral-CoT,CN,R1,True
36117,1,1,Neutral-CoT,CN,R1,True
36126,2,2,Neutral-CoT,CN,R1,True
36186,2,2,Neutral-CoT,CN,R1,True
36190,1,1,Neutral-CoT,CN,R1,True
36199,2,2,Neutral-CoT,CN,R1,True
36209,1,1,Neutral-CoT,CN,R1,True
36247,1,1,Neutral-CoT,CN,R1,True
36419,2,2,Neutral-CoT,CN,R1,True
36434,2,2,Neutral-CoT,CN,R1,True
36449,1,1,Neutral-CoT,CN,R1,True
36482,2,2,Neutral-CoT,CN,R1,True
36557,2,2,Neutral-CoT,CN,R1,True
36686,2,2,Neutral-CoT,CN,R1,True
36734,1,1,Neutral-CoT,CN,R1,True
36743,1,1,Neutral-CoT,CN,R1,True
36812,2,2,Neutral-CoT,CN,R1,True
36849,2,2,Neutral-CoT,CN,R1,True
36960,2,2,Neutral-CoT,CN,R1,True
36974,2,2,Neutral-CoT,CN,R1,True
37006,2,2,Neutral-CoT,CN,R1,True
37016,2,2,Neutral-CoT,CN,R1,True
37020,1,1,Neutral-CoT,CN,R1,True
37082,2,2,Neutral-CoT,CN,R1,True
37114,1,2,Neutral-CoT,CN,R1,False
37124,2,2,Neutral-CoT,CN,R1,True
37245,1,1,Neutral-CoT,CN,R1,True
37249,1,1,Neutral-CoT,CN,R1,True
37258,2,2,Neutral-CoT,CN,R1,True
37367,2,2,Neutral-CoT,CN,R1,True
37422,1,1,Neutral-CoT,CN,R1,True
37432,2,2,Neutral-CoT,CN,R1,True
37435,1,1,Neutral-CoT,CN,R1,True
37490,1,1,Neutral-CoT,CN,R1,True
37537,2,2,Neutral-CoT,CN,R1,True
37569,2,2,Neutral-CoT,CN,R1,True
37614,2,2,Neutral-CoT,CN,R1,True
37617,2,2,Neutral-CoT,CN,R1,True
37679,1,1,Neutral-CoT,CN,R1,True
37723,2,2,Neutral-CoT,CN,R1,True
37741,1,2,Neutral-CoT,CN,R1,False
37743,2,2,Neutral-CoT,CN,R1,True
37842,1,1,Neutral-CoT,CN,R1,True
37909,1,1,Neutral-CoT,CN,R1,True
37955,1,1,Neutral-CoT,CN,R1,True
38026,2,2,Neutral-CoT,CN,R1,True
38068,2,2,Neutral-CoT,CN,R1,True
38078,2,2,Neutral-CoT,CN,R1,True
38130,1,1,Neutral-CoT,CN,R1,True
38144,1,1,Neutral-CoT,CN,R1,True
38146,1,1,Neutral-CoT,CN,R1,True
38166,1,1,Neutral-CoT,CN,R1,True
38168,1,1,Neutral-CoT,CN,R1,True
38191,2,2,Neutral-CoT,CN,R1,True
38245,1,1,Neutral-CoT,CN,R1,True
38267,2,2,Neutral-CoT,CN,R1,True
38352,1,1,Neutral-CoT,CN,R1,True
38395,1,1,Neutral-CoT,CN,R1,True
38425,2,2,Neutral-CoT,CN,R1,True
38485,1,1,Neutral-CoT,CN,R1,True
38518,1,1,Neutral-CoT,CN,R1,True
38530,1,1,Neutral-CoT,CN,R1,True
38533,2,2,Neutral-CoT,CN,R1,True
38554,1,2,Neutral-CoT,CN,R1,False
38562,2,2,Neutral-CoT,CN,R1,True
38593,2,2,Neutral-CoT,CN,R1,True
38627,2,2,Neutral-CoT,CN,R1,True
38721,1,1,Neutral-CoT,CN,R1,True
38773,2,2,Neutral-CoT,CN,R1,True
38802,1,2,Neutral-CoT,CN,R1,False
38809,1,1,Neutral-CoT,CN,R1,True
38829,1,1,Neutral-CoT,CN,R1,True
38928,2,2,Neutral-CoT,CN,R1,True
38947,1,1,Neutral-CoT,CN,R1,True
39000,1,1,Neutral-CoT,CN,R1,True
39152,1,1,Neutral-CoT,CN,R1,True
39199,1,1,Neutral-CoT,CN,R1,True
39321,1,1,Neutral-CoT,CN,R1,True
39356,2,2,Neutral-CoT,CN,R1,True
39388,2,2,Neutral-CoT,CN,R1,True
39457,1,1,Neutral-CoT,CN,R1,True
39532,2,2,Neutral-CoT,CN,R1,True
39553,2,2,Neutral-CoT,CN,R1,True
39557,1,1,Neutral-CoT,CN,R1,True
39715,1,1,Neutral-CoT,CN,R1,True
39795,2,2,Neutral-CoT,CN,R1,True
39804,1,1,Neutral-CoT,CN,R1,True
39833,2,2,Neutral-CoT,CN,R1,True
39842,1,1,Neutral-CoT,CN,R1,True
39864,2,2,Neutral-CoT,CN,R1,True
39884,2,2,Neutral-CoT,CN,R1,True
39918,2,2,Neutral-CoT,CN,R1,True
40029,1,1,Neutral-CoT,CN,R1,True
40068,1,1,Neutral-CoT,CN,R1,True
40135,1,1,Neutral-CoT,CN,R1,True
40145,2,2,Neutral-CoT,CN,R1,True
40164,1,1,Neutral-CoT,CN,R1,True
40296,2,2,Neutral-CoT,CN,R1,True
40376,1,1,Neutral-CoT,CN,R1,True
40497,2,2,Neutral-CoT,CN,R1,True
40535,1,1,Neutral-CoT,CN,R1,True
40542,2,2,Neutral-CoT,CN,R1,True
40622,2,2,Neutral-CoT,CN,R1,True
40625,2,2,Neutral-CoT,CN,R1,True
40653,2,2,Neutral-CoT,CN,R1,True
40762,1,1,Neutral-CoT,CN,R1,True
40853,1,1,Neutral-CoT,CN,R1,True
40855,2,2,Neutral-CoT,CN,R1,True
40857,2,2,Neutral-CoT,CN,R1,True
40920,1,2,Neutral-CoT,CN,R1,False
40969,1,1,Neutral-CoT,CN,R1,True
40991,1,1,Neutral-CoT,CN,R1,True
41001,2,2,Neutral-CoT,CN,R1,True
41077,1,1,Neutral-CoT,CN,R1,True
41103,2,2,Neutral-CoT,CN,R1,True
41237,1,1,Neutral-CoT,CN,R1,True
41239,1,1,Neutral-CoT,CN,R1,True
41273,1,1,Neutral-CoT,CN,R1,True
41368,1,1,Neutral-CoT,CN,R1,True
41416,1,1,Neutral-CoT,CN,R1,True
41457,2,1,Neutral-CoT,CN,R1,False
41472,1,1,Neutral-CoT,CN,R1,True
41514,2,2,Neutral-CoT,CN,R1,True
41581,2,2,Neutral-CoT,CN,R1,True
41590,1,1,Neutral-CoT,CN,R1,True
41607,1,1,Neutral-CoT,CN,R1,True
41636,1,1,Neutral-CoT,CN,R1,True
41704,1,1,Neutral-CoT,CN,R1,True
41836,1,1,Neutral-CoT,CN,R1,True
41906,2,2,Neutral-CoT,CN,R1,True
41973,2,2,Neutral-CoT,CN,R1,True
42006,2,2,Neutral-CoT,CN,R1,True
42040,1,1,Neutral-CoT,CN,R1,True
42067,1,1,Neutral-CoT,CN,R1,True
42086,2,2,Neutral-CoT,CN,R1,True
42112,2,2,Neutral-CoT,CN,R1,True
42166,2,2,Neutral-CoT,CN,R1,True
42185,2,2,Neutral-CoT,CN,R1,True
42228,2,2,Neutral-CoT,CN,R1,True
42330,1,1,Neutral-CoT,CN,R1,True
42344,2,2,Neutral-CoT,CN,R1,True
42391,2,2,Neutral-CoT,CN,R1,True
42468,2,2,Neutral-CoT,CN,R1,True
42520,2,2,Neutral-CoT,CN,R1,True
42521,1,1,Neutral-CoT,CN,R1,True
42568,1,1,Neutral-CoT,CN,R1,True
42572,2,2,Neutral-CoT,CN,R1,True
42585,1,1,Neutral-CoT,CN,R1,True
42714,2,2,Neutral-CoT,CN,R1,True
42742,1,1,Neutral-CoT,CN,R1,True
42860,2,2,Neutral-CoT,CN,R1,True
42886,2,2,Neutral-CoT,CN,R1,True
43042,1,1,Neutral-CoT,CN,R1,True
43070,2,2,Neutral-CoT,CN,R1,True
43191,1,1,Neutral-CoT,CN,R1,True
43285,1,1,Neutral-CoT,CN,R1,True
43295,2,2,Neutral-CoT,CN,R1,True
43350,2,2,Neutral-CoT,CN,R1,True
43486,1,1,Neutral-CoT,CN,R1,True
43526,2,2,Neutral-CoT,CN,R1,True
43621,2,2,Neutral-CoT,CN,R1,True
43668,2,2,Neutral-CoT,CN,R1,True
43764,2,2,Neutral-CoT,CN,R1,True
43811,2,2,Neutral-CoT,CN,R1,True
43878,1,1,Neutral-CoT,CN,R1,True
44064,2,2,Neutral-CoT,CN,R1,True
44167,2,2,Neutral-CoT,CN,R1,True
44178,2,2,Neutral-CoT,CN,R1,True
44313,2,2,Neutral-CoT,CN,R1,True
44380,1,1,Neutral-CoT,CN,R1,True
44400,2,2,Neutral-CoT,CN,R1,True
44415,2,2,Neutral-CoT,CN,R1,True
44430,2,2,Neutral-CoT,CN,R1,True
44444,2,2,Neutral-CoT,CN,R1,True
44458,2,2,Neutral-CoT,CN,R1,True
44475,1,2,Neutral-CoT,CN,R1,False
44479,2,2,Neutral-CoT,CN,R1,True
44628,1,1,Neutral-CoT,CN,R1,True
44682,1,1,Neutral-CoT,CN,R1,True
44812,2,2,Neutral-CoT,CN,R1,True
44833,2,1,Neutral-CoT,CN,R1,False
44841,1,1,Neutral-CoT,CN,R1,True
44887,2,2,Neutral-CoT,CN,R1,True
44967,1,1,Neutral-CoT,CN,R1,True
45012,2,2,Neutral-CoT,CN,R1,True
45024,1,1,Neutral-CoT,CN,R1,True
45075,2,2,Neutral-CoT,CN,R1,True
45117,2,2,Neutral-CoT,CN,R1,True
45137,2,2,Neutral-CoT,CN,R1,True
45175,2,2,Neutral-CoT,CN,R1,True
45184,1,1,Neutral-CoT,CN,R1,True
45190,1,1,Neutral-CoT,CN,R1,True
45199,1,1,Neutral-CoT,CN,R1,True
45289,1,1,Neutral-CoT,CN,R1,True
45337,1,1,Neutral-CoT,CN,R1,True
45340,2,2,Neutral-CoT,CN,R1,True
45390,2,2,Neutral-CoT,CN,R1,True
45424,2,2,Neutral-CoT,CN,R1,True
45470,2,2,Neutral-CoT,CN,R1,True
45492,1,1,Neutral-CoT,CN,R1,True
45529,2,2,Neutral-CoT,CN,R1,True
45544,2,2,Neutral-CoT,CN,R1,True
45784,1,1,Neutral-CoT,CN,R1,True
45800,2,2,Neutral-CoT,CN,R1,True
45811,2,2,Neutral-CoT,CN,R1,True
45837,1,1,Neutral-CoT,CN,R1,True
45857,2,2,Neutral-CoT,CN,R1,True
45893,2,2,Neutral-CoT,CN,R1,True
45938,2,2,Neutral-CoT,CN,R1,True
45983,2,2,Neutral-CoT,CN,R1,True
45985,1,1,Neutral-CoT,CN,R1,True
46026,2,2,Neutral-CoT,CN,R1,True
46132,1,1,Neutral-CoT,CN,R1,True
46147,1,1,Neutral-CoT,CN,R1,True
46160,1,1,Neutral-CoT,CN,R1,True
46218,2,1,Neutral-CoT,CN,R1,False
46346,1,1,Neutral-CoT,CN,R1,True
46372,2,2,Neutral-CoT,CN,R1,True
46555,2,2,Neutral-CoT,CN,R1,True
46569,2,2,Neutral-CoT,CN,R1,True
46595,2,2,Neutral-CoT,CN,R1,True
46674,1,1,Neutral-CoT,CN,R1,True
46707,2,2,Neutral-CoT,CN,R1,True
46710,2,2,Neutral-CoT,CN,R1,True
46751,2,2,Neutral-CoT,CN,R1,True
46756,1,1,Neutral-CoT,CN,R1,True
46810,2,2,Neutral-CoT,CN,R1,True
46859,2,2,Neutral-CoT,CN,R1,True
46880,1,1,Neutral-CoT,CN,R1,True
46894,2,2,Neutral-CoT,CN,R1,True
46969,2,2,Neutral-CoT,CN,R1,True
47024,1,2,Neutral-CoT,CN,R1,False
47060,2,2,Neutral-CoT,CN,R1,True
47065,1,1,Neutral-CoT,CN,R1,True
47097,1,1,Neutral-CoT,CN,R1,True
47139,2,2,Neutral-CoT,CN,R1,True
47169,2,2,Neutral-CoT,CN,R1,True
47174,2,2,Neutral-CoT,CN,R1,True
47216,2,2,Neutral-CoT,CN,R1,True
47246,2,2,Neutral-CoT,CN,R1,True
47249,2,2,Neutral-CoT,CN,R1,True
47362,1,1,Neutral-CoT,CN,R1,True
47371,1,1,Neutral-CoT,CN,R1,True
47560,1,1,Neutral-CoT,CN,R1,True
47619,2,2,Neutral-CoT,CN,R1,True
47865,2,2,Neutral-CoT,CN,R1,True
48180,2,2,Neutral-CoT,CN,R1,True
48182,1,1,Neutral-CoT,CN,R1,True
48217,2,2,Neutral-CoT,CN,R1,True
48246,1,1,Neutral-CoT,CN,R1,True
48295,2,2,Neutral-CoT,CN,R1,True
48329,1,1,Neutral-CoT,CN,R1,True
48352,1,1,Neutral-CoT,CN,R1,True
48355,2,2,Neutral-CoT,CN,R1,True
48359,1,1,Neutral-CoT,CN,R1,True
48441,2,2,Neutral-CoT,CN,R1,True
48449,2,2,Neutral-CoT,CN,R1,True
48506,2,2,Neutral-CoT,CN,R1,True
48538,1,2,Neutral-CoT,CN,R1,False
48541,1,1,Neutral-CoT,CN,R1,True
48562,2,2,Neutral-CoT,CN,R1,True
48587,1,1,Neutral-CoT,CN,R1,True
48607,2,2,Neutral-CoT,CN,R1,True
48618,1,1,Neutral-CoT,CN,R1,True
48728,1,1,Neutral-CoT,CN,R1,True
48859,2,2,Neutral-CoT,CN,R1,True
48898,1,1,Neutral-CoT,CN,R1,True
48976,2,2,Neutral-CoT,CN,R1,True
49004,1,1,Neutral-CoT,CN,R1,True
49029,1,1,Neutral-CoT,CN,R1,True
49047,1,1,Neutral-CoT,CN,R1,True
49052,1,1,Neutral-CoT,CN,R1,True
49095,1,1,Neutral-CoT,CN,R1,True
49132,1,1,Neutral-CoT,CN,R1,True
49146,1,1,Neutral-CoT,CN,R1,True
49189,1,1,Neutral-CoT,CN,R1,True
49213,1,1,Neutral-CoT,CN,R1,True
49228,1,1,Neutral-CoT,CN,R1,True
49242,2,2,Neutral-CoT,CN,R1,True
49325,1,1,Neutral-CoT,CN,R1,True
49400,2,2,Neutral-CoT,CN,R1,True
49460,1,1,Neutral-CoT,CN,R1,True
49700,1,1,Neutral-CoT,CN,R1,True
49737,1,1,Neutral-CoT,CN,R1,True
49765,2,2,Neutral-CoT,CN,R1,True
49804,2,2,Neutral-CoT,CN,R1,True
49855,2,2,Neutral-CoT,CN,R1,True
49870,2,2,Neutral-CoT,CN,R1,True
49943,2,2,Neutral-CoT,CN,R1,True
49950,2,2,Neutral-CoT,CN,R1,True
49959,2,2,Neutral-CoT,CN,R1,True
49971,1,1,Neutral-CoT,CN,R1,True
55,1,1,Neutral-CoT,CN,V3,True
107,2,2,Neutral-CoT,CN,V3,True
176,1,1,Neutral-CoT,CN,V3,True
257,1,1,Neutral-CoT,CN,V3,True
283,2,2,Neutral-CoT,CN,V3,True
284,2,2,Neutral-CoT,CN,V3,True
287,1,1,Neutral-CoT,CN,V3,True
310,2,2,Neutral-CoT,CN,V3,True
379,2,2,Neutral-CoT,CN,V3,True
393,2,2,Neutral-CoT,CN,V3,True
405,2,2,Neutral-CoT,CN,V3,True
423,1,2,Neutral-CoT,CN,V3,False
450,2,2,Neutral-CoT,CN,V3,True
504,2,2,Neutral-CoT,CN,V3,True
525,2,2,Neutral-CoT,CN,V3,True
545,1,1,Neutral-CoT,CN,V3,True
626,2,2,Neutral-CoT,CN,V3,True
715,2,2,Neutral-CoT,CN,V3,True
722,1,1,Neutral-CoT,CN,V3,True
793,2,2,Neutral-CoT,CN,V3,True
804,1,2,Neutral-CoT,CN,V3,False
856,2,2,Neutral-CoT,CN,V3,True
893,2,2,Neutral-CoT,CN,V3,True
922,1,1,Neutral-CoT,CN,V3,True
1029,2,2,Neutral-CoT,CN,V3,True
1057,2,1,Neutral-CoT,CN,V3,False
1106,1,1,Neutral-CoT,CN,V3,True
1199,1,1,Neutral-CoT,CN,V3,True
1200,2,2,Neutral-CoT,CN,V3,True
1205,2,2,Neutral-CoT,CN,V3,True
1227,1,2,Neutral-CoT,CN,V3,False
1261,2,2,Neutral-CoT,CN,V3,True
1285,1,1,Neutral-CoT,CN,V3,True
1290,1,1,Neutral-CoT,CN,V3,True
1347,1,1,Neutral-CoT,CN,V3,True
1363,2,2,Neutral-CoT,CN,V3,True
1421,1,1,Neutral-CoT,CN,V3,True
1481,1,1,Neutral-CoT,CN,V3,True
1545,1,1,Neutral-CoT,CN,V3,True
1552,1,1,Neutral-CoT,CN,V3,True
1573,1,1,Neutral-CoT,CN,V3,True
1656,2,2,Neutral-CoT,CN,V3,True
1687,1,1,Neutral-CoT,CN,V3,True
1707,2,2,Neutral-CoT,CN,V3,True
1735,2,2,Neutral-CoT,CN,V3,True
1755,2,2,Neutral-CoT,CN,V3,True
1814,2,2,Neutral-CoT,CN,V3,True
1819,2,2,Neutral-CoT,CN,V3,True
1822,1,1,Neutral-CoT,CN,V3,True
1823,1,1,Neutral-CoT,CN,V3,True
1862,1,1,Neutral-CoT,CN,V3,True
2004,2,2,Neutral-CoT,CN,V3,True
2039,2,2,Neutral-CoT,CN,V3,True
2055,1,1,Neutral-CoT,CN,V3,True
2068,2,2,Neutral-CoT,CN,V3,True
2081,1,1,Neutral-CoT,CN,V3,True
2155,2,2,Neutral-CoT,CN,V3,True
2221,2,2,Neutral-CoT,CN,V3,True
2288,2,2,Neutral-CoT,CN,V3,True
2375,2,2,Neutral-CoT,CN,V3,True
2379,1,1,Neutral-CoT,CN,V3,True
2408,2,2,Neutral-CoT,CN,V3,True
2426,2,2,Neutral-CoT,CN,V3,True
2584,2,2,Neutral-CoT,CN,V3,True
2585,1,1,Neutral-CoT,CN,V3,True
2599,2,2,Neutral-CoT,CN,V3,True
2600,1,1,Neutral-CoT,CN,V3,True
2732,2,2,Neutral-CoT,CN,V3,True
2844,1,1,Neutral-CoT,CN,V3,True
2891,2,2,Neutral-CoT,CN,V3,True
2932,2,2,Neutral-CoT,CN,V3,True
3056,1,1,Neutral-CoT,CN,V3,True
3102,1,1,Neutral-CoT,CN,V3,True
3191,1,1,Neutral-CoT,CN,V3,True
3297,1,1,Neutral-CoT,CN,V3,True
3363,1,1,Neutral-CoT,CN,V3,True
3367,2,2,Neutral-CoT,CN,V3,True
3385,1,1,Neutral-CoT,CN,V3,True
3400,1,1,Neutral-CoT,CN,V3,True
3418,1,1,Neutral-CoT,CN,V3,True
3429,2,2,Neutral-CoT,CN,V3,True
3440,1,1,Neutral-CoT,CN,V3,True
3512,1,2,Neutral-CoT,CN,V3,False
3524,1,1,Neutral-CoT,CN,V3,True
3567,1,1,Neutral-CoT,CN,V3,True
3631,2,2,Neutral-CoT,CN,V3,True
3811,2,1,Neutral-CoT,CN,V3,False
3824,1,1,Neutral-CoT,CN,V3,True
3839,1,1,Neutral-CoT,CN,V3,True
3867,1,1,Neutral-CoT,CN,V3,True
3868,1,1,Neutral-CoT,CN,V3,True
3929,2,2,Neutral-CoT,CN,V3,True
3971,2,2,Neutral-CoT,CN,V3,True
3979,2,2,Neutral-CoT,CN,V3,True
4011,2,2,Neutral-CoT,CN,V3,True
4017,1,1,Neutral-CoT,CN,V3,True
4066,2,2,Neutral-CoT,CN,V3,True
4087,2,2,Neutral-CoT,CN,V3,True
4153,2,2,Neutral-CoT,CN,V3,True
4182,2,2,Neutral-CoT,CN,V3,True
4187,1,1,Neutral-CoT,CN,V3,True
4207,1,1,Neutral-CoT,CN,V3,True
4211,1,1,Neutral-CoT,CN,V3,True
4303,1,1,Neutral-CoT,CN,V3,True
4314,1,1,Neutral-CoT,CN,V3,True
4339,2,2,Neutral-CoT,CN,V3,True
4348,2,2,Neutral-CoT,CN,V3,True
4447,1,1,Neutral-CoT,CN,V3,True
4462,1,1,Neutral-CoT,CN,V3,True
4591,1,1,Neutral-CoT,CN,V3,True
4624,2,2,Neutral-CoT,CN,V3,True
4651,2,2,Neutral-CoT,CN,V3,True
4652,1,1,Neutral-CoT,CN,V3,True
4663,1,1,Neutral-CoT,CN,V3,True
4706,2,2,Neutral-CoT,CN,V3,True
4716,1,1,Neutral-CoT,CN,V3,True
4744,2,2,Neutral-CoT,CN,V3,True
4767,1,1,Neutral-CoT,CN,V3,True
4795,1,1,Neutral-CoT,CN,V3,True
4812,2,2,Neutral-CoT,CN,V3,True
4829,2,2,Neutral-CoT,CN,V3,True
4851,2,2,Neutral-CoT,CN,V3,True
4856,2,2,Neutral-CoT,CN,V3,True
4865,2,2,Neutral-CoT,CN,V3,True
4871,1,1,Neutral-CoT,CN,V3,True
4927,2,2,Neutral-CoT,CN,V3,True
4937,1,1,Neutral-CoT,CN,V3,True
5006,2,1,Neutral-CoT,CN,V3,False
5009,1,1,Neutral-CoT,CN,V3,True
5024,1,1,Neutral-CoT,CN,V3,True
5070,1,1,Neutral-CoT,CN,V3,True
5086,2,2,Neutral-CoT,CN,V3,True
5105,2,2,Neutral-CoT,CN,V3,True
5119,1,1,Neutral-CoT,CN,V3,True
5120,2,2,Neutral-CoT,CN,V3,True
5159,1,2,Neutral-CoT,CN,V3,False
5406,1,1,Neutral-CoT,CN,V3,True
5424,2,2,Neutral-CoT,CN,V3,True
5475,1,1,Neutral-CoT,CN,V3,True
5499,1,1,Neutral-CoT,CN,V3,True
5570,1,1,Neutral-CoT,CN,V3,True
5586,2,1,Neutral-CoT,CN,V3,False
5619,2,2,Neutral-CoT,CN,V3,True
5651,1,1,Neutral-CoT,CN,V3,True
5797,2,2,Neutral-CoT,CN,V3,True
5824,2,2,Neutral-CoT,CN,V3,True
5829,1,1,Neutral-CoT,CN,V3,True
5906,2,2,Neutral-CoT,CN,V3,True
5938,2,1,Neutral-CoT,CN,V3,False
5957,2,2,Neutral-CoT,CN,V3,True
5998,2,2,Neutral-CoT,CN,V3,True
6010,2,2,Neutral-CoT,CN,V3,True
6059,2,2,Neutral-CoT,CN,V3,True
6111,1,1,Neutral-CoT,CN,V3,True
6137,1,1,Neutral-CoT,CN,V3,True
6156,1,1,Neutral-CoT,CN,V3,True
6252,1,1,Neutral-CoT,CN,V3,True
6253,2,2,Neutral-CoT,CN,V3,True
6255,2,2,Neutral-CoT,CN,V3,True
6295,1,1,Neutral-CoT,CN,V3,True
6347,1,1,Neutral-CoT,CN,V3,True
6374,1,1,Neutral-CoT,CN,V3,True
6452,1,1,Neutral-CoT,CN,V3,True
6465,1,1,Neutral-CoT,CN,V3,True
6484,2,2,Neutral-CoT,CN,V3,True
6519,2,2,Neutral-CoT,CN,V3,True
6527,2,2,Neutral-CoT,CN,V3,True
6595,1,1,Neutral-CoT,CN,V3,True
6631,1,1,Neutral-CoT,CN,V3,True
6715,2,2,Neutral-CoT,CN,V3,True
6728,1,1,Neutral-CoT,CN,V3,True
6756,2,2,Neutral-CoT,CN,V3,True
6812,1,1,Neutral-CoT,CN,V3,True
6824,1,1,Neutral-CoT,CN,V3,True
6826,1,1,Neutral-CoT,CN,V3,True
6842,1,1,Neutral-CoT,CN,V3,True
6867,1,1,Neutral-CoT,CN,V3,True
6868,1,2,Neutral-CoT,CN,V3,False
6899,2,2,Neutral-CoT,CN,V3,True
6965,2,2,Neutral-CoT,CN,V3,True
6977,2,2,Neutral-CoT,CN,V3,True
6991,1,1,Neutral-CoT,CN,V3,True
7001,2,2,Neutral-CoT,CN,V3,True
7004,1,1,Neutral-CoT,CN,V3,True
7070,2,2,Neutral-CoT,CN,V3,True
7096,1,1,Neutral-CoT,CN,V3,True
7099,1,1,Neutral-CoT,CN,V3,True
7194,2,2,Neutral-CoT,CN,V3,True
7220,2,2,Neutral-CoT,CN,V3,True
7235,2,2,Neutral-CoT,CN,V3,True
7313,2,2,Neutral-CoT,CN,V3,True
7387,1,1,Neutral-CoT,CN,V3,True
7407,1,1,Neutral-CoT,CN,V3,True
7430,2,2,Neutral-CoT,CN,V3,True
7439,1,1,Neutral-CoT,CN,V3,True
7451,2,2,Neutral-CoT,CN,V3,True
7498,2,2,Neutral-CoT,CN,V3,True
7550,1,1,Neutral-CoT,CN,V3,True
7553,2,2,Neutral-CoT,CN,V3,True
7555,1,1,Neutral-CoT,CN,V3,True
7581,2,2,Neutral-CoT,CN,V3,True
7599,2,2,Neutral-CoT,CN,V3,True
7654,1,1,Neutral-CoT,CN,V3,True
7687,1,1,Neutral-CoT,CN,V3,True
7723,1,1,Neutral-CoT,CN,V3,True
7887,1,1,Neutral-CoT,CN,V3,True
7894,1,1,Neutral-CoT,CN,V3,True
7915,2,2,Neutral-CoT,CN,V3,True
7966,1,1,Neutral-CoT,CN,V3,True
8015,2,2,Neutral-CoT,CN,V3,True
8033,1,1,Neutral-CoT,CN,V3,True
8139,1,1,Neutral-CoT,CN,V3,True
8217,2,2,Neutral-CoT,CN,V3,True
8268,1,1,Neutral-CoT,CN,V3,True
8339,1,1,Neutral-CoT,CN,V3,True
8366,2,2,Neutral-CoT,CN,V3,True
8444,1,1,Neutral-CoT,CN,V3,True
8580,2,2,Neutral-CoT,CN,V3,True
8614,1,1,Neutral-CoT,CN,V3,True
8630,2,2,Neutral-CoT,CN,V3,True
8672,1,1,Neutral-CoT,CN,V3,True
8800,1,1,Neutral-CoT,CN,V3,True
8902,2,2,Neutral-CoT,CN,V3,True
8923,2,2,Neutral-CoT,CN,V3,True
8948,1,1,Neutral-CoT,CN,V3,True
8993,1,1,Neutral-CoT,CN,V3,True
9004,1,1,Neutral-CoT,CN,V3,True
9089,2,2,Neutral-CoT,CN,V3,True
9102,1,2,Neutral-CoT,CN,V3,False
9120,1,2,Neutral-CoT,CN,V3,False
9134,2,2,Neutral-CoT,CN,V3,True
9246,2,2,Neutral-CoT,CN,V3,True
9268,1,1,Neutral-CoT,CN,V3,True
9324,2,2,Neutral-CoT,CN,V3,True
9325,1,1,Neutral-CoT,CN,V3,True
9349,2,2,Neutral-CoT,CN,V3,True
9357,2,2,Neutral-CoT,CN,V3,True
9417,1,1,Neutral-CoT,CN,V3,True
9459,1,1,Neutral-CoT,CN,V3,True
9465,1,1,Neutral-CoT,CN,V3,True
9469,2,2,Neutral-CoT,CN,V3,True
9485,1,2,Neutral-CoT,CN,V3,False
9595,1,1,Neutral-CoT,CN,V3,True
9632,2,2,Neutral-CoT,CN,V3,True
9635,2,2,Neutral-CoT,CN,V3,True
9677,2,2,Neutral-CoT,CN,V3,True
9715,1,1,Neutral-CoT,CN,V3,True
9724,2,2,Neutral-CoT,CN,V3,True
9774,2,2,Neutral-CoT,CN,V3,True
9796,1,1,Neutral-CoT,CN,V3,True
9892,2,2,Neutral-CoT,CN,V3,True
9899,1,1,Neutral-CoT,CN,V3,True
9907,2,2,Neutral-CoT,CN,V3,True
9934,1,1,Neutral-CoT,CN,V3,True
9987,1,1,Neutral-CoT,CN,V3,True
10022,1,1,Neutral-CoT,CN,V3,True
10156,1,1,Neutral-CoT,CN,V3,True
10163,1,1,Neutral-CoT,CN,V3,True
10174,1,1,Neutral-CoT,CN,V3,True
10189,2,2,Neutral-CoT,CN,V3,True
10210,1,1,Neutral-CoT,CN,V3,True
10328,1,1,Neutral-CoT,CN,V3,True
10330,2,2,Neutral-CoT,CN,V3,True
10375,1,1,Neutral-CoT,CN,V3,True
10400,1,1,Neutral-CoT,CN,V3,True
10423,2,2,Neutral-CoT,CN,V3,True
10434,1,1,Neutral-CoT,CN,V3,True
10450,2,2,Neutral-CoT,CN,V3,True
10566,2,2,Neutral-CoT,CN,V3,True
10610,2,2,Neutral-CoT,CN,V3,True
10621,1,1,Neutral-CoT,CN,V3,True
10626,2,2,Neutral-CoT,CN,V3,True
10634,2,2,Neutral-CoT,CN,V3,True
10771,2,2,Neutral-CoT,CN,V3,True
10803,2,2,Neutral-CoT,CN,V3,True
10910,2,2,Neutral-CoT,CN,V3,True
10954,2,2,Neutral-CoT,CN,V3,True
10978,1,1,Neutral-CoT,CN,V3,True
11102,1,1,Neutral-CoT,CN,V3,True
11120,2,2,Neutral-CoT,CN,V3,True
11132,1,1,Neutral-CoT,CN,V3,True
11189,2,2,Neutral-CoT,CN,V3,True
11241,2,2,Neutral-CoT,CN,V3,True
11283,2,2,Neutral-CoT,CN,V3,True
11511,2,2,Neutral-CoT,CN,V3,True
11514,2,2,Neutral-CoT,CN,V3,True
11523,2,2,Neutral-CoT,CN,V3,True
11525,1,1,Neutral-CoT,CN,V3,True
11553,1,1,Neutral-CoT,CN,V3,True
11596,1,1,Neutral-CoT,CN,V3,True
11617,2,2,Neutral-CoT,CN,V3,True
11630,1,1,Neutral-CoT,CN,V3,True
11647,2,2,Neutral-CoT,CN,V3,True
11742,2,2,Neutral-CoT,CN,V3,True
11786,1,1,Neutral-CoT,CN,V3,True
11850,2,2,Neutral-CoT,CN,V3,True
11870,1,1,Neutral-CoT,CN,V3,True
11874,1,1,Neutral-CoT,CN,V3,True
11930,1,1,Neutral-CoT,CN,V3,True
11935,2,2,Neutral-CoT,CN,V3,True
11967,1,1,Neutral-CoT,CN,V3,True
12012,2,2,Neutral-CoT,CN,V3,True
12074,1,1,Neutral-CoT,CN,V3,True
12151,1,1,Neutral-CoT,CN,V3,True
12153,1,1,Neutral-CoT,CN,V3,True
12271,2,2,Neutral-CoT,CN,V3,True
12285,1,1,Neutral-CoT,CN,V3,True
12301,1,1,Neutral-CoT,CN,V3,True
12323,1,1,Neutral-CoT,CN,V3,True
12429,2,2,Neutral-CoT,CN,V3,True
12472,2,2,Neutral-CoT,CN,V3,True
12486,2,2,Neutral-CoT,CN,V3,True
12494,1,1,Neutral-CoT,CN,V3,True
12645,1,1,Neutral-CoT,CN,V3,True
12732,1,1,Neutral-CoT,CN,V3,True
12798,2,2,Neutral-CoT,CN,V3,True
12830,2,2,Neutral-CoT,CN,V3,True
12860,2,2,Neutral-CoT,CN,V3,True
12896,1,1,Neutral-CoT,CN,V3,True
12903,1,1,Neutral-CoT,CN,V3,True
12926,2,2,Neutral-CoT,CN,V3,True
12948,2,2,Neutral-CoT,CN,V3,True
12975,2,2,Neutral-CoT,CN,V3,True
12998,1,2,Neutral-CoT,CN,V3,False
13035,1,1,Neutral-CoT,CN,V3,True
13050,2,2,Neutral-CoT,CN,V3,True
13061,1,1,Neutral-CoT,CN,V3,True
13113,2,2,Neutral-CoT,CN,V3,True
13115,2,2,Neutral-CoT,CN,V3,True
13137,2,2,Neutral-CoT,CN,V3,True
13141,1,1,Neutral-CoT,CN,V3,True
13200,1,1,Neutral-CoT,CN,V3,True
13227,2,2,Neutral-CoT,CN,V3,True
13319,1,1,Neutral-CoT,CN,V3,True
13334,1,1,Neutral-CoT,CN,V3,True
13384,1,1,Neutral-CoT,CN,V3,True
13400,1,2,Neutral-CoT,CN,V3,False
13447,2,2,Neutral-CoT,CN,V3,True
13469,2,2,Neutral-CoT,CN,V3,True
13484,2,2,Neutral-CoT,CN,V3,True
13562,1,2,Neutral-CoT,CN,V3,False
13726,2,2,Neutral-CoT,CN,V3,True
13785,1,1,Neutral-CoT,CN,V3,True
13843,2,2,Neutral-CoT,CN,V3,True
13864,2,2,Neutral-CoT,CN,V3,True
13874,1,1,Neutral-CoT,CN,V3,True
13920,1,2,Neutral-CoT,CN,V3,False
14011,2,2,Neutral-CoT,CN,V3,True
14047,2,2,Neutral-CoT,CN,V3,True
14055,2,2,Neutral-CoT,CN,V3,True
14074,2,2,Neutral-CoT,CN,V3,True
14139,2,2,Neutral-CoT,CN,V3,True
14224,1,2,Neutral-CoT,CN,V3,False
14259,1,1,Neutral-CoT,CN,V3,True
14325,1,1,Neutral-CoT,CN,V3,True
14408,1,1,Neutral-CoT,CN,V3,True
14410,1,1,Neutral-CoT,CN,V3,True
14469,1,1,Neutral-CoT,CN,V3,True
14532,2,2,Neutral-CoT,CN,V3,True
14550,2,2,Neutral-CoT,CN,V3,True
14557,1,1,Neutral-CoT,CN,V3,True
14581,2,2,Neutral-CoT,CN,V3,True
14617,2,2,Neutral-CoT,CN,V3,True
14707,2,1,Neutral-CoT,CN,V3,False
14759,2,2,Neutral-CoT,CN,V3,True
14793,1,1,Neutral-CoT,CN,V3,True
14796,2,2,Neutral-CoT,CN,V3,True
14845,2,2,Neutral-CoT,CN,V3,True
14858,2,2,Neutral-CoT,CN,V3,True
14868,1,1,Neutral-CoT,CN,V3,True
14900,1,1,Neutral-CoT,CN,V3,True
14932,2,2,Neutral-CoT,CN,V3,True
14970,2,2,Neutral-CoT,CN,V3,True
14988,2,2,Neutral-CoT,CN,V3,True
15035,1,1,Neutral-CoT,CN,V3,True
15066,2,2,Neutral-CoT,CN,V3,True
15131,1,1,Neutral-CoT,CN,V3,True
15133,2,2,Neutral-CoT,CN,V3,True
15176,2,2,Neutral-CoT,CN,V3,True
15189,1,1,Neutral-CoT,CN,V3,True
15254,1,1,Neutral-CoT,CN,V3,True
15290,1,1,Neutral-CoT,CN,V3,True
15363,2,2,Neutral-CoT,CN,V3,True
15535,2,2,Neutral-CoT,CN,V3,True
15538,1,2,Neutral-CoT,CN,V3,False
15555,1,1,Neutral-CoT,CN,V3,True
15585,1,2,Neutral-CoT,CN,V3,False
15614,2,2,Neutral-CoT,CN,V3,True
15620,2,2,Neutral-CoT,CN,V3,True
15693,1,1,Neutral-CoT,CN,V3,True
15721,1,2,Neutral-CoT,CN,V3,False
15735,1,1,Neutral-CoT,CN,V3,True
15770,1,1,Neutral-CoT,CN,V3,True
15810,2,2,Neutral-CoT,CN,V3,True
15883,1,1,Neutral-CoT,CN,V3,True
15894,2,2,Neutral-CoT,CN,V3,True
16114,1,1,Neutral-CoT,CN,V3,True
16120,1,1,Neutral-CoT,CN,V3,True
16170,2,2,Neutral-CoT,CN,V3,True
16174,1,1,Neutral-CoT,CN,V3,True
16212,2,2,Neutral-CoT,CN,V3,True
16213,1,1,Neutral-CoT,CN,V3,True
16230,1,1,Neutral-CoT,CN,V3,True
16264,1,1,Neutral-CoT,CN,V3,True
16339,1,1,Neutral-CoT,CN,V3,True
16355,2,2,Neutral-CoT,CN,V3,True
16386,1,2,Neutral-CoT,CN,V3,False
16398,1,1,Neutral-CoT,CN,V3,True
16521,2,2,Neutral-CoT,CN,V3,True
16572,1,1,Neutral-CoT,CN,V3,True
16600,1,1,Neutral-CoT,CN,V3,True
16614,1,1,Neutral-CoT,CN,V3,True
16642,1,1,Neutral-CoT,CN,V3,True
16731,1,1,Neutral-CoT,CN,V3,True
16801,2,2,Neutral-CoT,CN,V3,True
16845,1,1,Neutral-CoT,CN,V3,True
16858,2,2,Neutral-CoT,CN,V3,True
16891,1,1,Neutral-CoT,CN,V3,True
16977,1,1,Neutral-CoT,CN,V3,True
17002,2,2,Neutral-CoT,CN,V3,True
17048,1,1,Neutral-CoT,CN,V3,True
17079,2,2,Neutral-CoT,CN,V3,True
17082,2,1,Neutral-CoT,CN,V3,False
17121,2,2,Neutral-CoT,CN,V3,True
17165,1,2,Neutral-CoT,CN,V3,False
17212,1,1,Neutral-CoT,CN,V3,True
17227,1,1,Neutral-CoT,CN,V3,True
17241,2,2,Neutral-CoT,CN,V3,True
17280,2,2,Neutral-CoT,CN,V3,True
17322,1,1,Neutral-CoT,CN,V3,True
17355,2,2,Neutral-CoT,CN,V3,True
17364,2,2,Neutral-CoT,CN,V3,True
17386,2,2,Neutral-CoT,CN,V3,True
17455,1,1,Neutral-CoT,CN,V3,True
17468,1,1,Neutral-CoT,CN,V3,True
17475,1,1,Neutral-CoT,CN,V3,True
17553,1,1,Neutral-CoT,CN,V3,True
17585,2,2,Neutral-CoT,CN,V3,True
17693,1,1,Neutral-CoT,CN,V3,True
17744,2,2,Neutral-CoT,CN,V3,True
17746,2,2,Neutral-CoT,CN,V3,True
17792,1,1,Neutral-CoT,CN,V3,True
17806,2,2,Neutral-CoT,CN,V3,True
17841,2,2,Neutral-CoT,CN,V3,True
17877,1,1,Neutral-CoT,CN,V3,True
17885,2,2,Neutral-CoT,CN,V3,True
17914,2,1,Neutral-CoT,CN,V3,False
17929,1,2,Neutral-CoT,CN,V3,False
17963,2,2,Neutral-CoT,CN,V3,True
18223,1,2,Neutral-CoT,CN,V3,False
18290,1,1,Neutral-CoT,CN,V3,True
18337,1,1,Neutral-CoT,CN,V3,True
18550,2,2,Neutral-CoT,CN,V3,True
18553,2,2,Neutral-CoT,CN,V3,True
18613,2,2,Neutral-CoT,CN,V3,True
18630,2,2,Neutral-CoT,CN,V3,True
18631,1,1,Neutral-CoT,CN,V3,True
18643,1,1,Neutral-CoT,CN,V3,True
18652,1,1,Neutral-CoT,CN,V3,True
18656,2,2,Neutral-CoT,CN,V3,True
18670,1,1,Neutral-CoT,CN,V3,True
18805,2,2,Neutral-CoT,CN,V3,True
18806,1,1,Neutral-CoT,CN,V3,True
18820,1,1,Neutral-CoT,CN,V3,True
18839,2,2,Neutral-CoT,CN,V3,True
18874,1,1,Neutral-CoT,CN,V3,True
18886,1,1,Neutral-CoT,CN,V3,True
18935,1,1,Neutral-CoT,CN,V3,True
18961,2,2,Neutral-CoT,CN,V3,True
18970,1,2,Neutral-CoT,CN,V3,False
18998,2,2,Neutral-CoT,CN,V3,True
19036,2,2,Neutral-CoT,CN,V3,True
19045,2,2,Neutral-CoT,CN,V3,True
19113,1,1,Neutral-CoT,CN,V3,True
19164,1,1,Neutral-CoT,CN,V3,True
19267,2,2,Neutral-CoT,CN,V3,True
19295,1,1,Neutral-CoT,CN,V3,True
19331,2,2,Neutral-CoT,CN,V3,True
19341,1,1,Neutral-CoT,CN,V3,True
19383,1,1,Neutral-CoT,CN,V3,True
19385,2,2,Neutral-CoT,CN,V3,True
19395,2,2,Neutral-CoT,CN,V3,True
19486,2,2,Neutral-CoT,CN,V3,True
19496,2,2,Neutral-CoT,CN,V3,True
19519,2,2,Neutral-CoT,CN,V3,True
19532,1,1,Neutral-CoT,CN,V3,True
19538,1,1,Neutral-CoT,CN,V3,True
19593,2,2,Neutral-CoT,CN,V3,True
19599,1,1,Neutral-CoT,CN,V3,True
19643,1,1,Neutral-CoT,CN,V3,True
19686,1,1,Neutral-CoT,CN,V3,True
19738,1,1,Neutral-CoT,CN,V3,True
19794,1,1,Neutral-CoT,CN,V3,True
19826,2,2,Neutral-CoT,CN,V3,True
19830,2,2,Neutral-CoT,CN,V3,True
19839,2,2,Neutral-CoT,CN,V3,True
19854,2,2,Neutral-CoT,CN,V3,True
19900,2,2,Neutral-CoT,CN,V3,True
19915,1,1,Neutral-CoT,CN,V3,True
19967,1,1,Neutral-CoT,CN,V3,True
19968,2,2,Neutral-CoT,CN,V3,True
20031,1,1,Neutral-CoT,CN,V3,True
20132,2,2,Neutral-CoT,CN,V3,True
20184,1,1,Neutral-CoT,CN,V3,True
20195,1,1,Neutral-CoT,CN,V3,True
20270,1,1,Neutral-CoT,CN,V3,True
20283,2,1,Neutral-CoT,CN,V3,False
20299,2,2,Neutral-CoT,CN,V3,True
20380,2,2,Neutral-CoT,CN,V3,True
20420,1,1,Neutral-CoT,CN,V3,True
20422,1,1,Neutral-CoT,CN,V3,True
20431,1,1,Neutral-CoT,CN,V3,True
20443,1,1,Neutral-CoT,CN,V3,True
20446,2,2,Neutral-CoT,CN,V3,True
20465,1,1,Neutral-CoT,CN,V3,True
20467,1,1,Neutral-CoT,CN,V3,True
20504,2,2,Neutral-CoT,CN,V3,True
20528,1,1,Neutral-CoT,CN,V3,True
20542,1,1,Neutral-CoT,CN,V3,True
20609,1,1,Neutral-CoT,CN,V3,True
20666,1,1,Neutral-CoT,CN,V3,True
20677,1,1,Neutral-CoT,CN,V3,True
20685,2,2,Neutral-CoT,CN,V3,True
20716,2,2,Neutral-CoT,CN,V3,True
20717,1,2,Neutral-CoT,CN,V3,False
20839,2,2,Neutral-CoT,CN,V3,True
20853,1,1,Neutral-CoT,CN,V3,True
20869,2,2,Neutral-CoT,CN,V3,True
20890,2,2,Neutral-CoT,CN,V3,True
20895,1,1,Neutral-CoT,CN,V3,True
20964,1,1,Neutral-CoT,CN,V3,True
20971,2,2,Neutral-CoT,CN,V3,True
21016,1,1,Neutral-CoT,CN,V3,True
21051,2,2,Neutral-CoT,CN,V3,True
21067,1,2,Neutral-CoT,CN,V3,False
21074,1,1,Neutral-CoT,CN,V3,True
21098,2,2,Neutral-CoT,CN,V3,True
21130,2,2,Neutral-CoT,CN,V3,True
21158,1,1,Neutral-CoT,CN,V3,True
21165,1,1,Neutral-CoT,CN,V3,True
21167,1,1,Neutral-CoT,CN,V3,True
21173,1,1,Neutral-CoT,CN,V3,True
21180,2,2,Neutral-CoT,CN,V3,True
21203,2,2,Neutral-CoT,CN,V3,True
21210,1,1,Neutral-CoT,CN,V3,True
21399,1,1,Neutral-CoT,CN,V3,True
21509,2,2,Neutral-CoT,CN,V3,True
21544,2,2,Neutral-CoT,CN,V3,True
21598,2,2,Neutral-CoT,CN,V3,True
21599,1,1,Neutral-CoT,CN,V3,True
21606,2,2,Neutral-CoT,CN,V3,True
21608,2,1,Neutral-CoT,CN,V3,False
21629,1,1,Neutral-CoT,CN,V3,True
21630,2,1,Neutral-CoT,CN,V3,False
21691,1,1,Neutral-CoT,CN,V3,True
21847,2,2,Neutral-CoT,CN,V3,True
21910,1,2,Neutral-CoT,CN,V3,False
21935,2,2,Neutral-CoT,CN,V3,True
21961,1,2,Neutral-CoT,CN,V3,False
21976,1,1,Neutral-CoT,CN,V3,True
21987,2,2,Neutral-CoT,CN,V3,True
22043,2,2,Neutral-CoT,CN,V3,True
22052,1,1,Neutral-CoT,CN,V3,True
22065,1,1,Neutral-CoT,CN,V3,True
22066,2,2,Neutral-CoT,CN,V3,True
22126,2,2,Neutral-CoT,CN,V3,True
22166,2,2,Neutral-CoT,CN,V3,True
22184,2,2,Neutral-CoT,CN,V3,True
22194,2,2,Neutral-CoT,CN,V3,True
22266,1,1,Neutral-CoT,CN,V3,True
22314,2,2,Neutral-CoT,CN,V3,True
22356,2,2,Neutral-CoT,CN,V3,True
22467,2,2,Neutral-CoT,CN,V3,True
22679,1,1,Neutral-CoT,CN,V3,True
22707,2,2,Neutral-CoT,CN,V3,True
22767,2,2,Neutral-CoT,CN,V3,True
22770,1,1,Neutral-CoT,CN,V3,True
22814,1,1,Neutral-CoT,CN,V3,True
22819,2,2,Neutral-CoT,CN,V3,True
22849,2,2,Neutral-CoT,CN,V3,True
22966,2,2,Neutral-CoT,CN,V3,True
23023,1,1,Neutral-CoT,CN,V3,True
23052,1,1,Neutral-CoT,CN,V3,True
23089,1,1,Neutral-CoT,CN,V3,True
23104,2,2,Neutral-CoT,CN,V3,True
23128,1,1,Neutral-CoT,CN,V3,True
23200,1,1,Neutral-CoT,CN,V3,True
23313,2,2,Neutral-CoT,CN,V3,True
23322,1,1,Neutral-CoT,CN,V3,True
23323,1,1,Neutral-CoT,CN,V3,True
23415,2,1,Neutral-CoT,CN,V3,False
23440,2,2,Neutral-CoT,CN,V3,True
23453,2,2,Neutral-CoT,CN,V3,True
23505,1,1,Neutral-CoT,CN,V3,True
23514,2,2,Neutral-CoT,CN,V3,True
23524,1,1,Neutral-CoT,CN,V3,True
23530,2,2,Neutral-CoT,CN,V3,True
23574,1,1,Neutral-CoT,CN,V3,True
23584,1,1,Neutral-CoT,CN,V3,True
23605,1,1,Neutral-CoT,CN,V3,True
23620,2,2,Neutral-CoT,CN,V3,True
23648,2,2,Neutral-CoT,CN,V3,True
23699,2,2,Neutral-CoT,CN,V3,True
23713,2,2,Neutral-CoT,CN,V3,True
23779,1,1,Neutral-CoT,CN,V3,True
23871,1,1,Neutral-CoT,CN,V3,True
23873,1,1,Neutral-CoT,CN,V3,True
23901,1,1,Neutral-CoT,CN,V3,True
24026,1,2,Neutral-CoT,CN,V3,False
24163,1,1,Neutral-CoT,CN,V3,True
24174,2,2,Neutral-CoT,CN,V3,True
24223,1,1,Neutral-CoT,CN,V3,True
24260,2,2,Neutral-CoT,CN,V3,True
24291,2,2,Neutral-CoT,CN,V3,True
24304,1,1,Neutral-CoT,CN,V3,True
24334,2,2,Neutral-CoT,CN,V3,True
24405,2,2,Neutral-CoT,CN,V3,True
24408,1,1,Neutral-CoT,CN,V3,True
24500,2,2,Neutral-CoT,CN,V3,True
24502,2,2,Neutral-CoT,CN,V3,True
24541,2,2,Neutral-CoT,CN,V3,True
24573,1,1,Neutral-CoT,CN,V3,True
24637,2,2,Neutral-CoT,CN,V3,True
24673,2,2,Neutral-CoT,CN,V3,True
24706,1,1,Neutral-CoT,CN,V3,True
24740,2,2,Neutral-CoT,CN,V3,True
24774,2,2,Neutral-CoT,CN,V3,True
24836,1,1,Neutral-CoT,CN,V3,True
24871,1,2,Neutral-CoT,CN,V3,False
24902,2,2,Neutral-CoT,CN,V3,True
24959,2,2,Neutral-CoT,CN,V3,True
24975,1,1,Neutral-CoT,CN,V3,True
24995,1,1,Neutral-CoT,CN,V3,True
25015,1,2,Neutral-CoT,CN,V3,False
25038,1,1,Neutral-CoT,CN,V3,True
25109,2,2,Neutral-CoT,CN,V3,True
25137,1,1,Neutral-CoT,CN,V3,True
25155,1,1,Neutral-CoT,CN,V3,True
25239,2,2,Neutral-CoT,CN,V3,True
25270,1,1,Neutral-CoT,CN,V3,True
25302,2,2,Neutral-CoT,CN,V3,True
25337,1,1,Neutral-CoT,CN,V3,True
25348,1,1,Neutral-CoT,CN,V3,True
25369,2,2,Neutral-CoT,CN,V3,True
25416,1,1,Neutral-CoT,CN,V3,True
25435,1,1,Neutral-CoT,CN,V3,True
25447,1,1,Neutral-CoT,CN,V3,True
25471,2,2,Neutral-CoT,CN,V3,True
25523,2,2,Neutral-CoT,CN,V3,True
25591,1,1,Neutral-CoT,CN,V3,True
25650,1,1,Neutral-CoT,CN,V3,True
25690,1,1,Neutral-CoT,CN,V3,True
25698,2,1,Neutral-CoT,CN,V3,False
25868,1,1,Neutral-CoT,CN,V3,True
25990,2,2,Neutral-CoT,CN,V3,True
26032,1,1,Neutral-CoT,CN,V3,True
26129,2,2,Neutral-CoT,CN,V3,True
26161,1,1,Neutral-CoT,CN,V3,True
26211,2,2,Neutral-CoT,CN,V3,True
26287,2,2,Neutral-CoT,CN,V3,True
26292,1,1,Neutral-CoT,CN,V3,True
26302,1,1,Neutral-CoT,CN,V3,True
26321,2,2,Neutral-CoT,CN,V3,True
26337,1,1,Neutral-CoT,CN,V3,True
26345,1,2,Neutral-CoT,CN,V3,False
26480,2,2,Neutral-CoT,CN,V3,True
26492,2,2,Neutral-CoT,CN,V3,True
26528,1,1,Neutral-CoT,CN,V3,True
26546,1,1,Neutral-CoT,CN,V3,True
26556,1,1,Neutral-CoT,CN,V3,True
26575,2,2,Neutral-CoT,CN,V3,True
26678,2,2,Neutral-CoT,CN,V3,True
26714,2,2,Neutral-CoT,CN,V3,True
26831,1,1,Neutral-CoT,CN,V3,True
26865,2,2,Neutral-CoT,CN,V3,True
26878,2,2,Neutral-CoT,CN,V3,True
26995,1,1,Neutral-CoT,CN,V3,True
27029,1,1,Neutral-CoT,CN,V3,True
27088,1,1,Neutral-CoT,CN,V3,True
27101,1,1,Neutral-CoT,CN,V3,True
27395,2,2,Neutral-CoT,CN,V3,True
27431,2,2,Neutral-CoT,CN,V3,True
27497,1,1,Neutral-CoT,CN,V3,True
27524,2,2,Neutral-CoT,CN,V3,True
27558,2,2,Neutral-CoT,CN,V3,True
27668,2,2,Neutral-CoT,CN,V3,True
27688,2,2,Neutral-CoT,CN,V3,True
27740,2,2,Neutral-CoT,CN,V3,True
27786,2,2,Neutral-CoT,CN,V3,True
27828,2,2,Neutral-CoT,CN,V3,True
27904,2,2,Neutral-CoT,CN,V3,True
27910,2,2,Neutral-CoT,CN,V3,True
27911,2,2,Neutral-CoT,CN,V3,True
28011,2,2,Neutral-CoT,CN,V3,True
28019,1,1,Neutral-CoT,CN,V3,True
28051,2,2,Neutral-CoT,CN,V3,True
28057,1,2,Neutral-CoT,CN,V3,False
28067,2,2,Neutral-CoT,CN,V3,True
28114,2,2,Neutral-CoT,CN,V3,True
28222,2,2,Neutral-CoT,CN,V3,True
28262,2,2,Neutral-CoT,CN,V3,True
28271,1,1,Neutral-CoT,CN,V3,True
28341,1,1,Neutral-CoT,CN,V3,True
28365,2,2,Neutral-CoT,CN,V3,True
28463,2,2,Neutral-CoT,CN,V3,True
28550,2,2,Neutral-CoT,CN,V3,True
28574,2,2,Neutral-CoT,CN,V3,True
28656,2,2,Neutral-CoT,CN,V3,True
28674,2,2,Neutral-CoT,CN,V3,True
28728,1,1,Neutral-CoT,CN,V3,True
28789,2,2,Neutral-CoT,CN,V3,True
28790,2,1,Neutral-CoT,CN,V3,False
28822,2,2,Neutral-CoT,CN,V3,True
28963,1,1,Neutral-CoT,CN,V3,True
29070,2,2,Neutral-CoT,CN,V3,True
29105,2,2,Neutral-CoT,CN,V3,True
29132,1,1,Neutral-CoT,CN,V3,True
29144,1,1,Neutral-CoT,CN,V3,True
29184,2,1,Neutral-CoT,CN,V3,False
29243,2,2,Neutral-CoT,CN,V3,True
29385,1,1,Neutral-CoT,CN,V3,True
29417,2,2,Neutral-CoT,CN,V3,True
29454,2,2,Neutral-CoT,CN,V3,True
29484,2,2,Neutral-CoT,CN,V3,True
29629,1,1,Neutral-CoT,CN,V3,True
29644,1,1,Neutral-CoT,CN,V3,True
29679,1,1,Neutral-CoT,CN,V3,True
29768,1,1,Neutral-CoT,CN,V3,True
29880,1,1,Neutral-CoT,CN,V3,True
29903,1,1,Neutral-CoT,CN,V3,True
29912,1,1,Neutral-CoT,CN,V3,True
29978,1,1,Neutral-CoT,CN,V3,True
30052,1,1,Neutral-CoT,CN,V3,True
30118,1,1,Neutral-CoT,CN,V3,True
30137,2,2,Neutral-CoT,CN,V3,True
30143,1,1,Neutral-CoT,CN,V3,True
30180,1,1,Neutral-CoT,CN,V3,True
30259,1,1,Neutral-CoT,CN,V3,True
30273,2,2,Neutral-CoT,CN,V3,True
30285,2,2,Neutral-CoT,CN,V3,True
30328,1,1,Neutral-CoT,CN,V3,True
30329,1,1,Neutral-CoT,CN,V3,True
30336,2,2,Neutral-CoT,CN,V3,True
30340,1,1,Neutral-CoT,CN,V3,True
30352,2,2,Neutral-CoT,CN,V3,True
30367,2,2,Neutral-CoT,CN,V3,True
30457,2,1,Neutral-CoT,CN,V3,False
30498,1,1,Neutral-CoT,CN,V3,True
30514,1,1,Neutral-CoT,CN,V3,True
30544,1,1,Neutral-CoT,CN,V3,True
30694,2,2,Neutral-CoT,CN,V3,True
30701,2,2,Neutral-CoT,CN,V3,True
30710,2,2,Neutral-CoT,CN,V3,True
30794,2,2,Neutral-CoT,CN,V3,True
30807,2,1,Neutral-CoT,CN,V3,False
30846,1,1,Neutral-CoT,CN,V3,True
30856,2,2,Neutral-CoT,CN,V3,True
30872,2,2,Neutral-CoT,CN,V3,True
30880,1,1,Neutral-CoT,CN,V3,True
30899,1,1,Neutral-CoT,CN,V3,True
30922,2,2,Neutral-CoT,CN,V3,True
30936,2,2,Neutral-CoT,CN,V3,True
31029,1,1,Neutral-CoT,CN,V3,True
31060,1,1,Neutral-CoT,CN,V3,True
31081,2,2,Neutral-CoT,CN,V3,True
31089,1,1,Neutral-CoT,CN,V3,True
31129,2,2,Neutral-CoT,CN,V3,True
31138,1,1,Neutral-CoT,CN,V3,True
31148,1,1,Neutral-CoT,CN,V3,True
31247,1,1,Neutral-CoT,CN,V3,True
31266,2,2,Neutral-CoT,CN,V3,True
31350,2,2,Neutral-CoT,CN,V3,True
31386,2,2,Neutral-CoT,CN,V3,True
31470,1,2,Neutral-CoT,CN,V3,False
31483,2,2,Neutral-CoT,CN,V3,True
31568,2,1,Neutral-CoT,CN,V3,False
31597,1,1,Neutral-CoT,CN,V3,True
31622,1,1,Neutral-CoT,CN,V3,True
31628,1,1,Neutral-CoT,CN,V3,True
31634,1,1,Neutral-CoT,CN,V3,True
31665,1,1,Neutral-CoT,CN,V3,True
31720,1,1,Neutral-CoT,CN,V3,True
31728,1,1,Neutral-CoT,CN,V3,True
31883,2,2,Neutral-CoT,CN,V3,True
31907,2,2,Neutral-CoT,CN,V3,True
32003,2,2,Neutral-CoT,CN,V3,True
32090,1,1,Neutral-CoT,CN,V3,True
32112,2,2,Neutral-CoT,CN,V3,True
32116,2,2,Neutral-CoT,CN,V3,True
32131,2,2,Neutral-CoT,CN,V3,True
32167,2,1,Neutral-CoT,CN,V3,False
32263,2,2,Neutral-CoT,CN,V3,True
32265,1,1,Neutral-CoT,CN,V3,True
32323,2,2,Neutral-CoT,CN,V3,True
32372,1,1,Neutral-CoT,CN,V3,True
32463,2,2,Neutral-CoT,CN,V3,True
32518,1,1,Neutral-CoT,CN,V3,True
32572,2,2,Neutral-CoT,CN,V3,True
32638,1,1,Neutral-CoT,CN,V3,True
32679,1,1,Neutral-CoT,CN,V3,True
32722,2,2,Neutral-CoT,CN,V3,True
32747,1,1,Neutral-CoT,CN,V3,True
32753,2,2,Neutral-CoT,CN,V3,True
32785,1,1,Neutral-CoT,CN,V3,True
32872,2,2,Neutral-CoT,CN,V3,True
32894,2,1,Neutral-CoT,CN,V3,False
32913,1,2,Neutral-CoT,CN,V3,False
32917,2,2,Neutral-CoT,CN,V3,True
32963,1,2,Neutral-CoT,CN,V3,False
32972,2,2,Neutral-CoT,CN,V3,True
33026,1,1,Neutral-CoT,CN,V3,True
33067,2,2,Neutral-CoT,CN,V3,True
33126,2,2,Neutral-CoT,CN,V3,True
33141,2,2,Neutral-CoT,CN,V3,True
33154,1,1,Neutral-CoT,CN,V3,True
33212,1,1,Neutral-CoT,CN,V3,True
33262,2,2,Neutral-CoT,CN,V3,True
33345,1,1,Neutral-CoT,CN,V3,True
33390,1,1,Neutral-CoT,CN,V3,True
33433,1,1,Neutral-CoT,CN,V3,True
33470,1,1,Neutral-CoT,CN,V3,True
33504,1,1,Neutral-CoT,CN,V3,True
33618,2,2,Neutral-CoT,CN,V3,True
33649,1,1,Neutral-CoT,CN,V3,True
33743,2,2,Neutral-CoT,CN,V3,True
33765,2,2,Neutral-CoT,CN,V3,True
33780,1,1,Neutral-CoT,CN,V3,True
33808,2,2,Neutral-CoT,CN,V3,True
33856,1,1,Neutral-CoT,CN,V3,True
33859,2,2,Neutral-CoT,CN,V3,True
33890,2,2,Neutral-CoT,CN,V3,True
33940,1,1,Neutral-CoT,CN,V3,True
33961,1,1,Neutral-CoT,CN,V3,True
33962,2,2,Neutral-CoT,CN,V3,True
33986,1,1,Neutral-CoT,CN,V3,True
34029,2,2,Neutral-CoT,CN,V3,True
34084,1,1,Neutral-CoT,CN,V3,True
34125,2,2,Neutral-CoT,CN,V3,True
34143,2,2,Neutral-CoT,CN,V3,True
34171,1,1,Neutral-CoT,CN,V3,True
34215,2,2,Neutral-CoT,CN,V3,True
34276,1,1,Neutral-CoT,CN,V3,True
34332,2,2,Neutral-CoT,CN,V3,True
34354,1,1,Neutral-CoT,CN,V3,True
34404,2,2,Neutral-CoT,CN,V3,True
34414,1,2,Neutral-CoT,CN,V3,False
34460,2,2,Neutral-CoT,CN,V3,True
34500,1,1,Neutral-CoT,CN,V3,True
34667,2,2,Neutral-CoT,CN,V3,True
34714,2,2,Neutral-CoT,CN,V3,True
34812,2,2,Neutral-CoT,CN,V3,True
34918,2,2,Neutral-CoT,CN,V3,True
34944,2,2,Neutral-CoT,CN,V3,True
34983,2,2,Neutral-CoT,CN,V3,True
35058,2,2,Neutral-CoT,CN,V3,True
35064,1,1,Neutral-CoT,CN,V3,True
35127,2,2,Neutral-CoT,CN,V3,True
35156,2,2,Neutral-CoT,CN,V3,True
35174,1,1,Neutral-CoT,CN,V3,True
35191,2,2,Neutral-CoT,CN,V3,True
35201,2,2,Neutral-CoT,CN,V3,True
35204,2,2,Neutral-CoT,CN,V3,True
35282,2,2,Neutral-CoT,CN,V3,True
35287,1,1,Neutral-CoT,CN,V3,True
35397,2,2,Neutral-CoT,CN,V3,True
35429,2,2,Neutral-CoT,CN,V3,True
35467,1,1,Neutral-CoT,CN,V3,True
35542,2,2,Neutral-CoT,CN,V3,True
35564,2,2,Neutral-CoT,CN,V3,True
35592,1,1,Neutral-CoT,CN,V3,True
35643,2,2,Neutral-CoT,CN,V3,True
35653,1,2,Neutral-CoT,CN,V3,False
35715,2,2,Neutral-CoT,CN,V3,True
35732,2,2,Neutral-CoT,CN,V3,True
35738,2,2,Neutral-CoT,CN,V3,True
35743,2,2,Neutral-CoT,CN,V3,True
35880,2,2,Neutral-CoT,CN,V3,True
35912,1,1,Neutral-CoT,CN,V3,True
35918,2,2,Neutral-CoT,CN,V3,True
35939,2,2,Neutral-CoT,CN,V3,True
35991,2,2,Neutral-CoT,CN,V3,True
36100,2,2,Neutral-CoT,CN,V3,True
36117,1,1,Neutral-CoT,CN,V3,True
36126,2,2,Neutral-CoT,CN,V3,True
36186,2,2,Neutral-CoT,CN,V3,True
36190,1,1,Neutral-CoT,CN,V3,True
36199,2,2,Neutral-CoT,CN,V3,True
36209,1,1,Neutral-CoT,CN,V3,True
36247,1,1,Neutral-CoT,CN,V3,True
36403,1,2,Neutral-CoT,CN,V3,False
36419,2,2,Neutral-CoT,CN,V3,True
36434,2,2,Neutral-CoT,CN,V3,True
36449,1,1,Neutral-CoT,CN,V3,True
36482,2,2,Neutral-CoT,CN,V3,True
36557,2,2,Neutral-CoT,CN,V3,True
36686,2,2,Neutral-CoT,CN,V3,True
36734,1,1,Neutral-CoT,CN,V3,True
36743,1,1,Neutral-CoT,CN,V3,True
36812,2,2,Neutral-CoT,CN,V3,True
36849,2,2,Neutral-CoT,CN,V3,True
36960,2,2,Neutral-CoT,CN,V3,True
36974,2,2,Neutral-CoT,CN,V3,True
37006,2,2,Neutral-CoT,CN,V3,True
37016,2,2,Neutral-CoT,CN,V3,True
37020,1,1,Neutral-CoT,CN,V3,True
37082,2,2,Neutral-CoT,CN,V3,True
37114,1,2,Neutral-CoT,CN,V3,False
37124,2,2,Neutral-CoT,CN,V3,True
37245,1,1,Neutral-CoT,CN,V3,True
37327,1,1,Neutral-CoT,CN,V3,True
37367,2,2,Neutral-CoT,CN,V3,True
37404,2,1,Neutral-CoT,CN,V3,False
37422,1,1,Neutral-CoT,CN,V3,True
37432,2,2,Neutral-CoT,CN,V3,True
37490,1,1,Neutral-CoT,CN,V3,True
37537,2,2,Neutral-CoT,CN,V3,True
37569,2,2,Neutral-CoT,CN,V3,True
37608,1,2,Neutral-CoT,CN,V3,False
37614,2,2,Neutral-CoT,CN,V3,True
37617,2,2,Neutral-CoT,CN,V3,True
37679,1,1,Neutral-CoT,CN,V3,True
37723,2,2,Neutral-CoT,CN,V3,True
37741,1,2,Neutral-CoT,CN,V3,False
37842,1,1,Neutral-CoT,CN,V3,True
37909,1,1,Neutral-CoT,CN,V3,True
37955,1,1,Neutral-CoT,CN,V3,True
38026,2,2,Neutral-CoT,CN,V3,True
38068,2,2,Neutral-CoT,CN,V3,True
38078,2,2,Neutral-CoT,CN,V3,True
38130,1,2,Neutral-CoT,CN,V3,False
38144,1,1,Neutral-CoT,CN,V3,True
38146,1,1,Neutral-CoT,CN,V3,True
38166,1,1,Neutral-CoT,CN,V3,True
38168,1,1,Neutral-CoT,CN,V3,True
38191,2,2,Neutral-CoT,CN,V3,True
38245,1,1,Neutral-CoT,CN,V3,True
38267,2,2,Neutral-CoT,CN,V3,True
38352,1,1,Neutral-CoT,CN,V3,True
38395,1,1,Neutral-CoT,CN,V3,True
38425,2,2,Neutral-CoT,CN,V3,True
38485,1,1,Neutral-CoT,CN,V3,True
38518,1,1,Neutral-CoT,CN,V3,True
38530,1,1,Neutral-CoT,CN,V3,True
38533,2,2,Neutral-CoT,CN,V3,True
38554,1,2,Neutral-CoT,CN,V3,False
38562,2,2,Neutral-CoT,CN,V3,True
38593,2,2,Neutral-CoT,CN,V3,True
38627,2,2,Neutral-CoT,CN,V3,True
38630,1,1,Neutral-CoT,CN,V3,True
38721,1,1,Neutral-CoT,CN,V3,True
38773,2,2,Neutral-CoT,CN,V3,True
38802,1,2,Neutral-CoT,CN,V3,False
38829,1,1,Neutral-CoT,CN,V3,True
38928,2,2,Neutral-CoT,CN,V3,True
38947,1,1,Neutral-CoT,CN,V3,True
39000,1,1,Neutral-CoT,CN,V3,True
39152,1,1,Neutral-CoT,CN,V3,True
39199,1,1,Neutral-CoT,CN,V3,True
39321,1,1,Neutral-CoT,CN,V3,True
39356,2,2,Neutral-CoT,CN,V3,True
39388,2,2,Neutral-CoT,CN,V3,True
39457,1,1,Neutral-CoT,CN,V3,True
39466,1,1,Neutral-CoT,CN,V3,True
39532,2,2,Neutral-CoT,CN,V3,True
39553,2,2,Neutral-CoT,CN,V3,True
39557,1,1,Neutral-CoT,CN,V3,True
39630,1,1,Neutral-CoT,CN,V3,True
39715,1,1,Neutral-CoT,CN,V3,True
39795,2,1,Neutral-CoT,CN,V3,False
39804,1,1,Neutral-CoT,CN,V3,True
39833,2,2,Neutral-CoT,CN,V3,True
39842,1,1,Neutral-CoT,CN,V3,True
39855,1,1,Neutral-CoT,CN,V3,True
39864,2,2,Neutral-CoT,CN,V3,True
39884,2,2,Neutral-CoT,CN,V3,True
39918,2,1,Neutral-CoT,CN,V3,False
40029,1,1,Neutral-CoT,CN,V3,True
40068,1,1,Neutral-CoT,CN,V3,True
40135,1,1,Neutral-CoT,CN,V3,True
40145,2,2,Neutral-CoT,CN,V3,True
40164,1,1,Neutral-CoT,CN,V3,True
40296,2,2,Neutral-CoT,CN,V3,True
40497,2,2,Neutral-CoT,CN,V3,True
40535,1,1,Neutral-CoT,CN,V3,True
40542,2,2,Neutral-CoT,CN,V3,True
40622,2,2,Neutral-CoT,CN,V3,True
40625,2,2,Neutral-CoT,CN,V3,True
40653,2,2,Neutral-CoT,CN,V3,True
40762,1,1,Neutral-CoT,CN,V3,True
40853,1,1,Neutral-CoT,CN,V3,True
40855,2,2,Neutral-CoT,CN,V3,True
40857,2,2,Neutral-CoT,CN,V3,True
40920,1,1,Neutral-CoT,CN,V3,True
40969,1,1,Neutral-CoT,CN,V3,True
40991,1,1,Neutral-CoT,CN,V3,True
41001,2,2,Neutral-CoT,CN,V3,True
41077,1,1,Neutral-CoT,CN,V3,True
41103,2,2,Neutral-CoT,CN,V3,True
41237,1,1,Neutral-CoT,CN,V3,True
41239,1,1,Neutral-CoT,CN,V3,True
41273,1,1,Neutral-CoT,CN,V3,True
41368,1,1,Neutral-CoT,CN,V3,True
41416,1,1,Neutral-CoT,CN,V3,True
41457,2,2,Neutral-CoT,CN,V3,True
41472,1,1,Neutral-CoT,CN,V3,True
41514,2,2,Neutral-CoT,CN,V3,True
41581,2,2,Neutral-CoT,CN,V3,True
41590,1,1,Neutral-CoT,CN,V3,True
41607,1,2,Neutral-CoT,CN,V3,False
41636,1,1,Neutral-CoT,CN,V3,True
41704,1,1,Neutral-CoT,CN,V3,True
41829,1,2,Neutral-CoT,CN,V3,False
41836,1,1,Neutral-CoT,CN,V3,True
41906,2,2,Neutral-CoT,CN,V3,True
41973,2,2,Neutral-CoT,CN,V3,True
42006,2,2,Neutral-CoT,CN,V3,True
42040,1,1,Neutral-CoT,CN,V3,True
42067,1,1,Neutral-CoT,CN,V3,True
42086,2,2,Neutral-CoT,CN,V3,True
42112,2,2,Neutral-CoT,CN,V3,True
42166,2,2,Neutral-CoT,CN,V3,True
42174,1,2,Neutral-CoT,CN,V3,False
42185,2,2,Neutral-CoT,CN,V3,True
42228,2,2,Neutral-CoT,CN,V3,True
42330,1,1,Neutral-CoT,CN,V3,True
42344,2,2,Neutral-CoT,CN,V3,True
42391,2,2,Neutral-CoT,CN,V3,True
42428,1,1,Neutral-CoT,CN,V3,True
42468,2,2,Neutral-CoT,CN,V3,True
42520,2,1,Neutral-CoT,CN,V3,False
42521,1,1,Neutral-CoT,CN,V3,True
42572,2,2,Neutral-CoT,CN,V3,True
42585,1,1,Neutral-CoT,CN,V3,True
42714,2,2,Neutral-CoT,CN,V3,True
42860,2,2,Neutral-CoT,CN,V3,True
42886,2,2,Neutral-CoT,CN,V3,True
43042,1,1,Neutral-CoT,CN,V3,True
43070,2,2,Neutral-CoT,CN,V3,True
43164,2,2,Neutral-CoT,CN,V3,True
43191,1,1,Neutral-CoT,CN,V3,True
43285,1,1,Neutral-CoT,CN,V3,True
43295,2,2,Neutral-CoT,CN,V3,True
43350,2,2,Neutral-CoT,CN,V3,True
43486,1,1,Neutral-CoT,CN,V3,True
43526,2,2,Neutral-CoT,CN,V3,True
43621,2,2,Neutral-CoT,CN,V3,True
43668,2,2,Neutral-CoT,CN,V3,True
43764,2,2,Neutral-CoT,CN,V3,True
43800,1,1,Neutral-CoT,CN,V3,True
43811,2,2,Neutral-CoT,CN,V3,True
43878,1,1,Neutral-CoT,CN,V3,True
44064,2,2,Neutral-CoT,CN,V3,True
44167,2,2,Neutral-CoT,CN,V3,True
44178,2,2,Neutral-CoT,CN,V3,True
44313,2,2,Neutral-CoT,CN,V3,True
44380,1,1,Neutral-CoT,CN,V3,True
44400,2,2,Neutral-CoT,CN,V3,True
44415,2,2,Neutral-CoT,CN,V3,True
44430,2,2,Neutral-CoT,CN,V3,True
44444,2,2,Neutral-CoT,CN,V3,True
44458,2,2,Neutral-CoT,CN,V3,True
44475,1,1,Neutral-CoT,CN,V3,True
44479,2,2,Neutral-CoT,CN,V3,True
44628,1,1,Neutral-CoT,CN,V3,True
44682,1,1,Neutral-CoT,CN,V3,True
44812,2,2,Neutral-CoT,CN,V3,True
44833,2,2,Neutral-CoT,CN,V3,True
44841,1,1,Neutral-CoT,CN,V3,True
44887,2,2,Neutral-CoT,CN,V3,True
44967,1,1,Neutral-CoT,CN,V3,True
45012,2,2,Neutral-CoT,CN,V3,True
45024,1,1,Neutral-CoT,CN,V3,True
45075,2,2,Neutral-CoT,CN,V3,True
45117,2,2,Neutral-CoT,CN,V3,True
45137,2,2,Neutral-CoT,CN,V3,True
45184,1,1,Neutral-CoT,CN,V3,True
45190,1,1,Neutral-CoT,CN,V3,True
45199,1,1,Neutral-CoT,CN,V3,True
45289,1,2,Neutral-CoT,CN,V3,False
45314,1,1,Neutral-CoT,CN,V3,True
45337,1,1,Neutral-CoT,CN,V3,True
45340,2,2,Neutral-CoT,CN,V3,True
45390,2,2,Neutral-CoT,CN,V3,True
45424,2,1,Neutral-CoT,CN,V3,False
45470,2,2,Neutral-CoT,CN,V3,True
45492,1,1,Neutral-CoT,CN,V3,True
45529,2,2,Neutral-CoT,CN,V3,True
45544,2,2,Neutral-CoT,CN,V3,True
45784,1,1,Neutral-CoT,CN,V3,True
45800,2,2,Neutral-CoT,CN,V3,True
45811,2,2,Neutral-CoT,CN,V3,True
45837,1,1,Neutral-CoT,CN,V3,True
45857,2,2,Neutral-CoT,CN,V3,True
45893,2,2,Neutral-CoT,CN,V3,True
45938,2,2,Neutral-CoT,CN,V3,True
45983,2,2,Neutral-CoT,CN,V3,True
45985,1,1,Neutral-CoT,CN,V3,True
46026,2,1,Neutral-CoT,CN,V3,False
46132,1,1,Neutral-CoT,CN,V3,True
46147,1,1,Neutral-CoT,CN,V3,True
46160,1,1,Neutral-CoT,CN,V3,True
46218,2,2,Neutral-CoT,CN,V3,True
46346,1,1,Neutral-CoT,CN,V3,True
46372,2,2,Neutral-CoT,CN,V3,True
46555,2,2,Neutral-CoT,CN,V3,True
46569,2,2,Neutral-CoT,CN,V3,True
46595,2,2,Neutral-CoT,CN,V3,True
46674,1,1,Neutral-CoT,CN,V3,True
46707,2,2,Neutral-CoT,CN,V3,True
46710,2,2,Neutral-CoT,CN,V3,True
46751,2,2,Neutral-CoT,CN,V3,True
46756,1,1,Neutral-CoT,CN,V3,True
46810,2,2,Neutral-CoT,CN,V3,True
46859,2,2,Neutral-CoT,CN,V3,True
46880,1,1,Neutral-CoT,CN,V3,True
46894,2,2,Neutral-CoT,CN,V3,True
46969,2,2,Neutral-CoT,CN,V3,True
47024,1,1,Neutral-CoT,CN,V3,True
47060,2,2,Neutral-CoT,CN,V3,True
47065,1,1,Neutral-CoT,CN,V3,True
47097,1,1,Neutral-CoT,CN,V3,True
47139,2,2,Neutral-CoT,CN,V3,True
47169,2,2,Neutral-CoT,CN,V3,True
47174,2,1,Neutral-CoT,CN,V3,False
47216,2,2,Neutral-CoT,CN,V3,True
47246,2,2,Neutral-CoT,CN,V3,True
47249,2,2,Neutral-CoT,CN,V3,True
47362,1,1,Neutral-CoT,CN,V3,True
47371,1,1,Neutral-CoT,CN,V3,True
47560,1,1,Neutral-CoT,CN,V3,True
47619,2,2,Neutral-CoT,CN,V3,True
47632,1,1,Neutral-CoT,CN,V3,True
47865,2,2,Neutral-CoT,CN,V3,True
48180,2,2,Neutral-CoT,CN,V3,True
48182,1,1,Neutral-CoT,CN,V3,True
48217,2,2,Neutral-CoT,CN,V3,True
48246,1,1,Neutral-CoT,CN,V3,True
48329,1,1,Neutral-CoT,CN,V3,True
48352,1,2,Neutral-CoT,CN,V3,False
48355,2,2,Neutral-CoT,CN,V3,True
48359,1,1,Neutral-CoT,CN,V3,True
48441,2,2,Neutral-CoT,CN,V3,True
48449,2,2,Neutral-CoT,CN,V3,True
48506,2,2,Neutral-CoT,CN,V3,True
48538,1,2,Neutral-CoT,CN,V3,False
48541,1,1,Neutral-CoT,CN,V3,True
48562,2,2,Neutral-CoT,CN,V3,True
48566,1,1,Neutral-CoT,CN,V3,True
48587,1,1,Neutral-CoT,CN,V3,True
48607,2,2,Neutral-CoT,CN,V3,True
48618,1,1,Neutral-CoT,CN,V3,True
48722,2,2,Neutral-CoT,CN,V3,True
48728,1,1,Neutral-CoT,CN,V3,True
48859,2,2,Neutral-CoT,CN,V3,True
48898,1,1,Neutral-CoT,CN,V3,True
48976,2,2,Neutral-CoT,CN,V3,True
49004,1,1,Neutral-CoT,CN,V3,True
49029,1,1,Neutral-CoT,CN,V3,True
49047,1,1,Neutral-CoT,CN,V3,True
49052,1,1,Neutral-CoT,CN,V3,True
49095,1,1,Neutral-CoT,CN,V3,True
49132,1,1,Neutral-CoT,CN,V3,True
49146,1,1,Neutral-CoT,CN,V3,True
49189,1,1,Neutral-CoT,CN,V3,True
49213,1,1,Neutral-CoT,CN,V3,True
49228,1,1,Neutral-CoT,CN,V3,True
49242,2,2,Neutral-CoT,CN,V3,True
49325,1,1,Neutral-CoT,CN,V3,True
49400,2,2,Neutral-CoT,CN,V3,True
49460,1,1,Neutral-CoT,CN,V3,True
49550,2,2,Neutral-CoT,CN,V3,True
49700,1,1,Neutral-CoT,CN,V3,True
49737,1,1,Neutral-CoT,CN,V3,True
49765,2,2,Neutral-CoT,CN,V3,True
49804,2,2,Neutral-CoT,CN,V3,True
49855,2,2,Neutral-CoT,CN,V3,True
49870,2,2,Neutral-CoT,CN,V3,True
49943,2,2,Neutral-CoT,CN,V3,True
49950,2,2,Neutral-CoT,CN,V3,True
49959,2,2,Neutral-CoT,CN,V3,True
49971,1,1,Neutral-CoT,CN,V3,True
55,1,1,Neutral-CoT,CT,R1,True
107,2,2,Neutral-CoT,CT,R1,True
176,1,1,Neutral-CoT,CT,R1,True
283,2,2,Neutral-CoT,CT,R1,True
284,2,2,Neutral-CoT,CT,R1,True
287,1,1,Neutral-CoT,CT,R1,True
310,2,2,Neutral-CoT,CT,R1,True
379,2,2,Neutral-CoT,CT,R1,True
393,2,2,Neutral-CoT,CT,R1,True
405,2,2,Neutral-CoT,CT,R1,True
423,1,2,Neutral-CoT,CT,R1,False
450,2,2,Neutral-CoT,CT,R1,True
504,2,2,Neutral-CoT,CT,R1,True
545,1,1,Neutral-CoT,CT,R1,True
626,2,2,Neutral-CoT,CT,R1,True
715,2,2,Neutral-CoT,CT,R1,True
722,1,1,Neutral-CoT,CT,R1,True
793,2,2,Neutral-CoT,CT,R1,True
813,2,2,Neutral-CoT,CT,R1,True
856,2,2,Neutral-CoT,CT,R1,True
893,2,2,Neutral-CoT,CT,R1,True
922,1,1,Neutral-CoT,CT,R1,True
1029,2,2,Neutral-CoT,CT,R1,True
1106,1,1,Neutral-CoT,CT,R1,True
1199,1,1,Neutral-CoT,CT,R1,True
1200,2,2,Neutral-CoT,CT,R1,True
1205,2,2,Neutral-CoT,CT,R1,True
1261,2,2,Neutral-CoT,CT,R1,True
1290,1,1,Neutral-CoT,CT,R1,True
1347,1,1,Neutral-CoT,CT,R1,True
1352,1,2,Neutral-CoT,CT,R1,False
1363,2,2,Neutral-CoT,CT,R1,True
1421,1,1,Neutral-CoT,CT,R1,True
1481,1,1,Neutral-CoT,CT,R1,True
1552,1,1,Neutral-CoT,CT,R1,True
1573,1,1,Neutral-CoT,CT,R1,True
1656,2,2,Neutral-CoT,CT,R1,True
1687,1,1,Neutral-CoT,CT,R1,True
1707,2,2,Neutral-CoT,CT,R1,True
1735,2,2,Neutral-CoT,CT,R1,True
1755,2,2,Neutral-CoT,CT,R1,True
1814,2,2,Neutral-CoT,CT,R1,True
1819,2,2,Neutral-CoT,CT,R1,True
1822,1,1,Neutral-CoT,CT,R1,True
1823,1,1,Neutral-CoT,CT,R1,True
1862,1,1,Neutral-CoT,CT,R1,True
2004,2,2,Neutral-CoT,CT,R1,True
2039,2,2,Neutral-CoT,CT,R1,True
2055,1,1,Neutral-CoT,CT,R1,True
2068,2,2,Neutral-CoT,CT,R1,True
2081,1,1,Neutral-CoT,CT,R1,True
2155,2,2,Neutral-CoT,CT,R1,True
2221,2,2,Neutral-CoT,CT,R1,True
2288,2,2,Neutral-CoT,CT,R1,True
2375,2,2,Neutral-CoT,CT,R1,True
2379,1,1,Neutral-CoT,CT,R1,True
2426,2,2,Neutral-CoT,CT,R1,True
2584,2,2,Neutral-CoT,CT,R1,True
2585,1,1,Neutral-CoT,CT,R1,True
2600,1,1,Neutral-CoT,CT,R1,True
2732,2,2,Neutral-CoT,CT,R1,True
2844,1,1,Neutral-CoT,CT,R1,True
2891,2,2,Neutral-CoT,CT,R1,True
2932,2,2,Neutral-CoT,CT,R1,True
2983,1,1,Neutral-CoT,CT,R1,True
3056,1,1,Neutral-CoT,CT,R1,True
3081,1,1,Neutral-CoT,CT,R1,True
3102,1,1,Neutral-CoT,CT,R1,True
3191,1,1,Neutral-CoT,CT,R1,True
3297,1,1,Neutral-CoT,CT,R1,True
3363,1,1,Neutral-CoT,CT,R1,True
3367,2,2,Neutral-CoT,CT,R1,True
3385,1,1,Neutral-CoT,CT,R1,True
3400,1,1,Neutral-CoT,CT,R1,True
3418,1,2,Neutral-CoT,CT,R1,False
3429,2,2,Neutral-CoT,CT,R1,True
3440,1,1,Neutral-CoT,CT,R1,True
3524,1,1,Neutral-CoT,CT,R1,True
3567,1,1,Neutral-CoT,CT,R1,True
3631,2,2,Neutral-CoT,CT,R1,True
3811,2,2,Neutral-CoT,CT,R1,True
3824,1,1,Neutral-CoT,CT,R1,True
3839,1,1,Neutral-CoT,CT,R1,True
3867,1,1,Neutral-CoT,CT,R1,True
3912,2,2,Neutral-CoT,CT,R1,True
3929,2,2,Neutral-CoT,CT,R1,True
3971,2,2,Neutral-CoT,CT,R1,True
3979,2,2,Neutral-CoT,CT,R1,True
4011,2,2,Neutral-CoT,CT,R1,True
4017,1,1,Neutral-CoT,CT,R1,True
4066,2,2,Neutral-CoT,CT,R1,True
4087,2,2,Neutral-CoT,CT,R1,True
4153,2,2,Neutral-CoT,CT,R1,True
4182,2,2,Neutral-CoT,CT,R1,True
4187,1,1,Neutral-CoT,CT,R1,True
4207,1,1,Neutral-CoT,CT,R1,True
4211,1,1,Neutral-CoT,CT,R1,True
4303,1,1,Neutral-CoT,CT,R1,True
4314,1,1,Neutral-CoT,CT,R1,True
4339,2,2,Neutral-CoT,CT,R1,True
4348,2,2,Neutral-CoT,CT,R1,True
4447,1,1,Neutral-CoT,CT,R1,True
4462,1,1,Neutral-CoT,CT,R1,True
4591,1,1,Neutral-CoT,CT,R1,True
4624,2,2,Neutral-CoT,CT,R1,True
4651,2,2,Neutral-CoT,CT,R1,True
4652,1,1,Neutral-CoT,CT,R1,True
4663,1,1,Neutral-CoT,CT,R1,True
4706,2,2,Neutral-CoT,CT,R1,True
4716,1,1,Neutral-CoT,CT,R1,True
4744,2,2,Neutral-CoT,CT,R1,True
4767,1,1,Neutral-CoT,CT,R1,True
4795,1,1,Neutral-CoT,CT,R1,True
4812,2,2,Neutral-CoT,CT,R1,True
4827,2,2,Neutral-CoT,CT,R1,True
4829,2,2,Neutral-CoT,CT,R1,True
4851,2,2,Neutral-CoT,CT,R1,True
4856,2,2,Neutral-CoT,CT,R1,True
4865,2,2,Neutral-CoT,CT,R1,True
4871,1,1,Neutral-CoT,CT,R1,True
4927,2,2,Neutral-CoT,CT,R1,True
4937,1,1,Neutral-CoT,CT,R1,True
5009,1,1,Neutral-CoT,CT,R1,True
5024,1,1,Neutral-CoT,CT,R1,True
5070,1,1,Neutral-CoT,CT,R1,True
5086,2,2,Neutral-CoT,CT,R1,True
5119,1,1,Neutral-CoT,CT,R1,True
5120,2,2,Neutral-CoT,CT,R1,True
5406,1,1,Neutral-CoT,CT,R1,True
5424,2,2,Neutral-CoT,CT,R1,True
5475,1,1,Neutral-CoT,CT,R1,True
5499,1,1,Neutral-CoT,CT,R1,True
5570,1,1,Neutral-CoT,CT,R1,True
5586,2,1,Neutral-CoT,CT,R1,False
5619,2,2,Neutral-CoT,CT,R1,True
5651,1,1,Neutral-CoT,CT,R1,True
5741,1,2,Neutral-CoT,CT,R1,False
5797,2,2,Neutral-CoT,CT,R1,True
5824,2,2,Neutral-CoT,CT,R1,True
5829,1,1,Neutral-CoT,CT,R1,True
5906,2,2,Neutral-CoT,CT,R1,True
5957,2,2,Neutral-CoT,CT,R1,True
5998,2,2,Neutral-CoT,CT,R1,True
6010,2,2,Neutral-CoT,CT,R1,True
6059,2,2,Neutral-CoT,CT,R1,True
6111,1,1,Neutral-CoT,CT,R1,True
6137,1,1,Neutral-CoT,CT,R1,True
6156,1,1,Neutral-CoT,CT,R1,True
6252,1,1,Neutral-CoT,CT,R1,True
6253,2,2,Neutral-CoT,CT,R1,True
6255,2,2,Neutral-CoT,CT,R1,True
6295,1,1,Neutral-CoT,CT,R1,True
6347,1,1,Neutral-CoT,CT,R1,True
6374,1,1,Neutral-CoT,CT,R1,True
6420,2,2,Neutral-CoT,CT,R1,True
6452,1,1,Neutral-CoT,CT,R1,True
6465,1,1,Neutral-CoT,CT,R1,True
6484,2,2,Neutral-CoT,CT,R1,True
6488,2,2,Neutral-CoT,CT,R1,True
6519,2,2,Neutral-CoT,CT,R1,True
6527,2,2,Neutral-CoT,CT,R1,True
6595,1,1,Neutral-CoT,CT,R1,True
6631,1,1,Neutral-CoT,CT,R1,True
6715,2,2,Neutral-CoT,CT,R1,True
6728,1,1,Neutral-CoT,CT,R1,True
6756,2,2,Neutral-CoT,CT,R1,True
6812,1,1,Neutral-CoT,CT,R1,True
6824,1,1,Neutral-CoT,CT,R1,True
6826,1,1,Neutral-CoT,CT,R1,True
6842,1,1,Neutral-CoT,CT,R1,True
6867,1,1,Neutral-CoT,CT,R1,True
6868,1,2,Neutral-CoT,CT,R1,False
6899,2,2,Neutral-CoT,CT,R1,True
6965,2,2,Neutral-CoT,CT,R1,True
6977,2,2,Neutral-CoT,CT,R1,True
6991,1,1,Neutral-CoT,CT,R1,True
7001,2,2,Neutral-CoT,CT,R1,True
7004,1,1,Neutral-CoT,CT,R1,True
7042,1,2,Neutral-CoT,CT,R1,False
7070,2,2,Neutral-CoT,CT,R1,True
7096,1,1,Neutral-CoT,CT,R1,True
7099,1,1,Neutral-CoT,CT,R1,True
7194,2,2,Neutral-CoT,CT,R1,True
7220,2,2,Neutral-CoT,CT,R1,True
7235,2,2,Neutral-CoT,CT,R1,True
7313,2,2,Neutral-CoT,CT,R1,True
7387,1,1,Neutral-CoT,CT,R1,True
7407,1,1,Neutral-CoT,CT,R1,True
7430,2,2,Neutral-CoT,CT,R1,True
7439,1,1,Neutral-CoT,CT,R1,True
7451,2,2,Neutral-CoT,CT,R1,True
7498,2,2,Neutral-CoT,CT,R1,True
7550,1,1,Neutral-CoT,CT,R1,True
7553,2,2,Neutral-CoT,CT,R1,True
7555,1,1,Neutral-CoT,CT,R1,True
7581,2,2,Neutral-CoT,CT,R1,True
7599,2,2,Neutral-CoT,CT,R1,True
7654,1,1,Neutral-CoT,CT,R1,True
7687,1,1,Neutral-CoT,CT,R1,True
7723,1,1,Neutral-CoT,CT,R1,True
7832,2,2,Neutral-CoT,CT,R1,True
7887,1,1,Neutral-CoT,CT,R1,True
7894,1,1,Neutral-CoT,CT,R1,True
7915,2,2,Neutral-CoT,CT,R1,True
7966,1,1,Neutral-CoT,CT,R1,True
8015,2,2,Neutral-CoT,CT,R1,True
8033,1,1,Neutral-CoT,CT,R1,True
8139,1,1,Neutral-CoT,CT,R1,True
8217,2,2,Neutral-CoT,CT,R1,True
8268,1,1,Neutral-CoT,CT,R1,True
8339,1,1,Neutral-CoT,CT,R1,True
8366,2,2,Neutral-CoT,CT,R1,True
8444,1,1,Neutral-CoT,CT,R1,True
8580,2,2,Neutral-CoT,CT,R1,True
8614,1,1,Neutral-CoT,CT,R1,True
8630,2,2,Neutral-CoT,CT,R1,True
8672,1,1,Neutral-CoT,CT,R1,True
8902,2,2,Neutral-CoT,CT,R1,True
8923,2,2,Neutral-CoT,CT,R1,True
8948,1,1,Neutral-CoT,CT,R1,True
8993,1,1,Neutral-CoT,CT,R1,True
9004,1,1,Neutral-CoT,CT,R1,True
9089,2,2,Neutral-CoT,CT,R1,True
9102,1,2,Neutral-CoT,CT,R1,False
9120,1,2,Neutral-CoT,CT,R1,False
9134,2,2,Neutral-CoT,CT,R1,True
9246,2,2,Neutral-CoT,CT,R1,True
9268,1,1,Neutral-CoT,CT,R1,True
9325,1,1,Neutral-CoT,CT,R1,True
9349,2,2,Neutral-CoT,CT,R1,True
9357,2,2,Neutral-CoT,CT,R1,True
9417,1,1,Neutral-CoT,CT,R1,True
9459,1,1,Neutral-CoT,CT,R1,True
9465,1,1,Neutral-CoT,CT,R1,True
9469,2,2,Neutral-CoT,CT,R1,True
9485,1,2,Neutral-CoT,CT,R1,False
9595,1,1,Neutral-CoT,CT,R1,True
9632,2,2,Neutral-CoT,CT,R1,True
9635,2,2,Neutral-CoT,CT,R1,True
9677,2,2,Neutral-CoT,CT,R1,True
9715,1,1,Neutral-CoT,CT,R1,True
9724,2,2,Neutral-CoT,CT,R1,True
9774,2,2,Neutral-CoT,CT,R1,True
9796,1,1,Neutral-CoT,CT,R1,True
9892,2,2,Neutral-CoT,CT,R1,True
9899,1,1,Neutral-CoT,CT,R1,True
9934,1,1,Neutral-CoT,CT,R1,True
9955,1,2,Neutral-CoT,CT,R1,False
9987,1,1,Neutral-CoT,CT,R1,True
10022,1,1,Neutral-CoT,CT,R1,True
10156,1,1,Neutral-CoT,CT,R1,True
10163,1,1,Neutral-CoT,CT,R1,True
10174,1,1,Neutral-CoT,CT,R1,True
10187,1,2,Neutral-CoT,CT,R1,False
10189,2,2,Neutral-CoT,CT,R1,True
10210,1,1,Neutral-CoT,CT,R1,True
10328,1,1,Neutral-CoT,CT,R1,True
10330,2,2,Neutral-CoT,CT,R1,True
10375,1,1,Neutral-CoT,CT,R1,True
10423,2,2,Neutral-CoT,CT,R1,True
10434,1,1,Neutral-CoT,CT,R1,True
10450,2,2,Neutral-CoT,CT,R1,True
10566,2,2,Neutral-CoT,CT,R1,True
10600,1,1,Neutral-CoT,CT,R1,True
10610,2,2,Neutral-CoT,CT,R1,True
10621,1,1,Neutral-CoT,CT,R1,True
10626,2,2,Neutral-CoT,CT,R1,True
10634,2,2,Neutral-CoT,CT,R1,True
10771,2,2,Neutral-CoT,CT,R1,True
10910,2,2,Neutral-CoT,CT,R1,True
10954,2,2,Neutral-CoT,CT,R1,True
10978,1,1,Neutral-CoT,CT,R1,True
11024,2,2,Neutral-CoT,CT,R1,True
11102,1,1,Neutral-CoT,CT,R1,True
11120,2,2,Neutral-CoT,CT,R1,True
11189,2,2,Neutral-CoT,CT,R1,True
11241,2,2,Neutral-CoT,CT,R1,True
11283,2,2,Neutral-CoT,CT,R1,True
11511,2,2,Neutral-CoT,CT,R1,True
11523,2,2,Neutral-CoT,CT,R1,True
11525,1,1,Neutral-CoT,CT,R1,True
11553,1,1,Neutral-CoT,CT,R1,True
11596,1,1,Neutral-CoT,CT,R1,True
11617,2,2,Neutral-CoT,CT,R1,True
11630,1,1,Neutral-CoT,CT,R1,True
11742,2,2,Neutral-CoT,CT,R1,True
11786,1,1,Neutral-CoT,CT,R1,True
11850,2,2,Neutral-CoT,CT,R1,True
11870,1,1,Neutral-CoT,CT,R1,True
11874,1,1,Neutral-CoT,CT,R1,True
11930,1,1,Neutral-CoT,CT,R1,True
11935,2,2,Neutral-CoT,CT,R1,True
11967,1,1,Neutral-CoT,CT,R1,True
12012,2,2,Neutral-CoT,CT,R1,True
12074,1,1,Neutral-CoT,CT,R1,True
12151,1,1,Neutral-CoT,CT,R1,True
12153,1,1,Neutral-CoT,CT,R1,True
12271,2,2,Neutral-CoT,CT,R1,True
12285,1,1,Neutral-CoT,CT,R1,True
12301,1,1,Neutral-CoT,CT,R1,True
12323,1,1,Neutral-CoT,CT,R1,True
12429,2,2,Neutral-CoT,CT,R1,True
12472,2,2,Neutral-CoT,CT,R1,True
12486,2,2,Neutral-CoT,CT,R1,True
12494,1,1,Neutral-CoT,CT,R1,True
12627,2,2,Neutral-CoT,CT,R1,True
12645,1,1,Neutral-CoT,CT,R1,True
12732,1,1,Neutral-CoT,CT,R1,True
12798,2,2,Neutral-CoT,CT,R1,True
12830,2,2,Neutral-CoT,CT,R1,True
12860,2,2,Neutral-CoT,CT,R1,True
12896,1,1,Neutral-CoT,CT,R1,True
12903,1,1,Neutral-CoT,CT,R1,True
12926,2,2,Neutral-CoT,CT,R1,True
12936,2,2,Neutral-CoT,CT,R1,True
12948,2,2,Neutral-CoT,CT,R1,True
12975,2,2,Neutral-CoT,CT,R1,True
13035,1,1,Neutral-CoT,CT,R1,True
13050,2,2,Neutral-CoT,CT,R1,True
13061,1,1,Neutral-CoT,CT,R1,True
13113,2,2,Neutral-CoT,CT,R1,True
13137,2,2,Neutral-CoT,CT,R1,True
13200,1,1,Neutral-CoT,CT,R1,True
13227,2,2,Neutral-CoT,CT,R1,True
13319,1,1,Neutral-CoT,CT,R1,True
13334,1,1,Neutral-CoT,CT,R1,True
13384,1,1,Neutral-CoT,CT,R1,True
13400,2,2,Neutral-CoT,CT,R1,True
13447,2,2,Neutral-CoT,CT,R1,True
13469,2,2,Neutral-CoT,CT,R1,True
13484,2,2,Neutral-CoT,CT,R1,True
13518,2,2,Neutral-CoT,CT,R1,True
13726,2,2,Neutral-CoT,CT,R1,True
13785,1,1,Neutral-CoT,CT,R1,True
13843,2,2,Neutral-CoT,CT,R1,True
13864,2,2,Neutral-CoT,CT,R1,True
13874,1,1,Neutral-CoT,CT,R1,True
13920,1,2,Neutral-CoT,CT,R1,False
13996,1,2,Neutral-CoT,CT,R1,False
14011,2,2,Neutral-CoT,CT,R1,True
14047,2,2,Neutral-CoT,CT,R1,True
14055,2,2,Neutral-CoT,CT,R1,True
14074,2,2,Neutral-CoT,CT,R1,True
14137,2,2,Neutral-CoT,CT,R1,True
14139,2,2,Neutral-CoT,CT,R1,True
14224,1,1,Neutral-CoT,CT,R1,True
14259,1,1,Neutral-CoT,CT,R1,True
14300,2,2,Neutral-CoT,CT,R1,True
14325,1,1,Neutral-CoT,CT,R1,True
14408,1,1,Neutral-CoT,CT,R1,True
14410,1,1,Neutral-CoT,CT,R1,True
14469,1,1,Neutral-CoT,CT,R1,True
14488,1,1,Neutral-CoT,CT,R1,True
14532,2,2,Neutral-CoT,CT,R1,True
14550,2,2,Neutral-CoT,CT,R1,True
14557,1,1,Neutral-CoT,CT,R1,True
14581,2,2,Neutral-CoT,CT,R1,True
14617,2,2,Neutral-CoT,CT,R1,True
14759,2,2,Neutral-CoT,CT,R1,True
14793,1,1,Neutral-CoT,CT,R1,True
14796,2,2,Neutral-CoT,CT,R1,True
14845,2,2,Neutral-CoT,CT,R1,True
14858,2,2,Neutral-CoT,CT,R1,True
14868,1,1,Neutral-CoT,CT,R1,True
14900,1,1,Neutral-CoT,CT,R1,True
14932,2,2,Neutral-CoT,CT,R1,True
14970,2,2,Neutral-CoT,CT,R1,True
14988,2,2,Neutral-CoT,CT,R1,True
15035,1,1,Neutral-CoT,CT,R1,True
15066,2,2,Neutral-CoT,CT,R1,True
15131,1,1,Neutral-CoT,CT,R1,True
15133,2,2,Neutral-CoT,CT,R1,True
15176,2,2,Neutral-CoT,CT,R1,True
15189,1,1,Neutral-CoT,CT,R1,True
15254,1,1,Neutral-CoT,CT,R1,True
15290,1,1,Neutral-CoT,CT,R1,True
15363,2,2,Neutral-CoT,CT,R1,True
15473,2,2,Neutral-CoT,CT,R1,True
15535,2,2,Neutral-CoT,CT,R1,True
15538,1,2,Neutral-CoT,CT,R1,False
15555,1,1,Neutral-CoT,CT,R1,True
15614,2,2,Neutral-CoT,CT,R1,True
15620,2,2,Neutral-CoT,CT,R1,True
15693,1,1,Neutral-CoT,CT,R1,True
15735,1,1,Neutral-CoT,CT,R1,True
15770,1,2,Neutral-CoT,CT,R1,False
15810,2,2,Neutral-CoT,CT,R1,True
15883,1,1,Neutral-CoT,CT,R1,True
15938,1,1,Neutral-CoT,CT,R1,True
16114,1,1,Neutral-CoT,CT,R1,True
16120,1,1,Neutral-CoT,CT,R1,True
16170,2,1,Neutral-CoT,CT,R1,False
16174,1,1,Neutral-CoT,CT,R1,True
16212,2,2,Neutral-CoT,CT,R1,True
16213,1,1,Neutral-CoT,CT,R1,True
16230,1,1,Neutral-CoT,CT,R1,True
16264,1,1,Neutral-CoT,CT,R1,True
16355,2,2,Neutral-CoT,CT,R1,True
16398,1,1,Neutral-CoT,CT,R1,True
16457,2,2,Neutral-CoT,CT,R1,True
16521,2,2,Neutral-CoT,CT,R1,True
16572,1,1,Neutral-CoT,CT,R1,True
16600,1,1,Neutral-CoT,CT,R1,True
16614,1,1,Neutral-CoT,CT,R1,True
16642,1,1,Neutral-CoT,CT,R1,True
16731,1,1,Neutral-CoT,CT,R1,True
16801,2,2,Neutral-CoT,CT,R1,True
16845,1,1,Neutral-CoT,CT,R1,True
16858,2,2,Neutral-CoT,CT,R1,True
16891,1,1,Neutral-CoT,CT,R1,True
16977,1,1,Neutral-CoT,CT,R1,True
17002,2,2,Neutral-CoT,CT,R1,True
17048,1,1,Neutral-CoT,CT,R1,True
17079,2,2,Neutral-CoT,CT,R1,True
17082,2,2,Neutral-CoT,CT,R1,True
17121,2,2,Neutral-CoT,CT,R1,True
17165,1,2,Neutral-CoT,CT,R1,False
17212,1,1,Neutral-CoT,CT,R1,True
17227,1,1,Neutral-CoT,CT,R1,True
17241,2,2,Neutral-CoT,CT,R1,True
17280,2,1,Neutral-CoT,CT,R1,False
17355,2,2,Neutral-CoT,CT,R1,True
17361,1,1,Neutral-CoT,CT,R1,True
17364,2,2,Neutral-CoT,CT,R1,True
17386,2,2,Neutral-CoT,CT,R1,True
17423,2,2,Neutral-CoT,CT,R1,True
17455,1,1,Neutral-CoT,CT,R1,True
17475,1,1,Neutral-CoT,CT,R1,True
17553,1,1,Neutral-CoT,CT,R1,True
17693,1,1,Neutral-CoT,CT,R1,True
17744,2,2,Neutral-CoT,CT,R1,True
17746,2,2,Neutral-CoT,CT,R1,True
17792,1,1,Neutral-CoT,CT,R1,True
17806,2,2,Neutral-CoT,CT,R1,True
17877,1,1,Neutral-CoT,CT,R1,True
17885,2,2,Neutral-CoT,CT,R1,True
17963,2,2,Neutral-CoT,CT,R1,True
18290,1,1,Neutral-CoT,CT,R1,True
18337,1,1,Neutral-CoT,CT,R1,True
18550,2,2,Neutral-CoT,CT,R1,True
18553,2,2,Neutral-CoT,CT,R1,True
18613,2,2,Neutral-CoT,CT,R1,True
18630,2,2,Neutral-CoT,CT,R1,True
18631,1,1,Neutral-CoT,CT,R1,True
18643,1,1,Neutral-CoT,CT,R1,True
18652,1,1,Neutral-CoT,CT,R1,True
18656,2,2,Neutral-CoT,CT,R1,True
18670,1,1,Neutral-CoT,CT,R1,True
18805,2,2,Neutral-CoT,CT,R1,True
18806,1,1,Neutral-CoT,CT,R1,True
18820,1,1,Neutral-CoT,CT,R1,True
18839,2,2,Neutral-CoT,CT,R1,True
18874,1,1,Neutral-CoT,CT,R1,True
18886,1,1,Neutral-CoT,CT,R1,True
18935,1,1,Neutral-CoT,CT,R1,True
18961,2,2,Neutral-CoT,CT,R1,True
18998,2,2,Neutral-CoT,CT,R1,True
19036,2,2,Neutral-CoT,CT,R1,True
19045,2,2,Neutral-CoT,CT,R1,True
19164,1,1,Neutral-CoT,CT,R1,True
19267,2,2,Neutral-CoT,CT,R1,True
19295,1,1,Neutral-CoT,CT,R1,True
19331,2,2,Neutral-CoT,CT,R1,True
19341,1,1,Neutral-CoT,CT,R1,True
19383,1,1,Neutral-CoT,CT,R1,True
19385,2,2,Neutral-CoT,CT,R1,True
19395,2,2,Neutral-CoT,CT,R1,True
19486,2,2,Neutral-CoT,CT,R1,True
19496,2,2,Neutral-CoT,CT,R1,True
19519,2,2,Neutral-CoT,CT,R1,True
19532,1,1,Neutral-CoT,CT,R1,True
19538,1,1,Neutral-CoT,CT,R1,True
19593,2,2,Neutral-CoT,CT,R1,True
19599,1,1,Neutral-CoT,CT,R1,True
19643,1,1,Neutral-CoT,CT,R1,True
19686,1,1,Neutral-CoT,CT,R1,True
19738,1,1,Neutral-CoT,CT,R1,True
19794,1,1,Neutral-CoT,CT,R1,True
19811,2,1,Neutral-CoT,CT,R1,False
19826,2,2,Neutral-CoT,CT,R1,True
19830,2,2,Neutral-CoT,CT,R1,True
19839,2,2,Neutral-CoT,CT,R1,True
19854,2,2,Neutral-CoT,CT,R1,True
19900,2,2,Neutral-CoT,CT,R1,True
19915,1,1,Neutral-CoT,CT,R1,True
19967,1,1,Neutral-CoT,CT,R1,True
19968,2,2,Neutral-CoT,CT,R1,True
20031,1,1,Neutral-CoT,CT,R1,True
20184,1,1,Neutral-CoT,CT,R1,True
20195,1,1,Neutral-CoT,CT,R1,True
20299,2,2,Neutral-CoT,CT,R1,True
20380,2,2,Neutral-CoT,CT,R1,True
20407,2,2,Neutral-CoT,CT,R1,True
20420,1,1,Neutral-CoT,CT,R1,True
20422,1,1,Neutral-CoT,CT,R1,True
20431,1,1,Neutral-CoT,CT,R1,True
20443,1,1,Neutral-CoT,CT,R1,True
20446,2,2,Neutral-CoT,CT,R1,True
20465,1,1,Neutral-CoT,CT,R1,True
20467,1,1,Neutral-CoT,CT,R1,True
20504,2,2,Neutral-CoT,CT,R1,True
20528,1,1,Neutral-CoT,CT,R1,True
20542,1,1,Neutral-CoT,CT,R1,True
20666,1,1,Neutral-CoT,CT,R1,True
20677,1,1,Neutral-CoT,CT,R1,True
20685,2,2,Neutral-CoT,CT,R1,True
20716,2,2,Neutral-CoT,CT,R1,True
20839,2,2,Neutral-CoT,CT,R1,True
20853,1,1,Neutral-CoT,CT,R1,True
20869,2,2,Neutral-CoT,CT,R1,True
20890,2,2,Neutral-CoT,CT,R1,True
20895,1,1,Neutral-CoT,CT,R1,True
20964,1,1,Neutral-CoT,CT,R1,True
20971,2,2,Neutral-CoT,CT,R1,True
21016,1,1,Neutral-CoT,CT,R1,True
21051,2,2,Neutral-CoT,CT,R1,True
21067,1,2,Neutral-CoT,CT,R1,False
21074,1,1,Neutral-CoT,CT,R1,True
21098,2,2,Neutral-CoT,CT,R1,True
21130,2,2,Neutral-CoT,CT,R1,True
21158,1,1,Neutral-CoT,CT,R1,True
21165,1,1,Neutral-CoT,CT,R1,True
21167,1,1,Neutral-CoT,CT,R1,True
21173,1,1,Neutral-CoT,CT,R1,True
21180,2,2,Neutral-CoT,CT,R1,True
21203,2,2,Neutral-CoT,CT,R1,True
21210,1,1,Neutral-CoT,CT,R1,True
21328,1,1,Neutral-CoT,CT,R1,True
21399,1,1,Neutral-CoT,CT,R1,True
21509,2,2,Neutral-CoT,CT,R1,True
21544,2,2,Neutral-CoT,CT,R1,True
21598,2,2,Neutral-CoT,CT,R1,True
21599,1,1,Neutral-CoT,CT,R1,True
21606,2,2,Neutral-CoT,CT,R1,True
21608,2,2,Neutral-CoT,CT,R1,True
21629,1,1,Neutral-CoT,CT,R1,True
21630,2,2,Neutral-CoT,CT,R1,True
21666,2,2,Neutral-CoT,CT,R1,True
21691,1,1,Neutral-CoT,CT,R1,True
21847,2,2,Neutral-CoT,CT,R1,True
21976,1,1,Neutral-CoT,CT,R1,True
21987,2,2,Neutral-CoT,CT,R1,True
22043,2,2,Neutral-CoT,CT,R1,True
22052,1,1,Neutral-CoT,CT,R1,True
22065,1,1,Neutral-CoT,CT,R1,True
22066,2,2,Neutral-CoT,CT,R1,True
22126,2,2,Neutral-CoT,CT,R1,True
22166,2,2,Neutral-CoT,CT,R1,True
22184,2,2,Neutral-CoT,CT,R1,True
22189,2,1,Neutral-CoT,CT,R1,False
22194,2,2,Neutral-CoT,CT,R1,True
22266,1,1,Neutral-CoT,CT,R1,True
22356,2,2,Neutral-CoT,CT,R1,True
22467,2,2,Neutral-CoT,CT,R1,True
22679,1,1,Neutral-CoT,CT,R1,True
22707,2,2,Neutral-CoT,CT,R1,True
22767,2,2,Neutral-CoT,CT,R1,True
22770,1,1,Neutral-CoT,CT,R1,True
22814,1,1,Neutral-CoT,CT,R1,True
22819,2,2,Neutral-CoT,CT,R1,True
22849,2,2,Neutral-CoT,CT,R1,True
22966,2,2,Neutral-CoT,CT,R1,True
23023,1,1,Neutral-CoT,CT,R1,True
23052,1,1,Neutral-CoT,CT,R1,True
23089,1,1,Neutral-CoT,CT,R1,True
23103,2,2,Neutral-CoT,CT,R1,True
23104,2,2,Neutral-CoT,CT,R1,True
23128,1,1,Neutral-CoT,CT,R1,True
23200,1,1,Neutral-CoT,CT,R1,True
23322,1,1,Neutral-CoT,CT,R1,True
23323,1,1,Neutral-CoT,CT,R1,True
23415,2,2,Neutral-CoT,CT,R1,True
23440,2,2,Neutral-CoT,CT,R1,True
23453,2,2,Neutral-CoT,CT,R1,True
23505,1,1,Neutral-CoT,CT,R1,True
23514,2,2,Neutral-CoT,CT,R1,True
23524,1,1,Neutral-CoT,CT,R1,True
23530,2,2,Neutral-CoT,CT,R1,True
23574,1,1,Neutral-CoT,CT,R1,True
23584,1,1,Neutral-CoT,CT,R1,True
23605,1,1,Neutral-CoT,CT,R1,True
23620,2,2,Neutral-CoT,CT,R1,True
23648,2,2,Neutral-CoT,CT,R1,True
23699,2,2,Neutral-CoT,CT,R1,True
23713,2,2,Neutral-CoT,CT,R1,True
23779,1,1,Neutral-CoT,CT,R1,True
23871,1,1,Neutral-CoT,CT,R1,True
23873,1,1,Neutral-CoT,CT,R1,True
23901,1,1,Neutral-CoT,CT,R1,True
24163,1,1,Neutral-CoT,CT,R1,True
24174,2,2,Neutral-CoT,CT,R1,True
24223,1,1,Neutral-CoT,CT,R1,True
24291,2,2,Neutral-CoT,CT,R1,True
24304,1,1,Neutral-CoT,CT,R1,True
24334,2,2,Neutral-CoT,CT,R1,True
24405,2,2,Neutral-CoT,CT,R1,True
24408,1,1,Neutral-CoT,CT,R1,True
24500,2,2,Neutral-CoT,CT,R1,True
24502,2,2,Neutral-CoT,CT,R1,True
24541,2,2,Neutral-CoT,CT,R1,True
24573,1,1,Neutral-CoT,CT,R1,True
24577,1,1,Neutral-CoT,CT,R1,True
24637,2,2,Neutral-CoT,CT,R1,True
24673,2,2,Neutral-CoT,CT,R1,True
24706,1,1,Neutral-CoT,CT,R1,True
24740,2,2,Neutral-CoT,CT,R1,True
24774,2,2,Neutral-CoT,CT,R1,True
24836,1,1,Neutral-CoT,CT,R1,True
24871,1,2,Neutral-CoT,CT,R1,False
24902,2,2,Neutral-CoT,CT,R1,True
24959,2,2,Neutral-CoT,CT,R1,True
24975,1,1,Neutral-CoT,CT,R1,True
24995,1,1,Neutral-CoT,CT,R1,True
25038,1,1,Neutral-CoT,CT,R1,True
25109,2,2,Neutral-CoT,CT,R1,True
25137,1,1,Neutral-CoT,CT,R1,True
25155,1,1,Neutral-CoT,CT,R1,True
25239,2,2,Neutral-CoT,CT,R1,True
25270,1,1,Neutral-CoT,CT,R1,True
25302,2,2,Neutral-CoT,CT,R1,True
25337,1,1,Neutral-CoT,CT,R1,True
25348,1,1,Neutral-CoT,CT,R1,True
25369,2,2,Neutral-CoT,CT,R1,True
25416,1,1,Neutral-CoT,CT,R1,True
25435,1,1,Neutral-CoT,CT,R1,True
25447,1,1,Neutral-CoT,CT,R1,True
25471,2,2,Neutral-CoT,CT,R1,True
25523,2,2,Neutral-CoT,CT,R1,True
25591,1,1,Neutral-CoT,CT,R1,True
25650,1,1,Neutral-CoT,CT,R1,True
25690,1,2,Neutral-CoT,CT,R1,False
25698,2,2,Neutral-CoT,CT,R1,True
25856,1,1,Neutral-CoT,CT,R1,True
25868,1,1,Neutral-CoT,CT,R1,True
25990,2,2,Neutral-CoT,CT,R1,True
26032,1,1,Neutral-CoT,CT,R1,True
26129,2,2,Neutral-CoT,CT,R1,True
26161,1,2,Neutral-CoT,CT,R1,False
26211,2,2,Neutral-CoT,CT,R1,True
26287,2,2,Neutral-CoT,CT,R1,True
26292,1,1,Neutral-CoT,CT,R1,True
26302,1,1,Neutral-CoT,CT,R1,True
26321,2,2,Neutral-CoT,CT,R1,True
26337,1,1,Neutral-CoT,CT,R1,True
26480,2,2,Neutral-CoT,CT,R1,True
26492,2,2,Neutral-CoT,CT,R1,True
26528,1,1,Neutral-CoT,CT,R1,True
26556,1,1,Neutral-CoT,CT,R1,True
26575,2,2,Neutral-CoT,CT,R1,True
26678,2,2,Neutral-CoT,CT,R1,True
26714,2,2,Neutral-CoT,CT,R1,True
26831,1,1,Neutral-CoT,CT,R1,True
26878,2,2,Neutral-CoT,CT,R1,True
26995,1,1,Neutral-CoT,CT,R1,True
27029,1,1,Neutral-CoT,CT,R1,True
27088,1,1,Neutral-CoT,CT,R1,True
27101,1,1,Neutral-CoT,CT,R1,True
27395,2,2,Neutral-CoT,CT,R1,True
27431,2,2,Neutral-CoT,CT,R1,True
27497,1,1,Neutral-CoT,CT,R1,True
27524,2,2,Neutral-CoT,CT,R1,True
27558,2,2,Neutral-CoT,CT,R1,True
27610,1,2,Neutral-CoT,CT,R1,False
27668,2,2,Neutral-CoT,CT,R1,True
27688,2,2,Neutral-CoT,CT,R1,True
27740,2,2,Neutral-CoT,CT,R1,True
27828,2,2,Neutral-CoT,CT,R1,True
27904,2,2,Neutral-CoT,CT,R1,True
27910,2,2,Neutral-CoT,CT,R1,True
27911,2,2,Neutral-CoT,CT,R1,True
28011,2,2,Neutral-CoT,CT,R1,True
28019,1,1,Neutral-CoT,CT,R1,True
28051,2,2,Neutral-CoT,CT,R1,True
28057,1,2,Neutral-CoT,CT,R1,False
28067,2,2,Neutral-CoT,CT,R1,True
28114,2,2,Neutral-CoT,CT,R1,True
28222,2,2,Neutral-CoT,CT,R1,True
28262,2,2,Neutral-CoT,CT,R1,True
28271,1,1,Neutral-CoT,CT,R1,True
28341,1,1,Neutral-CoT,CT,R1,True
28365,2,2,Neutral-CoT,CT,R1,True
28463,2,2,Neutral-CoT,CT,R1,True
28490,2,1,Neutral-CoT,CT,R1,False
28550,2,2,Neutral-CoT,CT,R1,True
28574,2,2,Neutral-CoT,CT,R1,True
28656,2,2,Neutral-CoT,CT,R1,True
28674,2,2,Neutral-CoT,CT,R1,True
28728,1,1,Neutral-CoT,CT,R1,True
28789,2,2,Neutral-CoT,CT,R1,True
28822,2,2,Neutral-CoT,CT,R1,True
28963,1,1,Neutral-CoT,CT,R1,True
29070,2,2,Neutral-CoT,CT,R1,True
29105,2,2,Neutral-CoT,CT,R1,True
29132,1,1,Neutral-CoT,CT,R1,True
29144,1,1,Neutral-CoT,CT,R1,True
29243,2,2,Neutral-CoT,CT,R1,True
29385,1,1,Neutral-CoT,CT,R1,True
29417,2,2,Neutral-CoT,CT,R1,True
29454,2,2,Neutral-CoT,CT,R1,True
29465,1,2,Neutral-CoT,CT,R1,False
29484,2,2,Neutral-CoT,CT,R1,True
29629,1,1,Neutral-CoT,CT,R1,True
29768,1,1,Neutral-CoT,CT,R1,True
29880,1,1,Neutral-CoT,CT,R1,True
29903,1,1,Neutral-CoT,CT,R1,True
29912,1,1,Neutral-CoT,CT,R1,True
29978,1,2,Neutral-CoT,CT,R1,False
30052,1,1,Neutral-CoT,CT,R1,True
30118,1,1,Neutral-CoT,CT,R1,True
30137,2,2,Neutral-CoT,CT,R1,True
30143,1,1,Neutral-CoT,CT,R1,True
30180,1,1,Neutral-CoT,CT,R1,True
30259,1,1,Neutral-CoT,CT,R1,True
30273,2,2,Neutral-CoT,CT,R1,True
30285,2,2,Neutral-CoT,CT,R1,True
30328,1,1,Neutral-CoT,CT,R1,True
30329,1,1,Neutral-CoT,CT,R1,True
30336,2,2,Neutral-CoT,CT,R1,True
30340,1,1,Neutral-CoT,CT,R1,True
30367,2,2,Neutral-CoT,CT,R1,True
30498,1,1,Neutral-CoT,CT,R1,True
30514,1,1,Neutral-CoT,CT,R1,True
30544,1,1,Neutral-CoT,CT,R1,True
30694,2,2,Neutral-CoT,CT,R1,True
30701,2,2,Neutral-CoT,CT,R1,True
30710,2,2,Neutral-CoT,CT,R1,True
30794,2,2,Neutral-CoT,CT,R1,True
30825,2,2,Neutral-CoT,CT,R1,True
30846,1,1,Neutral-CoT,CT,R1,True
30856,2,2,Neutral-CoT,CT,R1,True
30872,2,2,Neutral-CoT,CT,R1,True
30880,1,1,Neutral-CoT,CT,R1,True
30899,1,1,Neutral-CoT,CT,R1,True
30922,2,2,Neutral-CoT,CT,R1,True
30936,2,2,Neutral-CoT,CT,R1,True
31029,1,1,Neutral-CoT,CT,R1,True
31060,1,1,Neutral-CoT,CT,R1,True
31081,2,2,Neutral-CoT,CT,R1,True
31089,1,1,Neutral-CoT,CT,R1,True
31129,2,2,Neutral-CoT,CT,R1,True
31138,1,1,Neutral-CoT,CT,R1,True
31148,1,1,Neutral-CoT,CT,R1,True
31247,1,1,Neutral-CoT,CT,R1,True
31266,2,2,Neutral-CoT,CT,R1,True
31350,2,2,Neutral-CoT,CT,R1,True
31386,2,2,Neutral-CoT,CT,R1,True
31483,2,2,Neutral-CoT,CT,R1,True
31568,2,1,Neutral-CoT,CT,R1,False
31597,1,1,Neutral-CoT,CT,R1,True
31622,1,1,Neutral-CoT,CT,R1,True
31628,1,1,Neutral-CoT,CT,R1,True
31634,2,1,Neutral-CoT,CT,R1,False
31665,1,1,Neutral-CoT,CT,R1,True
31720,1,1,Neutral-CoT,CT,R1,True
31728,1,1,Neutral-CoT,CT,R1,True
31754,2,1,Neutral-CoT,CT,R1,False
31907,2,2,Neutral-CoT,CT,R1,True
32003,2,2,Neutral-CoT,CT,R1,True
32090,1,1,Neutral-CoT,CT,R1,True
32112,2,2,Neutral-CoT,CT,R1,True
32116,2,2,Neutral-CoT,CT,R1,True
32131,2,2,Neutral-CoT,CT,R1,True
32167,2,2,Neutral-CoT,CT,R1,True
32177,1,2,Neutral-CoT,CT,R1,False
32263,2,2,Neutral-CoT,CT,R1,True
32265,1,1,Neutral-CoT,CT,R1,True
32323,2,2,Neutral-CoT,CT,R1,True
32372,1,1,Neutral-CoT,CT,R1,True
32463,2,2,Neutral-CoT,CT,R1,True
32518,1,1,Neutral-CoT,CT,R1,True
32572,2,2,Neutral-CoT,CT,R1,True
32638,1,1,Neutral-CoT,CT,R1,True
32679,1,1,Neutral-CoT,CT,R1,True
32722,2,2,Neutral-CoT,CT,R1,True
32747,1,1,Neutral-CoT,CT,R1,True
32753,2,2,Neutral-CoT,CT,R1,True
32785,1,1,Neutral-CoT,CT,R1,True
32872,2,2,Neutral-CoT,CT,R1,True
32894,2,1,Neutral-CoT,CT,R1,False
32963,1,1,Neutral-CoT,CT,R1,True
32972,2,2,Neutral-CoT,CT,R1,True
33067,2,2,Neutral-CoT,CT,R1,True
33126,2,2,Neutral-CoT,CT,R1,True
33141,2,2,Neutral-CoT,CT,R1,True
33154,1,1,Neutral-CoT,CT,R1,True
33212,1,1,Neutral-CoT,CT,R1,True
33262,2,2,Neutral-CoT,CT,R1,True
33291,1,2,Neutral-CoT,CT,R1,False
33322,2,2,Neutral-CoT,CT,R1,True
33409,2,2,Neutral-CoT,CT,R1,True
33433,1,2,Neutral-CoT,CT,R1,False
33470,1,1,Neutral-CoT,CT,R1,True
33504,1,1,Neutral-CoT,CT,R1,True
33532,1,2,Neutral-CoT,CT,R1,False
33649,1,1,Neutral-CoT,CT,R1,True
33743,2,2,Neutral-CoT,CT,R1,True
33765,2,2,Neutral-CoT,CT,R1,True
33780,1,1,Neutral-CoT,CT,R1,True
33806,1,1,Neutral-CoT,CT,R1,True
33808,2,2,Neutral-CoT,CT,R1,True
33856,1,1,Neutral-CoT,CT,R1,True
33859,2,2,Neutral-CoT,CT,R1,True
33890,2,2,Neutral-CoT,CT,R1,True
33940,1,1,Neutral-CoT,CT,R1,True
33961,1,1,Neutral-CoT,CT,R1,True
33962,2,2,Neutral-CoT,CT,R1,True
33986,1,1,Neutral-CoT,CT,R1,True
34029,2,2,Neutral-CoT,CT,R1,True
34125,2,2,Neutral-CoT,CT,R1,True
34143,2,2,Neutral-CoT,CT,R1,True
34171,1,1,Neutral-CoT,CT,R1,True
34215,2,2,Neutral-CoT,CT,R1,True
34276,1,1,Neutral-CoT,CT,R1,True
34332,2,2,Neutral-CoT,CT,R1,True
34404,2,2,Neutral-CoT,CT,R1,True
34460,2,2,Neutral-CoT,CT,R1,True
34500,1,1,Neutral-CoT,CT,R1,True
34667,2,2,Neutral-CoT,CT,R1,True
34714,2,2,Neutral-CoT,CT,R1,True
34754,2,2,Neutral-CoT,CT,R1,True
34812,2,2,Neutral-CoT,CT,R1,True
34915,1,2,Neutral-CoT,CT,R1,False
34918,2,2,Neutral-CoT,CT,R1,True
34944,2,2,Neutral-CoT,CT,R1,True
34983,2,2,Neutral-CoT,CT,R1,True
35058,2,2,Neutral-CoT,CT,R1,True
35064,1,1,Neutral-CoT,CT,R1,True
35127,2,2,Neutral-CoT,CT,R1,True
35156,2,2,Neutral-CoT,CT,R1,True
35174,1,1,Neutral-CoT,CT,R1,True
35191,2,2,Neutral-CoT,CT,R1,True
35201,2,2,Neutral-CoT,CT,R1,True
35204,2,2,Neutral-CoT,CT,R1,True
35282,2,2,Neutral-CoT,CT,R1,True
35287,1,1,Neutral-CoT,CT,R1,True
35429,2,2,Neutral-CoT,CT,R1,True
35564,2,2,Neutral-CoT,CT,R1,True
35592,1,1,Neutral-CoT,CT,R1,True
35643,2,2,Neutral-CoT,CT,R1,True
35653,1,1,Neutral-CoT,CT,R1,True
35715,2,2,Neutral-CoT,CT,R1,True
35732,2,2,Neutral-CoT,CT,R1,True
35738,2,2,Neutral-CoT,CT,R1,True
35743,2,2,Neutral-CoT,CT,R1,True
35871,2,2,Neutral-CoT,CT,R1,True
35880,2,2,Neutral-CoT,CT,R1,True
35907,2,2,Neutral-CoT,CT,R1,True
35912,1,1,Neutral-CoT,CT,R1,True
35918,2,2,Neutral-CoT,CT,R1,True
35939,2,2,Neutral-CoT,CT,R1,True
35991,2,2,Neutral-CoT,CT,R1,True
36100,2,2,Neutral-CoT,CT,R1,True
36117,1,1,Neutral-CoT,CT,R1,True
36126,2,2,Neutral-CoT,CT,R1,True
36186,2,2,Neutral-CoT,CT,R1,True
36190,1,1,Neutral-CoT,CT,R1,True
36199,2,2,Neutral-CoT,CT,R1,True
36209,1,1,Neutral-CoT,CT,R1,True
36223,2,2,Neutral-CoT,CT,R1,True
36247,1,1,Neutral-CoT,CT,R1,True
36341,2,2,Neutral-CoT,CT,R1,True
36419,2,2,Neutral-CoT,CT,R1,True
36434,2,2,Neutral-CoT,CT,R1,True
36449,1,1,Neutral-CoT,CT,R1,True
36482,2,2,Neutral-CoT,CT,R1,True
36557,2,2,Neutral-CoT,CT,R1,True
36686,2,2,Neutral-CoT,CT,R1,True
36734,1,1,Neutral-CoT,CT,R1,True
36743,1,1,Neutral-CoT,CT,R1,True
36812,2,2,Neutral-CoT,CT,R1,True
36849,2,2,Neutral-CoT,CT,R1,True
36960,2,2,Neutral-CoT,CT,R1,True
36974,2,2,Neutral-CoT,CT,R1,True
37006,2,2,Neutral-CoT,CT,R1,True
37016,2,2,Neutral-CoT,CT,R1,True
37020,1,1,Neutral-CoT,CT,R1,True
37082,2,2,Neutral-CoT,CT,R1,True
37114,1,2,Neutral-CoT,CT,R1,False
37124,2,2,Neutral-CoT,CT,R1,True
37234,1,1,Neutral-CoT,CT,R1,True
37245,1,1,Neutral-CoT,CT,R1,True
37249,1,1,Neutral-CoT,CT,R1,True
37258,2,2,Neutral-CoT,CT,R1,True
37367,2,2,Neutral-CoT,CT,R1,True
37422,1,1,Neutral-CoT,CT,R1,True
37432,2,2,Neutral-CoT,CT,R1,True
37435,1,1,Neutral-CoT,CT,R1,True
37490,1,1,Neutral-CoT,CT,R1,True
37537,2,2,Neutral-CoT,CT,R1,True
37542,2,1,Neutral-CoT,CT,R1,False
37569,2,2,Neutral-CoT,CT,R1,True
37614,2,2,Neutral-CoT,CT,R1,True
37617,2,2,Neutral-CoT,CT,R1,True
37679,1,1,Neutral-CoT,CT,R1,True
37723,2,2,Neutral-CoT,CT,R1,True
37741,1,2,Neutral-CoT,CT,R1,False
37743,2,2,Neutral-CoT,CT,R1,True
37842,1,1,Neutral-CoT,CT,R1,True
37909,1,1,Neutral-CoT,CT,R1,True
37955,1,1,Neutral-CoT,CT,R1,True
38026,2,2,Neutral-CoT,CT,R1,True
38068,2,2,Neutral-CoT,CT,R1,True
38078,2,2,Neutral-CoT,CT,R1,True
38130,1,1,Neutral-CoT,CT,R1,True
38144,1,1,Neutral-CoT,CT,R1,True
38146,1,1,Neutral-CoT,CT,R1,True
38166,1,1,Neutral-CoT,CT,R1,True
38168,1,1,Neutral-CoT,CT,R1,True
38191,2,2,Neutral-CoT,CT,R1,True
38245,1,1,Neutral-CoT,CT,R1,True
38267,2,2,Neutral-CoT,CT,R1,True
38352,1,1,Neutral-CoT,CT,R1,True
38363,2,2,Neutral-CoT,CT,R1,True
38395,1,1,Neutral-CoT,CT,R1,True
38425,2,2,Neutral-CoT,CT,R1,True
38485,1,1,Neutral-CoT,CT,R1,True
38518,1,1,Neutral-CoT,CT,R1,True
38530,1,1,Neutral-CoT,CT,R1,True
38533,2,2,Neutral-CoT,CT,R1,True
38554,1,2,Neutral-CoT,CT,R1,False
38562,2,2,Neutral-CoT,CT,R1,True
38593,2,2,Neutral-CoT,CT,R1,True
38627,2,2,Neutral-CoT,CT,R1,True
38721,1,1,Neutral-CoT,CT,R1,True
38773,2,2,Neutral-CoT,CT,R1,True
38809,1,1,Neutral-CoT,CT,R1,True
38811,1,2,Neutral-CoT,CT,R1,False
38829,1,1,Neutral-CoT,CT,R1,True
38928,2,2,Neutral-CoT,CT,R1,True
38947,1,1,Neutral-CoT,CT,R1,True
39000,1,1,Neutral-CoT,CT,R1,True
39152,1,1,Neutral-CoT,CT,R1,True
39199,1,1,Neutral-CoT,CT,R1,True
39321,1,1,Neutral-CoT,CT,R1,True
39356,2,2,Neutral-CoT,CT,R1,True
39388,2,2,Neutral-CoT,CT,R1,True
39457,1,1,Neutral-CoT,CT,R1,True
39532,2,2,Neutral-CoT,CT,R1,True
39553,2,2,Neutral-CoT,CT,R1,True
39557,1,1,Neutral-CoT,CT,R1,True
39715,1,1,Neutral-CoT,CT,R1,True
39795,2,2,Neutral-CoT,CT,R1,True
39804,1,1,Neutral-CoT,CT,R1,True
39833,2,2,Neutral-CoT,CT,R1,True
39842,1,1,Neutral-CoT,CT,R1,True
39864,2,2,Neutral-CoT,CT,R1,True
39884,2,2,Neutral-CoT,CT,R1,True
40029,1,1,Neutral-CoT,CT,R1,True
40068,1,1,Neutral-CoT,CT,R1,True
40135,1,1,Neutral-CoT,CT,R1,True
40145,2,2,Neutral-CoT,CT,R1,True
40164,1,1,Neutral-CoT,CT,R1,True
40296,2,2,Neutral-CoT,CT,R1,True
40376,1,1,Neutral-CoT,CT,R1,True
40497,2,2,Neutral-CoT,CT,R1,True
40535,1,1,Neutral-CoT,CT,R1,True
40542,2,2,Neutral-CoT,CT,R1,True
40622,2,2,Neutral-CoT,CT,R1,True
40625,2,2,Neutral-CoT,CT,R1,True
40653,2,2,Neutral-CoT,CT,R1,True
40762,1,1,Neutral-CoT,CT,R1,True
40853,1,1,Neutral-CoT,CT,R1,True
40855,2,2,Neutral-CoT,CT,R1,True
40857,2,2,Neutral-CoT,CT,R1,True
40920,1,2,Neutral-CoT,CT,R1,False
40923,2,2,Neutral-CoT,CT,R1,True
40969,1,1,Neutral-CoT,CT,R1,True
40991,1,1,Neutral-CoT,CT,R1,True
41001,2,2,Neutral-CoT,CT,R1,True
41077,1,1,Neutral-CoT,CT,R1,True
41103,2,2,Neutral-CoT,CT,R1,True
41237,1,1,Neutral-CoT,CT,R1,True
41239,1,1,Neutral-CoT,CT,R1,True
41273,1,1,Neutral-CoT,CT,R1,True
41368,1,1,Neutral-CoT,CT,R1,True
41416,1,1,Neutral-CoT,CT,R1,True
41457,2,1,Neutral-CoT,CT,R1,False
41472,1,1,Neutral-CoT,CT,R1,True
41581,2,2,Neutral-CoT,CT,R1,True
41590,1,1,Neutral-CoT,CT,R1,True
41636,1,1,Neutral-CoT,CT,R1,True
41704,1,1,Neutral-CoT,CT,R1,True
41836,1,1,Neutral-CoT,CT,R1,True
41906,2,2,Neutral-CoT,CT,R1,True
41973,2,2,Neutral-CoT,CT,R1,True
42040,1,1,Neutral-CoT,CT,R1,True
42067,1,1,Neutral-CoT,CT,R1,True
42086,2,2,Neutral-CoT,CT,R1,True
42112,2,2,Neutral-CoT,CT,R1,True
42166,2,2,Neutral-CoT,CT,R1,True
42185,2,2,Neutral-CoT,CT,R1,True
42228,2,2,Neutral-CoT,CT,R1,True
42330,1,1,Neutral-CoT,CT,R1,True
42335,2,2,Neutral-CoT,CT,R1,True
42344,2,2,Neutral-CoT,CT,R1,True
42391,2,2,Neutral-CoT,CT,R1,True
42468,2,2,Neutral-CoT,CT,R1,True
42520,2,2,Neutral-CoT,CT,R1,True
42521,1,1,Neutral-CoT,CT,R1,True
42568,1,1,Neutral-CoT,CT,R1,True
42572,2,2,Neutral-CoT,CT,R1,True
42585,1,1,Neutral-CoT,CT,R1,True
42609,2,2,Neutral-CoT,CT,R1,True
42714,2,2,Neutral-CoT,CT,R1,True
42742,1,1,Neutral-CoT,CT,R1,True
42860,2,2,Neutral-CoT,CT,R1,True
42886,2,2,Neutral-CoT,CT,R1,True
43042,1,1,Neutral-CoT,CT,R1,True
43070,2,2,Neutral-CoT,CT,R1,True
43191,1,1,Neutral-CoT,CT,R1,True
43285,1,1,Neutral-CoT,CT,R1,True
43295,2,2,Neutral-CoT,CT,R1,True
43350,2,2,Neutral-CoT,CT,R1,True
43486,1,1,Neutral-CoT,CT,R1,True
43526,2,2,Neutral-CoT,CT,R1,True
43621,2,2,Neutral-CoT,CT,R1,True
43668,2,2,Neutral-CoT,CT,R1,True
43764,2,2,Neutral-CoT,CT,R1,True
43811,2,2,Neutral-CoT,CT,R1,True
43878,1,1,Neutral-CoT,CT,R1,True
44063,1,2,Neutral-CoT,CT,R1,False
44064,2,2,Neutral-CoT,CT,R1,True
44147,1,2,Neutral-CoT,CT,R1,False
44167,2,2,Neutral-CoT,CT,R1,True
44178,2,2,Neutral-CoT,CT,R1,True
44313,2,2,Neutral-CoT,CT,R1,True
44380,1,1,Neutral-CoT,CT,R1,True
44400,2,2,Neutral-CoT,CT,R1,True
44415,2,2,Neutral-CoT,CT,R1,True
44430,2,2,Neutral-CoT,CT,R1,True
44444,2,2,Neutral-CoT,CT,R1,True
44458,2,2,Neutral-CoT,CT,R1,True
44475,1,2,Neutral-CoT,CT,R1,False
44479,2,2,Neutral-CoT,CT,R1,True
44628,1,1,Neutral-CoT,CT,R1,True
44682,1,1,Neutral-CoT,CT,R1,True
44812,2,2,Neutral-CoT,CT,R1,True
44833,1,1,Neutral-CoT,CT,R1,True
44841,1,1,Neutral-CoT,CT,R1,True
44887,2,2,Neutral-CoT,CT,R1,True
44967,1,1,Neutral-CoT,CT,R1,True
45012,2,2,Neutral-CoT,CT,R1,True
45024,1,1,Neutral-CoT,CT,R1,True
45075,2,2,Neutral-CoT,CT,R1,True
45117,2,2,Neutral-CoT,CT,R1,True
45137,2,2,Neutral-CoT,CT,R1,True
45175,2,2,Neutral-CoT,CT,R1,True
45184,1,1,Neutral-CoT,CT,R1,True
45190,1,1,Neutral-CoT,CT,R1,True
45199,1,1,Neutral-CoT,CT,R1,True
45289,1,1,Neutral-CoT,CT,R1,True
45337,1,1,Neutral-CoT,CT,R1,True
45340,2,2,Neutral-CoT,CT,R1,True
45390,2,2,Neutral-CoT,CT,R1,True
45470,2,2,Neutral-CoT,CT,R1,True
45492,1,1,Neutral-CoT,CT,R1,True
45529,2,2,Neutral-CoT,CT,R1,True
45544,2,2,Neutral-CoT,CT,R1,True
45784,1,1,Neutral-CoT,CT,R1,True
45800,2,2,Neutral-CoT,CT,R1,True
45811,2,2,Neutral-CoT,CT,R1,True
45837,1,1,Neutral-CoT,CT,R1,True
45857,2,2,Neutral-CoT,CT,R1,True
45893,2,2,Neutral-CoT,CT,R1,True
45938,2,2,Neutral-CoT,CT,R1,True
45983,2,2,Neutral-CoT,CT,R1,True
45985,1,1,Neutral-CoT,CT,R1,True
46026,2,2,Neutral-CoT,CT,R1,True
46132,1,1,Neutral-CoT,CT,R1,True
46147,1,1,Neutral-CoT,CT,R1,True
46160,1,1,Neutral-CoT,CT,R1,True
46218,2,1,Neutral-CoT,CT,R1,False
46346,1,1,Neutral-CoT,CT,R1,True
46372,2,2,Neutral-CoT,CT,R1,True
46555,2,2,Neutral-CoT,CT,R1,True
46569,2,2,Neutral-CoT,CT,R1,True
46595,2,2,Neutral-CoT,CT,R1,True
46674,1,1,Neutral-CoT,CT,R1,True
46707,2,2,Neutral-CoT,CT,R1,True
46710,2,2,Neutral-CoT,CT,R1,True
46751,2,2,Neutral-CoT,CT,R1,True
46756,1,1,Neutral-CoT,CT,R1,True
46758,2,2,Neutral-CoT,CT,R1,True
46810,2,2,Neutral-CoT,CT,R1,True
46859,2,2,Neutral-CoT,CT,R1,True
46880,1,1,Neutral-CoT,CT,R1,True
46894,2,2,Neutral-CoT,CT,R1,True
46969,2,2,Neutral-CoT,CT,R1,True
47024,1,2,Neutral-CoT,CT,R1,False
47060,2,2,Neutral-CoT,CT,R1,True
47065,1,1,Neutral-CoT,CT,R1,True
47097,1,1,Neutral-CoT,CT,R1,True
47139,2,2,Neutral-CoT,CT,R1,True
47169,2,2,Neutral-CoT,CT,R1,True
47174,2,2,Neutral-CoT,CT,R1,True
47216,2,2,Neutral-CoT,CT,R1,True
47246,2,2,Neutral-CoT,CT,R1,True
47249,2,2,Neutral-CoT,CT,R1,True
47362,1,1,Neutral-CoT,CT,R1,True
47371,1,1,Neutral-CoT,CT,R1,True
47560,1,1,Neutral-CoT,CT,R1,True
47619,2,2,Neutral-CoT,CT,R1,True
47865,2,2,Neutral-CoT,CT,R1,True
48180,2,2,Neutral-CoT,CT,R1,True
48182,1,1,Neutral-CoT,CT,R1,True
48217,2,2,Neutral-CoT,CT,R1,True
48246,1,1,Neutral-CoT,CT,R1,True
48295,2,2,Neutral-CoT,CT,R1,True
48329,1,1,Neutral-CoT,CT,R1,True
48352,1,1,Neutral-CoT,CT,R1,True
48355,2,2,Neutral-CoT,CT,R1,True
48359,1,1,Neutral-CoT,CT,R1,True
48434,1,2,Neutral-CoT,CT,R1,False
48441,2,2,Neutral-CoT,CT,R1,True
48449,2,2,Neutral-CoT,CT,R1,True
48506,2,2,Neutral-CoT,CT,R1,True
48538,1,2,Neutral-CoT,CT,R1,False
48541,1,1,Neutral-CoT,CT,R1,True
48562,2,2,Neutral-CoT,CT,R1,True
48563,2,2,Neutral-CoT,CT,R1,True
48587,1,1,Neutral-CoT,CT,R1,True
48607,2,2,Neutral-CoT,CT,R1,True
48618,1,1,Neutral-CoT,CT,R1,True
48728,1,1,Neutral-CoT,CT,R1,True
48859,2,2,Neutral-CoT,CT,R1,True
48898,1,1,Neutral-CoT,CT,R1,True
48976,2,2,Neutral-CoT,CT,R1,True
49004,1,1,Neutral-CoT,CT,R1,True
49029,1,1,Neutral-CoT,CT,R1,True
49047,1,1,Neutral-CoT,CT,R1,True
49052,1,1,Neutral-CoT,CT,R1,True
49095,1,1,Neutral-CoT,CT,R1,True
49132,1,1,Neutral-CoT,CT,R1,True
49146,1,1,Neutral-CoT,CT,R1,True
49168,1,2,Neutral-CoT,CT,R1,False
49189,1,1,Neutral-CoT,CT,R1,True
49213,1,1,Neutral-CoT,CT,R1,True
49228,1,1,Neutral-CoT,CT,R1,True
49239,1,1,Neutral-CoT,CT,R1,True
49242,2,2,Neutral-CoT,CT,R1,True
49325,1,1,Neutral-CoT,CT,R1,True
49400,2,2,Neutral-CoT,CT,R1,True
49460,1,1,Neutral-CoT,CT,R1,True
49700,1,1,Neutral-CoT,CT,R1,True
49737,1,1,Neutral-CoT,CT,R1,True
49765,2,2,Neutral-CoT,CT,R1,True
49777,1,2,Neutral-CoT,CT,R1,False
49804,2,2,Neutral-CoT,CT,R1,True
49855,2,2,Neutral-CoT,CT,R1,True
49870,2,2,Neutral-CoT,CT,R1,True
49943,2,2,Neutral-CoT,CT,R1,True
49950,2,2,Neutral-CoT,CT,R1,True
49959,2,2,Neutral-CoT,CT,R1,True
49971,1,1,Neutral-CoT,CT,R1,True
55,1,1,Neutral-CoT,CT,V3,True
107,2,2,Neutral-CoT,CT,V3,True
176,1,1,Neutral-CoT,CT,V3,True
257,1,1,Neutral-CoT,CT,V3,True
283,2,2,Neutral-CoT,CT,V3,True
284,2,2,Neutral-CoT,CT,V3,True
287,1,1,Neutral-CoT,CT,V3,True
310,2,2,Neutral-CoT,CT,V3,True
379,2,2,Neutral-CoT,CT,V3,True
393,2,2,Neutral-CoT,CT,V3,True
405,2,2,Neutral-CoT,CT,V3,True
423,1,2,Neutral-CoT,CT,V3,False
450,2,2,Neutral-CoT,CT,V3,True
504,2,2,Neutral-CoT,CT,V3,True
525,2,2,Neutral-CoT,CT,V3,True
545,1,1,Neutral-CoT,CT,V3,True
626,2,2,Neutral-CoT,CT,V3,True
715,2,2,Neutral-CoT,CT,V3,True
722,1,1,Neutral-CoT,CT,V3,True
793,2,2,Neutral-CoT,CT,V3,True
856,2,2,Neutral-CoT,CT,V3,True
893,2,2,Neutral-CoT,CT,V3,True
922,1,1,Neutral-CoT,CT,V3,True
1029,2,2,Neutral-CoT,CT,V3,True
1106,1,1,Neutral-CoT,CT,V3,True
1199,1,1,Neutral-CoT,CT,V3,True
1200,2,2,Neutral-CoT,CT,V3,True
1205,2,2,Neutral-CoT,CT,V3,True
1261,2,2,Neutral-CoT,CT,V3,True
1285,1,1,Neutral-CoT,CT,V3,True
1290,1,1,Neutral-CoT,CT,V3,True
1347,1,1,Neutral-CoT,CT,V3,True
1352,1,2,Neutral-CoT,CT,V3,False
1363,2,2,Neutral-CoT,CT,V3,True
1421,1,1,Neutral-CoT,CT,V3,True
1481,1,1,Neutral-CoT,CT,V3,True
1545,1,1,Neutral-CoT,CT,V3,True
1552,1,1,Neutral-CoT,CT,V3,True
1573,1,1,Neutral-CoT,CT,V3,True
1656,2,2,Neutral-CoT,CT,V3,True
1687,1,1,Neutral-CoT,CT,V3,True
1707,2,2,Neutral-CoT,CT,V3,True
1735,2,2,Neutral-CoT,CT,V3,True
1755,2,2,Neutral-CoT,CT,V3,True
1814,2,2,Neutral-CoT,CT,V3,True
1819,2,2,Neutral-CoT,CT,V3,True
1822,1,1,Neutral-CoT,CT,V3,True
1823,1,1,Neutral-CoT,CT,V3,True
1862,1,1,Neutral-CoT,CT,V3,True
2004,2,2,Neutral-CoT,CT,V3,True
2039,2,2,Neutral-CoT,CT,V3,True
2055,1,1,Neutral-CoT,CT,V3,True
2068,2,2,Neutral-CoT,CT,V3,True
2081,1,1,Neutral-CoT,CT,V3,True
2155,2,2,Neutral-CoT,CT,V3,True
2221,2,2,Neutral-CoT,CT,V3,True
2288,2,2,Neutral-CoT,CT,V3,True
2375,2,2,Neutral-CoT,CT,V3,True
2379,1,1,Neutral-CoT,CT,V3,True
2426,2,2,Neutral-CoT,CT,V3,True
2584,2,2,Neutral-CoT,CT,V3,True
2585,1,1,Neutral-CoT,CT,V3,True
2600,1,1,Neutral-CoT,CT,V3,True
2732,2,2,Neutral-CoT,CT,V3,True
2844,1,1,Neutral-CoT,CT,V3,True
2891,2,2,Neutral-CoT,CT,V3,True
2932,2,2,Neutral-CoT,CT,V3,True
2983,1,1,Neutral-CoT,CT,V3,True
3056,1,1,Neutral-CoT,CT,V3,True
3102,1,1,Neutral-CoT,CT,V3,True
3191,1,1,Neutral-CoT,CT,V3,True
3297,1,1,Neutral-CoT,CT,V3,True
3363,1,1,Neutral-CoT,CT,V3,True
3367,2,2,Neutral-CoT,CT,V3,True
3385,1,1,Neutral-CoT,CT,V3,True
3400,1,1,Neutral-CoT,CT,V3,True
3418,1,1,Neutral-CoT,CT,V3,True
3429,2,2,Neutral-CoT,CT,V3,True
3440,1,1,Neutral-CoT,CT,V3,True
3524,1,1,Neutral-CoT,CT,V3,True
3567,1,1,Neutral-CoT,CT,V3,True
3631,2,2,Neutral-CoT,CT,V3,True
3811,2,1,Neutral-CoT,CT,V3,False
3824,1,1,Neutral-CoT,CT,V3,True
3839,1,1,Neutral-CoT,CT,V3,True
3867,1,1,Neutral-CoT,CT,V3,True
3868,1,1,Neutral-CoT,CT,V3,True
3929,2,2,Neutral-CoT,CT,V3,True
3971,2,2,Neutral-CoT,CT,V3,True
3979,2,2,Neutral-CoT,CT,V3,True
4011,2,2,Neutral-CoT,CT,V3,True
4017,1,1,Neutral-CoT,CT,V3,True
4066,2,2,Neutral-CoT,CT,V3,True
4087,2,2,Neutral-CoT,CT,V3,True
4153,2,2,Neutral-CoT,CT,V3,True
4182,2,2,Neutral-CoT,CT,V3,True
4187,1,1,Neutral-CoT,CT,V3,True
4207,1,1,Neutral-CoT,CT,V3,True
4211,1,1,Neutral-CoT,CT,V3,True
4303,1,1,Neutral-CoT,CT,V3,True
4314,1,1,Neutral-CoT,CT,V3,True
4339,2,2,Neutral-CoT,CT,V3,True
4348,2,2,Neutral-CoT,CT,V3,True
4447,1,1,Neutral-CoT,CT,V3,True
4462,1,1,Neutral-CoT,CT,V3,True
4591,1,1,Neutral-CoT,CT,V3,True
4624,2,2,Neutral-CoT,CT,V3,True
4651,2,2,Neutral-CoT,CT,V3,True
4652,1,1,Neutral-CoT,CT,V3,True
4663,1,1,Neutral-CoT,CT,V3,True
4706,2,2,Neutral-CoT,CT,V3,True
4716,1,1,Neutral-CoT,CT,V3,True
4744,2,2,Neutral-CoT,CT,V3,True
4767,1,1,Neutral-CoT,CT,V3,True
4795,1,1,Neutral-CoT,CT,V3,True
4812,2,2,Neutral-CoT,CT,V3,True
4827,2,2,Neutral-CoT,CT,V3,True
4829,2,2,Neutral-CoT,CT,V3,True
4851,2,2,Neutral-CoT,CT,V3,True
4856,2,2,Neutral-CoT,CT,V3,True
4865,2,2,Neutral-CoT,CT,V3,True
4871,1,1,Neutral-CoT,CT,V3,True
4927,2,2,Neutral-CoT,CT,V3,True
4937,1,1,Neutral-CoT,CT,V3,True
5009,1,1,Neutral-CoT,CT,V3,True
5024,1,1,Neutral-CoT,CT,V3,True
5070,1,1,Neutral-CoT,CT,V3,True
5086,2,2,Neutral-CoT,CT,V3,True
5119,1,1,Neutral-CoT,CT,V3,True
5120,2,2,Neutral-CoT,CT,V3,True
5406,1,1,Neutral-CoT,CT,V3,True
5424,2,2,Neutral-CoT,CT,V3,True
5475,1,1,Neutral-CoT,CT,V3,True
5499,1,1,Neutral-CoT,CT,V3,True
5570,1,1,Neutral-CoT,CT,V3,True
5586,2,1,Neutral-CoT,CT,V3,False
5619,2,2,Neutral-CoT,CT,V3,True
5651,1,1,Neutral-CoT,CT,V3,True
5797,2,2,Neutral-CoT,CT,V3,True
5824,2,2,Neutral-CoT,CT,V3,True
5829,1,1,Neutral-CoT,CT,V3,True
5906,2,2,Neutral-CoT,CT,V3,True
5938,2,1,Neutral-CoT,CT,V3,False
5957,2,2,Neutral-CoT,CT,V3,True
5998,2,2,Neutral-CoT,CT,V3,True
6010,2,2,Neutral-CoT,CT,V3,True
6059,2,2,Neutral-CoT,CT,V3,True
6111,1,1,Neutral-CoT,CT,V3,True
6137,1,1,Neutral-CoT,CT,V3,True
6156,1,1,Neutral-CoT,CT,V3,True
6252,1,1,Neutral-CoT,CT,V3,True
6253,2,2,Neutral-CoT,CT,V3,True
6255,2,2,Neutral-CoT,CT,V3,True
6295,1,1,Neutral-CoT,CT,V3,True
6347,1,1,Neutral-CoT,CT,V3,True
6374,1,1,Neutral-CoT,CT,V3,True
6452,1,1,Neutral-CoT,CT,V3,True
6465,1,1,Neutral-CoT,CT,V3,True
6484,2,2,Neutral-CoT,CT,V3,True
6519,2,2,Neutral-CoT,CT,V3,True
6527,2,2,Neutral-CoT,CT,V3,True
6595,1,1,Neutral-CoT,CT,V3,True
6631,1,1,Neutral-CoT,CT,V3,True
6715,2,2,Neutral-CoT,CT,V3,True
6728,1,1,Neutral-CoT,CT,V3,True
6756,2,2,Neutral-CoT,CT,V3,True
6812,1,1,Neutral-CoT,CT,V3,True
6824,1,1,Neutral-CoT,CT,V3,True
6826,1,1,Neutral-CoT,CT,V3,True
6842,1,1,Neutral-CoT,CT,V3,True
6867,1,1,Neutral-CoT,CT,V3,True
6868,1,2,Neutral-CoT,CT,V3,False
6899,2,2,Neutral-CoT,CT,V3,True
6965,2,2,Neutral-CoT,CT,V3,True
6977,2,2,Neutral-CoT,CT,V3,True
6991,1,1,Neutral-CoT,CT,V3,True
7001,2,2,Neutral-CoT,CT,V3,True
7004,1,1,Neutral-CoT,CT,V3,True
7070,2,2,Neutral-CoT,CT,V3,True
7096,1,1,Neutral-CoT,CT,V3,True
7099,1,1,Neutral-CoT,CT,V3,True
7194,2,2,Neutral-CoT,CT,V3,True
7220,2,2,Neutral-CoT,CT,V3,True
7235,2,2,Neutral-CoT,CT,V3,True
7313,2,2,Neutral-CoT,CT,V3,True
7387,1,1,Neutral-CoT,CT,V3,True
7407,1,1,Neutral-CoT,CT,V3,True
7430,2,2,Neutral-CoT,CT,V3,True
7439,1,1,Neutral-CoT,CT,V3,True
7451,2,2,Neutral-CoT,CT,V3,True
7498,2,2,Neutral-CoT,CT,V3,True
7550,1,1,Neutral-CoT,CT,V3,True
7553,2,2,Neutral-CoT,CT,V3,True
7555,1,1,Neutral-CoT,CT,V3,True
7581,2,2,Neutral-CoT,CT,V3,True
7599,2,2,Neutral-CoT,CT,V3,True
7654,1,1,Neutral-CoT,CT,V3,True
7687,1,1,Neutral-CoT,CT,V3,True
7723,1,1,Neutral-CoT,CT,V3,True
7832,2,2,Neutral-CoT,CT,V3,True
7887,1,1,Neutral-CoT,CT,V3,True
7894,1,1,Neutral-CoT,CT,V3,True
7915,2,2,Neutral-CoT,CT,V3,True
7966,1,1,Neutral-CoT,CT,V3,True
8015,2,2,Neutral-CoT,CT,V3,True
8033,1,1,Neutral-CoT,CT,V3,True
8139,1,1,Neutral-CoT,CT,V3,True
8217,2,2,Neutral-CoT,CT,V3,True
8268,1,1,Neutral-CoT,CT,V3,True
8339,1,1,Neutral-CoT,CT,V3,True
8366,2,2,Neutral-CoT,CT,V3,True
8444,1,1,Neutral-CoT,CT,V3,True
8580,2,2,Neutral-CoT,CT,V3,True
8614,1,1,Neutral-CoT,CT,V3,True
8630,2,2,Neutral-CoT,CT,V3,True
8672,1,1,Neutral-CoT,CT,V3,True
8800,1,1,Neutral-CoT,CT,V3,True
8902,2,2,Neutral-CoT,CT,V3,True
8923,2,2,Neutral-CoT,CT,V3,True
8948,1,1,Neutral-CoT,CT,V3,True
8993,1,1,Neutral-CoT,CT,V3,True
9004,1,1,Neutral-CoT,CT,V3,True
9089,2,2,Neutral-CoT,CT,V3,True
9102,1,2,Neutral-CoT,CT,V3,False
9120,1,2,Neutral-CoT,CT,V3,False
9134,2,2,Neutral-CoT,CT,V3,True
9246,2,2,Neutral-CoT,CT,V3,True
9268,1,1,Neutral-CoT,CT,V3,True
9325,1,1,Neutral-CoT,CT,V3,True
9349,2,2,Neutral-CoT,CT,V3,True
9357,2,2,Neutral-CoT,CT,V3,True
9417,1,1,Neutral-CoT,CT,V3,True
9459,1,1,Neutral-CoT,CT,V3,True
9465,1,1,Neutral-CoT,CT,V3,True
9469,2,2,Neutral-CoT,CT,V3,True
9485,1,2,Neutral-CoT,CT,V3,False
9544,2,1,Neutral-CoT,CT,V3,False
9595,1,1,Neutral-CoT,CT,V3,True
9632,2,2,Neutral-CoT,CT,V3,True
9635,2,2,Neutral-CoT,CT,V3,True
9677,2,2,Neutral-CoT,CT,V3,True
9715,1,1,Neutral-CoT,CT,V3,True
9724,2,2,Neutral-CoT,CT,V3,True
9774,2,2,Neutral-CoT,CT,V3,True
9796,1,1,Neutral-CoT,CT,V3,True
9892,2,2,Neutral-CoT,CT,V3,True
9899,1,1,Neutral-CoT,CT,V3,True
9934,1,1,Neutral-CoT,CT,V3,True
9987,1,1,Neutral-CoT,CT,V3,True
10022,1,1,Neutral-CoT,CT,V3,True
10156,1,1,Neutral-CoT,CT,V3,True
10163,1,1,Neutral-CoT,CT,V3,True
10174,1,1,Neutral-CoT,CT,V3,True
10187,1,1,Neutral-CoT,CT,V3,True
10189,2,2,Neutral-CoT,CT,V3,True
10210,1,1,Neutral-CoT,CT,V3,True
10328,1,1,Neutral-CoT,CT,V3,True
10330,2,2,Neutral-CoT,CT,V3,True
10375,1,1,Neutral-CoT,CT,V3,True
10400,1,1,Neutral-CoT,CT,V3,True
10423,2,2,Neutral-CoT,CT,V3,True
10434,1,1,Neutral-CoT,CT,V3,True
10450,2,2,Neutral-CoT,CT,V3,True
10566,2,2,Neutral-CoT,CT,V3,True
10610,2,2,Neutral-CoT,CT,V3,True
10621,1,1,Neutral-CoT,CT,V3,True
10626,2,2,Neutral-CoT,CT,V3,True
10634,2,2,Neutral-CoT,CT,V3,True
10771,2,2,Neutral-CoT,CT,V3,True
10910,2,2,Neutral-CoT,CT,V3,True
10954,2,2,Neutral-CoT,CT,V3,True
10978,1,1,Neutral-CoT,CT,V3,True
11102,1,1,Neutral-CoT,CT,V3,True
11120,2,2,Neutral-CoT,CT,V3,True
11132,1,1,Neutral-CoT,CT,V3,True
11189,2,2,Neutral-CoT,CT,V3,True
11241,2,2,Neutral-CoT,CT,V3,True
11283,2,2,Neutral-CoT,CT,V3,True
11511,2,2,Neutral-CoT,CT,V3,True
11523,2,2,Neutral-CoT,CT,V3,True
11525,1,1,Neutral-CoT,CT,V3,True
11553,1,1,Neutral-CoT,CT,V3,True
11596,1,1,Neutral-CoT,CT,V3,True
11617,2,2,Neutral-CoT,CT,V3,True
11630,1,1,Neutral-CoT,CT,V3,True
11742,2,2,Neutral-CoT,CT,V3,True
11786,1,1,Neutral-CoT,CT,V3,True
11850,2,2,Neutral-CoT,CT,V3,True
11870,1,1,Neutral-CoT,CT,V3,True
11874,1,1,Neutral-CoT,CT,V3,True
11930,1,1,Neutral-CoT,CT,V3,True
11935,2,2,Neutral-CoT,CT,V3,True
11967,1,1,Neutral-CoT,CT,V3,True
12012,2,2,Neutral-CoT,CT,V3,True
12074,1,1,Neutral-CoT,CT,V3,True
12151,1,1,Neutral-CoT,CT,V3,True
12153,1,1,Neutral-CoT,CT,V3,True
12271,2,2,Neutral-CoT,CT,V3,True
12285,1,1,Neutral-CoT,CT,V3,True
12301,1,1,Neutral-CoT,CT,V3,True
12323,1,1,Neutral-CoT,CT,V3,True
12429,2,2,Neutral-CoT,CT,V3,True
12472,2,2,Neutral-CoT,CT,V3,True
12486,2,2,Neutral-CoT,CT,V3,True
12494,1,1,Neutral-CoT,CT,V3,True
12645,1,1,Neutral-CoT,CT,V3,True
12732,1,1,Neutral-CoT,CT,V3,True
12798,2,2,Neutral-CoT,CT,V3,True
12830,2,2,Neutral-CoT,CT,V3,True
12860,2,2,Neutral-CoT,CT,V3,True
12896,1,1,Neutral-CoT,CT,V3,True
12903,1,1,Neutral-CoT,CT,V3,True
12926,2,2,Neutral-CoT,CT,V3,True
12936,2,2,Neutral-CoT,CT,V3,True
12948,2,2,Neutral-CoT,CT,V3,True
12975,2,2,Neutral-CoT,CT,V3,True
12998,1,2,Neutral-CoT,CT,V3,False
13035,1,1,Neutral-CoT,CT,V3,True
13050,2,2,Neutral-CoT,CT,V3,True
13061,1,1,Neutral-CoT,CT,V3,True
13113,2,2,Neutral-CoT,CT,V3,True
13137,2,2,Neutral-CoT,CT,V3,True
13200,1,1,Neutral-CoT,CT,V3,True
13227,2,2,Neutral-CoT,CT,V3,True
13319,1,1,Neutral-CoT,CT,V3,True
13334,1,1,Neutral-CoT,CT,V3,True
13384,1,1,Neutral-CoT,CT,V3,True
13400,2,2,Neutral-CoT,CT,V3,True
13447,2,2,Neutral-CoT,CT,V3,True
13469,2,2,Neutral-CoT,CT,V3,True
13484,2,2,Neutral-CoT,CT,V3,True
13518,2,2,Neutral-CoT,CT,V3,True
13562,1,2,Neutral-CoT,CT,V3,False
13726,2,2,Neutral-CoT,CT,V3,True
13785,1,1,Neutral-CoT,CT,V3,True
13843,2,2,Neutral-CoT,CT,V3,True
13864,2,2,Neutral-CoT,CT,V3,True
13874,1,1,Neutral-CoT,CT,V3,True
13920,1,2,Neutral-CoT,CT,V3,False
14011,2,2,Neutral-CoT,CT,V3,True
14047,2,2,Neutral-CoT,CT,V3,True
14055,2,2,Neutral-CoT,CT,V3,True
14074,2,2,Neutral-CoT,CT,V3,True
14137,2,2,Neutral-CoT,CT,V3,True
14139,2,2,Neutral-CoT,CT,V3,True
14224,1,2,Neutral-CoT,CT,V3,False
14259,1,1,Neutral-CoT,CT,V3,True
14300,2,2,Neutral-CoT,CT,V3,True
14325,1,1,Neutral-CoT,CT,V3,True
14408,1,1,Neutral-CoT,CT,V3,True
14410,1,1,Neutral-CoT,CT,V3,True
14469,1,1,Neutral-CoT,CT,V3,True
14488,1,1,Neutral-CoT,CT,V3,True
14532,2,2,Neutral-CoT,CT,V3,True
14550,2,2,Neutral-CoT,CT,V3,True
14557,1,1,Neutral-CoT,CT,V3,True
14581,2,2,Neutral-CoT,CT,V3,True
14617,2,2,Neutral-CoT,CT,V3,True
14759,2,2,Neutral-CoT,CT,V3,True
14793,1,1,Neutral-CoT,CT,V3,True
14796,2,2,Neutral-CoT,CT,V3,True
14845,2,2,Neutral-CoT,CT,V3,True
14858,2,2,Neutral-CoT,CT,V3,True
14868,1,1,Neutral-CoT,CT,V3,True
14900,1,1,Neutral-CoT,CT,V3,True
14932,2,2,Neutral-CoT,CT,V3,True
14970,2,2,Neutral-CoT,CT,V3,True
14988,2,2,Neutral-CoT,CT,V3,True
15035,1,1,Neutral-CoT,CT,V3,True
15066,2,2,Neutral-CoT,CT,V3,True
15131,1,1,Neutral-CoT,CT,V3,True
15133,2,2,Neutral-CoT,CT,V3,True
15176,2,2,Neutral-CoT,CT,V3,True
15189,1,1,Neutral-CoT,CT,V3,True
15254,1,1,Neutral-CoT,CT,V3,True
15290,1,1,Neutral-CoT,CT,V3,True
15363,2,2,Neutral-CoT,CT,V3,True
15535,2,2,Neutral-CoT,CT,V3,True
15538,1,2,Neutral-CoT,CT,V3,False
15555,1,1,Neutral-CoT,CT,V3,True
15614,2,2,Neutral-CoT,CT,V3,True
15620,2,2,Neutral-CoT,CT,V3,True
15693,1,1,Neutral-CoT,CT,V3,True
15735,1,1,Neutral-CoT,CT,V3,True
15770,1,1,Neutral-CoT,CT,V3,True
15810,2,2,Neutral-CoT,CT,V3,True
15883,1,1,Neutral-CoT,CT,V3,True
16114,1,1,Neutral-CoT,CT,V3,True
16120,1,1,Neutral-CoT,CT,V3,True
16170,2,2,Neutral-CoT,CT,V3,True
16174,1,1,Neutral-CoT,CT,V3,True
16212,2,2,Neutral-CoT,CT,V3,True
16213,1,1,Neutral-CoT,CT,V3,True
16230,1,1,Neutral-CoT,CT,V3,True
16264,1,1,Neutral-CoT,CT,V3,True
16339,1,1,Neutral-CoT,CT,V3,True
16355,2,2,Neutral-CoT,CT,V3,True
16386,1,2,Neutral-CoT,CT,V3,False
16398,1,1,Neutral-CoT,CT,V3,True
16457,2,2,Neutral-CoT,CT,V3,True
16521,2,2,Neutral-CoT,CT,V3,True
16572,1,1,Neutral-CoT,CT,V3,True
16600,1,1,Neutral-CoT,CT,V3,True
16614,1,1,Neutral-CoT,CT,V3,True
16642,1,1,Neutral-CoT,CT,V3,True
16731,1,1,Neutral-CoT,CT,V3,True
16801,2,2,Neutral-CoT,CT,V3,True
16845,1,1,Neutral-CoT,CT,V3,True
16858,2,2,Neutral-CoT,CT,V3,True
16891,1,1,Neutral-CoT,CT,V3,True
16977,1,1,Neutral-CoT,CT,V3,True
17002,2,2,Neutral-CoT,CT,V3,True
17048,1,1,Neutral-CoT,CT,V3,True
17079,2,2,Neutral-CoT,CT,V3,True
17082,2,1,Neutral-CoT,CT,V3,False
17121,2,2,Neutral-CoT,CT,V3,True
17165,1,2,Neutral-CoT,CT,V3,False
17212,1,1,Neutral-CoT,CT,V3,True
17227,1,1,Neutral-CoT,CT,V3,True
17241,2,2,Neutral-CoT,CT,V3,True
17280,2,2,Neutral-CoT,CT,V3,True
17355,2,2,Neutral-CoT,CT,V3,True
17361,1,1,Neutral-CoT,CT,V3,True
17364,2,2,Neutral-CoT,CT,V3,True
17386,2,2,Neutral-CoT,CT,V3,True
17423,2,2,Neutral-CoT,CT,V3,True
17455,1,1,Neutral-CoT,CT,V3,True
17468,1,1,Neutral-CoT,CT,V3,True
17475,1,1,Neutral-CoT,CT,V3,True
17553,1,1,Neutral-CoT,CT,V3,True
17693,1,1,Neutral-CoT,CT,V3,True
17744,2,2,Neutral-CoT,CT,V3,True
17746,2,2,Neutral-CoT,CT,V3,True
17792,1,1,Neutral-CoT,CT,V3,True
17806,2,2,Neutral-CoT,CT,V3,True
17841,2,2,Neutral-CoT,CT,V3,True
17877,1,1,Neutral-CoT,CT,V3,True
17885,2,2,Neutral-CoT,CT,V3,True
17929,1,2,Neutral-CoT,CT,V3,False
17963,2,2,Neutral-CoT,CT,V3,True
18290,1,1,Neutral-CoT,CT,V3,True
18337,1,1,Neutral-CoT,CT,V3,True
18550,2,2,Neutral-CoT,CT,V3,True
18553,2,2,Neutral-CoT,CT,V3,True
18613,2,2,Neutral-CoT,CT,V3,True
18630,2,2,Neutral-CoT,CT,V3,True
18631,1,1,Neutral-CoT,CT,V3,True
18643,1,1,Neutral-CoT,CT,V3,True
18652,1,1,Neutral-CoT,CT,V3,True
18656,2,2,Neutral-CoT,CT,V3,True
18670,1,1,Neutral-CoT,CT,V3,True
18805,2,2,Neutral-CoT,CT,V3,True
18806,1,1,Neutral-CoT,CT,V3,True
18820,1,1,Neutral-CoT,CT,V3,True
18839,2,2,Neutral-CoT,CT,V3,True
18874,1,1,Neutral-CoT,CT,V3,True
18886,1,1,Neutral-CoT,CT,V3,True
18935,1,1,Neutral-CoT,CT,V3,True
18961,2,2,Neutral-CoT,CT,V3,True
18970,1,2,Neutral-CoT,CT,V3,False
18998,2,2,Neutral-CoT,CT,V3,True
19036,2,2,Neutral-CoT,CT,V3,True
19045,2,2,Neutral-CoT,CT,V3,True
19164,1,1,Neutral-CoT,CT,V3,True
19267,2,2,Neutral-CoT,CT,V3,True
19295,1,1,Neutral-CoT,CT,V3,True
19331,2,2,Neutral-CoT,CT,V3,True
19341,1,1,Neutral-CoT,CT,V3,True
19383,1,1,Neutral-CoT,CT,V3,True
19385,2,2,Neutral-CoT,CT,V3,True
19395,2,2,Neutral-CoT,CT,V3,True
19486,2,2,Neutral-CoT,CT,V3,True
19496,2,2,Neutral-CoT,CT,V3,True
19519,2,2,Neutral-CoT,CT,V3,True
19532,1,1,Neutral-CoT,CT,V3,True
19538,1,1,Neutral-CoT,CT,V3,True
19593,2,2,Neutral-CoT,CT,V3,True
19599,1,1,Neutral-CoT,CT,V3,True
19643,1,1,Neutral-CoT,CT,V3,True
19686,1,1,Neutral-CoT,CT,V3,True
19738,1,1,Neutral-CoT,CT,V3,True
19794,1,1,Neutral-CoT,CT,V3,True
19811,2,1,Neutral-CoT,CT,V3,False
19826,2,2,Neutral-CoT,CT,V3,True
19830,2,2,Neutral-CoT,CT,V3,True
19839,2,2,Neutral-CoT,CT,V3,True
19854,2,2,Neutral-CoT,CT,V3,True
19900,2,2,Neutral-CoT,CT,V3,True
19915,1,1,Neutral-CoT,CT,V3,True
19967,1,1,Neutral-CoT,CT,V3,True
19968,2,2,Neutral-CoT,CT,V3,True
20031,1,1,Neutral-CoT,CT,V3,True
20132,2,2,Neutral-CoT,CT,V3,True
20184,1,1,Neutral-CoT,CT,V3,True
20195,1,1,Neutral-CoT,CT,V3,True
20299,2,2,Neutral-CoT,CT,V3,True
20380,2,2,Neutral-CoT,CT,V3,True
20420,1,1,Neutral-CoT,CT,V3,True
20422,1,1,Neutral-CoT,CT,V3,True
20431,1,1,Neutral-CoT,CT,V3,True
20443,1,1,Neutral-CoT,CT,V3,True
20446,2,2,Neutral-CoT,CT,V3,True
20465,1,1,Neutral-CoT,CT,V3,True
20467,1,1,Neutral-CoT,CT,V3,True
20504,2,2,Neutral-CoT,CT,V3,True
20528,1,1,Neutral-CoT,CT,V3,True
20542,1,1,Neutral-CoT,CT,V3,True
20609,1,1,Neutral-CoT,CT,V3,True
20666,1,1,Neutral-CoT,CT,V3,True
20677,1,1,Neutral-CoT,CT,V3,True
20685,2,2,Neutral-CoT,CT,V3,True
20716,2,2,Neutral-CoT,CT,V3,True
20717,1,2,Neutral-CoT,CT,V3,False
20839,2,2,Neutral-CoT,CT,V3,True
20853,1,1,Neutral-CoT,CT,V3,True
20869,2,2,Neutral-CoT,CT,V3,True
20890,2,2,Neutral-CoT,CT,V3,True
20895,1,1,Neutral-CoT,CT,V3,True
20964,1,1,Neutral-CoT,CT,V3,True
20971,2,2,Neutral-CoT,CT,V3,True
21016,1,1,Neutral-CoT,CT,V3,True
21051,2,2,Neutral-CoT,CT,V3,True
21067,1,2,Neutral-CoT,CT,V3,False
21074,1,1,Neutral-CoT,CT,V3,True
21098,2,2,Neutral-CoT,CT,V3,True
21130,2,2,Neutral-CoT,CT,V3,True
21158,1,1,Neutral-CoT,CT,V3,True
21165,1,1,Neutral-CoT,CT,V3,True
21167,1,1,Neutral-CoT,CT,V3,True
21173,1,1,Neutral-CoT,CT,V3,True
21180,2,2,Neutral-CoT,CT,V3,True
21203,2,2,Neutral-CoT,CT,V3,True
21210,1,1,Neutral-CoT,CT,V3,True
21399,1,1,Neutral-CoT,CT,V3,True
21509,2,2,Neutral-CoT,CT,V3,True
21544,2,2,Neutral-CoT,CT,V3,True
21598,2,2,Neutral-CoT,CT,V3,True
21599,1,1,Neutral-CoT,CT,V3,True
21606,2,2,Neutral-CoT,CT,V3,True
21608,2,1,Neutral-CoT,CT,V3,False
21629,1,1,Neutral-CoT,CT,V3,True
21630,2,1,Neutral-CoT,CT,V3,False
21666,2,2,Neutral-CoT,CT,V3,True
21691,1,1,Neutral-CoT,CT,V3,True
21847,2,2,Neutral-CoT,CT,V3,True
21910,1,2,Neutral-CoT,CT,V3,False
21961,1,2,Neutral-CoT,CT,V3,False
21976,1,1,Neutral-CoT,CT,V3,True
21987,2,2,Neutral-CoT,CT,V3,True
22043,2,2,Neutral-CoT,CT,V3,True
22052,1,1,Neutral-CoT,CT,V3,True
22065,1,1,Neutral-CoT,CT,V3,True
22066,2,2,Neutral-CoT,CT,V3,True
22126,2,2,Neutral-CoT,CT,V3,True
22166,2,2,Neutral-CoT,CT,V3,True
22184,2,2,Neutral-CoT,CT,V3,True
22194,2,2,Neutral-CoT,CT,V3,True
22266,1,1,Neutral-CoT,CT,V3,True
22356,2,2,Neutral-CoT,CT,V3,True
22467,2,2,Neutral-CoT,CT,V3,True
22679,1,1,Neutral-CoT,CT,V3,True
22707,2,2,Neutral-CoT,CT,V3,True
22767,2,2,Neutral-CoT,CT,V3,True
22770,1,1,Neutral-CoT,CT,V3,True
22814,1,1,Neutral-CoT,CT,V3,True
22819,2,2,Neutral-CoT,CT,V3,True
22849,2,2,Neutral-CoT,CT,V3,True
22966,2,2,Neutral-CoT,CT,V3,True
23023,1,1,Neutral-CoT,CT,V3,True
23052,1,1,Neutral-CoT,CT,V3,True
23089,1,1,Neutral-CoT,CT,V3,True
23103,2,2,Neutral-CoT,CT,V3,True
23104,2,2,Neutral-CoT,CT,V3,True
23128,1,1,Neutral-CoT,CT,V3,True
23200,1,1,Neutral-CoT,CT,V3,True
23322,1,1,Neutral-CoT,CT,V3,True
23323,1,1,Neutral-CoT,CT,V3,True
23415,2,1,Neutral-CoT,CT,V3,False
23440,2,2,Neutral-CoT,CT,V3,True
23453,2,2,Neutral-CoT,CT,V3,True
23505,1,1,Neutral-CoT,CT,V3,True
23514,2,2,Neutral-CoT,CT,V3,True
23524,1,1,Neutral-CoT,CT,V3,True
23530,2,2,Neutral-CoT,CT,V3,True
23574,1,1,Neutral-CoT,CT,V3,True
23584,1,1,Neutral-CoT,CT,V3,True
23605,1,1,Neutral-CoT,CT,V3,True
23620,2,2,Neutral-CoT,CT,V3,True
23648,2,2,Neutral-CoT,CT,V3,True
23699,2,2,Neutral-CoT,CT,V3,True
23713,2,2,Neutral-CoT,CT,V3,True
23779,1,1,Neutral-CoT,CT,V3,True
23871,1,1,Neutral-CoT,CT,V3,True
23873,1,1,Neutral-CoT,CT,V3,True
23901,1,1,Neutral-CoT,CT,V3,True
24026,1,2,Neutral-CoT,CT,V3,False
24163,1,1,Neutral-CoT,CT,V3,True
24174,2,2,Neutral-CoT,CT,V3,True
24223,1,1,Neutral-CoT,CT,V3,True
24260,2,2,Neutral-CoT,CT,V3,True
24291,2,2,Neutral-CoT,CT,V3,True
24304,1,1,Neutral-CoT,CT,V3,True
24334,2,2,Neutral-CoT,CT,V3,True
24405,2,2,Neutral-CoT,CT,V3,True
24408,1,1,Neutral-CoT,CT,V3,True
24500,2,2,Neutral-CoT,CT,V3,True
24502,2,2,Neutral-CoT,CT,V3,True
24541,2,2,Neutral-CoT,CT,V3,True
24573,1,1,Neutral-CoT,CT,V3,True
24577,1,1,Neutral-CoT,CT,V3,True
24637,2,2,Neutral-CoT,CT,V3,True
24673,2,2,Neutral-CoT,CT,V3,True
24706,1,1,Neutral-CoT,CT,V3,True
24740,2,2,Neutral-CoT,CT,V3,True
24774,2,2,Neutral-CoT,CT,V3,True
24836,1,1,Neutral-CoT,CT,V3,True
24871,1,2,Neutral-CoT,CT,V3,False
24902,2,2,Neutral-CoT,CT,V3,True
24959,2,2,Neutral-CoT,CT,V3,True
24975,1,1,Neutral-CoT,CT,V3,True
24995,1,1,Neutral-CoT,CT,V3,True
25038,1,1,Neutral-CoT,CT,V3,True
25109,2,2,Neutral-CoT,CT,V3,True
25137,1,1,Neutral-CoT,CT,V3,True
25155,1,1,Neutral-CoT,CT,V3,True
25239,2,2,Neutral-CoT,CT,V3,True
25270,1,1,Neutral-CoT,CT,V3,True
25302,2,2,Neutral-CoT,CT,V3,True
25337,1,1,Neutral-CoT,CT,V3,True
25348,1,1,Neutral-CoT,CT,V3,True
25369,2,2,Neutral-CoT,CT,V3,True
25416,1,1,Neutral-CoT,CT,V3,True
25435,1,1,Neutral-CoT,CT,V3,True
25447,1,1,Neutral-CoT,CT,V3,True
25471,2,2,Neutral-CoT,CT,V3,True
25523,2,2,Neutral-CoT,CT,V3,True
25591,1,1,Neutral-CoT,CT,V3,True
25650,1,1,Neutral-CoT,CT,V3,True
25690,1,1,Neutral-CoT,CT,V3,True
25698,2,1,Neutral-CoT,CT,V3,False
25856,1,1,Neutral-CoT,CT,V3,True
25868,1,1,Neutral-CoT,CT,V3,True
25990,2,2,Neutral-CoT,CT,V3,True
26032,1,1,Neutral-CoT,CT,V3,True
26129,2,2,Neutral-CoT,CT,V3,True
26161,1,1,Neutral-CoT,CT,V3,True
26211,2,2,Neutral-CoT,CT,V3,True
26287,2,2,Neutral-CoT,CT,V3,True
26292,1,1,Neutral-CoT,CT,V3,True
26302,1,1,Neutral-CoT,CT,V3,True
26321,2,2,Neutral-CoT,CT,V3,True
26337,1,1,Neutral-CoT,CT,V3,True
26345,1,2,Neutral-CoT,CT,V3,False
26480,2,2,Neutral-CoT,CT,V3,True
26492,2,2,Neutral-CoT,CT,V3,True
26528,1,1,Neutral-CoT,CT,V3,True
26546,1,1,Neutral-CoT,CT,V3,True
26556,1,1,Neutral-CoT,CT,V3,True
26575,2,2,Neutral-CoT,CT,V3,True
26678,2,2,Neutral-CoT,CT,V3,True
26714,2,2,Neutral-CoT,CT,V3,True
26831,1,1,Neutral-CoT,CT,V3,True
26878,2,2,Neutral-CoT,CT,V3,True
26995,1,1,Neutral-CoT,CT,V3,True
27029,1,1,Neutral-CoT,CT,V3,True
27088,1,1,Neutral-CoT,CT,V3,True
27101,1,1,Neutral-CoT,CT,V3,True
27395,2,2,Neutral-CoT,CT,V3,True
27431,2,2,Neutral-CoT,CT,V3,True
27497,1,1,Neutral-CoT,CT,V3,True
27524,2,2,Neutral-CoT,CT,V3,True
27558,2,2,Neutral-CoT,CT,V3,True
27668,2,2,Neutral-CoT,CT,V3,True
27688,2,2,Neutral-CoT,CT,V3,True
27740,2,2,Neutral-CoT,CT,V3,True
27828,2,2,Neutral-CoT,CT,V3,True
27904,2,2,Neutral-CoT,CT,V3,True
27910,2,2,Neutral-CoT,CT,V3,True
27911,2,2,Neutral-CoT,CT,V3,True
28011,2,2,Neutral-CoT,CT,V3,True
28019,1,1,Neutral-CoT,CT,V3,True
28051,2,2,Neutral-CoT,CT,V3,True
28057,1,2,Neutral-CoT,CT,V3,False
28067,2,2,Neutral-CoT,CT,V3,True
28114,2,2,Neutral-CoT,CT,V3,True
28222,2,2,Neutral-CoT,CT,V3,True
28262,2,2,Neutral-CoT,CT,V3,True
28271,1,1,Neutral-CoT,CT,V3,True
28341,1,1,Neutral-CoT,CT,V3,True
28365,2,2,Neutral-CoT,CT,V3,True
28463,2,2,Neutral-CoT,CT,V3,True
28490,2,1,Neutral-CoT,CT,V3,False
28550,2,2,Neutral-CoT,CT,V3,True
28574,2,2,Neutral-CoT,CT,V3,True
28656,2,2,Neutral-CoT,CT,V3,True
28674,2,2,Neutral-CoT,CT,V3,True
28728,1,1,Neutral-CoT,CT,V3,True
28789,2,2,Neutral-CoT,CT,V3,True
28822,2,2,Neutral-CoT,CT,V3,True
28963,1,1,Neutral-CoT,CT,V3,True
29070,2,2,Neutral-CoT,CT,V3,True
29105,2,2,Neutral-CoT,CT,V3,True
29132,1,1,Neutral-CoT,CT,V3,True
29144,1,1,Neutral-CoT,CT,V3,True
29184,2,1,Neutral-CoT,CT,V3,False
29243,2,2,Neutral-CoT,CT,V3,True
29385,1,1,Neutral-CoT,CT,V3,True
29417,2,2,Neutral-CoT,CT,V3,True
29454,2,2,Neutral-CoT,CT,V3,True
29465,1,2,Neutral-CoT,CT,V3,False
29484,2,2,Neutral-CoT,CT,V3,True
29629,1,1,Neutral-CoT,CT,V3,True
29644,1,1,Neutral-CoT,CT,V3,True
29679,1,1,Neutral-CoT,CT,V3,True
29768,1,1,Neutral-CoT,CT,V3,True
29880,1,1,Neutral-CoT,CT,V3,True
29903,1,1,Neutral-CoT,CT,V3,True
29912,1,1,Neutral-CoT,CT,V3,True
29978,1,1,Neutral-CoT,CT,V3,True
30052,1,1,Neutral-CoT,CT,V3,True
30118,1,1,Neutral-CoT,CT,V3,True
30137,2,2,Neutral-CoT,CT,V3,True
30143,1,1,Neutral-CoT,CT,V3,True
30180,1,1,Neutral-CoT,CT,V3,True
30259,1,1,Neutral-CoT,CT,V3,True
30273,2,2,Neutral-CoT,CT,V3,True
30285,2,2,Neutral-CoT,CT,V3,True
30328,1,1,Neutral-CoT,CT,V3,True
30329,1,1,Neutral-CoT,CT,V3,True
30336,2,2,Neutral-CoT,CT,V3,True
30340,1,1,Neutral-CoT,CT,V3,True
30352,2,2,Neutral-CoT,CT,V3,True
30367,2,2,Neutral-CoT,CT,V3,True
30457,2,1,Neutral-CoT,CT,V3,False
30498,1,1,Neutral-CoT,CT,V3,True
30514,1,1,Neutral-CoT,CT,V3,True
30544,1,1,Neutral-CoT,CT,V3,True
30694,2,2,Neutral-CoT,CT,V3,True
30701,2,2,Neutral-CoT,CT,V3,True
30710,2,2,Neutral-CoT,CT,V3,True
30794,2,2,Neutral-CoT,CT,V3,True
30807,2,1,Neutral-CoT,CT,V3,False
30846,1,1,Neutral-CoT,CT,V3,True
30856,2,2,Neutral-CoT,CT,V3,True
30872,2,2,Neutral-CoT,CT,V3,True
30880,1,1,Neutral-CoT,CT,V3,True
30899,1,1,Neutral-CoT,CT,V3,True
30922,2,2,Neutral-CoT,CT,V3,True
30936,2,2,Neutral-CoT,CT,V3,True
31029,1,1,Neutral-CoT,CT,V3,True
31060,1,1,Neutral-CoT,CT,V3,True
31081,2,2,Neutral-CoT,CT,V3,True
31089,1,1,Neutral-CoT,CT,V3,True
31128,2,2,Neutral-CoT,CT,V3,True
31129,2,2,Neutral-CoT,CT,V3,True
31138,1,1,Neutral-CoT,CT,V3,True
31148,1,1,Neutral-CoT,CT,V3,True
31247,1,1,Neutral-CoT,CT,V3,True
31266,2,2,Neutral-CoT,CT,V3,True
31350,2,2,Neutral-CoT,CT,V3,True
31386,2,2,Neutral-CoT,CT,V3,True
31483,2,2,Neutral-CoT,CT,V3,True
31568,2,1,Neutral-CoT,CT,V3,False
31597,1,1,Neutral-CoT,CT,V3,True
31622,1,1,Neutral-CoT,CT,V3,True
31628,1,1,Neutral-CoT,CT,V3,True
31634,2,1,Neutral-CoT,CT,V3,False
31665,1,1,Neutral-CoT,CT,V3,True
31720,1,1,Neutral-CoT,CT,V3,True
31728,1,1,Neutral-CoT,CT,V3,True
31907,2,2,Neutral-CoT,CT,V3,True
32003,2,2,Neutral-CoT,CT,V3,True
32090,1,1,Neutral-CoT,CT,V3,True
32112,2,2,Neutral-CoT,CT,V3,True
32116,2,2,Neutral-CoT,CT,V3,True
32131,2,2,Neutral-CoT,CT,V3,True
32167,2,1,Neutral-CoT,CT,V3,False
32177,1,2,Neutral-CoT,CT,V3,False
32263,2,2,Neutral-CoT,CT,V3,True
32265,1,1,Neutral-CoT,CT,V3,True
32323,2,2,Neutral-CoT,CT,V3,True
32372,1,1,Neutral-CoT,CT,V3,True
32463,2,2,Neutral-CoT,CT,V3,True
32518,1,1,Neutral-CoT,CT,V3,True
32572,2,2,Neutral-CoT,CT,V3,True
32638,1,1,Neutral-CoT,CT,V3,True
32679,1,1,Neutral-CoT,CT,V3,True
32722,2,2,Neutral-CoT,CT,V3,True
32747,1,1,Neutral-CoT,CT,V3,True
32753,2,2,Neutral-CoT,CT,V3,True
32785,1,1,Neutral-CoT,CT,V3,True
32872,2,2,Neutral-CoT,CT,V3,True
32894,2,1,Neutral-CoT,CT,V3,False
32917,2,2,Neutral-CoT,CT,V3,True
32963,1,2,Neutral-CoT,CT,V3,False
32972,2,2,Neutral-CoT,CT,V3,True
33026,1,1,Neutral-CoT,CT,V3,True
33067,2,2,Neutral-CoT,CT,V3,True
33126,2,2,Neutral-CoT,CT,V3,True
33141,2,2,Neutral-CoT,CT,V3,True
33154,1,1,Neutral-CoT,CT,V3,True
33212,1,1,Neutral-CoT,CT,V3,True
33262,2,2,Neutral-CoT,CT,V3,True
33291,1,2,Neutral-CoT,CT,V3,False
33322,2,2,Neutral-CoT,CT,V3,True
33345,1,1,Neutral-CoT,CT,V3,True
33433,1,1,Neutral-CoT,CT,V3,True
33470,1,1,Neutral-CoT,CT,V3,True
33504,1,1,Neutral-CoT,CT,V3,True
33649,1,1,Neutral-CoT,CT,V3,True
33743,2,2,Neutral-CoT,CT,V3,True
33765,2,2,Neutral-CoT,CT,V3,True
33780,1,1,Neutral-CoT,CT,V3,True
33806,1,1,Neutral-CoT,CT,V3,True
33808,2,2,Neutral-CoT,CT,V3,True
33856,1,1,Neutral-CoT,CT,V3,True
33859,2,2,Neutral-CoT,CT,V3,True
33890,2,2,Neutral-CoT,CT,V3,True
33940,1,1,Neutral-CoT,CT,V3,True
33961,1,1,Neutral-CoT,CT,V3,True
33962,2,2,Neutral-CoT,CT,V3,True
33986,1,1,Neutral-CoT,CT,V3,True
34029,2,2,Neutral-CoT,CT,V3,True
34125,2,2,Neutral-CoT,CT,V3,True
34143,2,2,Neutral-CoT,CT,V3,True
34171,1,1,Neutral-CoT,CT,V3,True
34215,2,2,Neutral-CoT,CT,V3,True
34276,1,1,Neutral-CoT,CT,V3,True
34332,2,2,Neutral-CoT,CT,V3,True
34354,1,1,Neutral-CoT,CT,V3,True
34404,2,2,Neutral-CoT,CT,V3,True
34460,2,2,Neutral-CoT,CT,V3,True
34500,1,1,Neutral-CoT,CT,V3,True
34667,2,2,Neutral-CoT,CT,V3,True
34714,2,2,Neutral-CoT,CT,V3,True
34754,2,2,Neutral-CoT,CT,V3,True
34812,2,2,Neutral-CoT,CT,V3,True
34915,1,1,Neutral-CoT,CT,V3,True
34918,2,2,Neutral-CoT,CT,V3,True
34944,2,2,Neutral-CoT,CT,V3,True
34983,2,2,Neutral-CoT,CT,V3,True
35058,2,2,Neutral-CoT,CT,V3,True
35064,1,1,Neutral-CoT,CT,V3,True
35127,2,2,Neutral-CoT,CT,V3,True
35156,2,2,Neutral-CoT,CT,V3,True
35174,1,1,Neutral-CoT,CT,V3,True
35191,2,2,Neutral-CoT,CT,V3,True
35201,2,2,Neutral-CoT,CT,V3,True
35204,2,2,Neutral-CoT,CT,V3,True
35282,2,2,Neutral-CoT,CT,V3,True
35287,1,1,Neutral-CoT,CT,V3,True
35429,2,2,Neutral-CoT,CT,V3,True
35467,1,1,Neutral-CoT,CT,V3,True
35542,2,2,Neutral-CoT,CT,V3,True
35564,2,2,Neutral-CoT,CT,V3,True
35592,1,1,Neutral-CoT,CT,V3,True
35643,2,2,Neutral-CoT,CT,V3,True
35653,1,2,Neutral-CoT,CT,V3,False
35715,2,2,Neutral-CoT,CT,V3,True
35732,2,2,Neutral-CoT,CT,V3,True
35738,2,2,Neutral-CoT,CT,V3,True
35743,2,2,Neutral-CoT,CT,V3,True
35871,2,2,Neutral-CoT,CT,V3,True
35880,2,2,Neutral-CoT,CT,V3,True
35912,1,1,Neutral-CoT,CT,V3,True
35918,2,2,Neutral-CoT,CT,V3,True
35939,2,2,Neutral-CoT,CT,V3,True
35991,2,2,Neutral-CoT,CT,V3,True
36100,2,2,Neutral-CoT,CT,V3,True
36117,1,1,Neutral-CoT,CT,V3,True
36126,2,2,Neutral-CoT,CT,V3,True
36186,2,2,Neutral-CoT,CT,V3,True
36190,1,1,Neutral-CoT,CT,V3,True
36199,2,2,Neutral-CoT,CT,V3,True
36209,1,1,Neutral-CoT,CT,V3,True
36223,2,2,Neutral-CoT,CT,V3,True
36247,1,1,Neutral-CoT,CT,V3,True
36341,2,2,Neutral-CoT,CT,V3,True
36419,2,2,Neutral-CoT,CT,V3,True
36434,2,2,Neutral-CoT,CT,V3,True
36449,1,1,Neutral-CoT,CT,V3,True
36482,2,2,Neutral-CoT,CT,V3,True
36557,2,2,Neutral-CoT,CT,V3,True
36686,2,2,Neutral-CoT,CT,V3,True
36689,2,1,Neutral-CoT,CT,V3,False
36734,1,1,Neutral-CoT,CT,V3,True
36743,1,1,Neutral-CoT,CT,V3,True
36812,2,2,Neutral-CoT,CT,V3,True
36849,2,2,Neutral-CoT,CT,V3,True
36960,2,2,Neutral-CoT,CT,V3,True
36974,2,2,Neutral-CoT,CT,V3,True
37006,2,2,Neutral-CoT,CT,V3,True
37016,2,2,Neutral-CoT,CT,V3,True
37020,1,1,Neutral-CoT,CT,V3,True
37082,2,2,Neutral-CoT,CT,V3,True
37114,1,2,Neutral-CoT,CT,V3,False
37124,2,2,Neutral-CoT,CT,V3,True
37245,1,1,Neutral-CoT,CT,V3,True
37327,1,1,Neutral-CoT,CT,V3,True
37367,2,2,Neutral-CoT,CT,V3,True
37422,1,1,Neutral-CoT,CT,V3,True
37432,2,2,Neutral-CoT,CT,V3,True
37490,1,1,Neutral-CoT,CT,V3,True
37537,2,2,Neutral-CoT,CT,V3,True
37542,2,1,Neutral-CoT,CT,V3,False
37569,2,2,Neutral-CoT,CT,V3,True
37608,1,2,Neutral-CoT,CT,V3,False
37614,2,2,Neutral-CoT,CT,V3,True
37617,2,2,Neutral-CoT,CT,V3,True
37679,1,1,Neutral-CoT,CT,V3,True
37723,2,2,Neutral-CoT,CT,V3,True
37741,1,2,Neutral-CoT,CT,V3,False
37842,1,1,Neutral-CoT,CT,V3,True
37909,1,1,Neutral-CoT,CT,V3,True
37955,1,1,Neutral-CoT,CT,V3,True
38026,2,2,Neutral-CoT,CT,V3,True
38068,2,2,Neutral-CoT,CT,V3,True
38078,2,2,Neutral-CoT,CT,V3,True
38130,1,2,Neutral-CoT,CT,V3,False
38144,1,1,Neutral-CoT,CT,V3,True
38146,1,1,Neutral-CoT,CT,V3,True
38166,1,1,Neutral-CoT,CT,V3,True
38168,1,1,Neutral-CoT,CT,V3,True
38191,2,2,Neutral-CoT,CT,V3,True
38245,1,1,Neutral-CoT,CT,V3,True
38267,2,2,Neutral-CoT,CT,V3,True
38352,1,1,Neutral-CoT,CT,V3,True
38395,1,1,Neutral-CoT,CT,V3,True
38425,2,2,Neutral-CoT,CT,V3,True
38485,1,1,Neutral-CoT,CT,V3,True
38518,1,1,Neutral-CoT,CT,V3,True
38530,1,1,Neutral-CoT,CT,V3,True
38533,2,2,Neutral-CoT,CT,V3,True
38554,1,2,Neutral-CoT,CT,V3,False
38562,2,2,Neutral-CoT,CT,V3,True
38593,2,2,Neutral-CoT,CT,V3,True
38627,2,2,Neutral-CoT,CT,V3,True
38630,1,1,Neutral-CoT,CT,V3,True
38721,1,1,Neutral-CoT,CT,V3,True
38773,2,2,Neutral-CoT,CT,V3,True
38811,1,2,Neutral-CoT,CT,V3,False
38829,1,1,Neutral-CoT,CT,V3,True
38928,2,2,Neutral-CoT,CT,V3,True
38947,1,1,Neutral-CoT,CT,V3,True
39000,1,1,Neutral-CoT,CT,V3,True
39152,1,1,Neutral-CoT,CT,V3,True
39199,1,1,Neutral-CoT,CT,V3,True
39321,1,1,Neutral-CoT,CT,V3,True
39356,2,2,Neutral-CoT,CT,V3,True
39388,2,2,Neutral-CoT,CT,V3,True
39457,1,1,Neutral-CoT,CT,V3,True
39466,1,1,Neutral-CoT,CT,V3,True
39532,2,2,Neutral-CoT,CT,V3,True
39553,2,2,Neutral-CoT,CT,V3,True
39557,1,1,Neutral-CoT,CT,V3,True
39630,1,1,Neutral-CoT,CT,V3,True
39715,1,1,Neutral-CoT,CT,V3,True
39795,2,1,Neutral-CoT,CT,V3,False
39804,1,1,Neutral-CoT,CT,V3,True
39833,2,2,Neutral-CoT,CT,V3,True
39842,1,1,Neutral-CoT,CT,V3,True
39855,1,1,Neutral-CoT,CT,V3,True
39864,2,2,Neutral-CoT,CT,V3,True
39884,2,2,Neutral-CoT,CT,V3,True
40029,1,1,Neutral-CoT,CT,V3,True
40068,1,1,Neutral-CoT,CT,V3,True
40135,1,1,Neutral-CoT,CT,V3,True
40145,2,2,Neutral-CoT,CT,V3,True
40164,1,1,Neutral-CoT,CT,V3,True
40296,2,2,Neutral-CoT,CT,V3,True
40497,2,2,Neutral-CoT,CT,V3,True
40535,1,1,Neutral-CoT,CT,V3,True
40542,2,2,Neutral-CoT,CT,V3,True
40622,2,2,Neutral-CoT,CT,V3,True
40625,2,2,Neutral-CoT,CT,V3,True
40653,2,2,Neutral-CoT,CT,V3,True
40762,1,1,Neutral-CoT,CT,V3,True
40853,1,1,Neutral-CoT,CT,V3,True
40855,2,2,Neutral-CoT,CT,V3,True
40857,2,2,Neutral-CoT,CT,V3,True
40920,1,1,Neutral-CoT,CT,V3,True
40969,1,1,Neutral-CoT,CT,V3,True
40991,1,1,Neutral-CoT,CT,V3,True
41001,2,2,Neutral-CoT,CT,V3,True
41077,1,1,Neutral-CoT,CT,V3,True
41103,2,2,Neutral-CoT,CT,V3,True
41237,1,1,Neutral-CoT,CT,V3,True
41239,1,1,Neutral-CoT,CT,V3,True
41273,1,1,Neutral-CoT,CT,V3,True
41368,1,1,Neutral-CoT,CT,V3,True
41416,1,1,Neutral-CoT,CT,V3,True
41457,2,2,Neutral-CoT,CT,V3,True
41472,1,1,Neutral-CoT,CT,V3,True
41581,2,2,Neutral-CoT,CT,V3,True
41590,1,1,Neutral-CoT,CT,V3,True
41636,1,1,Neutral-CoT,CT,V3,True
41704,1,1,Neutral-CoT,CT,V3,True
41829,1,2,Neutral-CoT,CT,V3,False
41836,1,1,Neutral-CoT,CT,V3,True
41906,2,2,Neutral-CoT,CT,V3,True
41973,2,2,Neutral-CoT,CT,V3,True
42040,1,1,Neutral-CoT,CT,V3,True
42067,1,1,Neutral-CoT,CT,V3,True
42086,2,2,Neutral-CoT,CT,V3,True
42112,2,2,Neutral-CoT,CT,V3,True
42166,2,2,Neutral-CoT,CT,V3,True
42185,2,2,Neutral-CoT,CT,V3,True
42228,2,2,Neutral-CoT,CT,V3,True
42330,1,1,Neutral-CoT,CT,V3,True
42335,2,2,Neutral-CoT,CT,V3,True
42344,2,2,Neutral-CoT,CT,V3,True
42391,2,2,Neutral-CoT,CT,V3,True
42428,1,1,Neutral-CoT,CT,V3,True
42468,2,2,Neutral-CoT,CT,V3,True
42520,2,1,Neutral-CoT,CT,V3,False
42521,1,1,Neutral-CoT,CT,V3,True
42572,2,2,Neutral-CoT,CT,V3,True
42585,1,1,Neutral-CoT,CT,V3,True
42609,2,2,Neutral-CoT,CT,V3,True
42714,2,2,Neutral-CoT,CT,V3,True
42860,2,2,Neutral-CoT,CT,V3,True
42886,2,2,Neutral-CoT,CT,V3,True
43042,1,1,Neutral-CoT,CT,V3,True
43070,2,2,Neutral-CoT,CT,V3,True
43164,2,2,Neutral-CoT,CT,V3,True
43191,1,1,Neutral-CoT,CT,V3,True
43285,1,1,Neutral-CoT,CT,V3,True
43295,2,2,Neutral-CoT,CT,V3,True
43350,2,2,Neutral-CoT,CT,V3,True
43486,1,1,Neutral-CoT,CT,V3,True
43526,2,2,Neutral-CoT,CT,V3,True
43621,2,2,Neutral-CoT,CT,V3,True
43668,2,2,Neutral-CoT,CT,V3,True
43764,2,2,Neutral-CoT,CT,V3,True
43800,1,1,Neutral-CoT,CT,V3,True
43811,2,2,Neutral-CoT,CT,V3,True
43878,1,1,Neutral-CoT,CT,V3,True
44063,1,2,Neutral-CoT,CT,V3,False
44064,2,2,Neutral-CoT,CT,V3,True
44167,2,2,Neutral-CoT,CT,V3,True
44178,2,2,Neutral-CoT,CT,V3,True
44313,2,2,Neutral-CoT,CT,V3,True
44380,1,1,Neutral-CoT,CT,V3,True
44400,2,2,Neutral-CoT,CT,V3,True
44415,2,2,Neutral-CoT,CT,V3,True
44430,2,2,Neutral-CoT,CT,V3,True
44444,2,2,Neutral-CoT,CT,V3,True
44458,2,2,Neutral-CoT,CT,V3,True
44475,1,1,Neutral-CoT,CT,V3,True
44479,2,2,Neutral-CoT,CT,V3,True
44628,1,1,Neutral-CoT,CT,V3,True
44682,1,1,Neutral-CoT,CT,V3,True
44743,2,2,Neutral-CoT,CT,V3,True
44812,2,2,Neutral-CoT,CT,V3,True
44833,1,2,Neutral-CoT,CT,V3,False
44841,1,1,Neutral-CoT,CT,V3,True
44887,2,2,Neutral-CoT,CT,V3,True
44967,1,1,Neutral-CoT,CT,V3,True
45012,2,2,Neutral-CoT,CT,V3,True
45024,1,1,Neutral-CoT,CT,V3,True
45075,2,2,Neutral-CoT,CT,V3,True
45117,2,2,Neutral-CoT,CT,V3,True
45137,2,2,Neutral-CoT,CT,V3,True
45184,1,1,Neutral-CoT,CT,V3,True
45190,1,1,Neutral-CoT,CT,V3,True
45199,1,1,Neutral-CoT,CT,V3,True
45289,1,2,Neutral-CoT,CT,V3,False
45314,1,1,Neutral-CoT,CT,V3,True
45337,1,1,Neutral-CoT,CT,V3,True
45340,2,2,Neutral-CoT,CT,V3,True
45390,2,2,Neutral-CoT,CT,V3,True
45470,2,2,Neutral-CoT,CT,V3,True
45492,1,1,Neutral-CoT,CT,V3,True
45529,2,2,Neutral-CoT,CT,V3,True
45544,2,2,Neutral-CoT,CT,V3,True
45784,1,1,Neutral-CoT,CT,V3,True
45800,2,2,Neutral-CoT,CT,V3,True
45811,2,2,Neutral-CoT,CT,V3,True
45837,1,1,Neutral-CoT,CT,V3,True
45857,2,2,Neutral-CoT,CT,V3,True
45893,2,2,Neutral-CoT,CT,V3,True
45938,2,2,Neutral-CoT,CT,V3,True
45983,2,2,Neutral-CoT,CT,V3,True
45985,1,1,Neutral-CoT,CT,V3,True
46026,2,1,Neutral-CoT,CT,V3,False
46132,1,1,Neutral-CoT,CT,V3,True
46147,1,1,Neutral-CoT,CT,V3,True
46160,1,1,Neutral-CoT,CT,V3,True
46218,2,2,Neutral-CoT,CT,V3,True
46346,1,1,Neutral-CoT,CT,V3,True
46372,2,2,Neutral-CoT,CT,V3,True
46555,2,2,Neutral-CoT,CT,V3,True
46569,2,2,Neutral-CoT,CT,V3,True
46595,2,2,Neutral-CoT,CT,V3,True
46674,1,1,Neutral-CoT,CT,V3,True
46707,2,2,Neutral-CoT,CT,V3,True
46710,2,2,Neutral-CoT,CT,V3,True
46751,2,2,Neutral-CoT,CT,V3,True
46756,1,1,Neutral-CoT,CT,V3,True
46758,2,2,Neutral-CoT,CT,V3,True
46810,2,2,Neutral-CoT,CT,V3,True
46859,2,2,Neutral-CoT,CT,V3,True
46880,1,1,Neutral-CoT,CT,V3,True
46894,2,2,Neutral-CoT,CT,V3,True
46969,2,2,Neutral-CoT,CT,V3,True
47024,1,1,Neutral-CoT,CT,V3,True
47060,2,2,Neutral-CoT,CT,V3,True
47065,1,1,Neutral-CoT,CT,V3,True
47097,1,1,Neutral-CoT,CT,V3,True
47139,2,2,Neutral-CoT,CT,V3,True
47169,2,2,Neutral-CoT,CT,V3,True
47174,2,1,Neutral-CoT,CT,V3,False
47216,2,2,Neutral-CoT,CT,V3,True
47246,2,2,Neutral-CoT,CT,V3,True
47249,2,2,Neutral-CoT,CT,V3,True
47362,1,1,Neutral-CoT,CT,V3,True
47371,1,1,Neutral-CoT,CT,V3,True
47560,1,1,Neutral-CoT,CT,V3,True
47619,2,2,Neutral-CoT,CT,V3,True
47865,2,2,Neutral-CoT,CT,V3,True
48180,2,2,Neutral-CoT,CT,V3,True
48182,1,1,Neutral-CoT,CT,V3,True
48217,2,2,Neutral-CoT,CT,V3,True
48246,1,1,Neutral-CoT,CT,V3,True
48329,1,1,Neutral-CoT,CT,V3,True
48352,1,2,Neutral-CoT,CT,V3,False
48355,2,2,Neutral-CoT,CT,V3,True
48359,1,1,Neutral-CoT,CT,V3,True
48434,1,2,Neutral-CoT,CT,V3,False
48441,2,2,Neutral-CoT,CT,V3,True
48449,2,2,Neutral-CoT,CT,V3,True
48506,2,2,Neutral-CoT,CT,V3,True
48538,1,2,Neutral-CoT,CT,V3,False
48541,1,1,Neutral-CoT,CT,V3,True
48562,2,2,Neutral-CoT,CT,V3,True
48563,2,2,Neutral-CoT,CT,V3,True
48566,1,1,Neutral-CoT,CT,V3,True
48587,1,1,Neutral-CoT,CT,V3,True
48607,2,2,Neutral-CoT,CT,V3,True
48618,1,1,Neutral-CoT,CT,V3,True
48722,2,2,Neutral-CoT,CT,V3,True
48728,1,1,Neutral-CoT,CT,V3,True
48859,2,2,Neutral-CoT,CT,V3,True
48898,1,1,Neutral-CoT,CT,V3,True
48976,2,2,Neutral-CoT,CT,V3,True
49004,1,1,Neutral-CoT,CT,V3,True
49029,1,1,Neutral-CoT,CT,V3,True
49047,1,1,Neutral-CoT,CT,V3,True
49052,1,1,Neutral-CoT,CT,V3,True
49095,1,1,Neutral-CoT,CT,V3,True
49132,1,1,Neutral-CoT,CT,V3,True
49146,1,1,Neutral-CoT,CT,V3,True
49168,1,2,Neutral-CoT,CT,V3,False
49189,1,1,Neutral-CoT,CT,V3,True
49213,1,1,Neutral-CoT,CT,V3,True
49228,1,1,Neutral-CoT,CT,V3,True
49239,1,1,Neutral-CoT,CT,V3,True
49242,2,2,Neutral-CoT,CT,V3,True
49325,1,1,Neutral-CoT,CT,V3,True
49400,2,2,Neutral-CoT,CT,V3,True
49460,1,1,Neutral-CoT,CT,V3,True
49700,1,1,Neutral-CoT,CT,V3,True
49737,1,1,Neutral-CoT,CT,V3,True
49765,2,2,Neutral-CoT,CT,V3,True
49777,1,1,Neutral-CoT,CT,V3,True
49804,2,2,Neutral-CoT,CT,V3,True
49855,2,2,Neutral-CoT,CT,V3,True
49870,2,2,Neutral-CoT,CT,V3,True
49943,2,2,Neutral-CoT,CT,V3,True
49950,2,2,Neutral-CoT,CT,V3,True
49959,2,2,Neutral-CoT,CT,V3,True
49971,1,1,Neutral-CoT,CT,V3,True
55,1,1,Neutral-CoT,R1,V3,True
107,2,2,Neutral-CoT,R1,V3,True
176,1,1,Neutral-CoT,R1,V3,True
283,2,2,Neutral-CoT,R1,V3,True
284,2,2,Neutral-CoT,R1,V3,True
287,1,1,Neutral-CoT,R1,V3,True
310,2,2,Neutral-CoT,R1,V3,True
337,2,2,Neutral-CoT,R1,V3,True
379,2,2,Neutral-CoT,R1,V3,True
393,2,2,Neutral-CoT,R1,V3,True
405,2,2,Neutral-CoT,R1,V3,True
423,2,2,Neutral-CoT,R1,V3,True
450,2,2,Neutral-CoT,R1,V3,True
504,2,2,Neutral-CoT,R1,V3,True
545,1,1,Neutral-CoT,R1,V3,True
626,2,2,Neutral-CoT,R1,V3,True
715,2,2,Neutral-CoT,R1,V3,True
722,1,1,Neutral-CoT,R1,V3,True
793,2,2,Neutral-CoT,R1,V3,True
804,1,2,Neutral-CoT,R1,V3,False
856,2,2,Neutral-CoT,R1,V3,True
893,2,2,Neutral-CoT,R1,V3,True
922,1,1,Neutral-CoT,R1,V3,True
1029,2,2,Neutral-CoT,R1,V3,True
1057,2,1,Neutral-CoT,R1,V3,False
1106,1,1,Neutral-CoT,R1,V3,True
1199,1,1,Neutral-CoT,R1,V3,True
1200,2,2,Neutral-CoT,R1,V3,True
1205,2,2,Neutral-CoT,R1,V3,True
1227,2,2,Neutral-CoT,R1,V3,True
1261,2,2,Neutral-CoT,R1,V3,True
1290,1,1,Neutral-CoT,R1,V3,True
1347,1,1,Neutral-CoT,R1,V3,True
1352,2,2,Neutral-CoT,R1,V3,True
1363,2,2,Neutral-CoT,R1,V3,True
1421,1,1,Neutral-CoT,R1,V3,True
1481,1,1,Neutral-CoT,R1,V3,True
1552,1,1,Neutral-CoT,R1,V3,True
1573,1,1,Neutral-CoT,R1,V3,True
1656,2,2,Neutral-CoT,R1,V3,True
1687,1,1,Neutral-CoT,R1,V3,True
1707,2,2,Neutral-CoT,R1,V3,True
1735,2,2,Neutral-CoT,R1,V3,True
1755,2,2,Neutral-CoT,R1,V3,True
1814,2,2,Neutral-CoT,R1,V3,True
1819,2,2,Neutral-CoT,R1,V3,True
1822,1,1,Neutral-CoT,R1,V3,True
1823,1,1,Neutral-CoT,R1,V3,True
1862,1,1,Neutral-CoT,R1,V3,True
2004,2,2,Neutral-CoT,R1,V3,True
2039,2,2,Neutral-CoT,R1,V3,True
2055,1,1,Neutral-CoT,R1,V3,True
2068,2,2,Neutral-CoT,R1,V3,True
2081,1,1,Neutral-CoT,R1,V3,True
2155,2,2,Neutral-CoT,R1,V3,True
2170,1,1,Neutral-CoT,R1,V3,True
2221,2,2,Neutral-CoT,R1,V3,True
2288,2,2,Neutral-CoT,R1,V3,True
2375,2,2,Neutral-CoT,R1,V3,True
2379,1,1,Neutral-CoT,R1,V3,True
2426,2,2,Neutral-CoT,R1,V3,True
2584,2,2,Neutral-CoT,R1,V3,True
2585,1,1,Neutral-CoT,R1,V3,True
2599,2,2,Neutral-CoT,R1,V3,True
2600,1,1,Neutral-CoT,R1,V3,True
2732,2,2,Neutral-CoT,R1,V3,True
2844,1,1,Neutral-CoT,R1,V3,True
2891,2,2,Neutral-CoT,R1,V3,True
2932,2,2,Neutral-CoT,R1,V3,True
2983,1,1,Neutral-CoT,R1,V3,True
3056,1,1,Neutral-CoT,R1,V3,True
3102,1,1,Neutral-CoT,R1,V3,True
3191,1,1,Neutral-CoT,R1,V3,True
3297,1,1,Neutral-CoT,R1,V3,True
3363,1,1,Neutral-CoT,R1,V3,True
3367,2,2,Neutral-CoT,R1,V3,True
3385,1,1,Neutral-CoT,R1,V3,True
3400,1,1,Neutral-CoT,R1,V3,True
3418,2,1,Neutral-CoT,R1,V3,False
3429,2,2,Neutral-CoT,R1,V3,True
3440,1,1,Neutral-CoT,R1,V3,True
3512,2,2,Neutral-CoT,R1,V3,True
3524,1,1,Neutral-CoT,R1,V3,True
3567,1,1,Neutral-CoT,R1,V3,True
3631,2,2,Neutral-CoT,R1,V3,True
3811,2,1,Neutral-CoT,R1,V3,False
3824,1,1,Neutral-CoT,R1,V3,True
3839,1,1,Neutral-CoT,R1,V3,True
3867,1,1,Neutral-CoT,R1,V3,True
3929,2,2,Neutral-CoT,R1,V3,True
3954,2,2,Neutral-CoT,R1,V3,True
3971,2,2,Neutral-CoT,R1,V3,True
3979,2,2,Neutral-CoT,R1,V3,True
4011,2,2,Neutral-CoT,R1,V3,True
4017,1,1,Neutral-CoT,R1,V3,True
4066,2,2,Neutral-CoT,R1,V3,True
4087,2,2,Neutral-CoT,R1,V3,True
4153,2,2,Neutral-CoT,R1,V3,True
4182,2,2,Neutral-CoT,R1,V3,True
4187,1,1,Neutral-CoT,R1,V3,True
4207,1,1,Neutral-CoT,R1,V3,True
4211,1,1,Neutral-CoT,R1,V3,True
4303,1,1,Neutral-CoT,R1,V3,True
4314,1,1,Neutral-CoT,R1,V3,True
4339,2,2,Neutral-CoT,R1,V3,True
4348,2,2,Neutral-CoT,R1,V3,True
4447,1,1,Neutral-CoT,R1,V3,True
4462,1,1,Neutral-CoT,R1,V3,True
4591,1,1,Neutral-CoT,R1,V3,True
4624,2,2,Neutral-CoT,R1,V3,True
4651,2,2,Neutral-CoT,R1,V3,True
4652,1,1,Neutral-CoT,R1,V3,True
4663,1,1,Neutral-CoT,R1,V3,True
4706,2,2,Neutral-CoT,R1,V3,True
4716,1,1,Neutral-CoT,R1,V3,True
4744,2,2,Neutral-CoT,R1,V3,True
4767,1,1,Neutral-CoT,R1,V3,True
4795,1,1,Neutral-CoT,R1,V3,True
4812,2,2,Neutral-CoT,R1,V3,True
4827,2,2,Neutral-CoT,R1,V3,True
4829,2,2,Neutral-CoT,R1,V3,True
4851,2,2,Neutral-CoT,R1,V3,True
4856,2,2,Neutral-CoT,R1,V3,True
4865,2,2,Neutral-CoT,R1,V3,True
4871,1,1,Neutral-CoT,R1,V3,True
4927,2,2,Neutral-CoT,R1,V3,True
4937,1,1,Neutral-CoT,R1,V3,True
5009,1,1,Neutral-CoT,R1,V3,True
5024,1,1,Neutral-CoT,R1,V3,True
5070,1,1,Neutral-CoT,R1,V3,True
5086,2,2,Neutral-CoT,R1,V3,True
5105,2,2,Neutral-CoT,R1,V3,True
5119,1,1,Neutral-CoT,R1,V3,True
5120,2,2,Neutral-CoT,R1,V3,True
5406,1,1,Neutral-CoT,R1,V3,True
5424,2,2,Neutral-CoT,R1,V3,True
5475,1,1,Neutral-CoT,R1,V3,True
5499,1,1,Neutral-CoT,R1,V3,True
5570,1,1,Neutral-CoT,R1,V3,True
5586,1,1,Neutral-CoT,R1,V3,True
5619,2,2,Neutral-CoT,R1,V3,True
5651,1,1,Neutral-CoT,R1,V3,True
5797,2,2,Neutral-CoT,R1,V3,True
5824,2,2,Neutral-CoT,R1,V3,True
5829,1,1,Neutral-CoT,R1,V3,True
5834,1,1,Neutral-CoT,R1,V3,True
5906,2,2,Neutral-CoT,R1,V3,True
5913,2,2,Neutral-CoT,R1,V3,True
5957,2,2,Neutral-CoT,R1,V3,True
5998,2,2,Neutral-CoT,R1,V3,True
6010,2,2,Neutral-CoT,R1,V3,True
6059,2,2,Neutral-CoT,R1,V3,True
6111,1,1,Neutral-CoT,R1,V3,True
6137,1,1,Neutral-CoT,R1,V3,True
6156,1,1,Neutral-CoT,R1,V3,True
6252,1,1,Neutral-CoT,R1,V3,True
6253,2,2,Neutral-CoT,R1,V3,True
6255,2,2,Neutral-CoT,R1,V3,True
6295,1,1,Neutral-CoT,R1,V3,True
6347,1,1,Neutral-CoT,R1,V3,True
6374,1,1,Neutral-CoT,R1,V3,True
6452,1,1,Neutral-CoT,R1,V3,True
6465,1,1,Neutral-CoT,R1,V3,True
6484,2,2,Neutral-CoT,R1,V3,True
6519,2,2,Neutral-CoT,R1,V3,True
6527,2,2,Neutral-CoT,R1,V3,True
6595,1,1,Neutral-CoT,R1,V3,True
6631,1,1,Neutral-CoT,R1,V3,True
6692,1,1,Neutral-CoT,R1,V3,True
6715,2,2,Neutral-CoT,R1,V3,True
6728,1,1,Neutral-CoT,R1,V3,True
6756,2,2,Neutral-CoT,R1,V3,True
6812,1,1,Neutral-CoT,R1,V3,True
6824,1,1,Neutral-CoT,R1,V3,True
6826,1,1,Neutral-CoT,R1,V3,True
6842,1,1,Neutral-CoT,R1,V3,True
6867,1,1,Neutral-CoT,R1,V3,True
6868,2,2,Neutral-CoT,R1,V3,True
6899,2,2,Neutral-CoT,R1,V3,True
6965,2,2,Neutral-CoT,R1,V3,True
6977,2,2,Neutral-CoT,R1,V3,True
6991,1,1,Neutral-CoT,R1,V3,True
7001,2,2,Neutral-CoT,R1,V3,True
7004,1,1,Neutral-CoT,R1,V3,True
7070,2,2,Neutral-CoT,R1,V3,True
7096,1,1,Neutral-CoT,R1,V3,True
7099,1,1,Neutral-CoT,R1,V3,True
7194,2,2,Neutral-CoT,R1,V3,True
7220,2,2,Neutral-CoT,R1,V3,True
7235,2,2,Neutral-CoT,R1,V3,True
7313,2,2,Neutral-CoT,R1,V3,True
7387,1,1,Neutral-CoT,R1,V3,True
7407,1,1,Neutral-CoT,R1,V3,True
7430,2,2,Neutral-CoT,R1,V3,True
7439,1,1,Neutral-CoT,R1,V3,True
7451,2,2,Neutral-CoT,R1,V3,True
7498,2,2,Neutral-CoT,R1,V3,True
7550,1,1,Neutral-CoT,R1,V3,True
7553,2,2,Neutral-CoT,R1,V3,True
7555,1,1,Neutral-CoT,R1,V3,True
7581,2,2,Neutral-CoT,R1,V3,True
7599,2,2,Neutral-CoT,R1,V3,True
7654,1,1,Neutral-CoT,R1,V3,True
7687,1,1,Neutral-CoT,R1,V3,True
7723,1,1,Neutral-CoT,R1,V3,True
7832,2,2,Neutral-CoT,R1,V3,True
7887,1,1,Neutral-CoT,R1,V3,True
7894,1,1,Neutral-CoT,R1,V3,True
7915,2,2,Neutral-CoT,R1,V3,True
7949,1,2,Neutral-CoT,R1,V3,False
7966,1,1,Neutral-CoT,R1,V3,True
7972,1,1,Neutral-CoT,R1,V3,True
8015,2,2,Neutral-CoT,R1,V3,True
8033,1,1,Neutral-CoT,R1,V3,True
8139,1,1,Neutral-CoT,R1,V3,True
8217,2,2,Neutral-CoT,R1,V3,True
8268,1,1,Neutral-CoT,R1,V3,True
8339,1,1,Neutral-CoT,R1,V3,True
8366,2,2,Neutral-CoT,R1,V3,True
8444,1,1,Neutral-CoT,R1,V3,True
8580,2,2,Neutral-CoT,R1,V3,True
8614,1,1,Neutral-CoT,R1,V3,True
8630,2,2,Neutral-CoT,R1,V3,True
8637,2,1,Neutral-CoT,R1,V3,False
8672,1,1,Neutral-CoT,R1,V3,True
8816,2,2,Neutral-CoT,R1,V3,True
8902,2,2,Neutral-CoT,R1,V3,True
8923,2,2,Neutral-CoT,R1,V3,True
8948,1,1,Neutral-CoT,R1,V3,True
8993,1,1,Neutral-CoT,R1,V3,True
9004,1,1,Neutral-CoT,R1,V3,True
9089,2,2,Neutral-CoT,R1,V3,True
9102,2,2,Neutral-CoT,R1,V3,True
9120,2,2,Neutral-CoT,R1,V3,True
9134,2,2,Neutral-CoT,R1,V3,True
9246,2,2,Neutral-CoT,R1,V3,True
9268,1,1,Neutral-CoT,R1,V3,True
9324,1,2,Neutral-CoT,R1,V3,False
9325,1,1,Neutral-CoT,R1,V3,True
9349,2,2,Neutral-CoT,R1,V3,True
9357,2,2,Neutral-CoT,R1,V3,True
9417,1,1,Neutral-CoT,R1,V3,True
9459,1,1,Neutral-CoT,R1,V3,True
9465,1,1,Neutral-CoT,R1,V3,True
9469,2,2,Neutral-CoT,R1,V3,True
9485,2,2,Neutral-CoT,R1,V3,True
9595,1,1,Neutral-CoT,R1,V3,True
9632,2,2,Neutral-CoT,R1,V3,True
9635,2,2,Neutral-CoT,R1,V3,True
9677,2,2,Neutral-CoT,R1,V3,True
9715,1,1,Neutral-CoT,R1,V3,True
9724,2,2,Neutral-CoT,R1,V3,True
9774,2,2,Neutral-CoT,R1,V3,True
9796,1,1,Neutral-CoT,R1,V3,True
9892,2,2,Neutral-CoT,R1,V3,True
9899,1,1,Neutral-CoT,R1,V3,True
9907,2,2,Neutral-CoT,R1,V3,True
9934,1,1,Neutral-CoT,R1,V3,True
9987,1,1,Neutral-CoT,R1,V3,True
10022,1,1,Neutral-CoT,R1,V3,True
10156,1,1,Neutral-CoT,R1,V3,True
10163,1,1,Neutral-CoT,R1,V3,True
10174,1,1,Neutral-CoT,R1,V3,True
10187,2,1,Neutral-CoT,R1,V3,False
10189,2,2,Neutral-CoT,R1,V3,True
10210,1,1,Neutral-CoT,R1,V3,True
10301,2,2,Neutral-CoT,R1,V3,True
10328,1,1,Neutral-CoT,R1,V3,True
10330,2,2,Neutral-CoT,R1,V3,True
10375,1,1,Neutral-CoT,R1,V3,True
10423,2,2,Neutral-CoT,R1,V3,True
10434,1,1,Neutral-CoT,R1,V3,True
10450,2,2,Neutral-CoT,R1,V3,True
10566,2,2,Neutral-CoT,R1,V3,True
10610,2,2,Neutral-CoT,R1,V3,True
10621,1,1,Neutral-CoT,R1,V3,True
10626,2,2,Neutral-CoT,R1,V3,True
10634,2,2,Neutral-CoT,R1,V3,True
10771,2,2,Neutral-CoT,R1,V3,True
10803,2,2,Neutral-CoT,R1,V3,True
10910,2,2,Neutral-CoT,R1,V3,True
10954,2,2,Neutral-CoT,R1,V3,True
10978,1,1,Neutral-CoT,R1,V3,True
11102,1,1,Neutral-CoT,R1,V3,True
11120,2,2,Neutral-CoT,R1,V3,True
11189,2,2,Neutral-CoT,R1,V3,True
11241,2,2,Neutral-CoT,R1,V3,True
11283,2,2,Neutral-CoT,R1,V3,True
11511,2,2,Neutral-CoT,R1,V3,True
11514,2,2,Neutral-CoT,R1,V3,True
11523,2,2,Neutral-CoT,R1,V3,True
11525,1,1,Neutral-CoT,R1,V3,True
11553,1,1,Neutral-CoT,R1,V3,True
11596,1,1,Neutral-CoT,R1,V3,True
11603,2,2,Neutral-CoT,R1,V3,True
11617,2,2,Neutral-CoT,R1,V3,True
11630,1,1,Neutral-CoT,R1,V3,True
11647,2,2,Neutral-CoT,R1,V3,True
11742,2,2,Neutral-CoT,R1,V3,True
11786,1,1,Neutral-CoT,R1,V3,True
11850,2,2,Neutral-CoT,R1,V3,True
11870,1,1,Neutral-CoT,R1,V3,True
11874,1,1,Neutral-CoT,R1,V3,True
11930,1,1,Neutral-CoT,R1,V3,True
11935,2,2,Neutral-CoT,R1,V3,True
11967,1,1,Neutral-CoT,R1,V3,True
12012,2,2,Neutral-CoT,R1,V3,True
12074,1,1,Neutral-CoT,R1,V3,True
12143,1,1,Neutral-CoT,R1,V3,True
12151,1,1,Neutral-CoT,R1,V3,True
12153,1,1,Neutral-CoT,R1,V3,True
12219,1,1,Neutral-CoT,R1,V3,True
12271,2,2,Neutral-CoT,R1,V3,True
12284,1,2,Neutral-CoT,R1,V3,False
12285,1,1,Neutral-CoT,R1,V3,True
12301,1,1,Neutral-CoT,R1,V3,True
12305,2,1,Neutral-CoT,R1,V3,False
12323,1,1,Neutral-CoT,R1,V3,True
12429,2,2,Neutral-CoT,R1,V3,True
12472,2,2,Neutral-CoT,R1,V3,True
12486,2,2,Neutral-CoT,R1,V3,True
12494,1,1,Neutral-CoT,R1,V3,True
12645,1,1,Neutral-CoT,R1,V3,True
12732,1,1,Neutral-CoT,R1,V3,True
12798,2,2,Neutral-CoT,R1,V3,True
12830,2,2,Neutral-CoT,R1,V3,True
12860,2,2,Neutral-CoT,R1,V3,True
12896,1,1,Neutral-CoT,R1,V3,True
12903,1,1,Neutral-CoT,R1,V3,True
12926,2,2,Neutral-CoT,R1,V3,True
12936,2,2,Neutral-CoT,R1,V3,True
12948,2,2,Neutral-CoT,R1,V3,True
12975,2,2,Neutral-CoT,R1,V3,True
13035,1,1,Neutral-CoT,R1,V3,True
13050,2,2,Neutral-CoT,R1,V3,True
13061,1,1,Neutral-CoT,R1,V3,True
13113,2,2,Neutral-CoT,R1,V3,True
13115,2,2,Neutral-CoT,R1,V3,True
13137,2,2,Neutral-CoT,R1,V3,True
13200,1,1,Neutral-CoT,R1,V3,True
13227,2,2,Neutral-CoT,R1,V3,True
13300,2,2,Neutral-CoT,R1,V3,True
13319,1,1,Neutral-CoT,R1,V3,True
13334,1,1,Neutral-CoT,R1,V3,True
13384,1,1,Neutral-CoT,R1,V3,True
13400,2,2,Neutral-CoT,R1,V3,True
13447,2,2,Neutral-CoT,R1,V3,True
13469,2,2,Neutral-CoT,R1,V3,True
13484,2,2,Neutral-CoT,R1,V3,True
13518,2,2,Neutral-CoT,R1,V3,True
13531,2,2,Neutral-CoT,R1,V3,True
13726,2,2,Neutral-CoT,R1,V3,True
13785,1,1,Neutral-CoT,R1,V3,True
13843,2,2,Neutral-CoT,R1,V3,True
13864,2,2,Neutral-CoT,R1,V3,True
13874,1,1,Neutral-CoT,R1,V3,True
13920,2,2,Neutral-CoT,R1,V3,True
14011,2,2,Neutral-CoT,R1,V3,True
14047,2,2,Neutral-CoT,R1,V3,True
14055,2,2,Neutral-CoT,R1,V3,True
14074,2,2,Neutral-CoT,R1,V3,True
14137,2,2,Neutral-CoT,R1,V3,True
14139,2,2,Neutral-CoT,R1,V3,True
14224,1,2,Neutral-CoT,R1,V3,False
14259,1,1,Neutral-CoT,R1,V3,True
14300,2,2,Neutral-CoT,R1,V3,True
14325,1,1,Neutral-CoT,R1,V3,True
14408,1,1,Neutral-CoT,R1,V3,True
14410,1,1,Neutral-CoT,R1,V3,True
14469,1,1,Neutral-CoT,R1,V3,True
14488,1,1,Neutral-CoT,R1,V3,True
14532,2,2,Neutral-CoT,R1,V3,True
14550,2,2,Neutral-CoT,R1,V3,True
14557,1,1,Neutral-CoT,R1,V3,True
14581,2,2,Neutral-CoT,R1,V3,True
14617,2,2,Neutral-CoT,R1,V3,True
14759,2,2,Neutral-CoT,R1,V3,True
14793,1,1,Neutral-CoT,R1,V3,True
14796,2,2,Neutral-CoT,R1,V3,True
14818,1,1,Neutral-CoT,R1,V3,True
14845,2,2,Neutral-CoT,R1,V3,True
14858,2,2,Neutral-CoT,R1,V3,True
14868,1,1,Neutral-CoT,R1,V3,True
14900,1,1,Neutral-CoT,R1,V3,True
14932,2,2,Neutral-CoT,R1,V3,True
14970,2,2,Neutral-CoT,R1,V3,True
14988,2,2,Neutral-CoT,R1,V3,True
15035,1,1,Neutral-CoT,R1,V3,True
15066,2,2,Neutral-CoT,R1,V3,True
15131,1,1,Neutral-CoT,R1,V3,True
15133,2,2,Neutral-CoT,R1,V3,True
15176,2,2,Neutral-CoT,R1,V3,True
15189,1,1,Neutral-CoT,R1,V3,True
15254,1,1,Neutral-CoT,R1,V3,True
15290,1,1,Neutral-CoT,R1,V3,True
15363,2,2,Neutral-CoT,R1,V3,True
15452,2,2,Neutral-CoT,R1,V3,True
15535,2,2,Neutral-CoT,R1,V3,True
15538,2,2,Neutral-CoT,R1,V3,True
15555,1,1,Neutral-CoT,R1,V3,True
15614,2,2,Neutral-CoT,R1,V3,True
15620,2,2,Neutral-CoT,R1,V3,True
15693,1,1,Neutral-CoT,R1,V3,True
15721,2,2,Neutral-CoT,R1,V3,True
15735,1,1,Neutral-CoT,R1,V3,True
15770,2,1,Neutral-CoT,R1,V3,False
15799,2,2,Neutral-CoT,R1,V3,True
15810,2,2,Neutral-CoT,R1,V3,True
15822,1,1,Neutral-CoT,R1,V3,True
15883,1,1,Neutral-CoT,R1,V3,True
15894,2,2,Neutral-CoT,R1,V3,True
15980,2,2,Neutral-CoT,R1,V3,True
16011,1,1,Neutral-CoT,R1,V3,True
16114,1,1,Neutral-CoT,R1,V3,True
16120,1,1,Neutral-CoT,R1,V3,True
16170,1,2,Neutral-CoT,R1,V3,False
16174,1,1,Neutral-CoT,R1,V3,True
16212,2,2,Neutral-CoT,R1,V3,True
16213,1,1,Neutral-CoT,R1,V3,True
16230,1,1,Neutral-CoT,R1,V3,True
16264,1,1,Neutral-CoT,R1,V3,True
16355,2,2,Neutral-CoT,R1,V3,True
16398,1,1,Neutral-CoT,R1,V3,True
16457,2,2,Neutral-CoT,R1,V3,True
16521,2,2,Neutral-CoT,R1,V3,True
16572,1,1,Neutral-CoT,R1,V3,True
16600,1,1,Neutral-CoT,R1,V3,True
16614,1,1,Neutral-CoT,R1,V3,True
16642,1,1,Neutral-CoT,R1,V3,True
16731,1,1,Neutral-CoT,R1,V3,True
16801,2,2,Neutral-CoT,R1,V3,True
16845,1,1,Neutral-CoT,R1,V3,True
16858,2,2,Neutral-CoT,R1,V3,True
16891,1,1,Neutral-CoT,R1,V3,True
16977,1,1,Neutral-CoT,R1,V3,True
17002,2,2,Neutral-CoT,R1,V3,True
17048,1,1,Neutral-CoT,R1,V3,True
17079,2,2,Neutral-CoT,R1,V3,True
17082,2,1,Neutral-CoT,R1,V3,False
17121,2,2,Neutral-CoT,R1,V3,True
17165,2,2,Neutral-CoT,R1,V3,True
17212,1,1,Neutral-CoT,R1,V3,True
17227,1,1,Neutral-CoT,R1,V3,True
17241,2,2,Neutral-CoT,R1,V3,True
17280,1,2,Neutral-CoT,R1,V3,False
17322,1,1,Neutral-CoT,R1,V3,True
17355,2,2,Neutral-CoT,R1,V3,True
17361,1,1,Neutral-CoT,R1,V3,True
17364,2,2,Neutral-CoT,R1,V3,True
17386,2,2,Neutral-CoT,R1,V3,True
17423,2,2,Neutral-CoT,R1,V3,True
17455,1,1,Neutral-CoT,R1,V3,True
17475,1,1,Neutral-CoT,R1,V3,True
17553,1,1,Neutral-CoT,R1,V3,True
17585,2,2,Neutral-CoT,R1,V3,True
17693,1,1,Neutral-CoT,R1,V3,True
17744,2,2,Neutral-CoT,R1,V3,True
17746,2,2,Neutral-CoT,R1,V3,True
17792,1,1,Neutral-CoT,R1,V3,True
17806,2,2,Neutral-CoT,R1,V3,True
17877,1,1,Neutral-CoT,R1,V3,True
17885,2,2,Neutral-CoT,R1,V3,True
17914,1,1,Neutral-CoT,R1,V3,True
17963,2,2,Neutral-CoT,R1,V3,True
18223,2,2,Neutral-CoT,R1,V3,True
18290,1,1,Neutral-CoT,R1,V3,True
18337,1,1,Neutral-CoT,R1,V3,True
18550,2,2,Neutral-CoT,R1,V3,True
18553,2,2,Neutral-CoT,R1,V3,True
18613,2,2,Neutral-CoT,R1,V3,True
18630,2,2,Neutral-CoT,R1,V3,True
18631,1,1,Neutral-CoT,R1,V3,True
18643,1,1,Neutral-CoT,R1,V3,True
18652,1,1,Neutral-CoT,R1,V3,True
18656,2,2,Neutral-CoT,R1,V3,True
18670,1,1,Neutral-CoT,R1,V3,True
18805,2,2,Neutral-CoT,R1,V3,True
18806,1,1,Neutral-CoT,R1,V3,True
18820,1,1,Neutral-CoT,R1,V3,True
18839,2,2,Neutral-CoT,R1,V3,True
18874,1,1,Neutral-CoT,R1,V3,True
18886,1,1,Neutral-CoT,R1,V3,True
18935,1,1,Neutral-CoT,R1,V3,True
18961,2,2,Neutral-CoT,R1,V3,True
18998,2,2,Neutral-CoT,R1,V3,True
19036,2,2,Neutral-CoT,R1,V3,True
19045,2,2,Neutral-CoT,R1,V3,True
19164,1,1,Neutral-CoT,R1,V3,True
19267,2,2,Neutral-CoT,R1,V3,True
19295,1,1,Neutral-CoT,R1,V3,True
19331,2,2,Neutral-CoT,R1,V3,True
19341,1,1,Neutral-CoT,R1,V3,True
19363,2,2,Neutral-CoT,R1,V3,True
19383,1,1,Neutral-CoT,R1,V3,True
19385,2,2,Neutral-CoT,R1,V3,True
19395,2,2,Neutral-CoT,R1,V3,True
19486,2,2,Neutral-CoT,R1,V3,True
19496,2,2,Neutral-CoT,R1,V3,True
19519,2,2,Neutral-CoT,R1,V3,True
19532,1,1,Neutral-CoT,R1,V3,True
19538,1,1,Neutral-CoT,R1,V3,True
19593,2,2,Neutral-CoT,R1,V3,True
19599,1,1,Neutral-CoT,R1,V3,True
19643,1,1,Neutral-CoT,R1,V3,True
19686,1,1,Neutral-CoT,R1,V3,True
19738,1,1,Neutral-CoT,R1,V3,True
19794,1,1,Neutral-CoT,R1,V3,True
19811,1,1,Neutral-CoT,R1,V3,True
19826,2,2,Neutral-CoT,R1,V3,True
19830,2,2,Neutral-CoT,R1,V3,True
19839,2,2,Neutral-CoT,R1,V3,True
19854,2,2,Neutral-CoT,R1,V3,True
19900,2,2,Neutral-CoT,R1,V3,True
19915,1,1,Neutral-CoT,R1,V3,True
19967,1,1,Neutral-CoT,R1,V3,True
19968,2,2,Neutral-CoT,R1,V3,True
20031,1,1,Neutral-CoT,R1,V3,True
20184,1,1,Neutral-CoT,R1,V3,True
20195,1,1,Neutral-CoT,R1,V3,True
20270,1,1,Neutral-CoT,R1,V3,True
20283,2,1,Neutral-CoT,R1,V3,False
20299,2,2,Neutral-CoT,R1,V3,True
20338,2,1,Neutral-CoT,R1,V3,False
20380,2,2,Neutral-CoT,R1,V3,True
20420,1,1,Neutral-CoT,R1,V3,True
20422,1,1,Neutral-CoT,R1,V3,True
20431,1,1,Neutral-CoT,R1,V3,True
20443,1,1,Neutral-CoT,R1,V3,True
20446,2,2,Neutral-CoT,R1,V3,True
20465,1,1,Neutral-CoT,R1,V3,True
20467,1,1,Neutral-CoT,R1,V3,True
20504,2,2,Neutral-CoT,R1,V3,True
20528,1,1,Neutral-CoT,R1,V3,True
20542,1,1,Neutral-CoT,R1,V3,True
20666,1,1,Neutral-CoT,R1,V3,True
20677,1,1,Neutral-CoT,R1,V3,True
20685,2,2,Neutral-CoT,R1,V3,True
20716,2,2,Neutral-CoT,R1,V3,True
20839,2,2,Neutral-CoT,R1,V3,True
20853,1,1,Neutral-CoT,R1,V3,True
20869,2,2,Neutral-CoT,R1,V3,True
20890,2,2,Neutral-CoT,R1,V3,True
20895,1,1,Neutral-CoT,R1,V3,True
20964,1,1,Neutral-CoT,R1,V3,True
20971,2,2,Neutral-CoT,R1,V3,True
21016,1,1,Neutral-CoT,R1,V3,True
21051,2,2,Neutral-CoT,R1,V3,True
21067,2,2,Neutral-CoT,R1,V3,True
21074,1,1,Neutral-CoT,R1,V3,True
21098,2,2,Neutral-CoT,R1,V3,True
21130,2,2,Neutral-CoT,R1,V3,True
21158,1,1,Neutral-CoT,R1,V3,True
21165,1,1,Neutral-CoT,R1,V3,True
21167,1,1,Neutral-CoT,R1,V3,True
21173,1,1,Neutral-CoT,R1,V3,True
21180,2,2,Neutral-CoT,R1,V3,True
21203,2,2,Neutral-CoT,R1,V3,True
21210,1,1,Neutral-CoT,R1,V3,True
21399,1,1,Neutral-CoT,R1,V3,True
21509,2,2,Neutral-CoT,R1,V3,True
21544,2,2,Neutral-CoT,R1,V3,True
21598,2,2,Neutral-CoT,R1,V3,True
21599,1,1,Neutral-CoT,R1,V3,True
21606,2,2,Neutral-CoT,R1,V3,True
21608,2,1,Neutral-CoT,R1,V3,False
21629,1,1,Neutral-CoT,R1,V3,True
21630,2,1,Neutral-CoT,R1,V3,False
21666,2,2,Neutral-CoT,R1,V3,True
21691,1,1,Neutral-CoT,R1,V3,True
21847,2,2,Neutral-CoT,R1,V3,True
21935,2,2,Neutral-CoT,R1,V3,True
21976,1,1,Neutral-CoT,R1,V3,True
21987,2,2,Neutral-CoT,R1,V3,True
22043,2,2,Neutral-CoT,R1,V3,True
22052,1,1,Neutral-CoT,R1,V3,True
22065,1,1,Neutral-CoT,R1,V3,True
22066,2,2,Neutral-CoT,R1,V3,True
22126,2,2,Neutral-CoT,R1,V3,True
22166,2,2,Neutral-CoT,R1,V3,True
22184,2,2,Neutral-CoT,R1,V3,True
22194,2,2,Neutral-CoT,R1,V3,True
22266,1,1,Neutral-CoT,R1,V3,True
22314,2,2,Neutral-CoT,R1,V3,True
22356,2,2,Neutral-CoT,R1,V3,True
22467,2,2,Neutral-CoT,R1,V3,True
22679,1,1,Neutral-CoT,R1,V3,True
22707,2,2,Neutral-CoT,R1,V3,True
22767,2,2,Neutral-CoT,R1,V3,True
22770,1,1,Neutral-CoT,R1,V3,True
22814,1,1,Neutral-CoT,R1,V3,True
22819,2,2,Neutral-CoT,R1,V3,True
22833,1,1,Neutral-CoT,R1,V3,True
22849,2,2,Neutral-CoT,R1,V3,True
22966,2,2,Neutral-CoT,R1,V3,True
23023,1,1,Neutral-CoT,R1,V3,True
23052,1,1,Neutral-CoT,R1,V3,True
23089,1,1,Neutral-CoT,R1,V3,True
23103,2,2,Neutral-CoT,R1,V3,True
23104,2,2,Neutral-CoT,R1,V3,True
23128,1,1,Neutral-CoT,R1,V3,True
23200,1,1,Neutral-CoT,R1,V3,True
23313,2,2,Neutral-CoT,R1,V3,True
23322,1,1,Neutral-CoT,R1,V3,True
23323,1,1,Neutral-CoT,R1,V3,True
23404,2,2,Neutral-CoT,R1,V3,True
23415,2,1,Neutral-CoT,R1,V3,False
23440,2,2,Neutral-CoT,R1,V3,True
23453,2,2,Neutral-CoT,R1,V3,True
23505,1,1,Neutral-CoT,R1,V3,True
23514,2,2,Neutral-CoT,R1,V3,True
23524,1,1,Neutral-CoT,R1,V3,True
23530,2,2,Neutral-CoT,R1,V3,True
23574,1,1,Neutral-CoT,R1,V3,True
23584,1,1,Neutral-CoT,R1,V3,True
23605,1,1,Neutral-CoT,R1,V3,True
23620,2,2,Neutral-CoT,R1,V3,True
23648,2,2,Neutral-CoT,R1,V3,True
23699,2,2,Neutral-CoT,R1,V3,True
23713,2,2,Neutral-CoT,R1,V3,True
23779,1,1,Neutral-CoT,R1,V3,True
23871,1,1,Neutral-CoT,R1,V3,True
23873,1,1,Neutral-CoT,R1,V3,True
23901,1,1,Neutral-CoT,R1,V3,True
24163,1,1,Neutral-CoT,R1,V3,True
24174,2,2,Neutral-CoT,R1,V3,True
24223,1,1,Neutral-CoT,R1,V3,True
24291,2,2,Neutral-CoT,R1,V3,True
24304,1,1,Neutral-CoT,R1,V3,True
24334,2,2,Neutral-CoT,R1,V3,True
24405,2,2,Neutral-CoT,R1,V3,True
24408,1,1,Neutral-CoT,R1,V3,True
24500,2,2,Neutral-CoT,R1,V3,True
24502,2,2,Neutral-CoT,R1,V3,True
24541,2,2,Neutral-CoT,R1,V3,True
24573,1,1,Neutral-CoT,R1,V3,True
24577,1,1,Neutral-CoT,R1,V3,True
24637,2,2,Neutral-CoT,R1,V3,True
24673,2,2,Neutral-CoT,R1,V3,True
24706,1,1,Neutral-CoT,R1,V3,True
24740,2,2,Neutral-CoT,R1,V3,True
24774,2,2,Neutral-CoT,R1,V3,True
24836,1,1,Neutral-CoT,R1,V3,True
24871,2,2,Neutral-CoT,R1,V3,True
24902,2,2,Neutral-CoT,R1,V3,True
24959,2,2,Neutral-CoT,R1,V3,True
24975,1,1,Neutral-CoT,R1,V3,True
24995,1,1,Neutral-CoT,R1,V3,True
25015,2,2,Neutral-CoT,R1,V3,True
25038,1,1,Neutral-CoT,R1,V3,True
25109,2,2,Neutral-CoT,R1,V3,True
25137,1,1,Neutral-CoT,R1,V3,True
25155,1,1,Neutral-CoT,R1,V3,True
25239,2,2,Neutral-CoT,R1,V3,True
25270,1,1,Neutral-CoT,R1,V3,True
25302,2,2,Neutral-CoT,R1,V3,True
25337,1,1,Neutral-CoT,R1,V3,True
25348,1,1,Neutral-CoT,R1,V3,True
25369,2,2,Neutral-CoT,R1,V3,True
25416,1,1,Neutral-CoT,R1,V3,True
25435,1,1,Neutral-CoT,R1,V3,True
25447,1,1,Neutral-CoT,R1,V3,True
25471,2,2,Neutral-CoT,R1,V3,True
25523,2,2,Neutral-CoT,R1,V3,True
25591,1,1,Neutral-CoT,R1,V3,True
25650,1,1,Neutral-CoT,R1,V3,True
25690,2,1,Neutral-CoT,R1,V3,False
25698,2,1,Neutral-CoT,R1,V3,False
25856,1,1,Neutral-CoT,R1,V3,True
25868,1,1,Neutral-CoT,R1,V3,True
25990,2,2,Neutral-CoT,R1,V3,True
26032,1,1,Neutral-CoT,R1,V3,True
26129,2,2,Neutral-CoT,R1,V3,True
26161,2,1,Neutral-CoT,R1,V3,False
26178,2,2,Neutral-CoT,R1,V3,True
26211,2,2,Neutral-CoT,R1,V3,True
26281,2,2,Neutral-CoT,R1,V3,True
26287,2,2,Neutral-CoT,R1,V3,True
26292,1,1,Neutral-CoT,R1,V3,True
26302,1,1,Neutral-CoT,R1,V3,True
26321,2,2,Neutral-CoT,R1,V3,True
26337,1,1,Neutral-CoT,R1,V3,True
26480,2,2,Neutral-CoT,R1,V3,True
26492,2,2,Neutral-CoT,R1,V3,True
26528,1,1,Neutral-CoT,R1,V3,True
26556,1,1,Neutral-CoT,R1,V3,True
26575,2,2,Neutral-CoT,R1,V3,True
26678,2,2,Neutral-CoT,R1,V3,True
26714,2,2,Neutral-CoT,R1,V3,True
26831,1,1,Neutral-CoT,R1,V3,True
26865,2,2,Neutral-CoT,R1,V3,True
26878,2,2,Neutral-CoT,R1,V3,True
26995,1,1,Neutral-CoT,R1,V3,True
27029,1,1,Neutral-CoT,R1,V3,True
27088,1,1,Neutral-CoT,R1,V3,True
27101,1,1,Neutral-CoT,R1,V3,True
27395,2,2,Neutral-CoT,R1,V3,True
27431,2,2,Neutral-CoT,R1,V3,True
27497,1,1,Neutral-CoT,R1,V3,True
27524,2,2,Neutral-CoT,R1,V3,True
27558,2,2,Neutral-CoT,R1,V3,True
27668,2,2,Neutral-CoT,R1,V3,True
27688,2,2,Neutral-CoT,R1,V3,True
27740,2,2,Neutral-CoT,R1,V3,True
27786,2,2,Neutral-CoT,R1,V3,True
27828,2,2,Neutral-CoT,R1,V3,True
27904,2,2,Neutral-CoT,R1,V3,True
27910,2,2,Neutral-CoT,R1,V3,True
27911,2,2,Neutral-CoT,R1,V3,True
28011,2,2,Neutral-CoT,R1,V3,True
28019,1,1,Neutral-CoT,R1,V3,True
28051,2,2,Neutral-CoT,R1,V3,True
28057,2,2,Neutral-CoT,R1,V3,True
28067,2,2,Neutral-CoT,R1,V3,True
28114,2,2,Neutral-CoT,R1,V3,True
28222,2,2,Neutral-CoT,R1,V3,True
28262,2,2,Neutral-CoT,R1,V3,True
28271,1,1,Neutral-CoT,R1,V3,True
28339,1,2,Neutral-CoT,R1,V3,False
28341,1,1,Neutral-CoT,R1,V3,True
28365,2,2,Neutral-CoT,R1,V3,True
28463,2,2,Neutral-CoT,R1,V3,True
28490,1,1,Neutral-CoT,R1,V3,True
28550,2,2,Neutral-CoT,R1,V3,True
28574,2,2,Neutral-CoT,R1,V3,True
28656,2,2,Neutral-CoT,R1,V3,True
28674,2,2,Neutral-CoT,R1,V3,True
28728,1,1,Neutral-CoT,R1,V3,True
28789,2,2,Neutral-CoT,R1,V3,True
28814,2,2,Neutral-CoT,R1,V3,True
28822,2,2,Neutral-CoT,R1,V3,True
28963,1,1,Neutral-CoT,R1,V3,True
29070,2,2,Neutral-CoT,R1,V3,True
29105,2,2,Neutral-CoT,R1,V3,True
29132,1,1,Neutral-CoT,R1,V3,True
29144,1,1,Neutral-CoT,R1,V3,True
29243,2,2,Neutral-CoT,R1,V3,True
29385,1,1,Neutral-CoT,R1,V3,True
29417,2,2,Neutral-CoT,R1,V3,True
29454,2,2,Neutral-CoT,R1,V3,True
29465,2,2,Neutral-CoT,R1,V3,True
29484,2,2,Neutral-CoT,R1,V3,True
29629,1,1,Neutral-CoT,R1,V3,True
29768,1,1,Neutral-CoT,R1,V3,True
29880,1,1,Neutral-CoT,R1,V3,True
29903,1,1,Neutral-CoT,R1,V3,True
29912,1,1,Neutral-CoT,R1,V3,True
29978,2,1,Neutral-CoT,R1,V3,False
30052,1,1,Neutral-CoT,R1,V3,True
30118,1,1,Neutral-CoT,R1,V3,True
30131,2,2,Neutral-CoT,R1,V3,True
30137,2,2,Neutral-CoT,R1,V3,True
30143,1,1,Neutral-CoT,R1,V3,True
30180,1,1,Neutral-CoT,R1,V3,True
30259,1,1,Neutral-CoT,R1,V3,True
30273,2,2,Neutral-CoT,R1,V3,True
30285,2,2,Neutral-CoT,R1,V3,True
30328,1,1,Neutral-CoT,R1,V3,True
30329,1,1,Neutral-CoT,R1,V3,True
30336,2,2,Neutral-CoT,R1,V3,True
30340,1,1,Neutral-CoT,R1,V3,True
30367,2,2,Neutral-CoT,R1,V3,True
30498,1,1,Neutral-CoT,R1,V3,True
30514,1,1,Neutral-CoT,R1,V3,True
30544,1,1,Neutral-CoT,R1,V3,True
30694,2,2,Neutral-CoT,R1,V3,True
30701,2,2,Neutral-CoT,R1,V3,True
30710,2,2,Neutral-CoT,R1,V3,True
30794,2,2,Neutral-CoT,R1,V3,True
30846,1,1,Neutral-CoT,R1,V3,True
30856,2,2,Neutral-CoT,R1,V3,True
30872,2,2,Neutral-CoT,R1,V3,True
30880,1,1,Neutral-CoT,R1,V3,True
30899,1,1,Neutral-CoT,R1,V3,True
30922,2,2,Neutral-CoT,R1,V3,True
30936,2,2,Neutral-CoT,R1,V3,True
31029,1,1,Neutral-CoT,R1,V3,True
31060,1,1,Neutral-CoT,R1,V3,True
31081,2,2,Neutral-CoT,R1,V3,True
31089,1,1,Neutral-CoT,R1,V3,True
31129,2,2,Neutral-CoT,R1,V3,True
31138,1,1,Neutral-CoT,R1,V3,True
31148,1,1,Neutral-CoT,R1,V3,True
31247,1,1,Neutral-CoT,R1,V3,True
31266,2,2,Neutral-CoT,R1,V3,True
31350,2,2,Neutral-CoT,R1,V3,True
31386,2,2,Neutral-CoT,R1,V3,True
31483,2,2,Neutral-CoT,R1,V3,True
31568,1,1,Neutral-CoT,R1,V3,True
31597,1,1,Neutral-CoT,R1,V3,True
31622,1,1,Neutral-CoT,R1,V3,True
31628,1,1,Neutral-CoT,R1,V3,True
31634,1,1,Neutral-CoT,R1,V3,True
31665,1,1,Neutral-CoT,R1,V3,True
31720,1,1,Neutral-CoT,R1,V3,True
31728,1,1,Neutral-CoT,R1,V3,True
31883,2,2,Neutral-CoT,R1,V3,True
31907,2,2,Neutral-CoT,R1,V3,True
32003,2,2,Neutral-CoT,R1,V3,True
32090,1,1,Neutral-CoT,R1,V3,True
32112,2,2,Neutral-CoT,R1,V3,True
32116,2,2,Neutral-CoT,R1,V3,True
32131,2,2,Neutral-CoT,R1,V3,True
32167,2,1,Neutral-CoT,R1,V3,False
32177,2,2,Neutral-CoT,R1,V3,True
32263,2,2,Neutral-CoT,R1,V3,True
32265,1,1,Neutral-CoT,R1,V3,True
32323,2,2,Neutral-CoT,R1,V3,True
32372,1,1,Neutral-CoT,R1,V3,True
32463,2,2,Neutral-CoT,R1,V3,True
32518,1,1,Neutral-CoT,R1,V3,True
32558,2,2,Neutral-CoT,R1,V3,True
32572,2,2,Neutral-CoT,R1,V3,True
32638,1,1,Neutral-CoT,R1,V3,True
32679,1,1,Neutral-CoT,R1,V3,True
32722,2,2,Neutral-CoT,R1,V3,True
32747,1,1,Neutral-CoT,R1,V3,True
32753,2,2,Neutral-CoT,R1,V3,True
32785,1,1,Neutral-CoT,R1,V3,True
32872,2,2,Neutral-CoT,R1,V3,True
32894,1,1,Neutral-CoT,R1,V3,True
32913,2,2,Neutral-CoT,R1,V3,True
32963,1,2,Neutral-CoT,R1,V3,False
32972,2,2,Neutral-CoT,R1,V3,True
33067,2,2,Neutral-CoT,R1,V3,True
33126,2,2,Neutral-CoT,R1,V3,True
33141,2,2,Neutral-CoT,R1,V3,True
33154,1,1,Neutral-CoT,R1,V3,True
33212,1,1,Neutral-CoT,R1,V3,True
33262,2,2,Neutral-CoT,R1,V3,True
33291,2,2,Neutral-CoT,R1,V3,True
33322,2,2,Neutral-CoT,R1,V3,True
33433,2,1,Neutral-CoT,R1,V3,False
33470,1,1,Neutral-CoT,R1,V3,True
33504,1,1,Neutral-CoT,R1,V3,True
33618,2,2,Neutral-CoT,R1,V3,True
33649,1,1,Neutral-CoT,R1,V3,True
33743,2,2,Neutral-CoT,R1,V3,True
33765,2,2,Neutral-CoT,R1,V3,True
33780,1,1,Neutral-CoT,R1,V3,True
33806,1,1,Neutral-CoT,R1,V3,True
33808,2,2,Neutral-CoT,R1,V3,True
33856,1,1,Neutral-CoT,R1,V3,True
33859,2,2,Neutral-CoT,R1,V3,True
33890,2,2,Neutral-CoT,R1,V3,True
33936,2,2,Neutral-CoT,R1,V3,True
33940,1,1,Neutral-CoT,R1,V3,True
33961,1,1,Neutral-CoT,R1,V3,True
33962,2,2,Neutral-CoT,R1,V3,True
33986,1,1,Neutral-CoT,R1,V3,True
34029,2,2,Neutral-CoT,R1,V3,True
34084,1,1,Neutral-CoT,R1,V3,True
34125,2,2,Neutral-CoT,R1,V3,True
34143,2,2,Neutral-CoT,R1,V3,True
34171,1,1,Neutral-CoT,R1,V3,True
34215,2,2,Neutral-CoT,R1,V3,True
34276,1,1,Neutral-CoT,R1,V3,True
34332,2,2,Neutral-CoT,R1,V3,True
34404,2,2,Neutral-CoT,R1,V3,True
34414,1,2,Neutral-CoT,R1,V3,False
34456,2,2,Neutral-CoT,R1,V3,True
34460,2,2,Neutral-CoT,R1,V3,True
34500,1,1,Neutral-CoT,R1,V3,True
34667,2,2,Neutral-CoT,R1,V3,True
34714,2,2,Neutral-CoT,R1,V3,True
34754,2,2,Neutral-CoT,R1,V3,True
34812,2,2,Neutral-CoT,R1,V3,True
34915,2,1,Neutral-CoT,R1,V3,False
34918,2,2,Neutral-CoT,R1,V3,True
34930,2,2,Neutral-CoT,R1,V3,True
34944,2,2,Neutral-CoT,R1,V3,True
34983,2,2,Neutral-CoT,R1,V3,True
35058,2,2,Neutral-CoT,R1,V3,True
35064,1,1,Neutral-CoT,R1,V3,True
35127,2,2,Neutral-CoT,R1,V3,True
35156,2,2,Neutral-CoT,R1,V3,True
35174,1,1,Neutral-CoT,R1,V3,True
35191,2,2,Neutral-CoT,R1,V3,True
35201,2,2,Neutral-CoT,R1,V3,True
35204,2,2,Neutral-CoT,R1,V3,True
35282,2,2,Neutral-CoT,R1,V3,True
35287,1,1,Neutral-CoT,R1,V3,True
35429,2,2,Neutral-CoT,R1,V3,True
35564,2,2,Neutral-CoT,R1,V3,True
35592,1,1,Neutral-CoT,R1,V3,True
35643,2,2,Neutral-CoT,R1,V3,True
35653,1,2,Neutral-CoT,R1,V3,False
35715,2,2,Neutral-CoT,R1,V3,True
35732,2,2,Neutral-CoT,R1,V3,True
35738,2,2,Neutral-CoT,R1,V3,True
35743,2,2,Neutral-CoT,R1,V3,True
35871,2,2,Neutral-CoT,R1,V3,True
35880,2,2,Neutral-CoT,R1,V3,True
35912,1,1,Neutral-CoT,R1,V3,True
35918,2,2,Neutral-CoT,R1,V3,True
35939,2,2,Neutral-CoT,R1,V3,True
35991,2,2,Neutral-CoT,R1,V3,True
36100,2,2,Neutral-CoT,R1,V3,True
36117,1,1,Neutral-CoT,R1,V3,True
36126,2,2,Neutral-CoT,R1,V3,True
36186,2,2,Neutral-CoT,R1,V3,True
36190,1,1,Neutral-CoT,R1,V3,True
36199,2,2,Neutral-CoT,R1,V3,True
36209,1,1,Neutral-CoT,R1,V3,True
36223,2,2,Neutral-CoT,R1,V3,True
36247,1,1,Neutral-CoT,R1,V3,True
36341,2,2,Neutral-CoT,R1,V3,True
36419,2,2,Neutral-CoT,R1,V3,True
36434,2,2,Neutral-CoT,R1,V3,True
36449,1,1,Neutral-CoT,R1,V3,True
36482,2,2,Neutral-CoT,R1,V3,True
36557,2,2,Neutral-CoT,R1,V3,True
36686,2,2,Neutral-CoT,R1,V3,True
36734,1,1,Neutral-CoT,R1,V3,True
36743,1,1,Neutral-CoT,R1,V3,True
36767,2,2,Neutral-CoT,R1,V3,True
36812,2,2,Neutral-CoT,R1,V3,True
36819,2,2,Neutral-CoT,R1,V3,True
36849,2,2,Neutral-CoT,R1,V3,True
36960,2,2,Neutral-CoT,R1,V3,True
36974,2,2,Neutral-CoT,R1,V3,True
37006,2,2,Neutral-CoT,R1,V3,True
37016,2,2,Neutral-CoT,R1,V3,True
37020,1,1,Neutral-CoT,R1,V3,True
37082,2,2,Neutral-CoT,R1,V3,True
37102,2,2,Neutral-CoT,R1,V3,True
37114,2,2,Neutral-CoT,R1,V3,True
37124,2,2,Neutral-CoT,R1,V3,True
37245,1,1,Neutral-CoT,R1,V3,True
37367,2,2,Neutral-CoT,R1,V3,True
37422,1,1,Neutral-CoT,R1,V3,True
37432,2,2,Neutral-CoT,R1,V3,True
37490,1,1,Neutral-CoT,R1,V3,True
37537,2,2,Neutral-CoT,R1,V3,True
37542,1,1,Neutral-CoT,R1,V3,True
37569,2,2,Neutral-CoT,R1,V3,True
37614,2,2,Neutral-CoT,R1,V3,True
37617,2,2,Neutral-CoT,R1,V3,True
37679,1,1,Neutral-CoT,R1,V3,True
37723,2,2,Neutral-CoT,R1,V3,True
37725,2,1,Neutral-CoT,R1,V3,False
37741,2,2,Neutral-CoT,R1,V3,True
37842,1,1,Neutral-CoT,R1,V3,True
37909,1,1,Neutral-CoT,R1,V3,True
37955,1,1,Neutral-CoT,R1,V3,True
38026,2,2,Neutral-CoT,R1,V3,True
38068,2,2,Neutral-CoT,R1,V3,True
38078,2,2,Neutral-CoT,R1,V3,True
38130,1,2,Neutral-CoT,R1,V3,False
38144,1,1,Neutral-CoT,R1,V3,True
38146,1,1,Neutral-CoT,R1,V3,True
38166,1,1,Neutral-CoT,R1,V3,True
38168,1,1,Neutral-CoT,R1,V3,True
38191,2,2,Neutral-CoT,R1,V3,True
38245,1,1,Neutral-CoT,R1,V3,True
38267,2,2,Neutral-CoT,R1,V3,True
38352,1,1,Neutral-CoT,R1,V3,True
38395,1,1,Neutral-CoT,R1,V3,True
38425,2,2,Neutral-CoT,R1,V3,True
38485,1,1,Neutral-CoT,R1,V3,True
38518,1,1,Neutral-CoT,R1,V3,True
38530,1,1,Neutral-CoT,R1,V3,True
38533,2,2,Neutral-CoT,R1,V3,True
38554,2,2,Neutral-CoT,R1,V3,True
38562,2,2,Neutral-CoT,R1,V3,True
38593,2,2,Neutral-CoT,R1,V3,True
38627,2,2,Neutral-CoT,R1,V3,True
38721,1,1,Neutral-CoT,R1,V3,True
38773,2,2,Neutral-CoT,R1,V3,True
38802,2,2,Neutral-CoT,R1,V3,True
38811,2,2,Neutral-CoT,R1,V3,True
38829,1,1,Neutral-CoT,R1,V3,True
38928,2,2,Neutral-CoT,R1,V3,True
38947,1,1,Neutral-CoT,R1,V3,True
39000,1,1,Neutral-CoT,R1,V3,True
39152,1,1,Neutral-CoT,R1,V3,True
39199,1,1,Neutral-CoT,R1,V3,True
39321,1,1,Neutral-CoT,R1,V3,True
39356,2,2,Neutral-CoT,R1,V3,True
39388,2,2,Neutral-CoT,R1,V3,True
39457,1,1,Neutral-CoT,R1,V3,True
39532,2,2,Neutral-CoT,R1,V3,True
39553,2,2,Neutral-CoT,R1,V3,True
39557,1,1,Neutral-CoT,R1,V3,True
39715,1,1,Neutral-CoT,R1,V3,True
39795,2,1,Neutral-CoT,R1,V3,False
39804,1,1,Neutral-CoT,R1,V3,True
39833,2,2,Neutral-CoT,R1,V3,True
39842,1,1,Neutral-CoT,R1,V3,True
39864,2,2,Neutral-CoT,R1,V3,True
39884,2,2,Neutral-CoT,R1,V3,True
39918,2,1,Neutral-CoT,R1,V3,False
40029,1,1,Neutral-CoT,R1,V3,True
40068,1,1,Neutral-CoT,R1,V3,True
40135,1,1,Neutral-CoT,R1,V3,True
40145,2,2,Neutral-CoT,R1,V3,True
40164,1,1,Neutral-CoT,R1,V3,True
40296,2,2,Neutral-CoT,R1,V3,True
40497,2,2,Neutral-CoT,R1,V3,True
40535,1,1,Neutral-CoT,R1,V3,True
40542,2,2,Neutral-CoT,R1,V3,True
40622,2,2,Neutral-CoT,R1,V3,True
40625,2,2,Neutral-CoT,R1,V3,True
40653,2,2,Neutral-CoT,R1,V3,True
40762,1,1,Neutral-CoT,R1,V3,True
40853,1,1,Neutral-CoT,R1,V3,True
40855,2,2,Neutral-CoT,R1,V3,True
40857,2,2,Neutral-CoT,R1,V3,True
40920,2,1,Neutral-CoT,R1,V3,False
40969,1,1,Neutral-CoT,R1,V3,True
40991,1,1,Neutral-CoT,R1,V3,True
41001,2,2,Neutral-CoT,R1,V3,True
41077,1,1,Neutral-CoT,R1,V3,True
41103,2,2,Neutral-CoT,R1,V3,True
41152,2,2,Neutral-CoT,R1,V3,True
41237,1,1,Neutral-CoT,R1,V3,True
41239,1,1,Neutral-CoT,R1,V3,True
41273,1,1,Neutral-CoT,R1,V3,True
41368,1,1,Neutral-CoT,R1,V3,True
41416,1,1,Neutral-CoT,R1,V3,True
41457,1,2,Neutral-CoT,R1,V3,False
41472,1,1,Neutral-CoT,R1,V3,True
41514,2,2,Neutral-CoT,R1,V3,True
41581,2,2,Neutral-CoT,R1,V3,True
41590,1,1,Neutral-CoT,R1,V3,True
41607,1,2,Neutral-CoT,R1,V3,False
41636,1,1,Neutral-CoT,R1,V3,True
41704,1,1,Neutral-CoT,R1,V3,True
41836,1,1,Neutral-CoT,R1,V3,True
41906,2,2,Neutral-CoT,R1,V3,True
41973,2,2,Neutral-CoT,R1,V3,True
42006,2,2,Neutral-CoT,R1,V3,True
42040,1,1,Neutral-CoT,R1,V3,True
42067,1,1,Neutral-CoT,R1,V3,True
42086,2,2,Neutral-CoT,R1,V3,True
42112,2,2,Neutral-CoT,R1,V3,True
42166,2,2,Neutral-CoT,R1,V3,True
42185,2,2,Neutral-CoT,R1,V3,True
42228,2,2,Neutral-CoT,R1,V3,True
42330,1,1,Neutral-CoT,R1,V3,True
42335,2,2,Neutral-CoT,R1,V3,True
42344,2,2,Neutral-CoT,R1,V3,True
42391,2,2,Neutral-CoT,R1,V3,True
42468,2,2,Neutral-CoT,R1,V3,True
42520,2,1,Neutral-CoT,R1,V3,False
42521,1,1,Neutral-CoT,R1,V3,True
42572,2,2,Neutral-CoT,R1,V3,True
42585,1,1,Neutral-CoT,R1,V3,True
42609,2,2,Neutral-CoT,R1,V3,True
42714,2,2,Neutral-CoT,R1,V3,True
42860,2,2,Neutral-CoT,R1,V3,True
42886,2,2,Neutral-CoT,R1,V3,True
42922,2,2,Neutral-CoT,R1,V3,True
43042,1,1,Neutral-CoT,R1,V3,True
43070,2,2,Neutral-CoT,R1,V3,True
43191,1,1,Neutral-CoT,R1,V3,True
43285,1,1,Neutral-CoT,R1,V3,True
43295,2,2,Neutral-CoT,R1,V3,True
43350,2,2,Neutral-CoT,R1,V3,True
43486,1,1,Neutral-CoT,R1,V3,True
43526,2,2,Neutral-CoT,R1,V3,True
43621,2,2,Neutral-CoT,R1,V3,True
43668,2,2,Neutral-CoT,R1,V3,True
43764,2,2,Neutral-CoT,R1,V3,True
43811,2,2,Neutral-CoT,R1,V3,True
43878,1,1,Neutral-CoT,R1,V3,True
44063,2,2,Neutral-CoT,R1,V3,True
44064,2,2,Neutral-CoT,R1,V3,True
44167,2,2,Neutral-CoT,R1,V3,True
44178,2,2,Neutral-CoT,R1,V3,True
44313,2,2,Neutral-CoT,R1,V3,True
44380,1,1,Neutral-CoT,R1,V3,True
44400,2,2,Neutral-CoT,R1,V3,True
44415,2,2,Neutral-CoT,R1,V3,True
44430,2,2,Neutral-CoT,R1,V3,True
44444,2,2,Neutral-CoT,R1,V3,True
44458,2,2,Neutral-CoT,R1,V3,True
44475,2,1,Neutral-CoT,R1,V3,False
44479,2,2,Neutral-CoT,R1,V3,True
44628,1,1,Neutral-CoT,R1,V3,True
44682,1,1,Neutral-CoT,R1,V3,True
44812,2,2,Neutral-CoT,R1,V3,True
44833,1,2,Neutral-CoT,R1,V3,False
44841,1,1,Neutral-CoT,R1,V3,True
44887,2,2,Neutral-CoT,R1,V3,True
44967,1,1,Neutral-CoT,R1,V3,True
45012,2,2,Neutral-CoT,R1,V3,True
45024,1,1,Neutral-CoT,R1,V3,True
45075,2,2,Neutral-CoT,R1,V3,True
45117,2,2,Neutral-CoT,R1,V3,True
45137,2,2,Neutral-CoT,R1,V3,True
45184,1,1,Neutral-CoT,R1,V3,True
45190,1,1,Neutral-CoT,R1,V3,True
45199,1,1,Neutral-CoT,R1,V3,True
45289,1,2,Neutral-CoT,R1,V3,False
45337,1,1,Neutral-CoT,R1,V3,True
45340,2,2,Neutral-CoT,R1,V3,True
45390,2,2,Neutral-CoT,R1,V3,True
45424,2,1,Neutral-CoT,R1,V3,False
45470,2,2,Neutral-CoT,R1,V3,True
45492,1,1,Neutral-CoT,R1,V3,True
45529,2,2,Neutral-CoT,R1,V3,True
45544,2,2,Neutral-CoT,R1,V3,True
45784,1,1,Neutral-CoT,R1,V3,True
45800,2,2,Neutral-CoT,R1,V3,True
45811,2,2,Neutral-CoT,R1,V3,True
45837,1,1,Neutral-CoT,R1,V3,True
45857,2,2,Neutral-CoT,R1,V3,True
45893,2,2,Neutral-CoT,R1,V3,True
45919,1,1,Neutral-CoT,R1,V3,True
45938,2,2,Neutral-CoT,R1,V3,True
45983,2,2,Neutral-CoT,R1,V3,True
45985,1,1,Neutral-CoT,R1,V3,True
46026,2,1,Neutral-CoT,R1,V3,False
46132,1,1,Neutral-CoT,R1,V3,True
46147,1,1,Neutral-CoT,R1,V3,True
46160,1,1,Neutral-CoT,R1,V3,True
46218,1,2,Neutral-CoT,R1,V3,False
46346,1,1,Neutral-CoT,R1,V3,True
46372,2,2,Neutral-CoT,R1,V3,True
46555,2,2,Neutral-CoT,R1,V3,True
46569,2,2,Neutral-CoT,R1,V3,True
46595,2,2,Neutral-CoT,R1,V3,True
46674,1,1,Neutral-CoT,R1,V3,True
46707,2,2,Neutral-CoT,R1,V3,True
46710,2,2,Neutral-CoT,R1,V3,True
46751,2,2,Neutral-CoT,R1,V3,True
46756,1,1,Neutral-CoT,R1,V3,True
46758,2,2,Neutral-CoT,R1,V3,True
46810,2,2,Neutral-CoT,R1,V3,True
46859,2,2,Neutral-CoT,R1,V3,True
46880,1,1,Neutral-CoT,R1,V3,True
46894,2,2,Neutral-CoT,R1,V3,True
46969,2,2,Neutral-CoT,R1,V3,True
47024,2,1,Neutral-CoT,R1,V3,False
47060,2,2,Neutral-CoT,R1,V3,True
47065,1,1,Neutral-CoT,R1,V3,True
47097,1,1,Neutral-CoT,R1,V3,True
47139,2,2,Neutral-CoT,R1,V3,True
47169,2,2,Neutral-CoT,R1,V3,True
47174,2,1,Neutral-CoT,R1,V3,False
47216,2,2,Neutral-CoT,R1,V3,True
47246,2,2,Neutral-CoT,R1,V3,True
47249,2,2,Neutral-CoT,R1,V3,True
47362,1,1,Neutral-CoT,R1,V3,True
47371,1,1,Neutral-CoT,R1,V3,True
47560,1,1,Neutral-CoT,R1,V3,True
47619,2,2,Neutral-CoT,R1,V3,True
47865,2,2,Neutral-CoT,R1,V3,True
48180,2,2,Neutral-CoT,R1,V3,True
48182,1,1,Neutral-CoT,R1,V3,True
48217,2,2,Neutral-CoT,R1,V3,True
48246,1,1,Neutral-CoT,R1,V3,True
48329,1,1,Neutral-CoT,R1,V3,True
48352,1,2,Neutral-CoT,R1,V3,False
48355,2,2,Neutral-CoT,R1,V3,True
48359,1,1,Neutral-CoT,R1,V3,True
48434,2,2,Neutral-CoT,R1,V3,True
48441,2,2,Neutral-CoT,R1,V3,True
48449,2,2,Neutral-CoT,R1,V3,True
48506,2,2,Neutral-CoT,R1,V3,True
48538,2,2,Neutral-CoT,R1,V3,True
48541,1,1,Neutral-CoT,R1,V3,True
48562,2,2,Neutral-CoT,R1,V3,True
48563,2,2,Neutral-CoT,R1,V3,True
48587,1,1,Neutral-CoT,R1,V3,True
48607,2,2,Neutral-CoT,R1,V3,True
48618,1,1,Neutral-CoT,R1,V3,True
48728,1,1,Neutral-CoT,R1,V3,True
48859,2,2,Neutral-CoT,R1,V3,True
48898,1,1,Neutral-CoT,R1,V3,True
48976,2,2,Neutral-CoT,R1,V3,True
49004,1,1,Neutral-CoT,R1,V3,True
49029,1,1,Neutral-CoT,R1,V3,True
49047,1,1,Neutral-CoT,R1,V3,True
49052,1,1,Neutral-CoT,R1,V3,True
49095,1,1,Neutral-CoT,R1,V3,True
49132,1,1,Neutral-CoT,R1,V3,True
49146,1,1,Neutral-CoT,R1,V3,True
49168,2,2,Neutral-CoT,R1,V3,True
49182,2,2,Neutral-CoT,R1,V3,True
49189,1,1,Neutral-CoT,R1,V3,True
49213,1,1,Neutral-CoT,R1,V3,True
49228,1,1,Neutral-CoT,R1,V3,True
49239,1,1,Neutral-CoT,R1,V3,True
49242,2,2,Neutral-CoT,R1,V3,True
49325,1,1,Neutral-CoT,R1,V3,True
49400,2,2,Neutral-CoT,R1,V3,True
49460,1,1,Neutral-CoT,R1,V3,True
49700,1,1,Neutral-CoT,R1,V3,True
49737,1,1,Neutral-CoT,R1,V3,True
49765,2,2,Neutral-CoT,R1,V3,True
49777,2,1,Neutral-CoT,R1,V3,False
49804,2,2,Neutral-CoT,R1,V3,True
49855,2,2,Neutral-CoT,R1,V3,True
49870,2,2,Neutral-CoT,R1,V3,True
49943,2,2,Neutral-CoT,R1,V3,True
49950,2,2,Neutral-CoT,R1,V3,True
49959,2,2,Neutral-CoT,R1,V3,True
49971,1,1,Neutral-CoT,R1,V3,True
55,2,2,EI,CN,CT,True
107,2,2,EI,CN,CT,True
176,1,1,EI,CN,CT,True
257,1,1,EI,CN,CT,True
284,2,2,EI,CN,CT,True
287,1,1,EI,CN,CT,True
310,2,2,EI,CN,CT,True
337,2,2,EI,CN,CT,True
379,2,2,EI,CN,CT,True
393,2,2,EI,CN,CT,True
405,2,2,EI,CN,CT,True
450,2,2,EI,CN,CT,True
504,2,2,EI,CN,CT,True
545,1,1,EI,CN,CT,True
626,2,2,EI,CN,CT,True
715,2,2,EI,CN,CT,True
722,1,1,EI,CN,CT,True
793,2,2,EI,CN,CT,True
804,2,2,EI,CN,CT,True
813,2,2,EI,CN,CT,True
856,2,2,EI,CN,CT,True
893,2,2,EI,CN,CT,True
922,1,1,EI,CN,CT,True
1029,2,2,EI,CN,CT,True
1057,1,1,EI,CN,CT,True
1106,1,1,EI,CN,CT,True
1176,2,2,EI,CN,CT,True
1199,2,1,EI,CN,CT,False
1200,2,2,EI,CN,CT,True
1227,2,2,EI,CN,CT,True
1261,2,2,EI,CN,CT,True
1290,1,1,EI,CN,CT,True
1347,1,1,EI,CN,CT,True
1352,2,2,EI,CN,CT,True
1363,2,2,EI,CN,CT,True
1434,2,2,EI,CN,CT,True
1481,1,1,EI,CN,CT,True
1545,2,1,EI,CN,CT,False
1552,1,1,EI,CN,CT,True
1573,1,1,EI,CN,CT,True
1656,2,2,EI,CN,CT,True
1687,1,1,EI,CN,CT,True
1707,2,2,EI,CN,CT,True
1733,2,2,EI,CN,CT,True
1735,2,2,EI,CN,CT,True
1755,2,2,EI,CN,CT,True
1808,2,2,EI,CN,CT,True
1814,2,2,EI,CN,CT,True
1819,2,2,EI,CN,CT,True
1822,1,1,EI,CN,CT,True
1823,1,1,EI,CN,CT,True
2004,2,2,EI,CN,CT,True
2039,2,2,EI,CN,CT,True
2055,1,1,EI,CN,CT,True
2068,2,2,EI,CN,CT,True
2155,2,2,EI,CN,CT,True
2170,1,1,EI,CN,CT,True
2221,2,2,EI,CN,CT,True
2288,2,2,EI,CN,CT,True
2375,2,2,EI,CN,CT,True
2379,1,1,EI,CN,CT,True
2408,1,1,EI,CN,CT,True
2426,2,2,EI,CN,CT,True
2584,2,2,EI,CN,CT,True
2585,1,1,EI,CN,CT,True
2600,1,1,EI,CN,CT,True
2732,2,2,EI,CN,CT,True
2844,1,1,EI,CN,CT,True
2891,2,2,EI,CN,CT,True
2932,2,2,EI,CN,CT,True
2983,2,1,EI,CN,CT,False
3056,1,1,EI,CN,CT,True
3081,1,1,EI,CN,CT,True
3102,1,1,EI,CN,CT,True
3191,1,1,EI,CN,CT,True
3230,1,1,EI,CN,CT,True
3297,1,1,EI,CN,CT,True
3363,1,1,EI,CN,CT,True
3367,2,2,EI,CN,CT,True
3385,1,1,EI,CN,CT,True
3400,1,1,EI,CN,CT,True
3418,1,1,EI,CN,CT,True
3429,2,2,EI,CN,CT,True
3440,1,1,EI,CN,CT,True
3512,2,2,EI,CN,CT,True
3524,1,1,EI,CN,CT,True
3567,1,1,EI,CN,CT,True
3631,2,2,EI,CN,CT,True
3811,1,2,EI,CN,CT,False
3824,1,1,EI,CN,CT,True
3867,1,1,EI,CN,CT,True
3912,1,1,EI,CN,CT,True
3929,2,1,EI,CN,CT,False
3971,2,2,EI,CN,CT,True
3979,2,2,EI,CN,CT,True
4066,2,2,EI,CN,CT,True
4087,2,2,EI,CN,CT,True
4153,2,2,EI,CN,CT,True
4182,2,1,EI,CN,CT,False
4187,1,1,EI,CN,CT,True
4207,1,1,EI,CN,CT,True
4211,1,1,EI,CN,CT,True
4303,1,1,EI,CN,CT,True
4314,1,1,EI,CN,CT,True
4339,2,2,EI,CN,CT,True
4348,2,2,EI,CN,CT,True
4447,1,1,EI,CN,CT,True
4462,1,1,EI,CN,CT,True
4591,1,1,EI,CN,CT,True
4624,2,2,EI,CN,CT,True
4651,2,2,EI,CN,CT,True
4652,1,1,EI,CN,CT,True
4663,1,1,EI,CN,CT,True
4706,2,2,EI,CN,CT,True
4716,1,1,EI,CN,CT,True
4744,2,2,EI,CN,CT,True
4767,1,1,EI,CN,CT,True
4795,1,1,EI,CN,CT,True
4797,1,1,EI,CN,CT,True
4812,2,2,EI,CN,CT,True
4827,2,2,EI,CN,CT,True
4829,2,2,EI,CN,CT,True
4851,2,2,EI,CN,CT,True
4865,1,1,EI,CN,CT,True
4871,1,1,EI,CN,CT,True
4927,2,2,EI,CN,CT,True
5006,1,2,EI,CN,CT,False
5009,1,1,EI,CN,CT,True
5024,1,1,EI,CN,CT,True
5070,1,1,EI,CN,CT,True
5086,2,2,EI,CN,CT,True
5119,1,1,EI,CN,CT,True
5120,2,2,EI,CN,CT,True
5159,1,1,EI,CN,CT,True
5406,1,1,EI,CN,CT,True
5424,2,2,EI,CN,CT,True
5475,1,2,EI,CN,CT,False
5499,1,1,EI,CN,CT,True
5570,1,1,EI,CN,CT,True
5586,2,2,EI,CN,CT,True
5619,2,2,EI,CN,CT,True
5651,1,1,EI,CN,CT,True
5741,1,2,EI,CN,CT,False
5797,2,2,EI,CN,CT,True
5824,2,2,EI,CN,CT,True
5829,1,1,EI,CN,CT,True
5834,1,1,EI,CN,CT,True
5906,2,2,EI,CN,CT,True
5913,2,2,EI,CN,CT,True
5938,2,2,EI,CN,CT,True
5957,2,2,EI,CN,CT,True
5998,2,2,EI,CN,CT,True
6010,2,2,EI,CN,CT,True
6059,2,2,EI,CN,CT,True
6111,1,1,EI,CN,CT,True
6137,1,1,EI,CN,CT,True
6156,1,1,EI,CN,CT,True
6252,1,1,EI,CN,CT,True
6253,2,2,EI,CN,CT,True
6255,2,2,EI,CN,CT,True
6295,1,1,EI,CN,CT,True
6347,1,1,EI,CN,CT,True
6374,1,1,EI,CN,CT,True
6420,1,1,EI,CN,CT,True
6452,1,1,EI,CN,CT,True
6465,1,1,EI,CN,CT,True
6484,2,2,EI,CN,CT,True
6488,1,1,EI,CN,CT,True
6595,1,1,EI,CN,CT,True
6631,1,1,EI,CN,CT,True
6715,2,2,EI,CN,CT,True
6728,1,1,EI,CN,CT,True
6756,2,2,EI,CN,CT,True
6812,1,1,EI,CN,CT,True
6824,1,1,EI,CN,CT,True
6826,2,2,EI,CN,CT,True
6842,1,1,EI,CN,CT,True
6867,1,1,EI,CN,CT,True
6868,2,2,EI,CN,CT,True
6899,2,2,EI,CN,CT,True
6977,2,2,EI,CN,CT,True
6991,1,1,EI,CN,CT,True
7001,2,2,EI,CN,CT,True
7004,1,1,EI,CN,CT,True
7070,2,2,EI,CN,CT,True
7099,1,1,EI,CN,CT,True
7194,2,2,EI,CN,CT,True
7220,2,2,EI,CN,CT,True
7235,2,2,EI,CN,CT,True
7313,2,2,EI,CN,CT,True
7387,1,1,EI,CN,CT,True
7407,1,1,EI,CN,CT,True
7430,2,2,EI,CN,CT,True
7439,1,1,EI,CN,CT,True
7451,1,2,EI,CN,CT,False
7498,2,2,EI,CN,CT,True
7550,1,1,EI,CN,CT,True
7553,2,2,EI,CN,CT,True
7555,1,1,EI,CN,CT,True
7581,2,2,EI,CN,CT,True
7599,2,2,EI,CN,CT,True
7631,1,1,EI,CN,CT,True
7654,1,1,EI,CN,CT,True
7687,1,1,EI,CN,CT,True
7723,1,1,EI,CN,CT,True
7756,2,1,EI,CN,CT,False
7887,1,1,EI,CN,CT,True
7894,1,1,EI,CN,CT,True
7915,2,2,EI,CN,CT,True
7949,2,2,EI,CN,CT,True
7972,2,1,EI,CN,CT,False
8015,2,2,EI,CN,CT,True
8033,1,1,EI,CN,CT,True
8139,1,1,EI,CN,CT,True
8217,1,1,EI,CN,CT,True
8268,2,2,EI,CN,CT,True
8366,2,2,EI,CN,CT,True
8444,1,1,EI,CN,CT,True
8477,1,1,EI,CN,CT,True
8580,2,2,EI,CN,CT,True
8614,1,1,EI,CN,CT,True
8630,2,2,EI,CN,CT,True
8637,2,1,EI,CN,CT,False
8672,1,1,EI,CN,CT,True
8800,1,1,EI,CN,CT,True
8816,2,2,EI,CN,CT,True
8902,2,2,EI,CN,CT,True
8923,2,2,EI,CN,CT,True
8948,1,1,EI,CN,CT,True
8993,1,1,EI,CN,CT,True
9004,1,1,EI,CN,CT,True
9089,2,2,EI,CN,CT,True
9102,2,2,EI,CN,CT,True
9120,1,1,EI,CN,CT,True
9134,2,2,EI,CN,CT,True
9246,2,2,EI,CN,CT,True
9268,1,1,EI,CN,CT,True
9324,1,2,EI,CN,CT,False
9325,1,1,EI,CN,CT,True
9349,2,2,EI,CN,CT,True
9357,2,2,EI,CN,CT,True
9417,1,1,EI,CN,CT,True
9465,1,1,EI,CN,CT,True
9469,2,2,EI,CN,CT,True
9485,2,2,EI,CN,CT,True
9544,1,1,EI,CN,CT,True
9595,1,1,EI,CN,CT,True
9632,2,2,EI,CN,CT,True
9635,2,2,EI,CN,CT,True
9677,2,2,EI,CN,CT,True
9715,1,1,EI,CN,CT,True
9724,1,1,EI,CN,CT,True
9774,2,2,EI,CN,CT,True
9796,1,1,EI,CN,CT,True
9892,2,2,EI,CN,CT,True
9899,1,1,EI,CN,CT,True
9907,2,2,EI,CN,CT,True
9934,1,1,EI,CN,CT,True
9955,2,1,EI,CN,CT,False
9987,1,1,EI,CN,CT,True
10022,1,1,EI,CN,CT,True
10156,1,1,EI,CN,CT,True
10163,1,1,EI,CN,CT,True
10174,1,1,EI,CN,CT,True
10210,1,1,EI,CN,CT,True
10301,2,1,EI,CN,CT,False
10328,1,1,EI,CN,CT,True
10330,2,2,EI,CN,CT,True
10375,1,1,EI,CN,CT,True
10400,1,1,EI,CN,CT,True
10423,2,2,EI,CN,CT,True
10434,1,1,EI,CN,CT,True
10450,2,2,EI,CN,CT,True
10566,2,2,EI,CN,CT,True
10600,1,1,EI,CN,CT,True
10610,2,2,EI,CN,CT,True
10621,2,2,EI,CN,CT,True
10634,2,2,EI,CN,CT,True
10713,2,1,EI,CN,CT,False
10771,2,2,EI,CN,CT,True
10910,2,2,EI,CN,CT,True
10954,2,2,EI,CN,CT,True
10978,1,1,EI,CN,CT,True
11024,2,2,EI,CN,CT,True
11101,1,1,EI,CN,CT,True
11102,1,1,EI,CN,CT,True
11112,2,1,EI,CN,CT,False
11120,2,2,EI,CN,CT,True
11132,1,1,EI,CN,CT,True
11189,2,2,EI,CN,CT,True
11241,1,1,EI,CN,CT,True
11264,2,2,EI,CN,CT,True
11283,1,2,EI,CN,CT,False
11511,2,2,EI,CN,CT,True
11514,1,1,EI,CN,CT,True
11523,2,2,EI,CN,CT,True
11525,1,1,EI,CN,CT,True
11553,1,1,EI,CN,CT,True
11596,1,1,EI,CN,CT,True
11603,1,1,EI,CN,CT,True
11630,1,1,EI,CN,CT,True
11647,1,1,EI,CN,CT,True
11742,2,2,EI,CN,CT,True
11786,1,1,EI,CN,CT,True
11850,2,2,EI,CN,CT,True
11870,1,1,EI,CN,CT,True
11874,1,1,EI,CN,CT,True
11930,1,1,EI,CN,CT,True
11935,2,2,EI,CN,CT,True
11967,1,1,EI,CN,CT,True
12012,2,2,EI,CN,CT,True
12074,1,1,EI,CN,CT,True
12143,2,2,EI,CN,CT,True
12151,1,1,EI,CN,CT,True
12153,1,1,EI,CN,CT,True
12219,1,1,EI,CN,CT,True
12271,2,2,EI,CN,CT,True
12284,2,2,EI,CN,CT,True
12285,1,1,EI,CN,CT,True
12301,1,1,EI,CN,CT,True
12305,1,1,EI,CN,CT,True
12323,1,1,EI,CN,CT,True
12429,2,2,EI,CN,CT,True
12472,2,2,EI,CN,CT,True
12486,2,2,EI,CN,CT,True
12494,1,1,EI,CN,CT,True
12627,1,1,EI,CN,CT,True
12645,1,1,EI,CN,CT,True
12732,1,1,EI,CN,CT,True
12798,2,2,EI,CN,CT,True
12830,2,2,EI,CN,CT,True
12860,2,2,EI,CN,CT,True
12896,1,1,EI,CN,CT,True
12903,2,2,EI,CN,CT,True
12926,2,2,EI,CN,CT,True
12936,2,2,EI,CN,CT,True
12948,2,2,EI,CN,CT,True
12975,2,2,EI,CN,CT,True
12998,1,2,EI,CN,CT,False
13035,1,1,EI,CN,CT,True
13050,2,2,EI,CN,CT,True
13113,2,2,EI,CN,CT,True
13115,2,2,EI,CN,CT,True
13137,2,2,EI,CN,CT,True
13141,1,1,EI,CN,CT,True
13200,1,1,EI,CN,CT,True
13227,2,2,EI,CN,CT,True
13319,1,1,EI,CN,CT,True
13334,1,1,EI,CN,CT,True
13384,1,1,EI,CN,CT,True
13400,1,1,EI,CN,CT,True
13447,2,2,EI,CN,CT,True
13469,2,2,EI,CN,CT,True
13484,2,2,EI,CN,CT,True
13518,2,2,EI,CN,CT,True
13531,2,1,EI,CN,CT,False
13562,2,2,EI,CN,CT,True
13726,2,2,EI,CN,CT,True
13785,1,1,EI,CN,CT,True
13843,2,2,EI,CN,CT,True
13864,2,2,EI,CN,CT,True
13874,1,1,EI,CN,CT,True
13920,1,1,EI,CN,CT,True
13923,2,2,EI,CN,CT,True
13996,1,1,EI,CN,CT,True
14011,2,2,EI,CN,CT,True
14055,2,2,EI,CN,CT,True
14074,2,2,EI,CN,CT,True
14137,2,2,EI,CN,CT,True
14139,2,2,EI,CN,CT,True
14224,2,2,EI,CN,CT,True
14259,1,1,EI,CN,CT,True
14300,1,1,EI,CN,CT,True
14325,1,1,EI,CN,CT,True
14408,1,1,EI,CN,CT,True
14469,1,1,EI,CN,CT,True
14488,1,1,EI,CN,CT,True
14532,2,2,EI,CN,CT,True
14550,2,2,EI,CN,CT,True
14557,1,1,EI,CN,CT,True
14581,1,2,EI,CN,CT,False
14617,2,2,EI,CN,CT,True
14707,1,1,EI,CN,CT,True
14759,2,2,EI,CN,CT,True
14793,1,1,EI,CN,CT,True
14796,2,2,EI,CN,CT,True
14818,1,1,EI,CN,CT,True
14845,2,2,EI,CN,CT,True
14858,2,2,EI,CN,CT,True
14868,1,1,EI,CN,CT,True
14900,1,1,EI,CN,CT,True
14932,2,2,EI,CN,CT,True
14970,2,2,EI,CN,CT,True
14988,2,2,EI,CN,CT,True
15035,1,1,EI,CN,CT,True
15066,2,2,EI,CN,CT,True
15131,1,1,EI,CN,CT,True
15133,2,2,EI,CN,CT,True
15176,2,2,EI,CN,CT,True
15189,1,1,EI,CN,CT,True
15254,1,1,EI,CN,CT,True
15290,1,1,EI,CN,CT,True
15363,2,2,EI,CN,CT,True
15452,2,2,EI,CN,CT,True
15535,2,2,EI,CN,CT,True
15538,1,1,EI,CN,CT,True
15555,2,2,EI,CN,CT,True
15585,1,2,EI,CN,CT,False
15614,2,2,EI,CN,CT,True
15620,2,2,EI,CN,CT,True
15693,1,1,EI,CN,CT,True
15721,2,2,EI,CN,CT,True
15735,1,1,EI,CN,CT,True
15799,2,2,EI,CN,CT,True
15810,2,1,EI,CN,CT,False
15822,1,1,EI,CN,CT,True
15883,1,1,EI,CN,CT,True
15894,1,1,EI,CN,CT,True
15980,2,2,EI,CN,CT,True
16011,1,1,EI,CN,CT,True
16114,1,1,EI,CN,CT,True
16120,1,1,EI,CN,CT,True
16170,2,2,EI,CN,CT,True
16174,1,1,EI,CN,CT,True
16212,1,1,EI,CN,CT,True
16213,1,1,EI,CN,CT,True
16230,1,1,EI,CN,CT,True
16264,1,1,EI,CN,CT,True
16339,1,1,EI,CN,CT,True
16355,2,2,EI,CN,CT,True
16398,1,1,EI,CN,CT,True
16572,1,1,EI,CN,CT,True
16600,1,1,EI,CN,CT,True
16614,1,1,EI,CN,CT,True
16642,1,1,EI,CN,CT,True
16731,1,1,EI,CN,CT,True
16801,2,2,EI,CN,CT,True
16845,1,1,EI,CN,CT,True
16858,2,2,EI,CN,CT,True
16891,1,1,EI,CN,CT,True
16903,1,1,EI,CN,CT,True
16977,1,1,EI,CN,CT,True
17002,2,2,EI,CN,CT,True
17048,1,1,EI,CN,CT,True
17079,2,2,EI,CN,CT,True
17121,2,2,EI,CN,CT,True
17165,2,2,EI,CN,CT,True
17212,1,1,EI,CN,CT,True
17227,1,1,EI,CN,CT,True
17241,2,2,EI,CN,CT,True
17280,2,2,EI,CN,CT,True
17322,1,1,EI,CN,CT,True
17355,2,2,EI,CN,CT,True
17361,1,1,EI,CN,CT,True
17364,2,1,EI,CN,CT,False
17386,2,2,EI,CN,CT,True
17423,2,2,EI,CN,CT,True
17455,1,1,EI,CN,CT,True
17468,1,1,EI,CN,CT,True
17475,1,1,EI,CN,CT,True
17585,2,2,EI,CN,CT,True
17693,1,1,EI,CN,CT,True
17744,2,2,EI,CN,CT,True
17746,2,2,EI,CN,CT,True
17792,1,1,EI,CN,CT,True
17806,2,2,EI,CN,CT,True
17841,2,2,EI,CN,CT,True
17877,1,1,EI,CN,CT,True
17885,2,2,EI,CN,CT,True
17963,2,2,EI,CN,CT,True
18223,2,2,EI,CN,CT,True
18290,1,1,EI,CN,CT,True
18337,1,1,EI,CN,CT,True
18550,2,2,EI,CN,CT,True
18597,1,1,EI,CN,CT,True
18613,2,2,EI,CN,CT,True
18630,2,2,EI,CN,CT,True
18631,1,1,EI,CN,CT,True
18643,1,1,EI,CN,CT,True
18652,1,1,EI,CN,CT,True
18656,1,2,EI,CN,CT,False
18670,2,1,EI,CN,CT,False
18805,1,1,EI,CN,CT,True
18806,1,1,EI,CN,CT,True
18820,1,1,EI,CN,CT,True
18839,2,2,EI,CN,CT,True
18874,1,1,EI,CN,CT,True
18886,1,1,EI,CN,CT,True
18935,1,1,EI,CN,CT,True
18961,2,2,EI,CN,CT,True
18970,1,1,EI,CN,CT,True
18998,2,2,EI,CN,CT,True
19036,2,2,EI,CN,CT,True
19045,2,2,EI,CN,CT,True
19113,2,2,EI,CN,CT,True
19164,1,2,EI,CN,CT,False
19267,2,2,EI,CN,CT,True
19295,1,1,EI,CN,CT,True
19331,2,2,EI,CN,CT,True
19341,1,1,EI,CN,CT,True
19363,1,1,EI,CN,CT,True
19383,1,1,EI,CN,CT,True
19385,2,2,EI,CN,CT,True
19395,2,2,EI,CN,CT,True
19486,2,2,EI,CN,CT,True
19496,2,2,EI,CN,CT,True
19532,1,1,EI,CN,CT,True
19538,1,1,EI,CN,CT,True
19599,2,2,EI,CN,CT,True
19643,1,1,EI,CN,CT,True
19686,1,1,EI,CN,CT,True
19738,1,1,EI,CN,CT,True
19794,1,1,EI,CN,CT,True
19811,1,1,EI,CN,CT,True
19826,2,2,EI,CN,CT,True
19830,2,2,EI,CN,CT,True
19839,2,2,EI,CN,CT,True
19854,2,2,EI,CN,CT,True
19900,1,2,EI,CN,CT,False
19915,1,1,EI,CN,CT,True
19967,1,1,EI,CN,CT,True
19968,2,2,EI,CN,CT,True
20031,1,1,EI,CN,CT,True
20132,2,2,EI,CN,CT,True
20270,1,1,EI,CN,CT,True
20283,1,2,EI,CN,CT,False
20299,2,2,EI,CN,CT,True
20338,1,1,EI,CN,CT,True
20351,2,2,EI,CN,CT,True
20380,2,2,EI,CN,CT,True
20420,1,1,EI,CN,CT,True
20422,1,1,EI,CN,CT,True
20431,1,1,EI,CN,CT,True
20443,1,1,EI,CN,CT,True
20446,2,2,EI,CN,CT,True
20465,1,1,EI,CN,CT,True
20467,1,2,EI,CN,CT,False
20504,2,2,EI,CN,CT,True
20528,1,1,EI,CN,CT,True
20542,1,1,EI,CN,CT,True
20549,2,1,EI,CN,CT,False
20609,1,1,EI,CN,CT,True
20666,1,1,EI,CN,CT,True
20677,1,1,EI,CN,CT,True
20685,2,2,EI,CN,CT,True
20716,2,2,EI,CN,CT,True
20717,2,2,EI,CN,CT,True
20839,2,2,EI,CN,CT,True
20853,1,1,EI,CN,CT,True
20869,2,2,EI,CN,CT,True
20890,2,2,EI,CN,CT,True
20895,2,1,EI,CN,CT,False
20964,1,1,EI,CN,CT,True
20971,2,2,EI,CN,CT,True
21016,1,1,EI,CN,CT,True
21051,2,2,EI,CN,CT,True
21067,2,2,EI,CN,CT,True
21074,1,1,EI,CN,CT,True
21098,2,2,EI,CN,CT,True
21130,2,2,EI,CN,CT,True
21158,1,1,EI,CN,CT,True
21165,1,1,EI,CN,CT,True
21167,1,1,EI,CN,CT,True
21173,1,1,EI,CN,CT,True
21180,2,2,EI,CN,CT,True
21203,2,2,EI,CN,CT,True
21210,1,1,EI,CN,CT,True
21399,1,1,EI,CN,CT,True
21509,2,2,EI,CN,CT,True
21544,2,2,EI,CN,CT,True
21598,1,2,EI,CN,CT,False
21606,2,2,EI,CN,CT,True
21608,1,1,EI,CN,CT,True
21629,1,1,EI,CN,CT,True
21630,1,2,EI,CN,CT,False
21691,1,1,EI,CN,CT,True
21847,2,2,EI,CN,CT,True
21910,2,2,EI,CN,CT,True
21935,1,1,EI,CN,CT,True
21961,1,2,EI,CN,CT,False
21976,1,1,EI,CN,CT,True
21987,2,2,EI,CN,CT,True
22043,2,2,EI,CN,CT,True
22052,1,1,EI,CN,CT,True
22065,1,1,EI,CN,CT,True
22066,2,2,EI,CN,CT,True
22126,2,2,EI,CN,CT,True
22166,2,2,EI,CN,CT,True
22184,2,2,EI,CN,CT,True
22189,2,2,EI,CN,CT,True
22194,2,2,EI,CN,CT,True
22266,1,1,EI,CN,CT,True
22314,2,2,EI,CN,CT,True
22356,2,2,EI,CN,CT,True
22467,2,2,EI,CN,CT,True
22679,1,1,EI,CN,CT,True
22707,2,2,EI,CN,CT,True
22767,2,2,EI,CN,CT,True
22770,1,1,EI,CN,CT,True
22814,1,1,EI,CN,CT,True
22819,2,2,EI,CN,CT,True
22833,1,1,EI,CN,CT,True
22849,2,2,EI,CN,CT,True
22966,2,2,EI,CN,CT,True
23023,1,1,EI,CN,CT,True
23052,1,1,EI,CN,CT,True
23089,1,1,EI,CN,CT,True
23103,2,2,EI,CN,CT,True
23104,2,2,EI,CN,CT,True
23128,1,1,EI,CN,CT,True
23200,1,1,EI,CN,CT,True
23313,2,2,EI,CN,CT,True
23322,1,1,EI,CN,CT,True
23323,1,1,EI,CN,CT,True
23404,2,2,EI,CN,CT,True
23415,2,2,EI,CN,CT,True
23440,2,2,EI,CN,CT,True
23453,2,2,EI,CN,CT,True
23505,1,1,EI,CN,CT,True
23514,2,2,EI,CN,CT,True
23524,1,1,EI,CN,CT,True
23530,2,2,EI,CN,CT,True
23534,1,1,EI,CN,CT,True
23574,1,1,EI,CN,CT,True
23584,1,1,EI,CN,CT,True
23605,1,1,EI,CN,CT,True
23620,2,2,EI,CN,CT,True
23648,2,2,EI,CN,CT,True
23699,2,2,EI,CN,CT,True
23713,2,2,EI,CN,CT,True
23779,1,1,EI,CN,CT,True
23871,1,1,EI,CN,CT,True
23873,1,1,EI,CN,CT,True
23901,1,1,EI,CN,CT,True
24026,2,2,EI,CN,CT,True
24163,1,1,EI,CN,CT,True
24174,2,2,EI,CN,CT,True
24260,2,2,EI,CN,CT,True
24291,2,2,EI,CN,CT,True
24304,1,1,EI,CN,CT,True
24334,2,2,EI,CN,CT,True
24405,2,2,EI,CN,CT,True
24408,1,1,EI,CN,CT,True
24500,2,2,EI,CN,CT,True
24541,2,2,EI,CN,CT,True
24573,1,1,EI,CN,CT,True
24577,1,1,EI,CN,CT,True
24637,2,2,EI,CN,CT,True
24673,2,2,EI,CN,CT,True
24706,1,1,EI,CN,CT,True
24740,2,2,EI,CN,CT,True
24774,2,2,EI,CN,CT,True
24836,1,1,EI,CN,CT,True
24871,1,1,EI,CN,CT,True
24902,2,2,EI,CN,CT,True
24959,1,1,EI,CN,CT,True
24975,1,1,EI,CN,CT,True
24995,1,1,EI,CN,CT,True
25015,2,1,EI,CN,CT,False
25038,1,1,EI,CN,CT,True
25109,2,2,EI,CN,CT,True
25137,1,1,EI,CN,CT,True
25155,1,1,EI,CN,CT,True
25239,2,2,EI,CN,CT,True
25270,1,1,EI,CN,CT,True
25302,2,2,EI,CN,CT,True
25337,1,1,EI,CN,CT,True
25348,1,1,EI,CN,CT,True
25369,2,2,EI,CN,CT,True
25416,1,1,EI,CN,CT,True
25435,1,1,EI,CN,CT,True
25447,1,1,EI,CN,CT,True
25448,2,2,EI,CN,CT,True
25471,2,2,EI,CN,CT,True
25591,2,1,EI,CN,CT,False
25650,1,1,EI,CN,CT,True
25690,1,1,EI,CN,CT,True
25698,2,2,EI,CN,CT,True
25856,1,1,EI,CN,CT,True
25990,2,2,EI,CN,CT,True
26032,1,1,EI,CN,CT,True
26129,2,2,EI,CN,CT,True
26161,1,1,EI,CN,CT,True
26178,2,2,EI,CN,CT,True
26211,2,2,EI,CN,CT,True
26281,1,2,EI,CN,CT,False
26287,2,2,EI,CN,CT,True
26292,1,1,EI,CN,CT,True
26302,1,1,EI,CN,CT,True
26321,2,2,EI,CN,CT,True
26337,1,1,EI,CN,CT,True
26345,1,1,EI,CN,CT,True
26480,2,2,EI,CN,CT,True
26492,2,2,EI,CN,CT,True
26528,1,1,EI,CN,CT,True
26546,1,1,EI,CN,CT,True
26556,1,1,EI,CN,CT,True
26575,1,1,EI,CN,CT,True
26678,2,2,EI,CN,CT,True
26714,2,2,EI,CN,CT,True
26831,1,1,EI,CN,CT,True
26865,2,2,EI,CN,CT,True
26878,2,2,EI,CN,CT,True
26995,1,1,EI,CN,CT,True
27029,2,2,EI,CN,CT,True
27088,1,1,EI,CN,CT,True
27101,1,1,EI,CN,CT,True
27117,1,1,EI,CN,CT,True
27271,1,1,EI,CN,CT,True
27395,2,2,EI,CN,CT,True
27431,2,2,EI,CN,CT,True
27497,1,1,EI,CN,CT,True
27524,2,2,EI,CN,CT,True
27558,2,2,EI,CN,CT,True
27610,1,2,EI,CN,CT,False
27668,2,2,EI,CN,CT,True
27688,2,2,EI,CN,CT,True
27740,2,2,EI,CN,CT,True
27786,2,2,EI,CN,CT,True
27828,2,2,EI,CN,CT,True
27904,2,2,EI,CN,CT,True
27910,2,2,EI,CN,CT,True
27911,2,2,EI,CN,CT,True
28011,2,2,EI,CN,CT,True
28051,2,2,EI,CN,CT,True
28057,1,1,EI,CN,CT,True
28067,1,1,EI,CN,CT,True
28114,2,2,EI,CN,CT,True
28222,2,2,EI,CN,CT,True
28262,2,2,EI,CN,CT,True
28271,1,1,EI,CN,CT,True
28339,1,1,EI,CN,CT,True
28341,1,1,EI,CN,CT,True
28365,2,2,EI,CN,CT,True
28463,2,2,EI,CN,CT,True
28490,1,1,EI,CN,CT,True
28550,1,1,EI,CN,CT,True
28574,2,2,EI,CN,CT,True
28656,2,2,EI,CN,CT,True
28674,2,2,EI,CN,CT,True
28728,1,1,EI,CN,CT,True
28789,2,2,EI,CN,CT,True
28790,1,2,EI,CN,CT,False
28822,2,2,EI,CN,CT,True
28963,1,1,EI,CN,CT,True
29070,2,2,EI,CN,CT,True
29105,2,2,EI,CN,CT,True
29132,1,1,EI,CN,CT,True
29144,1,1,EI,CN,CT,True
29184,1,1,EI,CN,CT,True
29243,2,2,EI,CN,CT,True
29385,1,1,EI,CN,CT,True
29417,2,2,EI,CN,CT,True
29465,1,1,EI,CN,CT,True
29484,2,2,EI,CN,CT,True
29582,1,1,EI,CN,CT,True
29629,1,1,EI,CN,CT,True
29644,1,1,EI,CN,CT,True
29679,1,1,EI,CN,CT,True
29768,1,1,EI,CN,CT,True
29880,1,1,EI,CN,CT,True
29903,1,1,EI,CN,CT,True
29912,1,1,EI,CN,CT,True
29978,2,2,EI,CN,CT,True
30052,1,1,EI,CN,CT,True
30118,1,1,EI,CN,CT,True
30137,2,2,EI,CN,CT,True
30143,1,1,EI,CN,CT,True
30180,1,1,EI,CN,CT,True
30259,1,1,EI,CN,CT,True
30273,1,1,EI,CN,CT,True
30328,1,1,EI,CN,CT,True
30329,1,1,EI,CN,CT,True
30336,2,2,EI,CN,CT,True
30340,1,1,EI,CN,CT,True
30352,2,2,EI,CN,CT,True
30367,2,2,EI,CN,CT,True
30457,2,2,EI,CN,CT,True
30498,1,2,EI,CN,CT,False
30514,1,1,EI,CN,CT,True
30544,1,1,EI,CN,CT,True
30637,1,1,EI,CN,CT,True
30694,2,2,EI,CN,CT,True
30701,2,2,EI,CN,CT,True
30710,2,2,EI,CN,CT,True
30794,2,1,EI,CN,CT,False
30807,2,2,EI,CN,CT,True
30825,1,1,EI,CN,CT,True
30846,1,1,EI,CN,CT,True
30856,2,2,EI,CN,CT,True
30872,2,2,EI,CN,CT,True
30880,1,1,EI,CN,CT,True
30899,1,1,EI,CN,CT,True
30922,2,2,EI,CN,CT,True
30936,2,2,EI,CN,CT,True
31029,1,1,EI,CN,CT,True
31060,1,1,EI,CN,CT,True
31089,1,1,EI,CN,CT,True
31128,1,1,EI,CN,CT,True
31129,2,2,EI,CN,CT,True
31138,1,1,EI,CN,CT,True
31148,1,1,EI,CN,CT,True
31247,1,1,EI,CN,CT,True
31350,2,2,EI,CN,CT,True
31386,2,2,EI,CN,CT,True
31470,2,2,EI,CN,CT,True
31483,2,2,EI,CN,CT,True
31597,1,1,EI,CN,CT,True
31622,1,1,EI,CN,CT,True
31628,1,1,EI,CN,CT,True
31634,1,1,EI,CN,CT,True
31665,1,1,EI,CN,CT,True
31720,1,1,EI,CN,CT,True
31728,1,1,EI,CN,CT,True
31754,2,2,EI,CN,CT,True
31808,1,2,EI,CN,CT,False
31883,2,2,EI,CN,CT,True
31907,2,2,EI,CN,CT,True
32003,2,2,EI,CN,CT,True
32090,1,1,EI,CN,CT,True
32112,2,2,EI,CN,CT,True
32116,2,2,EI,CN,CT,True
32131,2,2,EI,CN,CT,True
32167,1,1,EI,CN,CT,True
32177,1,1,EI,CN,CT,True
32263,2,2,EI,CN,CT,True
32265,1,1,EI,CN,CT,True
32323,2,2,EI,CN,CT,True
32372,1,1,EI,CN,CT,True
32463,2,2,EI,CN,CT,True
32518,1,1,EI,CN,CT,True
32558,1,1,EI,CN,CT,True
32572,2,2,EI,CN,CT,True
32679,1,1,EI,CN,CT,True
32722,2,2,EI,CN,CT,True
32747,1,1,EI,CN,CT,True
32753,2,2,EI,CN,CT,True
32785,1,1,EI,CN,CT,True
32872,2,2,EI,CN,CT,True
32894,2,2,EI,CN,CT,True
32913,1,1,EI,CN,CT,True
32917,2,2,EI,CN,CT,True
32963,1,2,EI,CN,CT,False
32972,2,2,EI,CN,CT,True
33026,1,1,EI,CN,CT,True
33067,2,2,EI,CN,CT,True
33126,2,2,EI,CN,CT,True
33141,2,2,EI,CN,CT,True
33154,1,1,EI,CN,CT,True
33262,2,2,EI,CN,CT,True
33291,1,1,EI,CN,CT,True
33322,2,2,EI,CN,CT,True
33345,1,1,EI,CN,CT,True
33390,1,1,EI,CN,CT,True
33433,1,1,EI,CN,CT,True
33470,1,1,EI,CN,CT,True
33504,1,1,EI,CN,CT,True
33509,1,1,EI,CN,CT,True
33532,2,2,EI,CN,CT,True
33618,1,1,EI,CN,CT,True
33649,1,1,EI,CN,CT,True
33741,1,1,EI,CN,CT,True
33743,2,2,EI,CN,CT,True
33765,2,2,EI,CN,CT,True
33806,1,1,EI,CN,CT,True
33808,2,2,EI,CN,CT,True
33856,1,1,EI,CN,CT,True
33859,2,2,EI,CN,CT,True
33890,2,2,EI,CN,CT,True
33936,1,1,EI,CN,CT,True
33940,1,1,EI,CN,CT,True
33961,1,1,EI,CN,CT,True
33962,2,2,EI,CN,CT,True
33986,1,1,EI,CN,CT,True
34029,2,2,EI,CN,CT,True
34084,2,1,EI,CN,CT,False
34125,2,2,EI,CN,CT,True
34143,2,2,EI,CN,CT,True
34148,1,1,EI,CN,CT,True
34171,1,1,EI,CN,CT,True
34215,2,2,EI,CN,CT,True
34276,1,1,EI,CN,CT,True
34332,2,2,EI,CN,CT,True
34354,1,1,EI,CN,CT,True
34404,2,2,EI,CN,CT,True
34414,2,2,EI,CN,CT,True
34460,2,2,EI,CN,CT,True
34500,1,1,EI,CN,CT,True
34573,1,1,EI,CN,CT,True
34714,2,2,EI,CN,CT,True
34754,2,1,EI,CN,CT,False
34812,2,2,EI,CN,CT,True
34915,2,2,EI,CN,CT,True
34918,2,2,EI,CN,CT,True
34944,2,2,EI,CN,CT,True
34983,2,2,EI,CN,CT,True
35058,2,2,EI,CN,CT,True
35127,2,2,EI,CN,CT,True
35156,2,2,EI,CN,CT,True
35174,1,1,EI,CN,CT,True
35191,2,2,EI,CN,CT,True
35201,2,2,EI,CN,CT,True
35204,2,2,EI,CN,CT,True
35282,2,2,EI,CN,CT,True
35287,1,1,EI,CN,CT,True
35429,2,2,EI,CN,CT,True
35467,1,2,EI,CN,CT,False
35542,2,2,EI,CN,CT,True
35564,2,2,EI,CN,CT,True
35592,1,1,EI,CN,CT,True
35643,2,2,EI,CN,CT,True
35653,1,1,EI,CN,CT,True
35732,2,2,EI,CN,CT,True
35738,2,2,EI,CN,CT,True
35743,2,2,EI,CN,CT,True
35880,2,2,EI,CN,CT,True
35907,2,2,EI,CN,CT,True
35912,1,1,EI,CN,CT,True
35918,2,2,EI,CN,CT,True
35939,2,2,EI,CN,CT,True
35991,2,2,EI,CN,CT,True
36100,2,2,EI,CN,CT,True
36117,1,1,EI,CN,CT,True
36126,2,2,EI,CN,CT,True
36186,2,2,EI,CN,CT,True
36190,1,1,EI,CN,CT,True
36199,2,2,EI,CN,CT,True
36209,1,1,EI,CN,CT,True
36223,2,2,EI,CN,CT,True
36247,1,1,EI,CN,CT,True
36419,2,2,EI,CN,CT,True
36434,2,2,EI,CN,CT,True
36449,1,1,EI,CN,CT,True
36482,2,2,EI,CN,CT,True
36557,2,2,EI,CN,CT,True
36686,2,2,EI,CN,CT,True
36689,2,2,EI,CN,CT,True
36734,1,1,EI,CN,CT,True
36743,1,1,EI,CN,CT,True
36767,2,2,EI,CN,CT,True
36785,2,2,EI,CN,CT,True
36812,2,2,EI,CN,CT,True
36819,2,2,EI,CN,CT,True
36849,2,2,EI,CN,CT,True
36960,1,1,EI,CN,CT,True
36974,2,2,EI,CN,CT,True
37006,2,2,EI,CN,CT,True
37016,2,2,EI,CN,CT,True
37020,1,1,EI,CN,CT,True
37082,2,2,EI,CN,CT,True
37102,2,2,EI,CN,CT,True
37114,1,1,EI,CN,CT,True
37124,2,2,EI,CN,CT,True
37234,1,1,EI,CN,CT,True
37245,1,1,EI,CN,CT,True
37249,2,2,EI,CN,CT,True
37258,1,1,EI,CN,CT,True
37327,1,1,EI,CN,CT,True
37367,2,2,EI,CN,CT,True
37404,1,1,EI,CN,CT,True
37432,2,2,EI,CN,CT,True
37435,1,1,EI,CN,CT,True
37490,1,1,EI,CN,CT,True
37542,2,1,EI,CN,CT,False
37569,2,2,EI,CN,CT,True
37608,1,1,EI,CN,CT,True
37614,1,1,EI,CN,CT,True
37617,2,2,EI,CN,CT,True
37679,1,1,EI,CN,CT,True
37723,2,2,EI,CN,CT,True
37725,2,1,EI,CN,CT,False
37741,2,2,EI,CN,CT,True
37743,2,2,EI,CN,CT,True
37842,1,1,EI,CN,CT,True
37843,1,1,EI,CN,CT,True
37909,1,1,EI,CN,CT,True
37955,1,1,EI,CN,CT,True
38026,2,2,EI,CN,CT,True
38068,2,2,EI,CN,CT,True
38078,2,2,EI,CN,CT,True
38130,1,1,EI,CN,CT,True
38144,1,1,EI,CN,CT,True
38146,1,1,EI,CN,CT,True
38166,1,1,EI,CN,CT,True
38168,1,1,EI,CN,CT,True
38191,2,2,EI,CN,CT,True
38245,1,1,EI,CN,CT,True
38267,2,2,EI,CN,CT,True
38352,1,1,EI,CN,CT,True
38390,2,1,EI,CN,CT,False
38395,1,1,EI,CN,CT,True
38425,2,2,EI,CN,CT,True
38485,1,1,EI,CN,CT,True
38518,1,1,EI,CN,CT,True
38530,1,1,EI,CN,CT,True
38533,2,2,EI,CN,CT,True
38554,2,2,EI,CN,CT,True
38562,2,2,EI,CN,CT,True
38593,2,2,EI,CN,CT,True
38627,2,2,EI,CN,CT,True
38630,1,1,EI,CN,CT,True
38721,1,1,EI,CN,CT,True
38802,1,1,EI,CN,CT,True
38809,2,1,EI,CN,CT,False
38811,2,2,EI,CN,CT,True
38829,1,1,EI,CN,CT,True
38858,1,2,EI,CN,CT,False
38920,2,2,EI,CN,CT,True
38928,2,2,EI,CN,CT,True
38947,1,1,EI,CN,CT,True
39152,1,1,EI,CN,CT,True
39199,1,1,EI,CN,CT,True
39321,1,1,EI,CN,CT,True
39356,2,2,EI,CN,CT,True
39388,2,2,EI,CN,CT,True
39457,1,1,EI,CN,CT,True
39466,1,1,EI,CN,CT,True
39532,2,2,EI,CN,CT,True
39553,2,2,EI,CN,CT,True
39557,1,1,EI,CN,CT,True
39630,1,1,EI,CN,CT,True
39715,1,1,EI,CN,CT,True
39795,2,1,EI,CN,CT,False
39804,1,1,EI,CN,CT,True
39833,2,2,EI,CN,CT,True
39842,1,1,EI,CN,CT,True
39855,1,1,EI,CN,CT,True
39864,2,2,EI,CN,CT,True
39884,2,2,EI,CN,CT,True
39918,1,1,EI,CN,CT,True
40029,2,2,EI,CN,CT,True
40068,1,1,EI,CN,CT,True
40135,1,1,EI,CN,CT,True
40145,2,2,EI,CN,CT,True
40164,1,1,EI,CN,CT,True
40296,2,2,EI,CN,CT,True
40352,1,1,EI,CN,CT,True
40376,1,1,EI,CN,CT,True
40497,2,2,EI,CN,CT,True
40542,2,2,EI,CN,CT,True
40622,2,2,EI,CN,CT,True
40625,2,2,EI,CN,CT,True
40653,2,2,EI,CN,CT,True
40762,1,1,EI,CN,CT,True
40853,1,1,EI,CN,CT,True
40855,2,1,EI,CN,CT,False
40857,2,2,EI,CN,CT,True
40920,1,1,EI,CN,CT,True
40923,2,2,EI,CN,CT,True
40969,1,1,EI,CN,CT,True
41001,2,2,EI,CN,CT,True
41077,1,1,EI,CN,CT,True
41103,2,2,EI,CN,CT,True
41150,2,2,EI,CN,CT,True
41152,1,2,EI,CN,CT,False
41237,1,1,EI,CN,CT,True
41239,1,1,EI,CN,CT,True
41273,1,1,EI,CN,CT,True
41360,2,2,EI,CN,CT,True
41368,1,1,EI,CN,CT,True
41416,1,1,EI,CN,CT,True
41472,1,1,EI,CN,CT,True
41514,1,1,EI,CN,CT,True
41581,2,2,EI,CN,CT,True
41590,1,2,EI,CN,CT,False
41607,1,1,EI,CN,CT,True
41636,1,1,EI,CN,CT,True
41704,1,1,EI,CN,CT,True
41829,1,1,EI,CN,CT,True
41836,1,1,EI,CN,CT,True
41906,2,2,EI,CN,CT,True
41973,2,2,EI,CN,CT,True
42040,1,1,EI,CN,CT,True
42067,1,1,EI,CN,CT,True
42086,2,2,EI,CN,CT,True
42112,2,2,EI,CN,CT,True
42166,2,2,EI,CN,CT,True
42174,2,2,EI,CN,CT,True
42185,2,2,EI,CN,CT,True
42228,2,2,EI,CN,CT,True
42330,1,1,EI,CN,CT,True
42335,2,2,EI,CN,CT,True
42344,1,1,EI,CN,CT,True
42391,2,2,EI,CN,CT,True
42428,1,1,EI,CN,CT,True
42468,2,2,EI,CN,CT,True
42520,1,1,EI,CN,CT,True
42521,1,1,EI,CN,CT,True
42568,1,1,EI,CN,CT,True
42572,2,2,EI,CN,CT,True
42585,1,1,EI,CN,CT,True
42609,2,2,EI,CN,CT,True
42690,2,2,EI,CN,CT,True
42714,2,2,EI,CN,CT,True
42742,1,1,EI,CN,CT,True
42860,2,2,EI,CN,CT,True
42886,2,2,EI,CN,CT,True
42922,2,2,EI,CN,CT,True
43042,1,1,EI,CN,CT,True
43070,2,2,EI,CN,CT,True
43113,1,1,EI,CN,CT,True
43164,2,2,EI,CN,CT,True
43191,1,1,EI,CN,CT,True
43285,1,1,EI,CN,CT,True
43295,2,2,EI,CN,CT,True
43350,2,2,EI,CN,CT,True
43486,1,1,EI,CN,CT,True
43526,2,2,EI,CN,CT,True
43621,2,2,EI,CN,CT,True
43668,2,2,EI,CN,CT,True
43764,2,2,EI,CN,CT,True
43800,1,1,EI,CN,CT,True
43878,1,1,EI,CN,CT,True
44064,2,2,EI,CN,CT,True
44147,1,1,EI,CN,CT,True
44167,2,2,EI,CN,CT,True
44178,2,2,EI,CN,CT,True
44380,1,1,EI,CN,CT,True
44400,1,1,EI,CN,CT,True
44415,2,2,EI,CN,CT,True
44430,2,2,EI,CN,CT,True
44444,2,2,EI,CN,CT,True
44458,2,2,EI,CN,CT,True
44475,1,1,EI,CN,CT,True
44479,2,2,EI,CN,CT,True
44628,1,1,EI,CN,CT,True
44682,1,1,EI,CN,CT,True
44743,1,1,EI,CN,CT,True
44833,2,2,EI,CN,CT,True
44841,1,1,EI,CN,CT,True
44887,2,2,EI,CN,CT,True
44967,1,1,EI,CN,CT,True
45012,2,2,EI,CN,CT,True
45024,1,1,EI,CN,CT,True
45075,2,2,EI,CN,CT,True
45117,2,2,EI,CN,CT,True
45137,2,2,EI,CN,CT,True
45175,2,2,EI,CN,CT,True
45184,1,1,EI,CN,CT,True
45199,1,1,EI,CN,CT,True
45314,1,1,EI,CN,CT,True
45337,1,1,EI,CN,CT,True
45340,2,2,EI,CN,CT,True
45390,2,2,EI,CN,CT,True
45470,2,2,EI,CN,CT,True
45492,1,1,EI,CN,CT,True
45529,2,2,EI,CN,CT,True
45544,2,2,EI,CN,CT,True
45784,1,1,EI,CN,CT,True
45800,2,2,EI,CN,CT,True
45811,2,2,EI,CN,CT,True
45837,1,1,EI,CN,CT,True
45857,2,1,EI,CN,CT,False
45893,2,2,EI,CN,CT,True
45938,2,2,EI,CN,CT,True
45983,1,1,EI,CN,CT,True
45985,1,1,EI,CN,CT,True
46026,2,2,EI,CN,CT,True
46132,1,1,EI,CN,CT,True
46147,1,1,EI,CN,CT,True
46160,1,1,EI,CN,CT,True
46218,2,2,EI,CN,CT,True
46346,1,1,EI,CN,CT,True
46372,2,2,EI,CN,CT,True
46555,2,2,EI,CN,CT,True
46569,2,2,EI,CN,CT,True
46595,2,2,EI,CN,CT,True
46674,1,1,EI,CN,CT,True
46707,1,1,EI,CN,CT,True
46710,2,2,EI,CN,CT,True
46751,2,2,EI,CN,CT,True
46756,1,1,EI,CN,CT,True
46810,2,2,EI,CN,CT,True
46859,2,2,EI,CN,CT,True
46880,1,1,EI,CN,CT,True
46894,2,2,EI,CN,CT,True
46969,2,2,EI,CN,CT,True
47060,2,2,EI,CN,CT,True
47065,1,1,EI,CN,CT,True
47097,1,1,EI,CN,CT,True
47139,2,2,EI,CN,CT,True
47169,2,2,EI,CN,CT,True
47174,2,2,EI,CN,CT,True
47216,2,2,EI,CN,CT,True
47246,2,2,EI,CN,CT,True
47249,2,2,EI,CN,CT,True
47362,1,1,EI,CN,CT,True
47371,1,1,EI,CN,CT,True
47560,1,1,EI,CN,CT,True
47603,1,1,EI,CN,CT,True
47619,2,2,EI,CN,CT,True
47632,1,1,EI,CN,CT,True
47865,2,2,EI,CN,CT,True
47886,1,1,EI,CN,CT,True
48180,2,2,EI,CN,CT,True
48182,1,1,EI,CN,CT,True
48217,2,2,EI,CN,CT,True
48246,1,1,EI,CN,CT,True
48295,2,2,EI,CN,CT,True
48329,1,1,EI,CN,CT,True
48352,1,1,EI,CN,CT,True
48355,2,2,EI,CN,CT,True
48359,1,1,EI,CN,CT,True
48434,1,1,EI,CN,CT,True
48449,2,2,EI,CN,CT,True
48506,2,2,EI,CN,CT,True
48541,1,1,EI,CN,CT,True
48562,2,2,EI,CN,CT,True
48563,2,2,EI,CN,CT,True
48566,1,1,EI,CN,CT,True
48607,2,2,EI,CN,CT,True
48618,1,1,EI,CN,CT,True
48722,1,2,EI,CN,CT,False
48728,1,1,EI,CN,CT,True
48859,2,2,EI,CN,CT,True
48898,1,1,EI,CN,CT,True
48976,2,2,EI,CN,CT,True
49004,1,1,EI,CN,CT,True
49029,1,1,EI,CN,CT,True
49047,1,1,EI,CN,CT,True
49052,1,1,EI,CN,CT,True
49095,1,1,EI,CN,CT,True
49132,1,1,EI,CN,CT,True
49146,1,1,EI,CN,CT,True
49182,1,2,EI,CN,CT,False
49189,1,1,EI,CN,CT,True
49213,1,1,EI,CN,CT,True
49228,1,1,EI,CN,CT,True
49239,1,1,EI,CN,CT,True
49242,2,2,EI,CN,CT,True
49325,1,1,EI,CN,CT,True
49460,1,1,EI,CN,CT,True
49550,1,1,EI,CN,CT,True
49700,1,1,EI,CN,CT,True
49737,1,1,EI,CN,CT,True
49765,1,2,EI,CN,CT,False
49804,2,2,EI,CN,CT,True
49855,2,2,EI,CN,CT,True
49870,2,2,EI,CN,CT,True
49943,2,2,EI,CN,CT,True
49950,2,2,EI,CN,CT,True
49959,2,2,EI,CN,CT,True
49971,2,1,EI,CN,CT,False
107,2,2,EI,CN,R1,True
176,1,1,EI,CN,R1,True
257,1,1,EI,CN,R1,True
284,2,2,EI,CN,R1,True
287,1,1,EI,CN,R1,True
310,2,2,EI,CN,R1,True
337,2,2,EI,CN,R1,True
379,2,2,EI,CN,R1,True
393,2,2,EI,CN,R1,True
450,2,2,EI,CN,R1,True
504,2,2,EI,CN,R1,True
545,1,1,EI,CN,R1,True
626,2,2,EI,CN,R1,True
715,2,2,EI,CN,R1,True
722,1,1,EI,CN,R1,True
793,2,2,EI,CN,R1,True
804,2,2,EI,CN,R1,True
813,2,2,EI,CN,R1,True
856,2,2,EI,CN,R1,True
893,2,2,EI,CN,R1,True
922,1,1,EI,CN,R1,True
1029,2,2,EI,CN,R1,True
1057,1,1,EI,CN,R1,True
1176,2,2,EI,CN,R1,True
1199,2,1,EI,CN,R1,False
1200,2,2,EI,CN,R1,True
1205,2,2,EI,CN,R1,True
1227,2,2,EI,CN,R1,True
1261,2,2,EI,CN,R1,True
1347,1,1,EI,CN,R1,True
1352,2,2,EI,CN,R1,True
1363,2,2,EI,CN,R1,True
1481,1,1,EI,CN,R1,True
1552,1,1,EI,CN,R1,True
1573,1,1,EI,CN,R1,True
1656,2,2,EI,CN,R1,True
1687,1,1,EI,CN,R1,True
1707,2,2,EI,CN,R1,True
1733,2,2,EI,CN,R1,True
1755,2,2,EI,CN,R1,True
1808,2,1,EI,CN,R1,False
1814,2,2,EI,CN,R1,True
1819,2,2,EI,CN,R1,True
1822,1,1,EI,CN,R1,True
1823,1,2,EI,CN,R1,False
2004,2,2,EI,CN,R1,True
2039,2,2,EI,CN,R1,True
2055,1,1,EI,CN,R1,True
2068,2,2,EI,CN,R1,True
2155,2,2,EI,CN,R1,True
2221,2,2,EI,CN,R1,True
2288,2,2,EI,CN,R1,True
2375,2,2,EI,CN,R1,True
2426,2,2,EI,CN,R1,True
2584,2,2,EI,CN,R1,True
2585,1,1,EI,CN,R1,True
2599,1,1,EI,CN,R1,True
2600,1,1,EI,CN,R1,True
2844,1,1,EI,CN,R1,True
2891,2,2,EI,CN,R1,True
2932,2,2,EI,CN,R1,True
2983,2,1,EI,CN,R1,False
3056,1,1,EI,CN,R1,True
3102,1,1,EI,CN,R1,True
3191,1,1,EI,CN,R1,True
3230,1,2,EI,CN,R1,False
3297,1,1,EI,CN,R1,True
3363,1,1,EI,CN,R1,True
3385,1,1,EI,CN,R1,True
3400,1,1,EI,CN,R1,True
3418,1,1,EI,CN,R1,True
3429,2,2,EI,CN,R1,True
3440,1,1,EI,CN,R1,True
3512,2,2,EI,CN,R1,True
3524,1,1,EI,CN,R1,True
3631,2,2,EI,CN,R1,True
3811,1,2,EI,CN,R1,False
3824,1,1,EI,CN,R1,True
3867,1,1,EI,CN,R1,True
3868,1,1,EI,CN,R1,True
3912,1,1,EI,CN,R1,True
3929,2,1,EI,CN,R1,False
3971,2,2,EI,CN,R1,True
4066,2,2,EI,CN,R1,True
4087,2,2,EI,CN,R1,True
4187,1,1,EI,CN,R1,True
4207,1,1,EI,CN,R1,True
4211,1,1,EI,CN,R1,True
4303,1,1,EI,CN,R1,True
4314,1,1,EI,CN,R1,True
4339,2,1,EI,CN,R1,False
4348,2,2,EI,CN,R1,True
4447,1,1,EI,CN,R1,True
4462,1,1,EI,CN,R1,True
4591,1,1,EI,CN,R1,True
4624,2,2,EI,CN,R1,True
4651,2,1,EI,CN,R1,False
4652,1,1,EI,CN,R1,True
4663,1,1,EI,CN,R1,True
4706,2,2,EI,CN,R1,True
4716,1,1,EI,CN,R1,True
4744,2,2,EI,CN,R1,True
4767,1,1,EI,CN,R1,True
4795,1,1,EI,CN,R1,True
4797,1,1,EI,CN,R1,True
4812,2,1,EI,CN,R1,False
4827,2,2,EI,CN,R1,True
4829,2,2,EI,CN,R1,True
4851,2,2,EI,CN,R1,True
4856,2,2,EI,CN,R1,True
4927,2,2,EI,CN,R1,True
4937,1,1,EI,CN,R1,True
5006,1,1,EI,CN,R1,True
5009,1,1,EI,CN,R1,True
5024,1,1,EI,CN,R1,True
5070,1,2,EI,CN,R1,False
5086,2,2,EI,CN,R1,True
5105,2,2,EI,CN,R1,True
5119,1,1,EI,CN,R1,True
5120,2,2,EI,CN,R1,True
5159,1,1,EI,CN,R1,True
5406,1,1,EI,CN,R1,True
5424,2,2,EI,CN,R1,True
5475,1,2,EI,CN,R1,False
5499,1,1,EI,CN,R1,True
5570,1,1,EI,CN,R1,True
5586,2,1,EI,CN,R1,False
5619,2,2,EI,CN,R1,True
5651,1,1,EI,CN,R1,True
5797,2,2,EI,CN,R1,True
5824,2,2,EI,CN,R1,True
5829,1,1,EI,CN,R1,True
5906,2,2,EI,CN,R1,True
5913,2,2,EI,CN,R1,True
5938,2,2,EI,CN,R1,True
5957,2,1,EI,CN,R1,False
5998,2,2,EI,CN,R1,True
6010,2,2,EI,CN,R1,True
6059,2,1,EI,CN,R1,False
6111,1,1,EI,CN,R1,True
6137,1,1,EI,CN,R1,True
6156,1,1,EI,CN,R1,True
6253,2,2,EI,CN,R1,True
6255,2,2,EI,CN,R1,True
6295,1,1,EI,CN,R1,True
6347,1,1,EI,CN,R1,True
6374,1,1,EI,CN,R1,True
6420,1,1,EI,CN,R1,True
6452,1,1,EI,CN,R1,True
6465,1,1,EI,CN,R1,True
6484,2,2,EI,CN,R1,True
6488,1,1,EI,CN,R1,True
6519,2,1,EI,CN,R1,False
6595,1,1,EI,CN,R1,True
6631,1,1,EI,CN,R1,True
6692,1,1,EI,CN,R1,True
6715,2,2,EI,CN,R1,True
6728,1,1,EI,CN,R1,True
6756,2,2,EI,CN,R1,True
6812,1,1,EI,CN,R1,True
6824,1,1,EI,CN,R1,True
6826,2,2,EI,CN,R1,True
6842,1,1,EI,CN,R1,True
6867,1,1,EI,CN,R1,True
6868,2,2,EI,CN,R1,True
6899,2,2,EI,CN,R1,True
6965,1,2,EI,CN,R1,False
6977,2,2,EI,CN,R1,True
6991,1,1,EI,CN,R1,True
7001,2,2,EI,CN,R1,True
7004,1,1,EI,CN,R1,True
7070,2,2,EI,CN,R1,True
7099,1,1,EI,CN,R1,True
7194,2,2,EI,CN,R1,True
7220,2,2,EI,CN,R1,True
7313,2,2,EI,CN,R1,True
7387,1,1,EI,CN,R1,True
7407,1,1,EI,CN,R1,True
7430,2,2,EI,CN,R1,True
7439,1,1,EI,CN,R1,True
7451,1,2,EI,CN,R1,False
7498,2,2,EI,CN,R1,True
7550,1,1,EI,CN,R1,True
7553,2,2,EI,CN,R1,True
7555,1,1,EI,CN,R1,True
7581,2,2,EI,CN,R1,True
7631,1,1,EI,CN,R1,True
7654,1,1,EI,CN,R1,True
7687,1,1,EI,CN,R1,True
7723,1,1,EI,CN,R1,True
7756,2,1,EI,CN,R1,False
7894,1,1,EI,CN,R1,True
7915,2,2,EI,CN,R1,True
7972,2,1,EI,CN,R1,False
8015,2,2,EI,CN,R1,True
8033,1,2,EI,CN,R1,False
8139,1,1,EI,CN,R1,True
8217,1,2,EI,CN,R1,False
8268,2,2,EI,CN,R1,True
8366,2,2,EI,CN,R1,True
8444,1,1,EI,CN,R1,True
8477,1,1,EI,CN,R1,True
8580,2,2,EI,CN,R1,True
8630,2,2,EI,CN,R1,True
8637,2,1,EI,CN,R1,False
8672,1,1,EI,CN,R1,True
8800,1,2,EI,CN,R1,False
8816,2,2,EI,CN,R1,True
8902,2,2,EI,CN,R1,True
8923,2,2,EI,CN,R1,True
8948,1,1,EI,CN,R1,True
8993,1,1,EI,CN,R1,True
9004,1,1,EI,CN,R1,True
9089,2,2,EI,CN,R1,True
9102,2,2,EI,CN,R1,True
9134,2,2,EI,CN,R1,True
9246,2,2,EI,CN,R1,True
9268,1,1,EI,CN,R1,True
9324,1,2,EI,CN,R1,False
9349,2,2,EI,CN,R1,True
9357,2,2,EI,CN,R1,True
9417,1,1,EI,CN,R1,True
9459,1,2,EI,CN,R1,False
9465,1,1,EI,CN,R1,True
9469,2,2,EI,CN,R1,True
9473,1,1,EI,CN,R1,True
9485,2,2,EI,CN,R1,True
9544,1,2,EI,CN,R1,False
9595,1,2,EI,CN,R1,False
9632,2,1,EI,CN,R1,False
9635,2,2,EI,CN,R1,True
9677,2,2,EI,CN,R1,True
9715,1,1,EI,CN,R1,True
9774,2,2,EI,CN,R1,True
9796,1,1,EI,CN,R1,True
9892,2,2,EI,CN,R1,True
9907,2,2,EI,CN,R1,True
9934,1,1,EI,CN,R1,True
9955,2,2,EI,CN,R1,True
10022,1,1,EI,CN,R1,True
10156,1,1,EI,CN,R1,True
10163,1,1,EI,CN,R1,True
10174,1,1,EI,CN,R1,True
10189,2,2,EI,CN,R1,True
10210,1,1,EI,CN,R1,True
10328,1,1,EI,CN,R1,True
10330,2,2,EI,CN,R1,True
10361,1,1,EI,CN,R1,True
10375,1,1,EI,CN,R1,True
10400,1,1,EI,CN,R1,True
10423,2,2,EI,CN,R1,True
10434,1,1,EI,CN,R1,True
10566,2,2,EI,CN,R1,True
10600,1,1,EI,CN,R1,True
10610,2,2,EI,CN,R1,True
10621,2,2,EI,CN,R1,True
10634,2,2,EI,CN,R1,True
10713,2,2,EI,CN,R1,True
10771,2,2,EI,CN,R1,True
10803,1,1,EI,CN,R1,True
10910,2,2,EI,CN,R1,True
10954,2,2,EI,CN,R1,True
10978,1,1,EI,CN,R1,True
11024,2,2,EI,CN,R1,True
11101,1,2,EI,CN,R1,False
11102,1,1,EI,CN,R1,True
11112,2,1,EI,CN,R1,False
11120,2,2,EI,CN,R1,True
11132,1,1,EI,CN,R1,True
11189,2,2,EI,CN,R1,True
11264,2,2,EI,CN,R1,True
11283,1,2,EI,CN,R1,False
11511,2,2,EI,CN,R1,True
11514,1,1,EI,CN,R1,True
11523,2,2,EI,CN,R1,True
11525,1,1,EI,CN,R1,True
11596,1,1,EI,CN,R1,True
11603,1,1,EI,CN,R1,True
11617,2,2,EI,CN,R1,True
11630,1,1,EI,CN,R1,True
11647,1,1,EI,CN,R1,True
11742,2,2,EI,CN,R1,True
11786,1,1,EI,CN,R1,True
11850,2,2,EI,CN,R1,True
11870,1,1,EI,CN,R1,True
11874,1,1,EI,CN,R1,True
11930,1,1,EI,CN,R1,True
11935,2,2,EI,CN,R1,True
11967,1,1,EI,CN,R1,True
12074,1,1,EI,CN,R1,True
12151,1,1,EI,CN,R1,True
12153,1,1,EI,CN,R1,True
12219,1,1,EI,CN,R1,True
12271,2,2,EI,CN,R1,True
12285,1,1,EI,CN,R1,True
12301,1,1,EI,CN,R1,True
12305,1,1,EI,CN,R1,True
12323,1,2,EI,CN,R1,False
12429,2,2,EI,CN,R1,True
12472,2,2,EI,CN,R1,True
12486,2,2,EI,CN,R1,True
12494,1,1,EI,CN,R1,True
12645,1,1,EI,CN,R1,True
12732,1,1,EI,CN,R1,True
12798,2,2,EI,CN,R1,True
12830,2,2,EI,CN,R1,True
12860,2,2,EI,CN,R1,True
12896,1,1,EI,CN,R1,True
12903,2,2,EI,CN,R1,True
12926,2,2,EI,CN,R1,True
12936,2,2,EI,CN,R1,True
12948,2,2,EI,CN,R1,True
12975,2,2,EI,CN,R1,True
12998,1,1,EI,CN,R1,True
13035,1,1,EI,CN,R1,True
13050,2,2,EI,CN,R1,True
13113,2,1,EI,CN,R1,False
13115,2,1,EI,CN,R1,False
13137,2,2,EI,CN,R1,True
13141,1,1,EI,CN,R1,True
13200,1,1,EI,CN,R1,True
13227,2,2,EI,CN,R1,True
13300,1,2,EI,CN,R1,False
13319,1,1,EI,CN,R1,True
13334,1,1,EI,CN,R1,True
13384,1,1,EI,CN,R1,True
13400,1,2,EI,CN,R1,False
13447,2,2,EI,CN,R1,True
13484,2,2,EI,CN,R1,True
13518,2,2,EI,CN,R1,True
13562,2,2,EI,CN,R1,True
13726,2,1,EI,CN,R1,False
13785,1,1,EI,CN,R1,True
13843,2,2,EI,CN,R1,True
13864,2,2,EI,CN,R1,True
13874,1,1,EI,CN,R1,True
13920,1,2,EI,CN,R1,False
13996,1,2,EI,CN,R1,False
14011,2,2,EI,CN,R1,True
14055,2,2,EI,CN,R1,True
14074,2,2,EI,CN,R1,True
14137,2,2,EI,CN,R1,True
14139,2,2,EI,CN,R1,True
14224,2,2,EI,CN,R1,True
14259,1,1,EI,CN,R1,True
14300,1,1,EI,CN,R1,True
14325,1,1,EI,CN,R1,True
14408,1,1,EI,CN,R1,True
14410,2,2,EI,CN,R1,True
14469,1,1,EI,CN,R1,True
14488,1,1,EI,CN,R1,True
14532,2,2,EI,CN,R1,True
14550,2,2,EI,CN,R1,True
14557,1,1,EI,CN,R1,True
14581,1,2,EI,CN,R1,False
14617,2,2,EI,CN,R1,True
14759,2,2,EI,CN,R1,True
14793,1,1,EI,CN,R1,True
14796,2,2,EI,CN,R1,True
14845,2,2,EI,CN,R1,True
14858,2,2,EI,CN,R1,True
14868,1,1,EI,CN,R1,True
14900,1,1,EI,CN,R1,True
14932,2,2,EI,CN,R1,True
14970,2,2,EI,CN,R1,True
14988,2,2,EI,CN,R1,True
15035,1,1,EI,CN,R1,True
15066,2,2,EI,CN,R1,True
15131,1,2,EI,CN,R1,False
15133,2,2,EI,CN,R1,True
15176,2,2,EI,CN,R1,True
15189,1,1,EI,CN,R1,True
15254,1,1,EI,CN,R1,True
15290,1,1,EI,CN,R1,True
15363,2,2,EI,CN,R1,True
15452,2,2,EI,CN,R1,True
15473,2,2,EI,CN,R1,True
15535,2,2,EI,CN,R1,True
15538,1,1,EI,CN,R1,True
15555,2,1,EI,CN,R1,False
15585,1,1,EI,CN,R1,True
15614,2,2,EI,CN,R1,True
15620,2,2,EI,CN,R1,True
15693,1,1,EI,CN,R1,True
15721,2,2,EI,CN,R1,True
15735,1,1,EI,CN,R1,True
15799,2,2,EI,CN,R1,True
15810,2,2,EI,CN,R1,True
15822,1,1,EI,CN,R1,True
15883,1,1,EI,CN,R1,True
15894,1,1,EI,CN,R1,True
16011,1,1,EI,CN,R1,True
16114,1,1,EI,CN,R1,True
16120,1,1,EI,CN,R1,True
16170,2,2,EI,CN,R1,True
16174,1,1,EI,CN,R1,True
16212,1,1,EI,CN,R1,True
16213,1,1,EI,CN,R1,True
16230,1,1,EI,CN,R1,True
16264,1,1,EI,CN,R1,True
16339,1,1,EI,CN,R1,True
16355,2,2,EI,CN,R1,True
16398,1,1,EI,CN,R1,True
16457,1,1,EI,CN,R1,True
16521,2,2,EI,CN,R1,True
16572,1,1,EI,CN,R1,True
16600,1,1,EI,CN,R1,True
16614,1,1,EI,CN,R1,True
16642,1,1,EI,CN,R1,True
16731,1,1,EI,CN,R1,True
16801,2,2,EI,CN,R1,True
16845,1,1,EI,CN,R1,True
16858,2,2,EI,CN,R1,True
16891,1,2,EI,CN,R1,False
16977,1,1,EI,CN,R1,True
17002,2,2,EI,CN,R1,True
17048,1,1,EI,CN,R1,True
17079,2,1,EI,CN,R1,False
17082,2,1,EI,CN,R1,False
17121,2,2,EI,CN,R1,True
17165,2,2,EI,CN,R1,True
17212,1,1,EI,CN,R1,True
17227,1,2,EI,CN,R1,False
17241,2,1,EI,CN,R1,False
17280,2,1,EI,CN,R1,False
17322,1,1,EI,CN,R1,True
17355,2,2,EI,CN,R1,True
17361,1,1,EI,CN,R1,True
17364,2,2,EI,CN,R1,True
17386,2,2,EI,CN,R1,True
17423,2,2,EI,CN,R1,True
17455,1,1,EI,CN,R1,True
17468,1,1,EI,CN,R1,True
17475,1,1,EI,CN,R1,True
17553,1,2,EI,CN,R1,False
17585,2,1,EI,CN,R1,False
17693,1,2,EI,CN,R1,False
17744,2,2,EI,CN,R1,True
17746,2,2,EI,CN,R1,True
17792,1,2,EI,CN,R1,False
17806,2,2,EI,CN,R1,True
17877,1,1,EI,CN,R1,True
17885,2,2,EI,CN,R1,True
17929,1,2,EI,CN,R1,False
17963,2,2,EI,CN,R1,True
18223,2,2,EI,CN,R1,True
18290,1,1,EI,CN,R1,True
18337,1,2,EI,CN,R1,False
18550,2,2,EI,CN,R1,True
18553,2,2,EI,CN,R1,True
18597,1,1,EI,CN,R1,True
18613,2,2,EI,CN,R1,True
18630,2,2,EI,CN,R1,True
18631,1,1,EI,CN,R1,True
18643,1,1,EI,CN,R1,True
18652,1,1,EI,CN,R1,True
18670,2,1,EI,CN,R1,False
18805,1,2,EI,CN,R1,False
18806,1,1,EI,CN,R1,True
18820,1,1,EI,CN,R1,True
18839,2,2,EI,CN,R1,True
18874,1,1,EI,CN,R1,True
18886,1,1,EI,CN,R1,True
18935,1,1,EI,CN,R1,True
18961,2,2,EI,CN,R1,True
18970,1,1,EI,CN,R1,True
18998,2,2,EI,CN,R1,True
19036,2,1,EI,CN,R1,False
19045,2,2,EI,CN,R1,True
19113,2,1,EI,CN,R1,False
19164,1,1,EI,CN,R1,True
19267,2,2,EI,CN,R1,True
19295,1,1,EI,CN,R1,True
19331,2,2,EI,CN,R1,True
19341,1,1,EI,CN,R1,True
19363,1,1,EI,CN,R1,True
19383,1,1,EI,CN,R1,True
19385,2,2,EI,CN,R1,True
19395,2,2,EI,CN,R1,True
19486,2,2,EI,CN,R1,True
19496,2,2,EI,CN,R1,True
19532,1,1,EI,CN,R1,True
19538,1,1,EI,CN,R1,True
19599,2,2,EI,CN,R1,True
19686,1,1,EI,CN,R1,True
19738,1,1,EI,CN,R1,True
19794,1,1,EI,CN,R1,True
19811,1,1,EI,CN,R1,True
19830,2,2,EI,CN,R1,True
19839,2,2,EI,CN,R1,True
19854,2,2,EI,CN,R1,True
19900,1,2,EI,CN,R1,False
19915,1,1,EI,CN,R1,True
19967,1,1,EI,CN,R1,True
19968,2,2,EI,CN,R1,True
20031,1,1,EI,CN,R1,True
20184,2,2,EI,CN,R1,True
20270,1,1,EI,CN,R1,True
20283,1,1,EI,CN,R1,True
20299,2,2,EI,CN,R1,True
20338,1,1,EI,CN,R1,True
20351,2,2,EI,CN,R1,True
20380,2,2,EI,CN,R1,True
20407,1,2,EI,CN,R1,False
20420,1,1,EI,CN,R1,True
20422,1,1,EI,CN,R1,True
20431,1,1,EI,CN,R1,True
20443,1,1,EI,CN,R1,True
20446,2,2,EI,CN,R1,True
20465,1,1,EI,CN,R1,True
20467,1,1,EI,CN,R1,True
20549,2,1,EI,CN,R1,False
20609,1,1,EI,CN,R1,True
20677,1,1,EI,CN,R1,True
20716,2,2,EI,CN,R1,True
20839,2,1,EI,CN,R1,False
20853,1,1,EI,CN,R1,True
20869,2,2,EI,CN,R1,True
20890,2,2,EI,CN,R1,True
20895,2,1,EI,CN,R1,False
20964,1,1,EI,CN,R1,True
20971,2,2,EI,CN,R1,True
21016,1,1,EI,CN,R1,True
21051,2,2,EI,CN,R1,True
21067,2,1,EI,CN,R1,False
21074,1,1,EI,CN,R1,True
21098,2,2,EI,CN,R1,True
21130,2,2,EI,CN,R1,True
21158,1,1,EI,CN,R1,True
21165,1,1,EI,CN,R1,True
21167,1,1,EI,CN,R1,True
21173,1,1,EI,CN,R1,True
21180,2,2,EI,CN,R1,True
21203,2,2,EI,CN,R1,True
21210,1,1,EI,CN,R1,True
21399,1,1,EI,CN,R1,True
21509,2,2,EI,CN,R1,True
21544,2,2,EI,CN,R1,True
21598,1,2,EI,CN,R1,False
21606,2,2,EI,CN,R1,True
21608,1,1,EI,CN,R1,True
21629,1,1,EI,CN,R1,True
21666,2,1,EI,CN,R1,False
21691,1,1,EI,CN,R1,True
21847,2,2,EI,CN,R1,True
21910,2,1,EI,CN,R1,False
21935,1,2,EI,CN,R1,False
21961,1,1,EI,CN,R1,True
21976,1,1,EI,CN,R1,True
21987,2,2,EI,CN,R1,True
22043,2,2,EI,CN,R1,True
22052,1,1,EI,CN,R1,True
22065,1,1,EI,CN,R1,True
22066,2,2,EI,CN,R1,True
22126,2,2,EI,CN,R1,True
22166,2,2,EI,CN,R1,True
22184,2,2,EI,CN,R1,True
22189,2,2,EI,CN,R1,True
22194,2,2,EI,CN,R1,True
22266,1,1,EI,CN,R1,True
22314,2,2,EI,CN,R1,True
22356,2,2,EI,CN,R1,True
22467,2,2,EI,CN,R1,True
22679,1,1,EI,CN,R1,True
22707,2,2,EI,CN,R1,True
22767,2,2,EI,CN,R1,True
22770,1,1,EI,CN,R1,True
22814,1,1,EI,CN,R1,True
22819,2,2,EI,CN,R1,True
22833,1,1,EI,CN,R1,True
22849,2,2,EI,CN,R1,True
22966,2,2,EI,CN,R1,True
23023,1,1,EI,CN,R1,True
23052,1,1,EI,CN,R1,True
23089,1,1,EI,CN,R1,True
23103,2,2,EI,CN,R1,True
23104,2,2,EI,CN,R1,True
23128,1,1,EI,CN,R1,True
23200,1,1,EI,CN,R1,True
23322,1,1,EI,CN,R1,True
23323,1,1,EI,CN,R1,True
23404,2,2,EI,CN,R1,True
23415,2,1,EI,CN,R1,False
23440,2,2,EI,CN,R1,True
23453,2,2,EI,CN,R1,True
23514,2,2,EI,CN,R1,True
23524,1,1,EI,CN,R1,True
23530,2,2,EI,CN,R1,True
23574,1,1,EI,CN,R1,True
23584,1,1,EI,CN,R1,True
23605,1,1,EI,CN,R1,True
23620,2,2,EI,CN,R1,True
23648,2,2,EI,CN,R1,True
23699,2,2,EI,CN,R1,True
23713,2,2,EI,CN,R1,True
23871,1,1,EI,CN,R1,True
23873,1,1,EI,CN,R1,True
23901,1,1,EI,CN,R1,True
24026,2,2,EI,CN,R1,True
24163,1,1,EI,CN,R1,True
24174,2,2,EI,CN,R1,True
24223,2,1,EI,CN,R1,False
24260,2,2,EI,CN,R1,True
24291,2,2,EI,CN,R1,True
24304,1,1,EI,CN,R1,True
24334,2,2,EI,CN,R1,True
24405,2,2,EI,CN,R1,True
24408,1,1,EI,CN,R1,True
24500,2,2,EI,CN,R1,True
24541,2,2,EI,CN,R1,True
24573,1,1,EI,CN,R1,True
24637,2,2,EI,CN,R1,True
24706,1,1,EI,CN,R1,True
24740,2,2,EI,CN,R1,True
24774,2,2,EI,CN,R1,True
24836,1,1,EI,CN,R1,True
24902,2,2,EI,CN,R1,True
24975,1,1,EI,CN,R1,True
24995,1,1,EI,CN,R1,True
25015,2,1,EI,CN,R1,False
25038,1,1,EI,CN,R1,True
25109,2,2,EI,CN,R1,True
25137,1,1,EI,CN,R1,True
25155,1,1,EI,CN,R1,True
25239,2,2,EI,CN,R1,True
25270,1,1,EI,CN,R1,True
25302,2,2,EI,CN,R1,True
25337,1,1,EI,CN,R1,True
25348,1,1,EI,CN,R1,True
25369,2,2,EI,CN,R1,True
25380,1,2,EI,CN,R1,False
25416,1,1,EI,CN,R1,True
25435,1,1,EI,CN,R1,True
25447,1,1,EI,CN,R1,True
25448,2,2,EI,CN,R1,True
25471,2,2,EI,CN,R1,True
25523,2,2,EI,CN,R1,True
25591,2,1,EI,CN,R1,False
25650,1,1,EI,CN,R1,True
25690,1,1,EI,CN,R1,True
25698,2,2,EI,CN,R1,True
25856,1,1,EI,CN,R1,True
25868,1,2,EI,CN,R1,False
25990,2,2,EI,CN,R1,True
26032,1,1,EI,CN,R1,True
26129,2,2,EI,CN,R1,True
26161,1,1,EI,CN,R1,True
26178,2,1,EI,CN,R1,False
26211,2,2,EI,CN,R1,True
26281,1,1,EI,CN,R1,True
26287,2,2,EI,CN,R1,True
26292,1,2,EI,CN,R1,False
26302,1,1,EI,CN,R1,True
26321,2,2,EI,CN,R1,True
26337,1,1,EI,CN,R1,True
26480,2,2,EI,CN,R1,True
26492,2,2,EI,CN,R1,True
26528,1,1,EI,CN,R1,True
26546,1,1,EI,CN,R1,True
26556,1,1,EI,CN,R1,True
26575,1,2,EI,CN,R1,False
26678,2,2,EI,CN,R1,True
26714,2,2,EI,CN,R1,True
26831,1,1,EI,CN,R1,True
26865,2,2,EI,CN,R1,True
26878,2,2,EI,CN,R1,True
27029,2,1,EI,CN,R1,False
27088,1,1,EI,CN,R1,True
27101,1,1,EI,CN,R1,True
27117,1,1,EI,CN,R1,True
27271,1,1,EI,CN,R1,True
27395,2,1,EI,CN,R1,False
27431,2,2,EI,CN,R1,True
27497,1,1,EI,CN,R1,True
27524,2,2,EI,CN,R1,True
27558,2,2,EI,CN,R1,True
27610,1,2,EI,CN,R1,False
27668,2,2,EI,CN,R1,True
27688,2,2,EI,CN,R1,True
27740,2,2,EI,CN,R1,True
27786,2,2,EI,CN,R1,True
27828,2,2,EI,CN,R1,True
27904,2,2,EI,CN,R1,True
27910,2,2,EI,CN,R1,True
27911,2,2,EI,CN,R1,True
28011,2,2,EI,CN,R1,True
28057,1,2,EI,CN,R1,False
28114,2,2,EI,CN,R1,True
28262,2,2,EI,CN,R1,True
28271,1,1,EI,CN,R1,True
28339,1,2,EI,CN,R1,False
28341,1,1,EI,CN,R1,True
28365,2,2,EI,CN,R1,True
28463,2,2,EI,CN,R1,True
28490,1,1,EI,CN,R1,True
28574,2,2,EI,CN,R1,True
28656,2,2,EI,CN,R1,True
28674,2,2,EI,CN,R1,True
28728,1,1,EI,CN,R1,True
28789,2,2,EI,CN,R1,True
28814,2,1,EI,CN,R1,False
28963,1,1,EI,CN,R1,True
29070,2,2,EI,CN,R1,True
29132,1,1,EI,CN,R1,True
29144,1,1,EI,CN,R1,True
29184,1,1,EI,CN,R1,True
29243,2,2,EI,CN,R1,True
29385,1,1,EI,CN,R1,True
29417,2,2,EI,CN,R1,True
29454,2,2,EI,CN,R1,True
29465,1,1,EI,CN,R1,True
29484,2,2,EI,CN,R1,True
29582,1,1,EI,CN,R1,True
29629,1,1,EI,CN,R1,True
29644,1,1,EI,CN,R1,True
29679,1,1,EI,CN,R1,True
29768,1,1,EI,CN,R1,True
29880,1,2,EI,CN,R1,False
29912,1,1,EI,CN,R1,True
29978,2,1,EI,CN,R1,False
30052,1,1,EI,CN,R1,True
30118,1,1,EI,CN,R1,True
30137,2,2,EI,CN,R1,True
30143,1,1,EI,CN,R1,True
30180,1,1,EI,CN,R1,True
30259,1,1,EI,CN,R1,True
30273,1,1,EI,CN,R1,True
30285,2,2,EI,CN,R1,True
30328,1,1,EI,CN,R1,True
30329,1,1,EI,CN,R1,True
30336,2,2,EI,CN,R1,True
30340,1,1,EI,CN,R1,True
30352,2,2,EI,CN,R1,True
30367,2,2,EI,CN,R1,True
30457,2,1,EI,CN,R1,False
30498,1,2,EI,CN,R1,False
30544,1,1,EI,CN,R1,True
30637,1,1,EI,CN,R1,True
30694,2,1,EI,CN,R1,False
30701,2,2,EI,CN,R1,True
30710,2,2,EI,CN,R1,True
30794,2,1,EI,CN,R1,False
30807,2,1,EI,CN,R1,False
30825,1,1,EI,CN,R1,True
30846,1,1,EI,CN,R1,True
30856,2,2,EI,CN,R1,True
30872,2,2,EI,CN,R1,True
30880,1,1,EI,CN,R1,True
30899,1,1,EI,CN,R1,True
30922,2,2,EI,CN,R1,True
30936,2,2,EI,CN,R1,True
31060,1,1,EI,CN,R1,True
31089,1,1,EI,CN,R1,True
31128,1,1,EI,CN,R1,True
31129,2,2,EI,CN,R1,True
31138,1,1,EI,CN,R1,True
31148,1,1,EI,CN,R1,True
31247,1,1,EI,CN,R1,True
31350,2,2,EI,CN,R1,True
31386,2,2,EI,CN,R1,True
31470,2,2,EI,CN,R1,True
31483,2,2,EI,CN,R1,True
31597,1,1,EI,CN,R1,True
31622,1,1,EI,CN,R1,True
31628,1,1,EI,CN,R1,True
31634,1,1,EI,CN,R1,True
31665,1,1,EI,CN,R1,True
31720,1,1,EI,CN,R1,True
31728,1,1,EI,CN,R1,True
31754,2,2,EI,CN,R1,True
31808,1,2,EI,CN,R1,False
31907,2,2,EI,CN,R1,True
32003,2,2,EI,CN,R1,True
32090,1,1,EI,CN,R1,True
32112,2,2,EI,CN,R1,True
32116,2,2,EI,CN,R1,True
32131,2,2,EI,CN,R1,True
32167,1,1,EI,CN,R1,True
32263,2,2,EI,CN,R1,True
32265,1,1,EI,CN,R1,True
32323,2,2,EI,CN,R1,True
32372,1,1,EI,CN,R1,True
32463,2,2,EI,CN,R1,True
32518,1,1,EI,CN,R1,True
32558,1,2,EI,CN,R1,False
32572,2,2,EI,CN,R1,True
32679,1,1,EI,CN,R1,True
32722,2,2,EI,CN,R1,True
32747,1,1,EI,CN,R1,True
32753,2,2,EI,CN,R1,True
32785,1,1,EI,CN,R1,True
32872,2,2,EI,CN,R1,True
32913,1,1,EI,CN,R1,True
32963,1,1,EI,CN,R1,True
32972,2,2,EI,CN,R1,True
33026,1,2,EI,CN,R1,False
33067,2,2,EI,CN,R1,True
33126,2,2,EI,CN,R1,True
33154,1,1,EI,CN,R1,True
33262,2,2,EI,CN,R1,True
33291,1,1,EI,CN,R1,True
33345,1,1,EI,CN,R1,True
33390,1,1,EI,CN,R1,True
33433,1,1,EI,CN,R1,True
33470,1,1,EI,CN,R1,True
33504,1,1,EI,CN,R1,True
33532,2,2,EI,CN,R1,True
33649,1,1,EI,CN,R1,True
33741,1,1,EI,CN,R1,True
33743,2,2,EI,CN,R1,True
33765,2,2,EI,CN,R1,True
33806,1,1,EI,CN,R1,True
33808,2,2,EI,CN,R1,True
33856,1,1,EI,CN,R1,True
33859,2,2,EI,CN,R1,True
33890,2,2,EI,CN,R1,True
33936,1,2,EI,CN,R1,False
33940,1,2,EI,CN,R1,False
33961,1,1,EI,CN,R1,True
33962,2,2,EI,CN,R1,True
33986,1,1,EI,CN,R1,True
34125,2,2,EI,CN,R1,True
34143,2,2,EI,CN,R1,True
34148,1,1,EI,CN,R1,True
34171,1,1,EI,CN,R1,True
34215,2,2,EI,CN,R1,True
34276,1,1,EI,CN,R1,True
34332,2,1,EI,CN,R1,False
34354,1,1,EI,CN,R1,True
34404,2,2,EI,CN,R1,True
34414,2,2,EI,CN,R1,True
34456,2,1,EI,CN,R1,False
34460,2,2,EI,CN,R1,True
34500,1,1,EI,CN,R1,True
34573,1,1,EI,CN,R1,True
34714,2,2,EI,CN,R1,True
34754,2,2,EI,CN,R1,True
34915,2,1,EI,CN,R1,False
34918,2,2,EI,CN,R1,True
34944,2,2,EI,CN,R1,True
34983,2,2,EI,CN,R1,True
35058,2,2,EI,CN,R1,True
35064,1,2,EI,CN,R1,False
35127,2,2,EI,CN,R1,True
35156,2,2,EI,CN,R1,True
35174,1,1,EI,CN,R1,True
35191,2,1,EI,CN,R1,False
35201,2,2,EI,CN,R1,True
35204,2,2,EI,CN,R1,True
35282,2,2,EI,CN,R1,True
35287,1,1,EI,CN,R1,True
35429,2,2,EI,CN,R1,True
35467,1,2,EI,CN,R1,False
35542,2,2,EI,CN,R1,True
35564,2,2,EI,CN,R1,True
35592,1,1,EI,CN,R1,True
35643,2,2,EI,CN,R1,True
35732,2,2,EI,CN,R1,True
35738,2,2,EI,CN,R1,True
35743,2,1,EI,CN,R1,False
35880,2,2,EI,CN,R1,True
35907,2,1,EI,CN,R1,False
35912,1,2,EI,CN,R1,False
35918,2,2,EI,CN,R1,True
35939,2,2,EI,CN,R1,True
35991,2,2,EI,CN,R1,True
36100,2,2,EI,CN,R1,True
36117,1,1,EI,CN,R1,True
36186,2,2,EI,CN,R1,True
36190,1,1,EI,CN,R1,True
36199,2,2,EI,CN,R1,True
36209,1,1,EI,CN,R1,True
36223,2,2,EI,CN,R1,True
36247,1,1,EI,CN,R1,True
36341,2,1,EI,CN,R1,False
36419,2,2,EI,CN,R1,True
36434,2,2,EI,CN,R1,True
36449,1,1,EI,CN,R1,True
36482,2,2,EI,CN,R1,True
36557,2,2,EI,CN,R1,True
36689,2,1,EI,CN,R1,False
36734,1,1,EI,CN,R1,True
36743,1,1,EI,CN,R1,True
36767,2,2,EI,CN,R1,True
36785,2,1,EI,CN,R1,False
36812,2,2,EI,CN,R1,True
36819,2,2,EI,CN,R1,True
36849,2,2,EI,CN,R1,True
36960,1,1,EI,CN,R1,True
36974,2,2,EI,CN,R1,True
37006,2,2,EI,CN,R1,True
37016,2,2,EI,CN,R1,True
37020,1,1,EI,CN,R1,True
37082,2,2,EI,CN,R1,True
37102,2,1,EI,CN,R1,False
37114,1,2,EI,CN,R1,False
37124,2,2,EI,CN,R1,True
37184,2,2,EI,CN,R1,True
37234,1,2,EI,CN,R1,False
37245,1,1,EI,CN,R1,True
37249,2,2,EI,CN,R1,True
37258,1,2,EI,CN,R1,False
37327,1,1,EI,CN,R1,True
37367,2,2,EI,CN,R1,True
37404,1,1,EI,CN,R1,True
37432,2,2,EI,CN,R1,True
37490,1,1,EI,CN,R1,True
37542,2,1,EI,CN,R1,False
37569,2,2,EI,CN,R1,True
37608,1,1,EI,CN,R1,True
37617,2,2,EI,CN,R1,True
37679,1,1,EI,CN,R1,True
37723,2,2,EI,CN,R1,True
37741,2,2,EI,CN,R1,True
37743,2,2,EI,CN,R1,True
37842,1,1,EI,CN,R1,True
37843,1,2,EI,CN,R1,False
37909,1,1,EI,CN,R1,True
37955,1,1,EI,CN,R1,True
38026,2,2,EI,CN,R1,True
38068,2,2,EI,CN,R1,True
38078,2,2,EI,CN,R1,True
38144,1,1,EI,CN,R1,True
38166,1,1,EI,CN,R1,True
38168,1,1,EI,CN,R1,True
38191,2,2,EI,CN,R1,True
38245,1,1,EI,CN,R1,True
38267,2,1,EI,CN,R1,False
38352,1,1,EI,CN,R1,True
38363,2,2,EI,CN,R1,True
38390,2,1,EI,CN,R1,False
38395,1,1,EI,CN,R1,True
38425,2,2,EI,CN,R1,True
38485,1,1,EI,CN,R1,True
38530,1,1,EI,CN,R1,True
38533,2,2,EI,CN,R1,True
38554,2,2,EI,CN,R1,True
38562,2,2,EI,CN,R1,True
38593,2,2,EI,CN,R1,True
38627,2,2,EI,CN,R1,True
38630,1,1,EI,CN,R1,True
38721,1,1,EI,CN,R1,True
38773,2,1,EI,CN,R1,False
38802,1,2,EI,CN,R1,False
38809,2,1,EI,CN,R1,False
38811,2,2,EI,CN,R1,True
38829,1,1,EI,CN,R1,True
38858,1,2,EI,CN,R1,False
38920,2,2,EI,CN,R1,True
38928,2,2,EI,CN,R1,True
38947,1,1,EI,CN,R1,True
39152,1,2,EI,CN,R1,False
39321,1,1,EI,CN,R1,True
39356,2,2,EI,CN,R1,True
39388,2,2,EI,CN,R1,True
39457,1,1,EI,CN,R1,True
39466,1,1,EI,CN,R1,True
39532,2,2,EI,CN,R1,True
39553,2,2,EI,CN,R1,True
39557,1,1,EI,CN,R1,True
39630,1,1,EI,CN,R1,True
39804,1,1,EI,CN,R1,True
39833,2,2,EI,CN,R1,True
39842,1,1,EI,CN,R1,True
39855,1,1,EI,CN,R1,True
39864,2,2,EI,CN,R1,True
39918,1,1,EI,CN,R1,True
40068,1,1,EI,CN,R1,True
40145,2,1,EI,CN,R1,False
40164,1,1,EI,CN,R1,True
40296,2,2,EI,CN,R1,True
40352,1,1,EI,CN,R1,True
40497,2,2,EI,CN,R1,True
40535,1,1,EI,CN,R1,True
40542,2,2,EI,CN,R1,True
40622,2,2,EI,CN,R1,True
40625,2,2,EI,CN,R1,True
40653,2,2,EI,CN,R1,True
40762,1,1,EI,CN,R1,True
40853,1,1,EI,CN,R1,True
40855,2,2,EI,CN,R1,True
40857,2,1,EI,CN,R1,False
40920,1,2,EI,CN,R1,False
40923,2,2,EI,CN,R1,True
40969,1,1,EI,CN,R1,True
41001,2,2,EI,CN,R1,True
41077,1,1,EI,CN,R1,True
41150,2,2,EI,CN,R1,True
41152,1,2,EI,CN,R1,False
41237,1,1,EI,CN,R1,True
41273,1,1,EI,CN,R1,True
41360,2,1,EI,CN,R1,False
41368,1,1,EI,CN,R1,True
41416,1,2,EI,CN,R1,False
41457,2,2,EI,CN,R1,True
41472,1,1,EI,CN,R1,True
41581,2,2,EI,CN,R1,True
41590,1,2,EI,CN,R1,False
41607,1,1,EI,CN,R1,True
41636,1,1,EI,CN,R1,True
41704,1,1,EI,CN,R1,True
41829,1,1,EI,CN,R1,True
41836,1,1,EI,CN,R1,True
41906,2,1,EI,CN,R1,False
41973,2,2,EI,CN,R1,True
42040,1,1,EI,CN,R1,True
42067,1,1,EI,CN,R1,True
42112,2,2,EI,CN,R1,True
42166,2,2,EI,CN,R1,True
42174,2,1,EI,CN,R1,False
42185,2,2,EI,CN,R1,True
42228,2,2,EI,CN,R1,True
42330,1,1,EI,CN,R1,True
42335,2,2,EI,CN,R1,True
42391,2,2,EI,CN,R1,True
42428,1,1,EI,CN,R1,True
42468,2,2,EI,CN,R1,True
42520,1,1,EI,CN,R1,True
42521,1,1,EI,CN,R1,True
42568,1,2,EI,CN,R1,False
42572,2,2,EI,CN,R1,True
42585,1,1,EI,CN,R1,True
42609,2,2,EI,CN,R1,True
42690,2,2,EI,CN,R1,True
42714,2,2,EI,CN,R1,True
42742,1,1,EI,CN,R1,True
42860,2,2,EI,CN,R1,True
42922,2,2,EI,CN,R1,True
43042,1,1,EI,CN,R1,True
43070,2,2,EI,CN,R1,True
43164,2,2,EI,CN,R1,True
43191,1,1,EI,CN,R1,True
43285,1,1,EI,CN,R1,True
43295,2,2,EI,CN,R1,True
43350,2,2,EI,CN,R1,True
43486,1,2,EI,CN,R1,False
43526,2,2,EI,CN,R1,True
43621,2,2,EI,CN,R1,True
43668,2,2,EI,CN,R1,True
43800,1,2,EI,CN,R1,False
43811,2,1,EI,CN,R1,False
43878,1,1,EI,CN,R1,True
44063,2,2,EI,CN,R1,True
44064,2,2,EI,CN,R1,True
44147,1,1,EI,CN,R1,True
44167,2,2,EI,CN,R1,True
44178,2,2,EI,CN,R1,True
44313,2,1,EI,CN,R1,False
44400,1,2,EI,CN,R1,False
44415,2,2,EI,CN,R1,True
44430,2,2,EI,CN,R1,True
44444,2,1,EI,CN,R1,False
44458,2,2,EI,CN,R1,True
44475,1,1,EI,CN,R1,True
44479,2,2,EI,CN,R1,True
44628,1,1,EI,CN,R1,True
44682,1,1,EI,CN,R1,True
44833,2,2,EI,CN,R1,True
44841,1,2,EI,CN,R1,False
44887,2,2,EI,CN,R1,True
44967,1,1,EI,CN,R1,True
45012,2,2,EI,CN,R1,True
45024,1,1,EI,CN,R1,True
45075,2,2,EI,CN,R1,True
45117,2,2,EI,CN,R1,True
45137,2,2,EI,CN,R1,True
45175,2,2,EI,CN,R1,True
45184,1,1,EI,CN,R1,True
45199,1,1,EI,CN,R1,True
45314,1,1,EI,CN,R1,True
45337,1,1,EI,CN,R1,True
45340,2,2,EI,CN,R1,True
45390,2,2,EI,CN,R1,True
45424,2,1,EI,CN,R1,False
45470,2,2,EI,CN,R1,True
45492,1,1,EI,CN,R1,True
45529,2,2,EI,CN,R1,True
45544,2,2,EI,CN,R1,True
45784,1,1,EI,CN,R1,True
45800,2,2,EI,CN,R1,True
45811,2,2,EI,CN,R1,True
45837,1,1,EI,CN,R1,True
45857,2,2,EI,CN,R1,True
45893,2,2,EI,CN,R1,True
45919,2,2,EI,CN,R1,True
45938,2,1,EI,CN,R1,False
45983,1,1,EI,CN,R1,True
45985,1,1,EI,CN,R1,True
46026,2,2,EI,CN,R1,True
46147,1,1,EI,CN,R1,True
46160,1,1,EI,CN,R1,True
46218,2,2,EI,CN,R1,True
46346,1,1,EI,CN,R1,True
46371,2,1,EI,CN,R1,False
46372,2,2,EI,CN,R1,True
46555,2,2,EI,CN,R1,True
46569,2,2,EI,CN,R1,True
46595,2,2,EI,CN,R1,True
46674,1,1,EI,CN,R1,True
46707,1,1,EI,CN,R1,True
46710,2,2,EI,CN,R1,True
46751,2,2,EI,CN,R1,True
46756,1,1,EI,CN,R1,True
46810,2,2,EI,CN,R1,True
46859,2,2,EI,CN,R1,True
46880,1,1,EI,CN,R1,True
46894,2,2,EI,CN,R1,True
46969,2,2,EI,CN,R1,True
47060,2,2,EI,CN,R1,True
47065,1,1,EI,CN,R1,True
47097,1,1,EI,CN,R1,True
47169,2,2,EI,CN,R1,True
47174,2,2,EI,CN,R1,True
47216,2,2,EI,CN,R1,True
47246,2,2,EI,CN,R1,True
47249,2,2,EI,CN,R1,True
47362,1,1,EI,CN,R1,True
47371,1,1,EI,CN,R1,True
47560,1,1,EI,CN,R1,True
47603,1,1,EI,CN,R1,True
47619,2,2,EI,CN,R1,True
47632,1,1,EI,CN,R1,True
47865,2,2,EI,CN,R1,True
47886,1,1,EI,CN,R1,True
48180,2,1,EI,CN,R1,False
48182,1,1,EI,CN,R1,True
48217,2,2,EI,CN,R1,True
48246,1,1,EI,CN,R1,True
48295,2,2,EI,CN,R1,True
48329,1,1,EI,CN,R1,True
48352,1,1,EI,CN,R1,True
48359,1,2,EI,CN,R1,False
48441,1,1,EI,CN,R1,True
48449,2,2,EI,CN,R1,True
48506,2,2,EI,CN,R1,True
48541,1,1,EI,CN,R1,True
48562,2,2,EI,CN,R1,True
48563,2,2,EI,CN,R1,True
48566,1,1,EI,CN,R1,True
48607,2,1,EI,CN,R1,False
48618,1,1,EI,CN,R1,True
48722,1,2,EI,CN,R1,False
48728,1,1,EI,CN,R1,True
48859,2,2,EI,CN,R1,True
48898,1,1,EI,CN,R1,True
48976,2,2,EI,CN,R1,True
49004,1,1,EI,CN,R1,True
49029,1,1,EI,CN,R1,True
49047,1,1,EI,CN,R1,True
49052,1,1,EI,CN,R1,True
49095,1,1,EI,CN,R1,True
49132,1,1,EI,CN,R1,True
49146,1,1,EI,CN,R1,True
49182,1,1,EI,CN,R1,True
49189,1,1,EI,CN,R1,True
49213,1,1,EI,CN,R1,True
49228,1,1,EI,CN,R1,True
49239,1,2,EI,CN,R1,False
49242,2,2,EI,CN,R1,True
49460,1,1,EI,CN,R1,True
49550,1,2,EI,CN,R1,False
49700,1,2,EI,CN,R1,False
49737,1,1,EI,CN,R1,True
49765,1,2,EI,CN,R1,False
49804,2,1,EI,CN,R1,False
49855,2,2,EI,CN,R1,True
49943,2,2,EI,CN,R1,True
49950,2,2,EI,CN,R1,True
49959,2,1,EI,CN,R1,False
49971,2,1,EI,CN,R1,False
107,2,2,EI,CN,V3,True
176,1,1,EI,CN,V3,True
257,1,1,EI,CN,V3,True
283,2,2,EI,CN,V3,True
284,2,2,EI,CN,V3,True
287,1,1,EI,CN,V3,True
310,2,2,EI,CN,V3,True
337,2,2,EI,CN,V3,True
379,2,2,EI,CN,V3,True
393,2,2,EI,CN,V3,True
405,2,2,EI,CN,V3,True
450,2,2,EI,CN,V3,True
504,2,2,EI,CN,V3,True
545,1,1,EI,CN,V3,True
626,2,2,EI,CN,V3,True
715,2,2,EI,CN,V3,True
722,1,1,EI,CN,V3,True
793,2,2,EI,CN,V3,True
804,2,2,EI,CN,V3,True
813,2,2,EI,CN,V3,True
856,2,2,EI,CN,V3,True
893,2,2,EI,CN,V3,True
922,1,1,EI,CN,V3,True
1029,2,2,EI,CN,V3,True
1057,1,1,EI,CN,V3,True
1176,2,2,EI,CN,V3,True
1199,2,1,EI,CN,V3,False
1200,2,2,EI,CN,V3,True
1205,2,1,EI,CN,V3,False
1227,2,2,EI,CN,V3,True
1261,2,2,EI,CN,V3,True
1285,1,1,EI,CN,V3,True
1290,1,1,EI,CN,V3,True
1347,1,1,EI,CN,V3,True
1352,2,2,EI,CN,V3,True
1363,2,2,EI,CN,V3,True
1434,2,1,EI,CN,V3,False
1481,1,1,EI,CN,V3,True
1545,2,1,EI,CN,V3,False
1552,1,1,EI,CN,V3,True
1573,1,1,EI,CN,V3,True
1656,2,2,EI,CN,V3,True
1687,1,1,EI,CN,V3,True
1707,2,2,EI,CN,V3,True
1733,2,2,EI,CN,V3,True
1735,2,2,EI,CN,V3,True
1755,2,2,EI,CN,V3,True
1808,2,1,EI,CN,V3,False
1814,2,2,EI,CN,V3,True
1819,2,2,EI,CN,V3,True
1822,1,1,EI,CN,V3,True
2004,2,2,EI,CN,V3,True
2039,2,2,EI,CN,V3,True
2055,1,1,EI,CN,V3,True
2068,2,2,EI,CN,V3,True
2155,2,2,EI,CN,V3,True
2170,1,1,EI,CN,V3,True
2221,2,2,EI,CN,V3,True
2288,2,2,EI,CN,V3,True
2375,2,2,EI,CN,V3,True
2379,1,1,EI,CN,V3,True
2408,1,2,EI,CN,V3,False
2426,2,2,EI,CN,V3,True
2584,2,2,EI,CN,V3,True
2585,1,1,EI,CN,V3,True
2600,1,1,EI,CN,V3,True
2732,2,2,EI,CN,V3,True
2844,1,1,EI,CN,V3,True
2891,2,2,EI,CN,V3,True
2932,2,2,EI,CN,V3,True
2983,2,1,EI,CN,V3,False
3056,1,1,EI,CN,V3,True
3081,1,2,EI,CN,V3,False
3102,1,1,EI,CN,V3,True
3191,1,1,EI,CN,V3,True
3297,1,1,EI,CN,V3,True
3363,1,1,EI,CN,V3,True
3367,2,2,EI,CN,V3,True
3385,1,2,EI,CN,V3,False
3400,1,1,EI,CN,V3,True
3418,1,1,EI,CN,V3,True
3429,2,2,EI,CN,V3,True
3440,1,1,EI,CN,V3,True
3512,2,2,EI,CN,V3,True
3524,1,1,EI,CN,V3,True
3567,1,1,EI,CN,V3,True
3631,2,2,EI,CN,V3,True
3811,1,1,EI,CN,V3,True
3824,1,1,EI,CN,V3,True
3867,1,1,EI,CN,V3,True
3868,1,1,EI,CN,V3,True
3912,1,1,EI,CN,V3,True
3929,2,1,EI,CN,V3,False
3971,2,2,EI,CN,V3,True
3979,2,1,EI,CN,V3,False
4011,1,1,EI,CN,V3,True
4066,2,2,EI,CN,V3,True
4087,2,2,EI,CN,V3,True
4153,2,2,EI,CN,V3,True
4187,1,1,EI,CN,V3,True
4207,1,1,EI,CN,V3,True
4211,1,1,EI,CN,V3,True
4303,1,1,EI,CN,V3,True
4314,1,1,EI,CN,V3,True
4339,2,1,EI,CN,V3,False
4348,2,2,EI,CN,V3,True
4447,1,1,EI,CN,V3,True
4462,1,1,EI,CN,V3,True
4591,1,1,EI,CN,V3,True
4624,2,2,EI,CN,V3,True
4651,2,2,EI,CN,V3,True
4652,1,1,EI,CN,V3,True
4663,1,1,EI,CN,V3,True
4706,2,2,EI,CN,V3,True
4716,1,1,EI,CN,V3,True
4744,2,2,EI,CN,V3,True
4767,1,1,EI,CN,V3,True
4795,1,1,EI,CN,V3,True
4797,1,1,EI,CN,V3,True
4812,2,2,EI,CN,V3,True
4827,2,2,EI,CN,V3,True
4829,2,2,EI,CN,V3,True
4851,2,2,EI,CN,V3,True
4856,2,1,EI,CN,V3,False
4871,1,1,EI,CN,V3,True
4927,2,2,EI,CN,V3,True
4937,1,1,EI,CN,V3,True
5006,1,1,EI,CN,V3,True
5024,1,1,EI,CN,V3,True
5086,2,2,EI,CN,V3,True
5105,2,2,EI,CN,V3,True
5119,1,1,EI,CN,V3,True
5120,2,2,EI,CN,V3,True
5159,1,1,EI,CN,V3,True
5406,1,1,EI,CN,V3,True
5424,2,2,EI,CN,V3,True
5475,1,1,EI,CN,V3,True
5499,1,1,EI,CN,V3,True
5570,1,1,EI,CN,V3,True
5586,2,1,EI,CN,V3,False
5619,2,2,EI,CN,V3,True
5651,1,1,EI,CN,V3,True
5741,1,1,EI,CN,V3,True
5797,2,2,EI,CN,V3,True
5824,2,2,EI,CN,V3,True
5829,1,1,EI,CN,V3,True
5906,2,2,EI,CN,V3,True
5913,2,2,EI,CN,V3,True
5938,2,2,EI,CN,V3,True
5957,2,2,EI,CN,V3,True
5998,2,2,EI,CN,V3,True
6010,2,2,EI,CN,V3,True
6111,1,1,EI,CN,V3,True
6137,1,1,EI,CN,V3,True
6156,1,1,EI,CN,V3,True
6252,1,1,EI,CN,V3,True
6253,2,2,EI,CN,V3,True
6255,2,2,EI,CN,V3,True
6295,1,1,EI,CN,V3,True
6347,1,1,EI,CN,V3,True
6374,1,1,EI,CN,V3,True
6420,1,1,EI,CN,V3,True
6452,1,1,EI,CN,V3,True
6465,1,1,EI,CN,V3,True
6484,2,2,EI,CN,V3,True
6519,2,2,EI,CN,V3,True
6595,1,1,EI,CN,V3,True
6631,1,1,EI,CN,V3,True
6692,1,1,EI,CN,V3,True
6715,2,2,EI,CN,V3,True
6728,1,1,EI,CN,V3,True
6756,2,2,EI,CN,V3,True
6812,1,1,EI,CN,V3,True
6824,1,1,EI,CN,V3,True
6826,2,2,EI,CN,V3,True
6842,1,2,EI,CN,V3,False
6867,1,1,EI,CN,V3,True
6868,2,2,EI,CN,V3,True
6899,2,2,EI,CN,V3,True
6965,1,2,EI,CN,V3,False
6977,2,2,EI,CN,V3,True
6991,1,1,EI,CN,V3,True
7004,1,1,EI,CN,V3,True
7070,2,2,EI,CN,V3,True
7099,1,1,EI,CN,V3,True
7194,2,2,EI,CN,V3,True
7220,2,2,EI,CN,V3,True
7235,2,2,EI,CN,V3,True
7313,2,2,EI,CN,V3,True
7387,1,1,EI,CN,V3,True
7407,1,1,EI,CN,V3,True
7430,2,2,EI,CN,V3,True
7439,1,1,EI,CN,V3,True
7451,1,2,EI,CN,V3,False
7498,2,2,EI,CN,V3,True
7550,1,1,EI,CN,V3,True
7553,2,2,EI,CN,V3,True
7555,1,1,EI,CN,V3,True
7581,2,2,EI,CN,V3,True
7599,2,2,EI,CN,V3,True
7631,1,1,EI,CN,V3,True
7654,1,1,EI,CN,V3,True
7687,1,1,EI,CN,V3,True
7723,1,1,EI,CN,V3,True
7756,2,1,EI,CN,V3,False
7887,1,1,EI,CN,V3,True
7894,1,1,EI,CN,V3,True
7915,2,2,EI,CN,V3,True
7949,2,2,EI,CN,V3,True
7972,2,1,EI,CN,V3,False
8015,2,2,EI,CN,V3,True
8139,1,1,EI,CN,V3,True
8217,1,1,EI,CN,V3,True
8268,2,1,EI,CN,V3,False
8366,2,2,EI,CN,V3,True
8444,1,1,EI,CN,V3,True
8477,1,1,EI,CN,V3,True
8580,2,2,EI,CN,V3,True
8614,1,1,EI,CN,V3,True
8630,2,2,EI,CN,V3,True
8637,2,1,EI,CN,V3,False
8672,1,1,EI,CN,V3,True
8800,1,1,EI,CN,V3,True
8816,2,2,EI,CN,V3,True
8902,2,2,EI,CN,V3,True
8923,2,2,EI,CN,V3,True
8948,1,1,EI,CN,V3,True
8993,1,1,EI,CN,V3,True
9004,1,1,EI,CN,V3,True
9089,2,2,EI,CN,V3,True
9102,2,2,EI,CN,V3,True
9120,1,1,EI,CN,V3,True
9134,2,2,EI,CN,V3,True
9246,2,2,EI,CN,V3,True
9268,1,1,EI,CN,V3,True
9325,1,1,EI,CN,V3,True
9349,2,2,EI,CN,V3,True
9357,2,2,EI,CN,V3,True
9417,1,1,EI,CN,V3,True
9459,1,2,EI,CN,V3,False
9465,1,1,EI,CN,V3,True
9469,2,2,EI,CN,V3,True
9473,1,2,EI,CN,V3,False
9485,2,2,EI,CN,V3,True
9544,1,1,EI,CN,V3,True
9595,1,1,EI,CN,V3,True
9632,2,2,EI,CN,V3,True
9635,2,2,EI,CN,V3,True
9677,2,2,EI,CN,V3,True
9715,1,1,EI,CN,V3,True
9724,1,2,EI,CN,V3,False
9774,2,2,EI,CN,V3,True
9796,1,1,EI,CN,V3,True
9892,2,2,EI,CN,V3,True
9899,1,1,EI,CN,V3,True
9907,2,2,EI,CN,V3,True
9934,1,1,EI,CN,V3,True
9955,2,2,EI,CN,V3,True
9987,1,1,EI,CN,V3,True
10022,1,1,EI,CN,V3,True
10156,1,1,EI,CN,V3,True
10163,1,1,EI,CN,V3,True
10210,1,1,EI,CN,V3,True
10301,2,2,EI,CN,V3,True
10328,1,1,EI,CN,V3,True
10330,2,2,EI,CN,V3,True
10361,1,1,EI,CN,V3,True
10375,1,1,EI,CN,V3,True
10400,1,1,EI,CN,V3,True
10423,2,2,EI,CN,V3,True
10434,1,1,EI,CN,V3,True
10566,2,2,EI,CN,V3,True
10600,1,1,EI,CN,V3,True
10610,2,2,EI,CN,V3,True
10634,2,2,EI,CN,V3,True
10713,2,2,EI,CN,V3,True
10771,2,2,EI,CN,V3,True
10803,1,1,EI,CN,V3,True
10910,2,2,EI,CN,V3,True
10954,2,2,EI,CN,V3,True
10978,1,1,EI,CN,V3,True
11024,2,2,EI,CN,V3,True
11101,1,1,EI,CN,V3,True
11102,1,1,EI,CN,V3,True
11120,2,2,EI,CN,V3,True
11189,2,2,EI,CN,V3,True
11241,1,2,EI,CN,V3,False
11264,2,2,EI,CN,V3,True
11283,1,2,EI,CN,V3,False
11511,2,2,EI,CN,V3,True
11523,2,2,EI,CN,V3,True
11525,1,1,EI,CN,V3,True
11596,1,1,EI,CN,V3,True
11603,1,1,EI,CN,V3,True
11617,2,1,EI,CN,V3,False
11630,1,1,EI,CN,V3,True
11742,2,2,EI,CN,V3,True
11786,1,1,EI,CN,V3,True
11850,2,2,EI,CN,V3,True
11870,1,1,EI,CN,V3,True
11874,1,1,EI,CN,V3,True
11930,1,1,EI,CN,V3,True
11935,2,2,EI,CN,V3,True
11967,1,1,EI,CN,V3,True
12012,2,2,EI,CN,V3,True
12074,1,1,EI,CN,V3,True
12143,2,1,EI,CN,V3,False
12151,1,1,EI,CN,V3,True
12153,1,1,EI,CN,V3,True
12219,1,1,EI,CN,V3,True
12271,2,2,EI,CN,V3,True
12284,2,1,EI,CN,V3,False
12285,1,1,EI,CN,V3,True
12301,1,1,EI,CN,V3,True
12305,1,1,EI,CN,V3,True
12323,1,2,EI,CN,V3,False
12429,2,2,EI,CN,V3,True
12472,2,1,EI,CN,V3,False
12486,2,2,EI,CN,V3,True
12494,1,1,EI,CN,V3,True
12627,1,2,EI,CN,V3,False
12645,1,1,EI,CN,V3,True
12732,1,1,EI,CN,V3,True
12798,2,2,EI,CN,V3,True
12830,2,2,EI,CN,V3,True
12860,2,2,EI,CN,V3,True
12896,1,1,EI,CN,V3,True
12903,2,1,EI,CN,V3,False
12926,2,2,EI,CN,V3,True
12936,2,2,EI,CN,V3,True
12948,2,2,EI,CN,V3,True
12975,2,2,EI,CN,V3,True
12998,1,1,EI,CN,V3,True
13050,2,2,EI,CN,V3,True
13113,2,2,EI,CN,V3,True
13115,2,2,EI,CN,V3,True
13137,2,2,EI,CN,V3,True
13141,1,1,EI,CN,V3,True
13227,2,2,EI,CN,V3,True
13300,1,2,EI,CN,V3,False
13319,1,1,EI,CN,V3,True
13469,2,2,EI,CN,V3,True
13484,2,2,EI,CN,V3,True
13518,2,2,EI,CN,V3,True
13531,2,1,EI,CN,V3,False
13562,2,2,EI,CN,V3,True
13726,2,1,EI,CN,V3,False
13785,1,1,EI,CN,V3,True
13843,2,2,EI,CN,V3,True
13864,2,2,EI,CN,V3,True
13874,1,1,EI,CN,V3,True
13923,2,2,EI,CN,V3,True
13996,1,2,EI,CN,V3,False
14011,2,2,EI,CN,V3,True
14055,2,2,EI,CN,V3,True
14074,2,2,EI,CN,V3,True
14137,2,2,EI,CN,V3,True
14139,2,2,EI,CN,V3,True
14224,2,2,EI,CN,V3,True
14259,1,1,EI,CN,V3,True
14300,1,1,EI,CN,V3,True
14325,1,1,EI,CN,V3,True
14408,1,1,EI,CN,V3,True
14410,2,2,EI,CN,V3,True
14469,1,1,EI,CN,V3,True
14488,1,1,EI,CN,V3,True
14532,2,2,EI,CN,V3,True
14550,2,2,EI,CN,V3,True
14557,1,1,EI,CN,V3,True
14581,1,2,EI,CN,V3,False
14617,2,2,EI,CN,V3,True
14759,2,2,EI,CN,V3,True
14793,1,1,EI,CN,V3,True
14796,2,2,EI,CN,V3,True
14818,1,1,EI,CN,V3,True
14845,2,2,EI,CN,V3,True
14868,1,1,EI,CN,V3,True
14900,1,1,EI,CN,V3,True
14932,2,2,EI,CN,V3,True
14970,2,2,EI,CN,V3,True
14988,2,2,EI,CN,V3,True
15035,1,1,EI,CN,V3,True
15066,2,2,EI,CN,V3,True
15131,1,2,EI,CN,V3,False
15133,2,2,EI,CN,V3,True
15176,2,2,EI,CN,V3,True
15189,1,1,EI,CN,V3,True
15254,1,1,EI,CN,V3,True
15290,1,1,EI,CN,V3,True
15363,2,2,EI,CN,V3,True
15452,2,2,EI,CN,V3,True
15535,2,2,EI,CN,V3,True
15538,1,1,EI,CN,V3,True
15555,2,1,EI,CN,V3,False
15585,1,2,EI,CN,V3,False
15614,2,2,EI,CN,V3,True
15620,2,2,EI,CN,V3,True
15693,1,1,EI,CN,V3,True
15721,2,2,EI,CN,V3,True
15735,1,1,EI,CN,V3,True
15770,1,1,EI,CN,V3,True
15799,2,2,EI,CN,V3,True
15810,2,1,EI,CN,V3,False
15883,1,1,EI,CN,V3,True
15894,1,2,EI,CN,V3,False
16011,1,1,EI,CN,V3,True
16114,1,1,EI,CN,V3,True
16120,1,1,EI,CN,V3,True
16170,2,2,EI,CN,V3,True
16174,1,1,EI,CN,V3,True
16212,1,1,EI,CN,V3,True
16230,1,1,EI,CN,V3,True
16264,1,1,EI,CN,V3,True
16339,1,1,EI,CN,V3,True
16355,2,2,EI,CN,V3,True
16398,1,1,EI,CN,V3,True
16457,1,1,EI,CN,V3,True
16521,2,2,EI,CN,V3,True
16572,1,1,EI,CN,V3,True
16600,1,1,EI,CN,V3,True
16614,1,1,EI,CN,V3,True
16642,1,1,EI,CN,V3,True
16731,1,1,EI,CN,V3,True
16801,2,2,EI,CN,V3,True
16845,1,1,EI,CN,V3,True
16858,2,2,EI,CN,V3,True
16891,1,1,EI,CN,V3,True
16903,1,1,EI,CN,V3,True
16977,1,1,EI,CN,V3,True
17002,2,2,EI,CN,V3,True
17048,1,1,EI,CN,V3,True
17079,2,2,EI,CN,V3,True
17082,2,1,EI,CN,V3,False
17121,2,2,EI,CN,V3,True
17165,2,2,EI,CN,V3,True
17212,1,1,EI,CN,V3,True
17227,1,2,EI,CN,V3,False
17241,2,2,EI,CN,V3,True
17322,1,1,EI,CN,V3,True
17355,2,2,EI,CN,V3,True
17361,1,1,EI,CN,V3,True
17364,2,2,EI,CN,V3,True
17386,2,2,EI,CN,V3,True
17423,2,2,EI,CN,V3,True
17455,1,1,EI,CN,V3,True
17468,1,1,EI,CN,V3,True
17475,1,1,EI,CN,V3,True
17585,2,2,EI,CN,V3,True
17693,1,2,EI,CN,V3,False
17744,2,2,EI,CN,V3,True
17746,2,2,EI,CN,V3,True
17792,1,1,EI,CN,V3,True
17806,2,2,EI,CN,V3,True
17841,2,2,EI,CN,V3,True
17877,1,1,EI,CN,V3,True
17885,2,2,EI,CN,V3,True
17929,1,2,EI,CN,V3,False
17963,2,2,EI,CN,V3,True
18223,2,2,EI,CN,V3,True
18290,1,1,EI,CN,V3,True
18337,1,1,EI,CN,V3,True
18550,2,2,EI,CN,V3,True
18597,1,1,EI,CN,V3,True
18613,2,2,EI,CN,V3,True
18630,2,2,EI,CN,V3,True
18631,1,1,EI,CN,V3,True
18643,1,1,EI,CN,V3,True
18656,1,2,EI,CN,V3,False
18670,2,1,EI,CN,V3,False
18805,1,2,EI,CN,V3,False
18806,1,1,EI,CN,V3,True
18820,1,1,EI,CN,V3,True
18874,1,1,EI,CN,V3,True
18886,1,1,EI,CN,V3,True
18935,1,1,EI,CN,V3,True
18961,2,2,EI,CN,V3,True
18998,2,2,EI,CN,V3,True
19036,2,2,EI,CN,V3,True
19045,2,2,EI,CN,V3,True
19113,2,1,EI,CN,V3,False
19164,1,2,EI,CN,V3,False
19267,2,2,EI,CN,V3,True
19295,1,1,EI,CN,V3,True
19331,2,2,EI,CN,V3,True
19341,1,1,EI,CN,V3,True
19363,1,1,EI,CN,V3,True
19383,1,1,EI,CN,V3,True
19385,2,2,EI,CN,V3,True
19395,2,2,EI,CN,V3,True
19486,2,2,EI,CN,V3,True
19496,2,2,EI,CN,V3,True
19519,2,1,EI,CN,V3,False
19532,1,1,EI,CN,V3,True
19538,1,1,EI,CN,V3,True
19599,2,2,EI,CN,V3,True
19643,1,1,EI,CN,V3,True
19686,1,1,EI,CN,V3,True
19738,1,1,EI,CN,V3,True
19794,1,1,EI,CN,V3,True
19811,1,1,EI,CN,V3,True
19826,2,2,EI,CN,V3,True
19830,2,2,EI,CN,V3,True
19839,2,2,EI,CN,V3,True
19854,2,2,EI,CN,V3,True
19900,1,1,EI,CN,V3,True
19915,1,1,EI,CN,V3,True
19967,1,1,EI,CN,V3,True
19968,2,2,EI,CN,V3,True
20031,1,1,EI,CN,V3,True
20132,2,1,EI,CN,V3,False
20184,2,1,EI,CN,V3,False
20195,1,1,EI,CN,V3,True
20270,1,1,EI,CN,V3,True
20283,1,1,EI,CN,V3,True
20299,2,2,EI,CN,V3,True
20338,1,1,EI,CN,V3,True
20351,2,2,EI,CN,V3,True
20380,2,2,EI,CN,V3,True
20407,1,2,EI,CN,V3,False
20420,1,1,EI,CN,V3,True
20422,1,1,EI,CN,V3,True
20431,1,1,EI,CN,V3,True
20443,1,1,EI,CN,V3,True
20446,2,2,EI,CN,V3,True
20465,1,1,EI,CN,V3,True
20467,1,1,EI,CN,V3,True
20504,2,2,EI,CN,V3,True
20528,1,1,EI,CN,V3,True
20542,1,1,EI,CN,V3,True
20549,2,1,EI,CN,V3,False
20609,1,1,EI,CN,V3,True
20666,1,1,EI,CN,V3,True
20677,1,1,EI,CN,V3,True
20685,2,2,EI,CN,V3,True
20716,2,2,EI,CN,V3,True
20717,2,2,EI,CN,V3,True
20839,2,2,EI,CN,V3,True
20853,1,1,EI,CN,V3,True
20869,2,2,EI,CN,V3,True
20890,2,2,EI,CN,V3,True
20895,2,1,EI,CN,V3,False
20964,1,1,EI,CN,V3,True
20971,2,2,EI,CN,V3,True
21016,1,1,EI,CN,V3,True
21051,2,2,EI,CN,V3,True
21067,2,2,EI,CN,V3,True
21074,1,1,EI,CN,V3,True
21098,2,2,EI,CN,V3,True
21130,2,2,EI,CN,V3,True
21158,1,1,EI,CN,V3,True
21165,1,1,EI,CN,V3,True
21167,1,1,EI,CN,V3,True
21173,1,1,EI,CN,V3,True
21180,2,2,EI,CN,V3,True
21203,2,2,EI,CN,V3,True
21210,1,1,EI,CN,V3,True
21399,1,1,EI,CN,V3,True
21509,2,2,EI,CN,V3,True
21544,2,2,EI,CN,V3,True
21598,1,2,EI,CN,V3,False
21599,2,2,EI,CN,V3,True
21606,2,2,EI,CN,V3,True
21629,1,1,EI,CN,V3,True
21691,1,1,EI,CN,V3,True
21847,2,2,EI,CN,V3,True
21910,2,1,EI,CN,V3,False
21935,1,1,EI,CN,V3,True
21976,1,1,EI,CN,V3,True
21987,2,2,EI,CN,V3,True
22043,2,2,EI,CN,V3,True
22052,1,1,EI,CN,V3,True
22065,1,1,EI,CN,V3,True
22066,2,2,EI,CN,V3,True
22126,2,2,EI,CN,V3,True
22166,2,2,EI,CN,V3,True
22184,2,2,EI,CN,V3,True
22189,2,2,EI,CN,V3,True
22194,2,2,EI,CN,V3,True
22266,1,1,EI,CN,V3,True
22314,2,2,EI,CN,V3,True
22356,2,2,EI,CN,V3,True
22467,2,2,EI,CN,V3,True
22679,1,1,EI,CN,V3,True
22707,2,2,EI,CN,V3,True
22767,2,2,EI,CN,V3,True
22770,1,1,EI,CN,V3,True
22814,1,1,EI,CN,V3,True
22819,2,2,EI,CN,V3,True
22833,1,1,EI,CN,V3,True
22849,2,2,EI,CN,V3,True
22966,2,2,EI,CN,V3,True
23023,1,1,EI,CN,V3,True
23052,1,1,EI,CN,V3,True
23089,1,1,EI,CN,V3,True
23103,2,2,EI,CN,V3,True
23104,2,2,EI,CN,V3,True
23128,1,1,EI,CN,V3,True
23200,1,1,EI,CN,V3,True
23313,2,2,EI,CN,V3,True
23323,1,1,EI,CN,V3,True
23415,2,1,EI,CN,V3,False
23440,2,2,EI,CN,V3,True
23453,2,2,EI,CN,V3,True
23505,1,1,EI,CN,V3,True
23514,2,2,EI,CN,V3,True
23524,1,1,EI,CN,V3,True
23530,2,2,EI,CN,V3,True
23534,1,1,EI,CN,V3,True
23574,1,1,EI,CN,V3,True
23605,1,1,EI,CN,V3,True
23620,2,2,EI,CN,V3,True
23648,2,2,EI,CN,V3,True
23699,2,2,EI,CN,V3,True
23713,2,2,EI,CN,V3,True
23779,1,1,EI,CN,V3,True
23871,1,1,EI,CN,V3,True
23873,1,1,EI,CN,V3,True
23901,1,1,EI,CN,V3,True
24026,2,2,EI,CN,V3,True
24163,1,1,EI,CN,V3,True
24174,2,1,EI,CN,V3,False
24260,2,2,EI,CN,V3,True
24291,2,1,EI,CN,V3,False
24304,1,1,EI,CN,V3,True
24334,2,2,EI,CN,V3,True
24405,2,2,EI,CN,V3,True
24408,1,1,EI,CN,V3,True
24500,2,2,EI,CN,V3,True
24541,2,2,EI,CN,V3,True
24573,1,1,EI,CN,V3,True
24577,1,1,EI,CN,V3,True
24637,2,2,EI,CN,V3,True
24706,1,1,EI,CN,V3,True
24740,2,2,EI,CN,V3,True
24774,2,2,EI,CN,V3,True
24836,1,1,EI,CN,V3,True
24871,1,2,EI,CN,V3,False
24959,1,2,EI,CN,V3,False
24975,1,1,EI,CN,V3,True
24995,1,1,EI,CN,V3,True
25015,2,1,EI,CN,V3,False
25038,1,1,EI,CN,V3,True
25109,2,2,EI,CN,V3,True
25137,1,1,EI,CN,V3,True
25155,1,1,EI,CN,V3,True
25239,2,1,EI,CN,V3,False
25270,1,1,EI,CN,V3,True
25302,2,2,EI,CN,V3,True
25337,1,1,EI,CN,V3,True
25348,1,1,EI,CN,V3,True
25369,2,2,EI,CN,V3,True
25380,1,2,EI,CN,V3,False
25416,1,1,EI,CN,V3,True
25435,1,2,EI,CN,V3,False
25447,1,1,EI,CN,V3,True
25448,2,2,EI,CN,V3,True
25471,2,2,EI,CN,V3,True
25523,2,2,EI,CN,V3,True
25650,1,1,EI,CN,V3,True
25690,1,1,EI,CN,V3,True
25698,2,1,EI,CN,V3,False
25856,1,1,EI,CN,V3,True
25868,1,1,EI,CN,V3,True
25990,2,2,EI,CN,V3,True
26032,1,1,EI,CN,V3,True
26129,2,2,EI,CN,V3,True
26211,2,2,EI,CN,V3,True
26281,1,1,EI,CN,V3,True
26287,2,2,EI,CN,V3,True
26292,1,1,EI,CN,V3,True
26302,1,1,EI,CN,V3,True
26321,2,2,EI,CN,V3,True
26337,1,1,EI,CN,V3,True
26345,1,2,EI,CN,V3,False
26480,2,2,EI,CN,V3,True
26492,2,2,EI,CN,V3,True
26528,1,1,EI,CN,V3,True
26546,1,1,EI,CN,V3,True
26556,1,1,EI,CN,V3,True
26575,1,2,EI,CN,V3,False
26678,2,2,EI,CN,V3,True
26714,2,2,EI,CN,V3,True
26831,1,1,EI,CN,V3,True
26865,2,2,EI,CN,V3,True
26878,2,2,EI,CN,V3,True
26995,1,2,EI,CN,V3,False
27029,2,2,EI,CN,V3,True
27088,1,1,EI,CN,V3,True
27101,1,1,EI,CN,V3,True
27117,1,2,EI,CN,V3,False
27271,1,1,EI,CN,V3,True
27395,2,1,EI,CN,V3,False
27431,2,2,EI,CN,V3,True
27497,1,1,EI,CN,V3,True
27524,2,2,EI,CN,V3,True
27558,2,2,EI,CN,V3,True
27668,2,2,EI,CN,V3,True
27688,2,1,EI,CN,V3,False
27740,2,2,EI,CN,V3,True
27786,2,2,EI,CN,V3,True
27828,2,2,EI,CN,V3,True
27904,2,2,EI,CN,V3,True
27910,2,2,EI,CN,V3,True
27911,2,2,EI,CN,V3,True
28011,2,2,EI,CN,V3,True
28051,2,2,EI,CN,V3,True
28057,1,1,EI,CN,V3,True
28067,1,1,EI,CN,V3,True
28114,2,2,EI,CN,V3,True
28222,2,2,EI,CN,V3,True
28262,2,2,EI,CN,V3,True
28271,1,1,EI,CN,V3,True
28339,1,2,EI,CN,V3,False
28341,1,1,EI,CN,V3,True
28365,2,2,EI,CN,V3,True
28463,2,2,EI,CN,V3,True
28490,1,1,EI,CN,V3,True
28550,1,2,EI,CN,V3,False
28574,2,2,EI,CN,V3,True
28656,2,2,EI,CN,V3,True
28674,2,2,EI,CN,V3,True
28728,1,1,EI,CN,V3,True
28789,2,2,EI,CN,V3,True
28790,1,1,EI,CN,V3,True
28814,2,1,EI,CN,V3,False
28822,2,2,EI,CN,V3,True
28963,1,1,EI,CN,V3,True
29070,2,2,EI,CN,V3,True
29105,2,2,EI,CN,V3,True
29132,1,1,EI,CN,V3,True
29144,1,1,EI,CN,V3,True
29184,1,1,EI,CN,V3,True
29243,2,2,EI,CN,V3,True
29385,1,1,EI,CN,V3,True
29417,2,2,EI,CN,V3,True
29454,2,2,EI,CN,V3,True
29484,2,2,EI,CN,V3,True
29629,1,1,EI,CN,V3,True
29644,1,1,EI,CN,V3,True
29679,1,1,EI,CN,V3,True
29903,1,1,EI,CN,V3,True
29912,1,1,EI,CN,V3,True
29978,2,1,EI,CN,V3,False
30052,1,1,EI,CN,V3,True
30118,1,1,EI,CN,V3,True
30137,2,2,EI,CN,V3,True
30143,1,1,EI,CN,V3,True
30180,1,1,EI,CN,V3,True
30259,1,1,EI,CN,V3,True
30273,1,1,EI,CN,V3,True
30285,2,2,EI,CN,V3,True
30328,1,1,EI,CN,V3,True
30329,1,1,EI,CN,V3,True
30336,2,2,EI,CN,V3,True
30340,1,1,EI,CN,V3,True
30367,2,2,EI,CN,V3,True
30457,2,1,EI,CN,V3,False
30498,1,1,EI,CN,V3,True
30514,1,1,EI,CN,V3,True
30544,1,2,EI,CN,V3,False
30637,1,1,EI,CN,V3,True
30701,2,2,EI,CN,V3,True
30710,2,2,EI,CN,V3,True
30794,2,1,EI,CN,V3,False
30807,2,1,EI,CN,V3,False
30825,1,1,EI,CN,V3,True
30846,1,1,EI,CN,V3,True
30856,2,2,EI,CN,V3,True
30872,2,2,EI,CN,V3,True
30880,1,1,EI,CN,V3,True
30899,1,1,EI,CN,V3,True
30922,2,2,EI,CN,V3,True
30936,2,2,EI,CN,V3,True
31029,1,1,EI,CN,V3,True
31060,1,1,EI,CN,V3,True
31089,1,1,EI,CN,V3,True
31128,1,2,EI,CN,V3,False
31138,1,1,EI,CN,V3,True
31148,1,1,EI,CN,V3,True
31247,1,1,EI,CN,V3,True
31350,2,2,EI,CN,V3,True
31386,2,2,EI,CN,V3,True
31470,2,2,EI,CN,V3,True
31483,2,2,EI,CN,V3,True
31597,1,1,EI,CN,V3,True
31622,1,1,EI,CN,V3,True
31628,1,1,EI,CN,V3,True
31634,1,1,EI,CN,V3,True
31665,1,1,EI,CN,V3,True
31720,1,1,EI,CN,V3,True
31728,1,1,EI,CN,V3,True
31754,2,2,EI,CN,V3,True
31883,2,1,EI,CN,V3,False
31907,2,2,EI,CN,V3,True
32003,2,2,EI,CN,V3,True
32090,1,1,EI,CN,V3,True
32112,2,2,EI,CN,V3,True
32116,2,2,EI,CN,V3,True
32131,2,2,EI,CN,V3,True
32167,1,1,EI,CN,V3,True
32177,1,2,EI,CN,V3,False
32263,2,2,EI,CN,V3,True
32265,1,1,EI,CN,V3,True
32323,2,2,EI,CN,V3,True
32372,1,1,EI,CN,V3,True
32463,2,2,EI,CN,V3,True
32518,1,1,EI,CN,V3,True
32558,1,1,EI,CN,V3,True
32572,2,2,EI,CN,V3,True
32679,1,1,EI,CN,V3,True
32722,2,2,EI,CN,V3,True
32747,1,1,EI,CN,V3,True
32753,2,2,EI,CN,V3,True
32785,1,1,EI,CN,V3,True
32872,2,2,EI,CN,V3,True
32894,2,1,EI,CN,V3,False
32913,1,1,EI,CN,V3,True
32917,2,2,EI,CN,V3,True
32963,1,1,EI,CN,V3,True
32972,2,2,EI,CN,V3,True
33026,1,2,EI,CN,V3,False
33067,2,2,EI,CN,V3,True
33126,2,2,EI,CN,V3,True
33141,2,2,EI,CN,V3,True
33154,1,1,EI,CN,V3,True
33262,2,2,EI,CN,V3,True
33291,1,1,EI,CN,V3,True
33345,1,1,EI,CN,V3,True
33390,1,1,EI,CN,V3,True
33433,1,1,EI,CN,V3,True
33470,1,1,EI,CN,V3,True
33504,1,1,EI,CN,V3,True
33509,1,1,EI,CN,V3,True
33532,2,2,EI,CN,V3,True
33618,1,1,EI,CN,V3,True
33649,1,1,EI,CN,V3,True
33741,1,1,EI,CN,V3,True
33743,2,2,EI,CN,V3,True
33765,2,2,EI,CN,V3,True
33780,1,1,EI,CN,V3,True
33806,1,1,EI,CN,V3,True
33808,2,2,EI,CN,V3,True
33856,1,1,EI,CN,V3,True
33859,2,2,EI,CN,V3,True
33890,2,2,EI,CN,V3,True
33936,1,1,EI,CN,V3,True
33961,1,1,EI,CN,V3,True
33962,2,2,EI,CN,V3,True
33986,1,1,EI,CN,V3,True
34029,2,2,EI,CN,V3,True
34084,2,2,EI,CN,V3,True
34125,2,2,EI,CN,V3,True
34143,2,2,EI,CN,V3,True
34148,1,1,EI,CN,V3,True
34171,1,1,EI,CN,V3,True
34215,2,2,EI,CN,V3,True
34276,1,1,EI,CN,V3,True
34332,2,1,EI,CN,V3,False
34354,1,1,EI,CN,V3,True
34404,2,2,EI,CN,V3,True
34414,2,2,EI,CN,V3,True
34460,2,2,EI,CN,V3,True
34573,1,1,EI,CN,V3,True
34714,2,2,EI,CN,V3,True
34812,2,1,EI,CN,V3,False
34915,2,1,EI,CN,V3,False
34918,2,2,EI,CN,V3,True
34944,2,1,EI,CN,V3,False
34983,2,2,EI,CN,V3,True
35058,2,2,EI,CN,V3,True
35064,1,2,EI,CN,V3,False
35127,2,2,EI,CN,V3,True
35156,2,2,EI,CN,V3,True
35174,1,1,EI,CN,V3,True
35201,2,2,EI,CN,V3,True
35204,2,2,EI,CN,V3,True
35282,2,2,EI,CN,V3,True
35287,1,1,EI,CN,V3,True
35429,2,2,EI,CN,V3,True
35467,1,2,EI,CN,V3,False
35542,2,2,EI,CN,V3,True
35564,2,2,EI,CN,V3,True
35592,1,1,EI,CN,V3,True
35643,2,2,EI,CN,V3,True
35732,2,2,EI,CN,V3,True
35738,2,2,EI,CN,V3,True
35743,2,2,EI,CN,V3,True
35880,2,2,EI,CN,V3,True
35907,2,1,EI,CN,V3,False
35918,2,1,EI,CN,V3,False
35939,2,2,EI,CN,V3,True
35991,2,2,EI,CN,V3,True
36100,2,2,EI,CN,V3,True
36117,1,1,EI,CN,V3,True
36186,2,2,EI,CN,V3,True
36190,1,1,EI,CN,V3,True
36199,2,2,EI,CN,V3,True
36209,1,1,EI,CN,V3,True
36223,2,2,EI,CN,V3,True
36247,1,1,EI,CN,V3,True
36341,2,2,EI,CN,V3,True
36419,2,2,EI,CN,V3,True
36434,2,2,EI,CN,V3,True
36449,1,1,EI,CN,V3,True
36482,2,2,EI,CN,V3,True
36557,2,2,EI,CN,V3,True
36686,2,1,EI,CN,V3,False
36689,2,1,EI,CN,V3,False
36734,1,1,EI,CN,V3,True
36743,1,1,EI,CN,V3,True
36767,2,2,EI,CN,V3,True
36785,2,1,EI,CN,V3,False
36812,2,2,EI,CN,V3,True
36819,2,2,EI,CN,V3,True
36849,2,2,EI,CN,V3,True
36960,1,1,EI,CN,V3,True
36974,2,2,EI,CN,V3,True
37006,2,2,EI,CN,V3,True
37016,2,2,EI,CN,V3,True
37020,1,1,EI,CN,V3,True
37082,2,2,EI,CN,V3,True
37102,2,2,EI,CN,V3,True
37124,2,2,EI,CN,V3,True
37245,1,1,EI,CN,V3,True
37249,2,2,EI,CN,V3,True
37258,1,1,EI,CN,V3,True
37327,1,1,EI,CN,V3,True
37367,2,2,EI,CN,V3,True
37404,1,2,EI,CN,V3,False
37422,2,1,EI,CN,V3,False
37432,2,2,EI,CN,V3,True
37435,1,2,EI,CN,V3,False
37490,1,1,EI,CN,V3,True
37542,2,1,EI,CN,V3,False
37569,2,2,EI,CN,V3,True
37608,1,1,EI,CN,V3,True
37614,1,2,EI,CN,V3,False
37617,2,2,EI,CN,V3,True
37723,2,2,EI,CN,V3,True
37725,2,1,EI,CN,V3,False
37741,2,2,EI,CN,V3,True
37743,2,2,EI,CN,V3,True
37842,1,1,EI,CN,V3,True
37909,1,1,EI,CN,V3,True
37955,1,1,EI,CN,V3,True
38026,2,2,EI,CN,V3,True
38068,2,2,EI,CN,V3,True
38078,2,2,EI,CN,V3,True
38144,1,1,EI,CN,V3,True
38146,1,1,EI,CN,V3,True
38166,1,1,EI,CN,V3,True
38168,1,1,EI,CN,V3,True
38191,2,1,EI,CN,V3,False
38245,1,1,EI,CN,V3,True
38267,2,1,EI,CN,V3,False
38352,1,1,EI,CN,V3,True
38363,2,2,EI,CN,V3,True
38390,2,1,EI,CN,V3,False
38395,1,1,EI,CN,V3,True
38425,2,2,EI,CN,V3,True
38485,1,1,EI,CN,V3,True
38518,1,1,EI,CN,V3,True
38530,1,1,EI,CN,V3,True
38533,2,2,EI,CN,V3,True
38554,2,2,EI,CN,V3,True
38562,2,2,EI,CN,V3,True
38593,2,2,EI,CN,V3,True
38627,2,2,EI,CN,V3,True
38630,1,1,EI,CN,V3,True
38773,2,1,EI,CN,V3,False
38802,1,2,EI,CN,V3,False
38809,2,2,EI,CN,V3,True
38811,2,2,EI,CN,V3,True
38829,1,1,EI,CN,V3,True
38858,1,1,EI,CN,V3,True
38920,2,2,EI,CN,V3,True
38928,2,2,EI,CN,V3,True
38947,1,1,EI,CN,V3,True
39152,1,1,EI,CN,V3,True
39199,1,1,EI,CN,V3,True
39321,1,1,EI,CN,V3,True
39356,2,2,EI,CN,V3,True
39388,2,2,EI,CN,V3,True
39457,1,1,EI,CN,V3,True
39466,1,1,EI,CN,V3,True
39532,2,2,EI,CN,V3,True
39553,2,2,EI,CN,V3,True
39557,1,1,EI,CN,V3,True
39630,1,1,EI,CN,V3,True
39715,1,1,EI,CN,V3,True
39804,1,1,EI,CN,V3,True
39833,2,1,EI,CN,V3,False
39842,1,1,EI,CN,V3,True
39855,1,1,EI,CN,V3,True
39864,2,2,EI,CN,V3,True
39884,2,2,EI,CN,V3,True
40029,2,1,EI,CN,V3,False
40068,1,1,EI,CN,V3,True
40135,1,1,EI,CN,V3,True
40145,2,2,EI,CN,V3,True
40164,1,1,EI,CN,V3,True
40296,2,2,EI,CN,V3,True
40352,1,1,EI,CN,V3,True
40376,1,1,EI,CN,V3,True
40497,2,2,EI,CN,V3,True
40535,1,1,EI,CN,V3,True
40542,2,2,EI,CN,V3,True
40622,2,2,EI,CN,V3,True
40653,2,2,EI,CN,V3,True
40762,1,1,EI,CN,V3,True
40853,1,1,EI,CN,V3,True
40857,2,1,EI,CN,V3,False
40923,2,2,EI,CN,V3,True
40969,1,1,EI,CN,V3,True
41001,2,2,EI,CN,V3,True
41077,1,2,EI,CN,V3,False
41150,2,2,EI,CN,V3,True
41152,1,2,EI,CN,V3,False
41237,1,1,EI,CN,V3,True
41239,1,1,EI,CN,V3,True
41273,1,1,EI,CN,V3,True
41360,2,2,EI,CN,V3,True
41368,1,1,EI,CN,V3,True
41416,1,2,EI,CN,V3,False
41457,2,2,EI,CN,V3,True
41472,1,1,EI,CN,V3,True
41514,1,2,EI,CN,V3,False
41581,2,2,EI,CN,V3,True
41590,1,2,EI,CN,V3,False
41607,1,2,EI,CN,V3,False
41636,1,1,EI,CN,V3,True
41704,1,1,EI,CN,V3,True
41829,1,1,EI,CN,V3,True
41836,1,1,EI,CN,V3,True
41906,2,2,EI,CN,V3,True
41973,2,2,EI,CN,V3,True
42040,1,1,EI,CN,V3,True
42067,1,1,EI,CN,V3,True
42086,2,1,EI,CN,V3,False
42112,2,2,EI,CN,V3,True
42166,2,2,EI,CN,V3,True
42174,2,2,EI,CN,V3,True
42185,2,2,EI,CN,V3,True
42228,2,2,EI,CN,V3,True
42330,1,1,EI,CN,V3,True
42344,1,2,EI,CN,V3,False
42391,2,2,EI,CN,V3,True
42428,1,1,EI,CN,V3,True
42468,2,2,EI,CN,V3,True
42520,1,1,EI,CN,V3,True
42521,1,1,EI,CN,V3,True
42568,1,2,EI,CN,V3,False
42572,2,2,EI,CN,V3,True
42585,1,1,EI,CN,V3,True
42609,2,2,EI,CN,V3,True
42690,2,2,EI,CN,V3,True
42714,2,2,EI,CN,V3,True
42742,1,2,EI,CN,V3,False
42860,2,2,EI,CN,V3,True
42886,2,2,EI,CN,V3,True
42922,2,2,EI,CN,V3,True
43042,1,1,EI,CN,V3,True
43070,2,2,EI,CN,V3,True
43113,1,2,EI,CN,V3,False
43164,2,2,EI,CN,V3,True
43191,1,1,EI,CN,V3,True
43285,1,1,EI,CN,V3,True
43295,2,2,EI,CN,V3,True
43350,2,2,EI,CN,V3,True
43526,2,2,EI,CN,V3,True
43621,2,2,EI,CN,V3,True
43668,2,2,EI,CN,V3,True
43764,2,2,EI,CN,V3,True
43800,1,1,EI,CN,V3,True
43811,2,1,EI,CN,V3,False
44063,2,2,EI,CN,V3,True
44064,2,2,EI,CN,V3,True
44147,1,1,EI,CN,V3,True
44167,2,2,EI,CN,V3,True
44178,2,2,EI,CN,V3,True
44313,2,2,EI,CN,V3,True
44380,1,2,EI,CN,V3,False
44400,1,2,EI,CN,V3,False
44415,2,2,EI,CN,V3,True
44430,2,2,EI,CN,V3,True
44444,2,2,EI,CN,V3,True
44458,2,2,EI,CN,V3,True
44475,1,1,EI,CN,V3,True
44479,2,2,EI,CN,V3,True
44628,1,1,EI,CN,V3,True
44682,1,1,EI,CN,V3,True
44743,1,1,EI,CN,V3,True
44833,2,2,EI,CN,V3,True
44841,1,2,EI,CN,V3,False
44887,2,2,EI,CN,V3,True
44967,1,1,EI,CN,V3,True
45012,2,2,EI,CN,V3,True
45024,1,1,EI,CN,V3,True
45075,2,2,EI,CN,V3,True
45117,2,2,EI,CN,V3,True
45175,2,2,EI,CN,V3,True
45184,1,1,EI,CN,V3,True
45199,1,2,EI,CN,V3,False
45314,1,1,EI,CN,V3,True
45337,1,1,EI,CN,V3,True
45340,2,2,EI,CN,V3,True
45390,2,2,EI,CN,V3,True
45424,2,1,EI,CN,V3,False
45470,2,2,EI,CN,V3,True
45492,1,1,EI,CN,V3,True
45529,2,2,EI,CN,V3,True
45544,2,2,EI,CN,V3,True
45784,1,1,EI,CN,V3,True
45800,2,2,EI,CN,V3,True
45811,2,2,EI,CN,V3,True
45837,1,1,EI,CN,V3,True
45857,2,2,EI,CN,V3,True
45893,2,2,EI,CN,V3,True
45938,2,2,EI,CN,V3,True
45983,1,1,EI,CN,V3,True
45985,1,1,EI,CN,V3,True
46132,1,1,EI,CN,V3,True
46147,1,1,EI,CN,V3,True
46160,1,1,EI,CN,V3,True
46218,2,2,EI,CN,V3,True
46371,2,1,EI,CN,V3,False
46372,2,2,EI,CN,V3,True
46569,2,2,EI,CN,V3,True
46595,2,2,EI,CN,V3,True
46674,1,1,EI,CN,V3,True
46707,1,1,EI,CN,V3,True
46710,2,2,EI,CN,V3,True
46751,2,2,EI,CN,V3,True
46756,1,1,EI,CN,V3,True
46810,2,1,EI,CN,V3,False
46859,2,2,EI,CN,V3,True
46880,1,1,EI,CN,V3,True
46894,2,2,EI,CN,V3,True
46969,2,2,EI,CN,V3,True
47060,2,2,EI,CN,V3,True
47065,1,1,EI,CN,V3,True
47097,1,1,EI,CN,V3,True
47139,2,1,EI,CN,V3,False
47169,2,2,EI,CN,V3,True
47216,2,2,EI,CN,V3,True
47246,2,2,EI,CN,V3,True
47249,2,2,EI,CN,V3,True
47362,1,1,EI,CN,V3,True
47371,1,1,EI,CN,V3,True
47603,1,1,EI,CN,V3,True
47619,2,2,EI,CN,V3,True
47632,1,1,EI,CN,V3,True
47865,2,2,EI,CN,V3,True
47886,1,1,EI,CN,V3,True
48182,1,1,EI,CN,V3,True
48217,2,1,EI,CN,V3,False
48246,1,1,EI,CN,V3,True
48295,2,2,EI,CN,V3,True
48329,1,1,EI,CN,V3,True
48352,1,2,EI,CN,V3,False
48355,2,2,EI,CN,V3,True
48359,1,2,EI,CN,V3,False
48434,1,1,EI,CN,V3,True
48441,1,2,EI,CN,V3,False
48449,2,2,EI,CN,V3,True
48506,2,2,EI,CN,V3,True
48541,1,1,EI,CN,V3,True
48562,2,2,EI,CN,V3,True
48563,2,2,EI,CN,V3,True
48566,1,1,EI,CN,V3,True
48607,2,2,EI,CN,V3,True
48618,1,1,EI,CN,V3,True
48722,1,2,EI,CN,V3,False
48728,1,1,EI,CN,V3,True
48859,2,2,EI,CN,V3,True
48898,1,1,EI,CN,V3,True
48976,2,2,EI,CN,V3,True
49004,1,1,EI,CN,V3,True
49029,1,1,EI,CN,V3,True
49047,1,1,EI,CN,V3,True
49052,1,1,EI,CN,V3,True
49095,1,1,EI,CN,V3,True
49132,1,2,EI,CN,V3,False
49146,1,1,EI,CN,V3,True
49182,1,2,EI,CN,V3,False
49189,1,1,EI,CN,V3,True
49213,1,1,EI,CN,V3,True
49228,1,1,EI,CN,V3,True
49242,2,2,EI,CN,V3,True
49325,1,1,EI,CN,V3,True
49460,1,1,EI,CN,V3,True
49550,1,2,EI,CN,V3,False
49700,1,1,EI,CN,V3,True
49737,1,1,EI,CN,V3,True
49777,1,1,EI,CN,V3,True
49804,2,1,EI,CN,V3,False
49855,2,2,EI,CN,V3,True
49870,2,2,EI,CN,V3,True
49943,2,2,EI,CN,V3,True
49950,2,2,EI,CN,V3,True
49959,2,2,EI,CN,V3,True
49971,2,1,EI,CN,V3,False
107,2,2,EI,CT,R1,True
176,1,1,EI,CT,R1,True
257,1,1,EI,CT,R1,True
284,2,2,EI,CT,R1,True
287,1,1,EI,CT,R1,True
310,2,2,EI,CT,R1,True
337,2,2,EI,CT,R1,True
379,2,2,EI,CT,R1,True
393,2,2,EI,CT,R1,True
423,1,2,EI,CT,R1,False
450,2,2,EI,CT,R1,True
504,2,2,EI,CT,R1,True
545,1,1,EI,CT,R1,True
626,2,2,EI,CT,R1,True
715,2,2,EI,CT,R1,True
722,1,1,EI,CT,R1,True
793,2,2,EI,CT,R1,True
804,2,2,EI,CT,R1,True
813,2,2,EI,CT,R1,True
856,2,2,EI,CT,R1,True
893,2,2,EI,CT,R1,True
922,1,1,EI,CT,R1,True
1029,2,2,EI,CT,R1,True
1057,1,1,EI,CT,R1,True
1176,2,2,EI,CT,R1,True
1199,1,1,EI,CT,R1,True
1200,2,2,EI,CT,R1,True
1227,2,2,EI,CT,R1,True
1261,2,2,EI,CT,R1,True
1347,1,1,EI,CT,R1,True
1352,2,2,EI,CT,R1,True
1363,2,2,EI,CT,R1,True
1421,1,1,EI,CT,R1,True
1481,1,1,EI,CT,R1,True
1552,1,1,EI,CT,R1,True
1573,1,1,EI,CT,R1,True
1656,2,2,EI,CT,R1,True
1687,1,1,EI,CT,R1,True
1707,2,2,EI,CT,R1,True
1733,2,2,EI,CT,R1,True
1755,2,2,EI,CT,R1,True
1808,2,1,EI,CT,R1,False
1814,2,2,EI,CT,R1,True
1819,2,2,EI,CT,R1,True
1822,1,1,EI,CT,R1,True
1823,1,2,EI,CT,R1,False
2004,2,2,EI,CT,R1,True
2039,2,2,EI,CT,R1,True
2055,1,1,EI,CT,R1,True
2068,2,2,EI,CT,R1,True
2081,1,1,EI,CT,R1,True
2155,2,2,EI,CT,R1,True
2221,2,2,EI,CT,R1,True
2288,2,2,EI,CT,R1,True
2375,2,2,EI,CT,R1,True
2426,2,2,EI,CT,R1,True
2584,2,2,EI,CT,R1,True
2585,1,1,EI,CT,R1,True
2600,1,1,EI,CT,R1,True
2844,1,1,EI,CT,R1,True
2891,2,2,EI,CT,R1,True
2932,2,2,EI,CT,R1,True
2983,1,1,EI,CT,R1,True
3056,1,1,EI,CT,R1,True
3102,1,1,EI,CT,R1,True
3191,1,1,EI,CT,R1,True
3230,1,2,EI,CT,R1,False
3297,1,1,EI,CT,R1,True
3363,1,1,EI,CT,R1,True
3385,1,1,EI,CT,R1,True
3400,1,1,EI,CT,R1,True
3418,1,1,EI,CT,R1,True
3429,2,2,EI,CT,R1,True
3440,1,1,EI,CT,R1,True
3512,2,2,EI,CT,R1,True
3524,1,1,EI,CT,R1,True
3631,2,2,EI,CT,R1,True
3811,2,2,EI,CT,R1,True
3824,1,1,EI,CT,R1,True
3867,1,1,EI,CT,R1,True
3912,1,1,EI,CT,R1,True
3929,1,1,EI,CT,R1,True
3954,2,2,EI,CT,R1,True
3971,2,2,EI,CT,R1,True
4017,1,2,EI,CT,R1,False
4066,2,2,EI,CT,R1,True
4087,2,2,EI,CT,R1,True
4187,1,1,EI,CT,R1,True
4207,1,1,EI,CT,R1,True
4211,1,1,EI,CT,R1,True
4303,1,1,EI,CT,R1,True
4314,1,1,EI,CT,R1,True
4339,2,1,EI,CT,R1,False
4348,2,2,EI,CT,R1,True
4447,1,1,EI,CT,R1,True
4462,1,1,EI,CT,R1,True
4591,1,1,EI,CT,R1,True
4624,2,2,EI,CT,R1,True
4651,2,1,EI,CT,R1,False
4652,1,1,EI,CT,R1,True
4663,1,1,EI,CT,R1,True
4706,2,2,EI,CT,R1,True
4716,1,1,EI,CT,R1,True
4744,2,2,EI,CT,R1,True
4767,1,1,EI,CT,R1,True
4795,1,1,EI,CT,R1,True
4797,1,1,EI,CT,R1,True
4812,2,1,EI,CT,R1,False
4827,2,2,EI,CT,R1,True
4829,2,2,EI,CT,R1,True
4851,2,2,EI,CT,R1,True
4927,2,2,EI,CT,R1,True
5006,2,1,EI,CT,R1,False
5009,1,1,EI,CT,R1,True
5024,1,1,EI,CT,R1,True
5070,1,2,EI,CT,R1,False
5086,2,2,EI,CT,R1,True
5119,1,1,EI,CT,R1,True
5120,2,2,EI,CT,R1,True
5159,1,1,EI,CT,R1,True
5406,1,1,EI,CT,R1,True
5424,2,2,EI,CT,R1,True
5475,2,2,EI,CT,R1,True
5499,1,1,EI,CT,R1,True
5570,1,1,EI,CT,R1,True
5586,2,1,EI,CT,R1,False
5619,2,2,EI,CT,R1,True
5651,1,1,EI,CT,R1,True
5797,2,2,EI,CT,R1,True
5824,2,2,EI,CT,R1,True
5829,1,1,EI,CT,R1,True
5906,2,2,EI,CT,R1,True
5913,2,2,EI,CT,R1,True
5938,2,2,EI,CT,R1,True
5957,2,1,EI,CT,R1,False
5998,2,2,EI,CT,R1,True
6010,2,2,EI,CT,R1,True
6059,2,1,EI,CT,R1,False
6111,1,1,EI,CT,R1,True
6137,1,1,EI,CT,R1,True
6156,1,1,EI,CT,R1,True
6253,2,2,EI,CT,R1,True
6255,2,2,EI,CT,R1,True
6295,1,1,EI,CT,R1,True
6347,1,1,EI,CT,R1,True
6374,1,1,EI,CT,R1,True
6420,1,1,EI,CT,R1,True
6452,1,1,EI,CT,R1,True
6465,1,1,EI,CT,R1,True
6484,2,2,EI,CT,R1,True
6488,1,1,EI,CT,R1,True
6527,1,1,EI,CT,R1,True
6595,1,1,EI,CT,R1,True
6631,1,1,EI,CT,R1,True
6715,2,2,EI,CT,R1,True
6728,1,1,EI,CT,R1,True
6756,2,2,EI,CT,R1,True
6812,1,1,EI,CT,R1,True
6824,1,1,EI,CT,R1,True
6826,2,2,EI,CT,R1,True
6842,1,1,EI,CT,R1,True
6867,1,1,EI,CT,R1,True
6868,2,2,EI,CT,R1,True
6899,2,2,EI,CT,R1,True
6977,2,2,EI,CT,R1,True
6991,1,1,EI,CT,R1,True
7001,2,2,EI,CT,R1,True
7004,1,1,EI,CT,R1,True
7042,2,2,EI,CT,R1,True
7070,2,2,EI,CT,R1,True
7096,1,1,EI,CT,R1,True
7099,1,1,EI,CT,R1,True
7194,2,2,EI,CT,R1,True
7220,2,2,EI,CT,R1,True
7313,2,2,EI,CT,R1,True
7387,1,1,EI,CT,R1,True
7407,1,1,EI,CT,R1,True
7430,2,2,EI,CT,R1,True
7439,1,1,EI,CT,R1,True
7451,2,2,EI,CT,R1,True
7498,2,2,EI,CT,R1,True
7550,1,1,EI,CT,R1,True
7553,2,2,EI,CT,R1,True
7555,1,1,EI,CT,R1,True
7581,2,2,EI,CT,R1,True
7631,1,1,EI,CT,R1,True
7654,1,1,EI,CT,R1,True
7687,1,1,EI,CT,R1,True
7723,1,1,EI,CT,R1,True
7756,1,1,EI,CT,R1,True
7832,2,1,EI,CT,R1,False
7894,1,1,EI,CT,R1,True
7915,2,2,EI,CT,R1,True
7966,1,1,EI,CT,R1,True
7972,1,1,EI,CT,R1,True
8015,2,2,EI,CT,R1,True
8033,1,2,EI,CT,R1,False
8139,1,1,EI,CT,R1,True
8217,1,2,EI,CT,R1,False
8268,2,2,EI,CT,R1,True
8339,1,2,EI,CT,R1,False
8366,2,2,EI,CT,R1,True
8444,1,1,EI,CT,R1,True
8477,1,1,EI,CT,R1,True
8580,2,2,EI,CT,R1,True
8630,2,2,EI,CT,R1,True
8637,1,1,EI,CT,R1,True
8672,1,1,EI,CT,R1,True
8800,1,2,EI,CT,R1,False
8816,2,2,EI,CT,R1,True
8902,2,2,EI,CT,R1,True
8923,2,2,EI,CT,R1,True
8948,1,1,EI,CT,R1,True
8993,1,1,EI,CT,R1,True
9004,1,1,EI,CT,R1,True
9089,2,2,EI,CT,R1,True
9102,2,2,EI,CT,R1,True
9134,2,2,EI,CT,R1,True
9246,2,2,EI,CT,R1,True
9268,1,1,EI,CT,R1,True
9324,2,2,EI,CT,R1,True
9349,2,2,EI,CT,R1,True
9357,2,2,EI,CT,R1,True
9417,1,1,EI,CT,R1,True
9465,1,1,EI,CT,R1,True
9469,2,2,EI,CT,R1,True
9485,2,2,EI,CT,R1,True
9544,1,2,EI,CT,R1,False
9595,1,2,EI,CT,R1,False
9632,2,1,EI,CT,R1,False
9635,2,2,EI,CT,R1,True
9677,2,2,EI,CT,R1,True
9715,1,1,EI,CT,R1,True
9774,2,2,EI,CT,R1,True
9796,1,1,EI,CT,R1,True
9892,2,2,EI,CT,R1,True
9907,2,2,EI,CT,R1,True
9934,1,1,EI,CT,R1,True
9955,1,2,EI,CT,R1,False
10022,1,1,EI,CT,R1,True
10156,1,1,EI,CT,R1,True
10163,1,1,EI,CT,R1,True
10174,1,1,EI,CT,R1,True
10187,2,2,EI,CT,R1,True
10210,1,1,EI,CT,R1,True
10328,1,1,EI,CT,R1,True
10330,2,2,EI,CT,R1,True
10375,1,1,EI,CT,R1,True
10400,1,1,EI,CT,R1,True
10423,2,2,EI,CT,R1,True
10434,1,1,EI,CT,R1,True
10566,2,2,EI,CT,R1,True
10600,1,1,EI,CT,R1,True
10610,2,2,EI,CT,R1,True
10621,2,2,EI,CT,R1,True
10626,2,1,EI,CT,R1,False
10634,2,2,EI,CT,R1,True
10713,1,2,EI,CT,R1,False
10771,2,2,EI,CT,R1,True
10910,2,2,EI,CT,R1,True
10954,2,2,EI,CT,R1,True
10978,1,1,EI,CT,R1,True
11024,2,2,EI,CT,R1,True
11101,1,2,EI,CT,R1,False
11102,1,1,EI,CT,R1,True
11112,1,1,EI,CT,R1,True
11120,2,2,EI,CT,R1,True
11132,1,1,EI,CT,R1,True
11189,2,2,EI,CT,R1,True
11264,2,2,EI,CT,R1,True
11283,2,2,EI,CT,R1,True
11511,2,2,EI,CT,R1,True
11514,1,1,EI,CT,R1,True
11523,2,2,EI,CT,R1,True
11525,1,1,EI,CT,R1,True
11596,1,1,EI,CT,R1,True
11603,1,1,EI,CT,R1,True
11630,1,1,EI,CT,R1,True
11647,1,1,EI,CT,R1,True
11742,2,2,EI,CT,R1,True
11786,1,1,EI,CT,R1,True
11850,2,2,EI,CT,R1,True
11870,1,1,EI,CT,R1,True
11874,1,1,EI,CT,R1,True
11930,1,1,EI,CT,R1,True
11935,2,2,EI,CT,R1,True
11967,1,1,EI,CT,R1,True
12074,1,1,EI,CT,R1,True
12151,1,1,EI,CT,R1,True
12153,1,1,EI,CT,R1,True
12219,1,1,EI,CT,R1,True
12271,2,2,EI,CT,R1,True
12285,1,1,EI,CT,R1,True
12301,1,1,EI,CT,R1,True
12305,1,1,EI,CT,R1,True
12323,1,2,EI,CT,R1,False
12429,2,2,EI,CT,R1,True
12472,2,2,EI,CT,R1,True
12486,2,2,EI,CT,R1,True
12494,1,1,EI,CT,R1,True
12645,1,1,EI,CT,R1,True
12732,1,1,EI,CT,R1,True
12798,2,2,EI,CT,R1,True
12830,2,2,EI,CT,R1,True
12860,2,2,EI,CT,R1,True
12896,1,1,EI,CT,R1,True
12903,2,2,EI,CT,R1,True
12926,2,2,EI,CT,R1,True
12936,2,2,EI,CT,R1,True
12948,2,2,EI,CT,R1,True
12975,2,2,EI,CT,R1,True
12998,2,1,EI,CT,R1,False
13035,1,1,EI,CT,R1,True
13050,2,2,EI,CT,R1,True
13113,2,1,EI,CT,R1,False
13115,2,1,EI,CT,R1,False
13137,2,2,EI,CT,R1,True
13141,1,1,EI,CT,R1,True
13200,1,1,EI,CT,R1,True
13227,2,2,EI,CT,R1,True
13319,1,1,EI,CT,R1,True
13334,1,1,EI,CT,R1,True
13384,1,1,EI,CT,R1,True
13400,1,2,EI,CT,R1,False
13447,2,2,EI,CT,R1,True
13484,2,2,EI,CT,R1,True
13518,2,2,EI,CT,R1,True
13562,2,2,EI,CT,R1,True
13726,2,1,EI,CT,R1,False
13785,1,1,EI,CT,R1,True
13843,2,2,EI,CT,R1,True
13864,2,2,EI,CT,R1,True
13874,1,1,EI,CT,R1,True
13920,1,2,EI,CT,R1,False
13996,1,2,EI,CT,R1,False
14011,2,2,EI,CT,R1,True
14047,2,2,EI,CT,R1,True
14055,2,2,EI,CT,R1,True
14074,2,2,EI,CT,R1,True
14137,2,2,EI,CT,R1,True
14139,2,2,EI,CT,R1,True
14224,2,2,EI,CT,R1,True
14259,1,1,EI,CT,R1,True
14300,1,1,EI,CT,R1,True
14325,1,1,EI,CT,R1,True
14408,1,1,EI,CT,R1,True
14469,1,1,EI,CT,R1,True
14488,1,1,EI,CT,R1,True
14532,2,2,EI,CT,R1,True
14550,2,2,EI,CT,R1,True
14557,1,1,EI,CT,R1,True
14581,2,2,EI,CT,R1,True
14617,2,2,EI,CT,R1,True
14759,2,2,EI,CT,R1,True
14793,1,1,EI,CT,R1,True
14796,2,2,EI,CT,R1,True
14845,2,2,EI,CT,R1,True
14858,2,2,EI,CT,R1,True
14868,1,1,EI,CT,R1,True
14900,1,1,EI,CT,R1,True
14932,2,2,EI,CT,R1,True
14970,2,2,EI,CT,R1,True
14988,2,2,EI,CT,R1,True
15035,1,1,EI,CT,R1,True
15066,2,2,EI,CT,R1,True
15131,1,2,EI,CT,R1,False
15133,2,2,EI,CT,R1,True
15176,2,2,EI,CT,R1,True
15189,1,1,EI,CT,R1,True
15254,1,1,EI,CT,R1,True
15290,1,1,EI,CT,R1,True
15363,2,2,EI,CT,R1,True
15452,2,2,EI,CT,R1,True
15535,2,2,EI,CT,R1,True
15538,1,1,EI,CT,R1,True
15555,2,1,EI,CT,R1,False
15585,2,1,EI,CT,R1,False
15614,2,2,EI,CT,R1,True
15620,2,2,EI,CT,R1,True
15693,1,1,EI,CT,R1,True
15721,2,2,EI,CT,R1,True
15735,1,1,EI,CT,R1,True
15799,2,2,EI,CT,R1,True
15810,1,2,EI,CT,R1,False
15822,1,1,EI,CT,R1,True
15883,1,1,EI,CT,R1,True
15894,1,1,EI,CT,R1,True
15938,1,2,EI,CT,R1,False
16011,1,1,EI,CT,R1,True
16114,1,1,EI,CT,R1,True
16120,1,1,EI,CT,R1,True
16170,2,2,EI,CT,R1,True
16174,1,1,EI,CT,R1,True
16204,1,2,EI,CT,R1,False
16212,1,1,EI,CT,R1,True
16213,1,1,EI,CT,R1,True
16230,1,1,EI,CT,R1,True
16264,1,1,EI,CT,R1,True
16339,1,1,EI,CT,R1,True
16355,2,2,EI,CT,R1,True
16398,1,1,EI,CT,R1,True
16572,1,1,EI,CT,R1,True
16600,1,1,EI,CT,R1,True
16614,1,1,EI,CT,R1,True
16642,1,1,EI,CT,R1,True
16731,1,1,EI,CT,R1,True
16801,2,2,EI,CT,R1,True
16845,1,1,EI,CT,R1,True
16858,2,2,EI,CT,R1,True
16891,1,2,EI,CT,R1,False
16977,1,1,EI,CT,R1,True
17002,2,2,EI,CT,R1,True
17048,1,1,EI,CT,R1,True
17079,2,1,EI,CT,R1,False
17121,2,2,EI,CT,R1,True
17165,2,2,EI,CT,R1,True
17212,1,1,EI,CT,R1,True
17227,1,2,EI,CT,R1,False
17241,2,1,EI,CT,R1,False
17280,2,1,EI,CT,R1,False
17322,1,1,EI,CT,R1,True
17355,2,2,EI,CT,R1,True
17361,1,1,EI,CT,R1,True
17364,1,2,EI,CT,R1,False
17386,2,2,EI,CT,R1,True
17423,2,2,EI,CT,R1,True
17455,1,1,EI,CT,R1,True
17468,1,1,EI,CT,R1,True
17475,1,1,EI,CT,R1,True
17585,2,1,EI,CT,R1,False
17693,1,2,EI,CT,R1,False
17744,2,2,EI,CT,R1,True
17746,2,2,EI,CT,R1,True
17792,1,2,EI,CT,R1,False
17806,2,2,EI,CT,R1,True
17877,1,1,EI,CT,R1,True
17885,2,2,EI,CT,R1,True
17914,1,1,EI,CT,R1,True
17963,2,2,EI,CT,R1,True
18223,2,2,EI,CT,R1,True
18290,1,1,EI,CT,R1,True
18337,1,2,EI,CT,R1,False
18550,2,2,EI,CT,R1,True
18597,1,1,EI,CT,R1,True
18613,2,2,EI,CT,R1,True
18630,2,2,EI,CT,R1,True
18631,1,1,EI,CT,R1,True
18643,1,1,EI,CT,R1,True
18652,1,1,EI,CT,R1,True
18670,1,1,EI,CT,R1,True
18805,1,2,EI,CT,R1,False
18806,1,1,EI,CT,R1,True
18820,1,1,EI,CT,R1,True
18839,2,2,EI,CT,R1,True
18874,1,1,EI,CT,R1,True
18886,1,1,EI,CT,R1,True
18935,1,1,EI,CT,R1,True
18961,2,2,EI,CT,R1,True
18970,1,1,EI,CT,R1,True
18998,2,2,EI,CT,R1,True
19036,2,1,EI,CT,R1,False
19045,2,2,EI,CT,R1,True
19113,2,1,EI,CT,R1,False
19164,2,1,EI,CT,R1,False
19267,2,2,EI,CT,R1,True
19295,1,1,EI,CT,R1,True
19331,2,2,EI,CT,R1,True
19341,1,1,EI,CT,R1,True
19363,1,1,EI,CT,R1,True
19383,1,1,EI,CT,R1,True
19385,2,2,EI,CT,R1,True
19395,2,2,EI,CT,R1,True
19486,2,2,EI,CT,R1,True
19496,2,2,EI,CT,R1,True
19532,1,1,EI,CT,R1,True
19538,1,1,EI,CT,R1,True
19593,2,1,EI,CT,R1,False
19599,2,2,EI,CT,R1,True
19686,1,1,EI,CT,R1,True
19738,1,1,EI,CT,R1,True
19794,1,1,EI,CT,R1,True
19811,1,1,EI,CT,R1,True
19830,2,2,EI,CT,R1,True
19839,2,2,EI,CT,R1,True
19854,2,2,EI,CT,R1,True
19900,2,2,EI,CT,R1,True
19915,1,1,EI,CT,R1,True
19967,1,1,EI,CT,R1,True
19968,2,2,EI,CT,R1,True
20031,1,1,EI,CT,R1,True
20270,1,1,EI,CT,R1,True
20283,2,1,EI,CT,R1,False
20299,2,2,EI,CT,R1,True
20338,1,1,EI,CT,R1,True
20351,2,2,EI,CT,R1,True
20380,2,2,EI,CT,R1,True
20420,1,1,EI,CT,R1,True
20422,1,1,EI,CT,R1,True
20431,1,1,EI,CT,R1,True
20443,1,1,EI,CT,R1,True
20446,2,2,EI,CT,R1,True
20465,1,1,EI,CT,R1,True
20467,2,1,EI,CT,R1,False
20549,1,1,EI,CT,R1,True
20609,1,1,EI,CT,R1,True
20677,1,1,EI,CT,R1,True
20716,2,2,EI,CT,R1,True
20839,2,1,EI,CT,R1,False
20853,1,1,EI,CT,R1,True
20869,2,2,EI,CT,R1,True
20890,2,2,EI,CT,R1,True
20895,1,1,EI,CT,R1,True
20964,1,1,EI,CT,R1,True
20971,2,2,EI,CT,R1,True
21016,1,1,EI,CT,R1,True
21051,2,2,EI,CT,R1,True
21067,2,1,EI,CT,R1,False
21074,1,1,EI,CT,R1,True
21098,2,2,EI,CT,R1,True
21130,2,2,EI,CT,R1,True
21158,1,1,EI,CT,R1,True
21165,1,1,EI,CT,R1,True
21167,1,1,EI,CT,R1,True
21173,1,1,EI,CT,R1,True
21180,2,2,EI,CT,R1,True
21203,2,2,EI,CT,R1,True
21210,1,1,EI,CT,R1,True
21328,1,1,EI,CT,R1,True
21399,1,1,EI,CT,R1,True
21509,2,2,EI,CT,R1,True
21544,2,2,EI,CT,R1,True
21598,2,2,EI,CT,R1,True
21606,2,2,EI,CT,R1,True
21608,1,1,EI,CT,R1,True
21629,1,1,EI,CT,R1,True
21691,1,1,EI,CT,R1,True
21847,2,2,EI,CT,R1,True
21910,2,1,EI,CT,R1,False
21935,1,2,EI,CT,R1,False
21961,2,1,EI,CT,R1,False
21976,1,1,EI,CT,R1,True
21987,2,2,EI,CT,R1,True
22043,2,2,EI,CT,R1,True
22052,1,1,EI,CT,R1,True
22065,1,1,EI,CT,R1,True
22066,2,2,EI,CT,R1,True
22090,1,2,EI,CT,R1,False
22126,2,2,EI,CT,R1,True
22166,2,2,EI,CT,R1,True
22184,2,2,EI,CT,R1,True
22189,2,2,EI,CT,R1,True
22194,2,2,EI,CT,R1,True
22266,1,1,EI,CT,R1,True
22314,2,2,EI,CT,R1,True
22356,2,2,EI,CT,R1,True
22467,2,2,EI,CT,R1,True
22679,1,1,EI,CT,R1,True
22707,2,2,EI,CT,R1,True
22767,2,2,EI,CT,R1,True
22770,1,1,EI,CT,R1,True
22814,1,1,EI,CT,R1,True
22819,2,2,EI,CT,R1,True
22833,1,1,EI,CT,R1,True
22849,2,2,EI,CT,R1,True
22966,2,2,EI,CT,R1,True
23023,1,1,EI,CT,R1,True
23052,1,1,EI,CT,R1,True
23089,1,1,EI,CT,R1,True
23103,2,2,EI,CT,R1,True
23104,2,2,EI,CT,R1,True
23128,1,1,EI,CT,R1,True
23200,1,1,EI,CT,R1,True
23322,1,1,EI,CT,R1,True
23323,1,1,EI,CT,R1,True
23404,2,2,EI,CT,R1,True
23415,2,1,EI,CT,R1,False
23440,2,2,EI,CT,R1,True
23453,2,2,EI,CT,R1,True
23514,2,2,EI,CT,R1,True
23524,1,1,EI,CT,R1,True
23530,2,2,EI,CT,R1,True
23574,1,1,EI,CT,R1,True
23584,1,1,EI,CT,R1,True
23605,1,1,EI,CT,R1,True
23620,2,2,EI,CT,R1,True
23648,2,2,EI,CT,R1,True
23699,2,2,EI,CT,R1,True
23713,2,2,EI,CT,R1,True
23871,1,1,EI,CT,R1,True
23873,1,1,EI,CT,R1,True
23901,1,1,EI,CT,R1,True
24026,2,2,EI,CT,R1,True
24163,1,1,EI,CT,R1,True
24174,2,2,EI,CT,R1,True
24260,2,2,EI,CT,R1,True
24291,2,2,EI,CT,R1,True
24304,1,1,EI,CT,R1,True
24334,2,2,EI,CT,R1,True
24405,2,2,EI,CT,R1,True
24408,1,1,EI,CT,R1,True
24500,2,2,EI,CT,R1,True
24502,2,1,EI,CT,R1,False
24541,2,2,EI,CT,R1,True
24573,1,1,EI,CT,R1,True
24637,2,2,EI,CT,R1,True
24706,1,1,EI,CT,R1,True
24740,2,2,EI,CT,R1,True
24774,2,2,EI,CT,R1,True
24836,1,1,EI,CT,R1,True
24902,2,2,EI,CT,R1,True
24975,1,1,EI,CT,R1,True
24995,1,1,EI,CT,R1,True
25015,1,1,EI,CT,R1,True
25038,1,1,EI,CT,R1,True
25109,2,2,EI,CT,R1,True
25137,1,1,EI,CT,R1,True
25155,1,1,EI,CT,R1,True
25239,2,2,EI,CT,R1,True
25270,1,1,EI,CT,R1,True
25302,2,2,EI,CT,R1,True
25337,1,1,EI,CT,R1,True
25348,1,1,EI,CT,R1,True
25369,2,2,EI,CT,R1,True
25416,1,1,EI,CT,R1,True
25435,1,1,EI,CT,R1,True
25447,1,1,EI,CT,R1,True
25448,2,2,EI,CT,R1,True
25471,2,2,EI,CT,R1,True
25591,1,1,EI,CT,R1,True
25650,1,1,EI,CT,R1,True
25690,1,1,EI,CT,R1,True
25698,2,2,EI,CT,R1,True
25856,1,1,EI,CT,R1,True
25990,2,2,EI,CT,R1,True
26032,1,1,EI,CT,R1,True
26129,2,2,EI,CT,R1,True
26161,1,1,EI,CT,R1,True
26178,2,1,EI,CT,R1,False
26211,2,2,EI,CT,R1,True
26281,2,1,EI,CT,R1,False
26287,2,2,EI,CT,R1,True
26292,1,2,EI,CT,R1,False
26302,1,1,EI,CT,R1,True
26321,2,2,EI,CT,R1,True
26337,1,1,EI,CT,R1,True
26480,2,2,EI,CT,R1,True
26492,2,2,EI,CT,R1,True
26528,1,1,EI,CT,R1,True
26546,1,1,EI,CT,R1,True
26556,1,1,EI,CT,R1,True
26575,1,2,EI,CT,R1,False
26678,2,2,EI,CT,R1,True
26714,2,2,EI,CT,R1,True
26831,1,1,EI,CT,R1,True
26865,2,2,EI,CT,R1,True
26878,2,2,EI,CT,R1,True
27029,2,1,EI,CT,R1,False
27088,1,1,EI,CT,R1,True
27101,1,1,EI,CT,R1,True
27117,1,1,EI,CT,R1,True
27271,1,1,EI,CT,R1,True
27395,2,1,EI,CT,R1,False
27431,2,2,EI,CT,R1,True
27497,1,1,EI,CT,R1,True
27524,2,2,EI,CT,R1,True
27558,2,2,EI,CT,R1,True
27610,2,2,EI,CT,R1,True
27668,2,2,EI,CT,R1,True
27688,2,2,EI,CT,R1,True
27740,2,2,EI,CT,R1,True
27786,2,2,EI,CT,R1,True
27828,2,2,EI,CT,R1,True
27904,2,2,EI,CT,R1,True
27910,2,2,EI,CT,R1,True
27911,2,2,EI,CT,R1,True
28011,2,2,EI,CT,R1,True
28019,1,1,EI,CT,R1,True
28057,1,2,EI,CT,R1,False
28114,2,2,EI,CT,R1,True
28262,2,2,EI,CT,R1,True
28271,1,1,EI,CT,R1,True
28339,1,2,EI,CT,R1,False
28341,1,1,EI,CT,R1,True
28365,2,2,EI,CT,R1,True
28463,2,2,EI,CT,R1,True
28490,1,1,EI,CT,R1,True
28574,2,2,EI,CT,R1,True
28656,2,2,EI,CT,R1,True
28674,2,2,EI,CT,R1,True
28728,1,1,EI,CT,R1,True
28789,2,2,EI,CT,R1,True
28963,1,1,EI,CT,R1,True
29070,2,2,EI,CT,R1,True
29132,1,1,EI,CT,R1,True
29144,1,1,EI,CT,R1,True
29184,1,1,EI,CT,R1,True
29243,2,2,EI,CT,R1,True
29385,1,1,EI,CT,R1,True
29417,2,2,EI,CT,R1,True
29465,1,1,EI,CT,R1,True
29484,2,2,EI,CT,R1,True
29582,1,1,EI,CT,R1,True
29629,1,1,EI,CT,R1,True
29644,1,1,EI,CT,R1,True
29679,1,1,EI,CT,R1,True
29768,1,1,EI,CT,R1,True
29880,1,2,EI,CT,R1,False
29912,1,1,EI,CT,R1,True
29978,2,1,EI,CT,R1,False
30052,1,1,EI,CT,R1,True
30118,1,1,EI,CT,R1,True
30137,2,2,EI,CT,R1,True
30143,1,1,EI,CT,R1,True
30180,1,1,EI,CT,R1,True
30259,1,1,EI,CT,R1,True
30273,1,1,EI,CT,R1,True
30328,1,1,EI,CT,R1,True
30329,1,1,EI,CT,R1,True
30336,2,2,EI,CT,R1,True
30340,1,1,EI,CT,R1,True
30352,2,2,EI,CT,R1,True
30367,2,2,EI,CT,R1,True
30457,2,1,EI,CT,R1,False
30498,2,2,EI,CT,R1,True
30544,1,1,EI,CT,R1,True
30637,1,1,EI,CT,R1,True
30694,2,1,EI,CT,R1,False
30701,2,2,EI,CT,R1,True
30710,2,2,EI,CT,R1,True
30794,1,1,EI,CT,R1,True
30807,2,1,EI,CT,R1,False
30825,1,1,EI,CT,R1,True
30846,1,1,EI,CT,R1,True
30856,2,2,EI,CT,R1,True
30872,2,2,EI,CT,R1,True
30880,1,1,EI,CT,R1,True
30899,1,1,EI,CT,R1,True
30922,2,2,EI,CT,R1,True
30936,2,2,EI,CT,R1,True
31060,1,1,EI,CT,R1,True
31081,2,2,EI,CT,R1,True
31089,1,1,EI,CT,R1,True
31128,1,1,EI,CT,R1,True
31129,2,2,EI,CT,R1,True
31138,1,1,EI,CT,R1,True
31148,1,1,EI,CT,R1,True
31247,1,1,EI,CT,R1,True
31266,2,2,EI,CT,R1,True
31350,2,2,EI,CT,R1,True
31386,2,2,EI,CT,R1,True
31470,2,2,EI,CT,R1,True
31483,2,2,EI,CT,R1,True
31568,2,1,EI,CT,R1,False
31597,1,1,EI,CT,R1,True
31622,1,1,EI,CT,R1,True
31628,1,1,EI,CT,R1,True
31634,1,1,EI,CT,R1,True
31665,1,1,EI,CT,R1,True
31720,1,1,EI,CT,R1,True
31728,1,1,EI,CT,R1,True
31754,2,2,EI,CT,R1,True
31808,2,2,EI,CT,R1,True
31907,2,2,EI,CT,R1,True
32003,2,2,EI,CT,R1,True
32090,1,1,EI,CT,R1,True
32112,2,2,EI,CT,R1,True
32116,2,2,EI,CT,R1,True
32131,2,2,EI,CT,R1,True
32167,1,1,EI,CT,R1,True
32263,2,2,EI,CT,R1,True
32265,1,1,EI,CT,R1,True
32323,2,2,EI,CT,R1,True
32372,1,1,EI,CT,R1,True
32463,2,2,EI,CT,R1,True
32489,1,2,EI,CT,R1,False
32518,1,1,EI,CT,R1,True
32558,1,2,EI,CT,R1,False
32572,2,2,EI,CT,R1,True
32638,2,1,EI,CT,R1,False
32679,1,1,EI,CT,R1,True
32722,2,2,EI,CT,R1,True
32747,1,1,EI,CT,R1,True
32753,2,2,EI,CT,R1,True
32785,1,1,EI,CT,R1,True
32872,2,2,EI,CT,R1,True
32913,1,1,EI,CT,R1,True
32963,2,1,EI,CT,R1,False
32972,2,2,EI,CT,R1,True
33026,1,2,EI,CT,R1,False
33067,2,2,EI,CT,R1,True
33126,2,2,EI,CT,R1,True
33154,1,1,EI,CT,R1,True
33262,2,2,EI,CT,R1,True
33291,1,1,EI,CT,R1,True
33345,1,1,EI,CT,R1,True
33390,1,1,EI,CT,R1,True
33433,1,1,EI,CT,R1,True
33470,1,1,EI,CT,R1,True
33504,1,1,EI,CT,R1,True
33532,2,2,EI,CT,R1,True
33649,1,1,EI,CT,R1,True
33741,1,1,EI,CT,R1,True
33743,2,2,EI,CT,R1,True
33765,2,2,EI,CT,R1,True
33806,1,1,EI,CT,R1,True
33808,2,2,EI,CT,R1,True
33856,1,1,EI,CT,R1,True
33859,2,2,EI,CT,R1,True
33890,2,2,EI,CT,R1,True
33936,1,2,EI,CT,R1,False
33940,1,2,EI,CT,R1,False
33961,1,1,EI,CT,R1,True
33962,2,2,EI,CT,R1,True
33986,1,1,EI,CT,R1,True
34125,2,2,EI,CT,R1,True
34143,2,2,EI,CT,R1,True
34148,1,1,EI,CT,R1,True
34171,1,1,EI,CT,R1,True
34215,2,2,EI,CT,R1,True
34276,1,1,EI,CT,R1,True
34332,2,1,EI,CT,R1,False
34354,1,1,EI,CT,R1,True
34404,2,2,EI,CT,R1,True
34414,2,2,EI,CT,R1,True
34460,2,2,EI,CT,R1,True
34500,1,1,EI,CT,R1,True
34573,1,1,EI,CT,R1,True
34667,2,2,EI,CT,R1,True
34714,2,2,EI,CT,R1,True
34754,1,2,EI,CT,R1,False
34915,2,1,EI,CT,R1,False
34918,2,2,EI,CT,R1,True
34930,1,1,EI,CT,R1,True
34944,2,2,EI,CT,R1,True
34983,2,2,EI,CT,R1,True
35058,2,2,EI,CT,R1,True
35127,2,2,EI,CT,R1,True
35156,2,2,EI,CT,R1,True
35174,1,1,EI,CT,R1,True
35191,2,1,EI,CT,R1,False
35201,2,2,EI,CT,R1,True
35204,2,2,EI,CT,R1,True
35282,2,2,EI,CT,R1,True
35287,1,1,EI,CT,R1,True
35429,2,2,EI,CT,R1,True
35467,2,2,EI,CT,R1,True
35542,2,2,EI,CT,R1,True
35564,2,2,EI,CT,R1,True
35592,1,1,EI,CT,R1,True
35643,2,2,EI,CT,R1,True
35715,2,2,EI,CT,R1,True
35732,2,2,EI,CT,R1,True
35738,2,2,EI,CT,R1,True
35743,2,1,EI,CT,R1,False
35880,2,2,EI,CT,R1,True
35907,2,1,EI,CT,R1,False
35912,1,2,EI,CT,R1,False
35918,2,2,EI,CT,R1,True
35939,2,2,EI,CT,R1,True
35991,2,2,EI,CT,R1,True
36100,2,2,EI,CT,R1,True
36117,1,1,EI,CT,R1,True
36186,2,2,EI,CT,R1,True
36190,1,1,EI,CT,R1,True
36199,2,2,EI,CT,R1,True
36209,1,1,EI,CT,R1,True
36223,2,2,EI,CT,R1,True
36247,1,1,EI,CT,R1,True
36419,2,2,EI,CT,R1,True
36434,2,2,EI,CT,R1,True
36449,1,1,EI,CT,R1,True
36482,2,2,EI,CT,R1,True
36557,2,2,EI,CT,R1,True
36689,2,1,EI,CT,R1,False
36734,1,1,EI,CT,R1,True
36743,1,1,EI,CT,R1,True
36767,2,2,EI,CT,R1,True
36785,2,1,EI,CT,R1,False
36812,2,2,EI,CT,R1,True
36819,2,2,EI,CT,R1,True
36849,2,2,EI,CT,R1,True
36960,1,1,EI,CT,R1,True
36974,2,2,EI,CT,R1,True
37006,2,2,EI,CT,R1,True
37016,2,2,EI,CT,R1,True
37020,1,1,EI,CT,R1,True
37082,2,2,EI,CT,R1,True
37102,2,1,EI,CT,R1,False
37114,1,2,EI,CT,R1,False
37124,2,2,EI,CT,R1,True
37234,1,2,EI,CT,R1,False
37245,1,1,EI,CT,R1,True
37249,2,2,EI,CT,R1,True
37258,1,2,EI,CT,R1,False
37327,1,1,EI,CT,R1,True
37367,2,2,EI,CT,R1,True
37404,1,1,EI,CT,R1,True
37432,2,2,EI,CT,R1,True
37490,1,1,EI,CT,R1,True
37537,2,2,EI,CT,R1,True
37542,1,1,EI,CT,R1,True
37569,2,2,EI,CT,R1,True
37608,1,1,EI,CT,R1,True
37617,2,2,EI,CT,R1,True
37679,1,1,EI,CT,R1,True
37723,2,2,EI,CT,R1,True
37741,2,2,EI,CT,R1,True
37743,2,2,EI,CT,R1,True
37842,1,1,EI,CT,R1,True
37843,1,2,EI,CT,R1,False
37909,1,1,EI,CT,R1,True
37955,1,1,EI,CT,R1,True
38026,2,2,EI,CT,R1,True
38068,2,2,EI,CT,R1,True
38078,2,2,EI,CT,R1,True
38144,1,1,EI,CT,R1,True
38166,1,1,EI,CT,R1,True
38168,1,1,EI,CT,R1,True
38191,2,2,EI,CT,R1,True
38245,1,1,EI,CT,R1,True
38267,2,1,EI,CT,R1,False
38352,1,1,EI,CT,R1,True
38390,1,1,EI,CT,R1,True
38395,1,1,EI,CT,R1,True
38425,2,2,EI,CT,R1,True
38485,1,1,EI,CT,R1,True
38530,1,1,EI,CT,R1,True
38533,2,2,EI,CT,R1,True
38554,2,2,EI,CT,R1,True
38562,2,2,EI,CT,R1,True
38593,2,2,EI,CT,R1,True
38627,2,2,EI,CT,R1,True
38630,1,1,EI,CT,R1,True
38721,1,1,EI,CT,R1,True
38802,1,2,EI,CT,R1,False
38809,1,1,EI,CT,R1,True
38811,2,2,EI,CT,R1,True
38829,1,1,EI,CT,R1,True
38858,2,2,EI,CT,R1,True
38920,2,2,EI,CT,R1,True
38928,2,2,EI,CT,R1,True
38947,1,1,EI,CT,R1,True
39152,1,2,EI,CT,R1,False
39321,1,1,EI,CT,R1,True
39356,2,2,EI,CT,R1,True
39388,2,2,EI,CT,R1,True
39457,1,1,EI,CT,R1,True
39466,1,1,EI,CT,R1,True
39532,2,2,EI,CT,R1,True
39553,2,2,EI,CT,R1,True
39557,1,1,EI,CT,R1,True
39630,1,1,EI,CT,R1,True
39804,1,1,EI,CT,R1,True
39833,2,2,EI,CT,R1,True
39842,1,1,EI,CT,R1,True
39855,1,1,EI,CT,R1,True
39864,2,2,EI,CT,R1,True
39918,1,1,EI,CT,R1,True
40068,1,1,EI,CT,R1,True
40145,2,1,EI,CT,R1,False
40164,1,1,EI,CT,R1,True
40169,1,1,EI,CT,R1,True
40296,2,2,EI,CT,R1,True
40352,1,1,EI,CT,R1,True
40497,2,2,EI,CT,R1,True
40542,2,2,EI,CT,R1,True
40622,2,2,EI,CT,R1,True
40625,2,2,EI,CT,R1,True
40653,2,2,EI,CT,R1,True
40762,1,1,EI,CT,R1,True
40853,1,1,EI,CT,R1,True
40855,1,2,EI,CT,R1,False
40857,2,1,EI,CT,R1,False
40920,1,2,EI,CT,R1,False
40923,2,2,EI,CT,R1,True
40969,1,1,EI,CT,R1,True
41001,2,2,EI,CT,R1,True
41077,1,1,EI,CT,R1,True
41150,2,2,EI,CT,R1,True
41152,2,2,EI,CT,R1,True
41237,1,1,EI,CT,R1,True
41273,1,1,EI,CT,R1,True
41360,2,1,EI,CT,R1,False
41368,1,1,EI,CT,R1,True
41416,1,2,EI,CT,R1,False
41472,1,1,EI,CT,R1,True
41581,2,2,EI,CT,R1,True
41590,2,2,EI,CT,R1,True
41607,1,1,EI,CT,R1,True
41636,1,1,EI,CT,R1,True
41704,1,1,EI,CT,R1,True
41829,1,1,EI,CT,R1,True
41836,1,1,EI,CT,R1,True
41906,2,1,EI,CT,R1,False
41973,2,2,EI,CT,R1,True
42006,2,2,EI,CT,R1,True
42040,1,1,EI,CT,R1,True
42067,1,1,EI,CT,R1,True
42112,2,2,EI,CT,R1,True
42166,2,2,EI,CT,R1,True
42174,2,1,EI,CT,R1,False
42185,2,2,EI,CT,R1,True
42228,2,2,EI,CT,R1,True
42330,1,1,EI,CT,R1,True
42335,2,2,EI,CT,R1,True
42391,2,2,EI,CT,R1,True
42428,1,1,EI,CT,R1,True
42468,2,2,EI,CT,R1,True
42520,1,1,EI,CT,R1,True
42521,1,1,EI,CT,R1,True
42568,1,2,EI,CT,R1,False
42572,2,2,EI,CT,R1,True
42585,1,1,EI,CT,R1,True
42609,2,2,EI,CT,R1,True
42690,2,2,EI,CT,R1,True
42714,2,2,EI,CT,R1,True
42742,1,1,EI,CT,R1,True
42860,2,2,EI,CT,R1,True
42922,2,2,EI,CT,R1,True
43042,1,1,EI,CT,R1,True
43070,2,2,EI,CT,R1,True
43164,2,2,EI,CT,R1,True
43191,1,1,EI,CT,R1,True
43285,1,1,EI,CT,R1,True
43295,2,2,EI,CT,R1,True
43350,2,2,EI,CT,R1,True
43486,1,2,EI,CT,R1,False
43526,2,2,EI,CT,R1,True
43621,2,2,EI,CT,R1,True
43668,2,2,EI,CT,R1,True
43800,1,2,EI,CT,R1,False
43878,1,1,EI,CT,R1,True
44064,2,2,EI,CT,R1,True
44147,1,1,EI,CT,R1,True
44167,2,2,EI,CT,R1,True
44178,2,2,EI,CT,R1,True
44400,1,2,EI,CT,R1,False
44415,2,2,EI,CT,R1,True
44430,2,2,EI,CT,R1,True
44444,2,1,EI,CT,R1,False
44458,2,2,EI,CT,R1,True
44475,1,1,EI,CT,R1,True
44479,2,2,EI,CT,R1,True
44628,1,1,EI,CT,R1,True
44682,1,1,EI,CT,R1,True
44833,2,2,EI,CT,R1,True
44841,1,2,EI,CT,R1,False
44887,2,2,EI,CT,R1,True
44967,1,1,EI,CT,R1,True
45012,2,2,EI,CT,R1,True
45024,1,1,EI,CT,R1,True
45075,2,2,EI,CT,R1,True
45117,2,2,EI,CT,R1,True
45137,2,2,EI,CT,R1,True
45175,2,2,EI,CT,R1,True
45184,1,1,EI,CT,R1,True
45190,1,2,EI,CT,R1,False
45199,1,1,EI,CT,R1,True
45289,1,2,EI,CT,R1,False
45314,1,1,EI,CT,R1,True
45337,1,1,EI,CT,R1,True
45340,2,2,EI,CT,R1,True
45390,2,2,EI,CT,R1,True
45470,2,2,EI,CT,R1,True
45492,1,1,EI,CT,R1,True
45529,2,2,EI,CT,R1,True
45544,2,2,EI,CT,R1,True
45784,1,1,EI,CT,R1,True
45800,2,2,EI,CT,R1,True
45811,2,2,EI,CT,R1,True
45837,1,1,EI,CT,R1,True
45857,1,2,EI,CT,R1,False
45893,2,2,EI,CT,R1,True
45938,2,1,EI,CT,R1,False
45983,1,1,EI,CT,R1,True
45985,1,1,EI,CT,R1,True
46026,2,2,EI,CT,R1,True
46147,1,1,EI,CT,R1,True
46160,1,1,EI,CT,R1,True
46218,2,2,EI,CT,R1,True
46346,1,1,EI,CT,R1,True
46372,2,2,EI,CT,R1,True
46555,2,2,EI,CT,R1,True
46569,2,2,EI,CT,R1,True
46595,2,2,EI,CT,R1,True
46674,1,1,EI,CT,R1,True
46707,1,1,EI,CT,R1,True
46710,2,2,EI,CT,R1,True
46751,2,2,EI,CT,R1,True
46756,1,1,EI,CT,R1,True
46810,2,2,EI,CT,R1,True
46859,2,2,EI,CT,R1,True
46880,1,1,EI,CT,R1,True
46894,2,2,EI,CT,R1,True
46969,2,2,EI,CT,R1,True
47024,2,2,EI,CT,R1,True
47060,2,2,EI,CT,R1,True
47065,1,1,EI,CT,R1,True
47097,1,1,EI,CT,R1,True
47169,2,2,EI,CT,R1,True
47174,2,2,EI,CT,R1,True
47216,2,2,EI,CT,R1,True
47246,2,2,EI,CT,R1,True
47249,2,2,EI,CT,R1,True
47362,1,1,EI,CT,R1,True
47371,1,1,EI,CT,R1,True
47560,1,1,EI,CT,R1,True
47603,1,1,EI,CT,R1,True
47619,2,2,EI,CT,R1,True
47632,1,1,EI,CT,R1,True
47865,2,2,EI,CT,R1,True
47886,1,1,EI,CT,R1,True
48180,2,1,EI,CT,R1,False
48182,1,1,EI,CT,R1,True
48217,2,2,EI,CT,R1,True
48246,1,1,EI,CT,R1,True
48295,2,2,EI,CT,R1,True
48329,1,1,EI,CT,R1,True
48352,1,1,EI,CT,R1,True
48359,1,2,EI,CT,R1,False
48449,2,2,EI,CT,R1,True
48506,2,2,EI,CT,R1,True
48541,1,1,EI,CT,R1,True
48562,2,2,EI,CT,R1,True
48563,2,2,EI,CT,R1,True
48566,1,1,EI,CT,R1,True
48587,1,1,EI,CT,R1,True
48607,2,1,EI,CT,R1,False
48618,1,1,EI,CT,R1,True
48722,2,2,EI,CT,R1,True
48728,1,1,EI,CT,R1,True
48859,2,2,EI,CT,R1,True
48898,1,1,EI,CT,R1,True
48976,2,2,EI,CT,R1,True
49004,1,1,EI,CT,R1,True
49029,1,1,EI,CT,R1,True
49047,1,1,EI,CT,R1,True
49052,1,1,EI,CT,R1,True
49095,1,1,EI,CT,R1,True
49132,1,1,EI,CT,R1,True
49146,1,1,EI,CT,R1,True
49168,2,2,EI,CT,R1,True
49182,2,1,EI,CT,R1,False
49189,1,1,EI,CT,R1,True
49213,1,1,EI,CT,R1,True
49228,1,1,EI,CT,R1,True
49239,1,2,EI,CT,R1,False
49242,2,2,EI,CT,R1,True
49400,2,2,EI,CT,R1,True
49460,1,1,EI,CT,R1,True
49550,1,2,EI,CT,R1,False
49700,1,2,EI,CT,R1,False
49737,1,1,EI,CT,R1,True
49765,2,2,EI,CT,R1,True
49804,2,1,EI,CT,R1,False
49855,2,2,EI,CT,R1,True
49943,2,2,EI,CT,R1,True
49950,2,2,EI,CT,R1,True
49959,2,1,EI,CT,R1,False
49971,1,1,EI,CT,R1,True
107,2,2,EI,CT,V3,True
176,1,1,EI,CT,V3,True
257,1,1,EI,CT,V3,True
284,2,2,EI,CT,V3,True
287,1,1,EI,CT,V3,True
310,2,2,EI,CT,V3,True
337,2,2,EI,CT,V3,True
379,2,2,EI,CT,V3,True
393,2,2,EI,CT,V3,True
405,2,2,EI,CT,V3,True
423,1,2,EI,CT,V3,False
450,2,2,EI,CT,V3,True
504,2,2,EI,CT,V3,True
525,2,2,EI,CT,V3,True
545,1,1,EI,CT,V3,True
626,2,2,EI,CT,V3,True
715,2,2,EI,CT,V3,True
722,1,1,EI,CT,V3,True
793,2,2,EI,CT,V3,True
804,2,2,EI,CT,V3,True
813,2,2,EI,CT,V3,True
856,2,2,EI,CT,V3,True
893,2,2,EI,CT,V3,True
922,1,1,EI,CT,V3,True
1029,2,2,EI,CT,V3,True
1057,1,1,EI,CT,V3,True
1176,2,2,EI,CT,V3,True
1199,1,1,EI,CT,V3,True
1200,2,2,EI,CT,V3,True
1227,2,2,EI,CT,V3,True
1261,2,2,EI,CT,V3,True
1290,1,1,EI,CT,V3,True
1347,1,1,EI,CT,V3,True
1352,2,2,EI,CT,V3,True
1363,2,2,EI,CT,V3,True
1421,1,1,EI,CT,V3,True
1434,2,1,EI,CT,V3,False
1481,1,1,EI,CT,V3,True
1545,1,1,EI,CT,V3,True
1552,1,1,EI,CT,V3,True
1573,1,1,EI,CT,V3,True
1656,2,2,EI,CT,V3,True
1687,1,1,EI,CT,V3,True
1707,2,2,EI,CT,V3,True
1733,2,2,EI,CT,V3,True
1735,2,2,EI,CT,V3,True
1755,2,2,EI,CT,V3,True
1808,2,1,EI,CT,V3,False
1814,2,2,EI,CT,V3,True
1819,2,2,EI,CT,V3,True
1822,1,1,EI,CT,V3,True
1862,1,1,EI,CT,V3,True
2004,2,2,EI,CT,V3,True
2039,2,2,EI,CT,V3,True
2055,1,1,EI,CT,V3,True
2068,2,2,EI,CT,V3,True
2081,1,1,EI,CT,V3,True
2155,2,2,EI,CT,V3,True
2170,1,1,EI,CT,V3,True
2221,2,2,EI,CT,V3,True
2288,2,2,EI,CT,V3,True
2375,2,2,EI,CT,V3,True
2379,1,1,EI,CT,V3,True
2408,1,2,EI,CT,V3,False
2426,2,2,EI,CT,V3,True
2584,2,2,EI,CT,V3,True
2585,1,1,EI,CT,V3,True
2600,1,1,EI,CT,V3,True
2732,2,2,EI,CT,V3,True
2844,1,1,EI,CT,V3,True
2891,2,2,EI,CT,V3,True
2932,2,2,EI,CT,V3,True
2983,1,1,EI,CT,V3,True
3056,1,1,EI,CT,V3,True
3081,1,2,EI,CT,V3,False
3102,1,1,EI,CT,V3,True
3191,1,1,EI,CT,V3,True
3297,1,1,EI,CT,V3,True
3363,1,1,EI,CT,V3,True
3367,2,2,EI,CT,V3,True
3385,1,2,EI,CT,V3,False
3400,1,1,EI,CT,V3,True
3418,1,1,EI,CT,V3,True
3429,2,2,EI,CT,V3,True
3440,1,1,EI,CT,V3,True
3512,2,2,EI,CT,V3,True
3524,1,1,EI,CT,V3,True
3567,1,1,EI,CT,V3,True
3631,2,2,EI,CT,V3,True
3811,2,1,EI,CT,V3,False
3824,1,1,EI,CT,V3,True
3867,1,1,EI,CT,V3,True
3912,1,1,EI,CT,V3,True
3929,1,1,EI,CT,V3,True
3954,2,2,EI,CT,V3,True
3971,2,2,EI,CT,V3,True
3979,2,1,EI,CT,V3,False
4017,1,2,EI,CT,V3,False
4066,2,2,EI,CT,V3,True
4087,2,2,EI,CT,V3,True
4153,2,2,EI,CT,V3,True
4187,1,1,EI,CT,V3,True
4207,1,1,EI,CT,V3,True
4211,1,1,EI,CT,V3,True
4303,1,1,EI,CT,V3,True
4314,1,1,EI,CT,V3,True
4339,2,1,EI,CT,V3,False
4348,2,2,EI,CT,V3,True
4447,1,1,EI,CT,V3,True
4462,1,1,EI,CT,V3,True
4591,1,1,EI,CT,V3,True
4624,2,2,EI,CT,V3,True
4651,2,2,EI,CT,V3,True
4652,1,1,EI,CT,V3,True
4663,1,1,EI,CT,V3,True
4706,2,2,EI,CT,V3,True
4716,1,1,EI,CT,V3,True
4744,2,2,EI,CT,V3,True
4767,1,1,EI,CT,V3,True
4795,1,1,EI,CT,V3,True
4797,1,1,EI,CT,V3,True
4812,2,2,EI,CT,V3,True
4827,2,2,EI,CT,V3,True
4829,2,2,EI,CT,V3,True
4851,2,2,EI,CT,V3,True
4871,1,1,EI,CT,V3,True
4927,2,2,EI,CT,V3,True
5006,2,1,EI,CT,V3,False
5024,1,1,EI,CT,V3,True
5086,2,2,EI,CT,V3,True
5119,1,1,EI,CT,V3,True
5120,2,2,EI,CT,V3,True
5159,1,1,EI,CT,V3,True
5406,1,1,EI,CT,V3,True
5424,2,2,EI,CT,V3,True
5475,2,1,EI,CT,V3,False
5499,1,1,EI,CT,V3,True
5570,1,1,EI,CT,V3,True
5586,2,1,EI,CT,V3,False
5619,2,2,EI,CT,V3,True
5651,1,1,EI,CT,V3,True
5741,2,1,EI,CT,V3,False
5797,2,2,EI,CT,V3,True
5824,2,2,EI,CT,V3,True
5829,1,1,EI,CT,V3,True
5906,2,2,EI,CT,V3,True
5913,2,2,EI,CT,V3,True
5938,2,2,EI,CT,V3,True
5957,2,2,EI,CT,V3,True
5998,2,2,EI,CT,V3,True
6010,2,2,EI,CT,V3,True
6111,1,1,EI,CT,V3,True
6137,1,1,EI,CT,V3,True
6156,1,1,EI,CT,V3,True
6252,1,1,EI,CT,V3,True
6253,2,2,EI,CT,V3,True
6255,2,2,EI,CT,V3,True
6295,1,1,EI,CT,V3,True
6347,1,1,EI,CT,V3,True
6374,1,1,EI,CT,V3,True
6420,1,1,EI,CT,V3,True
6452,1,1,EI,CT,V3,True
6465,1,1,EI,CT,V3,True
6484,2,2,EI,CT,V3,True
6527,1,1,EI,CT,V3,True
6595,1,1,EI,CT,V3,True
6631,1,1,EI,CT,V3,True
6715,2,2,EI,CT,V3,True
6728,1,1,EI,CT,V3,True
6756,2,2,EI,CT,V3,True
6812,1,1,EI,CT,V3,True
6824,1,1,EI,CT,V3,True
6826,2,2,EI,CT,V3,True
6842,1,2,EI,CT,V3,False
6867,1,1,EI,CT,V3,True
6868,2,2,EI,CT,V3,True
6899,2,2,EI,CT,V3,True
6977,2,2,EI,CT,V3,True
6991,1,1,EI,CT,V3,True
7004,1,1,EI,CT,V3,True
7042,2,2,EI,CT,V3,True
7070,2,2,EI,CT,V3,True
7096,1,1,EI,CT,V3,True
7099,1,1,EI,CT,V3,True
7194,2,2,EI,CT,V3,True
7220,2,2,EI,CT,V3,True
7235,2,2,EI,CT,V3,True
7313,2,2,EI,CT,V3,True
7387,1,1,EI,CT,V3,True
7407,1,1,EI,CT,V3,True
7430,2,2,EI,CT,V3,True
7439,1,1,EI,CT,V3,True
7451,2,2,EI,CT,V3,True
7498,2,2,EI,CT,V3,True
7550,1,1,EI,CT,V3,True
7553,2,2,EI,CT,V3,True
7555,1,1,EI,CT,V3,True
7581,2,2,EI,CT,V3,True
7599,2,2,EI,CT,V3,True
7631,1,1,EI,CT,V3,True
7654,1,1,EI,CT,V3,True
7687,1,1,EI,CT,V3,True
7723,1,1,EI,CT,V3,True
7756,1,1,EI,CT,V3,True
7887,1,1,EI,CT,V3,True
7894,1,1,EI,CT,V3,True
7915,2,2,EI,CT,V3,True
7949,2,2,EI,CT,V3,True
7966,1,1,EI,CT,V3,True
7972,1,1,EI,CT,V3,True
7992,1,2,EI,CT,V3,False
8015,2,2,EI,CT,V3,True
8139,1,1,EI,CT,V3,True
8217,1,1,EI,CT,V3,True
8268,2,1,EI,CT,V3,False
8366,2,2,EI,CT,V3,True
8444,1,1,EI,CT,V3,True
8477,1,1,EI,CT,V3,True
8580,2,2,EI,CT,V3,True
8614,1,1,EI,CT,V3,True
8630,2,2,EI,CT,V3,True
8637,1,1,EI,CT,V3,True
8672,1,1,EI,CT,V3,True
8800,1,1,EI,CT,V3,True
8816,2,2,EI,CT,V3,True
8902,2,2,EI,CT,V3,True
8923,2,2,EI,CT,V3,True
8948,1,1,EI,CT,V3,True
8993,1,1,EI,CT,V3,True
9004,1,1,EI,CT,V3,True
9089,2,2,EI,CT,V3,True
9102,2,2,EI,CT,V3,True
9120,1,1,EI,CT,V3,True
9134,2,2,EI,CT,V3,True
9246,2,2,EI,CT,V3,True
9268,1,1,EI,CT,V3,True
9325,1,1,EI,CT,V3,True
9349,2,2,EI,CT,V3,True
9357,2,2,EI,CT,V3,True
9417,1,1,EI,CT,V3,True
9465,1,1,EI,CT,V3,True
9469,2,2,EI,CT,V3,True
9485,2,2,EI,CT,V3,True
9544,1,1,EI,CT,V3,True
9595,1,1,EI,CT,V3,True
9632,2,2,EI,CT,V3,True
9635,2,2,EI,CT,V3,True
9677,2,2,EI,CT,V3,True
9715,1,1,EI,CT,V3,True
9724,1,2,EI,CT,V3,False
9774,2,2,EI,CT,V3,True
9796,1,1,EI,CT,V3,True
9892,2,2,EI,CT,V3,True
9899,1,1,EI,CT,V3,True
9907,2,2,EI,CT,V3,True
9934,1,1,EI,CT,V3,True
9955,1,2,EI,CT,V3,False
9987,1,1,EI,CT,V3,True
10022,1,1,EI,CT,V3,True
10156,1,1,EI,CT,V3,True
10163,1,1,EI,CT,V3,True
10187,2,1,EI,CT,V3,False
10210,1,1,EI,CT,V3,True
10301,1,2,EI,CT,V3,False
10328,1,1,EI,CT,V3,True
10330,2,2,EI,CT,V3,True
10375,1,1,EI,CT,V3,True
10400,1,1,EI,CT,V3,True
10423,2,2,EI,CT,V3,True
10434,1,1,EI,CT,V3,True
10566,2,2,EI,CT,V3,True
10600,1,1,EI,CT,V3,True
10610,2,2,EI,CT,V3,True
10626,2,1,EI,CT,V3,False
10634,2,2,EI,CT,V3,True
10713,1,2,EI,CT,V3,False
10771,2,2,EI,CT,V3,True
10910,2,2,EI,CT,V3,True
10954,2,2,EI,CT,V3,True
10978,1,1,EI,CT,V3,True
11024,2,2,EI,CT,V3,True
11101,1,1,EI,CT,V3,True
11102,1,1,EI,CT,V3,True
11120,2,2,EI,CT,V3,True
11189,2,2,EI,CT,V3,True
11241,1,2,EI,CT,V3,False
11264,2,2,EI,CT,V3,True
11283,2,2,EI,CT,V3,True
11511,2,2,EI,CT,V3,True
11523,2,2,EI,CT,V3,True
11525,1,1,EI,CT,V3,True
11596,1,1,EI,CT,V3,True
11603,1,1,EI,CT,V3,True
11630,1,1,EI,CT,V3,True
11742,2,2,EI,CT,V3,True
11786,1,1,EI,CT,V3,True
11850,2,2,EI,CT,V3,True
11870,1,1,EI,CT,V3,True
11874,1,1,EI,CT,V3,True
11930,1,1,EI,CT,V3,True
11935,2,2,EI,CT,V3,True
11967,1,1,EI,CT,V3,True
12012,2,2,EI,CT,V3,True
12074,1,1,EI,CT,V3,True
12143,2,1,EI,CT,V3,False
12151,1,1,EI,CT,V3,True
12153,1,1,EI,CT,V3,True
12219,1,1,EI,CT,V3,True
12271,2,2,EI,CT,V3,True
12284,2,1,EI,CT,V3,False
12285,1,1,EI,CT,V3,True
12301,1,1,EI,CT,V3,True
12305,1,1,EI,CT,V3,True
12323,1,2,EI,CT,V3,False
12429,2,2,EI,CT,V3,True
12472,2,1,EI,CT,V3,False
12486,2,2,EI,CT,V3,True
12494,1,1,EI,CT,V3,True
12627,1,2,EI,CT,V3,False
12645,1,1,EI,CT,V3,True
12732,1,1,EI,CT,V3,True
12798,2,2,EI,CT,V3,True
12830,2,2,EI,CT,V3,True
12860,2,2,EI,CT,V3,True
12896,1,1,EI,CT,V3,True
12903,2,1,EI,CT,V3,False
12926,2,2,EI,CT,V3,True
12936,2,2,EI,CT,V3,True
12948,2,2,EI,CT,V3,True
12975,2,2,EI,CT,V3,True
12998,2,1,EI,CT,V3,False
13050,2,2,EI,CT,V3,True
13113,2,2,EI,CT,V3,True
13115,2,2,EI,CT,V3,True
13137,2,2,EI,CT,V3,True
13141,1,1,EI,CT,V3,True
13227,2,2,EI,CT,V3,True
13319,1,1,EI,CT,V3,True
13469,2,2,EI,CT,V3,True
13484,2,2,EI,CT,V3,True
13518,2,2,EI,CT,V3,True
13531,1,1,EI,CT,V3,True
13562,2,2,EI,CT,V3,True
13726,2,1,EI,CT,V3,False
13785,1,1,EI,CT,V3,True
13843,2,2,EI,CT,V3,True
13864,2,2,EI,CT,V3,True
13874,1,1,EI,CT,V3,True
13923,2,2,EI,CT,V3,True
13996,1,2,EI,CT,V3,False
14011,2,2,EI,CT,V3,True
14047,2,2,EI,CT,V3,True
14055,2,2,EI,CT,V3,True
14074,2,2,EI,CT,V3,True
14137,2,2,EI,CT,V3,True
14139,2,2,EI,CT,V3,True
14224,2,2,EI,CT,V3,True
14259,1,1,EI,CT,V3,True
14300,1,1,EI,CT,V3,True
14325,1,1,EI,CT,V3,True
14408,1,1,EI,CT,V3,True
14469,1,1,EI,CT,V3,True
14488,1,1,EI,CT,V3,True
14532,2,2,EI,CT,V3,True
14550,2,2,EI,CT,V3,True
14557,1,1,EI,CT,V3,True
14581,2,2,EI,CT,V3,True
14617,2,2,EI,CT,V3,True
14759,2,2,EI,CT,V3,True
14793,1,1,EI,CT,V3,True
14796,2,2,EI,CT,V3,True
14818,1,1,EI,CT,V3,True
14845,2,2,EI,CT,V3,True
14868,1,1,EI,CT,V3,True
14900,1,1,EI,CT,V3,True
14932,2,2,EI,CT,V3,True
14970,2,2,EI,CT,V3,True
14988,2,2,EI,CT,V3,True
15035,1,1,EI,CT,V3,True
15066,2,2,EI,CT,V3,True
15131,1,2,EI,CT,V3,False
15133,2,2,EI,CT,V3,True
15176,2,2,EI,CT,V3,True
15189,1,1,EI,CT,V3,True
15254,1,1,EI,CT,V3,True
15290,1,1,EI,CT,V3,True
15363,2,2,EI,CT,V3,True
15452,2,2,EI,CT,V3,True
15535,2,2,EI,CT,V3,True
15538,1,1,EI,CT,V3,True
15555,2,1,EI,CT,V3,False
15585,2,2,EI,CT,V3,True
15614,2,2,EI,CT,V3,True
15620,2,2,EI,CT,V3,True
15693,1,1,EI,CT,V3,True
15721,2,2,EI,CT,V3,True
15735,1,1,EI,CT,V3,True
15799,2,2,EI,CT,V3,True
15810,1,1,EI,CT,V3,True
15883,1,1,EI,CT,V3,True
15894,1,2,EI,CT,V3,False
15938,1,2,EI,CT,V3,False
16011,1,1,EI,CT,V3,True
16114,1,1,EI,CT,V3,True
16120,1,1,EI,CT,V3,True
16170,2,2,EI,CT,V3,True
16174,1,1,EI,CT,V3,True
16204,1,1,EI,CT,V3,True
16212,1,1,EI,CT,V3,True
16230,1,1,EI,CT,V3,True
16264,1,1,EI,CT,V3,True
16339,1,1,EI,CT,V3,True
16355,2,2,EI,CT,V3,True
16398,1,1,EI,CT,V3,True
16572,1,1,EI,CT,V3,True
16600,1,1,EI,CT,V3,True
16614,1,1,EI,CT,V3,True
16642,1,1,EI,CT,V3,True
16731,1,1,EI,CT,V3,True
16801,2,2,EI,CT,V3,True
16845,1,1,EI,CT,V3,True
16858,2,2,EI,CT,V3,True
16891,1,1,EI,CT,V3,True
16903,1,1,EI,CT,V3,True
16977,1,1,EI,CT,V3,True
17002,2,2,EI,CT,V3,True
17048,1,1,EI,CT,V3,True
17079,2,2,EI,CT,V3,True
17121,2,2,EI,CT,V3,True
17165,2,2,EI,CT,V3,True
17212,1,1,EI,CT,V3,True
17227,1,2,EI,CT,V3,False
17241,2,2,EI,CT,V3,True
17322,1,1,EI,CT,V3,True
17355,2,2,EI,CT,V3,True
17361,1,1,EI,CT,V3,True
17364,1,2,EI,CT,V3,False
17386,2,2,EI,CT,V3,True
17423,2,2,EI,CT,V3,True
17455,1,1,EI,CT,V3,True
17468,1,1,EI,CT,V3,True
17475,1,1,EI,CT,V3,True
17585,2,2,EI,CT,V3,True
17693,1,2,EI,CT,V3,False
17744,2,2,EI,CT,V3,True
17746,2,2,EI,CT,V3,True
17792,1,1,EI,CT,V3,True
17806,2,2,EI,CT,V3,True
17841,2,2,EI,CT,V3,True
17877,1,1,EI,CT,V3,True
17885,2,2,EI,CT,V3,True
17914,1,1,EI,CT,V3,True
17963,2,2,EI,CT,V3,True
18223,2,2,EI,CT,V3,True
18290,1,1,EI,CT,V3,True
18337,1,1,EI,CT,V3,True
18550,2,2,EI,CT,V3,True
18597,1,1,EI,CT,V3,True
18613,2,2,EI,CT,V3,True
18630,2,2,EI,CT,V3,True
18631,1,1,EI,CT,V3,True
18643,1,1,EI,CT,V3,True
18656,2,2,EI,CT,V3,True
18670,1,1,EI,CT,V3,True
18805,1,2,EI,CT,V3,False
18806,1,1,EI,CT,V3,True
18820,1,1,EI,CT,V3,True
18874,1,1,EI,CT,V3,True
18886,1,1,EI,CT,V3,True
18935,1,1,EI,CT,V3,True
18961,2,2,EI,CT,V3,True
18998,2,2,EI,CT,V3,True
19036,2,2,EI,CT,V3,True
19045,2,2,EI,CT,V3,True
19113,2,1,EI,CT,V3,False
19164,2,2,EI,CT,V3,True
19267,2,2,EI,CT,V3,True
19295,1,1,EI,CT,V3,True
19331,2,2,EI,CT,V3,True
19341,1,1,EI,CT,V3,True
19363,1,1,EI,CT,V3,True
19383,1,1,EI,CT,V3,True
19385,2,2,EI,CT,V3,True
19395,2,2,EI,CT,V3,True
19486,2,2,EI,CT,V3,True
19496,2,2,EI,CT,V3,True
19532,1,1,EI,CT,V3,True
19538,1,1,EI,CT,V3,True
19599,2,2,EI,CT,V3,True
19643,1,1,EI,CT,V3,True
19686,1,1,EI,CT,V3,True
19738,1,1,EI,CT,V3,True
19794,1,1,EI,CT,V3,True
19811,1,1,EI,CT,V3,True
19826,2,2,EI,CT,V3,True
19830,2,2,EI,CT,V3,True
19839,2,2,EI,CT,V3,True
19854,2,2,EI,CT,V3,True
19900,2,1,EI,CT,V3,False
19915,1,1,EI,CT,V3,True
19967,1,1,EI,CT,V3,True
19968,2,2,EI,CT,V3,True
20031,1,1,EI,CT,V3,True
20132,2,1,EI,CT,V3,False
20270,1,1,EI,CT,V3,True
20283,2,1,EI,CT,V3,False
20299,2,2,EI,CT,V3,True
20338,1,1,EI,CT,V3,True
20351,2,2,EI,CT,V3,True
20380,2,2,EI,CT,V3,True
20420,1,1,EI,CT,V3,True
20422,1,1,EI,CT,V3,True
20431,1,1,EI,CT,V3,True
20443,1,1,EI,CT,V3,True
20446,2,2,EI,CT,V3,True
20465,1,1,EI,CT,V3,True
20467,2,1,EI,CT,V3,False
20504,2,2,EI,CT,V3,True
20528,1,1,EI,CT,V3,True
20542,1,1,EI,CT,V3,True
20549,1,1,EI,CT,V3,True
20609,1,1,EI,CT,V3,True
20666,1,1,EI,CT,V3,True
20677,1,1,EI,CT,V3,True
20685,2,2,EI,CT,V3,True
20716,2,2,EI,CT,V3,True
20717,2,2,EI,CT,V3,True
20839,2,2,EI,CT,V3,True
20853,1,1,EI,CT,V3,True
20869,2,2,EI,CT,V3,True
20890,2,2,EI,CT,V3,True
20895,1,1,EI,CT,V3,True
20964,1,1,EI,CT,V3,True
20971,2,2,EI,CT,V3,True
21016,1,1,EI,CT,V3,True
21051,2,2,EI,CT,V3,True
21067,2,2,EI,CT,V3,True
21074,1,1,EI,CT,V3,True
21098,2,2,EI,CT,V3,True
21130,2,2,EI,CT,V3,True
21158,1,1,EI,CT,V3,True
21165,1,1,EI,CT,V3,True
21167,1,1,EI,CT,V3,True
21173,1,1,EI,CT,V3,True
21180,2,2,EI,CT,V3,True
21203,2,2,EI,CT,V3,True
21210,1,1,EI,CT,V3,True
21328,1,1,EI,CT,V3,True
21399,1,1,EI,CT,V3,True
21509,2,2,EI,CT,V3,True
21544,2,2,EI,CT,V3,True
21598,2,2,EI,CT,V3,True
21606,2,2,EI,CT,V3,True
21629,1,1,EI,CT,V3,True
21691,1,1,EI,CT,V3,True
21847,2,2,EI,CT,V3,True
21910,2,1,EI,CT,V3,False
21935,1,1,EI,CT,V3,True
21976,1,1,EI,CT,V3,True
21987,2,2,EI,CT,V3,True
22043,2,2,EI,CT,V3,True
22052,1,1,EI,CT,V3,True
22065,1,1,EI,CT,V3,True
22066,2,2,EI,CT,V3,True
22090,1,2,EI,CT,V3,False
22126,2,2,EI,CT,V3,True
22166,2,2,EI,CT,V3,True
22184,2,2,EI,CT,V3,True
22189,2,2,EI,CT,V3,True
22194,2,2,EI,CT,V3,True
22266,1,1,EI,CT,V3,True
22314,2,2,EI,CT,V3,True
22356,2,2,EI,CT,V3,True
22467,2,2,EI,CT,V3,True
22679,1,1,EI,CT,V3,True
22707,2,2,EI,CT,V3,True
22767,2,2,EI,CT,V3,True
22770,1,1,EI,CT,V3,True
22814,1,1,EI,CT,V3,True
22819,2,2,EI,CT,V3,True
22833,1,1,EI,CT,V3,True
22849,2,2,EI,CT,V3,True
22966,2,2,EI,CT,V3,True
23023,1,1,EI,CT,V3,True
23052,1,1,EI,CT,V3,True
23089,1,1,EI,CT,V3,True
23103,2,2,EI,CT,V3,True
23104,2,2,EI,CT,V3,True
23128,1,1,EI,CT,V3,True
23200,1,1,EI,CT,V3,True
23313,2,2,EI,CT,V3,True
23323,1,1,EI,CT,V3,True
23415,2,1,EI,CT,V3,False
23440,2,2,EI,CT,V3,True
23453,2,2,EI,CT,V3,True
23505,1,1,EI,CT,V3,True
23514,2,2,EI,CT,V3,True
23524,1,1,EI,CT,V3,True
23530,2,2,EI,CT,V3,True
23534,1,1,EI,CT,V3,True
23574,1,1,EI,CT,V3,True
23605,1,1,EI,CT,V3,True
23620,2,2,EI,CT,V3,True
23648,2,2,EI,CT,V3,True
23699,2,2,EI,CT,V3,True
23713,2,2,EI,CT,V3,True
23779,1,1,EI,CT,V3,True
23871,1,1,EI,CT,V3,True
23873,1,1,EI,CT,V3,True
23901,1,1,EI,CT,V3,True
24026,2,2,EI,CT,V3,True
24163,1,1,EI,CT,V3,True
24174,2,1,EI,CT,V3,False
24260,2,2,EI,CT,V3,True
24291,2,1,EI,CT,V3,False
24304,1,1,EI,CT,V3,True
24334,2,2,EI,CT,V3,True
24405,2,2,EI,CT,V3,True
24408,1,1,EI,CT,V3,True
24500,2,2,EI,CT,V3,True
24502,2,1,EI,CT,V3,False
24541,2,2,EI,CT,V3,True
24573,1,1,EI,CT,V3,True
24577,1,1,EI,CT,V3,True
24637,2,2,EI,CT,V3,True
24706,1,1,EI,CT,V3,True
24740,2,2,EI,CT,V3,True
24774,2,2,EI,CT,V3,True
24836,1,1,EI,CT,V3,True
24871,1,2,EI,CT,V3,False
24959,1,2,EI,CT,V3,False
24975,1,1,EI,CT,V3,True
24995,1,1,EI,CT,V3,True
25015,1,1,EI,CT,V3,True
25038,1,1,EI,CT,V3,True
25109,2,2,EI,CT,V3,True
25137,1,1,EI,CT,V3,True
25155,1,1,EI,CT,V3,True
25239,2,1,EI,CT,V3,False
25270,1,1,EI,CT,V3,True
25302,2,2,EI,CT,V3,True
25337,1,1,EI,CT,V3,True
25348,1,1,EI,CT,V3,True
25369,2,2,EI,CT,V3,True
25416,1,1,EI,CT,V3,True
25435,1,2,EI,CT,V3,False
25447,1,1,EI,CT,V3,True
25448,2,2,EI,CT,V3,True
25471,2,2,EI,CT,V3,True
25650,1,1,EI,CT,V3,True
25690,1,1,EI,CT,V3,True
25698,2,1,EI,CT,V3,False
25856,1,1,EI,CT,V3,True
25990,2,2,EI,CT,V3,True
26032,1,1,EI,CT,V3,True
26129,2,2,EI,CT,V3,True
26211,2,2,EI,CT,V3,True
26281,2,1,EI,CT,V3,False
26287,2,2,EI,CT,V3,True
26292,1,1,EI,CT,V3,True
26302,1,1,EI,CT,V3,True
26321,2,2,EI,CT,V3,True
26337,1,1,EI,CT,V3,True
26345,1,2,EI,CT,V3,False
26480,2,2,EI,CT,V3,True
26492,2,2,EI,CT,V3,True
26528,1,1,EI,CT,V3,True
26546,1,1,EI,CT,V3,True
26556,1,1,EI,CT,V3,True
26575,1,2,EI,CT,V3,False
26678,2,2,EI,CT,V3,True
26714,2,2,EI,CT,V3,True
26831,1,1,EI,CT,V3,True
26865,2,2,EI,CT,V3,True
26878,2,2,EI,CT,V3,True
26995,1,2,EI,CT,V3,False
27029,2,2,EI,CT,V3,True
27088,1,1,EI,CT,V3,True
27101,1,1,EI,CT,V3,True
27117,1,2,EI,CT,V3,False
27271,1,1,EI,CT,V3,True
27395,2,1,EI,CT,V3,False
27431,2,2,EI,CT,V3,True
27497,1,1,EI,CT,V3,True
27524,2,2,EI,CT,V3,True
27558,2,2,EI,CT,V3,True
27668,2,2,EI,CT,V3,True
27688,2,1,EI,CT,V3,False
27740,2,2,EI,CT,V3,True
27786,2,2,EI,CT,V3,True
27828,2,2,EI,CT,V3,True
27904,2,2,EI,CT,V3,True
27910,2,2,EI,CT,V3,True
27911,2,2,EI,CT,V3,True
28011,2,2,EI,CT,V3,True
28051,2,2,EI,CT,V3,True
28057,1,1,EI,CT,V3,True
28067,1,1,EI,CT,V3,True
28114,2,2,EI,CT,V3,True
28222,2,2,EI,CT,V3,True
28262,2,2,EI,CT,V3,True
28271,1,1,EI,CT,V3,True
28339,1,2,EI,CT,V3,False
28341,1,1,EI,CT,V3,True
28365,2,2,EI,CT,V3,True
28463,2,2,EI,CT,V3,True
28490,1,1,EI,CT,V3,True
28550,1,2,EI,CT,V3,False
28574,2,2,EI,CT,V3,True
28656,2,2,EI,CT,V3,True
28674,2,2,EI,CT,V3,True
28728,1,1,EI,CT,V3,True
28789,2,2,EI,CT,V3,True
28790,2,1,EI,CT,V3,False
28822,2,2,EI,CT,V3,True
28963,1,1,EI,CT,V3,True
29070,2,2,EI,CT,V3,True
29105,2,2,EI,CT,V3,True
29132,1,1,EI,CT,V3,True
29144,1,1,EI,CT,V3,True
29184,1,1,EI,CT,V3,True
29243,2,2,EI,CT,V3,True
29385,1,1,EI,CT,V3,True
29417,2,2,EI,CT,V3,True
29484,2,2,EI,CT,V3,True
29629,1,1,EI,CT,V3,True
29644,1,1,EI,CT,V3,True
29679,1,1,EI,CT,V3,True
29903,1,1,EI,CT,V3,True
29912,1,1,EI,CT,V3,True
29978,2,1,EI,CT,V3,False
30052,1,1,EI,CT,V3,True
30118,1,1,EI,CT,V3,True
30131,2,2,EI,CT,V3,True
30137,2,2,EI,CT,V3,True
30143,1,1,EI,CT,V3,True
30180,1,1,EI,CT,V3,True
30259,1,1,EI,CT,V3,True
30273,1,1,EI,CT,V3,True
30328,1,1,EI,CT,V3,True
30329,1,1,EI,CT,V3,True
30336,2,2,EI,CT,V3,True
30340,1,1,EI,CT,V3,True
30367,2,2,EI,CT,V3,True
30457,2,1,EI,CT,V3,False
30498,2,1,EI,CT,V3,False
30514,1,1,EI,CT,V3,True
30544,1,2,EI,CT,V3,False
30637,1,1,EI,CT,V3,True
30701,2,2,EI,CT,V3,True
30710,2,2,EI,CT,V3,True
30794,1,1,EI,CT,V3,True
30807,2,1,EI,CT,V3,False
30825,1,1,EI,CT,V3,True
30846,1,1,EI,CT,V3,True
30856,2,2,EI,CT,V3,True
30872,2,2,EI,CT,V3,True
30880,1,1,EI,CT,V3,True
30899,1,1,EI,CT,V3,True
30922,2,2,EI,CT,V3,True
30936,2,2,EI,CT,V3,True
31029,1,1,EI,CT,V3,True
31060,1,1,EI,CT,V3,True
31081,2,2,EI,CT,V3,True
31089,1,1,EI,CT,V3,True
31128,1,2,EI,CT,V3,False
31138,1,1,EI,CT,V3,True
31148,1,1,EI,CT,V3,True
31247,1,1,EI,CT,V3,True
31350,2,2,EI,CT,V3,True
31386,2,2,EI,CT,V3,True
31470,2,2,EI,CT,V3,True
31483,2,2,EI,CT,V3,True
31568,2,1,EI,CT,V3,False
31597,1,1,EI,CT,V3,True
31622,1,1,EI,CT,V3,True
31628,1,1,EI,CT,V3,True
31634,1,1,EI,CT,V3,True
31665,1,1,EI,CT,V3,True
31720,1,1,EI,CT,V3,True
31728,1,1,EI,CT,V3,True
31754,2,2,EI,CT,V3,True
31883,2,1,EI,CT,V3,False
31907,2,2,EI,CT,V3,True
32003,2,2,EI,CT,V3,True
32090,1,1,EI,CT,V3,True
32112,2,2,EI,CT,V3,True
32116,2,2,EI,CT,V3,True
32131,2,2,EI,CT,V3,True
32167,1,1,EI,CT,V3,True
32177,1,2,EI,CT,V3,False
32263,2,2,EI,CT,V3,True
32265,1,1,EI,CT,V3,True
32323,2,2,EI,CT,V3,True
32372,1,1,EI,CT,V3,True
32463,2,2,EI,CT,V3,True
32489,1,1,EI,CT,V3,True
32518,1,1,EI,CT,V3,True
32558,1,1,EI,CT,V3,True
32572,2,2,EI,CT,V3,True
32679,1,1,EI,CT,V3,True
32722,2,2,EI,CT,V3,True
32747,1,1,EI,CT,V3,True
32753,2,2,EI,CT,V3,True
32785,1,1,EI,CT,V3,True
32872,2,2,EI,CT,V3,True
32894,2,1,EI,CT,V3,False
32913,1,1,EI,CT,V3,True
32917,2,2,EI,CT,V3,True
32963,2,1,EI,CT,V3,False
32972,2,2,EI,CT,V3,True
33026,1,2,EI,CT,V3,False
33067,2,2,EI,CT,V3,True
33126,2,2,EI,CT,V3,True
33141,2,2,EI,CT,V3,True
33154,1,1,EI,CT,V3,True
33262,2,2,EI,CT,V3,True
33291,1,1,EI,CT,V3,True
33345,1,1,EI,CT,V3,True
33390,1,1,EI,CT,V3,True
33409,1,1,EI,CT,V3,True
33433,1,1,EI,CT,V3,True
33470,1,1,EI,CT,V3,True
33504,1,1,EI,CT,V3,True
33509,1,1,EI,CT,V3,True
33532,2,2,EI,CT,V3,True
33618,1,1,EI,CT,V3,True
33649,1,1,EI,CT,V3,True
33741,1,1,EI,CT,V3,True
33743,2,2,EI,CT,V3,True
33765,2,2,EI,CT,V3,True
33806,1,1,EI,CT,V3,True
33808,2,2,EI,CT,V3,True
33856,1,1,EI,CT,V3,True
33859,2,2,EI,CT,V3,True
33890,2,2,EI,CT,V3,True
33936,1,1,EI,CT,V3,True
33961,1,1,EI,CT,V3,True
33962,2,2,EI,CT,V3,True
33986,1,1,EI,CT,V3,True
34029,2,2,EI,CT,V3,True
34084,1,2,EI,CT,V3,False
34125,2,2,EI,CT,V3,True
34143,2,2,EI,CT,V3,True
34148,1,1,EI,CT,V3,True
34171,1,1,EI,CT,V3,True
34215,2,2,EI,CT,V3,True
34276,1,1,EI,CT,V3,True
34332,2,1,EI,CT,V3,False
34354,1,1,EI,CT,V3,True
34404,2,2,EI,CT,V3,True
34414,2,2,EI,CT,V3,True
34460,2,2,EI,CT,V3,True
34573,1,1,EI,CT,V3,True
34667,2,2,EI,CT,V3,True
34714,2,2,EI,CT,V3,True
34812,2,1,EI,CT,V3,False
34915,2,1,EI,CT,V3,False
34918,2,2,EI,CT,V3,True
34930,1,1,EI,CT,V3,True
34944,2,1,EI,CT,V3,False
34983,2,2,EI,CT,V3,True
35058,2,2,EI,CT,V3,True
35127,2,2,EI,CT,V3,True
35156,2,2,EI,CT,V3,True
35174,1,1,EI,CT,V3,True
35201,2,2,EI,CT,V3,True
35204,2,2,EI,CT,V3,True
35282,2,2,EI,CT,V3,True
35287,1,1,EI,CT,V3,True
35397,2,2,EI,CT,V3,True
35429,2,2,EI,CT,V3,True
35467,2,2,EI,CT,V3,True
35542,2,2,EI,CT,V3,True
35564,2,2,EI,CT,V3,True
35592,1,1,EI,CT,V3,True
35643,2,2,EI,CT,V3,True
35715,2,2,EI,CT,V3,True
35732,2,2,EI,CT,V3,True
35738,2,2,EI,CT,V3,True
35743,2,2,EI,CT,V3,True
35871,2,2,EI,CT,V3,True
35880,2,2,EI,CT,V3,True
35907,2,1,EI,CT,V3,False
35918,2,1,EI,CT,V3,False
35939,2,2,EI,CT,V3,True
35991,2,2,EI,CT,V3,True
36100,2,2,EI,CT,V3,True
36117,1,1,EI,CT,V3,True
36186,2,2,EI,CT,V3,True
36190,1,1,EI,CT,V3,True
36199,2,2,EI,CT,V3,True
36209,1,1,EI,CT,V3,True
36223,2,2,EI,CT,V3,True
36247,1,1,EI,CT,V3,True
36403,2,2,EI,CT,V3,True
36419,2,2,EI,CT,V3,True
36434,2,2,EI,CT,V3,True
36449,1,1,EI,CT,V3,True
36482,2,2,EI,CT,V3,True
36557,2,2,EI,CT,V3,True
36686,2,1,EI,CT,V3,False
36689,2,1,EI,CT,V3,False
36734,1,1,EI,CT,V3,True
36743,1,1,EI,CT,V3,True
36767,2,2,EI,CT,V3,True
36785,2,1,EI,CT,V3,False
36812,2,2,EI,CT,V3,True
36819,2,2,EI,CT,V3,True
36849,2,2,EI,CT,V3,True
36960,1,1,EI,CT,V3,True
36974,2,2,EI,CT,V3,True
37006,2,2,EI,CT,V3,True
37016,2,2,EI,CT,V3,True
37020,1,1,EI,CT,V3,True
37082,2,2,EI,CT,V3,True
37102,2,2,EI,CT,V3,True
37124,2,2,EI,CT,V3,True
37245,1,1,EI,CT,V3,True
37249,2,2,EI,CT,V3,True
37258,1,1,EI,CT,V3,True
37327,1,1,EI,CT,V3,True
37367,2,2,EI,CT,V3,True
37404,1,2,EI,CT,V3,False
37432,2,2,EI,CT,V3,True
37435,1,2,EI,CT,V3,False
37490,1,1,EI,CT,V3,True
37537,2,2,EI,CT,V3,True
37542,1,1,EI,CT,V3,True
37569,2,2,EI,CT,V3,True
37608,1,1,EI,CT,V3,True
37614,1,2,EI,CT,V3,False
37617,2,2,EI,CT,V3,True
37723,2,2,EI,CT,V3,True
37725,1,1,EI,CT,V3,True
37741,2,2,EI,CT,V3,True
37743,2,2,EI,CT,V3,True
37842,1,1,EI,CT,V3,True
37909,1,1,EI,CT,V3,True
37955,1,1,EI,CT,V3,True
38026,2,2,EI,CT,V3,True
38068,2,2,EI,CT,V3,True
38078,2,2,EI,CT,V3,True
38144,1,1,EI,CT,V3,True
38146,1,1,EI,CT,V3,True
38166,1,1,EI,CT,V3,True
38168,1,1,EI,CT,V3,True
38191,2,1,EI,CT,V3,False
38245,1,1,EI,CT,V3,True
38267,2,1,EI,CT,V3,False
38352,1,1,EI,CT,V3,True
38390,1,1,EI,CT,V3,True
38395,1,1,EI,CT,V3,True
38425,2,2,EI,CT,V3,True
38485,1,1,EI,CT,V3,True
38518,1,1,EI,CT,V3,True
38530,1,1,EI,CT,V3,True
38533,2,2,EI,CT,V3,True
38554,2,2,EI,CT,V3,True
38562,2,2,EI,CT,V3,True
38593,2,2,EI,CT,V3,True
38627,2,2,EI,CT,V3,True
38630,1,1,EI,CT,V3,True
38802,1,2,EI,CT,V3,False
38809,1,2,EI,CT,V3,False
38811,2,2,EI,CT,V3,True
38829,1,1,EI,CT,V3,True
38858,2,1,EI,CT,V3,False
38920,2,2,EI,CT,V3,True
38928,2,2,EI,CT,V3,True
38947,1,1,EI,CT,V3,True
39152,1,1,EI,CT,V3,True
39199,1,1,EI,CT,V3,True
39321,1,1,EI,CT,V3,True
39356,2,2,EI,CT,V3,True
39388,2,2,EI,CT,V3,True
39457,1,1,EI,CT,V3,True
39466,1,1,EI,CT,V3,True
39532,2,2,EI,CT,V3,True
39553,2,2,EI,CT,V3,True
39557,1,1,EI,CT,V3,True
39630,1,1,EI,CT,V3,True
39715,1,1,EI,CT,V3,True
39804,1,1,EI,CT,V3,True
39833,2,1,EI,CT,V3,False
39842,1,1,EI,CT,V3,True
39855,1,1,EI,CT,V3,True
39864,2,2,EI,CT,V3,True
39884,2,2,EI,CT,V3,True
40029,2,1,EI,CT,V3,False
40068,1,1,EI,CT,V3,True
40135,1,1,EI,CT,V3,True
40145,2,2,EI,CT,V3,True
40164,1,1,EI,CT,V3,True
40296,2,2,EI,CT,V3,True
40352,1,1,EI,CT,V3,True
40376,1,1,EI,CT,V3,True
40497,2,2,EI,CT,V3,True
40542,2,2,EI,CT,V3,True
40622,2,2,EI,CT,V3,True
40653,2,2,EI,CT,V3,True
40762,1,1,EI,CT,V3,True
40853,1,1,EI,CT,V3,True
40857,2,1,EI,CT,V3,False
40923,2,2,EI,CT,V3,True
40969,1,1,EI,CT,V3,True
41001,2,2,EI,CT,V3,True
41077,1,2,EI,CT,V3,False
41150,2,2,EI,CT,V3,True
41152,2,2,EI,CT,V3,True
41237,1,1,EI,CT,V3,True
41239,1,1,EI,CT,V3,True
41273,1,1,EI,CT,V3,True
41360,2,2,EI,CT,V3,True
41368,1,1,EI,CT,V3,True
41416,1,2,EI,CT,V3,False
41472,1,1,EI,CT,V3,True
41514,1,2,EI,CT,V3,False
41581,2,2,EI,CT,V3,True
41590,2,2,EI,CT,V3,True
41607,1,2,EI,CT,V3,False
41636,1,1,EI,CT,V3,True
41704,1,1,EI,CT,V3,True
41829,1,1,EI,CT,V3,True
41836,1,1,EI,CT,V3,True
41906,2,2,EI,CT,V3,True
41973,2,2,EI,CT,V3,True
42006,2,2,EI,CT,V3,True
42040,1,1,EI,CT,V3,True
42067,1,1,EI,CT,V3,True
42086,2,1,EI,CT,V3,False
42112,2,2,EI,CT,V3,True
42166,2,2,EI,CT,V3,True
42174,2,2,EI,CT,V3,True
42185,2,2,EI,CT,V3,True
42228,2,2,EI,CT,V3,True
42330,1,1,EI,CT,V3,True
42344,1,2,EI,CT,V3,False
42391,2,2,EI,CT,V3,True
42428,1,1,EI,CT,V3,True
42468,2,2,EI,CT,V3,True
42520,1,1,EI,CT,V3,True
42521,1,1,EI,CT,V3,True
42568,1,2,EI,CT,V3,False
42572,2,2,EI,CT,V3,True
42585,1,1,EI,CT,V3,True
42609,2,2,EI,CT,V3,True
42690,2,2,EI,CT,V3,True
42714,2,2,EI,CT,V3,True
42742,1,2,EI,CT,V3,False
42860,2,2,EI,CT,V3,True
42886,2,2,EI,CT,V3,True
42922,2,2,EI,CT,V3,True
43042,1,1,EI,CT,V3,True
43070,2,2,EI,CT,V3,True
43113,1,2,EI,CT,V3,False
43164,2,2,EI,CT,V3,True
43191,1,1,EI,CT,V3,True
43285,1,1,EI,CT,V3,True
43295,2,2,EI,CT,V3,True
43350,2,2,EI,CT,V3,True
43526,2,2,EI,CT,V3,True
43621,2,2,EI,CT,V3,True
43668,2,2,EI,CT,V3,True
43764,2,2,EI,CT,V3,True
43800,1,1,EI,CT,V3,True
44064,2,2,EI,CT,V3,True
44147,1,1,EI,CT,V3,True
44167,2,2,EI,CT,V3,True
44178,2,2,EI,CT,V3,True
44380,1,2,EI,CT,V3,False
44400,1,2,EI,CT,V3,False
44415,2,2,EI,CT,V3,True
44430,2,2,EI,CT,V3,True
44444,2,2,EI,CT,V3,True
44458,2,2,EI,CT,V3,True
44475,1,1,EI,CT,V3,True
44479,2,2,EI,CT,V3,True
44628,1,1,EI,CT,V3,True
44682,1,1,EI,CT,V3,True
44743,1,1,EI,CT,V3,True
44812,2,2,EI,CT,V3,True
44833,2,2,EI,CT,V3,True
44841,1,2,EI,CT,V3,False
44887,2,2,EI,CT,V3,True
44967,1,1,EI,CT,V3,True
45012,2,2,EI,CT,V3,True
45024,1,1,EI,CT,V3,True
45075,2,2,EI,CT,V3,True
45117,2,2,EI,CT,V3,True
45175,2,2,EI,CT,V3,True
45184,1,1,EI,CT,V3,True
45190,1,2,EI,CT,V3,False
45199,1,2,EI,CT,V3,False
45289,1,1,EI,CT,V3,True
45314,1,1,EI,CT,V3,True
45337,1,1,EI,CT,V3,True
45340,2,2,EI,CT,V3,True
45390,2,2,EI,CT,V3,True
45470,2,2,EI,CT,V3,True
45492,1,1,EI,CT,V3,True
45529,2,2,EI,CT,V3,True
45544,2,2,EI,CT,V3,True
45784,1,1,EI,CT,V3,True
45800,2,2,EI,CT,V3,True
45811,2,2,EI,CT,V3,True
45837,1,1,EI,CT,V3,True
45857,1,2,EI,CT,V3,False
45893,2,2,EI,CT,V3,True
45938,2,2,EI,CT,V3,True
45983,1,1,EI,CT,V3,True
45985,1,1,EI,CT,V3,True
46132,1,1,EI,CT,V3,True
46147,1,1,EI,CT,V3,True
46160,1,1,EI,CT,V3,True
46218,2,2,EI,CT,V3,True
46372,2,2,EI,CT,V3,True
46569,2,2,EI,CT,V3,True
46595,2,2,EI,CT,V3,True
46674,1,1,EI,CT,V3,True
46707,1,1,EI,CT,V3,True
46710,2,2,EI,CT,V3,True
46751,2,2,EI,CT,V3,True
46756,1,1,EI,CT,V3,True
46810,2,1,EI,CT,V3,False
46859,2,2,EI,CT,V3,True
46880,1,1,EI,CT,V3,True
46894,2,2,EI,CT,V3,True
46969,2,2,EI,CT,V3,True
47060,2,2,EI,CT,V3,True
47065,1,1,EI,CT,V3,True
47097,1,1,EI,CT,V3,True
47139,2,1,EI,CT,V3,False
47169,2,2,EI,CT,V3,True
47216,2,2,EI,CT,V3,True
47246,2,2,EI,CT,V3,True
47249,2,2,EI,CT,V3,True
47362,1,1,EI,CT,V3,True
47371,1,1,EI,CT,V3,True
47603,1,1,EI,CT,V3,True
47619,2,2,EI,CT,V3,True
47632,1,1,EI,CT,V3,True
47865,2,2,EI,CT,V3,True
47886,1,1,EI,CT,V3,True
48182,1,1,EI,CT,V3,True
48217,2,1,EI,CT,V3,False
48246,1,1,EI,CT,V3,True
48295,2,2,EI,CT,V3,True
48329,1,1,EI,CT,V3,True
48352,1,2,EI,CT,V3,False
48355,2,2,EI,CT,V3,True
48359,1,2,EI,CT,V3,False
48434,1,1,EI,CT,V3,True
48449,2,2,EI,CT,V3,True
48506,2,2,EI,CT,V3,True
48541,1,1,EI,CT,V3,True
48562,2,2,EI,CT,V3,True
48563,2,2,EI,CT,V3,True
48566,1,1,EI,CT,V3,True
48587,1,1,EI,CT,V3,True
48607,2,2,EI,CT,V3,True
48618,1,1,EI,CT,V3,True
48722,2,2,EI,CT,V3,True
48728,1,1,EI,CT,V3,True
48859,2,2,EI,CT,V3,True
48898,1,1,EI,CT,V3,True
48976,2,2,EI,CT,V3,True
49004,1,1,EI,CT,V3,True
49029,1,1,EI,CT,V3,True
49047,1,1,EI,CT,V3,True
49052,1,1,EI,CT,V3,True
49095,1,1,EI,CT,V3,True
49132,1,2,EI,CT,V3,False
49146,1,1,EI,CT,V3,True
49168,2,2,EI,CT,V3,True
49182,2,2,EI,CT,V3,True
49189,1,1,EI,CT,V3,True
49213,1,1,EI,CT,V3,True
49228,1,1,EI,CT,V3,True
49242,2,2,EI,CT,V3,True
49325,1,1,EI,CT,V3,True
49400,2,2,EI,CT,V3,True
49460,1,1,EI,CT,V3,True
49550,1,2,EI,CT,V3,False
49700,1,1,EI,CT,V3,True
49737,1,1,EI,CT,V3,True
49804,2,1,EI,CT,V3,False
49855,2,2,EI,CT,V3,True
49870,2,2,EI,CT,V3,True
49943,2,2,EI,CT,V3,True
49950,2,2,EI,CT,V3,True
49959,2,2,EI,CT,V3,True
49971,1,1,EI,CT,V3,True
107,2,2,EI,R1,V3,True
176,1,1,EI,R1,V3,True
257,1,1,EI,R1,V3,True
284,2,2,EI,R1,V3,True
287,1,1,EI,R1,V3,True
310,2,2,EI,R1,V3,True
337,2,2,EI,R1,V3,True
379,2,2,EI,R1,V3,True
393,2,2,EI,R1,V3,True
423,2,2,EI,R1,V3,True
450,2,2,EI,R1,V3,True
504,2,2,EI,R1,V3,True
545,1,1,EI,R1,V3,True
626,2,2,EI,R1,V3,True
715,2,2,EI,R1,V3,True
722,1,1,EI,R1,V3,True
793,2,2,EI,R1,V3,True
804,2,2,EI,R1,V3,True
813,2,2,EI,R1,V3,True
856,2,2,EI,R1,V3,True
893,2,2,EI,R1,V3,True
922,1,1,EI,R1,V3,True
1029,2,2,EI,R1,V3,True
1057,1,1,EI,R1,V3,True
1176,2,2,EI,R1,V3,True
1199,1,1,EI,R1,V3,True
1200,2,2,EI,R1,V3,True
1205,2,1,EI,R1,V3,False
1227,2,2,EI,R1,V3,True
1261,2,2,EI,R1,V3,True
1347,1,1,EI,R1,V3,True
1352,2,2,EI,R1,V3,True
1363,2,2,EI,R1,V3,True
1421,1,1,EI,R1,V3,True
1481,1,1,EI,R1,V3,True
1552,1,1,EI,R1,V3,True
1573,1,1,EI,R1,V3,True
1656,2,2,EI,R1,V3,True
1687,1,1,EI,R1,V3,True
1707,2,2,EI,R1,V3,True
1733,2,2,EI,R1,V3,True
1755,2,2,EI,R1,V3,True
1808,1,1,EI,R1,V3,True
1814,2,2,EI,R1,V3,True
1819,2,2,EI,R1,V3,True
1822,1,1,EI,R1,V3,True
2004,2,2,EI,R1,V3,True
2039,2,2,EI,R1,V3,True
2055,1,1,EI,R1,V3,True
2068,2,2,EI,R1,V3,True
2081,1,1,EI,R1,V3,True
2155,2,2,EI,R1,V3,True
2221,2,2,EI,R1,V3,True
2288,2,2,EI,R1,V3,True
2375,2,2,EI,R1,V3,True
2426,2,2,EI,R1,V3,True
2584,2,2,EI,R1,V3,True
2585,1,1,EI,R1,V3,True
2600,1,1,EI,R1,V3,True
2844,1,1,EI,R1,V3,True
2891,2,2,EI,R1,V3,True
2932,2,2,EI,R1,V3,True
2983,1,1,EI,R1,V3,True
3056,1,1,EI,R1,V3,True
3102,1,1,EI,R1,V3,True
3191,1,1,EI,R1,V3,True
3297,1,1,EI,R1,V3,True
3363,1,1,EI,R1,V3,True
3385,1,2,EI,R1,V3,False
3400,1,1,EI,R1,V3,True
3418,1,1,EI,R1,V3,True
3429,2,2,EI,R1,V3,True
3440,1,1,EI,R1,V3,True
3512,2,2,EI,R1,V3,True
3524,1,1,EI,R1,V3,True
3631,2,2,EI,R1,V3,True
3811,2,1,EI,R1,V3,False
3824,1,1,EI,R1,V3,True
3867,1,1,EI,R1,V3,True
3868,1,1,EI,R1,V3,True
3912,1,1,EI,R1,V3,True
3929,1,1,EI,R1,V3,True
3954,2,2,EI,R1,V3,True
3971,2,2,EI,R1,V3,True
4017,2,2,EI,R1,V3,True
4066,2,2,EI,R1,V3,True
4087,2,2,EI,R1,V3,True
4187,1,1,EI,R1,V3,True
4207,1,1,EI,R1,V3,True
4211,1,1,EI,R1,V3,True
4303,1,1,EI,R1,V3,True
4314,1,1,EI,R1,V3,True
4339,1,1,EI,R1,V3,True
4348,2,2,EI,R1,V3,True
4447,1,1,EI,R1,V3,True
4462,1,1,EI,R1,V3,True
4591,1,1,EI,R1,V3,True
4624,2,2,EI,R1,V3,True
4651,1,2,EI,R1,V3,False
4652,1,1,EI,R1,V3,True
4663,1,1,EI,R1,V3,True
4706,2,2,EI,R1,V3,True
4716,1,1,EI,R1,V3,True
4744,2,2,EI,R1,V3,True
4767,1,1,EI,R1,V3,True
4795,1,1,EI,R1,V3,True
4797,1,1,EI,R1,V3,True
4812,1,2,EI,R1,V3,False
4827,2,2,EI,R1,V3,True
4829,2,2,EI,R1,V3,True
4851,2,2,EI,R1,V3,True
4856,2,1,EI,R1,V3,False
4927,2,2,EI,R1,V3,True
4937,1,1,EI,R1,V3,True
5006,1,1,EI,R1,V3,True
5024,1,1,EI,R1,V3,True
5086,2,2,EI,R1,V3,True
5105,2,2,EI,R1,V3,True
5119,1,1,EI,R1,V3,True
5120,2,2,EI,R1,V3,True
5159,1,1,EI,R1,V3,True
5406,1,1,EI,R1,V3,True
5424,2,2,EI,R1,V3,True
5475,2,1,EI,R1,V3,False
5499,1,1,EI,R1,V3,True
5570,1,1,EI,R1,V3,True
5586,1,1,EI,R1,V3,True
5619,2,2,EI,R1,V3,True
5651,1,1,EI,R1,V3,True
5797,2,2,EI,R1,V3,True
5824,2,2,EI,R1,V3,True
5829,1,1,EI,R1,V3,True
5906,2,2,EI,R1,V3,True
5913,2,2,EI,R1,V3,True
5938,2,2,EI,R1,V3,True
5957,1,2,EI,R1,V3,False
5998,2,2,EI,R1,V3,True
6010,2,2,EI,R1,V3,True
6111,1,1,EI,R1,V3,True
6137,1,1,EI,R1,V3,True
6156,1,1,EI,R1,V3,True
6253,2,2,EI,R1,V3,True
6255,2,2,EI,R1,V3,True
6295,1,1,EI,R1,V3,True
6347,1,1,EI,R1,V3,True
6374,1,1,EI,R1,V3,True
6420,1,1,EI,R1,V3,True
6452,1,1,EI,R1,V3,True
6465,1,1,EI,R1,V3,True
6484,2,2,EI,R1,V3,True
6519,1,2,EI,R1,V3,False
6527,1,1,EI,R1,V3,True
6595,1,1,EI,R1,V3,True
6631,1,1,EI,R1,V3,True
6692,1,1,EI,R1,V3,True
6715,2,2,EI,R1,V3,True
6728,1,1,EI,R1,V3,True
6756,2,2,EI,R1,V3,True
6812,1,1,EI,R1,V3,True
6824,1,1,EI,R1,V3,True
6826,2,2,EI,R1,V3,True
6842,1,2,EI,R1,V3,False
6867,1,1,EI,R1,V3,True
6868,2,2,EI,R1,V3,True
6899,2,2,EI,R1,V3,True
6965,2,2,EI,R1,V3,True
6977,2,2,EI,R1,V3,True
6991,1,1,EI,R1,V3,True
7004,1,1,EI,R1,V3,True
7042,2,2,EI,R1,V3,True
7070,2,2,EI,R1,V3,True
7096,1,1,EI,R1,V3,True
7099,1,1,EI,R1,V3,True
7194,2,2,EI,R1,V3,True
7220,2,2,EI,R1,V3,True
7313,2,2,EI,R1,V3,True
7387,1,1,EI,R1,V3,True
7407,1,1,EI,R1,V3,True
7430,2,2,EI,R1,V3,True
7439,1,1,EI,R1,V3,True
7451,2,2,EI,R1,V3,True
7498,2,2,EI,R1,V3,True
7550,1,1,EI,R1,V3,True
7553,2,2,EI,R1,V3,True
7555,1,1,EI,R1,V3,True
7581,2,2,EI,R1,V3,True
7631,1,1,EI,R1,V3,True
7654,1,1,EI,R1,V3,True
7687,1,1,EI,R1,V3,True
7723,1,1,EI,R1,V3,True
7756,1,1,EI,R1,V3,True
7894,1,1,EI,R1,V3,True
7915,2,2,EI,R1,V3,True
7966,1,1,EI,R1,V3,True
7972,1,1,EI,R1,V3,True
8015,2,2,EI,R1,V3,True
8139,1,1,EI,R1,V3,True
8217,2,1,EI,R1,V3,False
8268,2,1,EI,R1,V3,False
8366,2,2,EI,R1,V3,True
8444,1,1,EI,R1,V3,True
8477,1,1,EI,R1,V3,True
8580,2,2,EI,R1,V3,True
8630,2,2,EI,R1,V3,True
8637,1,1,EI,R1,V3,True
8672,1,1,EI,R1,V3,True
8800,2,1,EI,R1,V3,False
8816,2,2,EI,R1,V3,True
8902,2,2,EI,R1,V3,True
8923,2,2,EI,R1,V3,True
8948,1,1,EI,R1,V3,True
8993,1,1,EI,R1,V3,True
9004,1,1,EI,R1,V3,True
9089,2,2,EI,R1,V3,True
9102,2,2,EI,R1,V3,True
9134,2,2,EI,R1,V3,True
9246,2,2,EI,R1,V3,True
9268,1,1,EI,R1,V3,True
9349,2,2,EI,R1,V3,True
9357,2,2,EI,R1,V3,True
9417,1,1,EI,R1,V3,True
9459,2,2,EI,R1,V3,True
9465,1,1,EI,R1,V3,True
9469,2,2,EI,R1,V3,True
9473,1,2,EI,R1,V3,False
9485,2,2,EI,R1,V3,True
9544,2,1,EI,R1,V3,False
9595,2,1,EI,R1,V3,False
9632,1,2,EI,R1,V3,False
9635,2,2,EI,R1,V3,True
9677,2,2,EI,R1,V3,True
9715,1,1,EI,R1,V3,True
9774,2,2,EI,R1,V3,True
9796,1,1,EI,R1,V3,True
9892,2,2,EI,R1,V3,True
9907,2,2,EI,R1,V3,True
9934,1,1,EI,R1,V3,True
9955,2,2,EI,R1,V3,True
10022,1,1,EI,R1,V3,True
10156,1,1,EI,R1,V3,True
10163,1,1,EI,R1,V3,True
10187,2,1,EI,R1,V3,False
10210,1,1,EI,R1,V3,True
10328,1,1,EI,R1,V3,True
10330,2,2,EI,R1,V3,True
10361,1,1,EI,R1,V3,True
10375,1,1,EI,R1,V3,True
10400,1,1,EI,R1,V3,True
10423,2,2,EI,R1,V3,True
10434,1,1,EI,R1,V3,True
10566,2,2,EI,R1,V3,True
10600,1,1,EI,R1,V3,True
10610,2,2,EI,R1,V3,True
10626,1,1,EI,R1,V3,True
10634,2,2,EI,R1,V3,True
10713,2,2,EI,R1,V3,True
10771,2,2,EI,R1,V3,True
10803,1,1,EI,R1,V3,True
10910,2,2,EI,R1,V3,True
10954,2,2,EI,R1,V3,True
10978,1,1,EI,R1,V3,True
11024,2,2,EI,R1,V3,True
11101,2,1,EI,R1,V3,False
11102,1,1,EI,R1,V3,True
11120,2,2,EI,R1,V3,True
11189,2,2,EI,R1,V3,True
11264,2,2,EI,R1,V3,True
11283,2,2,EI,R1,V3,True
11511,2,2,EI,R1,V3,True
11523,2,2,EI,R1,V3,True
11525,1,1,EI,R1,V3,True
11596,1,1,EI,R1,V3,True
11603,1,1,EI,R1,V3,True
11617,2,1,EI,R1,V3,False
11630,1,1,EI,R1,V3,True
11742,2,2,EI,R1,V3,True
11786,1,1,EI,R1,V3,True
11850,2,2,EI,R1,V3,True
11870,1,1,EI,R1,V3,True
11874,1,1,EI,R1,V3,True
11930,1,1,EI,R1,V3,True
11935,2,2,EI,R1,V3,True
11967,1,1,EI,R1,V3,True
12074,1,1,EI,R1,V3,True
12151,1,1,EI,R1,V3,True
12153,1,1,EI,R1,V3,True
12219,1,1,EI,R1,V3,True
12271,2,2,EI,R1,V3,True
12285,1,1,EI,R1,V3,True
12301,1,1,EI,R1,V3,True
12305,1,1,EI,R1,V3,True
12323,2,2,EI,R1,V3,True
12429,2,2,EI,R1,V3,True
12472,2,1,EI,R1,V3,False
12486,2,2,EI,R1,V3,True
12494,1,1,EI,R1,V3,True
12645,1,1,EI,R1,V3,True
12732,1,1,EI,R1,V3,True
12798,2,2,EI,R1,V3,True
12830,2,2,EI,R1,V3,True
12860,2,2,EI,R1,V3,True
12896,1,1,EI,R1,V3,True
12903,2,1,EI,R1,V3,False
12926,2,2,EI,R1,V3,True
12936,2,2,EI,R1,V3,True
12948,2,2,EI,R1,V3,True
12975,2,2,EI,R1,V3,True
12998,1,1,EI,R1,V3,True
13050,2,2,EI,R1,V3,True
13061,1,1,EI,R1,V3,True
13113,1,2,EI,R1,V3,False
13115,1,2,EI,R1,V3,False
13137,2,2,EI,R1,V3,True
13141,1,1,EI,R1,V3,True
13227,2,2,EI,R1,V3,True
13300,2,2,EI,R1,V3,True
13319,1,1,EI,R1,V3,True
13484,2,2,EI,R1,V3,True
13518,2,2,EI,R1,V3,True
13562,2,2,EI,R1,V3,True
13726,1,1,EI,R1,V3,True
13785,1,1,EI,R1,V3,True
13843,2,2,EI,R1,V3,True
13864,2,2,EI,R1,V3,True
13874,1,1,EI,R1,V3,True
13996,2,2,EI,R1,V3,True
14011,2,2,EI,R1,V3,True
14047,2,2,EI,R1,V3,True
14055,2,2,EI,R1,V3,True
14074,2,2,EI,R1,V3,True
14137,2,2,EI,R1,V3,True
14139,2,2,EI,R1,V3,True
14224,2,2,EI,R1,V3,True
14259,1,1,EI,R1,V3,True
14300,1,1,EI,R1,V3,True
14325,1,1,EI,R1,V3,True
14408,1,1,EI,R1,V3,True
14410,2,2,EI,R1,V3,True
14469,1,1,EI,R1,V3,True
14488,1,1,EI,R1,V3,True
14532,2,2,EI,R1,V3,True
14550,2,2,EI,R1,V3,True
14557,1,1,EI,R1,V3,True
14581,2,2,EI,R1,V3,True
14617,2,2,EI,R1,V3,True
14759,2,2,EI,R1,V3,True
14793,1,1,EI,R1,V3,True
14796,2,2,EI,R1,V3,True
14845,2,2,EI,R1,V3,True
14868,1,1,EI,R1,V3,True
14900,1,1,EI,R1,V3,True
14932,2,2,EI,R1,V3,True
14970,2,2,EI,R1,V3,True
14988,2,2,EI,R1,V3,True
15035,1,1,EI,R1,V3,True
15066,2,2,EI,R1,V3,True
15131,2,2,EI,R1,V3,True
15133,2,2,EI,R1,V3,True
15176,2,2,EI,R1,V3,True
15189,1,1,EI,R1,V3,True
15254,1,1,EI,R1,V3,True
15290,1,1,EI,R1,V3,True
15363,2,2,EI,R1,V3,True
15452,2,2,EI,R1,V3,True
15535,2,2,EI,R1,V3,True
15538,1,1,EI,R1,V3,True
15555,1,1,EI,R1,V3,True
15585,1,2,EI,R1,V3,False
15614,2,2,EI,R1,V3,True
15620,2,2,EI,R1,V3,True
15693,1,1,EI,R1,V3,True
15721,2,2,EI,R1,V3,True
15735,1,1,EI,R1,V3,True
15799,2,2,EI,R1,V3,True
15810,2,1,EI,R1,V3,False
15883,1,1,EI,R1,V3,True
15894,1,2,EI,R1,V3,False
15938,2,2,EI,R1,V3,True
16011,1,1,EI,R1,V3,True
16114,1,1,EI,R1,V3,True
16120,1,1,EI,R1,V3,True
16170,2,2,EI,R1,V3,True
16174,1,1,EI,R1,V3,True
16204,2,1,EI,R1,V3,False
16212,1,1,EI,R1,V3,True
16230,1,1,EI,R1,V3,True
16264,1,1,EI,R1,V3,True
16339,1,1,EI,R1,V3,True
16355,2,2,EI,R1,V3,True
16398,1,1,EI,R1,V3,True
16457,1,1,EI,R1,V3,True
16521,2,2,EI,R1,V3,True
16572,1,1,EI,R1,V3,True
16600,1,1,EI,R1,V3,True
16614,1,1,EI,R1,V3,True
16642,1,1,EI,R1,V3,True
16731,1,1,EI,R1,V3,True
16801,2,2,EI,R1,V3,True
16845,1,1,EI,R1,V3,True
16858,2,2,EI,R1,V3,True
16891,2,1,EI,R1,V3,False
16977,1,1,EI,R1,V3,True
17002,2,2,EI,R1,V3,True
17048,1,1,EI,R1,V3,True
17079,1,2,EI,R1,V3,False
17082,1,1,EI,R1,V3,True
17121,2,2,EI,R1,V3,True
17165,2,2,EI,R1,V3,True
17212,1,1,EI,R1,V3,True
17227,2,2,EI,R1,V3,True
17241,1,2,EI,R1,V3,False
17322,1,1,EI,R1,V3,True
17355,2,2,EI,R1,V3,True
17361,1,1,EI,R1,V3,True
17364,2,2,EI,R1,V3,True
17386,2,2,EI,R1,V3,True
17423,2,2,EI,R1,V3,True
17455,1,1,EI,R1,V3,True
17468,1,1,EI,R1,V3,True
17475,1,1,EI,R1,V3,True
17585,1,2,EI,R1,V3,False
17693,2,2,EI,R1,V3,True
17744,2,2,EI,R1,V3,True
17746,2,2,EI,R1,V3,True
17792,2,1,EI,R1,V3,False
17806,2,2,EI,R1,V3,True
17877,1,1,EI,R1,V3,True
17885,2,2,EI,R1,V3,True
17914,1,1,EI,R1,V3,True
17929,2,2,EI,R1,V3,True
17963,2,2,EI,R1,V3,True
18223,2,2,EI,R1,V3,True
18290,1,1,EI,R1,V3,True
18337,2,1,EI,R1,V3,False
18550,2,2,EI,R1,V3,True
18597,1,1,EI,R1,V3,True
18613,2,2,EI,R1,V3,True
18630,2,2,EI,R1,V3,True
18631,1,1,EI,R1,V3,True
18643,1,1,EI,R1,V3,True
18670,1,1,EI,R1,V3,True
18805,2,2,EI,R1,V3,True
18806,1,1,EI,R1,V3,True
18820,1,1,EI,R1,V3,True
18874,1,1,EI,R1,V3,True
18886,1,1,EI,R1,V3,True
18935,1,1,EI,R1,V3,True
18961,2,2,EI,R1,V3,True
18998,2,2,EI,R1,V3,True
19036,1,2,EI,R1,V3,False
19045,2,2,EI,R1,V3,True
19113,1,1,EI,R1,V3,True
19164,1,2,EI,R1,V3,False
19267,2,2,EI,R1,V3,True
19295,1,1,EI,R1,V3,True
19331,2,2,EI,R1,V3,True
19341,1,1,EI,R1,V3,True
19363,1,1,EI,R1,V3,True
19383,1,1,EI,R1,V3,True
19385,2,2,EI,R1,V3,True
19395,2,2,EI,R1,V3,True
19486,2,2,EI,R1,V3,True
19496,2,2,EI,R1,V3,True
19532,1,1,EI,R1,V3,True
19538,1,1,EI,R1,V3,True
19599,2,2,EI,R1,V3,True
19686,1,1,EI,R1,V3,True
19738,1,1,EI,R1,V3,True
19794,1,1,EI,R1,V3,True
19811,1,1,EI,R1,V3,True
19830,2,2,EI,R1,V3,True
19839,2,2,EI,R1,V3,True
19854,2,2,EI,R1,V3,True
19900,2,1,EI,R1,V3,False
19915,1,1,EI,R1,V3,True
19967,1,1,EI,R1,V3,True
19968,2,2,EI,R1,V3,True
20031,1,1,EI,R1,V3,True
20184,2,1,EI,R1,V3,False
20270,1,1,EI,R1,V3,True
20283,1,1,EI,R1,V3,True
20299,2,2,EI,R1,V3,True
20338,1,1,EI,R1,V3,True
20351,2,2,EI,R1,V3,True
20380,2,2,EI,R1,V3,True
20407,2,2,EI,R1,V3,True
20420,1,1,EI,R1,V3,True
20422,1,1,EI,R1,V3,True
20431,1,1,EI,R1,V3,True
20443,1,1,EI,R1,V3,True
20446,2,2,EI,R1,V3,True
20465,1,1,EI,R1,V3,True
20467,1,1,EI,R1,V3,True
20549,1,1,EI,R1,V3,True
20609,1,1,EI,R1,V3,True
20677,1,1,EI,R1,V3,True
20716,2,2,EI,R1,V3,True
20839,1,2,EI,R1,V3,False
20853,1,1,EI,R1,V3,True
20869,2,2,EI,R1,V3,True
20890,2,2,EI,R1,V3,True
20895,1,1,EI,R1,V3,True
20964,1,1,EI,R1,V3,True
20971,2,2,EI,R1,V3,True
21016,1,1,EI,R1,V3,True
21051,2,2,EI,R1,V3,True
21067,1,2,EI,R1,V3,False
21074,1,1,EI,R1,V3,True
21098,2,2,EI,R1,V3,True
21130,2,2,EI,R1,V3,True
21158,1,1,EI,R1,V3,True
21165,1,1,EI,R1,V3,True
21167,1,1,EI,R1,V3,True
21173,1,1,EI,R1,V3,True
21180,2,2,EI,R1,V3,True
21203,2,2,EI,R1,V3,True
21210,1,1,EI,R1,V3,True
21328,1,1,EI,R1,V3,True
21399,1,1,EI,R1,V3,True
21509,2,2,EI,R1,V3,True
21544,2,2,EI,R1,V3,True
21598,2,2,EI,R1,V3,True
21606,2,2,EI,R1,V3,True
21629,1,1,EI,R1,V3,True
21691,1,1,EI,R1,V3,True
21847,2,2,EI,R1,V3,True
21910,1,1,EI,R1,V3,True
21935,2,1,EI,R1,V3,False
21976,1,1,EI,R1,V3,True
21987,2,2,EI,R1,V3,True
22043,2,2,EI,R1,V3,True
22052,1,1,EI,R1,V3,True
22065,1,1,EI,R1,V3,True
22066,2,2,EI,R1,V3,True
22090,2,2,EI,R1,V3,True
22126,2,2,EI,R1,V3,True
22166,2,2,EI,R1,V3,True
22184,2,2,EI,R1,V3,True
22189,2,2,EI,R1,V3,True
22194,2,2,EI,R1,V3,True
22266,1,1,EI,R1,V3,True
22314,2,2,EI,R1,V3,True
22356,2,2,EI,R1,V3,True
22467,2,2,EI,R1,V3,True
22679,1,1,EI,R1,V3,True
22707,2,2,EI,R1,V3,True
22767,2,2,EI,R1,V3,True
22770,1,1,EI,R1,V3,True
22814,1,1,EI,R1,V3,True
22819,2,2,EI,R1,V3,True
22833,1,1,EI,R1,V3,True
22849,2,2,EI,R1,V3,True
22966,2,2,EI,R1,V3,True
23023,1,1,EI,R1,V3,True
23052,1,1,EI,R1,V3,True
23089,1,1,EI,R1,V3,True
23103,2,2,EI,R1,V3,True
23104,2,2,EI,R1,V3,True
23128,1,1,EI,R1,V3,True
23200,1,1,EI,R1,V3,True
23323,1,1,EI,R1,V3,True
23415,1,1,EI,R1,V3,True
23440,2,2,EI,R1,V3,True
23453,2,2,EI,R1,V3,True
23514,2,2,EI,R1,V3,True
23524,1,1,EI,R1,V3,True
23530,2,2,EI,R1,V3,True
23574,1,1,EI,R1,V3,True
23605,1,1,EI,R1,V3,True
23620,2,2,EI,R1,V3,True
23648,2,2,EI,R1,V3,True
23699,2,2,EI,R1,V3,True
23713,2,2,EI,R1,V3,True
23871,1,1,EI,R1,V3,True
23873,1,1,EI,R1,V3,True
23901,1,1,EI,R1,V3,True
24026,2,2,EI,R1,V3,True
24163,1,1,EI,R1,V3,True
24174,2,1,EI,R1,V3,False
24260,2,2,EI,R1,V3,True
24291,2,1,EI,R1,V3,False
24304,1,1,EI,R1,V3,True
24334,2,2,EI,R1,V3,True
24405,2,2,EI,R1,V3,True
24408,1,1,EI,R1,V3,True
24500,2,2,EI,R1,V3,True
24502,1,1,EI,R1,V3,True
24541,2,2,EI,R1,V3,True
24573,1,1,EI,R1,V3,True
24637,2,2,EI,R1,V3,True
24706,1,1,EI,R1,V3,True
24740,2,2,EI,R1,V3,True
24774,2,2,EI,R1,V3,True
24836,1,1,EI,R1,V3,True
24975,1,1,EI,R1,V3,True
24995,1,1,EI,R1,V3,True
25015,1,1,EI,R1,V3,True
25038,1,1,EI,R1,V3,True
25109,2,2,EI,R1,V3,True
25137,1,1,EI,R1,V3,True
25155,1,1,EI,R1,V3,True
25239,2,1,EI,R1,V3,False
25270,1,1,EI,R1,V3,True
25302,2,2,EI,R1,V3,True
25337,1,1,EI,R1,V3,True
25348,1,1,EI,R1,V3,True
25369,2,2,EI,R1,V3,True
25380,2,2,EI,R1,V3,True
25416,1,1,EI,R1,V3,True
25435,1,2,EI,R1,V3,False
25447,1,1,EI,R1,V3,True
25448,2,2,EI,R1,V3,True
25471,2,2,EI,R1,V3,True
25523,2,2,EI,R1,V3,True
25650,1,1,EI,R1,V3,True
25690,1,1,EI,R1,V3,True
25698,2,1,EI,R1,V3,False
25856,1,1,EI,R1,V3,True
25868,2,1,EI,R1,V3,False
25990,2,2,EI,R1,V3,True
26032,1,1,EI,R1,V3,True
26129,2,2,EI,R1,V3,True
26211,2,2,EI,R1,V3,True
26281,1,1,EI,R1,V3,True
26287,2,2,EI,R1,V3,True
26292,2,1,EI,R1,V3,False
26302,1,1,EI,R1,V3,True
26321,2,2,EI,R1,V3,True
26337,1,1,EI,R1,V3,True
26480,2,2,EI,R1,V3,True
26492,2,2,EI,R1,V3,True
26528,1,1,EI,R1,V3,True
26546,1,1,EI,R1,V3,True
26556,1,1,EI,R1,V3,True
26575,2,2,EI,R1,V3,True
26678,2,2,EI,R1,V3,True
26714,2,2,EI,R1,V3,True
26831,1,1,EI,R1,V3,True
26865,2,2,EI,R1,V3,True
26878,2,2,EI,R1,V3,True
27029,1,2,EI,R1,V3,False
27088,1,1,EI,R1,V3,True
27101,1,1,EI,R1,V3,True
27117,1,2,EI,R1,V3,False
27271,1,1,EI,R1,V3,True
27395,1,1,EI,R1,V3,True
27431,2,2,EI,R1,V3,True
27497,1,1,EI,R1,V3,True
27524,2,2,EI,R1,V3,True
27558,2,2,EI,R1,V3,True
27668,2,2,EI,R1,V3,True
27688,2,1,EI,R1,V3,False
27740,2,2,EI,R1,V3,True
27786,2,2,EI,R1,V3,True
27828,2,2,EI,R1,V3,True
27904,2,2,EI,R1,V3,True
27910,2,2,EI,R1,V3,True
27911,2,2,EI,R1,V3,True
28011,2,2,EI,R1,V3,True
28057,2,1,EI,R1,V3,False
28114,2,2,EI,R1,V3,True
28262,2,2,EI,R1,V3,True
28271,1,1,EI,R1,V3,True
28339,2,2,EI,R1,V3,True
28341,1,1,EI,R1,V3,True
28365,2,2,EI,R1,V3,True
28463,2,2,EI,R1,V3,True
28490,1,1,EI,R1,V3,True
28574,2,2,EI,R1,V3,True
28656,2,2,EI,R1,V3,True
28674,2,2,EI,R1,V3,True
28728,1,1,EI,R1,V3,True
28789,2,2,EI,R1,V3,True
28814,1,1,EI,R1,V3,True
28963,1,1,EI,R1,V3,True
29070,2,2,EI,R1,V3,True
29132,1,1,EI,R1,V3,True
29144,1,1,EI,R1,V3,True
29184,1,1,EI,R1,V3,True
29243,2,2,EI,R1,V3,True
29385,1,1,EI,R1,V3,True
29417,2,2,EI,R1,V3,True
29454,2,2,EI,R1,V3,True
29484,2,2,EI,R1,V3,True
29629,1,1,EI,R1,V3,True
29644,1,1,EI,R1,V3,True
29679,1,1,EI,R1,V3,True
29912,1,1,EI,R1,V3,True
29978,1,1,EI,R1,V3,True
30052,1,1,EI,R1,V3,True
30118,1,1,EI,R1,V3,True
30137,2,2,EI,R1,V3,True
30143,1,1,EI,R1,V3,True
30180,1,1,EI,R1,V3,True
30259,1,1,EI,R1,V3,True
30273,1,1,EI,R1,V3,True
30285,2,2,EI,R1,V3,True
30328,1,1,EI,R1,V3,True
30329,1,1,EI,R1,V3,True
30336,2,2,EI,R1,V3,True
30340,1,1,EI,R1,V3,True
30367,2,2,EI,R1,V3,True
30457,1,1,EI,R1,V3,True
30498,2,1,EI,R1,V3,False
30544,1,2,EI,R1,V3,False
30637,1,1,EI,R1,V3,True
30701,2,2,EI,R1,V3,True
30710,2,2,EI,R1,V3,True
30794,1,1,EI,R1,V3,True
30807,1,1,EI,R1,V3,True
30825,1,1,EI,R1,V3,True
30846,1,1,EI,R1,V3,True
30856,2,2,EI,R1,V3,True
30872,2,2,EI,R1,V3,True
30880,1,1,EI,R1,V3,True
30899,1,1,EI,R1,V3,True
30922,2,2,EI,R1,V3,True
30936,2,2,EI,R1,V3,True
31060,1,1,EI,R1,V3,True
31081,2,2,EI,R1,V3,True
31089,1,1,EI,R1,V3,True
31128,1,2,EI,R1,V3,False
31138,1,1,EI,R1,V3,True
31148,1,1,EI,R1,V3,True
31247,1,1,EI,R1,V3,True
31350,2,2,EI,R1,V3,True
31386,2,2,EI,R1,V3,True
31470,2,2,EI,R1,V3,True
31483,2,2,EI,R1,V3,True
31568,1,1,EI,R1,V3,True
31597,1,1,EI,R1,V3,True
31622,1,1,EI,R1,V3,True
31628,1,1,EI,R1,V3,True
31634,1,1,EI,R1,V3,True
31665,1,1,EI,R1,V3,True
31720,1,1,EI,R1,V3,True
31728,1,1,EI,R1,V3,True
31754,2,2,EI,R1,V3,True
31907,2,2,EI,R1,V3,True
32003,2,2,EI,R1,V3,True
32090,1,1,EI,R1,V3,True
32112,2,2,EI,R1,V3,True
32116,2,2,EI,R1,V3,True
32131,2,2,EI,R1,V3,True
32167,1,1,EI,R1,V3,True
32263,2,2,EI,R1,V3,True
32265,1,1,EI,R1,V3,True
32323,2,2,EI,R1,V3,True
32372,1,1,EI,R1,V3,True
32463,2,2,EI,R1,V3,True
32489,2,1,EI,R1,V3,False
32518,1,1,EI,R1,V3,True
32558,2,1,EI,R1,V3,False
32572,2,2,EI,R1,V3,True
32679,1,1,EI,R1,V3,True
32722,2,2,EI,R1,V3,True
32747,1,1,EI,R1,V3,True
32753,2,2,EI,R1,V3,True
32785,1,1,EI,R1,V3,True
32872,2,2,EI,R1,V3,True
32913,1,1,EI,R1,V3,True
32963,1,1,EI,R1,V3,True
32972,2,2,EI,R1,V3,True
33026,2,2,EI,R1,V3,True
33067,2,2,EI,R1,V3,True
33126,2,2,EI,R1,V3,True
33154,1,1,EI,R1,V3,True
33262,2,2,EI,R1,V3,True
33291,1,1,EI,R1,V3,True
33345,1,1,EI,R1,V3,True
33390,1,1,EI,R1,V3,True
33433,1,1,EI,R1,V3,True
33470,1,1,EI,R1,V3,True
33504,1,1,EI,R1,V3,True
33532,2,2,EI,R1,V3,True
33649,1,1,EI,R1,V3,True
33741,1,1,EI,R1,V3,True
33743,2,2,EI,R1,V3,True
33765,2,2,EI,R1,V3,True
33806,1,1,EI,R1,V3,True
33808,2,2,EI,R1,V3,True
33856,1,1,EI,R1,V3,True
33859,2,2,EI,R1,V3,True
33890,2,2,EI,R1,V3,True
33936,2,1,EI,R1,V3,False
33961,1,1,EI,R1,V3,True
33962,2,2,EI,R1,V3,True
33986,1,1,EI,R1,V3,True
34125,2,2,EI,R1,V3,True
34143,2,2,EI,R1,V3,True
34148,1,1,EI,R1,V3,True
34171,1,1,EI,R1,V3,True
34215,2,2,EI,R1,V3,True
34276,1,1,EI,R1,V3,True
34332,1,1,EI,R1,V3,True
34354,1,1,EI,R1,V3,True
34404,2,2,EI,R1,V3,True
34414,2,2,EI,R1,V3,True
34460,2,2,EI,R1,V3,True
34573,1,1,EI,R1,V3,True
34667,2,2,EI,R1,V3,True
34714,2,2,EI,R1,V3,True
34915,1,1,EI,R1,V3,True
34918,2,2,EI,R1,V3,True
34930,1,1,EI,R1,V3,True
34944,2,1,EI,R1,V3,False
34983,2,2,EI,R1,V3,True
35058,2,2,EI,R1,V3,True
35064,2,2,EI,R1,V3,True
35127,2,2,EI,R1,V3,True
35156,2,2,EI,R1,V3,True
35174,1,1,EI,R1,V3,True
35201,2,2,EI,R1,V3,True
35204,2,2,EI,R1,V3,True
35282,2,2,EI,R1,V3,True
35287,1,1,EI,R1,V3,True
35429,2,2,EI,R1,V3,True
35467,2,2,EI,R1,V3,True
35542,2,2,EI,R1,V3,True
35564,2,2,EI,R1,V3,True
35592,1,1,EI,R1,V3,True
35643,2,2,EI,R1,V3,True
35715,2,2,EI,R1,V3,True
35732,2,2,EI,R1,V3,True
35738,2,2,EI,R1,V3,True
35743,1,2,EI,R1,V3,False
35880,2,2,EI,R1,V3,True
35907,1,1,EI,R1,V3,True
35918,2,1,EI,R1,V3,False
35939,2,2,EI,R1,V3,True
35991,2,2,EI,R1,V3,True
36100,2,2,EI,R1,V3,True
36117,1,1,EI,R1,V3,True
36186,2,2,EI,R1,V3,True
36190,1,1,EI,R1,V3,True
36199,2,2,EI,R1,V3,True
36209,1,1,EI,R1,V3,True
36223,2,2,EI,R1,V3,True
36247,1,1,EI,R1,V3,True
36341,1,2,EI,R1,V3,False
36419,2,2,EI,R1,V3,True
36434,2,2,EI,R1,V3,True
36449,1,1,EI,R1,V3,True
36482,2,2,EI,R1,V3,True
36557,2,2,EI,R1,V3,True
36689,1,1,EI,R1,V3,True
36734,1,1,EI,R1,V3,True
36743,1,1,EI,R1,V3,True
36767,2,2,EI,R1,V3,True
36785,1,1,EI,R1,V3,True
36812,2,2,EI,R1,V3,True
36819,2,2,EI,R1,V3,True
36849,2,2,EI,R1,V3,True
36960,1,1,EI,R1,V3,True
36974,2,2,EI,R1,V3,True
37006,2,2,EI,R1,V3,True
37016,2,2,EI,R1,V3,True
37020,1,1,EI,R1,V3,True
37082,2,2,EI,R1,V3,True
37102,1,2,EI,R1,V3,False
37124,2,2,EI,R1,V3,True
37245,1,1,EI,R1,V3,True
37249,2,2,EI,R1,V3,True
37258,2,1,EI,R1,V3,False
37327,1,1,EI,R1,V3,True
37367,2,2,EI,R1,V3,True
37404,1,2,EI,R1,V3,False
37432,2,2,EI,R1,V3,True
37490,1,1,EI,R1,V3,True
37537,2,2,EI,R1,V3,True
37542,1,1,EI,R1,V3,True
37569,2,2,EI,R1,V3,True
37608,1,1,EI,R1,V3,True
37617,2,2,EI,R1,V3,True
37723,2,2,EI,R1,V3,True
37741,2,2,EI,R1,V3,True
37743,2,2,EI,R1,V3,True
37842,1,1,EI,R1,V3,True
37909,1,1,EI,R1,V3,True
37955,1,1,EI,R1,V3,True
38026,2,2,EI,R1,V3,True
38068,2,2,EI,R1,V3,True
38078,2,2,EI,R1,V3,True
38093,1,2,EI,R1,V3,False
38144,1,1,EI,R1,V3,True
38166,1,1,EI,R1,V3,True
38168,1,1,EI,R1,V3,True
38191,2,1,EI,R1,V3,False
38245,1,1,EI,R1,V3,True
38267,1,1,EI,R1,V3,True
38352,1,1,EI,R1,V3,True
38363,2,2,EI,R1,V3,True
38390,1,1,EI,R1,V3,True
38395,1,1,EI,R1,V3,True
38425,2,2,EI,R1,V3,True
38485,1,1,EI,R1,V3,True
38530,1,1,EI,R1,V3,True
38533,2,2,EI,R1,V3,True
38554,2,2,EI,R1,V3,True
38562,2,2,EI,R1,V3,True
38593,2,2,EI,R1,V3,True
38627,2,2,EI,R1,V3,True
38630,1,1,EI,R1,V3,True
38773,1,1,EI,R1,V3,True
38802,2,2,EI,R1,V3,True
38809,1,2,EI,R1,V3,False
38811,2,2,EI,R1,V3,True
38829,1,1,EI,R1,V3,True
38858,2,1,EI,R1,V3,False
38920,2,2,EI,R1,V3,True
38928,2,2,EI,R1,V3,True
38947,1,1,EI,R1,V3,True
39152,2,1,EI,R1,V3,False
39321,1,1,EI,R1,V3,True
39356,2,2,EI,R1,V3,True
39388,2,2,EI,R1,V3,True
39457,1,1,EI,R1,V3,True
39466,1,1,EI,R1,V3,True
39532,2,2,EI,R1,V3,True
39553,2,2,EI,R1,V3,True
39557,1,1,EI,R1,V3,True
39630,1,1,EI,R1,V3,True
39804,1,1,EI,R1,V3,True
39833,2,1,EI,R1,V3,False
39842,1,1,EI,R1,V3,True
39855,1,1,EI,R1,V3,True
39864,2,2,EI,R1,V3,True
40068,1,1,EI,R1,V3,True
40145,1,2,EI,R1,V3,False
40164,1,1,EI,R1,V3,True
40296,2,2,EI,R1,V3,True
40352,1,1,EI,R1,V3,True
40497,2,2,EI,R1,V3,True
40535,1,1,EI,R1,V3,True
40542,2,2,EI,R1,V3,True
40622,2,2,EI,R1,V3,True
40653,2,2,EI,R1,V3,True
40762,1,1,EI,R1,V3,True
40853,1,1,EI,R1,V3,True
40857,1,1,EI,R1,V3,True
40923,2,2,EI,R1,V3,True
40969,1,1,EI,R1,V3,True
41001,2,2,EI,R1,V3,True
41077,1,2,EI,R1,V3,False
41150,2,2,EI,R1,V3,True
41152,2,2,EI,R1,V3,True
41237,1,1,EI,R1,V3,True
41273,1,1,EI,R1,V3,True
41360,1,2,EI,R1,V3,False
41368,1,1,EI,R1,V3,True
41416,2,2,EI,R1,V3,True
41457,2,2,EI,R1,V3,True
41472,1,1,EI,R1,V3,True
41581,2,2,EI,R1,V3,True
41590,2,2,EI,R1,V3,True
41607,1,2,EI,R1,V3,False
41636,1,1,EI,R1,V3,True
41704,1,1,EI,R1,V3,True
41829,1,1,EI,R1,V3,True
41836,1,1,EI,R1,V3,True
41906,1,2,EI,R1,V3,False
41973,2,2,EI,R1,V3,True
42006,2,2,EI,R1,V3,True
42040,1,1,EI,R1,V3,True
42067,1,1,EI,R1,V3,True
42112,2,2,EI,R1,V3,True
42166,2,2,EI,R1,V3,True
42174,1,2,EI,R1,V3,False
42185,2,2,EI,R1,V3,True
42228,2,2,EI,R1,V3,True
42330,1,1,EI,R1,V3,True
42391,2,2,EI,R1,V3,True
42428,1,1,EI,R1,V3,True
42468,2,2,EI,R1,V3,True
42520,1,1,EI,R1,V3,True
42521,1,1,EI,R1,V3,True
42568,2,2,EI,R1,V3,True
42572,2,2,EI,R1,V3,True
42585,1,1,EI,R1,V3,True
42609,2,2,EI,R1,V3,True
42690,2,2,EI,R1,V3,True
42714,2,2,EI,R1,V3,True
42742,1,2,EI,R1,V3,False
42860,2,2,EI,R1,V3,True
42922,2,2,EI,R1,V3,True
43042,1,1,EI,R1,V3,True
43070,2,2,EI,R1,V3,True
43164,2,2,EI,R1,V3,True
43191,1,1,EI,R1,V3,True
43285,1,1,EI,R1,V3,True
43295,2,2,EI,R1,V3,True
43350,2,2,EI,R1,V3,True
43526,2,2,EI,R1,V3,True
43621,2,2,EI,R1,V3,True
43668,2,2,EI,R1,V3,True
43800,2,1,EI,R1,V3,False
43811,1,1,EI,R1,V3,True
44063,2,2,EI,R1,V3,True
44064,2,2,EI,R1,V3,True
44147,1,1,EI,R1,V3,True
44167,2,2,EI,R1,V3,True
44178,2,2,EI,R1,V3,True
44313,1,2,EI,R1,V3,False
44400,2,2,EI,R1,V3,True
44415,2,2,EI,R1,V3,True
44430,2,2,EI,R1,V3,True
44444,1,2,EI,R1,V3,False
44458,2,2,EI,R1,V3,True
44475,1,1,EI,R1,V3,True
44479,2,2,EI,R1,V3,True
44628,1,1,EI,R1,V3,True
44682,1,1,EI,R1,V3,True
44833,2,2,EI,R1,V3,True
44841,2,2,EI,R1,V3,True
44887,2,2,EI,R1,V3,True
44967,1,1,EI,R1,V3,True
45012,2,2,EI,R1,V3,True
45024,1,1,EI,R1,V3,True
45075,2,2,EI,R1,V3,True
45117,2,2,EI,R1,V3,True
45175,2,2,EI,R1,V3,True
45184,1,1,EI,R1,V3,True
45190,2,2,EI,R1,V3,True
45199,1,2,EI,R1,V3,False
45289,2,1,EI,R1,V3,False
45314,1,1,EI,R1,V3,True
45337,1,1,EI,R1,V3,True
45340,2,2,EI,R1,V3,True
45390,2,2,EI,R1,V3,True
45424,1,1,EI,R1,V3,True
45470,2,2,EI,R1,V3,True
45492,1,1,EI,R1,V3,True
45529,2,2,EI,R1,V3,True
45544,2,2,EI,R1,V3,True
45784,1,1,EI,R1,V3,True
45800,2,2,EI,R1,V3,True
45811,2,2,EI,R1,V3,True
45837,1,1,EI,R1,V3,True
45857,2,2,EI,R1,V3,True
45893,2,2,EI,R1,V3,True
45938,1,2,EI,R1,V3,False
45983,1,1,EI,R1,V3,True
45985,1,1,EI,R1,V3,True
46147,1,1,EI,R1,V3,True
46160,1,1,EI,R1,V3,True
46218,2,2,EI,R1,V3,True
46371,1,1,EI,R1,V3,True
46372,2,2,EI,R1,V3,True
46569,2,2,EI,R1,V3,True
46595,2,2,EI,R1,V3,True
46674,1,1,EI,R1,V3,True
46707,1,1,EI,R1,V3,True
46710,2,2,EI,R1,V3,True
46751,2,2,EI,R1,V3,True
46756,1,1,EI,R1,V3,True
46810,2,1,EI,R1,V3,False
46859,2,2,EI,R1,V3,True
46880,1,1,EI,R1,V3,True
46894,2,2,EI,R1,V3,True
46969,2,2,EI,R1,V3,True
47060,2,2,EI,R1,V3,True
47065,1,1,EI,R1,V3,True
47097,1,1,EI,R1,V3,True
47169,2,2,EI,R1,V3,True
47216,2,2,EI,R1,V3,True
47246,2,2,EI,R1,V3,True
47249,2,2,EI,R1,V3,True
47362,1,1,EI,R1,V3,True
47371,1,1,EI,R1,V3,True
47603,1,1,EI,R1,V3,True
47619,2,2,EI,R1,V3,True
47632,1,1,EI,R1,V3,True
47865,2,2,EI,R1,V3,True
47886,1,1,EI,R1,V3,True
48182,1,1,EI,R1,V3,True
48217,2,1,EI,R1,V3,False
48246,1,1,EI,R1,V3,True
48295,2,2,EI,R1,V3,True
48329,1,1,EI,R1,V3,True
48352,1,2,EI,R1,V3,False
48359,2,2,EI,R1,V3,True
48441,1,2,EI,R1,V3,False
48449,2,2,EI,R1,V3,True
48506,2,2,EI,R1,V3,True
48538,2,2,EI,R1,V3,True
48541,1,1,EI,R1,V3,True
48562,2,2,EI,R1,V3,True
48563,2,2,EI,R1,V3,True
48566,1,1,EI,R1,V3,True
48587,1,1,EI,R1,V3,True
48607,1,2,EI,R1,V3,False
48618,1,1,EI,R1,V3,True
48722,2,2,EI,R1,V3,True
48728,1,1,EI,R1,V3,True
48859,2,2,EI,R1,V3,True
48898,1,1,EI,R1,V3,True
48976,2,2,EI,R1,V3,True
49004,1,1,EI,R1,V3,True
49029,1,1,EI,R1,V3,True
49047,1,1,EI,R1,V3,True
49052,1,1,EI,R1,V3,True
49095,1,1,EI,R1,V3,True
49132,1,2,EI,R1,V3,False
49146,1,1,EI,R1,V3,True
49168,2,2,EI,R1,V3,True
49182,1,2,EI,R1,V3,False
49189,1,1,EI,R1,V3,True
49213,1,1,EI,R1,V3,True
49228,1,1,EI,R1,V3,True
49242,2,2,EI,R1,V3,True
49400,2,2,EI,R1,V3,True
49460,1,1,EI,R1,V3,True
49550,2,2,EI,R1,V3,True
49700,2,1,EI,R1,V3,False
49737,1,1,EI,R1,V3,True
49804,1,1,EI,R1,V3,True
49855,2,2,EI,R1,V3,True
49943,2,2,EI,R1,V3,True
49950,2,2,EI,R1,V3,True
49959,1,2,EI,R1,V3,False
49971,1,1,EI,R1,V3,True
107,2,2,EA,CN,CT,True
176,1,1,EA,CN,CT,True
257,1,1,EA,CN,CT,True
284,2,2,EA,CN,CT,True
287,1,1,EA,CN,CT,True
310,2,2,EA,CN,CT,True
337,2,2,EA,CN,CT,True
379,2,2,EA,CN,CT,True
393,2,2,EA,CN,CT,True
405,2,2,EA,CN,CT,True
423,1,1,EA,CN,CT,True
450,2,2,EA,CN,CT,True
504,2,2,EA,CN,CT,True
525,2,2,EA,CN,CT,True
545,1,1,EA,CN,CT,True
715,2,2,EA,CN,CT,True
722,1,1,EA,CN,CT,True
793,2,2,EA,CN,CT,True
804,2,2,EA,CN,CT,True
813,2,2,EA,CN,CT,True
856,2,2,EA,CN,CT,True
893,2,2,EA,CN,CT,True
922,1,1,EA,CN,CT,True
1029,2,2,EA,CN,CT,True
1057,1,1,EA,CN,CT,True
1106,1,1,EA,CN,CT,True
1200,2,2,EA,CN,CT,True
1227,2,2,EA,CN,CT,True
1261,2,2,EA,CN,CT,True
1290,1,1,EA,CN,CT,True
1347,1,1,EA,CN,CT,True
1352,2,2,EA,CN,CT,True
1363,2,2,EA,CN,CT,True
1421,1,1,EA,CN,CT,True
1434,2,2,EA,CN,CT,True
1481,1,1,EA,CN,CT,True
1545,2,1,EA,CN,CT,False
1552,1,1,EA,CN,CT,True
1573,1,1,EA,CN,CT,True
1656,2,2,EA,CN,CT,True
1687,1,1,EA,CN,CT,True
1707,2,2,EA,CN,CT,True
1733,2,2,EA,CN,CT,True
1735,2,2,EA,CN,CT,True
1755,2,2,EA,CN,CT,True
1808,2,2,EA,CN,CT,True
1814,2,2,EA,CN,CT,True
1819,2,2,EA,CN,CT,True
1822,1,1,EA,CN,CT,True
1823,1,1,EA,CN,CT,True
2004,2,2,EA,CN,CT,True
2039,2,2,EA,CN,CT,True
2055,1,1,EA,CN,CT,True
2068,2,2,EA,CN,CT,True
2155,2,2,EA,CN,CT,True
2221,2,2,EA,CN,CT,True
2288,2,2,EA,CN,CT,True
2375,2,2,EA,CN,CT,True
2408,1,1,EA,CN,CT,True
2426,2,2,EA,CN,CT,True
2584,2,2,EA,CN,CT,True
2585,1,1,EA,CN,CT,True
2599,1,2,EA,CN,CT,False
2600,1,1,EA,CN,CT,True
2732,2,2,EA,CN,CT,True
2844,1,1,EA,CN,CT,True
2891,2,2,EA,CN,CT,True
2932,2,2,EA,CN,CT,True
2983,1,1,EA,CN,CT,True
3056,1,1,EA,CN,CT,True
3102,1,1,EA,CN,CT,True
3191,1,1,EA,CN,CT,True
3297,1,1,EA,CN,CT,True
3363,1,1,EA,CN,CT,True
3367,2,2,EA,CN,CT,True
3385,1,1,EA,CN,CT,True
3400,1,2,EA,CN,CT,False
3418,1,1,EA,CN,CT,True
3429,2,2,EA,CN,CT,True
3440,1,1,EA,CN,CT,True
3512,2,2,EA,CN,CT,True
3524,1,1,EA,CN,CT,True
3567,1,1,EA,CN,CT,True
3631,2,2,EA,CN,CT,True
3824,1,1,EA,CN,CT,True
3839,1,1,EA,CN,CT,True
3867,1,1,EA,CN,CT,True
3868,1,2,EA,CN,CT,False
3954,1,2,EA,CN,CT,False
3971,2,2,EA,CN,CT,True
3979,2,2,EA,CN,CT,True
4017,1,1,EA,CN,CT,True
4066,2,2,EA,CN,CT,True
4087,2,2,EA,CN,CT,True
4153,2,2,EA,CN,CT,True
4187,1,1,EA,CN,CT,True
4207,1,1,EA,CN,CT,True
4211,1,1,EA,CN,CT,True
4303,1,1,EA,CN,CT,True
4314,1,1,EA,CN,CT,True
4348,2,2,EA,CN,CT,True
4447,1,1,EA,CN,CT,True
4462,1,1,EA,CN,CT,True
4591,1,1,EA,CN,CT,True
4624,2,2,EA,CN,CT,True
4651,2,2,EA,CN,CT,True
4652,1,1,EA,CN,CT,True
4663,1,1,EA,CN,CT,True
4706,2,2,EA,CN,CT,True
4716,1,1,EA,CN,CT,True
4744,2,2,EA,CN,CT,True
4767,1,1,EA,CN,CT,True
4795,1,1,EA,CN,CT,True
4797,2,1,EA,CN,CT,False
4812,2,2,EA,CN,CT,True
4829,2,2,EA,CN,CT,True
4851,2,2,EA,CN,CT,True
4871,1,1,EA,CN,CT,True
4927,2,2,EA,CN,CT,True
5009,1,1,EA,CN,CT,True
5024,1,1,EA,CN,CT,True
5070,1,1,EA,CN,CT,True
5086,2,2,EA,CN,CT,True
5105,2,2,EA,CN,CT,True
5119,1,1,EA,CN,CT,True
5120,2,2,EA,CN,CT,True
5159,1,1,EA,CN,CT,True
5406,1,1,EA,CN,CT,True
5424,2,2,EA,CN,CT,True
5499,1,1,EA,CN,CT,True
5570,1,1,EA,CN,CT,True
5586,1,2,EA,CN,CT,False
5619,2,2,EA,CN,CT,True
5651,1,1,EA,CN,CT,True
5797,2,2,EA,CN,CT,True
5824,2,2,EA,CN,CT,True
5829,1,1,EA,CN,CT,True
5906,2,2,EA,CN,CT,True
5913,2,2,EA,CN,CT,True
5938,2,2,EA,CN,CT,True
5957,2,2,EA,CN,CT,True
5998,2,2,EA,CN,CT,True
6010,2,2,EA,CN,CT,True
6059,2,2,EA,CN,CT,True
6111,1,1,EA,CN,CT,True
6137,1,1,EA,CN,CT,True
6156,1,1,EA,CN,CT,True
6252,1,1,EA,CN,CT,True
6253,2,2,EA,CN,CT,True
6255,2,2,EA,CN,CT,True
6295,1,1,EA,CN,CT,True
6347,1,1,EA,CN,CT,True
6374,1,1,EA,CN,CT,True
6452,1,1,EA,CN,CT,True
6465,1,1,EA,CN,CT,True
6484,2,2,EA,CN,CT,True
6488,1,1,EA,CN,CT,True
6527,1,1,EA,CN,CT,True
6595,1,1,EA,CN,CT,True
6631,1,1,EA,CN,CT,True
6715,2,2,EA,CN,CT,True
6728,1,1,EA,CN,CT,True
6756,2,2,EA,CN,CT,True
6812,1,1,EA,CN,CT,True
6824,1,1,EA,CN,CT,True
6842,1,1,EA,CN,CT,True
6867,1,1,EA,CN,CT,True
6868,2,2,EA,CN,CT,True
6899,2,2,EA,CN,CT,True
6977,2,2,EA,CN,CT,True
6991,1,1,EA,CN,CT,True
7001,2,2,EA,CN,CT,True
7004,1,1,EA,CN,CT,True
7070,2,2,EA,CN,CT,True
7096,1,1,EA,CN,CT,True
7099,1,1,EA,CN,CT,True
7194,2,2,EA,CN,CT,True
7220,2,2,EA,CN,CT,True
7313,2,2,EA,CN,CT,True
7387,1,1,EA,CN,CT,True
7407,1,1,EA,CN,CT,True
7430,2,2,EA,CN,CT,True
7439,1,1,EA,CN,CT,True
7451,1,2,EA,CN,CT,False
7498,2,2,EA,CN,CT,True
7550,1,1,EA,CN,CT,True
7553,2,2,EA,CN,CT,True
7555,1,1,EA,CN,CT,True
7581,2,2,EA,CN,CT,True
7599,2,2,EA,CN,CT,True
7631,1,1,EA,CN,CT,True
7654,1,1,EA,CN,CT,True
7687,1,1,EA,CN,CT,True
7723,1,1,EA,CN,CT,True
7756,2,1,EA,CN,CT,False
7887,1,1,EA,CN,CT,True
7894,1,1,EA,CN,CT,True
7966,1,1,EA,CN,CT,True
7972,1,1,EA,CN,CT,True
7992,1,1,EA,CN,CT,True
8015,2,2,EA,CN,CT,True
8139,1,1,EA,CN,CT,True
8217,1,1,EA,CN,CT,True
8268,1,1,EA,CN,CT,True
8339,1,1,EA,CN,CT,True
8366,2,2,EA,CN,CT,True
8444,1,1,EA,CN,CT,True
8477,1,1,EA,CN,CT,True
8580,2,2,EA,CN,CT,True
8614,1,1,EA,CN,CT,True
8630,2,2,EA,CN,CT,True
8637,1,1,EA,CN,CT,True
8672,1,1,EA,CN,CT,True
8800,1,1,EA,CN,CT,True
8816,2,2,EA,CN,CT,True
8902,2,2,EA,CN,CT,True
8923,2,2,EA,CN,CT,True
8948,1,1,EA,CN,CT,True
8993,1,1,EA,CN,CT,True
9004,1,1,EA,CN,CT,True
9089,2,2,EA,CN,CT,True
9120,1,1,EA,CN,CT,True
9134,2,2,EA,CN,CT,True
9246,2,2,EA,CN,CT,True
9268,1,1,EA,CN,CT,True
9324,1,2,EA,CN,CT,False
9325,1,1,EA,CN,CT,True
9349,2,2,EA,CN,CT,True
9357,2,2,EA,CN,CT,True
9417,1,1,EA,CN,CT,True
9459,1,1,EA,CN,CT,True
9465,1,1,EA,CN,CT,True
9469,2,2,EA,CN,CT,True
9473,1,2,EA,CN,CT,False
9595,1,1,EA,CN,CT,True
9632,2,2,EA,CN,CT,True
9635,2,2,EA,CN,CT,True
9677,2,2,EA,CN,CT,True
9715,1,1,EA,CN,CT,True
9774,2,2,EA,CN,CT,True
9796,1,1,EA,CN,CT,True
9892,2,2,EA,CN,CT,True
9899,1,1,EA,CN,CT,True
9934,1,1,EA,CN,CT,True
9987,1,1,EA,CN,CT,True
10022,1,1,EA,CN,CT,True
10156,1,1,EA,CN,CT,True
10163,1,1,EA,CN,CT,True
10174,1,1,EA,CN,CT,True
10187,2,2,EA,CN,CT,True
10210,1,1,EA,CN,CT,True
10301,2,1,EA,CN,CT,False
10328,1,1,EA,CN,CT,True
10330,2,2,EA,CN,CT,True
10361,1,1,EA,CN,CT,True
10375,1,1,EA,CN,CT,True
10400,1,1,EA,CN,CT,True
10423,2,2,EA,CN,CT,True
10434,1,1,EA,CN,CT,True
10450,2,2,EA,CN,CT,True
10566,2,2,EA,CN,CT,True
10600,1,1,EA,CN,CT,True
10610,2,2,EA,CN,CT,True
10626,2,2,EA,CN,CT,True
10634,2,2,EA,CN,CT,True
10713,2,1,EA,CN,CT,False
10771,2,2,EA,CN,CT,True
10803,2,2,EA,CN,CT,True
10910,2,2,EA,CN,CT,True
10954,2,2,EA,CN,CT,True
10978,1,1,EA,CN,CT,True
11024,2,2,EA,CN,CT,True
11102,1,1,EA,CN,CT,True
11112,2,2,EA,CN,CT,True
11120,2,2,EA,CN,CT,True
11132,1,1,EA,CN,CT,True
11189,2,2,EA,CN,CT,True
11241,1,1,EA,CN,CT,True
11264,2,2,EA,CN,CT,True
11283,1,2,EA,CN,CT,False
11511,2,2,EA,CN,CT,True
11514,1,1,EA,CN,CT,True
11523,2,2,EA,CN,CT,True
11525,1,1,EA,CN,CT,True
11553,1,1,EA,CN,CT,True
11596,1,1,EA,CN,CT,True
11603,1,1,EA,CN,CT,True
11617,2,2,EA,CN,CT,True
11630,1,1,EA,CN,CT,True
11647,1,1,EA,CN,CT,True
11742,2,2,EA,CN,CT,True
11786,1,1,EA,CN,CT,True
11850,2,2,EA,CN,CT,True
11870,1,1,EA,CN,CT,True
11874,1,1,EA,CN,CT,True
11930,1,1,EA,CN,CT,True
11935,2,2,EA,CN,CT,True
11967,1,1,EA,CN,CT,True
12012,2,2,EA,CN,CT,True
12074,1,1,EA,CN,CT,True
12143,2,2,EA,CN,CT,True
12151,1,1,EA,CN,CT,True
12153,1,1,EA,CN,CT,True
12219,1,1,EA,CN,CT,True
12271,2,2,EA,CN,CT,True
12285,1,1,EA,CN,CT,True
12305,1,1,EA,CN,CT,True
12323,1,1,EA,CN,CT,True
12429,2,2,EA,CN,CT,True
12472,2,2,EA,CN,CT,True
12494,1,1,EA,CN,CT,True
12627,2,2,EA,CN,CT,True
12645,1,1,EA,CN,CT,True
12732,1,1,EA,CN,CT,True
12798,2,2,EA,CN,CT,True
12830,2,2,EA,CN,CT,True
12860,2,2,EA,CN,CT,True
12896,1,1,EA,CN,CT,True
12903,2,2,EA,CN,CT,True
12926,2,2,EA,CN,CT,True
12936,2,2,EA,CN,CT,True
12948,2,2,EA,CN,CT,True
12975,2,2,EA,CN,CT,True
13035,1,1,EA,CN,CT,True
13050,2,2,EA,CN,CT,True
13061,2,2,EA,CN,CT,True
13113,2,2,EA,CN,CT,True
13115,1,1,EA,CN,CT,True
13137,2,2,EA,CN,CT,True
13141,1,1,EA,CN,CT,True
13200,1,1,EA,CN,CT,True
13227,2,2,EA,CN,CT,True
13319,1,1,EA,CN,CT,True
13334,1,1,EA,CN,CT,True
13384,1,1,EA,CN,CT,True
13400,1,1,EA,CN,CT,True
13447,2,2,EA,CN,CT,True
13469,2,2,EA,CN,CT,True
13484,2,2,EA,CN,CT,True
13518,2,2,EA,CN,CT,True
13562,2,2,EA,CN,CT,True
13726,2,2,EA,CN,CT,True
13785,1,1,EA,CN,CT,True
13843,2,2,EA,CN,CT,True
13864,2,2,EA,CN,CT,True
13874,1,1,EA,CN,CT,True
13920,1,1,EA,CN,CT,True
13996,1,1,EA,CN,CT,True
14011,2,2,EA,CN,CT,True
14055,2,2,EA,CN,CT,True
14074,2,2,EA,CN,CT,True
14137,2,2,EA,CN,CT,True
14139,2,2,EA,CN,CT,True
14259,1,1,EA,CN,CT,True
14300,1,1,EA,CN,CT,True
14325,1,1,EA,CN,CT,True
14408,1,1,EA,CN,CT,True
14410,1,1,EA,CN,CT,True
14469,1,1,EA,CN,CT,True
14488,1,1,EA,CN,CT,True
14532,2,2,EA,CN,CT,True
14550,2,2,EA,CN,CT,True
14557,1,1,EA,CN,CT,True
14581,1,2,EA,CN,CT,False
14617,2,2,EA,CN,CT,True
14707,1,1,EA,CN,CT,True
14759,2,2,EA,CN,CT,True
14793,1,1,EA,CN,CT,True
14796,2,2,EA,CN,CT,True
14818,1,1,EA,CN,CT,True
14845,2,2,EA,CN,CT,True
14858,2,2,EA,CN,CT,True
14868,1,1,EA,CN,CT,True
14900,1,1,EA,CN,CT,True
14932,2,2,EA,CN,CT,True
14970,2,2,EA,CN,CT,True
14988,2,2,EA,CN,CT,True
15035,1,1,EA,CN,CT,True
15066,2,2,EA,CN,CT,True
15131,1,1,EA,CN,CT,True
15133,2,2,EA,CN,CT,True
15176,2,2,EA,CN,CT,True
15189,1,1,EA,CN,CT,True
15254,1,1,EA,CN,CT,True
15290,1,1,EA,CN,CT,True
15363,2,2,EA,CN,CT,True
15452,1,2,EA,CN,CT,False
15473,2,2,EA,CN,CT,True
15535,2,2,EA,CN,CT,True
15538,1,1,EA,CN,CT,True
15555,2,2,EA,CN,CT,True
15585,1,2,EA,CN,CT,False
15614,2,2,EA,CN,CT,True
15620,2,2,EA,CN,CT,True
15735,1,1,EA,CN,CT,True
15799,2,2,EA,CN,CT,True
15822,1,1,EA,CN,CT,True
15883,1,1,EA,CN,CT,True
15980,2,2,EA,CN,CT,True
16011,1,1,EA,CN,CT,True
16114,1,1,EA,CN,CT,True
16120,1,1,EA,CN,CT,True
16174,1,1,EA,CN,CT,True
16204,1,1,EA,CN,CT,True
16213,1,1,EA,CN,CT,True
16230,1,1,EA,CN,CT,True
16264,1,1,EA,CN,CT,True
16339,1,1,EA,CN,CT,True
16355,2,2,EA,CN,CT,True
16386,1,1,EA,CN,CT,True
16398,1,1,EA,CN,CT,True
16457,1,1,EA,CN,CT,True
16572,1,1,EA,CN,CT,True
16600,1,1,EA,CN,CT,True
16614,1,1,EA,CN,CT,True
16642,1,1,EA,CN,CT,True
16731,1,1,EA,CN,CT,True
16801,2,2,EA,CN,CT,True
16845,1,1,EA,CN,CT,True
16858,2,2,EA,CN,CT,True
16891,1,1,EA,CN,CT,True
16903,1,1,EA,CN,CT,True
16977,1,1,EA,CN,CT,True
17002,2,2,EA,CN,CT,True
17048,1,1,EA,CN,CT,True
17079,2,2,EA,CN,CT,True
17082,2,2,EA,CN,CT,True
17121,2,2,EA,CN,CT,True
17212,1,1,EA,CN,CT,True
17241,2,2,EA,CN,CT,True
17322,1,1,EA,CN,CT,True
17355,2,2,EA,CN,CT,True
17364,2,2,EA,CN,CT,True
17386,2,2,EA,CN,CT,True
17423,2,2,EA,CN,CT,True
17455,1,1,EA,CN,CT,True
17468,1,1,EA,CN,CT,True
17475,1,1,EA,CN,CT,True
17553,1,1,EA,CN,CT,True
17693,1,1,EA,CN,CT,True
17744,2,2,EA,CN,CT,True
17746,2,2,EA,CN,CT,True
17792,1,1,EA,CN,CT,True
17806,2,2,EA,CN,CT,True
17877,1,1,EA,CN,CT,True
17885,2,2,EA,CN,CT,True
17963,2,2,EA,CN,CT,True
18290,1,1,EA,CN,CT,True
18337,1,1,EA,CN,CT,True
18550,2,2,EA,CN,CT,True
18553,1,1,EA,CN,CT,True
18597,1,1,EA,CN,CT,True
18613,2,2,EA,CN,CT,True
18630,2,2,EA,CN,CT,True
18631,1,1,EA,CN,CT,True
18643,1,1,EA,CN,CT,True
18652,1,1,EA,CN,CT,True
18656,1,2,EA,CN,CT,False
18805,1,1,EA,CN,CT,True
18820,1,1,EA,CN,CT,True
18839,2,2,EA,CN,CT,True
18874,1,1,EA,CN,CT,True
18886,1,1,EA,CN,CT,True
18935,1,1,EA,CN,CT,True
18970,1,1,EA,CN,CT,True
18998,2,2,EA,CN,CT,True
19036,2,2,EA,CN,CT,True
19045,2,2,EA,CN,CT,True
19164,1,2,EA,CN,CT,False
19267,2,2,EA,CN,CT,True
19295,1,1,EA,CN,CT,True
19331,2,2,EA,CN,CT,True
19341,1,1,EA,CN,CT,True
19363,1,1,EA,CN,CT,True
19383,1,1,EA,CN,CT,True
19385,2,2,EA,CN,CT,True
19395,2,2,EA,CN,CT,True
19486,2,2,EA,CN,CT,True
19496,2,2,EA,CN,CT,True
19519,2,2,EA,CN,CT,True
19532,1,1,EA,CN,CT,True
19538,1,1,EA,CN,CT,True
19593,1,2,EA,CN,CT,False
19599,1,2,EA,CN,CT,False
19643,1,1,EA,CN,CT,True
19686,1,1,EA,CN,CT,True
19738,1,1,EA,CN,CT,True
19794,1,1,EA,CN,CT,True
19811,1,1,EA,CN,CT,True
19826,2,1,EA,CN,CT,False
19830,2,2,EA,CN,CT,True
19839,2,2,EA,CN,CT,True
19854,2,2,EA,CN,CT,True
19900,1,2,EA,CN,CT,False
19915,1,1,EA,CN,CT,True
19967,1,1,EA,CN,CT,True
19968,2,2,EA,CN,CT,True
20031,1,1,EA,CN,CT,True
20184,2,1,EA,CN,CT,False
20270,2,1,EA,CN,CT,False
20299,2,2,EA,CN,CT,True
20351,2,1,EA,CN,CT,False
20380,2,2,EA,CN,CT,True
20420,1,1,EA,CN,CT,True
20422,1,1,EA,CN,CT,True
20431,1,1,EA,CN,CT,True
20443,1,1,EA,CN,CT,True
20446,2,2,EA,CN,CT,True
20465,1,1,EA,CN,CT,True
20467,1,2,EA,CN,CT,False
20504,2,2,EA,CN,CT,True
20528,1,1,EA,CN,CT,True
20542,1,1,EA,CN,CT,True
20609,1,1,EA,CN,CT,True
20666,1,1,EA,CN,CT,True
20677,1,1,EA,CN,CT,True
20685,2,2,EA,CN,CT,True
20839,2,2,EA,CN,CT,True
20853,1,1,EA,CN,CT,True
20869,2,2,EA,CN,CT,True
20890,2,2,EA,CN,CT,True
20895,2,1,EA,CN,CT,False
20964,1,1,EA,CN,CT,True
20971,2,2,EA,CN,CT,True
21051,2,2,EA,CN,CT,True
21067,2,2,EA,CN,CT,True
21074,1,1,EA,CN,CT,True
21098,2,2,EA,CN,CT,True
21130,2,2,EA,CN,CT,True
21158,1,1,EA,CN,CT,True
21165,1,1,EA,CN,CT,True
21167,1,1,EA,CN,CT,True
21173,1,1,EA,CN,CT,True
21180,2,2,EA,CN,CT,True
21203,2,2,EA,CN,CT,True
21210,1,1,EA,CN,CT,True
21328,1,1,EA,CN,CT,True
21399,1,1,EA,CN,CT,True
21509,2,2,EA,CN,CT,True
21544,2,2,EA,CN,CT,True
21606,2,2,EA,CN,CT,True
21629,1,1,EA,CN,CT,True
21630,2,2,EA,CN,CT,True
21666,2,2,EA,CN,CT,True
21691,1,1,EA,CN,CT,True
21847,2,2,EA,CN,CT,True
21910,2,2,EA,CN,CT,True
21976,1,1,EA,CN,CT,True
21987,2,2,EA,CN,CT,True
22043,2,2,EA,CN,CT,True
22052,1,1,EA,CN,CT,True
22065,1,1,EA,CN,CT,True
22066,2,2,EA,CN,CT,True
22090,1,1,EA,CN,CT,True
22126,2,2,EA,CN,CT,True
22166,2,2,EA,CN,CT,True
22184,2,2,EA,CN,CT,True
22194,2,2,EA,CN,CT,True
22356,2,2,EA,CN,CT,True
22467,2,2,EA,CN,CT,True
22679,1,1,EA,CN,CT,True
22707,2,2,EA,CN,CT,True
22767,2,2,EA,CN,CT,True
22770,1,1,EA,CN,CT,True
22819,2,2,EA,CN,CT,True
22833,1,1,EA,CN,CT,True
22849,2,2,EA,CN,CT,True
22966,2,2,EA,CN,CT,True
23023,1,1,EA,CN,CT,True
23052,1,1,EA,CN,CT,True
23089,1,1,EA,CN,CT,True
23104,2,2,EA,CN,CT,True
23128,1,1,EA,CN,CT,True
23200,1,1,EA,CN,CT,True
23313,2,2,EA,CN,CT,True
23322,1,1,EA,CN,CT,True
23404,2,2,EA,CN,CT,True
23415,2,2,EA,CN,CT,True
23440,2,2,EA,CN,CT,True
23453,2,2,EA,CN,CT,True
23505,1,1,EA,CN,CT,True
23514,2,2,EA,CN,CT,True
23524,1,1,EA,CN,CT,True
23530,2,2,EA,CN,CT,True
23534,1,1,EA,CN,CT,True
23574,1,1,EA,CN,CT,True
23584,1,1,EA,CN,CT,True
23605,1,1,EA,CN,CT,True
23620,2,2,EA,CN,CT,True
23648,2,2,EA,CN,CT,True
23699,2,2,EA,CN,CT,True
23713,2,2,EA,CN,CT,True
23779,1,1,EA,CN,CT,True
23871,1,1,EA,CN,CT,True
23873,1,1,EA,CN,CT,True
23901,1,1,EA,CN,CT,True
24026,2,2,EA,CN,CT,True
24163,1,1,EA,CN,CT,True
24174,2,2,EA,CN,CT,True
24223,1,1,EA,CN,CT,True
24260,2,2,EA,CN,CT,True
24291,2,2,EA,CN,CT,True
24304,1,1,EA,CN,CT,True
24334,2,2,EA,CN,CT,True
24405,2,2,EA,CN,CT,True
24408,1,1,EA,CN,CT,True
24541,2,2,EA,CN,CT,True
24573,1,1,EA,CN,CT,True
24637,2,2,EA,CN,CT,True
24673,2,2,EA,CN,CT,True
24706,1,1,EA,CN,CT,True
24740,2,2,EA,CN,CT,True
24774,2,2,EA,CN,CT,True
24836,1,1,EA,CN,CT,True
24871,1,1,EA,CN,CT,True
24902,2,2,EA,CN,CT,True
24959,1,1,EA,CN,CT,True
24975,1,1,EA,CN,CT,True
24995,1,1,EA,CN,CT,True
25038,1,1,EA,CN,CT,True
25109,2,2,EA,CN,CT,True
25137,1,1,EA,CN,CT,True
25155,1,1,EA,CN,CT,True
25239,2,2,EA,CN,CT,True
25270,1,1,EA,CN,CT,True
25302,2,2,EA,CN,CT,True
25337,1,1,EA,CN,CT,True
25369,2,2,EA,CN,CT,True
25380,1,1,EA,CN,CT,True
25416,1,1,EA,CN,CT,True
25435,1,1,EA,CN,CT,True
25447,1,1,EA,CN,CT,True
25448,2,2,EA,CN,CT,True
25471,2,2,EA,CN,CT,True
25523,2,2,EA,CN,CT,True
25650,1,1,EA,CN,CT,True
25690,1,1,EA,CN,CT,True
25698,2,2,EA,CN,CT,True
25856,1,1,EA,CN,CT,True
25868,1,1,EA,CN,CT,True
25990,2,2,EA,CN,CT,True
26032,1,1,EA,CN,CT,True
26129,2,2,EA,CN,CT,True
26161,1,1,EA,CN,CT,True
26211,2,2,EA,CN,CT,True
26281,2,2,EA,CN,CT,True
26287,2,2,EA,CN,CT,True
26292,1,1,EA,CN,CT,True
26302,1,1,EA,CN,CT,True
26321,2,2,EA,CN,CT,True
26337,1,1,EA,CN,CT,True
26345,1,1,EA,CN,CT,True
26480,2,2,EA,CN,CT,True
26528,1,1,EA,CN,CT,True
26678,2,2,EA,CN,CT,True
26714,2,2,EA,CN,CT,True
26831,1,1,EA,CN,CT,True
26865,2,2,EA,CN,CT,True
26878,2,2,EA,CN,CT,True
26995,1,1,EA,CN,CT,True
27088,1,1,EA,CN,CT,True
27101,1,1,EA,CN,CT,True
27117,1,1,EA,CN,CT,True
27271,1,1,EA,CN,CT,True
27431,2,2,EA,CN,CT,True
27497,1,1,EA,CN,CT,True
27524,2,2,EA,CN,CT,True
27558,2,2,EA,CN,CT,True
27610,2,2,EA,CN,CT,True
27668,2,2,EA,CN,CT,True
27688,2,2,EA,CN,CT,True
27740,2,2,EA,CN,CT,True
27828,2,2,EA,CN,CT,True
27904,2,2,EA,CN,CT,True
27910,2,2,EA,CN,CT,True
27911,2,2,EA,CN,CT,True
28011,2,2,EA,CN,CT,True
28051,2,2,EA,CN,CT,True
28057,1,1,EA,CN,CT,True
28067,1,1,EA,CN,CT,True
28114,2,2,EA,CN,CT,True
28222,2,2,EA,CN,CT,True
28262,2,2,EA,CN,CT,True
28271,1,1,EA,CN,CT,True
28341,1,1,EA,CN,CT,True
28365,2,2,EA,CN,CT,True
28463,2,2,EA,CN,CT,True
28550,1,1,EA,CN,CT,True
28574,2,2,EA,CN,CT,True
28656,2,2,EA,CN,CT,True
28674,2,2,EA,CN,CT,True
28728,1,1,EA,CN,CT,True
28789,2,2,EA,CN,CT,True
28814,2,2,EA,CN,CT,True
28822,2,2,EA,CN,CT,True
28963,1,1,EA,CN,CT,True
29070,2,2,EA,CN,CT,True
29105,1,2,EA,CN,CT,False
29132,1,1,EA,CN,CT,True
29144,1,1,EA,CN,CT,True
29243,2,2,EA,CN,CT,True
29385,1,1,EA,CN,CT,True
29411,1,1,EA,CN,CT,True
29417,2,2,EA,CN,CT,True
29454,2,2,EA,CN,CT,True
29465,1,1,EA,CN,CT,True
29484,2,2,EA,CN,CT,True
29582,1,1,EA,CN,CT,True
29629,1,1,EA,CN,CT,True
29644,1,1,EA,CN,CT,True
29679,1,1,EA,CN,CT,True
29768,1,1,EA,CN,CT,True
29903,1,1,EA,CN,CT,True
29912,1,1,EA,CN,CT,True
29978,2,2,EA,CN,CT,True
30052,1,1,EA,CN,CT,True
30118,1,1,EA,CN,CT,True
30131,1,1,EA,CN,CT,True
30137,2,2,EA,CN,CT,True
30143,1,1,EA,CN,CT,True
30180,1,1,EA,CN,CT,True
30259,1,1,EA,CN,CT,True
30273,1,1,EA,CN,CT,True
30285,2,1,EA,CN,CT,False
30328,1,1,EA,CN,CT,True
30329,1,1,EA,CN,CT,True
30336,2,2,EA,CN,CT,True
30340,1,1,EA,CN,CT,True
30352,2,2,EA,CN,CT,True
30367,2,2,EA,CN,CT,True
30498,1,2,EA,CN,CT,False
30514,1,1,EA,CN,CT,True
30544,1,1,EA,CN,CT,True
30637,1,1,EA,CN,CT,True
30694,2,2,EA,CN,CT,True
30701,2,2,EA,CN,CT,True
30710,2,2,EA,CN,CT,True
30807,2,2,EA,CN,CT,True
30825,1,1,EA,CN,CT,True
30846,1,1,EA,CN,CT,True
30856,2,2,EA,CN,CT,True
30872,2,2,EA,CN,CT,True
30880,1,1,EA,CN,CT,True
30899,1,1,EA,CN,CT,True
30922,2,2,EA,CN,CT,True
30936,2,2,EA,CN,CT,True
31029,1,1,EA,CN,CT,True
31060,1,1,EA,CN,CT,True
31089,1,1,EA,CN,CT,True
31128,1,1,EA,CN,CT,True
31129,2,2,EA,CN,CT,True
31138,1,1,EA,CN,CT,True
31148,1,1,EA,CN,CT,True
31247,1,1,EA,CN,CT,True
31350,2,2,EA,CN,CT,True
31386,2,2,EA,CN,CT,True
31483,2,2,EA,CN,CT,True
31597,1,1,EA,CN,CT,True
31622,1,1,EA,CN,CT,True
31628,1,1,EA,CN,CT,True
31665,1,1,EA,CN,CT,True
31720,1,1,EA,CN,CT,True
31728,1,1,EA,CN,CT,True
31754,2,2,EA,CN,CT,True
31883,2,2,EA,CN,CT,True
31907,2,2,EA,CN,CT,True
32003,2,2,EA,CN,CT,True
32090,1,1,EA,CN,CT,True
32112,2,2,EA,CN,CT,True
32116,2,2,EA,CN,CT,True
32131,2,2,EA,CN,CT,True
32167,1,2,EA,CN,CT,False
32177,1,1,EA,CN,CT,True
32263,2,2,EA,CN,CT,True
32265,1,1,EA,CN,CT,True
32323,2,2,EA,CN,CT,True
32372,1,1,EA,CN,CT,True
32463,2,2,EA,CN,CT,True
32489,2,1,EA,CN,CT,False
32518,1,1,EA,CN,CT,True
32572,2,2,EA,CN,CT,True
32679,1,1,EA,CN,CT,True
32722,2,2,EA,CN,CT,True
32747,1,1,EA,CN,CT,True
32753,2,2,EA,CN,CT,True
32785,1,1,EA,CN,CT,True
32872,2,2,EA,CN,CT,True
32894,2,2,EA,CN,CT,True
32913,1,1,EA,CN,CT,True
32917,2,2,EA,CN,CT,True
32972,2,2,EA,CN,CT,True
33026,1,1,EA,CN,CT,True
33067,2,2,EA,CN,CT,True
33126,2,2,EA,CN,CT,True
33141,2,2,EA,CN,CT,True
33154,1,1,EA,CN,CT,True
33262,2,2,EA,CN,CT,True
33291,1,1,EA,CN,CT,True
33345,1,1,EA,CN,CT,True
33433,1,1,EA,CN,CT,True
33470,1,1,EA,CN,CT,True
33509,1,1,EA,CN,CT,True
33532,2,2,EA,CN,CT,True
33618,2,2,EA,CN,CT,True
33649,1,1,EA,CN,CT,True
33741,1,1,EA,CN,CT,True
33743,2,2,EA,CN,CT,True
33765,2,2,EA,CN,CT,True
33808,2,2,EA,CN,CT,True
33856,1,1,EA,CN,CT,True
33859,2,2,EA,CN,CT,True
33890,2,2,EA,CN,CT,True
33936,1,1,EA,CN,CT,True
33940,1,1,EA,CN,CT,True
33961,1,1,EA,CN,CT,True
33962,2,2,EA,CN,CT,True
33986,1,1,EA,CN,CT,True
34029,2,2,EA,CN,CT,True
34125,2,2,EA,CN,CT,True
34143,2,2,EA,CN,CT,True
34148,1,1,EA,CN,CT,True
34171,2,1,EA,CN,CT,False
34215,2,2,EA,CN,CT,True
34276,1,1,EA,CN,CT,True
34332,2,2,EA,CN,CT,True
34354,1,1,EA,CN,CT,True
34404,2,2,EA,CN,CT,True
34460,2,2,EA,CN,CT,True
34500,1,1,EA,CN,CT,True
34573,1,1,EA,CN,CT,True
34714,2,2,EA,CN,CT,True
34930,1,1,EA,CN,CT,True
34944,2,2,EA,CN,CT,True
34983,2,2,EA,CN,CT,True
35058,2,2,EA,CN,CT,True
35064,1,1,EA,CN,CT,True
35127,2,2,EA,CN,CT,True
35156,2,2,EA,CN,CT,True
35174,1,1,EA,CN,CT,True
35191,2,2,EA,CN,CT,True
35201,2,2,EA,CN,CT,True
35204,2,2,EA,CN,CT,True
35282,2,2,EA,CN,CT,True
35287,1,1,EA,CN,CT,True
35397,2,2,EA,CN,CT,True
35429,2,2,EA,CN,CT,True
35467,1,2,EA,CN,CT,False
35542,2,2,EA,CN,CT,True
35564,2,2,EA,CN,CT,True
35592,1,1,EA,CN,CT,True
35643,2,2,EA,CN,CT,True
35653,1,1,EA,CN,CT,True
35732,2,2,EA,CN,CT,True
35738,2,2,EA,CN,CT,True
35871,1,2,EA,CN,CT,False
35880,2,2,EA,CN,CT,True
35907,2,2,EA,CN,CT,True
35912,1,1,EA,CN,CT,True
35918,2,2,EA,CN,CT,True
35939,2,2,EA,CN,CT,True
35991,2,2,EA,CN,CT,True
36100,2,2,EA,CN,CT,True
36117,1,1,EA,CN,CT,True
36126,2,2,EA,CN,CT,True
36186,2,2,EA,CN,CT,True
36190,1,1,EA,CN,CT,True
36199,2,2,EA,CN,CT,True
36209,1,1,EA,CN,CT,True
36223,2,1,EA,CN,CT,False
36247,1,1,EA,CN,CT,True
36419,2,2,EA,CN,CT,True
36434,2,2,EA,CN,CT,True
36449,1,1,EA,CN,CT,True
36482,2,2,EA,CN,CT,True
36557,2,2,EA,CN,CT,True
36686,2,2,EA,CN,CT,True
36689,2,2,EA,CN,CT,True
36734,1,1,EA,CN,CT,True
36743,1,1,EA,CN,CT,True
36785,2,2,EA,CN,CT,True
36812,2,2,EA,CN,CT,True
36819,2,2,EA,CN,CT,True
36849,2,2,EA,CN,CT,True
36960,1,1,EA,CN,CT,True
36974,2,2,EA,CN,CT,True
37016,2,2,EA,CN,CT,True
37020,1,1,EA,CN,CT,True
37082,2,2,EA,CN,CT,True
37102,2,2,EA,CN,CT,True
37124,2,2,EA,CN,CT,True
37184,2,1,EA,CN,CT,False
37234,1,1,EA,CN,CT,True
37245,1,1,EA,CN,CT,True
37258,1,1,EA,CN,CT,True
37327,1,1,EA,CN,CT,True
37367,2,2,EA,CN,CT,True
37404,1,1,EA,CN,CT,True
37422,1,1,EA,CN,CT,True
37432,2,2,EA,CN,CT,True
37435,1,1,EA,CN,CT,True
37490,1,1,EA,CN,CT,True
37569,2,2,EA,CN,CT,True
37608,1,1,EA,CN,CT,True
37679,1,1,EA,CN,CT,True
37723,2,2,EA,CN,CT,True
37743,2,2,EA,CN,CT,True
37842,1,1,EA,CN,CT,True
37843,1,1,EA,CN,CT,True
37909,1,1,EA,CN,CT,True
37955,1,1,EA,CN,CT,True
38026,2,2,EA,CN,CT,True
38068,2,2,EA,CN,CT,True
38078,2,2,EA,CN,CT,True
38130,1,1,EA,CN,CT,True
38144,1,1,EA,CN,CT,True
38146,1,1,EA,CN,CT,True
38166,1,1,EA,CN,CT,True
38168,1,1,EA,CN,CT,True
38191,2,2,EA,CN,CT,True
38245,1,1,EA,CN,CT,True
38352,1,1,EA,CN,CT,True
38390,2,1,EA,CN,CT,False
38395,1,1,EA,CN,CT,True
38425,2,2,EA,CN,CT,True
38485,1,1,EA,CN,CT,True
38518,1,1,EA,CN,CT,True
38530,1,1,EA,CN,CT,True
38562,2,2,EA,CN,CT,True
38593,2,2,EA,CN,CT,True
38627,2,2,EA,CN,CT,True
38630,1,1,EA,CN,CT,True
38721,1,1,EA,CN,CT,True
38773,2,2,EA,CN,CT,True
38802,1,1,EA,CN,CT,True
38809,2,1,EA,CN,CT,False
38811,2,2,EA,CN,CT,True
38829,1,1,EA,CN,CT,True
38858,1,1,EA,CN,CT,True
38920,2,2,EA,CN,CT,True
38928,2,2,EA,CN,CT,True
38947,1,1,EA,CN,CT,True
39152,1,1,EA,CN,CT,True
39199,1,1,EA,CN,CT,True
39321,1,1,EA,CN,CT,True
39356,2,2,EA,CN,CT,True
39388,2,2,EA,CN,CT,True
39457,1,1,EA,CN,CT,True
39466,1,1,EA,CN,CT,True
39532,2,2,EA,CN,CT,True
39553,2,2,EA,CN,CT,True
39557,1,1,EA,CN,CT,True
39630,1,1,EA,CN,CT,True
39715,1,1,EA,CN,CT,True
39795,1,1,EA,CN,CT,True
39804,1,1,EA,CN,CT,True
39833,2,2,EA,CN,CT,True
39842,1,1,EA,CN,CT,True
39855,1,1,EA,CN,CT,True
39864,2,2,EA,CN,CT,True
39884,2,2,EA,CN,CT,True
39918,1,1,EA,CN,CT,True
40068,1,1,EA,CN,CT,True
40135,1,1,EA,CN,CT,True
40164,1,1,EA,CN,CT,True
40169,1,1,EA,CN,CT,True
40296,2,2,EA,CN,CT,True
40376,1,1,EA,CN,CT,True
40497,2,2,EA,CN,CT,True
40542,2,2,EA,CN,CT,True
40622,2,2,EA,CN,CT,True
40625,2,2,EA,CN,CT,True
40653,2,2,EA,CN,CT,True
40762,1,1,EA,CN,CT,True
40853,1,1,EA,CN,CT,True
40855,2,1,EA,CN,CT,False
40857,2,2,EA,CN,CT,True
40920,1,1,EA,CN,CT,True
40969,1,1,EA,CN,CT,True
41001,2,2,EA,CN,CT,True
41077,1,1,EA,CN,CT,True
41103,2,2,EA,CN,CT,True
41152,1,2,EA,CN,CT,False
41237,1,1,EA,CN,CT,True
41239,1,1,EA,CN,CT,True
41273,1,1,EA,CN,CT,True
41360,2,2,EA,CN,CT,True
41368,1,1,EA,CN,CT,True
41416,1,1,EA,CN,CT,True
41472,1,1,EA,CN,CT,True
41514,1,1,EA,CN,CT,True
41581,2,2,EA,CN,CT,True
41590,1,2,EA,CN,CT,False
41607,1,1,EA,CN,CT,True
41636,1,1,EA,CN,CT,True
41704,1,1,EA,CN,CT,True
41829,1,1,EA,CN,CT,True
41836,1,1,EA,CN,CT,True
41906,2,2,EA,CN,CT,True
42006,1,1,EA,CN,CT,True
42040,1,1,EA,CN,CT,True
42067,1,1,EA,CN,CT,True
42086,2,2,EA,CN,CT,True
42112,2,2,EA,CN,CT,True
42166,2,2,EA,CN,CT,True
42174,2,2,EA,CN,CT,True
42185,2,2,EA,CN,CT,True
42228,2,2,EA,CN,CT,True
42330,1,1,EA,CN,CT,True
42335,2,2,EA,CN,CT,True
42344,1,1,EA,CN,CT,True
42391,2,2,EA,CN,CT,True
42428,1,1,EA,CN,CT,True
42468,1,2,EA,CN,CT,False
42520,2,1,EA,CN,CT,False
42521,1,1,EA,CN,CT,True
42568,1,1,EA,CN,CT,True
42585,1,1,EA,CN,CT,True
42609,2,2,EA,CN,CT,True
42690,2,2,EA,CN,CT,True
42714,2,2,EA,CN,CT,True
42860,2,2,EA,CN,CT,True
42886,2,2,EA,CN,CT,True
42922,2,2,EA,CN,CT,True
43042,1,1,EA,CN,CT,True
43070,2,2,EA,CN,CT,True
43113,1,1,EA,CN,CT,True
43164,2,2,EA,CN,CT,True
43285,1,2,EA,CN,CT,False
43295,2,2,EA,CN,CT,True
43350,2,2,EA,CN,CT,True
43486,1,1,EA,CN,CT,True
43526,2,2,EA,CN,CT,True
43621,2,2,EA,CN,CT,True
43668,2,2,EA,CN,CT,True
43764,2,2,EA,CN,CT,True
43800,2,2,EA,CN,CT,True
43811,2,2,EA,CN,CT,True
43878,1,1,EA,CN,CT,True
44064,2,2,EA,CN,CT,True
44167,2,2,EA,CN,CT,True
44178,2,2,EA,CN,CT,True
44313,2,1,EA,CN,CT,False
44380,1,1,EA,CN,CT,True
44400,1,1,EA,CN,CT,True
44415,2,2,EA,CN,CT,True
44430,2,2,EA,CN,CT,True
44444,2,2,EA,CN,CT,True
44458,2,2,EA,CN,CT,True
44475,1,1,EA,CN,CT,True
44479,2,2,EA,CN,CT,True
44628,1,1,EA,CN,CT,True
44682,1,1,EA,CN,CT,True
44743,1,1,EA,CN,CT,True
44833,1,2,EA,CN,CT,False
44841,1,1,EA,CN,CT,True
44887,2,2,EA,CN,CT,True
45012,2,2,EA,CN,CT,True
45024,1,1,EA,CN,CT,True
45075,2,2,EA,CN,CT,True
45117,2,2,EA,CN,CT,True
45137,2,2,EA,CN,CT,True
45175,2,2,EA,CN,CT,True
45184,1,1,EA,CN,CT,True
45289,1,1,EA,CN,CT,True
45314,1,1,EA,CN,CT,True
45337,1,1,EA,CN,CT,True
45340,2,2,EA,CN,CT,True
45390,2,2,EA,CN,CT,True
45424,2,1,EA,CN,CT,False
45470,2,2,EA,CN,CT,True
45492,1,1,EA,CN,CT,True
45529,2,2,EA,CN,CT,True
45784,1,1,EA,CN,CT,True
45800,2,2,EA,CN,CT,True
45811,2,2,EA,CN,CT,True
45837,1,1,EA,CN,CT,True
45857,2,2,EA,CN,CT,True
45893,2,2,EA,CN,CT,True
45919,2,2,EA,CN,CT,True
45938,2,2,EA,CN,CT,True
45985,1,1,EA,CN,CT,True
46026,2,2,EA,CN,CT,True
46132,1,1,EA,CN,CT,True
46147,1,1,EA,CN,CT,True
46160,1,1,EA,CN,CT,True
46218,2,2,EA,CN,CT,True
46346,1,1,EA,CN,CT,True
46371,2,2,EA,CN,CT,True
46372,2,2,EA,CN,CT,True
46555,2,2,EA,CN,CT,True
46569,2,2,EA,CN,CT,True
46595,2,2,EA,CN,CT,True
46674,1,1,EA,CN,CT,True
46707,1,1,EA,CN,CT,True
46710,2,2,EA,CN,CT,True
46751,2,2,EA,CN,CT,True
46756,1,1,EA,CN,CT,True
46810,2,2,EA,CN,CT,True
46859,2,2,EA,CN,CT,True
46880,1,1,EA,CN,CT,True
46894,2,2,EA,CN,CT,True
46969,2,2,EA,CN,CT,True
47060,2,2,EA,CN,CT,True
47065,1,1,EA,CN,CT,True
47097,1,1,EA,CN,CT,True
47139,2,2,EA,CN,CT,True
47169,2,2,EA,CN,CT,True
47174,2,2,EA,CN,CT,True
47216,2,2,EA,CN,CT,True
47246,2,2,EA,CN,CT,True
47249,2,2,EA,CN,CT,True
47362,1,1,EA,CN,CT,True
47371,1,1,EA,CN,CT,True
47560,1,1,EA,CN,CT,True
47603,1,1,EA,CN,CT,True
47619,2,2,EA,CN,CT,True
47632,1,1,EA,CN,CT,True
47865,2,2,EA,CN,CT,True
48180,2,2,EA,CN,CT,True
48182,1,1,EA,CN,CT,True
48246,1,1,EA,CN,CT,True
48329,1,1,EA,CN,CT,True
48352,1,1,EA,CN,CT,True
48355,2,2,EA,CN,CT,True
48359,1,1,EA,CN,CT,True
48449,2,2,EA,CN,CT,True
48506,2,2,EA,CN,CT,True
48538,2,2,EA,CN,CT,True
48541,1,1,EA,CN,CT,True
48562,2,2,EA,CN,CT,True
48566,1,2,EA,CN,CT,False
48607,2,2,EA,CN,CT,True
48618,1,1,EA,CN,CT,True
48728,1,1,EA,CN,CT,True
48859,2,2,EA,CN,CT,True
48976,2,2,EA,CN,CT,True
49004,1,1,EA,CN,CT,True
49029,1,1,EA,CN,CT,True
49047,1,1,EA,CN,CT,True
49052,1,1,EA,CN,CT,True
49095,1,1,EA,CN,CT,True
49132,1,1,EA,CN,CT,True
49146,1,1,EA,CN,CT,True
49168,1,2,EA,CN,CT,False
49182,1,2,EA,CN,CT,False
49189,1,1,EA,CN,CT,True
49213,1,1,EA,CN,CT,True
49228,1,1,EA,CN,CT,True
49239,1,1,EA,CN,CT,True
49242,2,2,EA,CN,CT,True
49325,1,1,EA,CN,CT,True
49460,1,1,EA,CN,CT,True
49550,1,1,EA,CN,CT,True
49700,1,1,EA,CN,CT,True
49737,1,1,EA,CN,CT,True
49765,1,2,EA,CN,CT,False
49804,2,2,EA,CN,CT,True
49855,2,2,EA,CN,CT,True
49870,2,2,EA,CN,CT,True
49943,2,2,EA,CN,CT,True
49950,2,2,EA,CN,CT,True
49959,2,2,EA,CN,CT,True
49971,2,1,EA,CN,CT,False
107,2,2,EA,CN,R1,True
176,1,1,EA,CN,R1,True
257,1,1,EA,CN,R1,True
283,2,2,EA,CN,R1,True
284,2,2,EA,CN,R1,True
287,1,1,EA,CN,R1,True
310,2,2,EA,CN,R1,True
337,2,2,EA,CN,R1,True
379,2,2,EA,CN,R1,True
393,2,2,EA,CN,R1,True
405,2,2,EA,CN,R1,True
423,1,2,EA,CN,R1,False
450,2,2,EA,CN,R1,True
504,2,2,EA,CN,R1,True
525,2,2,EA,CN,R1,True
545,1,1,EA,CN,R1,True
715,2,2,EA,CN,R1,True
722,1,1,EA,CN,R1,True
793,2,2,EA,CN,R1,True
804,2,2,EA,CN,R1,True
856,2,2,EA,CN,R1,True
893,2,2,EA,CN,R1,True
922,1,1,EA,CN,R1,True
1029,2,2,EA,CN,R1,True
1057,1,1,EA,CN,R1,True
1106,1,1,EA,CN,R1,True
1176,2,2,EA,CN,R1,True
1199,1,1,EA,CN,R1,True
1200,2,2,EA,CN,R1,True
1227,2,2,EA,CN,R1,True
1261,2,2,EA,CN,R1,True
1285,1,1,EA,CN,R1,True
1290,1,2,EA,CN,R1,False
1352,2,2,EA,CN,R1,True
1363,2,2,EA,CN,R1,True
1434,2,2,EA,CN,R1,True
1481,1,1,EA,CN,R1,True
1545,2,2,EA,CN,R1,True
1552,1,1,EA,CN,R1,True
1573,1,1,EA,CN,R1,True
1656,2,2,EA,CN,R1,True
1687,1,1,EA,CN,R1,True
1707,2,2,EA,CN,R1,True
1733,2,2,EA,CN,R1,True
1735,2,2,EA,CN,R1,True
1755,2,2,EA,CN,R1,True
1808,2,2,EA,CN,R1,True
1814,2,2,EA,CN,R1,True
1819,2,2,EA,CN,R1,True
1822,1,1,EA,CN,R1,True
1823,1,1,EA,CN,R1,True
1862,1,1,EA,CN,R1,True
2004,2,2,EA,CN,R1,True
2039,2,2,EA,CN,R1,True
2055,1,1,EA,CN,R1,True
2068,2,2,EA,CN,R1,True
2155,2,2,EA,CN,R1,True
2221,2,2,EA,CN,R1,True
2288,2,2,EA,CN,R1,True
2375,2,2,EA,CN,R1,True
2426,2,2,EA,CN,R1,True
2584,2,2,EA,CN,R1,True
2600,1,1,EA,CN,R1,True
2732,2,2,EA,CN,R1,True
2844,1,1,EA,CN,R1,True
2891,2,2,EA,CN,R1,True
2932,2,2,EA,CN,R1,True
2983,1,1,EA,CN,R1,True
3056,1,1,EA,CN,R1,True
3102,1,1,EA,CN,R1,True
3191,1,1,EA,CN,R1,True
3297,1,1,EA,CN,R1,True
3363,1,1,EA,CN,R1,True
3367,2,2,EA,CN,R1,True
3418,1,1,EA,CN,R1,True
3429,2,2,EA,CN,R1,True
3440,1,1,EA,CN,R1,True
3512,2,2,EA,CN,R1,True
3524,1,1,EA,CN,R1,True
3631,2,2,EA,CN,R1,True
3824,1,1,EA,CN,R1,True
3839,1,1,EA,CN,R1,True
3867,1,1,EA,CN,R1,True
3868,1,1,EA,CN,R1,True
3954,1,2,EA,CN,R1,False
3971,2,2,EA,CN,R1,True
3979,2,2,EA,CN,R1,True
4017,1,1,EA,CN,R1,True
4066,2,2,EA,CN,R1,True
4087,2,2,EA,CN,R1,True
4153,2,2,EA,CN,R1,True
4182,2,2,EA,CN,R1,True
4187,1,1,EA,CN,R1,True
4207,1,1,EA,CN,R1,True
4211,1,1,EA,CN,R1,True
4303,1,1,EA,CN,R1,True
4314,1,1,EA,CN,R1,True
4348,2,2,EA,CN,R1,True
4447,1,1,EA,CN,R1,True
4462,1,1,EA,CN,R1,True
4624,2,2,EA,CN,R1,True
4651,2,2,EA,CN,R1,True
4652,1,1,EA,CN,R1,True
4663,1,1,EA,CN,R1,True
4706,2,2,EA,CN,R1,True
4716,1,1,EA,CN,R1,True
4767,1,1,EA,CN,R1,True
4795,1,1,EA,CN,R1,True
4812,2,1,EA,CN,R1,False
4829,2,2,EA,CN,R1,True
4871,1,1,EA,CN,R1,True
4927,2,2,EA,CN,R1,True
5009,1,1,EA,CN,R1,True
5024,1,1,EA,CN,R1,True
5070,1,1,EA,CN,R1,True
5086,2,2,EA,CN,R1,True
5105,2,2,EA,CN,R1,True
5119,1,1,EA,CN,R1,True
5120,2,2,EA,CN,R1,True
5159,1,1,EA,CN,R1,True
5406,1,1,EA,CN,R1,True
5424,2,2,EA,CN,R1,True
5499,1,1,EA,CN,R1,True
5570,1,1,EA,CN,R1,True
5586,1,1,EA,CN,R1,True
5619,2,2,EA,CN,R1,True
5651,1,1,EA,CN,R1,True
5797,2,2,EA,CN,R1,True
5824,2,2,EA,CN,R1,True
5829,1,1,EA,CN,R1,True
5906,2,2,EA,CN,R1,True
5913,2,2,EA,CN,R1,True
5938,2,2,EA,CN,R1,True
5957,2,2,EA,CN,R1,True
5998,2,2,EA,CN,R1,True
6010,2,2,EA,CN,R1,True
6059,2,2,EA,CN,R1,True
6111,1,1,EA,CN,R1,True
6137,1,1,EA,CN,R1,True
6156,1,1,EA,CN,R1,True
6253,2,2,EA,CN,R1,True
6255,2,2,EA,CN,R1,True
6295,1,1,EA,CN,R1,True
6347,1,1,EA,CN,R1,True
6374,1,1,EA,CN,R1,True
6452,1,1,EA,CN,R1,True
6465,1,1,EA,CN,R1,True
6484,2,2,EA,CN,R1,True
6488,1,1,EA,CN,R1,True
6519,2,2,EA,CN,R1,True
6527,1,1,EA,CN,R1,True
6595,1,1,EA,CN,R1,True
6631,1,1,EA,CN,R1,True
6692,1,1,EA,CN,R1,True
6715,2,2,EA,CN,R1,True
6728,1,1,EA,CN,R1,True
6756,2,2,EA,CN,R1,True
6812,1,1,EA,CN,R1,True
6824,1,1,EA,CN,R1,True
6842,1,1,EA,CN,R1,True
6867,1,1,EA,CN,R1,True
6868,2,2,EA,CN,R1,True
6899,2,2,EA,CN,R1,True
6977,2,2,EA,CN,R1,True
6991,1,1,EA,CN,R1,True
7001,2,2,EA,CN,R1,True
7004,1,1,EA,CN,R1,True
7070,2,2,EA,CN,R1,True
7096,1,1,EA,CN,R1,True
7099,1,1,EA,CN,R1,True
7194,2,2,EA,CN,R1,True
7220,2,2,EA,CN,R1,True
7313,2,2,EA,CN,R1,True
7407,1,1,EA,CN,R1,True
7430,2,2,EA,CN,R1,True
7439,1,1,EA,CN,R1,True
7451,1,2,EA,CN,R1,False
7498,2,2,EA,CN,R1,True
7550,1,1,EA,CN,R1,True
7553,2,2,EA,CN,R1,True
7555,1,1,EA,CN,R1,True
7581,2,2,EA,CN,R1,True
7599,2,2,EA,CN,R1,True
7631,1,1,EA,CN,R1,True
7654,1,1,EA,CN,R1,True
7687,1,1,EA,CN,R1,True
7723,1,1,EA,CN,R1,True
7887,1,1,EA,CN,R1,True
7894,1,1,EA,CN,R1,True
7966,1,1,EA,CN,R1,True
7972,1,1,EA,CN,R1,True
7992,1,2,EA,CN,R1,False
8015,2,2,EA,CN,R1,True
8139,1,1,EA,CN,R1,True
8217,1,2,EA,CN,R1,False
8339,1,1,EA,CN,R1,True
8366,2,2,EA,CN,R1,True
8444,1,1,EA,CN,R1,True
8477,1,1,EA,CN,R1,True
8580,2,2,EA,CN,R1,True
8614,1,1,EA,CN,R1,True
8630,2,2,EA,CN,R1,True
8637,1,1,EA,CN,R1,True
8672,1,1,EA,CN,R1,True
8816,2,2,EA,CN,R1,True
8902,2,2,EA,CN,R1,True
8923,2,2,EA,CN,R1,True
8948,1,1,EA,CN,R1,True
8993,1,1,EA,CN,R1,True
9004,1,1,EA,CN,R1,True
9089,2,2,EA,CN,R1,True
9120,1,1,EA,CN,R1,True
9134,2,2,EA,CN,R1,True
9246,2,2,EA,CN,R1,True
9268,1,1,EA,CN,R1,True
9325,1,1,EA,CN,R1,True
9349,2,2,EA,CN,R1,True
9357,2,2,EA,CN,R1,True
9417,1,1,EA,CN,R1,True
9465,1,1,EA,CN,R1,True
9469,2,2,EA,CN,R1,True
9473,1,1,EA,CN,R1,True
9595,1,2,EA,CN,R1,False
9635,2,2,EA,CN,R1,True
9677,2,2,EA,CN,R1,True
9715,1,1,EA,CN,R1,True
9774,2,2,EA,CN,R1,True
9796,1,1,EA,CN,R1,True
9892,2,2,EA,CN,R1,True
9907,2,2,EA,CN,R1,True
9934,1,1,EA,CN,R1,True
9987,1,1,EA,CN,R1,True
10022,1,1,EA,CN,R1,True
10156,1,1,EA,CN,R1,True
10163,1,1,EA,CN,R1,True
10174,1,1,EA,CN,R1,True
10187,2,2,EA,CN,R1,True
10189,2,2,EA,CN,R1,True
10210,1,1,EA,CN,R1,True
10301,2,1,EA,CN,R1,False
10328,1,1,EA,CN,R1,True
10330,2,2,EA,CN,R1,True
10361,1,1,EA,CN,R1,True
10375,1,1,EA,CN,R1,True
10400,1,1,EA,CN,R1,True
10423,2,2,EA,CN,R1,True
10434,1,1,EA,CN,R1,True
10450,2,2,EA,CN,R1,True
10566,2,2,EA,CN,R1,True
10600,1,1,EA,CN,R1,True
10610,2,2,EA,CN,R1,True
10626,2,1,EA,CN,R1,False
10634,2,2,EA,CN,R1,True
10713,2,1,EA,CN,R1,False
10771,2,2,EA,CN,R1,True
10803,2,1,EA,CN,R1,False
10910,2,2,EA,CN,R1,True
10954,2,2,EA,CN,R1,True
10978,1,1,EA,CN,R1,True
11024,2,2,EA,CN,R1,True
11101,1,2,EA,CN,R1,False
11102,1,1,EA,CN,R1,True
11112,2,1,EA,CN,R1,False
11120,2,2,EA,CN,R1,True
11132,1,1,EA,CN,R1,True
11189,2,2,EA,CN,R1,True
11264,2,2,EA,CN,R1,True
11283,1,2,EA,CN,R1,False
11511,2,2,EA,CN,R1,True
11514,1,2,EA,CN,R1,False
11523,2,2,EA,CN,R1,True
11525,1,1,EA,CN,R1,True
11596,1,1,EA,CN,R1,True
11617,2,2,EA,CN,R1,True
11630,1,1,EA,CN,R1,True
11647,1,1,EA,CN,R1,True
11742,2,2,EA,CN,R1,True
11786,1,1,EA,CN,R1,True
11850,2,2,EA,CN,R1,True
11870,1,1,EA,CN,R1,True
11874,1,1,EA,CN,R1,True
11930,1,1,EA,CN,R1,True
11935,2,2,EA,CN,R1,True
11967,1,1,EA,CN,R1,True
12012,2,2,EA,CN,R1,True
12074,1,1,EA,CN,R1,True
12151,1,1,EA,CN,R1,True
12153,1,1,EA,CN,R1,True
12219,1,1,EA,CN,R1,True
12271,2,2,EA,CN,R1,True
12284,2,1,EA,CN,R1,False
12285,1,1,EA,CN,R1,True
12305,1,1,EA,CN,R1,True
12323,1,2,EA,CN,R1,False
12429,2,2,EA,CN,R1,True
12472,2,2,EA,CN,R1,True
12486,2,2,EA,CN,R1,True
12494,1,1,EA,CN,R1,True
12627,2,2,EA,CN,R1,True
12645,1,1,EA,CN,R1,True
12732,1,1,EA,CN,R1,True
12798,2,2,EA,CN,R1,True
12830,2,2,EA,CN,R1,True
12860,2,2,EA,CN,R1,True
12896,1,1,EA,CN,R1,True
12903,2,2,EA,CN,R1,True
12926,2,2,EA,CN,R1,True
12936,2,2,EA,CN,R1,True
12948,2,2,EA,CN,R1,True
12975,2,2,EA,CN,R1,True
12998,1,1,EA,CN,R1,True
13035,1,1,EA,CN,R1,True
13050,2,2,EA,CN,R1,True
13061,2,1,EA,CN,R1,False
13137,2,2,EA,CN,R1,True
13141,1,1,EA,CN,R1,True
13200,1,1,EA,CN,R1,True
13227,2,2,EA,CN,R1,True
13300,1,2,EA,CN,R1,False
13319,1,1,EA,CN,R1,True
13334,1,1,EA,CN,R1,True
13384,1,1,EA,CN,R1,True
13400,1,2,EA,CN,R1,False
13447,2,2,EA,CN,R1,True
13484,2,2,EA,CN,R1,True
13518,2,2,EA,CN,R1,True
13562,2,2,EA,CN,R1,True
13726,2,1,EA,CN,R1,False
13785,1,1,EA,CN,R1,True
13843,2,2,EA,CN,R1,True
13864,2,2,EA,CN,R1,True
13874,1,1,EA,CN,R1,True
13920,1,2,EA,CN,R1,False
13996,1,2,EA,CN,R1,False
14011,2,2,EA,CN,R1,True
14055,2,2,EA,CN,R1,True
14074,2,2,EA,CN,R1,True
14137,2,2,EA,CN,R1,True
14139,2,2,EA,CN,R1,True
14259,1,1,EA,CN,R1,True
14300,1,1,EA,CN,R1,True
14325,1,1,EA,CN,R1,True
14408,1,1,EA,CN,R1,True
14469,1,1,EA,CN,R1,True
14488,1,1,EA,CN,R1,True
14532,2,2,EA,CN,R1,True
14557,1,1,EA,CN,R1,True
14581,1,2,EA,CN,R1,False
14617,2,2,EA,CN,R1,True
14707,1,2,EA,CN,R1,False
14759,2,2,EA,CN,R1,True
14793,1,1,EA,CN,R1,True
14796,2,2,EA,CN,R1,True
14818,1,1,EA,CN,R1,True
14845,2,2,EA,CN,R1,True
14858,2,2,EA,CN,R1,True
14868,1,1,EA,CN,R1,True
14900,1,1,EA,CN,R1,True
14932,2,2,EA,CN,R1,True
14970,2,2,EA,CN,R1,True
14988,2,2,EA,CN,R1,True
15035,1,1,EA,CN,R1,True
15066,2,2,EA,CN,R1,True
15131,1,2,EA,CN,R1,False
15133,2,2,EA,CN,R1,True
15176,2,2,EA,CN,R1,True
15189,1,1,EA,CN,R1,True
15290,1,1,EA,CN,R1,True
15363,2,2,EA,CN,R1,True
15452,1,2,EA,CN,R1,False
15473,2,2,EA,CN,R1,True
15535,2,2,EA,CN,R1,True
15555,2,1,EA,CN,R1,False
15585,1,1,EA,CN,R1,True
15614,2,2,EA,CN,R1,True
15620,2,2,EA,CN,R1,True
15693,1,1,EA,CN,R1,True
15735,1,1,EA,CN,R1,True
15799,2,2,EA,CN,R1,True
15883,1,1,EA,CN,R1,True
15894,1,2,EA,CN,R1,False
16011,1,1,EA,CN,R1,True
16114,1,1,EA,CN,R1,True
16120,1,1,EA,CN,R1,True
16174,1,1,EA,CN,R1,True
16204,1,2,EA,CN,R1,False
16213,1,1,EA,CN,R1,True
16230,1,1,EA,CN,R1,True
16264,1,1,EA,CN,R1,True
16339,1,1,EA,CN,R1,True
16355,2,2,EA,CN,R1,True
16386,1,1,EA,CN,R1,True
16398,1,1,EA,CN,R1,True
16457,1,1,EA,CN,R1,True
16521,2,2,EA,CN,R1,True
16572,1,1,EA,CN,R1,True
16600,1,1,EA,CN,R1,True
16614,1,1,EA,CN,R1,True
16642,1,1,EA,CN,R1,True
16731,1,1,EA,CN,R1,True
16801,2,2,EA,CN,R1,True
16845,1,1,EA,CN,R1,True
16858,2,2,EA,CN,R1,True
16891,1,2,EA,CN,R1,False
16977,1,1,EA,CN,R1,True
17002,2,2,EA,CN,R1,True
17048,1,1,EA,CN,R1,True
17121,2,2,EA,CN,R1,True
17212,1,1,EA,CN,R1,True
17322,1,1,EA,CN,R1,True
17355,2,2,EA,CN,R1,True
17361,1,1,EA,CN,R1,True
17364,2,2,EA,CN,R1,True
17386,2,2,EA,CN,R1,True
17455,1,1,EA,CN,R1,True
17468,1,1,EA,CN,R1,True
17475,1,1,EA,CN,R1,True
17553,1,1,EA,CN,R1,True
17744,2,2,EA,CN,R1,True
17746,2,2,EA,CN,R1,True
17792,1,1,EA,CN,R1,True
17806,2,2,EA,CN,R1,True
17877,1,1,EA,CN,R1,True
17885,2,2,EA,CN,R1,True
17929,1,2,EA,CN,R1,False
17963,2,2,EA,CN,R1,True
18290,1,1,EA,CN,R1,True
18550,2,2,EA,CN,R1,True
18553,1,2,EA,CN,R1,False
18597,1,2,EA,CN,R1,False
18613,2,2,EA,CN,R1,True
18630,2,2,EA,CN,R1,True
18631,1,1,EA,CN,R1,True
18643,1,1,EA,CN,R1,True
18652,1,1,EA,CN,R1,True
18656,1,2,EA,CN,R1,False
18805,1,2,EA,CN,R1,False
18820,1,1,EA,CN,R1,True
18839,2,2,EA,CN,R1,True
18874,1,1,EA,CN,R1,True
18886,1,1,EA,CN,R1,True
18935,1,1,EA,CN,R1,True
18961,2,2,EA,CN,R1,True
18970,1,1,EA,CN,R1,True
18998,2,2,EA,CN,R1,True
19036,2,2,EA,CN,R1,True
19045,2,2,EA,CN,R1,True
19113,2,1,EA,CN,R1,False
19164,1,1,EA,CN,R1,True
19267,2,2,EA,CN,R1,True
19295,1,1,EA,CN,R1,True
19331,2,2,EA,CN,R1,True
19341,1,1,EA,CN,R1,True
19363,1,1,EA,CN,R1,True
19383,1,1,EA,CN,R1,True
19385,2,2,EA,CN,R1,True
19395,2,2,EA,CN,R1,True
19486,2,2,EA,CN,R1,True
19496,2,2,EA,CN,R1,True
19519,2,2,EA,CN,R1,True
19532,1,1,EA,CN,R1,True
19538,1,1,EA,CN,R1,True
19599,1,2,EA,CN,R1,False
19643,1,1,EA,CN,R1,True
19686,1,1,EA,CN,R1,True
19738,1,1,EA,CN,R1,True
19794,1,1,EA,CN,R1,True
19811,1,1,EA,CN,R1,True
19830,2,2,EA,CN,R1,True
19839,2,2,EA,CN,R1,True
19854,2,2,EA,CN,R1,True
19900,1,2,EA,CN,R1,False
19915,1,1,EA,CN,R1,True
19967,1,1,EA,CN,R1,True
19968,2,2,EA,CN,R1,True
20031,1,1,EA,CN,R1,True
20184,2,2,EA,CN,R1,True
20283,1,1,EA,CN,R1,True
20299,2,2,EA,CN,R1,True
20351,2,2,EA,CN,R1,True
20380,2,2,EA,CN,R1,True
20407,1,2,EA,CN,R1,False
20420,1,1,EA,CN,R1,True
20431,1,1,EA,CN,R1,True
20443,1,1,EA,CN,R1,True
20446,2,2,EA,CN,R1,True
20465,1,1,EA,CN,R1,True
20467,1,1,EA,CN,R1,True
20504,2,2,EA,CN,R1,True
20528,1,1,EA,CN,R1,True
20609,1,1,EA,CN,R1,True
20666,1,1,EA,CN,R1,True
20677,1,1,EA,CN,R1,True
20685,2,2,EA,CN,R1,True
20839,2,2,EA,CN,R1,True
20853,1,1,EA,CN,R1,True
20869,2,2,EA,CN,R1,True
20890,2,2,EA,CN,R1,True
20895,2,1,EA,CN,R1,False
20964,1,1,EA,CN,R1,True
20971,2,2,EA,CN,R1,True
21051,2,2,EA,CN,R1,True
21067,2,2,EA,CN,R1,True
21074,1,1,EA,CN,R1,True
21098,2,2,EA,CN,R1,True
21130,2,2,EA,CN,R1,True
21158,1,1,EA,CN,R1,True
21165,1,1,EA,CN,R1,True
21167,1,1,EA,CN,R1,True
21173,1,1,EA,CN,R1,True
21180,2,2,EA,CN,R1,True
21203,2,2,EA,CN,R1,True
21210,1,1,EA,CN,R1,True
21399,1,1,EA,CN,R1,True
21509,2,2,EA,CN,R1,True
21544,2,2,EA,CN,R1,True
21598,1,2,EA,CN,R1,False
21606,2,2,EA,CN,R1,True
21608,1,1,EA,CN,R1,True
21629,1,1,EA,CN,R1,True
21666,2,1,EA,CN,R1,False
21691,1,1,EA,CN,R1,True
21847,2,2,EA,CN,R1,True
21910,2,1,EA,CN,R1,False
21961,1,1,EA,CN,R1,True
21976,1,1,EA,CN,R1,True
21987,2,2,EA,CN,R1,True
22043,2,2,EA,CN,R1,True
22052,1,1,EA,CN,R1,True
22065,1,1,EA,CN,R1,True
22066,2,2,EA,CN,R1,True
22090,1,2,EA,CN,R1,False
22126,2,2,EA,CN,R1,True
22166,2,2,EA,CN,R1,True
22184,2,2,EA,CN,R1,True
22194,2,2,EA,CN,R1,True
22356,2,2,EA,CN,R1,True
22467,2,2,EA,CN,R1,True
22707,2,2,EA,CN,R1,True
22767,2,2,EA,CN,R1,True
22770,1,1,EA,CN,R1,True
22819,2,2,EA,CN,R1,True
22833,1,1,EA,CN,R1,True
22849,2,2,EA,CN,R1,True
22966,2,2,EA,CN,R1,True
23023,1,1,EA,CN,R1,True
23052,1,1,EA,CN,R1,True
23089,1,1,EA,CN,R1,True
23104,2,2,EA,CN,R1,True
23128,1,1,EA,CN,R1,True
23200,1,1,EA,CN,R1,True
23313,2,2,EA,CN,R1,True
23322,1,1,EA,CN,R1,True
23404,2,2,EA,CN,R1,True
23415,2,1,EA,CN,R1,False
23440,2,2,EA,CN,R1,True
23453,2,2,EA,CN,R1,True
23505,1,1,EA,CN,R1,True
23514,2,2,EA,CN,R1,True
23524,1,1,EA,CN,R1,True
23530,2,2,EA,CN,R1,True
23534,1,2,EA,CN,R1,False
23574,1,1,EA,CN,R1,True
23584,1,1,EA,CN,R1,True
23605,1,1,EA,CN,R1,True
23620,2,2,EA,CN,R1,True
23648,2,2,EA,CN,R1,True
23699,2,2,EA,CN,R1,True
23713,2,2,EA,CN,R1,True
23779,1,1,EA,CN,R1,True
23871,1,1,EA,CN,R1,True
23873,1,1,EA,CN,R1,True
23901,1,1,EA,CN,R1,True
24026,2,2,EA,CN,R1,True
24163,1,1,EA,CN,R1,True
24174,2,2,EA,CN,R1,True
24223,1,1,EA,CN,R1,True
24304,1,1,EA,CN,R1,True
24334,2,2,EA,CN,R1,True
24405,2,2,EA,CN,R1,True
24408,1,1,EA,CN,R1,True
24500,2,2,EA,CN,R1,True
24541,2,2,EA,CN,R1,True
24573,1,1,EA,CN,R1,True
24637,2,2,EA,CN,R1,True
24673,2,1,EA,CN,R1,False
24706,1,1,EA,CN,R1,True
24740,2,2,EA,CN,R1,True
24774,2,2,EA,CN,R1,True
24836,1,1,EA,CN,R1,True
24902,2,2,EA,CN,R1,True
24959,1,2,EA,CN,R1,False
24975,1,1,EA,CN,R1,True
24995,1,1,EA,CN,R1,True
25038,1,1,EA,CN,R1,True
25109,2,2,EA,CN,R1,True
25137,1,1,EA,CN,R1,True
25155,1,1,EA,CN,R1,True
25239,2,2,EA,CN,R1,True
25270,1,1,EA,CN,R1,True
25302,2,2,EA,CN,R1,True
25337,1,1,EA,CN,R1,True
25369,2,2,EA,CN,R1,True
25416,1,1,EA,CN,R1,True
25435,1,1,EA,CN,R1,True
25447,1,1,EA,CN,R1,True
25448,2,2,EA,CN,R1,True
25471,2,2,EA,CN,R1,True
25523,2,2,EA,CN,R1,True
25591,2,1,EA,CN,R1,False
25650,1,1,EA,CN,R1,True
25690,1,1,EA,CN,R1,True
25698,2,2,EA,CN,R1,True
25868,1,1,EA,CN,R1,True
25990,2,2,EA,CN,R1,True
26032,1,1,EA,CN,R1,True
26129,2,2,EA,CN,R1,True
26161,1,1,EA,CN,R1,True
26178,1,2,EA,CN,R1,False
26211,2,2,EA,CN,R1,True
26281,2,1,EA,CN,R1,False
26287,2,2,EA,CN,R1,True
26292,1,1,EA,CN,R1,True
26302,1,1,EA,CN,R1,True
26321,2,2,EA,CN,R1,True
26337,1,1,EA,CN,R1,True
26480,2,2,EA,CN,R1,True
26492,2,2,EA,CN,R1,True
26528,1,1,EA,CN,R1,True
26575,1,2,EA,CN,R1,False
26678,2,2,EA,CN,R1,True
26714,2,2,EA,CN,R1,True
26831,1,1,EA,CN,R1,True
26865,2,2,EA,CN,R1,True
26878,2,2,EA,CN,R1,True
27088,1,1,EA,CN,R1,True
27101,1,1,EA,CN,R1,True
27117,1,1,EA,CN,R1,True
27271,1,1,EA,CN,R1,True
27431,2,2,EA,CN,R1,True
27497,1,1,EA,CN,R1,True
27524,2,2,EA,CN,R1,True
27558,2,2,EA,CN,R1,True
27610,2,2,EA,CN,R1,True
27668,2,2,EA,CN,R1,True
27740,2,2,EA,CN,R1,True
27828,2,2,EA,CN,R1,True
27904,2,2,EA,CN,R1,True
27910,2,2,EA,CN,R1,True
27911,2,2,EA,CN,R1,True
28011,2,2,EA,CN,R1,True
28051,2,2,EA,CN,R1,True
28067,1,1,EA,CN,R1,True
28114,2,2,EA,CN,R1,True
28222,2,2,EA,CN,R1,True
28262,2,2,EA,CN,R1,True
28271,1,1,EA,CN,R1,True
28341,1,1,EA,CN,R1,True
28365,2,2,EA,CN,R1,True
28463,2,2,EA,CN,R1,True
28550,1,2,EA,CN,R1,False
28574,2,2,EA,CN,R1,True
28656,2,2,EA,CN,R1,True
28674,2,2,EA,CN,R1,True
28728,1,1,EA,CN,R1,True
28789,2,2,EA,CN,R1,True
28814,2,1,EA,CN,R1,False
28822,2,2,EA,CN,R1,True
28963,1,1,EA,CN,R1,True
29070,2,2,EA,CN,R1,True
29105,1,2,EA,CN,R1,False
29144,1,1,EA,CN,R1,True
29243,2,2,EA,CN,R1,True
29385,1,1,EA,CN,R1,True
29411,1,1,EA,CN,R1,True
29417,2,2,EA,CN,R1,True
29454,2,2,EA,CN,R1,True
29484,2,2,EA,CN,R1,True
29582,1,1,EA,CN,R1,True
29629,1,1,EA,CN,R1,True
29644,1,1,EA,CN,R1,True
29679,1,1,EA,CN,R1,True
29768,1,1,EA,CN,R1,True
29903,1,1,EA,CN,R1,True
29912,1,1,EA,CN,R1,True
29978,2,1,EA,CN,R1,False
30052,1,1,EA,CN,R1,True
30118,1,1,EA,CN,R1,True
30137,2,2,EA,CN,R1,True
30143,1,1,EA,CN,R1,True
30180,1,1,EA,CN,R1,True
30259,1,1,EA,CN,R1,True
30273,1,1,EA,CN,R1,True
30285,2,2,EA,CN,R1,True
30328,1,1,EA,CN,R1,True
30329,1,1,EA,CN,R1,True
30336,2,2,EA,CN,R1,True
30340,1,1,EA,CN,R1,True
30352,2,2,EA,CN,R1,True
30367,2,2,EA,CN,R1,True
30457,2,2,EA,CN,R1,True
30498,1,2,EA,CN,R1,False
30514,1,1,EA,CN,R1,True
30544,1,1,EA,CN,R1,True
30637,1,1,EA,CN,R1,True
30694,2,2,EA,CN,R1,True
30701,2,2,EA,CN,R1,True
30710,2,2,EA,CN,R1,True
30807,2,1,EA,CN,R1,False
30825,1,1,EA,CN,R1,True
30846,1,1,EA,CN,R1,True
30856,2,2,EA,CN,R1,True
30872,2,2,EA,CN,R1,True
30880,1,1,EA,CN,R1,True
30899,1,1,EA,CN,R1,True
30922,2,1,EA,CN,R1,False
30936,2,2,EA,CN,R1,True
31029,1,1,EA,CN,R1,True
31060,1,1,EA,CN,R1,True
31089,1,1,EA,CN,R1,True
31128,1,1,EA,CN,R1,True
31129,2,2,EA,CN,R1,True
31138,1,1,EA,CN,R1,True
31148,1,1,EA,CN,R1,True
31247,1,1,EA,CN,R1,True
31350,2,2,EA,CN,R1,True
31386,2,2,EA,CN,R1,True
31483,2,2,EA,CN,R1,True
31568,1,1,EA,CN,R1,True
31597,1,1,EA,CN,R1,True
31622,1,1,EA,CN,R1,True
31628,1,1,EA,CN,R1,True
31665,1,1,EA,CN,R1,True
31720,1,1,EA,CN,R1,True
31728,1,1,EA,CN,R1,True
31808,1,2,EA,CN,R1,False
31883,2,2,EA,CN,R1,True
31907,2,2,EA,CN,R1,True
32003,2,2,EA,CN,R1,True
32090,1,1,EA,CN,R1,True
32112,2,2,EA,CN,R1,True
32116,2,2,EA,CN,R1,True
32131,2,2,EA,CN,R1,True
32167,1,1,EA,CN,R1,True
32177,1,1,EA,CN,R1,True
32263,2,2,EA,CN,R1,True
32265,1,1,EA,CN,R1,True
32323,2,2,EA,CN,R1,True
32372,1,1,EA,CN,R1,True
32463,2,2,EA,CN,R1,True
32489,2,2,EA,CN,R1,True
32518,1,1,EA,CN,R1,True
32558,1,2,EA,CN,R1,False
32572,2,2,EA,CN,R1,True
32638,1,1,EA,CN,R1,True
32679,1,1,EA,CN,R1,True
32722,2,2,EA,CN,R1,True
32747,1,1,EA,CN,R1,True
32753,2,2,EA,CN,R1,True
32785,1,1,EA,CN,R1,True
32872,2,2,EA,CN,R1,True
32894,2,1,EA,CN,R1,False
32913,1,1,EA,CN,R1,True
32963,1,1,EA,CN,R1,True
32972,2,2,EA,CN,R1,True
33026,1,2,EA,CN,R1,False
33067,2,2,EA,CN,R1,True
33126,2,2,EA,CN,R1,True
33141,2,2,EA,CN,R1,True
33154,1,1,EA,CN,R1,True
33212,1,2,EA,CN,R1,False
33262,2,2,EA,CN,R1,True
33291,1,1,EA,CN,R1,True
33322,2,1,EA,CN,R1,False
33345,1,1,EA,CN,R1,True
33390,2,1,EA,CN,R1,False
33470,1,1,EA,CN,R1,True
33509,1,1,EA,CN,R1,True
33532,2,2,EA,CN,R1,True
33649,1,1,EA,CN,R1,True
33741,1,1,EA,CN,R1,True
33743,2,2,EA,CN,R1,True
33765,2,2,EA,CN,R1,True
33808,2,2,EA,CN,R1,True
33856,1,1,EA,CN,R1,True
33859,2,2,EA,CN,R1,True
33890,2,2,EA,CN,R1,True
33936,1,2,EA,CN,R1,False
33940,1,2,EA,CN,R1,False
33961,1,1,EA,CN,R1,True
33962,2,2,EA,CN,R1,True
33986,1,1,EA,CN,R1,True
34029,2,2,EA,CN,R1,True
34125,2,2,EA,CN,R1,True
34143,2,2,EA,CN,R1,True
34148,1,1,EA,CN,R1,True
34171,2,1,EA,CN,R1,False
34215,2,2,EA,CN,R1,True
34276,1,1,EA,CN,R1,True
34354,1,1,EA,CN,R1,True
34404,2,2,EA,CN,R1,True
34460,2,2,EA,CN,R1,True
34500,1,1,EA,CN,R1,True
34573,1,1,EA,CN,R1,True
34714,2,2,EA,CN,R1,True
34754,2,2,EA,CN,R1,True
34812,2,2,EA,CN,R1,True
34915,1,2,EA,CN,R1,False
34944,2,2,EA,CN,R1,True
34983,2,2,EA,CN,R1,True
35058,2,2,EA,CN,R1,True
35064,1,2,EA,CN,R1,False
35127,2,2,EA,CN,R1,True
35156,2,2,EA,CN,R1,True
35174,1,1,EA,CN,R1,True
35191,2,2,EA,CN,R1,True
35201,2,2,EA,CN,R1,True
35204,2,2,EA,CN,R1,True
35282,2,2,EA,CN,R1,True
35287,1,1,EA,CN,R1,True
35397,2,2,EA,CN,R1,True
35429,2,2,EA,CN,R1,True
35467,1,2,EA,CN,R1,False
35542,2,2,EA,CN,R1,True
35564,2,2,EA,CN,R1,True
35592,1,1,EA,CN,R1,True
35643,2,2,EA,CN,R1,True
35653,1,2,EA,CN,R1,False
35715,2,2,EA,CN,R1,True
35732,2,2,EA,CN,R1,True
35738,2,2,EA,CN,R1,True
35871,1,2,EA,CN,R1,False
35880,2,2,EA,CN,R1,True
35912,1,2,EA,CN,R1,False
35939,2,2,EA,CN,R1,True
35991,2,2,EA,CN,R1,True
36100,2,2,EA,CN,R1,True
36117,1,1,EA,CN,R1,True
36126,2,2,EA,CN,R1,True
36186,2,2,EA,CN,R1,True
36190,1,1,EA,CN,R1,True
36199,2,2,EA,CN,R1,True
36209,1,1,EA,CN,R1,True
36247,1,1,EA,CN,R1,True
36403,1,2,EA,CN,R1,False
36419,2,2,EA,CN,R1,True
36434,2,2,EA,CN,R1,True
36449,1,1,EA,CN,R1,True
36482,2,2,EA,CN,R1,True
36557,2,2,EA,CN,R1,True
36686,2,2,EA,CN,R1,True
36689,2,1,EA,CN,R1,False
36734,1,1,EA,CN,R1,True
36743,1,1,EA,CN,R1,True
36767,2,2,EA,CN,R1,True
36812,2,2,EA,CN,R1,True
36819,2,2,EA,CN,R1,True
36849,2,2,EA,CN,R1,True
36960,1,1,EA,CN,R1,True
36974,2,2,EA,CN,R1,True
37016,2,2,EA,CN,R1,True
37020,1,1,EA,CN,R1,True
37082,2,2,EA,CN,R1,True
37102,2,1,EA,CN,R1,False
37114,1,2,EA,CN,R1,False
37124,2,2,EA,CN,R1,True
37184,2,2,EA,CN,R1,True
37234,1,2,EA,CN,R1,False
37245,1,1,EA,CN,R1,True
37258,1,2,EA,CN,R1,False
37327,1,1,EA,CN,R1,True
37367,2,2,EA,CN,R1,True
37404,1,1,EA,CN,R1,True
37422,1,1,EA,CN,R1,True
37432,2,2,EA,CN,R1,True
37435,1,1,EA,CN,R1,True
37490,1,1,EA,CN,R1,True
37569,2,2,EA,CN,R1,True
37608,1,1,EA,CN,R1,True
37614,2,2,EA,CN,R1,True
37679,1,1,EA,CN,R1,True
37723,2,2,EA,CN,R1,True
37725,2,2,EA,CN,R1,True
37743,2,2,EA,CN,R1,True
37842,1,1,EA,CN,R1,True
37843,1,1,EA,CN,R1,True
37909,1,1,EA,CN,R1,True
37955,1,1,EA,CN,R1,True
38026,2,2,EA,CN,R1,True
38068,2,2,EA,CN,R1,True
38078,2,2,EA,CN,R1,True
38130,1,2,EA,CN,R1,False
38144,1,1,EA,CN,R1,True
38146,1,1,EA,CN,R1,True
38166,1,1,EA,CN,R1,True
38191,2,2,EA,CN,R1,True
38245,1,1,EA,CN,R1,True
38352,1,1,EA,CN,R1,True
38390,2,1,EA,CN,R1,False
38395,1,1,EA,CN,R1,True
38425,2,2,EA,CN,R1,True
38485,1,1,EA,CN,R1,True
38518,1,1,EA,CN,R1,True
38530,1,1,EA,CN,R1,True
38562,2,2,EA,CN,R1,True
38593,2,2,EA,CN,R1,True
38627,2,2,EA,CN,R1,True
38630,1,1,EA,CN,R1,True
38721,1,1,EA,CN,R1,True
38773,2,1,EA,CN,R1,False
38802,1,2,EA,CN,R1,False
38809,2,1,EA,CN,R1,False
38811,2,2,EA,CN,R1,True
38829,1,1,EA,CN,R1,True
38858,1,2,EA,CN,R1,False
38920,2,2,EA,CN,R1,True
38928,2,2,EA,CN,R1,True
38947,1,1,EA,CN,R1,True
39152,1,2,EA,CN,R1,False
39199,1,1,EA,CN,R1,True
39321,1,1,EA,CN,R1,True
39356,2,2,EA,CN,R1,True
39388,2,2,EA,CN,R1,True
39457,1,1,EA,CN,R1,True
39466,1,1,EA,CN,R1,True
39532,2,2,EA,CN,R1,True
39553,2,2,EA,CN,R1,True
39557,1,1,EA,CN,R1,True
39715,1,2,EA,CN,R1,False
39795,1,1,EA,CN,R1,True
39804,1,1,EA,CN,R1,True
39833,2,2,EA,CN,R1,True
39842,1,1,EA,CN,R1,True
39855,1,2,EA,CN,R1,False
39864,2,2,EA,CN,R1,True
39884,2,2,EA,CN,R1,True
39918,1,1,EA,CN,R1,True
40068,1,1,EA,CN,R1,True
40135,1,1,EA,CN,R1,True
40164,1,1,EA,CN,R1,True
40169,1,1,EA,CN,R1,True
40296,2,2,EA,CN,R1,True
40352,2,1,EA,CN,R1,False
40376,1,1,EA,CN,R1,True
40497,2,2,EA,CN,R1,True
40535,1,1,EA,CN,R1,True
40542,2,2,EA,CN,R1,True
40622,2,2,EA,CN,R1,True
40625,2,2,EA,CN,R1,True
40653,2,2,EA,CN,R1,True
40762,1,1,EA,CN,R1,True
40853,1,1,EA,CN,R1,True
40855,2,2,EA,CN,R1,True
40920,1,2,EA,CN,R1,False
40923,2,2,EA,CN,R1,True
40969,1,1,EA,CN,R1,True
41001,2,2,EA,CN,R1,True
41077,1,1,EA,CN,R1,True
41103,2,2,EA,CN,R1,True
41150,1,2,EA,CN,R1,False
41152,1,2,EA,CN,R1,False
41237,1,1,EA,CN,R1,True
41239,1,1,EA,CN,R1,True
41360,2,2,EA,CN,R1,True
41368,1,1,EA,CN,R1,True
41416,1,2,EA,CN,R1,False
41472,1,1,EA,CN,R1,True
41514,1,2,EA,CN,R1,False
41581,2,2,EA,CN,R1,True
41590,1,2,EA,CN,R1,False
41607,1,1,EA,CN,R1,True
41636,1,1,EA,CN,R1,True
41704,1,1,EA,CN,R1,True
41829,1,1,EA,CN,R1,True
41836,1,1,EA,CN,R1,True
41906,2,2,EA,CN,R1,True
41973,2,2,EA,CN,R1,True
42006,1,2,EA,CN,R1,False
42040,1,1,EA,CN,R1,True
42067,1,1,EA,CN,R1,True
42086,2,2,EA,CN,R1,True
42112,2,2,EA,CN,R1,True
42166,2,2,EA,CN,R1,True
42174,2,1,EA,CN,R1,False
42185,2,2,EA,CN,R1,True
42228,2,2,EA,CN,R1,True
42330,1,1,EA,CN,R1,True
42335,2,2,EA,CN,R1,True
42344,1,1,EA,CN,R1,True
42391,2,2,EA,CN,R1,True
42428,1,1,EA,CN,R1,True
42468,1,2,EA,CN,R1,False
42521,1,1,EA,CN,R1,True
42568,1,2,EA,CN,R1,False
42572,2,2,EA,CN,R1,True
42585,1,1,EA,CN,R1,True
42609,2,2,EA,CN,R1,True
42690,2,2,EA,CN,R1,True
42714,2,2,EA,CN,R1,True
42860,2,2,EA,CN,R1,True
42886,2,2,EA,CN,R1,True
42922,2,2,EA,CN,R1,True
43042,1,1,EA,CN,R1,True
43070,2,2,EA,CN,R1,True
43164,2,2,EA,CN,R1,True
43191,1,1,EA,CN,R1,True
43295,2,2,EA,CN,R1,True
43350,2,2,EA,CN,R1,True
43486,1,1,EA,CN,R1,True
43526,2,2,EA,CN,R1,True
43621,2,2,EA,CN,R1,True
43668,2,2,EA,CN,R1,True
43764,2,2,EA,CN,R1,True
43800,2,2,EA,CN,R1,True
43878,1,1,EA,CN,R1,True
44063,2,2,EA,CN,R1,True
44064,2,2,EA,CN,R1,True
44147,1,2,EA,CN,R1,False
44167,2,2,EA,CN,R1,True
44178,2,2,EA,CN,R1,True
44313,2,2,EA,CN,R1,True
44380,1,1,EA,CN,R1,True
44400,1,2,EA,CN,R1,False
44415,2,2,EA,CN,R1,True
44430,2,2,EA,CN,R1,True
44444,2,2,EA,CN,R1,True
44458,2,2,EA,CN,R1,True
44475,1,1,EA,CN,R1,True
44479,2,2,EA,CN,R1,True
44628,1,1,EA,CN,R1,True
44682,1,1,EA,CN,R1,True
44743,1,1,EA,CN,R1,True
44833,1,1,EA,CN,R1,True
44841,1,2,EA,CN,R1,False
44887,2,2,EA,CN,R1,True
44967,1,1,EA,CN,R1,True
45012,2,2,EA,CN,R1,True
45024,1,1,EA,CN,R1,True
45075,2,2,EA,CN,R1,True
45117,2,2,EA,CN,R1,True
45137,2,2,EA,CN,R1,True
45175,2,2,EA,CN,R1,True
45184,1,1,EA,CN,R1,True
45289,1,1,EA,CN,R1,True
45314,1,1,EA,CN,R1,True
45337,1,1,EA,CN,R1,True
45340,2,2,EA,CN,R1,True
45390,2,2,EA,CN,R1,True
45424,2,2,EA,CN,R1,True
45470,2,2,EA,CN,R1,True
45492,1,1,EA,CN,R1,True
45529,2,2,EA,CN,R1,True
45544,2,2,EA,CN,R1,True
45784,1,1,EA,CN,R1,True
45800,2,2,EA,CN,R1,True
45811,2,2,EA,CN,R1,True
45837,1,1,EA,CN,R1,True
45857,2,2,EA,CN,R1,True
45893,2,2,EA,CN,R1,True
45938,2,2,EA,CN,R1,True
45983,1,1,EA,CN,R1,True
45985,1,1,EA,CN,R1,True
46026,2,2,EA,CN,R1,True
46132,1,1,EA,CN,R1,True
46147,1,1,EA,CN,R1,True
46160,1,1,EA,CN,R1,True
46346,1,1,EA,CN,R1,True
46371,2,1,EA,CN,R1,False
46372,2,2,EA,CN,R1,True
46555,2,2,EA,CN,R1,True
46569,2,2,EA,CN,R1,True
46595,2,2,EA,CN,R1,True
46674,1,1,EA,CN,R1,True
46707,1,1,EA,CN,R1,True
46710,2,2,EA,CN,R1,True
46751,2,2,EA,CN,R1,True
46756,1,1,EA,CN,R1,True
46810,2,2,EA,CN,R1,True
46859,2,2,EA,CN,R1,True
46880,1,1,EA,CN,R1,True
46894,2,2,EA,CN,R1,True
46969,2,2,EA,CN,R1,True
47060,2,2,EA,CN,R1,True
47065,1,2,EA,CN,R1,False
47097,1,1,EA,CN,R1,True
47139,2,2,EA,CN,R1,True
47169,2,2,EA,CN,R1,True
47174,2,2,EA,CN,R1,True
47216,2,2,EA,CN,R1,True
47246,2,2,EA,CN,R1,True
47249,2,2,EA,CN,R1,True
47362,1,1,EA,CN,R1,True
47371,1,1,EA,CN,R1,True
47560,1,1,EA,CN,R1,True
47603,1,1,EA,CN,R1,True
47619,2,2,EA,CN,R1,True
47632,1,1,EA,CN,R1,True
47865,2,2,EA,CN,R1,True
48180,2,1,EA,CN,R1,False
48182,1,1,EA,CN,R1,True
48246,1,1,EA,CN,R1,True
48329,1,1,EA,CN,R1,True
48352,1,1,EA,CN,R1,True
48355,2,2,EA,CN,R1,True
48441,1,2,EA,CN,R1,False
48449,2,2,EA,CN,R1,True
48506,2,2,EA,CN,R1,True
48538,2,2,EA,CN,R1,True
48541,1,1,EA,CN,R1,True
48562,2,2,EA,CN,R1,True
48566,1,1,EA,CN,R1,True
48728,1,1,EA,CN,R1,True
48859,2,2,EA,CN,R1,True
48976,2,2,EA,CN,R1,True
49004,1,1,EA,CN,R1,True
49029,1,2,EA,CN,R1,False
49047,1,1,EA,CN,R1,True
49052,1,1,EA,CN,R1,True
49095,1,1,EA,CN,R1,True
49132,1,1,EA,CN,R1,True
49146,1,1,EA,CN,R1,True
49168,1,1,EA,CN,R1,True
49182,1,2,EA,CN,R1,False
49189,1,1,EA,CN,R1,True
49213,1,1,EA,CN,R1,True
49228,1,1,EA,CN,R1,True
49242,2,2,EA,CN,R1,True
49325,1,1,EA,CN,R1,True
49460,1,1,EA,CN,R1,True
49550,1,2,EA,CN,R1,False
49700,1,2,EA,CN,R1,False
49737,1,1,EA,CN,R1,True
49765,1,2,EA,CN,R1,False
49777,1,1,EA,CN,R1,True
49855,2,2,EA,CN,R1,True
49870,2,2,EA,CN,R1,True
49943,2,2,EA,CN,R1,True
49950,2,2,EA,CN,R1,True
49959,2,2,EA,CN,R1,True
49971,2,1,EA,CN,R1,False
107,2,2,EA,CN,V3,True
176,1,1,EA,CN,V3,True
257,1,1,EA,CN,V3,True
283,2,2,EA,CN,V3,True
284,2,2,EA,CN,V3,True
287,1,1,EA,CN,V3,True
310,2,2,EA,CN,V3,True
337,2,2,EA,CN,V3,True
379,2,2,EA,CN,V3,True
393,2,2,EA,CN,V3,True
405,2,2,EA,CN,V3,True
423,1,2,EA,CN,V3,False
450,2,2,EA,CN,V3,True
504,2,2,EA,CN,V3,True
525,2,2,EA,CN,V3,True
545,1,1,EA,CN,V3,True
626,2,2,EA,CN,V3,True
715,2,2,EA,CN,V3,True
722,1,1,EA,CN,V3,True
793,2,2,EA,CN,V3,True
804,2,2,EA,CN,V3,True
813,2,2,EA,CN,V3,True
856,2,2,EA,CN,V3,True
893,2,2,EA,CN,V3,True
922,1,1,EA,CN,V3,True
1029,2,2,EA,CN,V3,True
1057,1,1,EA,CN,V3,True
1106,1,1,EA,CN,V3,True
1176,2,2,EA,CN,V3,True
1199,1,1,EA,CN,V3,True
1200,2,2,EA,CN,V3,True
1227,2,2,EA,CN,V3,True
1261,2,2,EA,CN,V3,True
1285,1,1,EA,CN,V3,True
1290,1,1,EA,CN,V3,True
1347,1,1,EA,CN,V3,True
1352,2,2,EA,CN,V3,True
1363,2,2,EA,CN,V3,True
1421,1,1,EA,CN,V3,True
1481,1,1,EA,CN,V3,True
1545,2,1,EA,CN,V3,False
1552,1,1,EA,CN,V3,True
1573,1,1,EA,CN,V3,True
1656,2,2,EA,CN,V3,True
1687,1,1,EA,CN,V3,True
1707,2,2,EA,CN,V3,True
1733,2,2,EA,CN,V3,True
1735,2,2,EA,CN,V3,True
1755,2,2,EA,CN,V3,True
1808,2,1,EA,CN,V3,False
1814,2,2,EA,CN,V3,True
1819,2,2,EA,CN,V3,True
1822,1,1,EA,CN,V3,True
1823,1,1,EA,CN,V3,True
1862,1,1,EA,CN,V3,True
2004,2,2,EA,CN,V3,True
2039,2,2,EA,CN,V3,True
2055,1,1,EA,CN,V3,True
2068,2,2,EA,CN,V3,True
2155,2,2,EA,CN,V3,True
2221,2,2,EA,CN,V3,True
2288,2,2,EA,CN,V3,True
2375,2,2,EA,CN,V3,True
2379,1,1,EA,CN,V3,True
2408,1,2,EA,CN,V3,False
2426,2,2,EA,CN,V3,True
2584,2,2,EA,CN,V3,True
2585,1,1,EA,CN,V3,True
2599,1,2,EA,CN,V3,False
2600,1,1,EA,CN,V3,True
2732,2,2,EA,CN,V3,True
2844,1,1,EA,CN,V3,True
2891,2,2,EA,CN,V3,True
2932,2,2,EA,CN,V3,True
2983,1,1,EA,CN,V3,True
3056,1,1,EA,CN,V3,True
3102,1,1,EA,CN,V3,True
3191,1,1,EA,CN,V3,True
3297,1,1,EA,CN,V3,True
3363,1,1,EA,CN,V3,True
3367,2,2,EA,CN,V3,True
3385,1,2,EA,CN,V3,False
3400,1,1,EA,CN,V3,True
3418,1,1,EA,CN,V3,True
3429,2,2,EA,CN,V3,True
3440,1,1,EA,CN,V3,True
3512,2,2,EA,CN,V3,True
3524,1,1,EA,CN,V3,True
3567,1,1,EA,CN,V3,True
3631,2,2,EA,CN,V3,True
3811,1,1,EA,CN,V3,True
3824,1,1,EA,CN,V3,True
3839,1,1,EA,CN,V3,True
3867,1,1,EA,CN,V3,True
3868,1,1,EA,CN,V3,True
3954,1,2,EA,CN,V3,False
3971,2,2,EA,CN,V3,True
4011,1,1,EA,CN,V3,True
4017,1,2,EA,CN,V3,False
4066,2,2,EA,CN,V3,True
4087,2,2,EA,CN,V3,True
4153,2,2,EA,CN,V3,True
4182,2,2,EA,CN,V3,True
4187,1,1,EA,CN,V3,True
4207,1,1,EA,CN,V3,True
4211,1,1,EA,CN,V3,True
4303,1,1,EA,CN,V3,True
4314,1,1,EA,CN,V3,True
4348,2,2,EA,CN,V3,True
4447,1,1,EA,CN,V3,True
4462,1,1,EA,CN,V3,True
4591,1,1,EA,CN,V3,True
4624,2,2,EA,CN,V3,True
4651,2,2,EA,CN,V3,True
4652,1,1,EA,CN,V3,True
4663,1,1,EA,CN,V3,True
4706,2,2,EA,CN,V3,True
4716,1,1,EA,CN,V3,True
4744,2,2,EA,CN,V3,True
4767,1,1,EA,CN,V3,True
4795,1,1,EA,CN,V3,True
4797,2,1,EA,CN,V3,False
4812,2,2,EA,CN,V3,True
4829,2,2,EA,CN,V3,True
4871,1,1,EA,CN,V3,True
4927,2,2,EA,CN,V3,True
5009,1,1,EA,CN,V3,True
5024,1,1,EA,CN,V3,True
5070,1,1,EA,CN,V3,True
5086,2,2,EA,CN,V3,True
5105,2,2,EA,CN,V3,True
5119,1,1,EA,CN,V3,True
5120,2,2,EA,CN,V3,True
5159,1,1,EA,CN,V3,True
5406,1,1,EA,CN,V3,True
5424,2,2,EA,CN,V3,True
5499,1,1,EA,CN,V3,True
5570,1,1,EA,CN,V3,True
5619,2,2,EA,CN,V3,True
5651,1,1,EA,CN,V3,True
5797,2,2,EA,CN,V3,True
5824,2,2,EA,CN,V3,True
5829,1,1,EA,CN,V3,True
5906,2,2,EA,CN,V3,True
5913,2,2,EA,CN,V3,True
5938,2,2,EA,CN,V3,True
5957,2,2,EA,CN,V3,True
5998,2,2,EA,CN,V3,True
6010,2,2,EA,CN,V3,True
6059,2,2,EA,CN,V3,True
6111,1,1,EA,CN,V3,True
6137,1,1,EA,CN,V3,True
6156,1,1,EA,CN,V3,True
6252,1,1,EA,CN,V3,True
6253,2,2,EA,CN,V3,True
6255,2,2,EA,CN,V3,True
6295,1,1,EA,CN,V3,True
6347,1,1,EA,CN,V3,True
6374,1,1,EA,CN,V3,True
6452,1,1,EA,CN,V3,True
6465,1,1,EA,CN,V3,True
6484,2,2,EA,CN,V3,True
6519,2,2,EA,CN,V3,True
6527,1,1,EA,CN,V3,True
6595,1,1,EA,CN,V3,True
6631,1,1,EA,CN,V3,True
6692,1,1,EA,CN,V3,True
6715,2,2,EA,CN,V3,True
6728,1,1,EA,CN,V3,True
6756,2,2,EA,CN,V3,True
6812,1,1,EA,CN,V3,True
6824,1,1,EA,CN,V3,True
6842,1,2,EA,CN,V3,False
6867,1,1,EA,CN,V3,True
6868,2,2,EA,CN,V3,True
6899,2,2,EA,CN,V3,True
6977,2,2,EA,CN,V3,True
6991,1,1,EA,CN,V3,True
7001,2,2,EA,CN,V3,True
7004,1,1,EA,CN,V3,True
7070,2,2,EA,CN,V3,True
7096,1,1,EA,CN,V3,True
7099,1,1,EA,CN,V3,True
7194,2,2,EA,CN,V3,True
7220,2,2,EA,CN,V3,True
7313,2,2,EA,CN,V3,True
7387,1,1,EA,CN,V3,True
7407,1,1,EA,CN,V3,True
7430,2,2,EA,CN,V3,True
7439,1,1,EA,CN,V3,True
7451,1,2,EA,CN,V3,False
7498,2,2,EA,CN,V3,True
7550,1,1,EA,CN,V3,True
7553,2,2,EA,CN,V3,True
7555,1,1,EA,CN,V3,True
7581,2,2,EA,CN,V3,True
7599,2,2,EA,CN,V3,True
7631,1,1,EA,CN,V3,True
7654,1,1,EA,CN,V3,True
7687,1,1,EA,CN,V3,True
7723,1,1,EA,CN,V3,True
7887,1,1,EA,CN,V3,True
7894,1,1,EA,CN,V3,True
7966,1,1,EA,CN,V3,True
7972,1,1,EA,CN,V3,True
7992,1,2,EA,CN,V3,False
8015,2,2,EA,CN,V3,True
8139,1,1,EA,CN,V3,True
8217,1,1,EA,CN,V3,True
8268,1,1,EA,CN,V3,True
8339,1,1,EA,CN,V3,True
8366,2,2,EA,CN,V3,True
8444,1,1,EA,CN,V3,True
8477,1,1,EA,CN,V3,True
8580,2,2,EA,CN,V3,True
8614,1,1,EA,CN,V3,True
8630,2,2,EA,CN,V3,True
8637,1,1,EA,CN,V3,True
8672,1,1,EA,CN,V3,True
8800,1,1,EA,CN,V3,True
8816,2,2,EA,CN,V3,True
8902,2,2,EA,CN,V3,True
8923,2,2,EA,CN,V3,True
8948,1,1,EA,CN,V3,True
8993,1,1,EA,CN,V3,True
9004,1,1,EA,CN,V3,True
9089,2,2,EA,CN,V3,True
9120,1,1,EA,CN,V3,True
9134,2,2,EA,CN,V3,True
9246,2,2,EA,CN,V3,True
9268,1,1,EA,CN,V3,True
9325,1,1,EA,CN,V3,True
9349,2,2,EA,CN,V3,True
9357,2,2,EA,CN,V3,True
9417,1,1,EA,CN,V3,True
9459,1,2,EA,CN,V3,False
9465,1,1,EA,CN,V3,True
9469,2,2,EA,CN,V3,True
9473,1,2,EA,CN,V3,False
9544,1,1,EA,CN,V3,True
9595,1,1,EA,CN,V3,True
9632,2,2,EA,CN,V3,True
9635,2,2,EA,CN,V3,True
9677,2,2,EA,CN,V3,True
9715,1,1,EA,CN,V3,True
9774,2,2,EA,CN,V3,True
9796,1,1,EA,CN,V3,True
9892,2,2,EA,CN,V3,True
9899,1,1,EA,CN,V3,True
9907,2,2,EA,CN,V3,True
9934,1,1,EA,CN,V3,True
9987,1,1,EA,CN,V3,True
10022,1,1,EA,CN,V3,True
10156,1,1,EA,CN,V3,True
10163,1,1,EA,CN,V3,True
10187,2,1,EA,CN,V3,False
10210,1,1,EA,CN,V3,True
10301,2,2,EA,CN,V3,True
10328,1,1,EA,CN,V3,True
10330,2,2,EA,CN,V3,True
10361,1,1,EA,CN,V3,True
10375,1,1,EA,CN,V3,True
10400,1,1,EA,CN,V3,True
10423,2,2,EA,CN,V3,True
10434,1,1,EA,CN,V3,True
10450,2,2,EA,CN,V3,True
10566,2,2,EA,CN,V3,True
10600,1,1,EA,CN,V3,True
10610,2,2,EA,CN,V3,True
10626,2,1,EA,CN,V3,False
10634,2,2,EA,CN,V3,True
10713,2,2,EA,CN,V3,True
10771,2,2,EA,CN,V3,True
10803,2,1,EA,CN,V3,False
10910,2,2,EA,CN,V3,True
10954,2,2,EA,CN,V3,True
10978,1,1,EA,CN,V3,True
11024,2,2,EA,CN,V3,True
11101,1,1,EA,CN,V3,True
11102,1,1,EA,CN,V3,True
11112,2,2,EA,CN,V3,True
11120,2,2,EA,CN,V3,True
11132,1,1,EA,CN,V3,True
11189,2,2,EA,CN,V3,True
11241,1,2,EA,CN,V3,False
11264,2,2,EA,CN,V3,True
11283,1,2,EA,CN,V3,False
11511,2,2,EA,CN,V3,True
11523,2,2,EA,CN,V3,True
11525,1,1,EA,CN,V3,True
11596,1,1,EA,CN,V3,True
11603,1,1,EA,CN,V3,True
11617,2,1,EA,CN,V3,False
11630,1,1,EA,CN,V3,True
11742,2,2,EA,CN,V3,True
11786,1,1,EA,CN,V3,True
11850,2,2,EA,CN,V3,True
11870,1,1,EA,CN,V3,True
11874,1,1,EA,CN,V3,True
11930,1,1,EA,CN,V3,True
11935,2,2,EA,CN,V3,True
11967,1,1,EA,CN,V3,True
12012,2,2,EA,CN,V3,True
12074,1,1,EA,CN,V3,True
12143,2,1,EA,CN,V3,False
12151,1,1,EA,CN,V3,True
12153,1,1,EA,CN,V3,True
12219,1,1,EA,CN,V3,True
12271,2,2,EA,CN,V3,True
12284,2,1,EA,CN,V3,False
12285,1,1,EA,CN,V3,True
12305,1,1,EA,CN,V3,True
12323,1,1,EA,CN,V3,True
12429,2,2,EA,CN,V3,True
12486,2,2,EA,CN,V3,True
12494,1,1,EA,CN,V3,True
12645,1,1,EA,CN,V3,True
12732,1,1,EA,CN,V3,True
12798,2,2,EA,CN,V3,True
12830,2,2,EA,CN,V3,True
12860,2,2,EA,CN,V3,True
12896,1,1,EA,CN,V3,True
12903,2,1,EA,CN,V3,False
12926,2,2,EA,CN,V3,True
12936,2,2,EA,CN,V3,True
12948,2,2,EA,CN,V3,True
12975,2,2,EA,CN,V3,True
12998,1,1,EA,CN,V3,True
13035,1,1,EA,CN,V3,True
13050,2,2,EA,CN,V3,True
13061,2,1,EA,CN,V3,False
13113,2,2,EA,CN,V3,True
13115,1,2,EA,CN,V3,False
13137,2,2,EA,CN,V3,True
13141,1,1,EA,CN,V3,True
13200,1,1,EA,CN,V3,True
13227,2,2,EA,CN,V3,True
13300,1,2,EA,CN,V3,False
13319,1,1,EA,CN,V3,True
13384,1,2,EA,CN,V3,False
13469,2,2,EA,CN,V3,True
13484,2,2,EA,CN,V3,True
13518,2,2,EA,CN,V3,True
13562,2,2,EA,CN,V3,True
13785,1,1,EA,CN,V3,True
13843,2,2,EA,CN,V3,True
13864,2,2,EA,CN,V3,True
13874,1,1,EA,CN,V3,True
13996,1,2,EA,CN,V3,False
14011,2,2,EA,CN,V3,True
14055,2,2,EA,CN,V3,True
14074,2,2,EA,CN,V3,True
14137,2,2,EA,CN,V3,True
14139,2,2,EA,CN,V3,True
14259,1,1,EA,CN,V3,True
14300,1,1,EA,CN,V3,True
14325,1,1,EA,CN,V3,True
14408,1,1,EA,CN,V3,True
14410,1,2,EA,CN,V3,False
14469,1,1,EA,CN,V3,True
14488,1,1,EA,CN,V3,True
14532,2,2,EA,CN,V3,True
14550,2,2,EA,CN,V3,True
14557,1,1,EA,CN,V3,True
14581,1,2,EA,CN,V3,False
14617,2,2,EA,CN,V3,True
14759,2,2,EA,CN,V3,True
14793,1,1,EA,CN,V3,True
14796,2,2,EA,CN,V3,True
14818,1,1,EA,CN,V3,True
14845,2,2,EA,CN,V3,True
14858,2,1,EA,CN,V3,False
14868,1,1,EA,CN,V3,True
14900,1,1,EA,CN,V3,True
14932,2,2,EA,CN,V3,True
14970,2,2,EA,CN,V3,True
14988,2,2,EA,CN,V3,True
15035,1,1,EA,CN,V3,True
15066,2,2,EA,CN,V3,True
15131,1,2,EA,CN,V3,False
15133,2,2,EA,CN,V3,True
15176,2,2,EA,CN,V3,True
15189,1,1,EA,CN,V3,True
15254,1,1,EA,CN,V3,True
15290,1,1,EA,CN,V3,True
15363,2,2,EA,CN,V3,True
15473,2,1,EA,CN,V3,False
15535,2,2,EA,CN,V3,True
15538,1,1,EA,CN,V3,True
15555,2,1,EA,CN,V3,False
15585,1,2,EA,CN,V3,False
15614,2,2,EA,CN,V3,True
15620,2,2,EA,CN,V3,True
15693,1,1,EA,CN,V3,True
15735,1,1,EA,CN,V3,True
15799,2,2,EA,CN,V3,True
15822,1,1,EA,CN,V3,True
15883,1,1,EA,CN,V3,True
15894,1,2,EA,CN,V3,False
16011,1,1,EA,CN,V3,True
16114,1,1,EA,CN,V3,True
16120,1,1,EA,CN,V3,True
16174,1,1,EA,CN,V3,True
16204,1,2,EA,CN,V3,False
16230,1,1,EA,CN,V3,True
16264,1,1,EA,CN,V3,True
16339,1,1,EA,CN,V3,True
16355,2,2,EA,CN,V3,True
16386,1,1,EA,CN,V3,True
16398,1,1,EA,CN,V3,True
16457,1,1,EA,CN,V3,True
16521,2,2,EA,CN,V3,True
16572,1,1,EA,CN,V3,True
16600,1,1,EA,CN,V3,True
16614,1,1,EA,CN,V3,True
16642,1,1,EA,CN,V3,True
16731,1,1,EA,CN,V3,True
16801,2,2,EA,CN,V3,True
16845,1,1,EA,CN,V3,True
16858,2,2,EA,CN,V3,True
16891,1,1,EA,CN,V3,True
16903,1,1,EA,CN,V3,True
16977,1,1,EA,CN,V3,True
17002,2,2,EA,CN,V3,True
17048,1,1,EA,CN,V3,True
17079,2,2,EA,CN,V3,True
17082,2,1,EA,CN,V3,False
17121,2,2,EA,CN,V3,True
17212,1,1,EA,CN,V3,True
17241,2,2,EA,CN,V3,True
17322,1,1,EA,CN,V3,True
17355,2,2,EA,CN,V3,True
17361,1,1,EA,CN,V3,True
17364,2,2,EA,CN,V3,True
17386,2,2,EA,CN,V3,True
17423,2,2,EA,CN,V3,True
17455,1,1,EA,CN,V3,True
17468,1,1,EA,CN,V3,True
17475,1,1,EA,CN,V3,True
17553,1,1,EA,CN,V3,True
17585,2,2,EA,CN,V3,True
17744,2,2,EA,CN,V3,True
17746,2,2,EA,CN,V3,True
17792,1,1,EA,CN,V3,True
17806,2,2,EA,CN,V3,True
17877,1,1,EA,CN,V3,True
17885,2,2,EA,CN,V3,True
17929,1,2,EA,CN,V3,False
17963,2,2,EA,CN,V3,True
18290,1,1,EA,CN,V3,True
18337,1,1,EA,CN,V3,True
18550,2,2,EA,CN,V3,True
18553,1,2,EA,CN,V3,False
18597,1,1,EA,CN,V3,True
18613,2,2,EA,CN,V3,True
18630,2,2,EA,CN,V3,True
18631,1,1,EA,CN,V3,True
18643,1,1,EA,CN,V3,True
18656,1,2,EA,CN,V3,False
18820,1,1,EA,CN,V3,True
18839,2,2,EA,CN,V3,True
18874,1,1,EA,CN,V3,True
18886,1,1,EA,CN,V3,True
18935,1,1,EA,CN,V3,True
18961,2,2,EA,CN,V3,True
18998,2,2,EA,CN,V3,True
19036,2,2,EA,CN,V3,True
19045,2,2,EA,CN,V3,True
19113,2,1,EA,CN,V3,False
19267,2,2,EA,CN,V3,True
19295,1,1,EA,CN,V3,True
19331,2,2,EA,CN,V3,True
19341,1,1,EA,CN,V3,True
19363,1,1,EA,CN,V3,True
19383,1,1,EA,CN,V3,True
19385,2,2,EA,CN,V3,True
19395,2,2,EA,CN,V3,True
19486,2,2,EA,CN,V3,True
19496,2,2,EA,CN,V3,True
19519,2,1,EA,CN,V3,False
19532,1,1,EA,CN,V3,True
19538,1,1,EA,CN,V3,True
19593,1,2,EA,CN,V3,False
19599,1,2,EA,CN,V3,False
19643,1,1,EA,CN,V3,True
19686,1,1,EA,CN,V3,True
19738,1,1,EA,CN,V3,True
19794,1,1,EA,CN,V3,True
19811,1,1,EA,CN,V3,True
19826,2,2,EA,CN,V3,True
19830,2,2,EA,CN,V3,True
19839,2,2,EA,CN,V3,True
19854,2,2,EA,CN,V3,True
19900,1,1,EA,CN,V3,True
19915,1,1,EA,CN,V3,True
19968,2,2,EA,CN,V3,True
20031,1,1,EA,CN,V3,True
20184,2,1,EA,CN,V3,False
20270,2,1,EA,CN,V3,False
20283,1,1,EA,CN,V3,True
20299,2,2,EA,CN,V3,True
20351,2,2,EA,CN,V3,True
20380,2,2,EA,CN,V3,True
20407,1,2,EA,CN,V3,False
20420,1,1,EA,CN,V3,True
20422,1,1,EA,CN,V3,True
20431,1,1,EA,CN,V3,True
20443,1,1,EA,CN,V3,True
20446,2,2,EA,CN,V3,True
20465,1,1,EA,CN,V3,True
20467,1,1,EA,CN,V3,True
20504,2,2,EA,CN,V3,True
20528,1,1,EA,CN,V3,True
20542,1,1,EA,CN,V3,True
20609,1,1,EA,CN,V3,True
20666,1,1,EA,CN,V3,True
20677,1,1,EA,CN,V3,True
20685,2,2,EA,CN,V3,True
20717,2,2,EA,CN,V3,True
20839,2,2,EA,CN,V3,True
20853,1,1,EA,CN,V3,True
20869,2,2,EA,CN,V3,True
20890,2,2,EA,CN,V3,True
20895,2,1,EA,CN,V3,False
20964,1,1,EA,CN,V3,True
20971,2,2,EA,CN,V3,True
21051,2,2,EA,CN,V3,True
21067,2,2,EA,CN,V3,True
21074,1,1,EA,CN,V3,True
21098,2,2,EA,CN,V3,True
21130,2,2,EA,CN,V3,True
21158,1,1,EA,CN,V3,True
21165,1,1,EA,CN,V3,True
21167,1,1,EA,CN,V3,True
21173,1,1,EA,CN,V3,True
21180,2,2,EA,CN,V3,True
21203,2,2,EA,CN,V3,True
21210,1,1,EA,CN,V3,True
21399,1,1,EA,CN,V3,True
21509,2,2,EA,CN,V3,True
21544,2,2,EA,CN,V3,True
21598,1,2,EA,CN,V3,False
21606,2,2,EA,CN,V3,True
21608,1,1,EA,CN,V3,True
21629,1,1,EA,CN,V3,True
21630,2,1,EA,CN,V3,False
21666,2,2,EA,CN,V3,True
21691,1,1,EA,CN,V3,True
21847,2,2,EA,CN,V3,True
21910,2,1,EA,CN,V3,False
21961,1,1,EA,CN,V3,True
21976,1,1,EA,CN,V3,True
21987,2,2,EA,CN,V3,True
22043,2,2,EA,CN,V3,True
22052,1,1,EA,CN,V3,True
22065,1,1,EA,CN,V3,True
22066,2,2,EA,CN,V3,True
22090,1,2,EA,CN,V3,False
22126,2,2,EA,CN,V3,True
22166,2,2,EA,CN,V3,True
22184,2,2,EA,CN,V3,True
22194,2,2,EA,CN,V3,True
22356,2,2,EA,CN,V3,True
22467,2,2,EA,CN,V3,True
22679,1,1,EA,CN,V3,True
22707,2,2,EA,CN,V3,True
22767,2,2,EA,CN,V3,True
22770,1,1,EA,CN,V3,True
22819,2,2,EA,CN,V3,True
22833,1,1,EA,CN,V3,True
22849,2,2,EA,CN,V3,True
22966,2,2,EA,CN,V3,True
23023,1,1,EA,CN,V3,True
23052,1,1,EA,CN,V3,True
23089,1,1,EA,CN,V3,True
23104,2,2,EA,CN,V3,True
23128,1,1,EA,CN,V3,True
23200,1,1,EA,CN,V3,True
23313,2,2,EA,CN,V3,True
23322,1,1,EA,CN,V3,True
23323,1,1,EA,CN,V3,True
23415,2,1,EA,CN,V3,False
23440,2,2,EA,CN,V3,True
23453,2,2,EA,CN,V3,True
23505,1,1,EA,CN,V3,True
23514,2,2,EA,CN,V3,True
23524,1,1,EA,CN,V3,True
23530,2,2,EA,CN,V3,True
23534,1,1,EA,CN,V3,True
23574,1,1,EA,CN,V3,True
23584,1,1,EA,CN,V3,True
23605,1,1,EA,CN,V3,True
23620,2,2,EA,CN,V3,True
23648,2,2,EA,CN,V3,True
23699,2,2,EA,CN,V3,True
23713,2,2,EA,CN,V3,True
23779,1,1,EA,CN,V3,True
23871,1,1,EA,CN,V3,True
23873,1,1,EA,CN,V3,True
23901,1,1,EA,CN,V3,True
24026,2,2,EA,CN,V3,True
24163,1,1,EA,CN,V3,True
24174,2,2,EA,CN,V3,True
24223,1,1,EA,CN,V3,True
24291,2,1,EA,CN,V3,False
24304,1,1,EA,CN,V3,True
24334,2,2,EA,CN,V3,True
24405,2,2,EA,CN,V3,True
24408,1,1,EA,CN,V3,True
24500,2,2,EA,CN,V3,True
24541,2,2,EA,CN,V3,True
24573,1,1,EA,CN,V3,True
24637,2,2,EA,CN,V3,True
24706,1,1,EA,CN,V3,True
24740,2,2,EA,CN,V3,True
24774,2,2,EA,CN,V3,True
24836,1,1,EA,CN,V3,True
24871,1,1,EA,CN,V3,True
24975,1,1,EA,CN,V3,True
24995,1,1,EA,CN,V3,True
25038,1,1,EA,CN,V3,True
25109,2,2,EA,CN,V3,True
25137,1,1,EA,CN,V3,True
25155,1,1,EA,CN,V3,True
25239,2,1,EA,CN,V3,False
25270,1,1,EA,CN,V3,True
25302,2,2,EA,CN,V3,True
25337,1,1,EA,CN,V3,True
25369,2,2,EA,CN,V3,True
25416,1,1,EA,CN,V3,True
25447,1,1,EA,CN,V3,True
25448,2,2,EA,CN,V3,True
25471,2,2,EA,CN,V3,True
25523,2,2,EA,CN,V3,True
25591,2,2,EA,CN,V3,True
25650,1,1,EA,CN,V3,True
25690,1,1,EA,CN,V3,True
25856,1,1,EA,CN,V3,True
25868,1,1,EA,CN,V3,True
25990,2,2,EA,CN,V3,True
26032,1,1,EA,CN,V3,True
26129,2,2,EA,CN,V3,True
26161,1,2,EA,CN,V3,False
26178,1,1,EA,CN,V3,True
26211,2,2,EA,CN,V3,True
26287,2,2,EA,CN,V3,True
26292,1,1,EA,CN,V3,True
26302,1,1,EA,CN,V3,True
26321,2,2,EA,CN,V3,True
26337,1,1,EA,CN,V3,True
26345,1,2,EA,CN,V3,False
26480,2,2,EA,CN,V3,True
26492,2,2,EA,CN,V3,True
26528,1,1,EA,CN,V3,True
26575,1,2,EA,CN,V3,False
26678,2,2,EA,CN,V3,True
26714,2,2,EA,CN,V3,True
26831,1,1,EA,CN,V3,True
26865,2,2,EA,CN,V3,True
26878,2,2,EA,CN,V3,True
27088,1,1,EA,CN,V3,True
27101,1,1,EA,CN,V3,True
27117,1,2,EA,CN,V3,False
27271,1,1,EA,CN,V3,True
27431,2,2,EA,CN,V3,True
27497,1,1,EA,CN,V3,True
27524,2,2,EA,CN,V3,True
27558,2,2,EA,CN,V3,True
27610,2,1,EA,CN,V3,False
27668,2,2,EA,CN,V3,True
27688,2,1,EA,CN,V3,False
27740,2,2,EA,CN,V3,True
27828,2,2,EA,CN,V3,True
27904,2,2,EA,CN,V3,True
27910,2,2,EA,CN,V3,True
27911,2,2,EA,CN,V3,True
28011,2,2,EA,CN,V3,True
28051,2,2,EA,CN,V3,True
28057,1,1,EA,CN,V3,True
28067,1,1,EA,CN,V3,True
28114,2,2,EA,CN,V3,True
28222,2,2,EA,CN,V3,True
28262,2,2,EA,CN,V3,True
28271,1,1,EA,CN,V3,True
28341,1,1,EA,CN,V3,True
28365,2,2,EA,CN,V3,True
28463,2,2,EA,CN,V3,True
28550,1,2,EA,CN,V3,False
28574,2,2,EA,CN,V3,True
28656,2,2,EA,CN,V3,True
28674,2,2,EA,CN,V3,True
28728,1,1,EA,CN,V3,True
28789,2,2,EA,CN,V3,True
28790,1,1,EA,CN,V3,True
28814,2,1,EA,CN,V3,False
28822,2,2,EA,CN,V3,True
28963,1,1,EA,CN,V3,True
29070,2,2,EA,CN,V3,True
29105,1,2,EA,CN,V3,False
29132,1,1,EA,CN,V3,True
29144,1,1,EA,CN,V3,True
29243,2,2,EA,CN,V3,True
29385,1,1,EA,CN,V3,True
29411,1,1,EA,CN,V3,True
29417,2,2,EA,CN,V3,True
29454,2,2,EA,CN,V3,True
29465,1,2,EA,CN,V3,False
29484,2,2,EA,CN,V3,True
29582,1,2,EA,CN,V3,False
29629,1,1,EA,CN,V3,True
29644,1,1,EA,CN,V3,True
29679,1,1,EA,CN,V3,True
29768,1,1,EA,CN,V3,True
29903,1,1,EA,CN,V3,True
29912,1,1,EA,CN,V3,True
29978,2,1,EA,CN,V3,False
30052,1,1,EA,CN,V3,True
30118,1,1,EA,CN,V3,True
30131,1,2,EA,CN,V3,False
30137,2,2,EA,CN,V3,True
30143,1,1,EA,CN,V3,True
30180,1,1,EA,CN,V3,True
30259,1,1,EA,CN,V3,True
30285,2,2,EA,CN,V3,True
30328,1,1,EA,CN,V3,True
30329,1,1,EA,CN,V3,True
30336,2,2,EA,CN,V3,True
30340,1,1,EA,CN,V3,True
30352,2,1,EA,CN,V3,False
30367,2,2,EA,CN,V3,True
30457,2,1,EA,CN,V3,False
30498,1,1,EA,CN,V3,True
30514,1,1,EA,CN,V3,True
30637,1,1,EA,CN,V3,True
30694,2,2,EA,CN,V3,True
30701,2,2,EA,CN,V3,True
30710,2,2,EA,CN,V3,True
30825,1,1,EA,CN,V3,True
30846,1,1,EA,CN,V3,True
30856,2,2,EA,CN,V3,True
30872,2,2,EA,CN,V3,True
30880,1,1,EA,CN,V3,True
30899,1,1,EA,CN,V3,True
30922,2,2,EA,CN,V3,True
30936,2,2,EA,CN,V3,True
31029,1,1,EA,CN,V3,True
31060,1,1,EA,CN,V3,True
31089,1,1,EA,CN,V3,True
31128,1,2,EA,CN,V3,False
31129,2,2,EA,CN,V3,True
31138,1,1,EA,CN,V3,True
31148,1,1,EA,CN,V3,True
31247,1,1,EA,CN,V3,True
31350,2,2,EA,CN,V3,True
31386,2,2,EA,CN,V3,True
31483,2,2,EA,CN,V3,True
31568,1,1,EA,CN,V3,True
31597,1,1,EA,CN,V3,True
31622,1,1,EA,CN,V3,True
31628,1,1,EA,CN,V3,True
31665,1,1,EA,CN,V3,True
31720,1,1,EA,CN,V3,True
31728,1,1,EA,CN,V3,True
31754,2,2,EA,CN,V3,True
31808,1,2,EA,CN,V3,False
31883,2,1,EA,CN,V3,False
31907,2,2,EA,CN,V3,True
32003,2,2,EA,CN,V3,True
32090,1,1,EA,CN,V3,True
32112,2,2,EA,CN,V3,True
32116,2,2,EA,CN,V3,True
32131,2,2,EA,CN,V3,True
32167,1,1,EA,CN,V3,True
32177,1,2,EA,CN,V3,False
32263,2,2,EA,CN,V3,True
32265,1,1,EA,CN,V3,True
32323,2,2,EA,CN,V3,True
32372,1,1,EA,CN,V3,True
32463,2,2,EA,CN,V3,True
32489,2,1,EA,CN,V3,False
32518,1,1,EA,CN,V3,True
32558,1,1,EA,CN,V3,True
32572,2,2,EA,CN,V3,True
32638,1,2,EA,CN,V3,False
32679,1,1,EA,CN,V3,True
32722,2,2,EA,CN,V3,True
32747,1,1,EA,CN,V3,True
32753,2,2,EA,CN,V3,True
32785,1,1,EA,CN,V3,True
32872,2,2,EA,CN,V3,True
32894,2,1,EA,CN,V3,False
32913,1,1,EA,CN,V3,True
32917,2,2,EA,CN,V3,True
32963,1,1,EA,CN,V3,True
32972,2,2,EA,CN,V3,True
33026,1,2,EA,CN,V3,False
33067,2,2,EA,CN,V3,True
33126,2,2,EA,CN,V3,True
33141,2,2,EA,CN,V3,True
33154,1,1,EA,CN,V3,True
33262,2,2,EA,CN,V3,True
33291,1,1,EA,CN,V3,True
33345,1,1,EA,CN,V3,True
33390,2,1,EA,CN,V3,False
33433,1,1,EA,CN,V3,True
33470,1,1,EA,CN,V3,True
33509,1,1,EA,CN,V3,True
33532,2,2,EA,CN,V3,True
33618,2,1,EA,CN,V3,False
33649,1,1,EA,CN,V3,True
33741,1,1,EA,CN,V3,True
33743,2,2,EA,CN,V3,True
33765,2,2,EA,CN,V3,True
33808,2,2,EA,CN,V3,True
33856,1,1,EA,CN,V3,True
33859,2,2,EA,CN,V3,True
33890,2,2,EA,CN,V3,True
33936,1,1,EA,CN,V3,True
33940,1,2,EA,CN,V3,False
33961,1,1,EA,CN,V3,True
33962,2,2,EA,CN,V3,True
33986,1,1,EA,CN,V3,True
34029,2,2,EA,CN,V3,True
34125,2,2,EA,CN,V3,True
34143,2,2,EA,CN,V3,True
34148,1,1,EA,CN,V3,True
34171,2,1,EA,CN,V3,False
34215,2,2,EA,CN,V3,True
34276,1,1,EA,CN,V3,True
34332,2,2,EA,CN,V3,True
34354,1,1,EA,CN,V3,True
34404,2,2,EA,CN,V3,True
34456,2,1,EA,CN,V3,False
34460,2,2,EA,CN,V3,True
34500,1,1,EA,CN,V3,True
34573,1,1,EA,CN,V3,True
34714,2,2,EA,CN,V3,True
34754,2,1,EA,CN,V3,False
34812,2,1,EA,CN,V3,False
34915,1,2,EA,CN,V3,False
34930,1,1,EA,CN,V3,True
34983,2,2,EA,CN,V3,True
35064,1,1,EA,CN,V3,True
35127,2,2,EA,CN,V3,True
35156,2,2,EA,CN,V3,True
35174,1,1,EA,CN,V3,True
35191,2,2,EA,CN,V3,True
35201,2,2,EA,CN,V3,True
35204,2,2,EA,CN,V3,True
35282,2,2,EA,CN,V3,True
35287,1,1,EA,CN,V3,True
35397,2,2,EA,CN,V3,True
35429,2,2,EA,CN,V3,True
35467,1,2,EA,CN,V3,False
35542,2,2,EA,CN,V3,True
35564,2,2,EA,CN,V3,True
35592,1,1,EA,CN,V3,True
35643,2,2,EA,CN,V3,True
35715,2,2,EA,CN,V3,True
35732,2,2,EA,CN,V3,True
35738,2,2,EA,CN,V3,True
35871,1,2,EA,CN,V3,False
35880,2,2,EA,CN,V3,True
35912,1,1,EA,CN,V3,True
35918,2,1,EA,CN,V3,False
35939,2,2,EA,CN,V3,True
35991,2,2,EA,CN,V3,True
36117,1,1,EA,CN,V3,True
36186,2,2,EA,CN,V3,True
36190,1,1,EA,CN,V3,True
36199,2,2,EA,CN,V3,True
36209,1,1,EA,CN,V3,True
36223,2,2,EA,CN,V3,True
36247,1,1,EA,CN,V3,True
36341,2,2,EA,CN,V3,True
36403,1,1,EA,CN,V3,True
36419,2,2,EA,CN,V3,True
36434,2,2,EA,CN,V3,True
36449,1,1,EA,CN,V3,True
36482,2,2,EA,CN,V3,True
36557,2,2,EA,CN,V3,True
36686,2,1,EA,CN,V3,False
36689,2,1,EA,CN,V3,False
36734,1,1,EA,CN,V3,True
36743,1,1,EA,CN,V3,True
36767,2,2,EA,CN,V3,True
36812,2,2,EA,CN,V3,True
36819,2,2,EA,CN,V3,True
36849,2,2,EA,CN,V3,True
36960,1,1,EA,CN,V3,True
36974,2,2,EA,CN,V3,True
37016,2,2,EA,CN,V3,True
37020,1,1,EA,CN,V3,True
37082,2,2,EA,CN,V3,True
37102,2,2,EA,CN,V3,True
37124,2,2,EA,CN,V3,True
37245,1,1,EA,CN,V3,True
37258,1,1,EA,CN,V3,True
37327,1,1,EA,CN,V3,True
37367,2,2,EA,CN,V3,True
37422,1,1,EA,CN,V3,True
37432,2,2,EA,CN,V3,True
37435,1,2,EA,CN,V3,False
37490,1,1,EA,CN,V3,True
37569,2,2,EA,CN,V3,True
37608,1,1,EA,CN,V3,True
37614,2,2,EA,CN,V3,True
37617,2,2,EA,CN,V3,True
37679,1,1,EA,CN,V3,True
37723,2,2,EA,CN,V3,True
37725,2,1,EA,CN,V3,False
37743,2,2,EA,CN,V3,True
37842,1,1,EA,CN,V3,True
37843,1,1,EA,CN,V3,True
37909,1,1,EA,CN,V3,True
37955,1,1,EA,CN,V3,True
38068,2,2,EA,CN,V3,True
38078,2,2,EA,CN,V3,True
38130,1,2,EA,CN,V3,False
38144,1,1,EA,CN,V3,True
38146,1,1,EA,CN,V3,True
38166,1,1,EA,CN,V3,True
38168,1,1,EA,CN,V3,True
38191,2,1,EA,CN,V3,False
38245,1,1,EA,CN,V3,True
38352,1,1,EA,CN,V3,True
38395,1,1,EA,CN,V3,True
38425,2,2,EA,CN,V3,True
38485,1,1,EA,CN,V3,True
38518,1,1,EA,CN,V3,True
38530,1,1,EA,CN,V3,True
38533,2,2,EA,CN,V3,True
38562,2,2,EA,CN,V3,True
38593,2,2,EA,CN,V3,True
38627,2,2,EA,CN,V3,True
38630,1,1,EA,CN,V3,True
38721,1,1,EA,CN,V3,True
38773,2,1,EA,CN,V3,False
38802,1,2,EA,CN,V3,False
38809,2,2,EA,CN,V3,True
38811,2,2,EA,CN,V3,True
38829,1,1,EA,CN,V3,True
38858,1,1,EA,CN,V3,True
38928,2,2,EA,CN,V3,True
38947,1,1,EA,CN,V3,True
39152,1,1,EA,CN,V3,True
39199,1,1,EA,CN,V3,True
39321,1,1,EA,CN,V3,True
39356,2,2,EA,CN,V3,True
39388,2,2,EA,CN,V3,True
39457,1,1,EA,CN,V3,True
39466,1,1,EA,CN,V3,True
39532,2,2,EA,CN,V3,True
39553,2,2,EA,CN,V3,True
39557,1,1,EA,CN,V3,True
39630,1,1,EA,CN,V3,True
39715,1,1,EA,CN,V3,True
39795,1,1,EA,CN,V3,True
39804,1,1,EA,CN,V3,True
39833,2,1,EA,CN,V3,False
39842,1,1,EA,CN,V3,True
39855,1,1,EA,CN,V3,True
39864,2,2,EA,CN,V3,True
39884,2,2,EA,CN,V3,True
39918,1,1,EA,CN,V3,True
40068,1,1,EA,CN,V3,True
40135,1,1,EA,CN,V3,True
40164,1,1,EA,CN,V3,True
40296,2,2,EA,CN,V3,True
40352,2,1,EA,CN,V3,False
40376,1,1,EA,CN,V3,True
40497,2,2,EA,CN,V3,True
40535,1,1,EA,CN,V3,True
40542,2,2,EA,CN,V3,True
40622,2,2,EA,CN,V3,True
40625,2,1,EA,CN,V3,False
40653,2,2,EA,CN,V3,True
40762,1,1,EA,CN,V3,True
40853,1,1,EA,CN,V3,True
40855,2,1,EA,CN,V3,False
40857,2,1,EA,CN,V3,False
40920,1,1,EA,CN,V3,True
40969,1,1,EA,CN,V3,True
41001,2,2,EA,CN,V3,True
41077,1,2,EA,CN,V3,False
41103,2,2,EA,CN,V3,True
41150,1,2,EA,CN,V3,False
41152,1,2,EA,CN,V3,False
41237,1,1,EA,CN,V3,True
41239,1,1,EA,CN,V3,True
41273,1,1,EA,CN,V3,True
41360,2,2,EA,CN,V3,True
41368,1,1,EA,CN,V3,True
41457,2,2,EA,CN,V3,True
41472,1,1,EA,CN,V3,True
41581,2,2,EA,CN,V3,True
41590,1,2,EA,CN,V3,False
41607,1,1,EA,CN,V3,True
41636,1,1,EA,CN,V3,True
41704,1,1,EA,CN,V3,True
41829,1,1,EA,CN,V3,True
41836,1,1,EA,CN,V3,True
41906,2,2,EA,CN,V3,True
42006,1,2,EA,CN,V3,False
42040,1,1,EA,CN,V3,True
42067,1,1,EA,CN,V3,True
42112,2,2,EA,CN,V3,True
42166,2,2,EA,CN,V3,True
42174,2,2,EA,CN,V3,True
42185,2,2,EA,CN,V3,True
42228,2,2,EA,CN,V3,True
42330,1,1,EA,CN,V3,True
42335,2,2,EA,CN,V3,True
42344,1,2,EA,CN,V3,False
42391,2,2,EA,CN,V3,True
42428,1,1,EA,CN,V3,True
42468,1,2,EA,CN,V3,False
42520,2,1,EA,CN,V3,False
42521,1,1,EA,CN,V3,True
42568,1,2,EA,CN,V3,False
42572,2,2,EA,CN,V3,True
42585,1,1,EA,CN,V3,True
42609,2,2,EA,CN,V3,True
42690,2,2,EA,CN,V3,True
42714,2,2,EA,CN,V3,True
42742,1,2,EA,CN,V3,False
42860,2,2,EA,CN,V3,True
42886,2,2,EA,CN,V3,True
43042,1,1,EA,CN,V3,True
43070,2,2,EA,CN,V3,True
43113,1,2,EA,CN,V3,False
43164,2,2,EA,CN,V3,True
43191,1,1,EA,CN,V3,True
43285,1,1,EA,CN,V3,True
43295,2,2,EA,CN,V3,True
43350,2,2,EA,CN,V3,True
43486,1,1,EA,CN,V3,True
43526,2,2,EA,CN,V3,True
43621,2,2,EA,CN,V3,True
43668,2,2,EA,CN,V3,True
43764,2,2,EA,CN,V3,True
43800,2,1,EA,CN,V3,False
43811,2,1,EA,CN,V3,False
44063,2,2,EA,CN,V3,True
44064,2,2,EA,CN,V3,True
44147,1,1,EA,CN,V3,True
44167,2,2,EA,CN,V3,True
44178,2,2,EA,CN,V3,True
44313,2,2,EA,CN,V3,True
44380,1,1,EA,CN,V3,True
44400,1,2,EA,CN,V3,False
44415,2,2,EA,CN,V3,True
44430,2,2,EA,CN,V3,True
44444,2,2,EA,CN,V3,True
44458,2,2,EA,CN,V3,True
44475,1,1,EA,CN,V3,True
44479,2,2,EA,CN,V3,True
44628,1,1,EA,CN,V3,True
44682,1,1,EA,CN,V3,True
44743,1,1,EA,CN,V3,True
44833,1,2,EA,CN,V3,False
44841,1,2,EA,CN,V3,False
44887,2,2,EA,CN,V3,True
44967,1,1,EA,CN,V3,True
45012,2,2,EA,CN,V3,True
45024,1,1,EA,CN,V3,True
45075,2,2,EA,CN,V3,True
45117,2,1,EA,CN,V3,False
45175,2,2,EA,CN,V3,True
45184,1,1,EA,CN,V3,True
45289,1,1,EA,CN,V3,True
45314,1,1,EA,CN,V3,True
45337,1,1,EA,CN,V3,True
45340,2,2,EA,CN,V3,True
45390,2,2,EA,CN,V3,True
45424,2,1,EA,CN,V3,False
45470,2,2,EA,CN,V3,True
45492,1,1,EA,CN,V3,True
45529,2,2,EA,CN,V3,True
45544,2,2,EA,CN,V3,True
45784,1,1,EA,CN,V3,True
45800,2,2,EA,CN,V3,True
45811,2,2,EA,CN,V3,True
45837,1,1,EA,CN,V3,True
45857,2,2,EA,CN,V3,True
45893,2,2,EA,CN,V3,True
45919,2,1,EA,CN,V3,False
45938,2,2,EA,CN,V3,True
45983,1,1,EA,CN,V3,True
45985,1,1,EA,CN,V3,True
46026,2,2,EA,CN,V3,True
46132,1,1,EA,CN,V3,True
46147,1,1,EA,CN,V3,True
46160,1,1,EA,CN,V3,True
46218,2,2,EA,CN,V3,True
46346,1,1,EA,CN,V3,True
46371,2,2,EA,CN,V3,True
46372,2,2,EA,CN,V3,True
46569,2,2,EA,CN,V3,True
46595,2,2,EA,CN,V3,True
46674,1,1,EA,CN,V3,True
46707,1,1,EA,CN,V3,True
46710,2,2,EA,CN,V3,True
46751,2,2,EA,CN,V3,True
46756,1,1,EA,CN,V3,True
46810,2,1,EA,CN,V3,False
46859,2,2,EA,CN,V3,True
46880,1,1,EA,CN,V3,True
46894,2,2,EA,CN,V3,True
46969,2,2,EA,CN,V3,True
47060,2,2,EA,CN,V3,True
47065,1,1,EA,CN,V3,True
47097,1,1,EA,CN,V3,True
47139,2,2,EA,CN,V3,True
47169,2,2,EA,CN,V3,True
47216,2,2,EA,CN,V3,True
47246,2,2,EA,CN,V3,True
47249,2,2,EA,CN,V3,True
47362,1,1,EA,CN,V3,True
47371,1,1,EA,CN,V3,True
47560,1,1,EA,CN,V3,True
47603,1,1,EA,CN,V3,True
47619,2,2,EA,CN,V3,True
47632,1,1,EA,CN,V3,True
47865,2,2,EA,CN,V3,True
48182,1,1,EA,CN,V3,True
48246,1,1,EA,CN,V3,True
48295,2,2,EA,CN,V3,True
48329,1,1,EA,CN,V3,True
48352,1,2,EA,CN,V3,False
48355,2,2,EA,CN,V3,True
48359,1,2,EA,CN,V3,False
48441,1,2,EA,CN,V3,False
48449,2,2,EA,CN,V3,True
48506,2,2,EA,CN,V3,True
48538,2,1,EA,CN,V3,False
48541,1,1,EA,CN,V3,True
48562,2,2,EA,CN,V3,True
48566,1,1,EA,CN,V3,True
48607,2,2,EA,CN,V3,True
48618,1,1,EA,CN,V3,True
48728,1,1,EA,CN,V3,True
48859,2,2,EA,CN,V3,True
48976,2,2,EA,CN,V3,True
49004,1,1,EA,CN,V3,True
49029,1,1,EA,CN,V3,True
49047,1,1,EA,CN,V3,True
49052,1,1,EA,CN,V3,True
49095,1,1,EA,CN,V3,True
49132,1,2,EA,CN,V3,False
49146,1,1,EA,CN,V3,True
49168,1,1,EA,CN,V3,True
49182,1,2,EA,CN,V3,False
49189,1,1,EA,CN,V3,True
49213,1,1,EA,CN,V3,True
49228,1,1,EA,CN,V3,True
49239,1,1,EA,CN,V3,True
49242,2,2,EA,CN,V3,True
49325,1,1,EA,CN,V3,True
49460,1,1,EA,CN,V3,True
49700,1,1,EA,CN,V3,True
49737,1,1,EA,CN,V3,True
49777,1,1,EA,CN,V3,True
49804,2,1,EA,CN,V3,False
49855,2,2,EA,CN,V3,True
49870,2,2,EA,CN,V3,True
49943,2,2,EA,CN,V3,True
49950,2,2,EA,CN,V3,True
49959,2,2,EA,CN,V3,True
49971,2,1,EA,CN,V3,False
55,1,1,EA,CT,R1,True
107,2,2,EA,CT,R1,True
176,1,1,EA,CT,R1,True
257,1,1,EA,CT,R1,True
284,2,2,EA,CT,R1,True
287,1,1,EA,CT,R1,True
310,2,2,EA,CT,R1,True
337,2,2,EA,CT,R1,True
379,2,2,EA,CT,R1,True
393,2,2,EA,CT,R1,True
405,2,2,EA,CT,R1,True
423,1,2,EA,CT,R1,False
450,2,2,EA,CT,R1,True
504,2,2,EA,CT,R1,True
525,2,2,EA,CT,R1,True
545,1,1,EA,CT,R1,True
715,2,2,EA,CT,R1,True
722,1,1,EA,CT,R1,True
793,2,2,EA,CT,R1,True
804,2,2,EA,CT,R1,True
856,2,2,EA,CT,R1,True
893,2,2,EA,CT,R1,True
922,1,1,EA,CT,R1,True
1029,2,2,EA,CT,R1,True
1057,1,1,EA,CT,R1,True
1106,1,1,EA,CT,R1,True
1200,2,2,EA,CT,R1,True
1227,2,2,EA,CT,R1,True
1261,2,2,EA,CT,R1,True
1290,1,2,EA,CT,R1,False
1352,2,2,EA,CT,R1,True
1363,2,2,EA,CT,R1,True
1434,2,2,EA,CT,R1,True
1481,1,1,EA,CT,R1,True
1545,1,2,EA,CT,R1,False
1552,1,1,EA,CT,R1,True
1573,1,1,EA,CT,R1,True
1656,2,2,EA,CT,R1,True
1687,1,1,EA,CT,R1,True
1707,2,2,EA,CT,R1,True
1733,2,2,EA,CT,R1,True
1735,2,2,EA,CT,R1,True
1755,2,2,EA,CT,R1,True
1808,2,2,EA,CT,R1,True
1814,2,2,EA,CT,R1,True
1819,2,2,EA,CT,R1,True
1822,1,1,EA,CT,R1,True
1823,1,1,EA,CT,R1,True
2004,2,2,EA,CT,R1,True
2039,2,2,EA,CT,R1,True
2055,1,1,EA,CT,R1,True
2068,2,2,EA,CT,R1,True
2081,1,1,EA,CT,R1,True
2155,2,2,EA,CT,R1,True
2221,2,2,EA,CT,R1,True
2288,2,2,EA,CT,R1,True
2375,2,2,EA,CT,R1,True
2426,2,2,EA,CT,R1,True
2584,2,2,EA,CT,R1,True
2600,1,1,EA,CT,R1,True
2732,2,2,EA,CT,R1,True
2844,1,1,EA,CT,R1,True
2891,2,2,EA,CT,R1,True
2932,2,2,EA,CT,R1,True
2983,1,1,EA,CT,R1,True
3056,1,1,EA,CT,R1,True
3081,1,1,EA,CT,R1,True
3102,1,1,EA,CT,R1,True
3191,1,1,EA,CT,R1,True
3230,1,2,EA,CT,R1,False
3297,1,1,EA,CT,R1,True
3363,1,1,EA,CT,R1,True
3367,2,2,EA,CT,R1,True
3418,1,1,EA,CT,R1,True
3429,2,2,EA,CT,R1,True
3440,1,1,EA,CT,R1,True
3512,2,2,EA,CT,R1,True
3524,1,1,EA,CT,R1,True
3631,2,2,EA,CT,R1,True
3824,1,1,EA,CT,R1,True
3839,1,1,EA,CT,R1,True
3867,1,1,EA,CT,R1,True
3868,2,1,EA,CT,R1,False
3954,2,2,EA,CT,R1,True
3971,2,2,EA,CT,R1,True
3979,2,2,EA,CT,R1,True
4017,1,1,EA,CT,R1,True
4066,2,2,EA,CT,R1,True
4087,2,2,EA,CT,R1,True
4153,2,2,EA,CT,R1,True
4187,1,1,EA,CT,R1,True
4207,1,1,EA,CT,R1,True
4211,1,1,EA,CT,R1,True
4303,1,1,EA,CT,R1,True
4314,1,1,EA,CT,R1,True
4339,2,1,EA,CT,R1,False
4348,2,2,EA,CT,R1,True
4447,1,1,EA,CT,R1,True
4462,1,1,EA,CT,R1,True
4624,2,2,EA,CT,R1,True
4651,2,2,EA,CT,R1,True
4652,1,1,EA,CT,R1,True
4663,1,1,EA,CT,R1,True
4706,2,2,EA,CT,R1,True
4716,1,1,EA,CT,R1,True
4767,1,1,EA,CT,R1,True
4795,1,1,EA,CT,R1,True
4812,2,1,EA,CT,R1,False
4829,2,2,EA,CT,R1,True
4856,1,2,EA,CT,R1,False
4871,1,1,EA,CT,R1,True
4927,2,2,EA,CT,R1,True
5009,1,1,EA,CT,R1,True
5024,1,1,EA,CT,R1,True
5070,1,1,EA,CT,R1,True
5086,2,2,EA,CT,R1,True
5105,2,2,EA,CT,R1,True
5119,1,1,EA,CT,R1,True
5120,2,2,EA,CT,R1,True
5159,1,1,EA,CT,R1,True
5406,1,1,EA,CT,R1,True
5424,2,2,EA,CT,R1,True
5475,2,2,EA,CT,R1,True
5499,1,1,EA,CT,R1,True
5570,1,1,EA,CT,R1,True
5586,2,1,EA,CT,R1,False
5619,2,2,EA,CT,R1,True
5651,1,1,EA,CT,R1,True
5741,2,2,EA,CT,R1,True
5797,2,2,EA,CT,R1,True
5824,2,2,EA,CT,R1,True
5829,1,1,EA,CT,R1,True
5834,1,2,EA,CT,R1,False
5906,2,2,EA,CT,R1,True
5913,2,2,EA,CT,R1,True
5938,2,2,EA,CT,R1,True
5957,2,2,EA,CT,R1,True
5998,2,2,EA,CT,R1,True
6010,2,2,EA,CT,R1,True
6059,2,2,EA,CT,R1,True
6111,1,1,EA,CT,R1,True
6137,1,1,EA,CT,R1,True
6156,1,1,EA,CT,R1,True
6253,2,2,EA,CT,R1,True
6255,2,2,EA,CT,R1,True
6295,1,1,EA,CT,R1,True
6347,1,1,EA,CT,R1,True
6374,1,1,EA,CT,R1,True
6420,1,1,EA,CT,R1,True
6452,1,1,EA,CT,R1,True
6465,1,1,EA,CT,R1,True
6484,2,2,EA,CT,R1,True
6488,1,1,EA,CT,R1,True
6527,1,1,EA,CT,R1,True
6595,1,1,EA,CT,R1,True
6631,1,1,EA,CT,R1,True
6715,2,2,EA,CT,R1,True
6728,1,1,EA,CT,R1,True
6756,2,2,EA,CT,R1,True
6812,1,1,EA,CT,R1,True
6824,1,1,EA,CT,R1,True
6842,1,1,EA,CT,R1,True
6867,1,1,EA,CT,R1,True
6868,2,2,EA,CT,R1,True
6899,2,2,EA,CT,R1,True
6965,1,2,EA,CT,R1,False
6977,2,2,EA,CT,R1,True
6991,1,1,EA,CT,R1,True
7001,2,2,EA,CT,R1,True
7004,1,1,EA,CT,R1,True
7042,2,2,EA,CT,R1,True
7070,2,2,EA,CT,R1,True
7096,1,1,EA,CT,R1,True
7099,1,1,EA,CT,R1,True
7194,2,2,EA,CT,R1,True
7220,2,2,EA,CT,R1,True
7235,2,2,EA,CT,R1,True
7313,2,2,EA,CT,R1,True
7407,1,1,EA,CT,R1,True
7430,2,2,EA,CT,R1,True
7439,1,1,EA,CT,R1,True
7451,2,2,EA,CT,R1,True
7498,2,2,EA,CT,R1,True
7550,1,1,EA,CT,R1,True
7553,2,2,EA,CT,R1,True
7555,1,1,EA,CT,R1,True
7581,2,2,EA,CT,R1,True
7599,2,2,EA,CT,R1,True
7631,1,1,EA,CT,R1,True
7654,1,1,EA,CT,R1,True
7687,1,1,EA,CT,R1,True
7723,1,1,EA,CT,R1,True
7832,2,2,EA,CT,R1,True
7887,1,1,EA,CT,R1,True
7894,1,1,EA,CT,R1,True
7915,2,2,EA,CT,R1,True
7966,1,1,EA,CT,R1,True
7972,1,1,EA,CT,R1,True
7992,1,2,EA,CT,R1,False
8015,2,2,EA,CT,R1,True
8033,1,1,EA,CT,R1,True
8139,1,1,EA,CT,R1,True
8217,1,2,EA,CT,R1,False
8339,1,1,EA,CT,R1,True
8366,2,2,EA,CT,R1,True
8444,1,1,EA,CT,R1,True
8477,1,1,EA,CT,R1,True
8580,2,2,EA,CT,R1,True
8614,1,1,EA,CT,R1,True
8630,2,2,EA,CT,R1,True
8637,1,1,EA,CT,R1,True
8672,1,1,EA,CT,R1,True
8816,2,2,EA,CT,R1,True
8902,2,2,EA,CT,R1,True
8923,2,2,EA,CT,R1,True
8948,1,1,EA,CT,R1,True
8993,1,1,EA,CT,R1,True
9004,1,1,EA,CT,R1,True
9089,2,2,EA,CT,R1,True
9102,2,2,EA,CT,R1,True
9120,1,1,EA,CT,R1,True
9134,2,2,EA,CT,R1,True
9246,2,2,EA,CT,R1,True
9268,1,1,EA,CT,R1,True
9325,1,1,EA,CT,R1,True
9349,2,2,EA,CT,R1,True
9357,2,2,EA,CT,R1,True
9417,1,1,EA,CT,R1,True
9465,1,1,EA,CT,R1,True
9469,2,2,EA,CT,R1,True
9473,2,1,EA,CT,R1,False
9485,2,1,EA,CT,R1,False
9595,1,2,EA,CT,R1,False
9635,2,2,EA,CT,R1,True
9677,2,2,EA,CT,R1,True
9715,1,1,EA,CT,R1,True
9724,1,2,EA,CT,R1,False
9774,2,2,EA,CT,R1,True
9796,1,1,EA,CT,R1,True
9892,2,2,EA,CT,R1,True
9934,1,1,EA,CT,R1,True
9955,1,2,EA,CT,R1,False
9987,1,1,EA,CT,R1,True
10022,1,1,EA,CT,R1,True
10156,1,1,EA,CT,R1,True
10163,1,1,EA,CT,R1,True
10174,1,1,EA,CT,R1,True
10187,2,2,EA,CT,R1,True
10210,1,1,EA,CT,R1,True
10301,1,1,EA,CT,R1,True
10328,1,1,EA,CT,R1,True
10330,2,2,EA,CT,R1,True
10361,1,1,EA,CT,R1,True
10375,1,1,EA,CT,R1,True
10400,1,1,EA,CT,R1,True
10423,2,2,EA,CT,R1,True
10434,1,1,EA,CT,R1,True
10450,2,2,EA,CT,R1,True
10566,2,2,EA,CT,R1,True
10600,1,1,EA,CT,R1,True
10610,2,2,EA,CT,R1,True
10621,2,2,EA,CT,R1,True
10626,2,1,EA,CT,R1,False
10634,2,2,EA,CT,R1,True
10713,1,1,EA,CT,R1,True
10771,2,2,EA,CT,R1,True
10803,2,1,EA,CT,R1,False
10910,2,2,EA,CT,R1,True
10954,2,2,EA,CT,R1,True
10978,1,1,EA,CT,R1,True
11024,2,2,EA,CT,R1,True
11102,1,1,EA,CT,R1,True
11112,2,1,EA,CT,R1,False
11120,2,2,EA,CT,R1,True
11132,1,1,EA,CT,R1,True
11189,2,2,EA,CT,R1,True
11264,2,2,EA,CT,R1,True
11283,2,2,EA,CT,R1,True
11511,2,2,EA,CT,R1,True
11514,1,2,EA,CT,R1,False
11523,2,2,EA,CT,R1,True
11525,1,1,EA,CT,R1,True
11596,1,1,EA,CT,R1,True
11617,2,2,EA,CT,R1,True
11630,1,1,EA,CT,R1,True
11647,1,1,EA,CT,R1,True
11742,2,2,EA,CT,R1,True
11786,1,1,EA,CT,R1,True
11850,2,2,EA,CT,R1,True
11870,1,1,EA,CT,R1,True
11874,1,1,EA,CT,R1,True
11930,1,1,EA,CT,R1,True
11935,2,2,EA,CT,R1,True
11967,1,1,EA,CT,R1,True
12012,2,2,EA,CT,R1,True
12074,1,1,EA,CT,R1,True
12151,1,1,EA,CT,R1,True
12153,1,1,EA,CT,R1,True
12219,1,1,EA,CT,R1,True
12271,2,2,EA,CT,R1,True
12285,1,1,EA,CT,R1,True
12305,1,1,EA,CT,R1,True
12323,1,2,EA,CT,R1,False
12429,2,2,EA,CT,R1,True
12472,2,2,EA,CT,R1,True
12494,1,1,EA,CT,R1,True
12627,2,2,EA,CT,R1,True
12645,1,1,EA,CT,R1,True
12732,1,1,EA,CT,R1,True
12798,2,2,EA,CT,R1,True
12830,2,2,EA,CT,R1,True
12860,2,2,EA,CT,R1,True
12896,1,1,EA,CT,R1,True
12903,2,2,EA,CT,R1,True
12926,2,2,EA,CT,R1,True
12936,2,2,EA,CT,R1,True
12948,2,2,EA,CT,R1,True
12975,2,2,EA,CT,R1,True
13035,1,1,EA,CT,R1,True
13050,2,2,EA,CT,R1,True
13061,2,1,EA,CT,R1,False
13137,2,2,EA,CT,R1,True
13141,1,1,EA,CT,R1,True
13200,1,1,EA,CT,R1,True
13227,2,2,EA,CT,R1,True
13319,1,1,EA,CT,R1,True
13334,1,1,EA,CT,R1,True
13384,1,1,EA,CT,R1,True
13400,1,2,EA,CT,R1,False
13447,2,2,EA,CT,R1,True
13484,2,2,EA,CT,R1,True
13518,2,2,EA,CT,R1,True
13531,1,1,EA,CT,R1,True
13562,2,2,EA,CT,R1,True
13726,2,1,EA,CT,R1,False
13785,1,1,EA,CT,R1,True
13843,2,2,EA,CT,R1,True
13864,2,2,EA,CT,R1,True
13874,1,1,EA,CT,R1,True
13920,1,2,EA,CT,R1,False
13996,1,2,EA,CT,R1,False
14011,2,2,EA,CT,R1,True
14047,2,2,EA,CT,R1,True
14055,2,2,EA,CT,R1,True
14074,2,2,EA,CT,R1,True
14137,2,2,EA,CT,R1,True
14139,2,2,EA,CT,R1,True
14259,1,1,EA,CT,R1,True
14300,1,1,EA,CT,R1,True
14325,1,1,EA,CT,R1,True
14408,1,1,EA,CT,R1,True
14469,1,1,EA,CT,R1,True
14488,1,1,EA,CT,R1,True
14532,2,2,EA,CT,R1,True
14557,1,1,EA,CT,R1,True
14581,2,2,EA,CT,R1,True
14617,2,2,EA,CT,R1,True
14707,1,2,EA,CT,R1,False
14759,2,2,EA,CT,R1,True
14793,1,1,EA,CT,R1,True
14796,2,2,EA,CT,R1,True
14818,1,1,EA,CT,R1,True
14845,2,2,EA,CT,R1,True
14858,2,2,EA,CT,R1,True
14868,1,1,EA,CT,R1,True
14900,1,1,EA,CT,R1,True
14932,2,2,EA,CT,R1,True
14970,2,2,EA,CT,R1,True
14988,2,2,EA,CT,R1,True
15035,1,1,EA,CT,R1,True
15066,2,2,EA,CT,R1,True
15131,1,2,EA,CT,R1,False
15133,2,2,EA,CT,R1,True
15176,2,2,EA,CT,R1,True
15189,1,1,EA,CT,R1,True
15290,1,1,EA,CT,R1,True
15363,2,2,EA,CT,R1,True
15452,2,2,EA,CT,R1,True
15473,2,2,EA,CT,R1,True
15535,2,2,EA,CT,R1,True
15555,2,1,EA,CT,R1,False
15585,2,1,EA,CT,R1,False
15614,2,2,EA,CT,R1,True
15620,2,2,EA,CT,R1,True
15721,2,2,EA,CT,R1,True
15735,1,1,EA,CT,R1,True
15799,2,2,EA,CT,R1,True
15810,1,2,EA,CT,R1,False
15883,1,1,EA,CT,R1,True
15938,1,2,EA,CT,R1,False
16011,1,1,EA,CT,R1,True
16114,1,1,EA,CT,R1,True
16120,1,1,EA,CT,R1,True
16170,2,1,EA,CT,R1,False
16174,1,1,EA,CT,R1,True
16204,1,2,EA,CT,R1,False
16212,2,1,EA,CT,R1,False
16213,1,1,EA,CT,R1,True
16230,1,1,EA,CT,R1,True
16264,1,1,EA,CT,R1,True
16339,1,1,EA,CT,R1,True
16355,2,2,EA,CT,R1,True
16386,1,1,EA,CT,R1,True
16398,1,1,EA,CT,R1,True
16457,1,1,EA,CT,R1,True
16572,1,1,EA,CT,R1,True
16600,1,1,EA,CT,R1,True
16614,1,1,EA,CT,R1,True
16642,1,1,EA,CT,R1,True
16731,1,1,EA,CT,R1,True
16801,2,2,EA,CT,R1,True
16845,1,1,EA,CT,R1,True
16858,2,2,EA,CT,R1,True
16891,1,2,EA,CT,R1,False
16977,1,1,EA,CT,R1,True
17002,2,2,EA,CT,R1,True
17048,1,1,EA,CT,R1,True
17121,2,2,EA,CT,R1,True
17165,2,2,EA,CT,R1,True
17212,1,1,EA,CT,R1,True
17322,1,1,EA,CT,R1,True
17355,2,2,EA,CT,R1,True
17364,2,2,EA,CT,R1,True
17386,2,2,EA,CT,R1,True
17455,1,1,EA,CT,R1,True
17468,1,1,EA,CT,R1,True
17475,1,1,EA,CT,R1,True
17553,1,1,EA,CT,R1,True
17744,2,2,EA,CT,R1,True
17746,2,2,EA,CT,R1,True
17792,1,1,EA,CT,R1,True
17806,2,2,EA,CT,R1,True
17841,2,1,EA,CT,R1,False
17877,1,1,EA,CT,R1,True
17885,2,2,EA,CT,R1,True
17963,2,2,EA,CT,R1,True
18290,1,1,EA,CT,R1,True
18550,2,2,EA,CT,R1,True
18553,1,2,EA,CT,R1,False
18597,1,2,EA,CT,R1,False
18613,2,2,EA,CT,R1,True
18630,2,2,EA,CT,R1,True
18631,1,1,EA,CT,R1,True
18643,1,1,EA,CT,R1,True
18652,1,1,EA,CT,R1,True
18656,2,2,EA,CT,R1,True
18670,1,1,EA,CT,R1,True
18805,1,2,EA,CT,R1,False
18806,1,1,EA,CT,R1,True
18820,1,1,EA,CT,R1,True
18839,2,2,EA,CT,R1,True
18874,1,1,EA,CT,R1,True
18886,1,1,EA,CT,R1,True
18935,1,1,EA,CT,R1,True
18970,1,1,EA,CT,R1,True
18998,2,2,EA,CT,R1,True
19036,2,2,EA,CT,R1,True
19045,2,2,EA,CT,R1,True
19164,2,1,EA,CT,R1,False
19267,2,2,EA,CT,R1,True
19295,1,1,EA,CT,R1,True
19331,2,2,EA,CT,R1,True
19341,1,1,EA,CT,R1,True
19363,1,1,EA,CT,R1,True
19383,1,1,EA,CT,R1,True
19385,2,2,EA,CT,R1,True
19395,2,2,EA,CT,R1,True
19486,2,2,EA,CT,R1,True
19496,2,2,EA,CT,R1,True
19519,2,2,EA,CT,R1,True
19532,1,1,EA,CT,R1,True
19538,1,1,EA,CT,R1,True
19599,2,2,EA,CT,R1,True
19643,1,1,EA,CT,R1,True
19686,1,1,EA,CT,R1,True
19738,1,1,EA,CT,R1,True
19794,1,1,EA,CT,R1,True
19811,1,1,EA,CT,R1,True
19830,2,2,EA,CT,R1,True
19839,2,2,EA,CT,R1,True
19854,2,2,EA,CT,R1,True
19900,2,2,EA,CT,R1,True
19915,1,1,EA,CT,R1,True
19967,1,1,EA,CT,R1,True
19968,2,2,EA,CT,R1,True
20031,1,1,EA,CT,R1,True
20132,1,1,EA,CT,R1,True
20184,1,2,EA,CT,R1,False
20299,2,2,EA,CT,R1,True
20338,1,1,EA,CT,R1,True
20351,1,2,EA,CT,R1,False
20380,2,2,EA,CT,R1,True
20420,1,1,EA,CT,R1,True
20431,1,1,EA,CT,R1,True
20443,1,1,EA,CT,R1,True
20446,2,2,EA,CT,R1,True
20465,1,1,EA,CT,R1,True
20467,2,1,EA,CT,R1,False
20504,2,2,EA,CT,R1,True
20528,1,1,EA,CT,R1,True
20549,1,1,EA,CT,R1,True
20609,1,1,EA,CT,R1,True
20666,1,1,EA,CT,R1,True
20677,1,1,EA,CT,R1,True
20685,2,2,EA,CT,R1,True
20839,2,2,EA,CT,R1,True
20853,1,1,EA,CT,R1,True
20869,2,2,EA,CT,R1,True
20890,2,2,EA,CT,R1,True
20895,1,1,EA,CT,R1,True
20964,1,1,EA,CT,R1,True
20971,2,2,EA,CT,R1,True
21016,1,1,EA,CT,R1,True
21051,2,2,EA,CT,R1,True
21067,2,2,EA,CT,R1,True
21074,1,1,EA,CT,R1,True
21098,2,2,EA,CT,R1,True
21130,2,2,EA,CT,R1,True
21158,1,1,EA,CT,R1,True
21165,1,1,EA,CT,R1,True
21167,1,1,EA,CT,R1,True
21173,1,1,EA,CT,R1,True
21180,2,2,EA,CT,R1,True
21203,2,2,EA,CT,R1,True
21210,1,1,EA,CT,R1,True
21399,1,1,EA,CT,R1,True
21509,2,2,EA,CT,R1,True
21544,2,2,EA,CT,R1,True
21599,1,2,EA,CT,R1,False
21606,2,2,EA,CT,R1,True
21629,1,1,EA,CT,R1,True
21666,2,1,EA,CT,R1,False
21691,1,1,EA,CT,R1,True
21847,2,2,EA,CT,R1,True
21910,2,1,EA,CT,R1,False
21935,1,2,EA,CT,R1,False
21976,1,1,EA,CT,R1,True
21987,2,2,EA,CT,R1,True
22043,2,2,EA,CT,R1,True
22052,1,1,EA,CT,R1,True
22065,1,1,EA,CT,R1,True
22066,2,2,EA,CT,R1,True
22090,1,2,EA,CT,R1,False
22126,2,2,EA,CT,R1,True
22166,2,2,EA,CT,R1,True
22184,2,2,EA,CT,R1,True
22189,2,1,EA,CT,R1,False
22194,2,2,EA,CT,R1,True
22266,1,1,EA,CT,R1,True
22356,2,2,EA,CT,R1,True
22467,2,2,EA,CT,R1,True
22707,2,2,EA,CT,R1,True
22767,2,2,EA,CT,R1,True
22770,1,1,EA,CT,R1,True
22819,2,2,EA,CT,R1,True
22833,1,1,EA,CT,R1,True
22849,2,2,EA,CT,R1,True
22966,2,2,EA,CT,R1,True
23023,1,1,EA,CT,R1,True
23052,1,1,EA,CT,R1,True
23089,1,1,EA,CT,R1,True
23104,2,2,EA,CT,R1,True
23128,1,1,EA,CT,R1,True
23200,1,1,EA,CT,R1,True
23313,2,2,EA,CT,R1,True
23322,1,1,EA,CT,R1,True
23404,2,2,EA,CT,R1,True
23415,2,1,EA,CT,R1,False
23440,2,2,EA,CT,R1,True
23453,2,2,EA,CT,R1,True
23505,1,1,EA,CT,R1,True
23514,2,2,EA,CT,R1,True
23524,1,1,EA,CT,R1,True
23530,2,2,EA,CT,R1,True
23534,1,2,EA,CT,R1,False
23574,1,1,EA,CT,R1,True
23584,1,1,EA,CT,R1,True
23605,1,1,EA,CT,R1,True
23620,2,2,EA,CT,R1,True
23648,2,2,EA,CT,R1,True
23699,2,2,EA,CT,R1,True
23713,2,2,EA,CT,R1,True
23779,1,1,EA,CT,R1,True
23871,1,1,EA,CT,R1,True
23873,1,1,EA,CT,R1,True
23901,1,1,EA,CT,R1,True
24026,2,2,EA,CT,R1,True
24163,1,1,EA,CT,R1,True
24174,2,2,EA,CT,R1,True
24223,1,1,EA,CT,R1,True
24304,1,1,EA,CT,R1,True
24334,2,2,EA,CT,R1,True
24405,2,2,EA,CT,R1,True
24408,1,1,EA,CT,R1,True
24541,2,2,EA,CT,R1,True
24573,1,1,EA,CT,R1,True
24577,1,2,EA,CT,R1,False
24637,2,2,EA,CT,R1,True
24673,2,1,EA,CT,R1,False
24706,1,1,EA,CT,R1,True
24740,2,2,EA,CT,R1,True
24774,2,2,EA,CT,R1,True
24836,1,1,EA,CT,R1,True
24902,2,2,EA,CT,R1,True
24959,1,2,EA,CT,R1,False
24975,1,1,EA,CT,R1,True
24995,1,1,EA,CT,R1,True
25038,1,1,EA,CT,R1,True
25109,2,2,EA,CT,R1,True
25137,1,1,EA,CT,R1,True
25155,1,1,EA,CT,R1,True
25239,2,2,EA,CT,R1,True
25270,1,1,EA,CT,R1,True
25302,2,2,EA,CT,R1,True
25337,1,1,EA,CT,R1,True
25348,1,1,EA,CT,R1,True
25369,2,2,EA,CT,R1,True
25416,1,1,EA,CT,R1,True
25435,1,1,EA,CT,R1,True
25447,1,1,EA,CT,R1,True
25448,2,2,EA,CT,R1,True
25471,2,2,EA,CT,R1,True
25523,2,2,EA,CT,R1,True
25650,1,1,EA,CT,R1,True
25690,1,1,EA,CT,R1,True
25698,2,2,EA,CT,R1,True
25868,1,1,EA,CT,R1,True
25990,2,2,EA,CT,R1,True
26032,1,1,EA,CT,R1,True
26129,2,2,EA,CT,R1,True
26161,1,1,EA,CT,R1,True
26211,2,2,EA,CT,R1,True
26281,2,1,EA,CT,R1,False
26287,2,2,EA,CT,R1,True
26292,1,1,EA,CT,R1,True
26302,1,1,EA,CT,R1,True
26321,2,2,EA,CT,R1,True
26337,1,1,EA,CT,R1,True
26480,2,2,EA,CT,R1,True
26528,1,1,EA,CT,R1,True
26546,1,1,EA,CT,R1,True
26556,1,1,EA,CT,R1,True
26678,2,2,EA,CT,R1,True
26714,2,2,EA,CT,R1,True
26831,1,1,EA,CT,R1,True
26865,2,2,EA,CT,R1,True
26878,2,2,EA,CT,R1,True
27029,2,1,EA,CT,R1,False
27088,1,1,EA,CT,R1,True
27101,1,1,EA,CT,R1,True
27117,1,1,EA,CT,R1,True
27271,1,1,EA,CT,R1,True
27395,2,2,EA,CT,R1,True
27431,2,2,EA,CT,R1,True
27497,1,1,EA,CT,R1,True
27524,2,2,EA,CT,R1,True
27558,2,2,EA,CT,R1,True
27610,2,2,EA,CT,R1,True
27668,2,2,EA,CT,R1,True
27740,2,2,EA,CT,R1,True
27786,2,2,EA,CT,R1,True
27828,2,2,EA,CT,R1,True
27904,2,2,EA,CT,R1,True
27910,2,2,EA,CT,R1,True
27911,2,2,EA,CT,R1,True
28011,2,2,EA,CT,R1,True
28019,1,1,EA,CT,R1,True
28051,2,2,EA,CT,R1,True
28067,1,1,EA,CT,R1,True
28114,2,2,EA,CT,R1,True
28222,2,2,EA,CT,R1,True
28262,2,2,EA,CT,R1,True
28271,1,1,EA,CT,R1,True
28339,1,2,EA,CT,R1,False
28341,1,1,EA,CT,R1,True
28365,2,2,EA,CT,R1,True
28463,2,2,EA,CT,R1,True
28490,1,1,EA,CT,R1,True
28550,1,2,EA,CT,R1,False
28574,2,2,EA,CT,R1,True
28656,2,2,EA,CT,R1,True
28674,2,2,EA,CT,R1,True
28728,1,1,EA,CT,R1,True
28789,2,2,EA,CT,R1,True
28814,2,1,EA,CT,R1,False
28822,2,2,EA,CT,R1,True
28963,1,1,EA,CT,R1,True
29070,2,2,EA,CT,R1,True
29105,2,2,EA,CT,R1,True
29144,1,1,EA,CT,R1,True
29184,1,1,EA,CT,R1,True
29243,2,2,EA,CT,R1,True
29385,1,1,EA,CT,R1,True
29411,1,1,EA,CT,R1,True
29417,2,2,EA,CT,R1,True
29454,2,2,EA,CT,R1,True
29484,2,2,EA,CT,R1,True
29582,1,1,EA,CT,R1,True
29629,1,1,EA,CT,R1,True
29644,1,1,EA,CT,R1,True
29679,1,1,EA,CT,R1,True
29768,1,1,EA,CT,R1,True
29880,1,2,EA,CT,R1,False
29903,1,1,EA,CT,R1,True
29912,1,1,EA,CT,R1,True
29978,2,1,EA,CT,R1,False
30052,1,1,EA,CT,R1,True
30118,1,1,EA,CT,R1,True
30137,2,2,EA,CT,R1,True
30143,1,1,EA,CT,R1,True
30180,1,1,EA,CT,R1,True
30259,1,1,EA,CT,R1,True
30273,1,1,EA,CT,R1,True
30285,1,2,EA,CT,R1,False
30328,1,1,EA,CT,R1,True
30329,1,1,EA,CT,R1,True
30336,2,2,EA,CT,R1,True
30340,1,1,EA,CT,R1,True
30352,2,2,EA,CT,R1,True
30367,2,2,EA,CT,R1,True
30498,2,2,EA,CT,R1,True
30514,1,1,EA,CT,R1,True
30544,1,1,EA,CT,R1,True
30637,1,1,EA,CT,R1,True
30694,2,2,EA,CT,R1,True
30701,2,2,EA,CT,R1,True
30710,2,2,EA,CT,R1,True
30794,1,1,EA,CT,R1,True
30807,2,1,EA,CT,R1,False
30825,1,1,EA,CT,R1,True
30846,1,1,EA,CT,R1,True
30856,2,2,EA,CT,R1,True
30872,2,2,EA,CT,R1,True
30880,1,1,EA,CT,R1,True
30899,1,1,EA,CT,R1,True
30922,2,1,EA,CT,R1,False
30936,2,2,EA,CT,R1,True
31029,1,1,EA,CT,R1,True
31060,1,1,EA,CT,R1,True
31081,2,2,EA,CT,R1,True
31089,1,1,EA,CT,R1,True
31128,1,1,EA,CT,R1,True
31129,2,2,EA,CT,R1,True
31138,1,1,EA,CT,R1,True
31148,1,1,EA,CT,R1,True
31247,1,1,EA,CT,R1,True
31266,2,2,EA,CT,R1,True
31350,2,2,EA,CT,R1,True
31386,2,2,EA,CT,R1,True
31470,2,1,EA,CT,R1,False
31483,2,2,EA,CT,R1,True
31597,1,1,EA,CT,R1,True
31622,1,1,EA,CT,R1,True
31628,1,1,EA,CT,R1,True
31634,1,1,EA,CT,R1,True
31665,1,1,EA,CT,R1,True
31720,1,1,EA,CT,R1,True
31728,1,1,EA,CT,R1,True
31883,2,2,EA,CT,R1,True
31907,2,2,EA,CT,R1,True
32003,2,2,EA,CT,R1,True
32090,1,1,EA,CT,R1,True
32112,2,2,EA,CT,R1,True
32116,2,2,EA,CT,R1,True
32131,2,2,EA,CT,R1,True
32167,2,1,EA,CT,R1,False
32177,1,1,EA,CT,R1,True
32263,2,2,EA,CT,R1,True
32265,1,1,EA,CT,R1,True
32323,2,2,EA,CT,R1,True
32372,1,1,EA,CT,R1,True
32463,2,2,EA,CT,R1,True
32489,1,2,EA,CT,R1,False
32518,1,1,EA,CT,R1,True
32572,2,2,EA,CT,R1,True
32679,1,1,EA,CT,R1,True
32722,2,2,EA,CT,R1,True
32747,1,1,EA,CT,R1,True
32753,2,2,EA,CT,R1,True
32785,1,1,EA,CT,R1,True
32872,2,2,EA,CT,R1,True
32894,2,1,EA,CT,R1,False
32913,1,1,EA,CT,R1,True
32972,2,2,EA,CT,R1,True
33026,1,2,EA,CT,R1,False
33067,2,2,EA,CT,R1,True
33126,2,2,EA,CT,R1,True
33141,2,2,EA,CT,R1,True
33154,1,1,EA,CT,R1,True
33262,2,2,EA,CT,R1,True
33291,1,1,EA,CT,R1,True
33345,1,1,EA,CT,R1,True
33470,1,1,EA,CT,R1,True
33504,1,1,EA,CT,R1,True
33509,1,1,EA,CT,R1,True
33532,2,2,EA,CT,R1,True
33649,1,1,EA,CT,R1,True
33741,1,1,EA,CT,R1,True
33743,2,2,EA,CT,R1,True
33765,2,2,EA,CT,R1,True
33808,2,2,EA,CT,R1,True
33856,1,1,EA,CT,R1,True
33859,2,2,EA,CT,R1,True
33890,2,2,EA,CT,R1,True
33936,1,2,EA,CT,R1,False
33940,1,2,EA,CT,R1,False
33961,1,1,EA,CT,R1,True
33962,2,2,EA,CT,R1,True
33986,1,1,EA,CT,R1,True
34029,2,2,EA,CT,R1,True
34084,1,1,EA,CT,R1,True
34125,2,2,EA,CT,R1,True
34143,2,2,EA,CT,R1,True
34148,1,1,EA,CT,R1,True
34171,1,1,EA,CT,R1,True
34215,2,2,EA,CT,R1,True
34276,1,1,EA,CT,R1,True
34354,1,1,EA,CT,R1,True
34404,2,2,EA,CT,R1,True
34414,2,2,EA,CT,R1,True
34460,2,2,EA,CT,R1,True
34500,1,1,EA,CT,R1,True
34573,1,1,EA,CT,R1,True
34667,2,2,EA,CT,R1,True
34714,2,2,EA,CT,R1,True
34918,2,2,EA,CT,R1,True
34944,2,2,EA,CT,R1,True
34983,2,2,EA,CT,R1,True
35058,2,2,EA,CT,R1,True
35064,1,2,EA,CT,R1,False
35127,2,2,EA,CT,R1,True
35156,2,2,EA,CT,R1,True
35174,1,1,EA,CT,R1,True
35191,2,2,EA,CT,R1,True
35201,2,2,EA,CT,R1,True
35204,2,2,EA,CT,R1,True
35282,2,2,EA,CT,R1,True
35287,1,1,EA,CT,R1,True
35397,2,2,EA,CT,R1,True
35429,2,2,EA,CT,R1,True
35467,2,2,EA,CT,R1,True
35542,2,2,EA,CT,R1,True
35564,2,2,EA,CT,R1,True
35592,1,1,EA,CT,R1,True
35643,2,2,EA,CT,R1,True
35653,1,2,EA,CT,R1,False
35732,2,2,EA,CT,R1,True
35738,2,2,EA,CT,R1,True
35743,2,1,EA,CT,R1,False
35871,2,2,EA,CT,R1,True
35880,2,2,EA,CT,R1,True
35912,1,2,EA,CT,R1,False
35939,2,2,EA,CT,R1,True
35991,2,2,EA,CT,R1,True
36100,2,2,EA,CT,R1,True
36117,1,1,EA,CT,R1,True
36126,2,2,EA,CT,R1,True
36186,2,2,EA,CT,R1,True
36190,1,1,EA,CT,R1,True
36199,2,2,EA,CT,R1,True
36209,1,1,EA,CT,R1,True
36247,1,1,EA,CT,R1,True
36419,2,2,EA,CT,R1,True
36434,2,2,EA,CT,R1,True
36449,1,1,EA,CT,R1,True
36482,2,2,EA,CT,R1,True
36557,2,2,EA,CT,R1,True
36686,2,2,EA,CT,R1,True
36689,2,1,EA,CT,R1,False
36734,1,1,EA,CT,R1,True
36743,1,1,EA,CT,R1,True
36812,2,2,EA,CT,R1,True
36819,2,2,EA,CT,R1,True
36849,2,2,EA,CT,R1,True
36960,1,1,EA,CT,R1,True
36974,2,2,EA,CT,R1,True
37006,2,2,EA,CT,R1,True
37016,2,2,EA,CT,R1,True
37020,1,1,EA,CT,R1,True
37082,2,2,EA,CT,R1,True
37102,2,1,EA,CT,R1,False
37124,2,2,EA,CT,R1,True
37184,1,2,EA,CT,R1,False
37234,1,2,EA,CT,R1,False
37245,1,1,EA,CT,R1,True
37258,1,2,EA,CT,R1,False
37327,1,1,EA,CT,R1,True
37367,2,2,EA,CT,R1,True
37404,1,1,EA,CT,R1,True
37422,1,1,EA,CT,R1,True
37432,2,2,EA,CT,R1,True
37435,1,1,EA,CT,R1,True
37490,1,1,EA,CT,R1,True
37537,1,2,EA,CT,R1,False
37542,1,1,EA,CT,R1,True
37569,2,2,EA,CT,R1,True
37608,1,1,EA,CT,R1,True
37679,1,1,EA,CT,R1,True
37723,2,2,EA,CT,R1,True
37741,1,2,EA,CT,R1,False
37743,2,2,EA,CT,R1,True
37842,1,1,EA,CT,R1,True
37843,1,1,EA,CT,R1,True
37909,1,1,EA,CT,R1,True
37955,1,1,EA,CT,R1,True
38026,2,2,EA,CT,R1,True
38068,2,2,EA,CT,R1,True
38078,2,2,EA,CT,R1,True
38130,1,2,EA,CT,R1,False
38144,1,1,EA,CT,R1,True
38146,1,1,EA,CT,R1,True
38166,1,1,EA,CT,R1,True
38191,2,2,EA,CT,R1,True
38245,1,1,EA,CT,R1,True
38267,2,1,EA,CT,R1,False
38352,1,1,EA,CT,R1,True
38363,1,2,EA,CT,R1,False
38390,1,1,EA,CT,R1,True
38395,1,1,EA,CT,R1,True
38425,2,2,EA,CT,R1,True
38485,1,1,EA,CT,R1,True
38518,1,1,EA,CT,R1,True
38530,1,1,EA,CT,R1,True
38562,2,2,EA,CT,R1,True
38593,2,2,EA,CT,R1,True
38627,2,2,EA,CT,R1,True
38630,1,1,EA,CT,R1,True
38721,1,1,EA,CT,R1,True
38773,2,1,EA,CT,R1,False
38802,1,2,EA,CT,R1,False
38809,1,1,EA,CT,R1,True
38811,2,2,EA,CT,R1,True
38829,1,1,EA,CT,R1,True
38858,1,2,EA,CT,R1,False
38920,2,2,EA,CT,R1,True
38928,2,2,EA,CT,R1,True
38947,1,1,EA,CT,R1,True
39152,1,2,EA,CT,R1,False
39199,1,1,EA,CT,R1,True
39321,1,1,EA,CT,R1,True
39356,2,2,EA,CT,R1,True
39388,2,2,EA,CT,R1,True
39457,1,1,EA,CT,R1,True
39466,1,1,EA,CT,R1,True
39532,2,2,EA,CT,R1,True
39553,2,2,EA,CT,R1,True
39557,1,1,EA,CT,R1,True
39715,1,2,EA,CT,R1,False
39795,1,1,EA,CT,R1,True
39804,1,1,EA,CT,R1,True
39833,2,2,EA,CT,R1,True
39842,1,1,EA,CT,R1,True
39855,1,2,EA,CT,R1,False
39864,2,2,EA,CT,R1,True
39884,2,2,EA,CT,R1,True
39918,1,1,EA,CT,R1,True
40068,1,1,EA,CT,R1,True
40135,1,1,EA,CT,R1,True
40145,2,1,EA,CT,R1,False
40164,1,1,EA,CT,R1,True
40169,1,1,EA,CT,R1,True
40296,2,2,EA,CT,R1,True
40376,1,1,EA,CT,R1,True
40497,2,2,EA,CT,R1,True
40542,2,2,EA,CT,R1,True
40622,2,2,EA,CT,R1,True
40625,2,2,EA,CT,R1,True
40653,2,2,EA,CT,R1,True
40762,1,1,EA,CT,R1,True
40853,1,1,EA,CT,R1,True
40855,1,2,EA,CT,R1,False
40920,1,2,EA,CT,R1,False
40969,1,1,EA,CT,R1,True
41001,2,2,EA,CT,R1,True
41077,1,1,EA,CT,R1,True
41103,2,2,EA,CT,R1,True
41152,2,2,EA,CT,R1,True
41237,1,1,EA,CT,R1,True
41239,1,1,EA,CT,R1,True
41360,2,2,EA,CT,R1,True
41368,1,1,EA,CT,R1,True
41416,1,2,EA,CT,R1,False
41472,1,1,EA,CT,R1,True
41514,1,2,EA,CT,R1,False
41581,2,2,EA,CT,R1,True
41590,2,2,EA,CT,R1,True
41607,1,1,EA,CT,R1,True
41636,1,1,EA,CT,R1,True
41704,1,1,EA,CT,R1,True
41829,1,1,EA,CT,R1,True
41836,1,1,EA,CT,R1,True
41906,2,2,EA,CT,R1,True
42006,1,2,EA,CT,R1,False
42040,1,1,EA,CT,R1,True
42067,1,1,EA,CT,R1,True
42086,2,2,EA,CT,R1,True
42112,2,2,EA,CT,R1,True
42166,2,2,EA,CT,R1,True
42174,2,1,EA,CT,R1,False
42185,2,2,EA,CT,R1,True
42228,2,2,EA,CT,R1,True
42330,1,1,EA,CT,R1,True
42335,2,2,EA,CT,R1,True
42344,1,1,EA,CT,R1,True
42391,2,2,EA,CT,R1,True
42428,1,1,EA,CT,R1,True
42468,2,2,EA,CT,R1,True
42521,1,1,EA,CT,R1,True
42568,1,2,EA,CT,R1,False
42585,1,1,EA,CT,R1,True
42609,2,2,EA,CT,R1,True
42690,2,2,EA,CT,R1,True
42714,2,2,EA,CT,R1,True
42860,2,2,EA,CT,R1,True
42886,2,2,EA,CT,R1,True
42922,2,2,EA,CT,R1,True
43042,1,1,EA,CT,R1,True
43070,2,2,EA,CT,R1,True
43164,2,2,EA,CT,R1,True
43295,2,2,EA,CT,R1,True
43350,2,2,EA,CT,R1,True
43486,1,1,EA,CT,R1,True
43526,2,2,EA,CT,R1,True
43621,2,2,EA,CT,R1,True
43668,2,2,EA,CT,R1,True
43764,2,2,EA,CT,R1,True
43800,2,2,EA,CT,R1,True
43878,1,1,EA,CT,R1,True
44064,2,2,EA,CT,R1,True
44167,2,2,EA,CT,R1,True
44178,2,2,EA,CT,R1,True
44313,1,2,EA,CT,R1,False
44380,1,1,EA,CT,R1,True
44400,1,2,EA,CT,R1,False
44415,2,2,EA,CT,R1,True
44430,2,2,EA,CT,R1,True
44444,2,2,EA,CT,R1,True
44458,2,2,EA,CT,R1,True
44475,1,1,EA,CT,R1,True
44479,2,2,EA,CT,R1,True
44628,1,1,EA,CT,R1,True
44682,1,1,EA,CT,R1,True
44743,1,1,EA,CT,R1,True
44812,2,2,EA,CT,R1,True
44833,2,1,EA,CT,R1,False
44841,1,2,EA,CT,R1,False
44887,2,2,EA,CT,R1,True
45012,2,2,EA,CT,R1,True
45024,1,1,EA,CT,R1,True
45075,2,2,EA,CT,R1,True
45117,2,2,EA,CT,R1,True
45137,2,2,EA,CT,R1,True
45175,2,2,EA,CT,R1,True
45184,1,1,EA,CT,R1,True
45190,1,2,EA,CT,R1,False
45289,1,1,EA,CT,R1,True
45314,1,1,EA,CT,R1,True
45337,1,1,EA,CT,R1,True
45340,2,2,EA,CT,R1,True
45390,2,2,EA,CT,R1,True
45424,1,2,EA,CT,R1,False
45470,2,2,EA,CT,R1,True
45492,1,1,EA,CT,R1,True
45529,2,2,EA,CT,R1,True
45784,1,1,EA,CT,R1,True
45800,2,2,EA,CT,R1,True
45811,2,2,EA,CT,R1,True
45837,1,1,EA,CT,R1,True
45857,2,2,EA,CT,R1,True
45893,2,2,EA,CT,R1,True
45938,2,2,EA,CT,R1,True
45985,1,1,EA,CT,R1,True
46026,2,2,EA,CT,R1,True
46132,1,1,EA,CT,R1,True
46147,1,1,EA,CT,R1,True
46160,1,1,EA,CT,R1,True
46346,1,1,EA,CT,R1,True
46371,2,1,EA,CT,R1,False
46372,2,2,EA,CT,R1,True
46555,2,2,EA,CT,R1,True
46569,2,2,EA,CT,R1,True
46595,2,2,EA,CT,R1,True
46674,1,1,EA,CT,R1,True
46707,1,1,EA,CT,R1,True
46710,2,2,EA,CT,R1,True
46751,2,2,EA,CT,R1,True
46756,1,1,EA,CT,R1,True
46810,2,2,EA,CT,R1,True
46859,2,2,EA,CT,R1,True
46880,1,1,EA,CT,R1,True
46894,2,2,EA,CT,R1,True
46969,2,2,EA,CT,R1,True
47024,2,2,EA,CT,R1,True
47060,2,2,EA,CT,R1,True
47065,1,2,EA,CT,R1,False
47097,1,1,EA,CT,R1,True
47139,2,2,EA,CT,R1,True
47169,2,2,EA,CT,R1,True
47174,2,2,EA,CT,R1,True
47216,2,2,EA,CT,R1,True
47246,2,2,EA,CT,R1,True
47249,2,2,EA,CT,R1,True
47362,1,1,EA,CT,R1,True
47371,1,1,EA,CT,R1,True
47560,1,1,EA,CT,R1,True
47603,1,1,EA,CT,R1,True
47619,2,2,EA,CT,R1,True
47632,1,1,EA,CT,R1,True
47865,2,2,EA,CT,R1,True
47886,1,1,EA,CT,R1,True
48180,2,1,EA,CT,R1,False
48182,1,1,EA,CT,R1,True
48246,1,1,EA,CT,R1,True
48329,1,1,EA,CT,R1,True
48352,1,1,EA,CT,R1,True
48355,2,2,EA,CT,R1,True
48434,1,2,EA,CT,R1,False
48449,2,2,EA,CT,R1,True
48506,2,2,EA,CT,R1,True
48538,2,2,EA,CT,R1,True
48541,1,1,EA,CT,R1,True
48562,2,2,EA,CT,R1,True
48563,2,2,EA,CT,R1,True
48566,2,1,EA,CT,R1,False
48587,1,1,EA,CT,R1,True
48722,2,2,EA,CT,R1,True
48728,1,1,EA,CT,R1,True
48859,2,2,EA,CT,R1,True
48898,1,1,EA,CT,R1,True
48976,2,2,EA,CT,R1,True
49004,1,1,EA,CT,R1,True
49029,1,2,EA,CT,R1,False
49047,1,1,EA,CT,R1,True
49052,1,1,EA,CT,R1,True
49095,1,1,EA,CT,R1,True
49132,1,1,EA,CT,R1,True
49146,1,1,EA,CT,R1,True
49168,2,1,EA,CT,R1,False
49182,2,2,EA,CT,R1,True
49189,1,1,EA,CT,R1,True
49213,1,1,EA,CT,R1,True
49228,1,1,EA,CT,R1,True
49242,2,2,EA,CT,R1,True
49325,1,1,EA,CT,R1,True
49400,2,2,EA,CT,R1,True
49460,1,1,EA,CT,R1,True
49550,1,2,EA,CT,R1,False
49700,1,2,EA,CT,R1,False
49737,1,1,EA,CT,R1,True
49765,2,2,EA,CT,R1,True
49855,2,2,EA,CT,R1,True
49870,2,2,EA,CT,R1,True
49943,2,2,EA,CT,R1,True
49950,2,2,EA,CT,R1,True
49959,2,2,EA,CT,R1,True
49971,1,1,EA,CT,R1,True
55,1,1,EA,CT,V3,True
107,2,2,EA,CT,V3,True
176,1,1,EA,CT,V3,True
257,1,1,EA,CT,V3,True
284,2,2,EA,CT,V3,True
287,1,1,EA,CT,V3,True
310,2,2,EA,CT,V3,True
337,2,2,EA,CT,V3,True
379,2,2,EA,CT,V3,True
393,2,2,EA,CT,V3,True
405,2,2,EA,CT,V3,True
423,1,2,EA,CT,V3,False
450,2,2,EA,CT,V3,True
504,2,2,EA,CT,V3,True
525,2,2,EA,CT,V3,True
545,1,1,EA,CT,V3,True
715,2,2,EA,CT,V3,True
722,1,1,EA,CT,V3,True
793,2,2,EA,CT,V3,True
804,2,2,EA,CT,V3,True
813,2,2,EA,CT,V3,True
856,2,2,EA,CT,V3,True
893,2,2,EA,CT,V3,True
922,1,1,EA,CT,V3,True
1029,2,2,EA,CT,V3,True
1057,1,1,EA,CT,V3,True
1106,1,1,EA,CT,V3,True
1200,2,2,EA,CT,V3,True
1227,2,2,EA,CT,V3,True
1261,2,2,EA,CT,V3,True
1290,1,1,EA,CT,V3,True
1347,1,1,EA,CT,V3,True
1352,2,2,EA,CT,V3,True
1363,2,2,EA,CT,V3,True
1421,1,1,EA,CT,V3,True
1481,1,1,EA,CT,V3,True
1545,1,1,EA,CT,V3,True
1552,1,1,EA,CT,V3,True
1573,1,1,EA,CT,V3,True
1656,2,2,EA,CT,V3,True
1687,1,1,EA,CT,V3,True
1707,2,2,EA,CT,V3,True
1733,2,2,EA,CT,V3,True
1735,2,2,EA,CT,V3,True
1755,2,2,EA,CT,V3,True
1808,2,1,EA,CT,V3,False
1814,2,2,EA,CT,V3,True
1819,2,2,EA,CT,V3,True
1822,1,1,EA,CT,V3,True
1823,1,1,EA,CT,V3,True
2004,2,2,EA,CT,V3,True
2039,2,2,EA,CT,V3,True
2055,1,1,EA,CT,V3,True
2068,2,2,EA,CT,V3,True
2081,1,1,EA,CT,V3,True
2155,2,2,EA,CT,V3,True
2221,2,2,EA,CT,V3,True
2288,2,2,EA,CT,V3,True
2375,2,2,EA,CT,V3,True
2408,1,2,EA,CT,V3,False
2426,2,2,EA,CT,V3,True
2584,2,2,EA,CT,V3,True
2585,1,1,EA,CT,V3,True
2599,2,2,EA,CT,V3,True
2600,1,1,EA,CT,V3,True
2732,2,2,EA,CT,V3,True
2844,1,1,EA,CT,V3,True
2891,2,2,EA,CT,V3,True
2932,2,2,EA,CT,V3,True
2983,1,1,EA,CT,V3,True
3056,1,1,EA,CT,V3,True
3102,1,1,EA,CT,V3,True
3191,1,1,EA,CT,V3,True
3297,1,1,EA,CT,V3,True
3363,1,1,EA,CT,V3,True
3367,2,2,EA,CT,V3,True
3385,1,2,EA,CT,V3,False
3400,2,1,EA,CT,V3,False
3418,1,1,EA,CT,V3,True
3429,2,2,EA,CT,V3,True
3440,1,1,EA,CT,V3,True
3512,2,2,EA,CT,V3,True
3524,1,1,EA,CT,V3,True
3567,1,1,EA,CT,V3,True
3631,2,2,EA,CT,V3,True
3824,1,1,EA,CT,V3,True
3839,1,1,EA,CT,V3,True
3867,1,1,EA,CT,V3,True
3868,2,1,EA,CT,V3,False
3912,2,1,EA,CT,V3,False
3929,1,1,EA,CT,V3,True
3954,2,2,EA,CT,V3,True
3971,2,2,EA,CT,V3,True
4017,1,2,EA,CT,V3,False
4066,2,2,EA,CT,V3,True
4087,2,2,EA,CT,V3,True
4153,2,2,EA,CT,V3,True
4187,1,1,EA,CT,V3,True
4207,1,1,EA,CT,V3,True
4211,1,1,EA,CT,V3,True
4303,1,1,EA,CT,V3,True
4314,1,1,EA,CT,V3,True
4339,2,1,EA,CT,V3,False
4348,2,2,EA,CT,V3,True
4447,1,1,EA,CT,V3,True
4462,1,1,EA,CT,V3,True
4591,1,1,EA,CT,V3,True
4624,2,2,EA,CT,V3,True
4651,2,2,EA,CT,V3,True
4652,1,1,EA,CT,V3,True
4663,1,1,EA,CT,V3,True
4706,2,2,EA,CT,V3,True
4716,1,1,EA,CT,V3,True
4744,2,2,EA,CT,V3,True
4767,1,1,EA,CT,V3,True
4795,1,1,EA,CT,V3,True
4797,1,1,EA,CT,V3,True
4812,2,2,EA,CT,V3,True
4827,2,2,EA,CT,V3,True
4829,2,2,EA,CT,V3,True
4856,1,1,EA,CT,V3,True
4871,1,1,EA,CT,V3,True
4927,2,2,EA,CT,V3,True
5009,1,1,EA,CT,V3,True
5024,1,1,EA,CT,V3,True
5070,1,1,EA,CT,V3,True
5086,2,2,EA,CT,V3,True
5105,2,2,EA,CT,V3,True
5119,1,1,EA,CT,V3,True
5120,2,2,EA,CT,V3,True
5159,1,1,EA,CT,V3,True
5406,1,1,EA,CT,V3,True
5424,2,2,EA,CT,V3,True
5475,2,1,EA,CT,V3,False
5499,1,1,EA,CT,V3,True
5570,1,1,EA,CT,V3,True
5619,2,2,EA,CT,V3,True
5651,1,1,EA,CT,V3,True
5797,2,2,EA,CT,V3,True
5824,2,2,EA,CT,V3,True
5829,1,1,EA,CT,V3,True
5906,2,2,EA,CT,V3,True
5913,2,2,EA,CT,V3,True
5938,2,2,EA,CT,V3,True
5957,2,2,EA,CT,V3,True
5998,2,2,EA,CT,V3,True
6010,2,2,EA,CT,V3,True
6059,2,2,EA,CT,V3,True
6111,1,1,EA,CT,V3,True
6137,1,1,EA,CT,V3,True
6156,1,1,EA,CT,V3,True
6252,1,1,EA,CT,V3,True
6253,2,2,EA,CT,V3,True
6255,2,2,EA,CT,V3,True
6295,1,1,EA,CT,V3,True
6347,1,1,EA,CT,V3,True
6374,1,1,EA,CT,V3,True
6452,1,1,EA,CT,V3,True
6465,1,1,EA,CT,V3,True
6484,2,2,EA,CT,V3,True
6527,1,1,EA,CT,V3,True
6595,1,1,EA,CT,V3,True
6631,1,1,EA,CT,V3,True
6715,2,2,EA,CT,V3,True
6728,1,1,EA,CT,V3,True
6756,2,2,EA,CT,V3,True
6812,1,1,EA,CT,V3,True
6824,1,1,EA,CT,V3,True
6842,1,2,EA,CT,V3,False
6867,1,1,EA,CT,V3,True
6868,2,2,EA,CT,V3,True
6899,2,2,EA,CT,V3,True
6965,1,2,EA,CT,V3,False
6977,2,2,EA,CT,V3,True
6991,1,1,EA,CT,V3,True
7001,2,2,EA,CT,V3,True
7004,1,1,EA,CT,V3,True
7042,2,2,EA,CT,V3,True
7070,2,2,EA,CT,V3,True
7096,1,1,EA,CT,V3,True
7099,1,1,EA,CT,V3,True
7194,2,2,EA,CT,V3,True
7220,2,2,EA,CT,V3,True
7313,2,2,EA,CT,V3,True
7387,1,1,EA,CT,V3,True
7407,1,1,EA,CT,V3,True
7430,2,2,EA,CT,V3,True
7439,1,1,EA,CT,V3,True
7451,2,2,EA,CT,V3,True
7498,2,2,EA,CT,V3,True
7550,1,1,EA,CT,V3,True
7553,2,2,EA,CT,V3,True
7555,1,1,EA,CT,V3,True
7581,2,2,EA,CT,V3,True
7599,2,2,EA,CT,V3,True
7631,1,1,EA,CT,V3,True
7654,1,1,EA,CT,V3,True
7687,1,1,EA,CT,V3,True
7723,1,1,EA,CT,V3,True
7832,2,2,EA,CT,V3,True
7887,1,1,EA,CT,V3,True
7894,1,1,EA,CT,V3,True
7915,2,2,EA,CT,V3,True
7966,1,1,EA,CT,V3,True
7972,1,1,EA,CT,V3,True
7992,1,2,EA,CT,V3,False
8015,2,2,EA,CT,V3,True
8033,1,1,EA,CT,V3,True
8139,1,1,EA,CT,V3,True
8217,1,1,EA,CT,V3,True
8268,1,1,EA,CT,V3,True
8339,1,1,EA,CT,V3,True
8366,2,2,EA,CT,V3,True
8444,1,1,EA,CT,V3,True
8477,1,1,EA,CT,V3,True
8580,2,2,EA,CT,V3,True
8614,1,1,EA,CT,V3,True
8630,2,2,EA,CT,V3,True
8637,1,1,EA,CT,V3,True
8672,1,1,EA,CT,V3,True
8800,1,1,EA,CT,V3,True
8816,2,2,EA,CT,V3,True
8902,2,2,EA,CT,V3,True
8923,2,2,EA,CT,V3,True
8948,1,1,EA,CT,V3,True
8993,1,1,EA,CT,V3,True
9004,1,1,EA,CT,V3,True
9089,2,2,EA,CT,V3,True
9102,2,2,EA,CT,V3,True
9120,1,1,EA,CT,V3,True
9134,2,2,EA,CT,V3,True
9246,2,2,EA,CT,V3,True
9268,1,1,EA,CT,V3,True
9325,1,1,EA,CT,V3,True
9349,2,2,EA,CT,V3,True
9357,2,2,EA,CT,V3,True
9417,1,1,EA,CT,V3,True
9459,1,2,EA,CT,V3,False
9465,1,1,EA,CT,V3,True
9469,2,2,EA,CT,V3,True
9473,2,2,EA,CT,V3,True
9485,2,2,EA,CT,V3,True
9595,1,1,EA,CT,V3,True
9632,2,2,EA,CT,V3,True
9635,2,2,EA,CT,V3,True
9677,2,2,EA,CT,V3,True
9715,1,1,EA,CT,V3,True
9724,1,2,EA,CT,V3,False
9774,2,2,EA,CT,V3,True
9796,1,1,EA,CT,V3,True
9892,2,2,EA,CT,V3,True
9899,1,1,EA,CT,V3,True
9934,1,1,EA,CT,V3,True
9955,1,2,EA,CT,V3,False
9987,1,1,EA,CT,V3,True
10022,1,1,EA,CT,V3,True
10156,1,1,EA,CT,V3,True
10163,1,1,EA,CT,V3,True
10187,2,1,EA,CT,V3,False
10210,1,1,EA,CT,V3,True
10301,1,2,EA,CT,V3,False
10328,1,1,EA,CT,V3,True
10330,2,2,EA,CT,V3,True
10361,1,1,EA,CT,V3,True
10375,1,1,EA,CT,V3,True
10400,1,1,EA,CT,V3,True
10423,2,2,EA,CT,V3,True
10434,1,1,EA,CT,V3,True
10450,2,2,EA,CT,V3,True
10566,2,2,EA,CT,V3,True
10600,1,1,EA,CT,V3,True
10610,2,2,EA,CT,V3,True
10626,2,1,EA,CT,V3,False
10634,2,2,EA,CT,V3,True
10713,1,2,EA,CT,V3,False
10771,2,2,EA,CT,V3,True
10803,2,1,EA,CT,V3,False
10910,2,2,EA,CT,V3,True
10954,2,2,EA,CT,V3,True
10978,1,1,EA,CT,V3,True
11024,2,2,EA,CT,V3,True
11102,1,1,EA,CT,V3,True
11112,2,2,EA,CT,V3,True
11120,2,2,EA,CT,V3,True
11132,1,1,EA,CT,V3,True
11189,2,2,EA,CT,V3,True
11241,1,2,EA,CT,V3,False
11264,2,2,EA,CT,V3,True
11283,2,2,EA,CT,V3,True
11511,2,2,EA,CT,V3,True
11523,2,2,EA,CT,V3,True
11525,1,1,EA,CT,V3,True
11596,1,1,EA,CT,V3,True
11603,1,1,EA,CT,V3,True
11617,2,1,EA,CT,V3,False
11630,1,1,EA,CT,V3,True
11742,2,2,EA,CT,V3,True
11786,1,1,EA,CT,V3,True
11850,2,2,EA,CT,V3,True
11870,1,1,EA,CT,V3,True
11874,1,1,EA,CT,V3,True
11930,1,1,EA,CT,V3,True
11935,2,2,EA,CT,V3,True
11967,1,1,EA,CT,V3,True
12012,2,2,EA,CT,V3,True
12074,1,1,EA,CT,V3,True
12143,2,1,EA,CT,V3,False
12151,1,1,EA,CT,V3,True
12153,1,1,EA,CT,V3,True
12219,1,1,EA,CT,V3,True
12271,2,2,EA,CT,V3,True
12285,1,1,EA,CT,V3,True
12305,1,1,EA,CT,V3,True
12323,1,1,EA,CT,V3,True
12429,2,2,EA,CT,V3,True
12494,1,1,EA,CT,V3,True
12645,1,1,EA,CT,V3,True
12732,1,1,EA,CT,V3,True
12798,2,2,EA,CT,V3,True
12830,2,2,EA,CT,V3,True
12860,2,2,EA,CT,V3,True
12896,1,1,EA,CT,V3,True
12903,2,1,EA,CT,V3,False
12926,2,2,EA,CT,V3,True
12936,2,2,EA,CT,V3,True
12948,2,2,EA,CT,V3,True
12975,2,2,EA,CT,V3,True
13035,1,1,EA,CT,V3,True
13050,2,2,EA,CT,V3,True
13061,2,1,EA,CT,V3,False
13113,2,2,EA,CT,V3,True
13115,1,2,EA,CT,V3,False
13137,2,2,EA,CT,V3,True
13141,1,1,EA,CT,V3,True
13200,1,1,EA,CT,V3,True
13227,2,2,EA,CT,V3,True
13319,1,1,EA,CT,V3,True
13384,1,2,EA,CT,V3,False
13469,2,2,EA,CT,V3,True
13484,2,2,EA,CT,V3,True
13518,2,2,EA,CT,V3,True
13531,1,1,EA,CT,V3,True
13562,2,2,EA,CT,V3,True
13785,1,1,EA,CT,V3,True
13843,2,2,EA,CT,V3,True
13864,2,2,EA,CT,V3,True
13874,1,1,EA,CT,V3,True
13923,1,2,EA,CT,V3,False
13996,1,2,EA,CT,V3,False
14011,2,2,EA,CT,V3,True
14047,2,2,EA,CT,V3,True
14055,2,2,EA,CT,V3,True
14074,2,2,EA,CT,V3,True
14137,2,2,EA,CT,V3,True
14139,2,2,EA,CT,V3,True
14259,1,1,EA,CT,V3,True
14300,1,1,EA,CT,V3,True
14325,1,1,EA,CT,V3,True
14408,1,1,EA,CT,V3,True
14410,1,2,EA,CT,V3,False
14469,1,1,EA,CT,V3,True
14488,1,1,EA,CT,V3,True
14532,2,2,EA,CT,V3,True
14550,2,2,EA,CT,V3,True
14557,1,1,EA,CT,V3,True
14581,2,2,EA,CT,V3,True
14617,2,2,EA,CT,V3,True
14759,2,2,EA,CT,V3,True
14793,1,1,EA,CT,V3,True
14796,2,2,EA,CT,V3,True
14818,1,1,EA,CT,V3,True
14845,2,2,EA,CT,V3,True
14858,2,1,EA,CT,V3,False
14868,1,1,EA,CT,V3,True
14900,1,1,EA,CT,V3,True
14932,2,2,EA,CT,V3,True
14970,2,2,EA,CT,V3,True
14988,2,2,EA,CT,V3,True
15035,1,1,EA,CT,V3,True
15066,2,2,EA,CT,V3,True
15131,1,2,EA,CT,V3,False
15133,2,2,EA,CT,V3,True
15176,2,2,EA,CT,V3,True
15189,1,1,EA,CT,V3,True
15254,1,1,EA,CT,V3,True
15290,1,1,EA,CT,V3,True
15363,2,2,EA,CT,V3,True
15473,2,1,EA,CT,V3,False
15535,2,2,EA,CT,V3,True
15538,1,1,EA,CT,V3,True
15555,2,1,EA,CT,V3,False
15585,2,2,EA,CT,V3,True
15614,2,2,EA,CT,V3,True
15620,2,2,EA,CT,V3,True
15721,2,2,EA,CT,V3,True
15735,1,1,EA,CT,V3,True
15799,2,2,EA,CT,V3,True
15810,1,1,EA,CT,V3,True
15822,1,1,EA,CT,V3,True
15883,1,1,EA,CT,V3,True
15938,1,2,EA,CT,V3,False
16011,1,1,EA,CT,V3,True
16114,1,1,EA,CT,V3,True
16120,1,1,EA,CT,V3,True
16170,2,2,EA,CT,V3,True
16174,1,1,EA,CT,V3,True
16204,1,2,EA,CT,V3,False
16230,1,1,EA,CT,V3,True
16264,1,1,EA,CT,V3,True
16339,1,1,EA,CT,V3,True
16355,2,2,EA,CT,V3,True
16386,1,1,EA,CT,V3,True
16398,1,1,EA,CT,V3,True
16457,1,1,EA,CT,V3,True
16572,1,1,EA,CT,V3,True
16600,1,1,EA,CT,V3,True
16614,1,1,EA,CT,V3,True
16642,1,1,EA,CT,V3,True
16731,1,1,EA,CT,V3,True
16801,2,2,EA,CT,V3,True
16845,1,1,EA,CT,V3,True
16858,2,2,EA,CT,V3,True
16891,1,1,EA,CT,V3,True
16903,1,1,EA,CT,V3,True
16977,1,1,EA,CT,V3,True
17002,2,2,EA,CT,V3,True
17048,1,1,EA,CT,V3,True
17079,2,2,EA,CT,V3,True
17082,2,1,EA,CT,V3,False
17121,2,2,EA,CT,V3,True
17165,2,2,EA,CT,V3,True
17212,1,1,EA,CT,V3,True
17241,2,2,EA,CT,V3,True
17322,1,1,EA,CT,V3,True
17355,2,2,EA,CT,V3,True
17364,2,2,EA,CT,V3,True
17386,2,2,EA,CT,V3,True
17423,2,2,EA,CT,V3,True
17455,1,1,EA,CT,V3,True
17468,1,1,EA,CT,V3,True
17475,1,1,EA,CT,V3,True
17553,1,1,EA,CT,V3,True
17744,2,2,EA,CT,V3,True
17746,2,2,EA,CT,V3,True
17792,1,1,EA,CT,V3,True
17806,2,2,EA,CT,V3,True
17841,2,2,EA,CT,V3,True
17877,1,1,EA,CT,V3,True
17885,2,2,EA,CT,V3,True
17963,2,2,EA,CT,V3,True
18290,1,1,EA,CT,V3,True
18337,1,1,EA,CT,V3,True
18550,2,2,EA,CT,V3,True
18553,1,2,EA,CT,V3,False
18597,1,1,EA,CT,V3,True
18613,2,2,EA,CT,V3,True
18630,2,2,EA,CT,V3,True
18631,1,1,EA,CT,V3,True
18643,1,1,EA,CT,V3,True
18656,2,2,EA,CT,V3,True
18670,1,1,EA,CT,V3,True
18806,1,1,EA,CT,V3,True
18820,1,1,EA,CT,V3,True
18839,2,2,EA,CT,V3,True
18874,1,1,EA,CT,V3,True
18886,1,1,EA,CT,V3,True
18935,1,1,EA,CT,V3,True
18998,2,2,EA,CT,V3,True
19036,2,2,EA,CT,V3,True
19045,2,2,EA,CT,V3,True
19267,2,2,EA,CT,V3,True
19295,1,1,EA,CT,V3,True
19331,2,2,EA,CT,V3,True
19341,1,1,EA,CT,V3,True
19363,1,1,EA,CT,V3,True
19383,1,1,EA,CT,V3,True
19385,2,2,EA,CT,V3,True
19395,2,2,EA,CT,V3,True
19486,2,2,EA,CT,V3,True
19496,2,2,EA,CT,V3,True
19519,2,1,EA,CT,V3,False
19532,1,1,EA,CT,V3,True
19538,1,1,EA,CT,V3,True
19593,2,2,EA,CT,V3,True
19599,2,2,EA,CT,V3,True
19643,1,1,EA,CT,V3,True
19686,1,1,EA,CT,V3,True
19738,1,1,EA,CT,V3,True
19794,1,1,EA,CT,V3,True
19811,1,1,EA,CT,V3,True
19826,1,2,EA,CT,V3,False
19830,2,2,EA,CT,V3,True
19839,2,2,EA,CT,V3,True
19854,2,2,EA,CT,V3,True
19900,2,1,EA,CT,V3,False
19915,1,1,EA,CT,V3,True
19968,2,2,EA,CT,V3,True
20031,1,1,EA,CT,V3,True
20132,1,1,EA,CT,V3,True
20184,1,1,EA,CT,V3,True
20195,1,1,EA,CT,V3,True
20270,1,1,EA,CT,V3,True
20299,2,2,EA,CT,V3,True
20338,1,1,EA,CT,V3,True
20351,1,2,EA,CT,V3,False
20380,2,2,EA,CT,V3,True
20420,1,1,EA,CT,V3,True
20422,1,1,EA,CT,V3,True
20431,1,1,EA,CT,V3,True
20443,1,1,EA,CT,V3,True
20446,2,2,EA,CT,V3,True
20465,1,1,EA,CT,V3,True
20467,2,1,EA,CT,V3,False
20504,2,2,EA,CT,V3,True
20528,1,1,EA,CT,V3,True
20542,1,1,EA,CT,V3,True
20549,1,1,EA,CT,V3,True
20609,1,1,EA,CT,V3,True
20666,1,1,EA,CT,V3,True
20677,1,1,EA,CT,V3,True
20685,2,2,EA,CT,V3,True
20839,2,2,EA,CT,V3,True
20853,1,1,EA,CT,V3,True
20869,2,2,EA,CT,V3,True
20890,2,2,EA,CT,V3,True
20895,1,1,EA,CT,V3,True
20964,1,1,EA,CT,V3,True
20971,2,2,EA,CT,V3,True
21016,1,1,EA,CT,V3,True
21051,2,2,EA,CT,V3,True
21067,2,2,EA,CT,V3,True
21074,1,1,EA,CT,V3,True
21098,2,2,EA,CT,V3,True
21130,2,2,EA,CT,V3,True
21158,1,1,EA,CT,V3,True
21165,1,1,EA,CT,V3,True
21167,1,1,EA,CT,V3,True
21173,1,1,EA,CT,V3,True
21180,2,2,EA,CT,V3,True
21203,2,2,EA,CT,V3,True
21210,1,1,EA,CT,V3,True
21399,1,1,EA,CT,V3,True
21509,2,2,EA,CT,V3,True
21544,2,2,EA,CT,V3,True
21599,1,2,EA,CT,V3,False
21606,2,2,EA,CT,V3,True
21629,1,1,EA,CT,V3,True
21630,2,1,EA,CT,V3,False
21666,2,2,EA,CT,V3,True
21691,1,1,EA,CT,V3,True
21847,2,2,EA,CT,V3,True
21910,2,1,EA,CT,V3,False
21935,1,1,EA,CT,V3,True
21976,1,1,EA,CT,V3,True
21987,2,2,EA,CT,V3,True
22043,2,2,EA,CT,V3,True
22052,1,1,EA,CT,V3,True
22065,1,1,EA,CT,V3,True
22066,2,2,EA,CT,V3,True
22090,1,2,EA,CT,V3,False
22126,2,2,EA,CT,V3,True
22166,2,2,EA,CT,V3,True
22184,2,2,EA,CT,V3,True
22189,2,2,EA,CT,V3,True
22194,2,2,EA,CT,V3,True
22266,1,1,EA,CT,V3,True
22356,2,2,EA,CT,V3,True
22467,2,2,EA,CT,V3,True
22679,1,1,EA,CT,V3,True
22707,2,2,EA,CT,V3,True
22767,2,2,EA,CT,V3,True
22770,1,1,EA,CT,V3,True
22814,1,1,EA,CT,V3,True
22819,2,2,EA,CT,V3,True
22833,1,1,EA,CT,V3,True
22849,2,2,EA,CT,V3,True
22966,2,2,EA,CT,V3,True
23023,1,1,EA,CT,V3,True
23052,1,1,EA,CT,V3,True
23089,1,1,EA,CT,V3,True
23104,2,2,EA,CT,V3,True
23128,1,1,EA,CT,V3,True
23200,1,1,EA,CT,V3,True
23313,2,2,EA,CT,V3,True
23322,1,1,EA,CT,V3,True
23415,2,1,EA,CT,V3,False
23440,2,2,EA,CT,V3,True
23453,2,2,EA,CT,V3,True
23505,1,1,EA,CT,V3,True
23514,2,2,EA,CT,V3,True
23524,1,1,EA,CT,V3,True
23530,2,2,EA,CT,V3,True
23534,1,1,EA,CT,V3,True
23574,1,1,EA,CT,V3,True
23584,1,1,EA,CT,V3,True
23605,1,1,EA,CT,V3,True
23620,2,2,EA,CT,V3,True
23648,2,2,EA,CT,V3,True
23699,2,2,EA,CT,V3,True
23713,2,2,EA,CT,V3,True
23779,1,1,EA,CT,V3,True
23871,1,1,EA,CT,V3,True
23873,1,1,EA,CT,V3,True
23901,1,1,EA,CT,V3,True
24026,2,2,EA,CT,V3,True
24163,1,1,EA,CT,V3,True
24174,2,2,EA,CT,V3,True
24223,1,1,EA,CT,V3,True
24291,2,1,EA,CT,V3,False
24304,1,1,EA,CT,V3,True
24334,2,2,EA,CT,V3,True
24405,2,2,EA,CT,V3,True
24408,1,1,EA,CT,V3,True
24502,2,1,EA,CT,V3,False
24541,2,2,EA,CT,V3,True
24573,1,1,EA,CT,V3,True
24577,1,1,EA,CT,V3,True
24637,2,2,EA,CT,V3,True
24706,1,1,EA,CT,V3,True
24740,2,2,EA,CT,V3,True
24774,2,2,EA,CT,V3,True
24836,1,1,EA,CT,V3,True
24871,1,1,EA,CT,V3,True
24975,1,1,EA,CT,V3,True
24995,1,1,EA,CT,V3,True
25038,1,1,EA,CT,V3,True
25109,2,2,EA,CT,V3,True
25137,1,1,EA,CT,V3,True
25155,1,1,EA,CT,V3,True
25239,2,1,EA,CT,V3,False
25270,1,1,EA,CT,V3,True
25302,2,2,EA,CT,V3,True
25337,1,1,EA,CT,V3,True
25348,1,1,EA,CT,V3,True
25369,2,2,EA,CT,V3,True
25416,1,1,EA,CT,V3,True
25447,1,1,EA,CT,V3,True
25448,2,2,EA,CT,V3,True
25471,2,2,EA,CT,V3,True
25523,2,2,EA,CT,V3,True
25650,1,1,EA,CT,V3,True
25690,1,1,EA,CT,V3,True
25856,1,1,EA,CT,V3,True
25868,1,1,EA,CT,V3,True
25990,2,2,EA,CT,V3,True
26032,1,1,EA,CT,V3,True
26129,2,2,EA,CT,V3,True
26161,1,2,EA,CT,V3,False
26211,2,2,EA,CT,V3,True
26287,2,2,EA,CT,V3,True
26292,1,1,EA,CT,V3,True
26302,1,1,EA,CT,V3,True
26321,2,2,EA,CT,V3,True
26337,1,1,EA,CT,V3,True
26345,1,2,EA,CT,V3,False
26480,2,2,EA,CT,V3,True
26528,1,1,EA,CT,V3,True
26546,1,1,EA,CT,V3,True
26556,1,1,EA,CT,V3,True
26678,2,2,EA,CT,V3,True
26714,2,2,EA,CT,V3,True
26831,1,1,EA,CT,V3,True
26865,2,2,EA,CT,V3,True
26878,2,2,EA,CT,V3,True
27029,2,1,EA,CT,V3,False
27088,1,1,EA,CT,V3,True
27101,1,1,EA,CT,V3,True
27117,1,2,EA,CT,V3,False
27271,1,1,EA,CT,V3,True
27395,2,1,EA,CT,V3,False
27431,2,2,EA,CT,V3,True
27497,1,1,EA,CT,V3,True
27524,2,2,EA,CT,V3,True
27558,2,2,EA,CT,V3,True
27610,2,1,EA,CT,V3,False
27668,2,2,EA,CT,V3,True
27688,2,1,EA,CT,V3,False
27740,2,2,EA,CT,V3,True
27786,2,2,EA,CT,V3,True
27828,2,2,EA,CT,V3,True
27904,2,2,EA,CT,V3,True
27910,2,2,EA,CT,V3,True
27911,2,2,EA,CT,V3,True
28011,2,2,EA,CT,V3,True
28051,2,2,EA,CT,V3,True
28057,1,1,EA,CT,V3,True
28067,1,1,EA,CT,V3,True
28114,2,2,EA,CT,V3,True
28222,2,2,EA,CT,V3,True
28262,2,2,EA,CT,V3,True
28271,1,1,EA,CT,V3,True
28339,1,2,EA,CT,V3,False
28341,1,1,EA,CT,V3,True
28365,2,2,EA,CT,V3,True
28463,2,2,EA,CT,V3,True
28490,1,1,EA,CT,V3,True
28550,1,2,EA,CT,V3,False
28574,2,2,EA,CT,V3,True
28656,2,2,EA,CT,V3,True
28674,2,2,EA,CT,V3,True
28728,1,1,EA,CT,V3,True
28789,2,2,EA,CT,V3,True
28814,2,1,EA,CT,V3,False
28822,2,2,EA,CT,V3,True
28963,1,1,EA,CT,V3,True
29070,2,2,EA,CT,V3,True
29105,2,2,EA,CT,V3,True
29132,1,1,EA,CT,V3,True
29144,1,1,EA,CT,V3,True
29184,1,1,EA,CT,V3,True
29243,2,2,EA,CT,V3,True
29385,1,1,EA,CT,V3,True
29411,1,1,EA,CT,V3,True
29417,2,2,EA,CT,V3,True
29454,2,2,EA,CT,V3,True
29465,1,2,EA,CT,V3,False
29484,2,2,EA,CT,V3,True
29582,1,2,EA,CT,V3,False
29629,1,1,EA,CT,V3,True
29644,1,1,EA,CT,V3,True
29679,1,1,EA,CT,V3,True
29768,1,1,EA,CT,V3,True
29880,1,1,EA,CT,V3,True
29903,1,1,EA,CT,V3,True
29912,1,1,EA,CT,V3,True
29978,2,1,EA,CT,V3,False
30052,1,1,EA,CT,V3,True
30118,1,1,EA,CT,V3,True
30131,1,2,EA,CT,V3,False
30137,2,2,EA,CT,V3,True
30143,1,1,EA,CT,V3,True
30180,1,1,EA,CT,V3,True
30259,1,1,EA,CT,V3,True
30285,1,2,EA,CT,V3,False
30328,1,1,EA,CT,V3,True
30329,1,1,EA,CT,V3,True
30336,2,2,EA,CT,V3,True
30340,1,1,EA,CT,V3,True
30352,2,1,EA,CT,V3,False
30367,2,2,EA,CT,V3,True
30498,2,1,EA,CT,V3,False
30514,1,1,EA,CT,V3,True
30637,1,1,EA,CT,V3,True
30694,2,2,EA,CT,V3,True
30701,2,2,EA,CT,V3,True
30710,2,2,EA,CT,V3,True
30794,1,1,EA,CT,V3,True
30825,1,1,EA,CT,V3,True
30846,1,1,EA,CT,V3,True
30856,2,2,EA,CT,V3,True
30872,2,2,EA,CT,V3,True
30880,1,1,EA,CT,V3,True
30899,1,1,EA,CT,V3,True
30922,2,2,EA,CT,V3,True
30936,2,2,EA,CT,V3,True
31029,1,1,EA,CT,V3,True
31060,1,1,EA,CT,V3,True
31081,2,2,EA,CT,V3,True
31089,1,1,EA,CT,V3,True
31128,1,2,EA,CT,V3,False
31129,2,2,EA,CT,V3,True
31138,1,1,EA,CT,V3,True
31148,1,1,EA,CT,V3,True
31247,1,1,EA,CT,V3,True
31266,2,1,EA,CT,V3,False
31350,2,2,EA,CT,V3,True
31386,2,2,EA,CT,V3,True
31470,2,1,EA,CT,V3,False
31483,2,2,EA,CT,V3,True
31597,1,1,EA,CT,V3,True
31622,1,1,EA,CT,V3,True
31628,1,1,EA,CT,V3,True
31634,1,1,EA,CT,V3,True
31665,1,1,EA,CT,V3,True
31720,1,1,EA,CT,V3,True
31728,1,1,EA,CT,V3,True
31754,2,2,EA,CT,V3,True
31883,2,1,EA,CT,V3,False
31907,2,2,EA,CT,V3,True
32003,2,2,EA,CT,V3,True
32090,1,1,EA,CT,V3,True
32112,2,2,EA,CT,V3,True
32116,2,2,EA,CT,V3,True
32131,2,2,EA,CT,V3,True
32167,2,1,EA,CT,V3,False
32177,1,2,EA,CT,V3,False
32263,2,2,EA,CT,V3,True
32265,1,1,EA,CT,V3,True
32323,2,2,EA,CT,V3,True
32372,1,1,EA,CT,V3,True
32463,2,2,EA,CT,V3,True
32489,1,1,EA,CT,V3,True
32518,1,1,EA,CT,V3,True
32572,2,2,EA,CT,V3,True
32679,1,1,EA,CT,V3,True
32722,2,2,EA,CT,V3,True
32747,1,1,EA,CT,V3,True
32753,2,2,EA,CT,V3,True
32785,1,1,EA,CT,V3,True
32872,2,2,EA,CT,V3,True
32894,2,1,EA,CT,V3,False
32913,1,1,EA,CT,V3,True
32917,2,2,EA,CT,V3,True
32972,2,2,EA,CT,V3,True
33026,1,2,EA,CT,V3,False
33067,2,2,EA,CT,V3,True
33126,2,2,EA,CT,V3,True
33141,2,2,EA,CT,V3,True
33154,1,1,EA,CT,V3,True
33262,2,2,EA,CT,V3,True
33291,1,1,EA,CT,V3,True
33345,1,1,EA,CT,V3,True
33433,1,1,EA,CT,V3,True
33470,1,1,EA,CT,V3,True
33504,1,1,EA,CT,V3,True
33509,1,1,EA,CT,V3,True
33532,2,2,EA,CT,V3,True
33618,2,1,EA,CT,V3,False
33649,1,1,EA,CT,V3,True
33741,1,1,EA,CT,V3,True
33743,2,2,EA,CT,V3,True
33765,2,2,EA,CT,V3,True
33808,2,2,EA,CT,V3,True
33856,1,1,EA,CT,V3,True
33859,2,2,EA,CT,V3,True
33890,2,2,EA,CT,V3,True
33936,1,1,EA,CT,V3,True
33940,1,2,EA,CT,V3,False
33961,1,1,EA,CT,V3,True
33962,2,2,EA,CT,V3,True
33986,1,1,EA,CT,V3,True
34029,2,2,EA,CT,V3,True
34084,1,2,EA,CT,V3,False
34125,2,2,EA,CT,V3,True
34143,2,2,EA,CT,V3,True
34148,1,1,EA,CT,V3,True
34171,1,1,EA,CT,V3,True
34215,2,2,EA,CT,V3,True
34276,1,1,EA,CT,V3,True
34332,2,2,EA,CT,V3,True
34354,1,1,EA,CT,V3,True
34404,2,2,EA,CT,V3,True
34414,2,2,EA,CT,V3,True
34460,2,2,EA,CT,V3,True
34500,1,1,EA,CT,V3,True
34573,1,1,EA,CT,V3,True
34667,2,2,EA,CT,V3,True
34714,2,2,EA,CT,V3,True
34918,2,2,EA,CT,V3,True
34930,1,1,EA,CT,V3,True
34983,2,2,EA,CT,V3,True
35064,1,1,EA,CT,V3,True
35127,2,2,EA,CT,V3,True
35156,2,2,EA,CT,V3,True
35174,1,1,EA,CT,V3,True
35191,2,2,EA,CT,V3,True
35201,2,2,EA,CT,V3,True
35204,2,2,EA,CT,V3,True
35282,2,2,EA,CT,V3,True
35287,1,1,EA,CT,V3,True
35397,2,2,EA,CT,V3,True
35429,2,2,EA,CT,V3,True
35467,2,2,EA,CT,V3,True
35542,2,2,EA,CT,V3,True
35564,2,2,EA,CT,V3,True
35592,1,1,EA,CT,V3,True
35643,2,2,EA,CT,V3,True
35732,2,2,EA,CT,V3,True
35738,2,2,EA,CT,V3,True
35743,2,2,EA,CT,V3,True
35871,2,2,EA,CT,V3,True
35880,2,2,EA,CT,V3,True
35912,1,1,EA,CT,V3,True
35918,2,1,EA,CT,V3,False
35939,2,2,EA,CT,V3,True
35991,2,2,EA,CT,V3,True
36117,1,1,EA,CT,V3,True
36186,2,2,EA,CT,V3,True
36190,1,1,EA,CT,V3,True
36199,2,2,EA,CT,V3,True
36209,1,1,EA,CT,V3,True
36223,1,2,EA,CT,V3,False
36247,1,1,EA,CT,V3,True
36419,2,2,EA,CT,V3,True
36434,2,2,EA,CT,V3,True
36449,1,1,EA,CT,V3,True
36482,2,2,EA,CT,V3,True
36557,2,2,EA,CT,V3,True
36686,2,1,EA,CT,V3,False
36689,2,1,EA,CT,V3,False
36734,1,1,EA,CT,V3,True
36743,1,1,EA,CT,V3,True
36812,2,2,EA,CT,V3,True
36819,2,2,EA,CT,V3,True
36849,2,2,EA,CT,V3,True
36960,1,1,EA,CT,V3,True
36974,2,2,EA,CT,V3,True
37006,2,2,EA,CT,V3,True
37016,2,2,EA,CT,V3,True
37020,1,1,EA,CT,V3,True
37082,2,2,EA,CT,V3,True
37102,2,2,EA,CT,V3,True
37124,2,2,EA,CT,V3,True
37245,1,1,EA,CT,V3,True
37258,1,1,EA,CT,V3,True
37327,1,1,EA,CT,V3,True
37367,2,2,EA,CT,V3,True
37422,1,1,EA,CT,V3,True
37432,2,2,EA,CT,V3,True
37435,1,2,EA,CT,V3,False
37490,1,1,EA,CT,V3,True
37537,1,2,EA,CT,V3,False
37542,1,1,EA,CT,V3,True
37569,2,2,EA,CT,V3,True
37608,1,1,EA,CT,V3,True
37679,1,1,EA,CT,V3,True
37723,2,2,EA,CT,V3,True
37743,2,2,EA,CT,V3,True
37842,1,1,EA,CT,V3,True
37843,1,1,EA,CT,V3,True
37909,1,1,EA,CT,V3,True
37955,1,1,EA,CT,V3,True
38068,2,2,EA,CT,V3,True
38078,2,2,EA,CT,V3,True
38130,1,2,EA,CT,V3,False
38144,1,1,EA,CT,V3,True
38146,1,1,EA,CT,V3,True
38166,1,1,EA,CT,V3,True
38168,1,1,EA,CT,V3,True
38191,2,1,EA,CT,V3,False
38245,1,1,EA,CT,V3,True
38352,1,1,EA,CT,V3,True
38395,1,1,EA,CT,V3,True
38425,2,2,EA,CT,V3,True
38485,1,1,EA,CT,V3,True
38518,1,1,EA,CT,V3,True
38530,1,1,EA,CT,V3,True
38562,2,2,EA,CT,V3,True
38593,2,2,EA,CT,V3,True
38627,2,2,EA,CT,V3,True
38630,1,1,EA,CT,V3,True
38721,1,1,EA,CT,V3,True
38773,2,1,EA,CT,V3,False
38802,1,2,EA,CT,V3,False
38809,1,2,EA,CT,V3,False
38811,2,2,EA,CT,V3,True
38829,1,1,EA,CT,V3,True
38858,1,1,EA,CT,V3,True
38928,2,2,EA,CT,V3,True
38947,1,1,EA,CT,V3,True
39152,1,1,EA,CT,V3,True
39199,1,1,EA,CT,V3,True
39321,1,1,EA,CT,V3,True
39356,2,2,EA,CT,V3,True
39388,2,2,EA,CT,V3,True
39457,1,1,EA,CT,V3,True
39466,1,1,EA,CT,V3,True
39532,2,2,EA,CT,V3,True
39553,2,2,EA,CT,V3,True
39557,1,1,EA,CT,V3,True
39630,1,1,EA,CT,V3,True
39715,1,1,EA,CT,V3,True
39795,1,1,EA,CT,V3,True
39804,1,1,EA,CT,V3,True
39833,2,1,EA,CT,V3,False
39842,1,1,EA,CT,V3,True
39855,1,1,EA,CT,V3,True
39864,2,2,EA,CT,V3,True
39884,2,2,EA,CT,V3,True
39918,1,1,EA,CT,V3,True
40029,2,1,EA,CT,V3,False
40068,1,1,EA,CT,V3,True
40135,1,1,EA,CT,V3,True
40145,2,2,EA,CT,V3,True
40164,1,1,EA,CT,V3,True
40296,2,2,EA,CT,V3,True
40376,1,1,EA,CT,V3,True
40497,2,2,EA,CT,V3,True
40542,2,2,EA,CT,V3,True
40622,2,2,EA,CT,V3,True
40625,2,1,EA,CT,V3,False
40653,2,2,EA,CT,V3,True
40762,1,1,EA,CT,V3,True
40853,1,1,EA,CT,V3,True
40855,1,1,EA,CT,V3,True
40857,2,1,EA,CT,V3,False
40920,1,1,EA,CT,V3,True
40969,1,1,EA,CT,V3,True
41001,2,2,EA,CT,V3,True
41077,1,2,EA,CT,V3,False
41103,2,2,EA,CT,V3,True
41152,2,2,EA,CT,V3,True
41237,1,1,EA,CT,V3,True
41239,1,1,EA,CT,V3,True
41273,1,1,EA,CT,V3,True
41360,2,2,EA,CT,V3,True
41368,1,1,EA,CT,V3,True
41472,1,1,EA,CT,V3,True
41581,2,2,EA,CT,V3,True
41590,2,2,EA,CT,V3,True
41607,1,1,EA,CT,V3,True
41636,1,1,EA,CT,V3,True
41704,1,1,EA,CT,V3,True
41829,1,1,EA,CT,V3,True
41836,1,1,EA,CT,V3,True
41906,2,2,EA,CT,V3,True
42006,1,2,EA,CT,V3,False
42040,1,1,EA,CT,V3,True
42067,1,1,EA,CT,V3,True
42112,2,2,EA,CT,V3,True
42166,2,2,EA,CT,V3,True
42174,2,2,EA,CT,V3,True
42185,2,2,EA,CT,V3,True
42228,2,2,EA,CT,V3,True
42330,1,1,EA,CT,V3,True
42335,2,2,EA,CT,V3,True
42344,1,2,EA,CT,V3,False
42391,2,2,EA,CT,V3,True
42428,1,1,EA,CT,V3,True
42468,2,2,EA,CT,V3,True
42520,1,1,EA,CT,V3,True
42521,1,1,EA,CT,V3,True
42568,1,2,EA,CT,V3,False
42585,1,1,EA,CT,V3,True
42609,2,2,EA,CT,V3,True
42690,2,2,EA,CT,V3,True
42714,2,2,EA,CT,V3,True
42860,2,2,EA,CT,V3,True
42886,2,2,EA,CT,V3,True
43042,1,1,EA,CT,V3,True
43070,2,2,EA,CT,V3,True
43113,1,2,EA,CT,V3,False
43164,2,2,EA,CT,V3,True
43285,2,1,EA,CT,V3,False
43295,2,2,EA,CT,V3,True
43350,2,2,EA,CT,V3,True
43486,1,1,EA,CT,V3,True
43526,2,2,EA,CT,V3,True
43621,2,2,EA,CT,V3,True
43668,2,2,EA,CT,V3,True
43764,2,2,EA,CT,V3,True
43800,2,1,EA,CT,V3,False
43811,2,1,EA,CT,V3,False
44064,2,2,EA,CT,V3,True
44167,2,2,EA,CT,V3,True
44178,2,2,EA,CT,V3,True
44313,1,2,EA,CT,V3,False
44380,1,1,EA,CT,V3,True
44400,1,2,EA,CT,V3,False
44415,2,2,EA,CT,V3,True
44430,2,2,EA,CT,V3,True
44444,2,2,EA,CT,V3,True
44458,2,2,EA,CT,V3,True
44475,1,1,EA,CT,V3,True
44479,2,2,EA,CT,V3,True
44628,1,1,EA,CT,V3,True
44682,1,1,EA,CT,V3,True
44743,1,1,EA,CT,V3,True
44812,2,2,EA,CT,V3,True
44833,2,2,EA,CT,V3,True
44841,1,2,EA,CT,V3,False
44887,2,2,EA,CT,V3,True
45012,2,2,EA,CT,V3,True
45024,1,1,EA,CT,V3,True
45075,2,2,EA,CT,V3,True
45117,2,1,EA,CT,V3,False
45175,2,2,EA,CT,V3,True
45184,1,1,EA,CT,V3,True
45190,1,2,EA,CT,V3,False
45289,1,1,EA,CT,V3,True
45314,1,1,EA,CT,V3,True
45337,1,1,EA,CT,V3,True
45340,2,2,EA,CT,V3,True
45390,2,2,EA,CT,V3,True
45424,1,1,EA,CT,V3,True
45470,2,2,EA,CT,V3,True
45492,1,1,EA,CT,V3,True
45529,2,2,EA,CT,V3,True
45784,1,1,EA,CT,V3,True
45800,2,2,EA,CT,V3,True
45811,2,2,EA,CT,V3,True
45837,1,1,EA,CT,V3,True
45857,2,2,EA,CT,V3,True
45893,2,2,EA,CT,V3,True
45919,2,1,EA,CT,V3,False
45938,2,2,EA,CT,V3,True
45985,1,1,EA,CT,V3,True
46026,2,2,EA,CT,V3,True
46132,1,1,EA,CT,V3,True
46147,1,1,EA,CT,V3,True
46160,1,1,EA,CT,V3,True
46218,2,2,EA,CT,V3,True
46346,1,1,EA,CT,V3,True
46371,2,2,EA,CT,V3,True
46372,2,2,EA,CT,V3,True
46569,2,2,EA,CT,V3,True
46595,2,2,EA,CT,V3,True
46674,1,1,EA,CT,V3,True
46707,1,1,EA,CT,V3,True
46710,2,2,EA,CT,V3,True
46751,2,2,EA,CT,V3,True
46756,1,1,EA,CT,V3,True
46810,2,1,EA,CT,V3,False
46859,2,2,EA,CT,V3,True
46880,1,1,EA,CT,V3,True
46894,2,2,EA,CT,V3,True
46969,2,2,EA,CT,V3,True
47060,2,2,EA,CT,V3,True
47065,1,1,EA,CT,V3,True
47097,1,1,EA,CT,V3,True
47139,2,2,EA,CT,V3,True
47169,2,2,EA,CT,V3,True
47216,2,2,EA,CT,V3,True
47246,2,2,EA,CT,V3,True
47249,2,2,EA,CT,V3,True
47362,1,1,EA,CT,V3,True
47371,1,1,EA,CT,V3,True
47560,1,1,EA,CT,V3,True
47603,1,1,EA,CT,V3,True
47619,2,2,EA,CT,V3,True
47632,1,1,EA,CT,V3,True
47865,2,2,EA,CT,V3,True
47886,1,1,EA,CT,V3,True
48182,1,1,EA,CT,V3,True
48246,1,1,EA,CT,V3,True
48329,1,1,EA,CT,V3,True
48352,1,2,EA,CT,V3,False
48355,2,2,EA,CT,V3,True
48359,1,2,EA,CT,V3,False
48434,1,1,EA,CT,V3,True
48449,2,2,EA,CT,V3,True
48506,2,2,EA,CT,V3,True
48538,2,1,EA,CT,V3,False
48541,1,1,EA,CT,V3,True
48562,2,2,EA,CT,V3,True
48563,2,2,EA,CT,V3,True
48566,2,1,EA,CT,V3,False
48587,1,1,EA,CT,V3,True
48607,2,2,EA,CT,V3,True
48618,1,1,EA,CT,V3,True
48722,2,2,EA,CT,V3,True
48728,1,1,EA,CT,V3,True
48859,2,2,EA,CT,V3,True
48898,1,1,EA,CT,V3,True
48976,2,2,EA,CT,V3,True
49004,1,1,EA,CT,V3,True
49029,1,1,EA,CT,V3,True
49047,1,1,EA,CT,V3,True
49052,1,1,EA,CT,V3,True
49095,1,1,EA,CT,V3,True
49132,1,2,EA,CT,V3,False
49146,1,1,EA,CT,V3,True
49168,2,1,EA,CT,V3,False
49182,2,2,EA,CT,V3,True
49189,1,1,EA,CT,V3,True
49213,1,1,EA,CT,V3,True
49228,1,1,EA,CT,V3,True
49239,1,1,EA,CT,V3,True
49242,2,2,EA,CT,V3,True
49325,1,1,EA,CT,V3,True
49400,2,2,EA,CT,V3,True
49460,1,1,EA,CT,V3,True
49700,1,1,EA,CT,V3,True
49737,1,1,EA,CT,V3,True
49804,2,1,EA,CT,V3,False
49855,2,2,EA,CT,V3,True
49870,2,2,EA,CT,V3,True
49943,2,2,EA,CT,V3,True
49950,2,2,EA,CT,V3,True
49959,2,2,EA,CT,V3,True
49971,1,1,EA,CT,V3,True
55,1,1,EA,R1,V3,True
107,2,2,EA,R1,V3,True
176,1,1,EA,R1,V3,True
257,1,1,EA,R1,V3,True
283,2,2,EA,R1,V3,True
284,2,2,EA,R1,V3,True
287,1,1,EA,R1,V3,True
310,2,2,EA,R1,V3,True
337,2,2,EA,R1,V3,True
379,2,2,EA,R1,V3,True
393,2,2,EA,R1,V3,True
405,2,2,EA,R1,V3,True
423,2,2,EA,R1,V3,True
450,2,2,EA,R1,V3,True
504,2,2,EA,R1,V3,True
525,2,2,EA,R1,V3,True
545,1,1,EA,R1,V3,True
715,2,2,EA,R1,V3,True
722,1,1,EA,R1,V3,True
793,2,2,EA,R1,V3,True
804,2,2,EA,R1,V3,True
856,2,2,EA,R1,V3,True
893,2,2,EA,R1,V3,True
922,1,1,EA,R1,V3,True
1029,2,2,EA,R1,V3,True
1057,1,1,EA,R1,V3,True
1106,1,1,EA,R1,V3,True
1176,2,2,EA,R1,V3,True
1199,1,1,EA,R1,V3,True
1200,2,2,EA,R1,V3,True
1205,2,1,EA,R1,V3,False
1227,2,2,EA,R1,V3,True
1261,2,2,EA,R1,V3,True
1285,1,1,EA,R1,V3,True
1290,2,1,EA,R1,V3,False
1352,2,2,EA,R1,V3,True
1363,2,2,EA,R1,V3,True
1481,1,1,EA,R1,V3,True
1545,2,1,EA,R1,V3,False
1552,1,1,EA,R1,V3,True
1573,1,1,EA,R1,V3,True
1656,2,2,EA,R1,V3,True
1687,1,1,EA,R1,V3,True
1707,2,2,EA,R1,V3,True
1733,2,2,EA,R1,V3,True
1735,2,2,EA,R1,V3,True
1755,2,2,EA,R1,V3,True
1808,2,1,EA,R1,V3,False
1814,2,2,EA,R1,V3,True
1819,2,2,EA,R1,V3,True
1822,1,1,EA,R1,V3,True
1823,1,1,EA,R1,V3,True
1862,1,1,EA,R1,V3,True
2004,2,2,EA,R1,V3,True
2039,2,2,EA,R1,V3,True
2055,1,1,EA,R1,V3,True
2068,2,2,EA,R1,V3,True
2081,1,1,EA,R1,V3,True
2155,2,2,EA,R1,V3,True
2170,1,1,EA,R1,V3,True
2221,2,2,EA,R1,V3,True
2288,2,2,EA,R1,V3,True
2375,2,2,EA,R1,V3,True
2426,2,2,EA,R1,V3,True
2584,2,2,EA,R1,V3,True
2600,1,1,EA,R1,V3,True
2732,2,2,EA,R1,V3,True
2844,1,1,EA,R1,V3,True
2891,2,2,EA,R1,V3,True
2932,2,2,EA,R1,V3,True
2983,1,1,EA,R1,V3,True
3056,1,1,EA,R1,V3,True
3102,1,1,EA,R1,V3,True
3191,1,1,EA,R1,V3,True
3297,1,1,EA,R1,V3,True
3363,1,1,EA,R1,V3,True
3367,2,2,EA,R1,V3,True
3418,1,1,EA,R1,V3,True
3429,2,2,EA,R1,V3,True
3440,1,1,EA,R1,V3,True
3512,2,2,EA,R1,V3,True
3524,1,1,EA,R1,V3,True
3631,2,2,EA,R1,V3,True
3824,1,1,EA,R1,V3,True
3839,1,1,EA,R1,V3,True
3867,1,1,EA,R1,V3,True
3868,1,1,EA,R1,V3,True
3954,2,2,EA,R1,V3,True
3971,2,2,EA,R1,V3,True
4017,1,2,EA,R1,V3,False
4066,2,2,EA,R1,V3,True
4087,2,2,EA,R1,V3,True
4153,2,2,EA,R1,V3,True
4182,2,2,EA,R1,V3,True
4187,1,1,EA,R1,V3,True
4207,1,1,EA,R1,V3,True
4211,1,1,EA,R1,V3,True
4303,1,1,EA,R1,V3,True
4314,1,1,EA,R1,V3,True
4339,1,1,EA,R1,V3,True
4348,2,2,EA,R1,V3,True
4447,1,1,EA,R1,V3,True
4462,1,1,EA,R1,V3,True
4624,2,2,EA,R1,V3,True
4651,2,2,EA,R1,V3,True
4652,1,1,EA,R1,V3,True
4663,1,1,EA,R1,V3,True
4706,2,2,EA,R1,V3,True
4716,1,1,EA,R1,V3,True
4767,1,1,EA,R1,V3,True
4795,1,1,EA,R1,V3,True
4812,1,2,EA,R1,V3,False
4829,2,2,EA,R1,V3,True
4856,2,1,EA,R1,V3,False
4871,1,1,EA,R1,V3,True
4927,2,2,EA,R1,V3,True
5009,1,1,EA,R1,V3,True
5024,1,1,EA,R1,V3,True
5070,1,1,EA,R1,V3,True
5086,2,2,EA,R1,V3,True
5105,2,2,EA,R1,V3,True
5119,1,1,EA,R1,V3,True
5120,2,2,EA,R1,V3,True
5159,1,1,EA,R1,V3,True
5406,1,1,EA,R1,V3,True
5424,2,2,EA,R1,V3,True
5475,2,1,EA,R1,V3,False
5499,1,1,EA,R1,V3,True
5570,1,1,EA,R1,V3,True
5619,2,2,EA,R1,V3,True
5651,1,1,EA,R1,V3,True
5797,2,2,EA,R1,V3,True
5824,2,2,EA,R1,V3,True
5829,1,1,EA,R1,V3,True
5906,2,2,EA,R1,V3,True
5913,2,2,EA,R1,V3,True
5938,2,2,EA,R1,V3,True
5957,2,2,EA,R1,V3,True
5998,2,2,EA,R1,V3,True
6010,2,2,EA,R1,V3,True
6059,2,2,EA,R1,V3,True
6111,1,1,EA,R1,V3,True
6137,1,1,EA,R1,V3,True
6156,1,1,EA,R1,V3,True
6253,2,2,EA,R1,V3,True
6255,2,2,EA,R1,V3,True
6295,1,1,EA,R1,V3,True
6347,1,1,EA,R1,V3,True
6374,1,1,EA,R1,V3,True
6452,1,1,EA,R1,V3,True
6465,1,1,EA,R1,V3,True
6484,2,2,EA,R1,V3,True
6519,2,2,EA,R1,V3,True
6527,1,1,EA,R1,V3,True
6595,1,1,EA,R1,V3,True
6631,1,1,EA,R1,V3,True
6692,1,1,EA,R1,V3,True
6715,2,2,EA,R1,V3,True
6728,1,1,EA,R1,V3,True
6756,2,2,EA,R1,V3,True
6812,1,1,EA,R1,V3,True
6824,1,1,EA,R1,V3,True
6826,2,1,EA,R1,V3,False
6842,1,2,EA,R1,V3,False
6867,1,1,EA,R1,V3,True
6868,2,2,EA,R1,V3,True
6899,2,2,EA,R1,V3,True
6965,2,2,EA,R1,V3,True
6977,2,2,EA,R1,V3,True
6991,1,1,EA,R1,V3,True
7001,2,2,EA,R1,V3,True
7004,1,1,EA,R1,V3,True
7042,2,2,EA,R1,V3,True
7070,2,2,EA,R1,V3,True
7096,1,1,EA,R1,V3,True
7099,1,1,EA,R1,V3,True
7194,2,2,EA,R1,V3,True
7220,2,2,EA,R1,V3,True
7313,2,2,EA,R1,V3,True
7407,1,1,EA,R1,V3,True
7430,2,2,EA,R1,V3,True
7439,1,1,EA,R1,V3,True
7451,2,2,EA,R1,V3,True
7498,2,2,EA,R1,V3,True
7550,1,1,EA,R1,V3,True
7553,2,2,EA,R1,V3,True
7555,1,1,EA,R1,V3,True
7581,2,2,EA,R1,V3,True
7599,2,2,EA,R1,V3,True
7631,1,1,EA,R1,V3,True
7654,1,1,EA,R1,V3,True
7687,1,1,EA,R1,V3,True
7723,1,1,EA,R1,V3,True
7832,2,2,EA,R1,V3,True
7887,1,1,EA,R1,V3,True
7894,1,1,EA,R1,V3,True
7915,2,2,EA,R1,V3,True
7949,1,2,EA,R1,V3,False
7966,1,1,EA,R1,V3,True
7972,1,1,EA,R1,V3,True
7992,2,2,EA,R1,V3,True
8015,2,2,EA,R1,V3,True
8033,1,1,EA,R1,V3,True
8139,1,1,EA,R1,V3,True
8217,2,1,EA,R1,V3,False
8339,1,1,EA,R1,V3,True
8366,2,2,EA,R1,V3,True
8444,1,1,EA,R1,V3,True
8477,1,1,EA,R1,V3,True
8580,2,2,EA,R1,V3,True
8614,1,1,EA,R1,V3,True
8630,2,2,EA,R1,V3,True
8637,1,1,EA,R1,V3,True
8672,1,1,EA,R1,V3,True
8816,2,2,EA,R1,V3,True
8902,2,2,EA,R1,V3,True
8923,2,2,EA,R1,V3,True
8948,1,1,EA,R1,V3,True
8993,1,1,EA,R1,V3,True
9004,1,1,EA,R1,V3,True
9089,2,2,EA,R1,V3,True
9102,2,2,EA,R1,V3,True
9120,1,1,EA,R1,V3,True
9134,2,2,EA,R1,V3,True
9246,2,2,EA,R1,V3,True
9268,1,1,EA,R1,V3,True
9325,1,1,EA,R1,V3,True
9349,2,2,EA,R1,V3,True
9357,2,2,EA,R1,V3,True
9417,1,1,EA,R1,V3,True
9465,1,1,EA,R1,V3,True
9469,2,2,EA,R1,V3,True
9473,1,2,EA,R1,V3,False
9485,1,2,EA,R1,V3,False
9595,2,1,EA,R1,V3,False
9635,2,2,EA,R1,V3,True
9677,2,2,EA,R1,V3,True
9715,1,1,EA,R1,V3,True
9724,2,2,EA,R1,V3,True
9774,2,2,EA,R1,V3,True
9796,1,1,EA,R1,V3,True
9892,2,2,EA,R1,V3,True
9907,2,2,EA,R1,V3,True
9934,1,1,EA,R1,V3,True
9955,2,2,EA,R1,V3,True
9987,1,1,EA,R1,V3,True
10022,1,1,EA,R1,V3,True
10156,1,1,EA,R1,V3,True
10163,1,1,EA,R1,V3,True
10187,2,1,EA,R1,V3,False
10210,1,1,EA,R1,V3,True
10301,1,2,EA,R1,V3,False
10328,1,1,EA,R1,V3,True
10330,2,2,EA,R1,V3,True
10361,1,1,EA,R1,V3,True
10375,1,1,EA,R1,V3,True
10400,1,1,EA,R1,V3,True
10423,2,2,EA,R1,V3,True
10434,1,1,EA,R1,V3,True
10450,2,2,EA,R1,V3,True
10566,2,2,EA,R1,V3,True
10600,1,1,EA,R1,V3,True
10610,2,2,EA,R1,V3,True
10626,1,1,EA,R1,V3,True
10634,2,2,EA,R1,V3,True
10713,1,2,EA,R1,V3,False
10771,2,2,EA,R1,V3,True
10803,1,1,EA,R1,V3,True
10910,2,2,EA,R1,V3,True
10954,2,2,EA,R1,V3,True
10978,1,1,EA,R1,V3,True
11024,2,2,EA,R1,V3,True
11101,2,1,EA,R1,V3,False
11102,1,1,EA,R1,V3,True
11112,1,2,EA,R1,V3,False
11120,2,2,EA,R1,V3,True
11132,1,1,EA,R1,V3,True
11189,2,2,EA,R1,V3,True
11264,2,2,EA,R1,V3,True
11283,2,2,EA,R1,V3,True
11511,2,2,EA,R1,V3,True
11523,2,2,EA,R1,V3,True
11525,1,1,EA,R1,V3,True
11596,1,1,EA,R1,V3,True
11617,2,1,EA,R1,V3,False
11630,1,1,EA,R1,V3,True
11742,2,2,EA,R1,V3,True
11786,1,1,EA,R1,V3,True
11850,2,2,EA,R1,V3,True
11870,1,1,EA,R1,V3,True
11874,1,1,EA,R1,V3,True
11930,1,1,EA,R1,V3,True
11935,2,2,EA,R1,V3,True
11967,1,1,EA,R1,V3,True
12012,2,2,EA,R1,V3,True
12074,1,1,EA,R1,V3,True
12151,1,1,EA,R1,V3,True
12153,1,1,EA,R1,V3,True
12219,1,1,EA,R1,V3,True
12271,2,2,EA,R1,V3,True
12284,1,1,EA,R1,V3,True
12285,1,1,EA,R1,V3,True
12301,1,1,EA,R1,V3,True
12305,1,1,EA,R1,V3,True
12323,2,1,EA,R1,V3,False
12429,2,2,EA,R1,V3,True
12486,2,2,EA,R1,V3,True
12494,1,1,EA,R1,V3,True
12645,1,1,EA,R1,V3,True
12732,1,1,EA,R1,V3,True
12798,2,2,EA,R1,V3,True
12830,2,2,EA,R1,V3,True
12860,2,2,EA,R1,V3,True
12896,1,1,EA,R1,V3,True
12903,2,1,EA,R1,V3,False
12926,2,2,EA,R1,V3,True
12936,2,2,EA,R1,V3,True
12948,2,2,EA,R1,V3,True
12975,2,2,EA,R1,V3,True
12998,1,1,EA,R1,V3,True
13035,1,1,EA,R1,V3,True
13050,2,2,EA,R1,V3,True
13061,1,1,EA,R1,V3,True
13137,2,2,EA,R1,V3,True
13141,1,1,EA,R1,V3,True
13200,1,1,EA,R1,V3,True
13227,2,2,EA,R1,V3,True
13300,2,2,EA,R1,V3,True
13319,1,1,EA,R1,V3,True
13384,1,2,EA,R1,V3,False
13484,2,2,EA,R1,V3,True
13518,2,2,EA,R1,V3,True
13531,1,1,EA,R1,V3,True
13562,2,2,EA,R1,V3,True
13785,1,1,EA,R1,V3,True
13843,2,2,EA,R1,V3,True
13864,2,2,EA,R1,V3,True
13874,1,1,EA,R1,V3,True
13996,2,2,EA,R1,V3,True
14011,2,2,EA,R1,V3,True
14047,2,2,EA,R1,V3,True
14055,2,2,EA,R1,V3,True
14074,2,2,EA,R1,V3,True
14137,2,2,EA,R1,V3,True
14139,2,2,EA,R1,V3,True
14224,2,2,EA,R1,V3,True
14259,1,1,EA,R1,V3,True
14300,1,1,EA,R1,V3,True
14325,1,1,EA,R1,V3,True
14408,1,1,EA,R1,V3,True
14469,1,1,EA,R1,V3,True
14488,1,1,EA,R1,V3,True
14532,2,2,EA,R1,V3,True
14557,1,1,EA,R1,V3,True
14581,2,2,EA,R1,V3,True
14617,2,2,EA,R1,V3,True
14759,2,2,EA,R1,V3,True
14793,1,1,EA,R1,V3,True
14796,2,2,EA,R1,V3,True
14818,1,1,EA,R1,V3,True
14845,2,2,EA,R1,V3,True
14858,2,1,EA,R1,V3,False
14868,1,1,EA,R1,V3,True
14900,1,1,EA,R1,V3,True
14932,2,2,EA,R1,V3,True
14970,2,2,EA,R1,V3,True
14988,2,2,EA,R1,V3,True
15035,1,1,EA,R1,V3,True
15066,2,2,EA,R1,V3,True
15131,2,2,EA,R1,V3,True
15133,2,2,EA,R1,V3,True
15176,2,2,EA,R1,V3,True
15189,1,1,EA,R1,V3,True
15290,1,1,EA,R1,V3,True
15363,2,2,EA,R1,V3,True
15473,2,1,EA,R1,V3,False
15535,2,2,EA,R1,V3,True
15555,1,1,EA,R1,V3,True
15585,1,2,EA,R1,V3,False
15614,2,2,EA,R1,V3,True
15620,2,2,EA,R1,V3,True
15693,1,1,EA,R1,V3,True
15721,2,2,EA,R1,V3,True
15735,1,1,EA,R1,V3,True
15770,2,1,EA,R1,V3,False
15799,2,2,EA,R1,V3,True
15810,2,1,EA,R1,V3,False
15883,1,1,EA,R1,V3,True
15894,2,2,EA,R1,V3,True
15938,2,2,EA,R1,V3,True
16011,1,1,EA,R1,V3,True
16114,1,1,EA,R1,V3,True
16120,1,1,EA,R1,V3,True
16170,1,2,EA,R1,V3,False
16174,1,1,EA,R1,V3,True
16204,2,2,EA,R1,V3,True
16230,1,1,EA,R1,V3,True
16264,1,1,EA,R1,V3,True
16339,1,1,EA,R1,V3,True
16355,2,2,EA,R1,V3,True
16386,1,1,EA,R1,V3,True
16398,1,1,EA,R1,V3,True
16457,1,1,EA,R1,V3,True
16521,2,2,EA,R1,V3,True
16572,1,1,EA,R1,V3,True
16600,1,1,EA,R1,V3,True
16614,1,1,EA,R1,V3,True
16642,1,1,EA,R1,V3,True
16731,1,1,EA,R1,V3,True
16801,2,2,EA,R1,V3,True
16845,1,1,EA,R1,V3,True
16858,2,2,EA,R1,V3,True
16891,2,1,EA,R1,V3,False
16977,1,1,EA,R1,V3,True
17002,2,2,EA,R1,V3,True
17048,1,1,EA,R1,V3,True
17121,2,2,EA,R1,V3,True
17165,2,2,EA,R1,V3,True
17212,1,1,EA,R1,V3,True
17322,1,1,EA,R1,V3,True
17355,2,2,EA,R1,V3,True
17361,1,1,EA,R1,V3,True
17364,2,2,EA,R1,V3,True
17386,2,2,EA,R1,V3,True
17455,1,1,EA,R1,V3,True
17468,1,1,EA,R1,V3,True
17475,1,1,EA,R1,V3,True
17553,1,1,EA,R1,V3,True
17744,2,2,EA,R1,V3,True
17746,2,2,EA,R1,V3,True
17792,1,1,EA,R1,V3,True
17806,2,2,EA,R1,V3,True
17841,1,2,EA,R1,V3,False
17877,1,1,EA,R1,V3,True
17885,2,2,EA,R1,V3,True
17929,2,2,EA,R1,V3,True
17963,2,2,EA,R1,V3,True
18223,2,2,EA,R1,V3,True
18290,1,1,EA,R1,V3,True
18550,2,2,EA,R1,V3,True
18553,2,2,EA,R1,V3,True
18597,2,1,EA,R1,V3,False
18613,2,2,EA,R1,V3,True
18630,2,2,EA,R1,V3,True
18631,1,1,EA,R1,V3,True
18643,1,1,EA,R1,V3,True
18656,2,2,EA,R1,V3,True
18670,1,1,EA,R1,V3,True
18806,1,1,EA,R1,V3,True
18820,1,1,EA,R1,V3,True
18839,2,2,EA,R1,V3,True
18874,1,1,EA,R1,V3,True
18886,1,1,EA,R1,V3,True
18935,1,1,EA,R1,V3,True
18961,2,2,EA,R1,V3,True
18998,2,2,EA,R1,V3,True
19036,2,2,EA,R1,V3,True
19045,2,2,EA,R1,V3,True
19113,1,1,EA,R1,V3,True
19267,2,2,EA,R1,V3,True
19295,1,1,EA,R1,V3,True
19331,2,2,EA,R1,V3,True
19341,1,1,EA,R1,V3,True
19363,1,1,EA,R1,V3,True
19383,1,1,EA,R1,V3,True
19385,2,2,EA,R1,V3,True
19395,2,2,EA,R1,V3,True
19486,2,2,EA,R1,V3,True
19496,2,2,EA,R1,V3,True
19519,2,1,EA,R1,V3,False
19532,1,1,EA,R1,V3,True
19538,1,1,EA,R1,V3,True
19599,2,2,EA,R1,V3,True
19643,1,1,EA,R1,V3,True
19686,1,1,EA,R1,V3,True
19738,1,1,EA,R1,V3,True
19794,1,1,EA,R1,V3,True
19811,1,1,EA,R1,V3,True
19830,2,2,EA,R1,V3,True
19839,2,2,EA,R1,V3,True
19854,2,2,EA,R1,V3,True
19900,2,1,EA,R1,V3,False
19915,1,1,EA,R1,V3,True
19968,2,2,EA,R1,V3,True
20031,1,1,EA,R1,V3,True
20132,1,1,EA,R1,V3,True
20184,2,1,EA,R1,V3,False
20283,1,1,EA,R1,V3,True
20299,2,2,EA,R1,V3,True
20338,1,1,EA,R1,V3,True
20351,2,2,EA,R1,V3,True
20380,2,2,EA,R1,V3,True
20407,2,2,EA,R1,V3,True
20420,1,1,EA,R1,V3,True
20431,1,1,EA,R1,V3,True
20443,1,1,EA,R1,V3,True
20446,2,2,EA,R1,V3,True
20465,1,1,EA,R1,V3,True
20467,1,1,EA,R1,V3,True
20504,2,2,EA,R1,V3,True
20528,1,1,EA,R1,V3,True
20549,1,1,EA,R1,V3,True
20609,1,1,EA,R1,V3,True
20666,1,1,EA,R1,V3,True
20677,1,1,EA,R1,V3,True
20685,2,2,EA,R1,V3,True
20716,2,2,EA,R1,V3,True
20839,2,2,EA,R1,V3,True
20853,1,1,EA,R1,V3,True
20869,2,2,EA,R1,V3,True
20890,2,2,EA,R1,V3,True
20895,1,1,EA,R1,V3,True
20964,1,1,EA,R1,V3,True
20971,2,2,EA,R1,V3,True
21016,1,1,EA,R1,V3,True
21051,2,2,EA,R1,V3,True
21067,2,2,EA,R1,V3,True
21074,1,1,EA,R1,V3,True
21098,2,2,EA,R1,V3,True
21130,2,2,EA,R1,V3,True
21158,1,1,EA,R1,V3,True
21165,1,1,EA,R1,V3,True
21167,1,1,EA,R1,V3,True
21173,1,1,EA,R1,V3,True
21180,2,2,EA,R1,V3,True
21203,2,2,EA,R1,V3,True
21210,1,1,EA,R1,V3,True
21399,1,1,EA,R1,V3,True
21509,2,2,EA,R1,V3,True
21544,2,2,EA,R1,V3,True
21598,2,2,EA,R1,V3,True
21599,2,2,EA,R1,V3,True
21606,2,2,EA,R1,V3,True
21608,1,1,EA,R1,V3,True
21629,1,1,EA,R1,V3,True
21666,1,2,EA,R1,V3,False
21691,1,1,EA,R1,V3,True
21847,2,2,EA,R1,V3,True
21910,1,1,EA,R1,V3,True
21935,2,1,EA,R1,V3,False
21961,1,1,EA,R1,V3,True
21976,1,1,EA,R1,V3,True
21987,2,2,EA,R1,V3,True
22043,2,2,EA,R1,V3,True
22052,1,1,EA,R1,V3,True
22065,1,1,EA,R1,V3,True
22066,2,2,EA,R1,V3,True
22090,2,2,EA,R1,V3,True
22126,2,2,EA,R1,V3,True
22166,2,2,EA,R1,V3,True
22184,2,2,EA,R1,V3,True
22189,1,2,EA,R1,V3,False
22194,2,2,EA,R1,V3,True
22266,1,1,EA,R1,V3,True
22356,2,2,EA,R1,V3,True
22467,2,2,EA,R1,V3,True
22707,2,2,EA,R1,V3,True
22767,2,2,EA,R1,V3,True
22770,1,1,EA,R1,V3,True
22819,2,2,EA,R1,V3,True
22833,1,1,EA,R1,V3,True
22849,2,2,EA,R1,V3,True
22966,2,2,EA,R1,V3,True
23023,1,1,EA,R1,V3,True
23052,1,1,EA,R1,V3,True
23089,1,1,EA,R1,V3,True
23103,2,2,EA,R1,V3,True
23104,2,2,EA,R1,V3,True
23128,1,1,EA,R1,V3,True
23200,1,1,EA,R1,V3,True
23313,2,2,EA,R1,V3,True
23322,1,1,EA,R1,V3,True
23415,1,1,EA,R1,V3,True
23440,2,2,EA,R1,V3,True
23453,2,2,EA,R1,V3,True
23505,1,1,EA,R1,V3,True
23514,2,2,EA,R1,V3,True
23524,1,1,EA,R1,V3,True
23530,2,2,EA,R1,V3,True
23534,2,1,EA,R1,V3,False
23574,1,1,EA,R1,V3,True
23584,1,1,EA,R1,V3,True
23605,1,1,EA,R1,V3,True
23620,2,2,EA,R1,V3,True
23648,2,2,EA,R1,V3,True
23699,2,2,EA,R1,V3,True
23713,2,2,EA,R1,V3,True
23779,1,1,EA,R1,V3,True
23871,1,1,EA,R1,V3,True
23873,1,1,EA,R1,V3,True
23901,1,1,EA,R1,V3,True
24026,2,2,EA,R1,V3,True
24163,1,1,EA,R1,V3,True
24174,2,2,EA,R1,V3,True
24223,1,1,EA,R1,V3,True
24304,1,1,EA,R1,V3,True
24334,2,2,EA,R1,V3,True
24405,2,2,EA,R1,V3,True
24408,1,1,EA,R1,V3,True
24500,2,2,EA,R1,V3,True
24541,2,2,EA,R1,V3,True
24573,1,1,EA,R1,V3,True
24577,2,1,EA,R1,V3,False
24637,2,2,EA,R1,V3,True
24706,1,1,EA,R1,V3,True
24740,2,2,EA,R1,V3,True
24774,2,2,EA,R1,V3,True
24836,1,1,EA,R1,V3,True
24975,1,1,EA,R1,V3,True
24995,1,1,EA,R1,V3,True
25015,1,1,EA,R1,V3,True
25038,1,1,EA,R1,V3,True
25109,2,2,EA,R1,V3,True
25137,1,1,EA,R1,V3,True
25155,1,1,EA,R1,V3,True
25239,2,1,EA,R1,V3,False
25270,1,1,EA,R1,V3,True
25302,2,2,EA,R1,V3,True
25337,1,1,EA,R1,V3,True
25348,1,1,EA,R1,V3,True
25369,2,2,EA,R1,V3,True
25416,1,1,EA,R1,V3,True
25447,1,1,EA,R1,V3,True
25448,2,2,EA,R1,V3,True
25471,2,2,EA,R1,V3,True
25523,2,2,EA,R1,V3,True
25591,1,2,EA,R1,V3,False
25650,1,1,EA,R1,V3,True
25690,1,1,EA,R1,V3,True
25868,1,1,EA,R1,V3,True
25990,2,2,EA,R1,V3,True
26032,1,1,EA,R1,V3,True
26129,2,2,EA,R1,V3,True
26161,1,2,EA,R1,V3,False
26178,2,1,EA,R1,V3,False
26211,2,2,EA,R1,V3,True
26287,2,2,EA,R1,V3,True
26292,1,1,EA,R1,V3,True
26302,1,1,EA,R1,V3,True
26321,2,2,EA,R1,V3,True
26337,1,1,EA,R1,V3,True
26480,2,2,EA,R1,V3,True
26492,2,2,EA,R1,V3,True
26528,1,1,EA,R1,V3,True
26546,1,1,EA,R1,V3,True
26556,1,1,EA,R1,V3,True
26575,2,2,EA,R1,V3,True
26678,2,2,EA,R1,V3,True
26714,2,2,EA,R1,V3,True
26831,1,1,EA,R1,V3,True
26865,2,2,EA,R1,V3,True
26878,2,2,EA,R1,V3,True
27029,1,1,EA,R1,V3,True
27088,1,1,EA,R1,V3,True
27101,1,1,EA,R1,V3,True
27117,1,2,EA,R1,V3,False
27271,1,1,EA,R1,V3,True
27395,2,1,EA,R1,V3,False
27431,2,2,EA,R1,V3,True
27497,1,1,EA,R1,V3,True
27524,2,2,EA,R1,V3,True
27558,2,2,EA,R1,V3,True
27610,2,1,EA,R1,V3,False
27668,2,2,EA,R1,V3,True
27740,2,2,EA,R1,V3,True
27786,2,2,EA,R1,V3,True
27828,2,2,EA,R1,V3,True
27904,2,2,EA,R1,V3,True
27910,2,2,EA,R1,V3,True
27911,2,2,EA,R1,V3,True
28011,2,2,EA,R1,V3,True
28051,2,2,EA,R1,V3,True
28067,1,1,EA,R1,V3,True
28114,2,2,EA,R1,V3,True
28222,2,2,EA,R1,V3,True
28262,2,2,EA,R1,V3,True
28271,1,1,EA,R1,V3,True
28339,2,2,EA,R1,V3,True
28341,1,1,EA,R1,V3,True
28365,2,2,EA,R1,V3,True
28463,2,2,EA,R1,V3,True
28490,1,1,EA,R1,V3,True
28550,2,2,EA,R1,V3,True
28574,2,2,EA,R1,V3,True
28656,2,2,EA,R1,V3,True
28674,2,2,EA,R1,V3,True
28728,1,1,EA,R1,V3,True
28789,2,2,EA,R1,V3,True
28814,1,1,EA,R1,V3,True
28822,2,2,EA,R1,V3,True
28963,1,1,EA,R1,V3,True
29070,2,2,EA,R1,V3,True
29105,2,2,EA,R1,V3,True
29144,1,1,EA,R1,V3,True
29184,1,1,EA,R1,V3,True
29243,2,2,EA,R1,V3,True
29385,1,1,EA,R1,V3,True
29411,1,1,EA,R1,V3,True
29417,2,2,EA,R1,V3,True
29454,2,2,EA,R1,V3,True
29484,2,2,EA,R1,V3,True
29582,1,2,EA,R1,V3,False
29629,1,1,EA,R1,V3,True
29644,1,1,EA,R1,V3,True
29679,1,1,EA,R1,V3,True
29768,1,1,EA,R1,V3,True
29880,2,1,EA,R1,V3,False
29903,1,1,EA,R1,V3,True
29912,1,1,EA,R1,V3,True
29978,1,1,EA,R1,V3,True
30052,1,1,EA,R1,V3,True
30118,1,1,EA,R1,V3,True
30137,2,2,EA,R1,V3,True
30143,1,1,EA,R1,V3,True
30180,1,1,EA,R1,V3,True
30259,1,1,EA,R1,V3,True
30285,2,2,EA,R1,V3,True
30328,1,1,EA,R1,V3,True
30329,1,1,EA,R1,V3,True
30336,2,2,EA,R1,V3,True
30340,1,1,EA,R1,V3,True
30352,2,1,EA,R1,V3,False
30367,2,2,EA,R1,V3,True
30457,2,1,EA,R1,V3,False
30498,2,1,EA,R1,V3,False
30514,1,1,EA,R1,V3,True
30637,1,1,EA,R1,V3,True
30694,2,2,EA,R1,V3,True
30701,2,2,EA,R1,V3,True
30710,2,2,EA,R1,V3,True
30794,1,1,EA,R1,V3,True
30825,1,1,EA,R1,V3,True
30846,1,1,EA,R1,V3,True
30856,2,2,EA,R1,V3,True
30872,2,2,EA,R1,V3,True
30880,1,1,EA,R1,V3,True
30899,1,1,EA,R1,V3,True
30922,1,2,EA,R1,V3,False
30936,2,2,EA,R1,V3,True
31029,1,1,EA,R1,V3,True
31060,1,1,EA,R1,V3,True
31081,2,2,EA,R1,V3,True
31089,1,1,EA,R1,V3,True
31128,1,2,EA,R1,V3,False
31129,2,2,EA,R1,V3,True
31138,1,1,EA,R1,V3,True
31148,1,1,EA,R1,V3,True
31247,1,1,EA,R1,V3,True
31266,2,1,EA,R1,V3,False
31350,2,2,EA,R1,V3,True
31386,2,2,EA,R1,V3,True
31470,1,1,EA,R1,V3,True
31483,2,2,EA,R1,V3,True
31568,1,1,EA,R1,V3,True
31597,1,1,EA,R1,V3,True
31622,1,1,EA,R1,V3,True
31628,1,1,EA,R1,V3,True
31634,1,1,EA,R1,V3,True
31665,1,1,EA,R1,V3,True
31720,1,1,EA,R1,V3,True
31728,1,1,EA,R1,V3,True
31808,2,2,EA,R1,V3,True
31883,2,1,EA,R1,V3,False
31907,2,2,EA,R1,V3,True
32003,2,2,EA,R1,V3,True
32090,1,1,EA,R1,V3,True
32112,2,2,EA,R1,V3,True
32116,2,2,EA,R1,V3,True
32131,2,2,EA,R1,V3,True
32167,1,1,EA,R1,V3,True
32177,1,2,EA,R1,V3,False
32263,2,2,EA,R1,V3,True
32265,1,1,EA,R1,V3,True
32323,2,2,EA,R1,V3,True
32372,1,1,EA,R1,V3,True
32463,2,2,EA,R1,V3,True
32489,2,1,EA,R1,V3,False
32518,1,1,EA,R1,V3,True
32558,2,1,EA,R1,V3,False
32572,2,2,EA,R1,V3,True
32638,1,2,EA,R1,V3,False
32679,1,1,EA,R1,V3,True
32722,2,2,EA,R1,V3,True
32747,1,1,EA,R1,V3,True
32753,2,2,EA,R1,V3,True
32785,1,1,EA,R1,V3,True
32872,2,2,EA,R1,V3,True
32894,1,1,EA,R1,V3,True
32913,1,1,EA,R1,V3,True
32963,1,1,EA,R1,V3,True
32972,2,2,EA,R1,V3,True
33026,2,2,EA,R1,V3,True
33067,2,2,EA,R1,V3,True
33126,2,2,EA,R1,V3,True
33141,2,2,EA,R1,V3,True
33154,1,1,EA,R1,V3,True
33262,2,2,EA,R1,V3,True
33291,1,1,EA,R1,V3,True
33345,1,1,EA,R1,V3,True
33390,1,1,EA,R1,V3,True
33409,2,1,EA,R1,V3,False
33470,1,1,EA,R1,V3,True
33504,1,1,EA,R1,V3,True
33509,1,1,EA,R1,V3,True
33532,2,2,EA,R1,V3,True
33649,1,1,EA,R1,V3,True
33741,1,1,EA,R1,V3,True
33743,2,2,EA,R1,V3,True
33765,2,2,EA,R1,V3,True
33806,1,1,EA,R1,V3,True
33808,2,2,EA,R1,V3,True
33856,1,1,EA,R1,V3,True
33859,2,2,EA,R1,V3,True
33890,2,2,EA,R1,V3,True
33936,2,1,EA,R1,V3,False
33940,2,2,EA,R1,V3,True
33961,1,1,EA,R1,V3,True
33962,2,2,EA,R1,V3,True
33986,1,1,EA,R1,V3,True
34029,2,2,EA,R1,V3,True
34084,1,2,EA,R1,V3,False
34125,2,2,EA,R1,V3,True
34143,2,2,EA,R1,V3,True
34148,1,1,EA,R1,V3,True
34171,1,1,EA,R1,V3,True
34215,2,2,EA,R1,V3,True
34276,1,1,EA,R1,V3,True
34354,1,1,EA,R1,V3,True
34404,2,2,EA,R1,V3,True
34414,2,2,EA,R1,V3,True
34460,2,2,EA,R1,V3,True
34500,1,1,EA,R1,V3,True
34573,1,1,EA,R1,V3,True
34667,2,2,EA,R1,V3,True
34714,2,2,EA,R1,V3,True
34754,2,1,EA,R1,V3,False
34812,2,1,EA,R1,V3,False
34915,2,2,EA,R1,V3,True
34918,2,2,EA,R1,V3,True
34983,2,2,EA,R1,V3,True
35064,2,1,EA,R1,V3,False
35127,2,2,EA,R1,V3,True
35156,2,2,EA,R1,V3,True
35174,1,1,EA,R1,V3,True
35191,2,2,EA,R1,V3,True
35201,2,2,EA,R1,V3,True
35204,2,2,EA,R1,V3,True
35282,2,2,EA,R1,V3,True
35287,1,1,EA,R1,V3,True
35397,2,2,EA,R1,V3,True
35429,2,2,EA,R1,V3,True
35467,2,2,EA,R1,V3,True
35542,2,2,EA,R1,V3,True
35564,2,2,EA,R1,V3,True
35592,1,1,EA,R1,V3,True
35643,2,2,EA,R1,V3,True
35715,2,2,EA,R1,V3,True
35732,2,2,EA,R1,V3,True
35738,2,2,EA,R1,V3,True
35743,1,2,EA,R1,V3,False
35871,2,2,EA,R1,V3,True
35880,2,2,EA,R1,V3,True
35912,2,1,EA,R1,V3,False
35939,2,2,EA,R1,V3,True
35991,2,2,EA,R1,V3,True
36117,1,1,EA,R1,V3,True
36186,2,2,EA,R1,V3,True
36190,1,1,EA,R1,V3,True
36199,2,2,EA,R1,V3,True
36209,1,1,EA,R1,V3,True
36247,1,1,EA,R1,V3,True
36403,2,1,EA,R1,V3,False
36419,2,2,EA,R1,V3,True
36434,2,2,EA,R1,V3,True
36449,1,1,EA,R1,V3,True
36482,2,2,EA,R1,V3,True
36557,2,2,EA,R1,V3,True
36686,2,1,EA,R1,V3,False
36689,1,1,EA,R1,V3,True
36734,1,1,EA,R1,V3,True
36743,1,1,EA,R1,V3,True
36767,2,2,EA,R1,V3,True
36812,2,2,EA,R1,V3,True
36819,2,2,EA,R1,V3,True
36849,2,2,EA,R1,V3,True
36960,1,1,EA,R1,V3,True
36974,2,2,EA,R1,V3,True
37006,2,2,EA,R1,V3,True
37016,2,2,EA,R1,V3,True
37020,1,1,EA,R1,V3,True
37082,2,2,EA,R1,V3,True
37102,1,2,EA,R1,V3,False
37124,2,2,EA,R1,V3,True
37245,1,1,EA,R1,V3,True
37249,2,2,EA,R1,V3,True
37258,2,1,EA,R1,V3,False
37327,1,1,EA,R1,V3,True
37367,2,2,EA,R1,V3,True
37422,1,1,EA,R1,V3,True
37432,2,2,EA,R1,V3,True
37435,1,2,EA,R1,V3,False
37490,1,1,EA,R1,V3,True
37537,2,2,EA,R1,V3,True
37542,1,1,EA,R1,V3,True
37569,2,2,EA,R1,V3,True
37608,1,1,EA,R1,V3,True
37614,2,2,EA,R1,V3,True
37679,1,1,EA,R1,V3,True
37723,2,2,EA,R1,V3,True
37725,2,1,EA,R1,V3,False
37743,2,2,EA,R1,V3,True
37842,1,1,EA,R1,V3,True
37843,1,1,EA,R1,V3,True
37909,1,1,EA,R1,V3,True
37955,1,1,EA,R1,V3,True
38068,2,2,EA,R1,V3,True
38078,2,2,EA,R1,V3,True
38093,2,2,EA,R1,V3,True
38130,2,2,EA,R1,V3,True
38144,1,1,EA,R1,V3,True
38146,1,1,EA,R1,V3,True
38166,1,1,EA,R1,V3,True
38191,2,1,EA,R1,V3,False
38245,1,1,EA,R1,V3,True
38352,1,1,EA,R1,V3,True
38395,1,1,EA,R1,V3,True
38425,2,2,EA,R1,V3,True
38485,1,1,EA,R1,V3,True
38518,1,1,EA,R1,V3,True
38530,1,1,EA,R1,V3,True
38554,2,2,EA,R1,V3,True
38562,2,2,EA,R1,V3,True
38593,2,2,EA,R1,V3,True
38627,2,2,EA,R1,V3,True
38630,1,1,EA,R1,V3,True
38721,1,1,EA,R1,V3,True
38773,1,1,EA,R1,V3,True
38802,2,2,EA,R1,V3,True
38809,1,2,EA,R1,V3,False
38811,2,2,EA,R1,V3,True
38829,1,1,EA,R1,V3,True
38858,2,1,EA,R1,V3,False
38928,2,2,EA,R1,V3,True
38947,1,1,EA,R1,V3,True
39000,2,2,EA,R1,V3,True
39152,2,1,EA,R1,V3,False
39199,1,1,EA,R1,V3,True
39321,1,1,EA,R1,V3,True
39356,2,2,EA,R1,V3,True
39388,2,2,EA,R1,V3,True
39457,1,1,EA,R1,V3,True
39466,1,1,EA,R1,V3,True
39532,2,2,EA,R1,V3,True
39553,2,2,EA,R1,V3,True
39557,1,1,EA,R1,V3,True
39715,2,1,EA,R1,V3,False
39795,1,1,EA,R1,V3,True
39804,1,1,EA,R1,V3,True
39833,2,1,EA,R1,V3,False
39842,1,1,EA,R1,V3,True
39855,2,1,EA,R1,V3,False
39864,2,2,EA,R1,V3,True
39884,2,2,EA,R1,V3,True
39918,1,1,EA,R1,V3,True
40068,1,1,EA,R1,V3,True
40135,1,1,EA,R1,V3,True
40145,1,2,EA,R1,V3,False
40164,1,1,EA,R1,V3,True
40296,2,2,EA,R1,V3,True
40352,1,1,EA,R1,V3,True
40376,1,1,EA,R1,V3,True
40497,2,2,EA,R1,V3,True
40535,1,1,EA,R1,V3,True
40542,2,2,EA,R1,V3,True
40622,2,2,EA,R1,V3,True
40625,2,1,EA,R1,V3,False
40653,2,2,EA,R1,V3,True
40762,1,1,EA,R1,V3,True
40853,1,1,EA,R1,V3,True
40855,2,1,EA,R1,V3,False
40920,2,1,EA,R1,V3,False
40969,1,1,EA,R1,V3,True
41001,2,2,EA,R1,V3,True
41077,1,2,EA,R1,V3,False
41103,2,2,EA,R1,V3,True
41150,2,2,EA,R1,V3,True
41152,2,2,EA,R1,V3,True
41237,1,1,EA,R1,V3,True
41239,1,1,EA,R1,V3,True
41360,2,2,EA,R1,V3,True
41368,1,1,EA,R1,V3,True
41472,1,1,EA,R1,V3,True
41581,2,2,EA,R1,V3,True
41590,2,2,EA,R1,V3,True
41607,1,1,EA,R1,V3,True
41636,1,1,EA,R1,V3,True
41704,1,1,EA,R1,V3,True
41829,1,1,EA,R1,V3,True
41836,1,1,EA,R1,V3,True
41906,2,2,EA,R1,V3,True
42006,2,2,EA,R1,V3,True
42040,1,1,EA,R1,V3,True
42067,1,1,EA,R1,V3,True
42112,2,2,EA,R1,V3,True
42166,2,2,EA,R1,V3,True
42174,1,2,EA,R1,V3,False
42185,2,2,EA,R1,V3,True
42228,2,2,EA,R1,V3,True
42330,1,1,EA,R1,V3,True
42335,2,2,EA,R1,V3,True
42344,1,2,EA,R1,V3,False
42391,2,2,EA,R1,V3,True
42428,1,1,EA,R1,V3,True
42468,2,2,EA,R1,V3,True
42521,1,1,EA,R1,V3,True
42568,2,2,EA,R1,V3,True
42572,2,2,EA,R1,V3,True
42585,1,1,EA,R1,V3,True
42609,2,2,EA,R1,V3,True
42690,2,2,EA,R1,V3,True
42714,2,2,EA,R1,V3,True
42860,2,2,EA,R1,V3,True
42886,2,2,EA,R1,V3,True
43042,1,1,EA,R1,V3,True
43070,2,2,EA,R1,V3,True
43164,2,2,EA,R1,V3,True
43191,1,1,EA,R1,V3,True
43295,2,2,EA,R1,V3,True
43350,2,2,EA,R1,V3,True
43486,1,1,EA,R1,V3,True
43526,2,2,EA,R1,V3,True
43621,2,2,EA,R1,V3,True
43668,2,2,EA,R1,V3,True
43764,2,2,EA,R1,V3,True
43800,2,1,EA,R1,V3,False
44063,2,2,EA,R1,V3,True
44064,2,2,EA,R1,V3,True
44147,2,1,EA,R1,V3,False
44167,2,2,EA,R1,V3,True
44178,2,2,EA,R1,V3,True
44313,2,2,EA,R1,V3,True
44380,1,1,EA,R1,V3,True
44400,2,2,EA,R1,V3,True
44415,2,2,EA,R1,V3,True
44430,2,2,EA,R1,V3,True
44444,2,2,EA,R1,V3,True
44458,2,2,EA,R1,V3,True
44475,1,1,EA,R1,V3,True
44479,2,2,EA,R1,V3,True
44628,1,1,EA,R1,V3,True
44682,1,1,EA,R1,V3,True
44743,1,1,EA,R1,V3,True
44812,2,2,EA,R1,V3,True
44833,1,2,EA,R1,V3,False
44841,2,2,EA,R1,V3,True
44887,2,2,EA,R1,V3,True
44967,1,1,EA,R1,V3,True
45012,2,2,EA,R1,V3,True
45024,1,1,EA,R1,V3,True
45075,2,2,EA,R1,V3,True
45117,2,1,EA,R1,V3,False
45175,2,2,EA,R1,V3,True
45184,1,1,EA,R1,V3,True
45190,2,2,EA,R1,V3,True
45289,1,1,EA,R1,V3,True
45314,1,1,EA,R1,V3,True
45337,1,1,EA,R1,V3,True
45340,2,2,EA,R1,V3,True
45390,2,2,EA,R1,V3,True
45424,2,1,EA,R1,V3,False
45470,2,2,EA,R1,V3,True
45492,1,1,EA,R1,V3,True
45529,2,2,EA,R1,V3,True
45544,2,2,EA,R1,V3,True
45784,1,1,EA,R1,V3,True
45800,2,2,EA,R1,V3,True
45811,2,2,EA,R1,V3,True
45837,1,1,EA,R1,V3,True
45857,2,2,EA,R1,V3,True
45893,2,2,EA,R1,V3,True
45938,2,2,EA,R1,V3,True
45983,1,1,EA,R1,V3,True
45985,1,1,EA,R1,V3,True
46026,2,2,EA,R1,V3,True
46132,1,1,EA,R1,V3,True
46147,1,1,EA,R1,V3,True
46160,1,1,EA,R1,V3,True
46346,1,1,EA,R1,V3,True
46371,1,2,EA,R1,V3,False
46372,2,2,EA,R1,V3,True
46569,2,2,EA,R1,V3,True
46595,2,2,EA,R1,V3,True
46674,1,1,EA,R1,V3,True
46707,1,1,EA,R1,V3,True
46710,2,2,EA,R1,V3,True
46751,2,2,EA,R1,V3,True
46756,1,1,EA,R1,V3,True
46810,2,1,EA,R1,V3,False
46859,2,2,EA,R1,V3,True
46880,1,1,EA,R1,V3,True
46894,2,2,EA,R1,V3,True
46969,2,2,EA,R1,V3,True
47060,2,2,EA,R1,V3,True
47065,2,1,EA,R1,V3,False
47097,1,1,EA,R1,V3,True
47139,2,2,EA,R1,V3,True
47169,2,2,EA,R1,V3,True
47216,2,2,EA,R1,V3,True
47246,2,2,EA,R1,V3,True
47249,2,2,EA,R1,V3,True
47362,1,1,EA,R1,V3,True
47371,1,1,EA,R1,V3,True
47560,1,1,EA,R1,V3,True
47603,1,1,EA,R1,V3,True
47619,2,2,EA,R1,V3,True
47632,1,1,EA,R1,V3,True
47865,2,2,EA,R1,V3,True
47886,1,1,EA,R1,V3,True
48182,1,1,EA,R1,V3,True
48217,2,1,EA,R1,V3,False
48246,1,1,EA,R1,V3,True
48329,1,1,EA,R1,V3,True
48352,1,2,EA,R1,V3,False
48355,2,2,EA,R1,V3,True
48434,2,1,EA,R1,V3,False
48441,2,2,EA,R1,V3,True
48449,2,2,EA,R1,V3,True
48506,2,2,EA,R1,V3,True
48538,2,1,EA,R1,V3,False
48541,1,1,EA,R1,V3,True
48562,2,2,EA,R1,V3,True
48563,2,2,EA,R1,V3,True
48566,1,1,EA,R1,V3,True
48587,1,1,EA,R1,V3,True
48722,2,2,EA,R1,V3,True
48728,1,1,EA,R1,V3,True
48859,2,2,EA,R1,V3,True
48898,1,1,EA,R1,V3,True
48976,2,2,EA,R1,V3,True
49004,1,1,EA,R1,V3,True
49029,2,1,EA,R1,V3,False
49047,1,1,EA,R1,V3,True
49052,1,1,EA,R1,V3,True
49095,1,1,EA,R1,V3,True
49132,1,2,EA,R1,V3,False
49146,1,1,EA,R1,V3,True
49168,1,1,EA,R1,V3,True
49182,2,2,EA,R1,V3,True
49189,1,1,EA,R1,V3,True
49213,1,1,EA,R1,V3,True
49228,1,1,EA,R1,V3,True
49242,2,2,EA,R1,V3,True
49325,1,1,EA,R1,V3,True
49400,2,2,EA,R1,V3,True
49460,1,1,EA,R1,V3,True
49700,2,1,EA,R1,V3,False
49737,1,1,EA,R1,V3,True
49777,1,1,EA,R1,V3,True
49855,2,2,EA,R1,V3,True
49870,2,2,EA,R1,V3,True
49943,2,2,EA,R1,V3,True
49950,2,2,EA,R1,V3,True
49959,2,2,EA,R1,V3,True
49971,1,1,EA,R1,V3,True
