idx,mode,model,consensus_choice
55,Neutral-CoT,CN,1
55,Neutral-CoT,CT,1
55,Neutral-CoT,R1,1
55,Neutral-CoT,V3,1
107,Neutral-CoT,CN,2
107,Neutral-CoT,CT,2
107,Neutral-CoT,R1,2
107,Neutral-CoT,V3,2
176,Neutral-CoT,CN,1
176,Neutral-CoT,CT,1
176,Neutral-CoT,R1,1
176,Neutral-CoT,V3,1
257,Neutral-CoT,CN,1
257,Neutral-CoT,CT,1
257,Neutral-CoT,V3,1
283,Neutral-CoT,CN,2
283,Neutral-CoT,CT,2
283,Neutral-CoT,R1,2
283,Neutral-CoT,V3,2
284,Neutral-CoT,CN,2
284,Neutral-CoT,CT,2
284,Neutral-CoT,R1,2
284,Neutral-CoT,V3,2
287,Neutral-CoT,CN,1
287,Neutral-CoT,CT,1
287,Neutral-CoT,R1,1
287,Neutral-CoT,V3,1
310,Neutral-CoT,CN,2
310,Neutral-CoT,CT,2
310,Neutral-CoT,R1,2
310,Neutral-CoT,V3,2
337,Neutral-CoT,R1,2
337,Neutral-CoT,V3,2
379,Neutral-CoT,CN,2
379,Neutral-CoT,CT,2
379,Neutral-CoT,R1,2
379,Neutral-CoT,V3,2
393,Neutral-CoT,CN,2
393,Neutral-CoT,CT,2
393,Neutral-CoT,R1,2
393,Neutral-CoT,V3,2
405,Neutral-CoT,CN,2
405,Neutral-CoT,CT,2
405,Neutral-CoT,R1,2
405,Neutral-CoT,V3,2
423,Neutral-CoT,CN,1
423,Neutral-CoT,CT,1
423,Neutral-CoT,R1,2
423,Neutral-CoT,V3,2
450,Neutral-CoT,CN,2
450,Neutral-CoT,CT,2
450,Neutral-CoT,R1,2
450,Neutral-CoT,V3,2
504,Neutral-CoT,CN,2
504,Neutral-CoT,CT,2
504,Neutral-CoT,R1,2
504,Neutral-CoT,V3,2
525,Neutral-CoT,CN,2
525,Neutral-CoT,CT,2
525,Neutral-CoT,V3,2
545,Neutral-CoT,CN,1
545,Neutral-CoT,CT,1
545,Neutral-CoT,R1,1
545,Neutral-CoT,V3,1
626,Neutral-CoT,CN,2
626,Neutral-CoT,CT,2
626,Neutral-CoT,R1,2
626,Neutral-CoT,V3,2
715,Neutral-CoT,CN,2
715,Neutral-CoT,CT,2
715,Neutral-CoT,R1,2
715,Neutral-CoT,V3,2
722,Neutral-CoT,CN,1
722,Neutral-CoT,CT,1
722,Neutral-CoT,R1,1
722,Neutral-CoT,V3,1
793,Neutral-CoT,CN,2
793,Neutral-CoT,CT,2
793,Neutral-CoT,R1,2
793,Neutral-CoT,V3,2
804,Neutral-CoT,CN,1
804,Neutral-CoT,R1,1
804,Neutral-CoT,V3,2
813,Neutral-CoT,CN,2
813,Neutral-CoT,CT,2
813,Neutral-CoT,R1,2
856,Neutral-CoT,CN,2
856,Neutral-CoT,CT,2
856,Neutral-CoT,R1,2
856,Neutral-CoT,V3,2
893,Neutral-CoT,CN,2
893,Neutral-CoT,CT,2
893,Neutral-CoT,R1,2
893,Neutral-CoT,V3,2
922,Neutral-CoT,CN,1
922,Neutral-CoT,CT,1
922,Neutral-CoT,R1,1
922,Neutral-CoT,V3,1
1029,Neutral-CoT,CN,2
1029,Neutral-CoT,CT,2
1029,Neutral-CoT,R1,2
1029,Neutral-CoT,V3,2
1057,Neutral-CoT,CN,2
1057,Neutral-CoT,R1,2
1057,Neutral-CoT,V3,1
1106,Neutral-CoT,CN,1
1106,Neutral-CoT,CT,1
1106,Neutral-CoT,R1,1
1106,Neutral-CoT,V3,1
1176,Neutral-CoT,CN,2
1176,Neutral-CoT,R1,2
1199,Neutral-CoT,CN,1
1199,Neutral-CoT,CT,1
1199,Neutral-CoT,R1,1
1199,Neutral-CoT,V3,1
1200,Neutral-CoT,CN,2
1200,Neutral-CoT,CT,2
1200,Neutral-CoT,R1,2
1200,Neutral-CoT,V3,2
1205,Neutral-CoT,CN,2
1205,Neutral-CoT,CT,2
1205,Neutral-CoT,R1,2
1205,Neutral-CoT,V3,2
1227,Neutral-CoT,CN,1
1227,Neutral-CoT,R1,2
1227,Neutral-CoT,V3,2
1261,Neutral-CoT,CN,2
1261,Neutral-CoT,CT,2
1261,Neutral-CoT,R1,2
1261,Neutral-CoT,V3,2
1285,Neutral-CoT,CN,1
1285,Neutral-CoT,CT,1
1285,Neutral-CoT,V3,1
1290,Neutral-CoT,CN,1
1290,Neutral-CoT,CT,1
1290,Neutral-CoT,R1,1
1290,Neutral-CoT,V3,1
1347,Neutral-CoT,CN,1
1347,Neutral-CoT,CT,1
1347,Neutral-CoT,R1,1
1347,Neutral-CoT,V3,1
1352,Neutral-CoT,CT,1
1352,Neutral-CoT,R1,2
1352,Neutral-CoT,V3,2
1363,Neutral-CoT,CN,2
1363,Neutral-CoT,CT,2
1363,Neutral-CoT,R1,2
1363,Neutral-CoT,V3,2
1421,Neutral-CoT,CN,1
1421,Neutral-CoT,CT,1
1421,Neutral-CoT,R1,1
1421,Neutral-CoT,V3,1
1434,Neutral-CoT,CN,1
1434,Neutral-CoT,R1,2
1481,Neutral-CoT,CN,1
1481,Neutral-CoT,CT,1
1481,Neutral-CoT,R1,1
1481,Neutral-CoT,V3,1
1545,Neutral-CoT,CN,1
1545,Neutral-CoT,CT,1
1545,Neutral-CoT,V3,1
1552,Neutral-CoT,CN,1
1552,Neutral-CoT,CT,1
1552,Neutral-CoT,R1,1
1552,Neutral-CoT,V3,1
1573,Neutral-CoT,CN,1
1573,Neutral-CoT,CT,1
1573,Neutral-CoT,R1,1
1573,Neutral-CoT,V3,1
1656,Neutral-CoT,CN,2
1656,Neutral-CoT,CT,2
1656,Neutral-CoT,R1,2
1656,Neutral-CoT,V3,2
1687,Neutral-CoT,CN,1
1687,Neutral-CoT,CT,1
1687,Neutral-CoT,R1,1
1687,Neutral-CoT,V3,1
1707,Neutral-CoT,CN,2
1707,Neutral-CoT,CT,2
1707,Neutral-CoT,R1,2
1707,Neutral-CoT,V3,2
1733,Neutral-CoT,CN,2
1733,Neutral-CoT,R1,2
1735,Neutral-CoT,CN,2
1735,Neutral-CoT,CT,2
1735,Neutral-CoT,R1,2
1735,Neutral-CoT,V3,2
1755,Neutral-CoT,CN,2
1755,Neutral-CoT,CT,2
1755,Neutral-CoT,R1,2
1755,Neutral-CoT,V3,2
1808,Neutral-CoT,CN,1
1808,Neutral-CoT,CT,1
1814,Neutral-CoT,CN,2
1814,Neutral-CoT,CT,2
1814,Neutral-CoT,R1,2
1814,Neutral-CoT,V3,2
1819,Neutral-CoT,CN,2
1819,Neutral-CoT,CT,2
1819,Neutral-CoT,R1,2
1819,Neutral-CoT,V3,2
1822,Neutral-CoT,CN,1
1822,Neutral-CoT,CT,1
1822,Neutral-CoT,R1,1
1822,Neutral-CoT,V3,1
1823,Neutral-CoT,CN,1
1823,Neutral-CoT,CT,1
1823,Neutral-CoT,R1,1
1823,Neutral-CoT,V3,1
1862,Neutral-CoT,CN,1
1862,Neutral-CoT,CT,1
1862,Neutral-CoT,R1,1
1862,Neutral-CoT,V3,1
2004,Neutral-CoT,CN,2
2004,Neutral-CoT,CT,2
2004,Neutral-CoT,R1,2
2004,Neutral-CoT,V3,2
2039,Neutral-CoT,CN,2
2039,Neutral-CoT,CT,2
2039,Neutral-CoT,R1,2
2039,Neutral-CoT,V3,2
2055,Neutral-CoT,CN,1
2055,Neutral-CoT,CT,1
2055,Neutral-CoT,R1,1
2055,Neutral-CoT,V3,1
2068,Neutral-CoT,CN,2
2068,Neutral-CoT,CT,2
2068,Neutral-CoT,R1,2
2068,Neutral-CoT,V3,2
2081,Neutral-CoT,CN,1
2081,Neutral-CoT,CT,1
2081,Neutral-CoT,R1,1
2081,Neutral-CoT,V3,1
2155,Neutral-CoT,CN,2
2155,Neutral-CoT,CT,2
2155,Neutral-CoT,R1,2
2155,Neutral-CoT,V3,2
2170,Neutral-CoT,R1,1
2170,Neutral-CoT,V3,1
2221,Neutral-CoT,CN,2
2221,Neutral-CoT,CT,2
2221,Neutral-CoT,R1,2
2221,Neutral-CoT,V3,2
2288,Neutral-CoT,CN,2
2288,Neutral-CoT,CT,2
2288,Neutral-CoT,R1,2
2288,Neutral-CoT,V3,2
2375,Neutral-CoT,CN,2
2375,Neutral-CoT,CT,2
2375,Neutral-CoT,R1,2
2375,Neutral-CoT,V3,2
2379,Neutral-CoT,CN,1
2379,Neutral-CoT,CT,1
2379,Neutral-CoT,R1,1
2379,Neutral-CoT,V3,1
2408,Neutral-CoT,CN,2
2408,Neutral-CoT,V3,2
2426,Neutral-CoT,CN,2
2426,Neutral-CoT,CT,2
2426,Neutral-CoT,R1,2
2426,Neutral-CoT,V3,2
2584,Neutral-CoT,CN,2
2584,Neutral-CoT,CT,2
2584,Neutral-CoT,R1,2
2584,Neutral-CoT,V3,2
2585,Neutral-CoT,CN,1
2585,Neutral-CoT,CT,1
2585,Neutral-CoT,R1,1
2585,Neutral-CoT,V3,1
2599,Neutral-CoT,CN,2
2599,Neutral-CoT,R1,2
2599,Neutral-CoT,V3,2
2600,Neutral-CoT,CN,1
2600,Neutral-CoT,CT,1
2600,Neutral-CoT,R1,1
2600,Neutral-CoT,V3,1
2732,Neutral-CoT,CN,2
2732,Neutral-CoT,CT,2
2732,Neutral-CoT,R1,2
2732,Neutral-CoT,V3,2
2844,Neutral-CoT,CN,1
2844,Neutral-CoT,CT,1
2844,Neutral-CoT,R1,1
2844,Neutral-CoT,V3,1
2891,Neutral-CoT,CN,2
2891,Neutral-CoT,CT,2
2891,Neutral-CoT,R1,2
2891,Neutral-CoT,V3,2
2932,Neutral-CoT,CN,2
2932,Neutral-CoT,CT,2
2932,Neutral-CoT,R1,2
2932,Neutral-CoT,V3,2
2983,Neutral-CoT,CT,1
2983,Neutral-CoT,R1,1
2983,Neutral-CoT,V3,1
3056,Neutral-CoT,CN,1
3056,Neutral-CoT,CT,1
3056,Neutral-CoT,R1,1
3056,Neutral-CoT,V3,1
3081,Neutral-CoT,CT,1
3081,Neutral-CoT,R1,1
3102,Neutral-CoT,CN,1
3102,Neutral-CoT,CT,1
3102,Neutral-CoT,R1,1
3102,Neutral-CoT,V3,1
3191,Neutral-CoT,CN,1
3191,Neutral-CoT,CT,1
3191,Neutral-CoT,R1,1
3191,Neutral-CoT,V3,1
3230,Neutral-CoT,V3,2
3297,Neutral-CoT,CN,1
3297,Neutral-CoT,CT,1
3297,Neutral-CoT,R1,1
3297,Neutral-CoT,V3,1
3363,Neutral-CoT,CN,1
3363,Neutral-CoT,CT,1
3363,Neutral-CoT,R1,1
3363,Neutral-CoT,V3,1
3367,Neutral-CoT,CN,2
3367,Neutral-CoT,CT,2
3367,Neutral-CoT,R1,2
3367,Neutral-CoT,V3,2
3385,Neutral-CoT,CN,1
3385,Neutral-CoT,CT,1
3385,Neutral-CoT,R1,1
3385,Neutral-CoT,V3,1
3400,Neutral-CoT,CN,1
3400,Neutral-CoT,CT,1
3400,Neutral-CoT,R1,1
3400,Neutral-CoT,V3,1
3418,Neutral-CoT,CN,1
3418,Neutral-CoT,CT,1
3418,Neutral-CoT,R1,2
3418,Neutral-CoT,V3,1
3429,Neutral-CoT,CN,2
3429,Neutral-CoT,CT,2
3429,Neutral-CoT,R1,2
3429,Neutral-CoT,V3,2
3440,Neutral-CoT,CN,1
3440,Neutral-CoT,CT,1
3440,Neutral-CoT,R1,1
3440,Neutral-CoT,V3,1
3512,Neutral-CoT,CN,1
3512,Neutral-CoT,R1,2
3512,Neutral-CoT,V3,2
3524,Neutral-CoT,CN,1
3524,Neutral-CoT,CT,1
3524,Neutral-CoT,R1,1
3524,Neutral-CoT,V3,1
3567,Neutral-CoT,CN,1
3567,Neutral-CoT,CT,1
3567,Neutral-CoT,R1,1
3567,Neutral-CoT,V3,1
3631,Neutral-CoT,CN,2
3631,Neutral-CoT,CT,2
3631,Neutral-CoT,R1,2
3631,Neutral-CoT,V3,2
3811,Neutral-CoT,CN,2
3811,Neutral-CoT,CT,2
3811,Neutral-CoT,R1,2
3811,Neutral-CoT,V3,1
3824,Neutral-CoT,CN,1
3824,Neutral-CoT,CT,1
3824,Neutral-CoT,R1,1
3824,Neutral-CoT,V3,1
3839,Neutral-CoT,CN,1
3839,Neutral-CoT,CT,1
3839,Neutral-CoT,R1,1
3839,Neutral-CoT,V3,1
3867,Neutral-CoT,CN,1
3867,Neutral-CoT,CT,1
3867,Neutral-CoT,R1,1
3867,Neutral-CoT,V3,1
3868,Neutral-CoT,CN,1
3868,Neutral-CoT,CT,1
3868,Neutral-CoT,V3,1
3912,Neutral-CoT,CN,2
3912,Neutral-CoT,CT,2
3912,Neutral-CoT,R1,2
3929,Neutral-CoT,CN,2
3929,Neutral-CoT,CT,2
3929,Neutral-CoT,R1,2
3929,Neutral-CoT,V3,2
3954,Neutral-CoT,R1,2
3954,Neutral-CoT,V3,2
3971,Neutral-CoT,CN,2
3971,Neutral-CoT,CT,2
3971,Neutral-CoT,R1,2
3971,Neutral-CoT,V3,2
3979,Neutral-CoT,CN,2
3979,Neutral-CoT,CT,2
3979,Neutral-CoT,R1,2
3979,Neutral-CoT,V3,2
4011,Neutral-CoT,CN,2
4011,Neutral-CoT,CT,2
4011,Neutral-CoT,R1,2
4011,Neutral-CoT,V3,2
4017,Neutral-CoT,CN,1
4017,Neutral-CoT,CT,1
4017,Neutral-CoT,R1,1
4017,Neutral-CoT,V3,1
4066,Neutral-CoT,CN,2
4066,Neutral-CoT,CT,2
4066,Neutral-CoT,R1,2
4066,Neutral-CoT,V3,2
4087,Neutral-CoT,CN,2
4087,Neutral-CoT,CT,2
4087,Neutral-CoT,R1,2
4087,Neutral-CoT,V3,2
4153,Neutral-CoT,CN,2
4153,Neutral-CoT,CT,2
4153,Neutral-CoT,R1,2
4153,Neutral-CoT,V3,2
4182,Neutral-CoT,CN,2
4182,Neutral-CoT,CT,2
4182,Neutral-CoT,R1,2
4182,Neutral-CoT,V3,2
4187,Neutral-CoT,CN,1
4187,Neutral-CoT,CT,1
4187,Neutral-CoT,R1,1
4187,Neutral-CoT,V3,1
4207,Neutral-CoT,CN,1
4207,Neutral-CoT,CT,1
4207,Neutral-CoT,R1,1
4207,Neutral-CoT,V3,1
4211,Neutral-CoT,CN,1
4211,Neutral-CoT,CT,1
4211,Neutral-CoT,R1,1
4211,Neutral-CoT,V3,1
4303,Neutral-CoT,CN,1
4303,Neutral-CoT,CT,1
4303,Neutral-CoT,R1,1
4303,Neutral-CoT,V3,1
4314,Neutral-CoT,CN,1
4314,Neutral-CoT,CT,1
4314,Neutral-CoT,R1,1
4314,Neutral-CoT,V3,1
4339,Neutral-CoT,CN,2
4339,Neutral-CoT,CT,2
4339,Neutral-CoT,R1,2
4339,Neutral-CoT,V3,2
4348,Neutral-CoT,CN,2
4348,Neutral-CoT,CT,2
4348,Neutral-CoT,R1,2
4348,Neutral-CoT,V3,2
4447,Neutral-CoT,CN,1
4447,Neutral-CoT,CT,1
4447,Neutral-CoT,R1,1
4447,Neutral-CoT,V3,1
4462,Neutral-CoT,CN,1
4462,Neutral-CoT,CT,1
4462,Neutral-CoT,R1,1
4462,Neutral-CoT,V3,1
4591,Neutral-CoT,CN,1
4591,Neutral-CoT,CT,1
4591,Neutral-CoT,R1,1
4591,Neutral-CoT,V3,1
4624,Neutral-CoT,CN,2
4624,Neutral-CoT,CT,2
4624,Neutral-CoT,R1,2
4624,Neutral-CoT,V3,2
4651,Neutral-CoT,CN,2
4651,Neutral-CoT,CT,2
4651,Neutral-CoT,R1,2
4651,Neutral-CoT,V3,2
4652,Neutral-CoT,CN,1
4652,Neutral-CoT,CT,1
4652,Neutral-CoT,R1,1
4652,Neutral-CoT,V3,1
4663,Neutral-CoT,CN,1
4663,Neutral-CoT,CT,1
4663,Neutral-CoT,R1,1
4663,Neutral-CoT,V3,1
4706,Neutral-CoT,CN,2
4706,Neutral-CoT,CT,2
4706,Neutral-CoT,R1,2
4706,Neutral-CoT,V3,2
4716,Neutral-CoT,CN,1
4716,Neutral-CoT,CT,1
4716,Neutral-CoT,R1,1
4716,Neutral-CoT,V3,1
4744,Neutral-CoT,CN,2
4744,Neutral-CoT,CT,2
4744,Neutral-CoT,R1,2
4744,Neutral-CoT,V3,2
4767,Neutral-CoT,CN,1
4767,Neutral-CoT,CT,1
4767,Neutral-CoT,R1,1
4767,Neutral-CoT,V3,1
4795,Neutral-CoT,CN,1
4795,Neutral-CoT,CT,1
4795,Neutral-CoT,R1,1
4795,Neutral-CoT,V3,1
4797,Neutral-CoT,CN,1
4797,Neutral-CoT,CT,1
4812,Neutral-CoT,CN,2
4812,Neutral-CoT,CT,2
4812,Neutral-CoT,R1,2
4812,Neutral-CoT,V3,2
4827,Neutral-CoT,CT,2
4827,Neutral-CoT,R1,2
4827,Neutral-CoT,V3,2
4829,Neutral-CoT,CN,2
4829,Neutral-CoT,CT,2
4829,Neutral-CoT,R1,2
4829,Neutral-CoT,V3,2
4851,Neutral-CoT,CN,2
4851,Neutral-CoT,CT,2
4851,Neutral-CoT,R1,2
4851,Neutral-CoT,V3,2
4856,Neutral-CoT,CN,2
4856,Neutral-CoT,CT,2
4856,Neutral-CoT,R1,2
4856,Neutral-CoT,V3,2
4865,Neutral-CoT,CN,2
4865,Neutral-CoT,CT,2
4865,Neutral-CoT,R1,2
4865,Neutral-CoT,V3,2
4871,Neutral-CoT,CN,1
4871,Neutral-CoT,CT,1
4871,Neutral-CoT,R1,1
4871,Neutral-CoT,V3,1
4927,Neutral-CoT,CN,2
4927,Neutral-CoT,CT,2
4927,Neutral-CoT,R1,2
4927,Neutral-CoT,V3,2
4937,Neutral-CoT,CN,1
4937,Neutral-CoT,CT,1
4937,Neutral-CoT,R1,1
4937,Neutral-CoT,V3,1
5006,Neutral-CoT,CN,2
5006,Neutral-CoT,V3,1
5009,Neutral-CoT,CN,1
5009,Neutral-CoT,CT,1
5009,Neutral-CoT,R1,1
5009,Neutral-CoT,V3,1
5024,Neutral-CoT,CN,1
5024,Neutral-CoT,CT,1
5024,Neutral-CoT,R1,1
5024,Neutral-CoT,V3,1
5070,Neutral-CoT,CN,1
5070,Neutral-CoT,CT,1
5070,Neutral-CoT,R1,1
5070,Neutral-CoT,V3,1
5086,Neutral-CoT,CN,2
5086,Neutral-CoT,CT,2
5086,Neutral-CoT,R1,2
5086,Neutral-CoT,V3,2
5105,Neutral-CoT,CN,2
5105,Neutral-CoT,R1,2
5105,Neutral-CoT,V3,2
5119,Neutral-CoT,CN,1
5119,Neutral-CoT,CT,1
5119,Neutral-CoT,R1,1
5119,Neutral-CoT,V3,1
5120,Neutral-CoT,CN,2
5120,Neutral-CoT,CT,2
5120,Neutral-CoT,R1,2
5120,Neutral-CoT,V3,2
5159,Neutral-CoT,CN,1
5159,Neutral-CoT,V3,2
5406,Neutral-CoT,CN,1
5406,Neutral-CoT,CT,1
5406,Neutral-CoT,R1,1
5406,Neutral-CoT,V3,1
5424,Neutral-CoT,CN,2
5424,Neutral-CoT,CT,2
5424,Neutral-CoT,R1,2
5424,Neutral-CoT,V3,2
5475,Neutral-CoT,CN,1
5475,Neutral-CoT,CT,1
5475,Neutral-CoT,R1,1
5475,Neutral-CoT,V3,1
5499,Neutral-CoT,CN,1
5499,Neutral-CoT,CT,1
5499,Neutral-CoT,R1,1
5499,Neutral-CoT,V3,1
5570,Neutral-CoT,CN,1
5570,Neutral-CoT,CT,1
5570,Neutral-CoT,R1,1
5570,Neutral-CoT,V3,1
5586,Neutral-CoT,CN,2
5586,Neutral-CoT,CT,2
5586,Neutral-CoT,R1,1
5586,Neutral-CoT,V3,1
5619,Neutral-CoT,CN,2
5619,Neutral-CoT,CT,2
5619,Neutral-CoT,R1,2
5619,Neutral-CoT,V3,2
5651,Neutral-CoT,CN,1
5651,Neutral-CoT,CT,1
5651,Neutral-CoT,R1,1
5651,Neutral-CoT,V3,1
5741,Neutral-CoT,CN,1
5741,Neutral-CoT,CT,1
5741,Neutral-CoT,R1,2
5797,Neutral-CoT,CN,2
5797,Neutral-CoT,CT,2
5797,Neutral-CoT,R1,2
5797,Neutral-CoT,V3,2
5824,Neutral-CoT,CN,2
5824,Neutral-CoT,CT,2
5824,Neutral-CoT,R1,2
5824,Neutral-CoT,V3,2
5829,Neutral-CoT,CN,1
5829,Neutral-CoT,CT,1
5829,Neutral-CoT,R1,1
5829,Neutral-CoT,V3,1
5834,Neutral-CoT,R1,1
5834,Neutral-CoT,V3,1
5906,Neutral-CoT,CN,2
5906,Neutral-CoT,CT,2
5906,Neutral-CoT,R1,2
5906,Neutral-CoT,V3,2
5913,Neutral-CoT,R1,2
5913,Neutral-CoT,V3,2
5938,Neutral-CoT,CN,2
5938,Neutral-CoT,CT,2
5938,Neutral-CoT,V3,1
5957,Neutral-CoT,CN,2
5957,Neutral-CoT,CT,2
5957,Neutral-CoT,R1,2
5957,Neutral-CoT,V3,2
5998,Neutral-CoT,CN,2
5998,Neutral-CoT,CT,2
5998,Neutral-CoT,R1,2
5998,Neutral-CoT,V3,2
6010,Neutral-CoT,CN,2
6010,Neutral-CoT,CT,2
6010,Neutral-CoT,R1,2
6010,Neutral-CoT,V3,2
6059,Neutral-CoT,CN,2
6059,Neutral-CoT,CT,2
6059,Neutral-CoT,R1,2
6059,Neutral-CoT,V3,2
6111,Neutral-CoT,CN,1
6111,Neutral-CoT,CT,1
6111,Neutral-CoT,R1,1
6111,Neutral-CoT,V3,1
6137,Neutral-CoT,CN,1
6137,Neutral-CoT,CT,1
6137,Neutral-CoT,R1,1
6137,Neutral-CoT,V3,1
6156,Neutral-CoT,CN,1
6156,Neutral-CoT,CT,1
6156,Neutral-CoT,R1,1
6156,Neutral-CoT,V3,1
6252,Neutral-CoT,CN,1
6252,Neutral-CoT,CT,1
6252,Neutral-CoT,R1,1
6252,Neutral-CoT,V3,1
6253,Neutral-CoT,CN,2
6253,Neutral-CoT,CT,2
6253,Neutral-CoT,R1,2
6253,Neutral-CoT,V3,2
6255,Neutral-CoT,CN,2
6255,Neutral-CoT,CT,2
6255,Neutral-CoT,R1,2
6255,Neutral-CoT,V3,2
6295,Neutral-CoT,CN,1
6295,Neutral-CoT,CT,1
6295,Neutral-CoT,R1,1
6295,Neutral-CoT,V3,1
6347,Neutral-CoT,CN,1
6347,Neutral-CoT,CT,1
6347,Neutral-CoT,R1,1
6347,Neutral-CoT,V3,1
6374,Neutral-CoT,CN,1
6374,Neutral-CoT,CT,1
6374,Neutral-CoT,R1,1
6374,Neutral-CoT,V3,1
6420,Neutral-CoT,CN,2
6420,Neutral-CoT,CT,2
6420,Neutral-CoT,R1,2
6452,Neutral-CoT,CN,1
6452,Neutral-CoT,CT,1
6452,Neutral-CoT,R1,1
6452,Neutral-CoT,V3,1
6465,Neutral-CoT,CN,1
6465,Neutral-CoT,CT,1
6465,Neutral-CoT,R1,1
6465,Neutral-CoT,V3,1
6484,Neutral-CoT,CN,2
6484,Neutral-CoT,CT,2
6484,Neutral-CoT,R1,2
6484,Neutral-CoT,V3,2
6488,Neutral-CoT,CT,2
6488,Neutral-CoT,R1,2
6519,Neutral-CoT,CN,2
6519,Neutral-CoT,CT,2
6519,Neutral-CoT,R1,2
6519,Neutral-CoT,V3,2
6527,Neutral-CoT,CN,2
6527,Neutral-CoT,CT,2
6527,Neutral-CoT,R1,2
6527,Neutral-CoT,V3,2
6595,Neutral-CoT,CN,1
6595,Neutral-CoT,CT,1
6595,Neutral-CoT,R1,1
6595,Neutral-CoT,V3,1
6631,Neutral-CoT,CN,1
6631,Neutral-CoT,CT,1
6631,Neutral-CoT,R1,1
6631,Neutral-CoT,V3,1
6692,Neutral-CoT,R1,1
6692,Neutral-CoT,V3,1
6715,Neutral-CoT,CN,2
6715,Neutral-CoT,CT,2
6715,Neutral-CoT,R1,2
6715,Neutral-CoT,V3,2
6728,Neutral-CoT,CN,1
6728,Neutral-CoT,CT,1
6728,Neutral-CoT,R1,1
6728,Neutral-CoT,V3,1
6756,Neutral-CoT,CN,2
6756,Neutral-CoT,CT,2
6756,Neutral-CoT,R1,2
6756,Neutral-CoT,V3,2
6812,Neutral-CoT,CN,1
6812,Neutral-CoT,CT,1
6812,Neutral-CoT,R1,1
6812,Neutral-CoT,V3,1
6824,Neutral-CoT,CN,1
6824,Neutral-CoT,CT,1
6824,Neutral-CoT,R1,1
6824,Neutral-CoT,V3,1
6826,Neutral-CoT,CN,1
6826,Neutral-CoT,CT,1
6826,Neutral-CoT,R1,1
6826,Neutral-CoT,V3,1
6842,Neutral-CoT,CN,1
6842,Neutral-CoT,CT,1
6842,Neutral-CoT,R1,1
6842,Neutral-CoT,V3,1
6867,Neutral-CoT,CN,1
6867,Neutral-CoT,CT,1
6867,Neutral-CoT,R1,1
6867,Neutral-CoT,V3,1
6868,Neutral-CoT,CN,1
6868,Neutral-CoT,CT,1
6868,Neutral-CoT,R1,2
6868,Neutral-CoT,V3,2
6899,Neutral-CoT,CN,2
6899,Neutral-CoT,CT,2
6899,Neutral-CoT,R1,2
6899,Neutral-CoT,V3,2
6965,Neutral-CoT,CN,2
6965,Neutral-CoT,CT,2
6965,Neutral-CoT,R1,2
6965,Neutral-CoT,V3,2
6977,Neutral-CoT,CN,2
6977,Neutral-CoT,CT,2
6977,Neutral-CoT,R1,2
6977,Neutral-CoT,V3,2
6991,Neutral-CoT,CN,1
6991,Neutral-CoT,CT,1
6991,Neutral-CoT,R1,1
6991,Neutral-CoT,V3,1
7001,Neutral-CoT,CN,2
7001,Neutral-CoT,CT,2
7001,Neutral-CoT,R1,2
7001,Neutral-CoT,V3,2
7004,Neutral-CoT,CN,1
7004,Neutral-CoT,CT,1
7004,Neutral-CoT,R1,1
7004,Neutral-CoT,V3,1
7042,Neutral-CoT,CN,1
7042,Neutral-CoT,CT,1
7042,Neutral-CoT,R1,2
7070,Neutral-CoT,CN,2
7070,Neutral-CoT,CT,2
7070,Neutral-CoT,R1,2
7070,Neutral-CoT,V3,2
7096,Neutral-CoT,CN,1
7096,Neutral-CoT,CT,1
7096,Neutral-CoT,R1,1
7096,Neutral-CoT,V3,1
7099,Neutral-CoT,CN,1
7099,Neutral-CoT,CT,1
7099,Neutral-CoT,R1,1
7099,Neutral-CoT,V3,1
7194,Neutral-CoT,CN,2
7194,Neutral-CoT,CT,2
7194,Neutral-CoT,R1,2
7194,Neutral-CoT,V3,2
7220,Neutral-CoT,CN,2
7220,Neutral-CoT,CT,2
7220,Neutral-CoT,R1,2
7220,Neutral-CoT,V3,2
7235,Neutral-CoT,CN,2
7235,Neutral-CoT,CT,2
7235,Neutral-CoT,R1,2
7235,Neutral-CoT,V3,2
7313,Neutral-CoT,CN,2
7313,Neutral-CoT,CT,2
7313,Neutral-CoT,R1,2
7313,Neutral-CoT,V3,2
7387,Neutral-CoT,CN,1
7387,Neutral-CoT,CT,1
7387,Neutral-CoT,R1,1
7387,Neutral-CoT,V3,1
7407,Neutral-CoT,CN,1
7407,Neutral-CoT,CT,1
7407,Neutral-CoT,R1,1
7407,Neutral-CoT,V3,1
7430,Neutral-CoT,CN,2
7430,Neutral-CoT,CT,2
7430,Neutral-CoT,R1,2
7430,Neutral-CoT,V3,2
7439,Neutral-CoT,CN,1
7439,Neutral-CoT,CT,1
7439,Neutral-CoT,R1,1
7439,Neutral-CoT,V3,1
7451,Neutral-CoT,CN,2
7451,Neutral-CoT,CT,2
7451,Neutral-CoT,R1,2
7451,Neutral-CoT,V3,2
7498,Neutral-CoT,CN,2
7498,Neutral-CoT,CT,2
7498,Neutral-CoT,R1,2
7498,Neutral-CoT,V3,2
7550,Neutral-CoT,CN,1
7550,Neutral-CoT,CT,1
7550,Neutral-CoT,R1,1
7550,Neutral-CoT,V3,1
7553,Neutral-CoT,CN,2
7553,Neutral-CoT,CT,2
7553,Neutral-CoT,R1,2
7553,Neutral-CoT,V3,2
7555,Neutral-CoT,CN,1
7555,Neutral-CoT,CT,1
7555,Neutral-CoT,R1,1
7555,Neutral-CoT,V3,1
7581,Neutral-CoT,CN,2
7581,Neutral-CoT,CT,2
7581,Neutral-CoT,R1,2
7581,Neutral-CoT,V3,2
7599,Neutral-CoT,CN,2
7599,Neutral-CoT,CT,2
7599,Neutral-CoT,R1,2
7599,Neutral-CoT,V3,2
7631,Neutral-CoT,CN,1
7631,Neutral-CoT,R1,1
7654,Neutral-CoT,CN,1
7654,Neutral-CoT,CT,1
7654,Neutral-CoT,R1,1
7654,Neutral-CoT,V3,1
7687,Neutral-CoT,CN,1
7687,Neutral-CoT,CT,1
7687,Neutral-CoT,R1,1
7687,Neutral-CoT,V3,1
7723,Neutral-CoT,CN,1
7723,Neutral-CoT,CT,1
7723,Neutral-CoT,R1,1
7723,Neutral-CoT,V3,1
7756,Neutral-CoT,V3,2
7832,Neutral-CoT,CT,2
7832,Neutral-CoT,R1,2
7832,Neutral-CoT,V3,2
7887,Neutral-CoT,CN,1
7887,Neutral-CoT,CT,1
7887,Neutral-CoT,R1,1
7887,Neutral-CoT,V3,1
7894,Neutral-CoT,CN,1
7894,Neutral-CoT,CT,1
7894,Neutral-CoT,R1,1
7894,Neutral-CoT,V3,1
7915,Neutral-CoT,CN,2
7915,Neutral-CoT,CT,2
7915,Neutral-CoT,R1,2
7915,Neutral-CoT,V3,2
7949,Neutral-CoT,R1,1
7949,Neutral-CoT,V3,2
7966,Neutral-CoT,CN,1
7966,Neutral-CoT,CT,1
7966,Neutral-CoT,R1,1
7966,Neutral-CoT,V3,1
7972,Neutral-CoT,R1,1
7972,Neutral-CoT,V3,1
7992,Neutral-CoT,CN,1
7992,Neutral-CoT,R1,2
8015,Neutral-CoT,CN,2
8015,Neutral-CoT,CT,2
8015,Neutral-CoT,R1,2
8015,Neutral-CoT,V3,2
8033,Neutral-CoT,CN,1
8033,Neutral-CoT,CT,1
8033,Neutral-CoT,R1,1
8033,Neutral-CoT,V3,1
8139,Neutral-CoT,CN,1
8139,Neutral-CoT,CT,1
8139,Neutral-CoT,R1,1
8139,Neutral-CoT,V3,1
8217,Neutral-CoT,CN,2
8217,Neutral-CoT,CT,2
8217,Neutral-CoT,R1,2
8217,Neutral-CoT,V3,2
8268,Neutral-CoT,CN,1
8268,Neutral-CoT,CT,1
8268,Neutral-CoT,R1,1
8268,Neutral-CoT,V3,1
8339,Neutral-CoT,CN,1
8339,Neutral-CoT,CT,1
8339,Neutral-CoT,R1,1
8339,Neutral-CoT,V3,1
8366,Neutral-CoT,CN,2
8366,Neutral-CoT,CT,2
8366,Neutral-CoT,R1,2
8366,Neutral-CoT,V3,2
8444,Neutral-CoT,CN,1
8444,Neutral-CoT,CT,1
8444,Neutral-CoT,R1,1
8444,Neutral-CoT,V3,1
8580,Neutral-CoT,CN,2
8580,Neutral-CoT,CT,2
8580,Neutral-CoT,R1,2
8580,Neutral-CoT,V3,2
8614,Neutral-CoT,CN,1
8614,Neutral-CoT,CT,1
8614,Neutral-CoT,R1,1
8614,Neutral-CoT,V3,1
8630,Neutral-CoT,CN,2
8630,Neutral-CoT,CT,2
8630,Neutral-CoT,R1,2
8630,Neutral-CoT,V3,2
8637,Neutral-CoT,R1,2
8637,Neutral-CoT,V3,1
8672,Neutral-CoT,CN,1
8672,Neutral-CoT,CT,1
8672,Neutral-CoT,R1,1
8672,Neutral-CoT,V3,1
8800,Neutral-CoT,CN,1
8800,Neutral-CoT,CT,1
8800,Neutral-CoT,V3,1
8816,Neutral-CoT,R1,2
8816,Neutral-CoT,V3,2
8902,Neutral-CoT,CN,2
8902,Neutral-CoT,CT,2
8902,Neutral-CoT,R1,2
8902,Neutral-CoT,V3,2
8923,Neutral-CoT,CN,2
8923,Neutral-CoT,CT,2
8923,Neutral-CoT,R1,2
8923,Neutral-CoT,V3,2
8948,Neutral-CoT,CN,1
8948,Neutral-CoT,CT,1
8948,Neutral-CoT,R1,1
8948,Neutral-CoT,V3,1
8993,Neutral-CoT,CN,1
8993,Neutral-CoT,CT,1
8993,Neutral-CoT,R1,1
8993,Neutral-CoT,V3,1
9004,Neutral-CoT,CN,1
9004,Neutral-CoT,CT,1
9004,Neutral-CoT,R1,1
9004,Neutral-CoT,V3,1
9089,Neutral-CoT,CN,2
9089,Neutral-CoT,CT,2
9089,Neutral-CoT,R1,2
9089,Neutral-CoT,V3,2
9102,Neutral-CoT,CN,1
9102,Neutral-CoT,CT,1
9102,Neutral-CoT,R1,2
9102,Neutral-CoT,V3,2
9120,Neutral-CoT,CN,1
9120,Neutral-CoT,CT,1
9120,Neutral-CoT,R1,2
9120,Neutral-CoT,V3,2
9134,Neutral-CoT,CN,2
9134,Neutral-CoT,CT,2
9134,Neutral-CoT,R1,2
9134,Neutral-CoT,V3,2
9246,Neutral-CoT,CN,2
9246,Neutral-CoT,CT,2
9246,Neutral-CoT,R1,2
9246,Neutral-CoT,V3,2
9268,Neutral-CoT,CN,1
9268,Neutral-CoT,CT,1
9268,Neutral-CoT,R1,1
9268,Neutral-CoT,V3,1
9324,Neutral-CoT,CN,2
9324,Neutral-CoT,R1,1
9324,Neutral-CoT,V3,2
9325,Neutral-CoT,CN,1
9325,Neutral-CoT,CT,1
9325,Neutral-CoT,R1,1
9325,Neutral-CoT,V3,1
9349,Neutral-CoT,CN,2
9349,Neutral-CoT,CT,2
9349,Neutral-CoT,R1,2
9349,Neutral-CoT,V3,2
9357,Neutral-CoT,CN,2
9357,Neutral-CoT,CT,2
9357,Neutral-CoT,R1,2
9357,Neutral-CoT,V3,2
9417,Neutral-CoT,CN,1
9417,Neutral-CoT,CT,1
9417,Neutral-CoT,R1,1
9417,Neutral-CoT,V3,1
9459,Neutral-CoT,CN,1
9459,Neutral-CoT,CT,1
9459,Neutral-CoT,R1,1
9459,Neutral-CoT,V3,1
9465,Neutral-CoT,CN,1
9465,Neutral-CoT,CT,1
9465,Neutral-CoT,R1,1
9465,Neutral-CoT,V3,1
9469,Neutral-CoT,CN,2
9469,Neutral-CoT,CT,2
9469,Neutral-CoT,R1,2
9469,Neutral-CoT,V3,2
9473,Neutral-CoT,CN,1
9473,Neutral-CoT,CT,1
9485,Neutral-CoT,CN,1
9485,Neutral-CoT,CT,1
9485,Neutral-CoT,R1,2
9485,Neutral-CoT,V3,2
9544,Neutral-CoT,CT,2
9544,Neutral-CoT,V3,1
9595,Neutral-CoT,CN,1
9595,Neutral-CoT,CT,1
9595,Neutral-CoT,R1,1
9595,Neutral-CoT,V3,1
9632,Neutral-CoT,CN,2
9632,Neutral-CoT,CT,2
9632,Neutral-CoT,R1,2
9632,Neutral-CoT,V3,2
9635,Neutral-CoT,CN,2
9635,Neutral-CoT,CT,2
9635,Neutral-CoT,R1,2
9635,Neutral-CoT,V3,2
9677,Neutral-CoT,CN,2
9677,Neutral-CoT,CT,2
9677,Neutral-CoT,R1,2
9677,Neutral-CoT,V3,2
9715,Neutral-CoT,CN,1
9715,Neutral-CoT,CT,1
9715,Neutral-CoT,R1,1
9715,Neutral-CoT,V3,1
9724,Neutral-CoT,CN,2
9724,Neutral-CoT,CT,2
9724,Neutral-CoT,R1,2
9724,Neutral-CoT,V3,2
9774,Neutral-CoT,CN,2
9774,Neutral-CoT,CT,2
9774,Neutral-CoT,R1,2
9774,Neutral-CoT,V3,2
9796,Neutral-CoT,CN,1
9796,Neutral-CoT,CT,1
9796,Neutral-CoT,R1,1
9796,Neutral-CoT,V3,1
9892,Neutral-CoT,CN,2
9892,Neutral-CoT,CT,2
9892,Neutral-CoT,R1,2
9892,Neutral-CoT,V3,2
9899,Neutral-CoT,CN,1
9899,Neutral-CoT,CT,1
9899,Neutral-CoT,R1,1
9899,Neutral-CoT,V3,1
9907,Neutral-CoT,CN,2
9907,Neutral-CoT,R1,2
9907,Neutral-CoT,V3,2
9934,Neutral-CoT,CN,1
9934,Neutral-CoT,CT,1
9934,Neutral-CoT,R1,1
9934,Neutral-CoT,V3,1
9955,Neutral-CoT,CT,1
9955,Neutral-CoT,R1,2
9987,Neutral-CoT,CN,1
9987,Neutral-CoT,CT,1
9987,Neutral-CoT,R1,1
9987,Neutral-CoT,V3,1
10022,Neutral-CoT,CN,1
10022,Neutral-CoT,CT,1
10022,Neutral-CoT,R1,1
10022,Neutral-CoT,V3,1
10156,Neutral-CoT,CN,1
10156,Neutral-CoT,CT,1
10156,Neutral-CoT,R1,1
10156,Neutral-CoT,V3,1
10163,Neutral-CoT,CN,1
10163,Neutral-CoT,CT,1
10163,Neutral-CoT,R1,1
10163,Neutral-CoT,V3,1
10174,Neutral-CoT,CN,1
10174,Neutral-CoT,CT,1
10174,Neutral-CoT,R1,1
10174,Neutral-CoT,V3,1
10187,Neutral-CoT,CT,1
10187,Neutral-CoT,R1,2
10187,Neutral-CoT,V3,1
10189,Neutral-CoT,CN,2
10189,Neutral-CoT,CT,2
10189,Neutral-CoT,R1,2
10189,Neutral-CoT,V3,2
10210,Neutral-CoT,CN,1
10210,Neutral-CoT,CT,1
10210,Neutral-CoT,R1,1
10210,Neutral-CoT,V3,1
10301,Neutral-CoT,R1,2
10301,Neutral-CoT,V3,2
10328,Neutral-CoT,CN,1
10328,Neutral-CoT,CT,1
10328,Neutral-CoT,R1,1
10328,Neutral-CoT,V3,1
10330,Neutral-CoT,CN,2
10330,Neutral-CoT,CT,2
10330,Neutral-CoT,R1,2
10330,Neutral-CoT,V3,2
10361,Neutral-CoT,R1,2
10375,Neutral-CoT,CN,1
10375,Neutral-CoT,CT,1
10375,Neutral-CoT,R1,1
10375,Neutral-CoT,V3,1
10400,Neutral-CoT,CN,1
10400,Neutral-CoT,CT,1
10400,Neutral-CoT,V3,1
10423,Neutral-CoT,CN,2
10423,Neutral-CoT,CT,2
10423,Neutral-CoT,R1,2
10423,Neutral-CoT,V3,2
10434,Neutral-CoT,CN,1
10434,Neutral-CoT,CT,1
10434,Neutral-CoT,R1,1
10434,Neutral-CoT,V3,1
10450,Neutral-CoT,CN,2
10450,Neutral-CoT,CT,2
10450,Neutral-CoT,R1,2
10450,Neutral-CoT,V3,2
10566,Neutral-CoT,CN,2
10566,Neutral-CoT,CT,2
10566,Neutral-CoT,R1,2
10566,Neutral-CoT,V3,2
10600,Neutral-CoT,CN,1
10600,Neutral-CoT,CT,1
10600,Neutral-CoT,R1,1
10610,Neutral-CoT,CN,2
10610,Neutral-CoT,CT,2
10610,Neutral-CoT,R1,2
10610,Neutral-CoT,V3,2
10621,Neutral-CoT,CN,1
10621,Neutral-CoT,CT,1
10621,Neutral-CoT,R1,1
10621,Neutral-CoT,V3,1
10626,Neutral-CoT,CN,2
10626,Neutral-CoT,CT,2
10626,Neutral-CoT,R1,2
10626,Neutral-CoT,V3,2
10634,Neutral-CoT,CN,2
10634,Neutral-CoT,CT,2
10634,Neutral-CoT,R1,2
10634,Neutral-CoT,V3,2
10713,Neutral-CoT,CN,1
10713,Neutral-CoT,R1,1
10771,Neutral-CoT,CN,2
10771,Neutral-CoT,CT,2
10771,Neutral-CoT,R1,2
10771,Neutral-CoT,V3,2
10803,Neutral-CoT,CN,2
10803,Neutral-CoT,R1,2
10803,Neutral-CoT,V3,2
10910,Neutral-CoT,CN,2
10910,Neutral-CoT,CT,2
10910,Neutral-CoT,R1,2
10910,Neutral-CoT,V3,2
10954,Neutral-CoT,CN,2
10954,Neutral-CoT,CT,2
10954,Neutral-CoT,R1,2
10954,Neutral-CoT,V3,2
10978,Neutral-CoT,CN,1
10978,Neutral-CoT,CT,1
10978,Neutral-CoT,R1,1
10978,Neutral-CoT,V3,1
11024,Neutral-CoT,CN,2
11024,Neutral-CoT,CT,2
11024,Neutral-CoT,R1,2
11101,Neutral-CoT,CN,1
11101,Neutral-CoT,R1,2
11102,Neutral-CoT,CN,1
11102,Neutral-CoT,CT,1
11102,Neutral-CoT,R1,1
11102,Neutral-CoT,V3,1
11112,Neutral-CoT,R1,2
11120,Neutral-CoT,CN,2
11120,Neutral-CoT,CT,2
11120,Neutral-CoT,R1,2
11120,Neutral-CoT,V3,2
11132,Neutral-CoT,CN,1
11132,Neutral-CoT,CT,1
11132,Neutral-CoT,V3,1
11189,Neutral-CoT,CN,2
11189,Neutral-CoT,CT,2
11189,Neutral-CoT,R1,2
11189,Neutral-CoT,V3,2
11241,Neutral-CoT,CN,2
11241,Neutral-CoT,CT,2
11241,Neutral-CoT,R1,2
11241,Neutral-CoT,V3,2
11264,Neutral-CoT,CN,1
11264,Neutral-CoT,CT,1
11283,Neutral-CoT,CN,2
11283,Neutral-CoT,CT,2
11283,Neutral-CoT,R1,2
11283,Neutral-CoT,V3,2
11511,Neutral-CoT,CN,2
11511,Neutral-CoT,CT,2
11511,Neutral-CoT,R1,2
11511,Neutral-CoT,V3,2
11514,Neutral-CoT,CN,2
11514,Neutral-CoT,R1,2
11514,Neutral-CoT,V3,2
11523,Neutral-CoT,CN,2
11523,Neutral-CoT,CT,2
11523,Neutral-CoT,R1,2
11523,Neutral-CoT,V3,2
11525,Neutral-CoT,CN,1
11525,Neutral-CoT,CT,1
11525,Neutral-CoT,R1,1
11525,Neutral-CoT,V3,1
11553,Neutral-CoT,CN,1
11553,Neutral-CoT,CT,1
11553,Neutral-CoT,R1,1
11553,Neutral-CoT,V3,1
11596,Neutral-CoT,CN,1
11596,Neutral-CoT,CT,1
11596,Neutral-CoT,R1,1
11596,Neutral-CoT,V3,1
11603,Neutral-CoT,R1,2
11603,Neutral-CoT,V3,2
11617,Neutral-CoT,CN,2
11617,Neutral-CoT,CT,2
11617,Neutral-CoT,R1,2
11617,Neutral-CoT,V3,2
11630,Neutral-CoT,CN,1
11630,Neutral-CoT,CT,1
11630,Neutral-CoT,R1,1
11630,Neutral-CoT,V3,1
11647,Neutral-CoT,CN,2
11647,Neutral-CoT,R1,2
11647,Neutral-CoT,V3,2
11742,Neutral-CoT,CN,2
11742,Neutral-CoT,CT,2
11742,Neutral-CoT,R1,2
11742,Neutral-CoT,V3,2
11786,Neutral-CoT,CN,1
11786,Neutral-CoT,CT,1
11786,Neutral-CoT,R1,1
11786,Neutral-CoT,V3,1
11850,Neutral-CoT,CN,2
11850,Neutral-CoT,CT,2
11850,Neutral-CoT,R1,2
11850,Neutral-CoT,V3,2
11870,Neutral-CoT,CN,1
11870,Neutral-CoT,CT,1
11870,Neutral-CoT,R1,1
11870,Neutral-CoT,V3,1
11874,Neutral-CoT,CN,1
11874,Neutral-CoT,CT,1
11874,Neutral-CoT,R1,1
11874,Neutral-CoT,V3,1
11930,Neutral-CoT,CN,1
11930,Neutral-CoT,CT,1
11930,Neutral-CoT,R1,1
11930,Neutral-CoT,V3,1
11935,Neutral-CoT,CN,2
11935,Neutral-CoT,CT,2
11935,Neutral-CoT,R1,2
11935,Neutral-CoT,V3,2
11967,Neutral-CoT,CN,1
11967,Neutral-CoT,CT,1
11967,Neutral-CoT,R1,1
11967,Neutral-CoT,V3,1
12012,Neutral-CoT,CN,2
12012,Neutral-CoT,CT,2
12012,Neutral-CoT,R1,2
12012,Neutral-CoT,V3,2
12074,Neutral-CoT,CN,1
12074,Neutral-CoT,CT,1
12074,Neutral-CoT,R1,1
12074,Neutral-CoT,V3,1
12143,Neutral-CoT,R1,1
12143,Neutral-CoT,V3,1
12151,Neutral-CoT,CN,1
12151,Neutral-CoT,CT,1
12151,Neutral-CoT,R1,1
12151,Neutral-CoT,V3,1
12153,Neutral-CoT,CN,1
12153,Neutral-CoT,CT,1
12153,Neutral-CoT,R1,1
12153,Neutral-CoT,V3,1
12219,Neutral-CoT,R1,1
12219,Neutral-CoT,V3,1
12271,Neutral-CoT,CN,2
12271,Neutral-CoT,CT,2
12271,Neutral-CoT,R1,2
12271,Neutral-CoT,V3,2
12284,Neutral-CoT,R1,1
12284,Neutral-CoT,V3,2
12285,Neutral-CoT,CN,1
12285,Neutral-CoT,CT,1
12285,Neutral-CoT,R1,1
12285,Neutral-CoT,V3,1
12301,Neutral-CoT,CN,1
12301,Neutral-CoT,CT,1
12301,Neutral-CoT,R1,1
12301,Neutral-CoT,V3,1
12305,Neutral-CoT,R1,2
12305,Neutral-CoT,V3,1
12323,Neutral-CoT,CN,1
12323,Neutral-CoT,CT,1
12323,Neutral-CoT,R1,1
12323,Neutral-CoT,V3,1
12429,Neutral-CoT,CN,2
12429,Neutral-CoT,CT,2
12429,Neutral-CoT,R1,2
12429,Neutral-CoT,V3,2
12472,Neutral-CoT,CN,2
12472,Neutral-CoT,CT,2
12472,Neutral-CoT,R1,2
12472,Neutral-CoT,V3,2
12486,Neutral-CoT,CN,2
12486,Neutral-CoT,CT,2
12486,Neutral-CoT,R1,2
12486,Neutral-CoT,V3,2
12494,Neutral-CoT,CN,1
12494,Neutral-CoT,CT,1
12494,Neutral-CoT,R1,1
12494,Neutral-CoT,V3,1
12627,Neutral-CoT,CN,2
12627,Neutral-CoT,CT,2
12627,Neutral-CoT,R1,2
12645,Neutral-CoT,CN,1
12645,Neutral-CoT,CT,1
12645,Neutral-CoT,R1,1
12645,Neutral-CoT,V3,1
12732,Neutral-CoT,CN,1
12732,Neutral-CoT,CT,1
12732,Neutral-CoT,R1,1
12732,Neutral-CoT,V3,1
12798,Neutral-CoT,CN,2
12798,Neutral-CoT,CT,2
12798,Neutral-CoT,R1,2
12798,Neutral-CoT,V3,2
12830,Neutral-CoT,CN,2
12830,Neutral-CoT,CT,2
12830,Neutral-CoT,R1,2
12830,Neutral-CoT,V3,2
12860,Neutral-CoT,CN,2
12860,Neutral-CoT,CT,2
12860,Neutral-CoT,R1,2
12860,Neutral-CoT,V3,2
12896,Neutral-CoT,CN,1
12896,Neutral-CoT,CT,1
12896,Neutral-CoT,R1,1
12896,Neutral-CoT,V3,1
12903,Neutral-CoT,CN,1
12903,Neutral-CoT,CT,1
12903,Neutral-CoT,R1,1
12903,Neutral-CoT,V3,1
12926,Neutral-CoT,CN,2
12926,Neutral-CoT,CT,2
12926,Neutral-CoT,R1,2
12926,Neutral-CoT,V3,2
12936,Neutral-CoT,CT,2
12936,Neutral-CoT,R1,2
12936,Neutral-CoT,V3,2
12948,Neutral-CoT,CN,2
12948,Neutral-CoT,CT,2
12948,Neutral-CoT,R1,2
12948,Neutral-CoT,V3,2
12975,Neutral-CoT,CN,2
12975,Neutral-CoT,CT,2
12975,Neutral-CoT,R1,2
12975,Neutral-CoT,V3,2
12998,Neutral-CoT,CN,1
12998,Neutral-CoT,CT,1
12998,Neutral-CoT,V3,2
13035,Neutral-CoT,CN,1
13035,Neutral-CoT,CT,1
13035,Neutral-CoT,R1,1
13035,Neutral-CoT,V3,1
13050,Neutral-CoT,CN,2
13050,Neutral-CoT,CT,2
13050,Neutral-CoT,R1,2
13050,Neutral-CoT,V3,2
13061,Neutral-CoT,CN,1
13061,Neutral-CoT,CT,1
13061,Neutral-CoT,R1,1
13061,Neutral-CoT,V3,1
13113,Neutral-CoT,CN,2
13113,Neutral-CoT,CT,2
13113,Neutral-CoT,R1,2
13113,Neutral-CoT,V3,2
13115,Neutral-CoT,CN,2
13115,Neutral-CoT,R1,2
13115,Neutral-CoT,V3,2
13137,Neutral-CoT,CN,2
13137,Neutral-CoT,CT,2
13137,Neutral-CoT,R1,2
13137,Neutral-CoT,V3,2
13141,Neutral-CoT,CN,1
13141,Neutral-CoT,V3,1
13200,Neutral-CoT,CN,1
13200,Neutral-CoT,CT,1
13200,Neutral-CoT,R1,1
13200,Neutral-CoT,V3,1
13227,Neutral-CoT,CN,2
13227,Neutral-CoT,CT,2
13227,Neutral-CoT,R1,2
13227,Neutral-CoT,V3,2
13300,Neutral-CoT,R1,2
13300,Neutral-CoT,V3,2
13319,Neutral-CoT,CN,1
13319,Neutral-CoT,CT,1
13319,Neutral-CoT,R1,1
13319,Neutral-CoT,V3,1
13334,Neutral-CoT,CN,1
13334,Neutral-CoT,CT,1
13334,Neutral-CoT,R1,1
13334,Neutral-CoT,V3,1
13384,Neutral-CoT,CN,1
13384,Neutral-CoT,CT,1
13384,Neutral-CoT,R1,1
13384,Neutral-CoT,V3,1
13400,Neutral-CoT,CN,1
13400,Neutral-CoT,CT,2
13400,Neutral-CoT,R1,2
13400,Neutral-CoT,V3,2
13447,Neutral-CoT,CN,2
13447,Neutral-CoT,CT,2
13447,Neutral-CoT,R1,2
13447,Neutral-CoT,V3,2
13469,Neutral-CoT,CN,2
13469,Neutral-CoT,CT,2
13469,Neutral-CoT,R1,2
13469,Neutral-CoT,V3,2
13484,Neutral-CoT,CN,2
13484,Neutral-CoT,CT,2
13484,Neutral-CoT,R1,2
13484,Neutral-CoT,V3,2
13518,Neutral-CoT,CT,2
13518,Neutral-CoT,R1,2
13518,Neutral-CoT,V3,2
13531,Neutral-CoT,R1,2
13531,Neutral-CoT,V3,2
13562,Neutral-CoT,CN,1
13562,Neutral-CoT,CT,1
13562,Neutral-CoT,V3,2
13726,Neutral-CoT,CN,2
13726,Neutral-CoT,CT,2
13726,Neutral-CoT,R1,2
13726,Neutral-CoT,V3,2
13785,Neutral-CoT,CN,1
13785,Neutral-CoT,CT,1
13785,Neutral-CoT,R1,1
13785,Neutral-CoT,V3,1
13843,Neutral-CoT,CN,2
13843,Neutral-CoT,CT,2
13843,Neutral-CoT,R1,2
13843,Neutral-CoT,V3,2
13864,Neutral-CoT,CN,2
13864,Neutral-CoT,CT,2
13864,Neutral-CoT,R1,2
13864,Neutral-CoT,V3,2
13874,Neutral-CoT,CN,1
13874,Neutral-CoT,CT,1
13874,Neutral-CoT,R1,1
13874,Neutral-CoT,V3,1
13920,Neutral-CoT,CN,1
13920,Neutral-CoT,CT,1
13920,Neutral-CoT,R1,2
13920,Neutral-CoT,V3,2
13923,Neutral-CoT,CN,1
13923,Neutral-CoT,CT,1
13996,Neutral-CoT,CN,1
13996,Neutral-CoT,CT,1
13996,Neutral-CoT,R1,2
14011,Neutral-CoT,CN,2
14011,Neutral-CoT,CT,2
14011,Neutral-CoT,R1,2
14011,Neutral-CoT,V3,2
14047,Neutral-CoT,CN,2
14047,Neutral-CoT,CT,2
14047,Neutral-CoT,R1,2
14047,Neutral-CoT,V3,2
14055,Neutral-CoT,CN,2
14055,Neutral-CoT,CT,2
14055,Neutral-CoT,R1,2
14055,Neutral-CoT,V3,2
14074,Neutral-CoT,CN,2
14074,Neutral-CoT,CT,2
14074,Neutral-CoT,R1,2
14074,Neutral-CoT,V3,2
14137,Neutral-CoT,CT,2
14137,Neutral-CoT,R1,2
14137,Neutral-CoT,V3,2
14139,Neutral-CoT,CN,2
14139,Neutral-CoT,CT,2
14139,Neutral-CoT,R1,2
14139,Neutral-CoT,V3,2
14224,Neutral-CoT,CN,1
14224,Neutral-CoT,CT,1
14224,Neutral-CoT,R1,1
14224,Neutral-CoT,V3,2
14259,Neutral-CoT,CN,1
14259,Neutral-CoT,CT,1
14259,Neutral-CoT,R1,1
14259,Neutral-CoT,V3,1
14300,Neutral-CoT,CT,2
14300,Neutral-CoT,R1,2
14300,Neutral-CoT,V3,2
14325,Neutral-CoT,CN,1
14325,Neutral-CoT,CT,1
14325,Neutral-CoT,R1,1
14325,Neutral-CoT,V3,1
14408,Neutral-CoT,CN,1
14408,Neutral-CoT,CT,1
14408,Neutral-CoT,R1,1
14408,Neutral-CoT,V3,1
14410,Neutral-CoT,CN,1
14410,Neutral-CoT,CT,1
14410,Neutral-CoT,R1,1
14410,Neutral-CoT,V3,1
14469,Neutral-CoT,CN,1
14469,Neutral-CoT,CT,1
14469,Neutral-CoT,R1,1
14469,Neutral-CoT,V3,1
14488,Neutral-CoT,CT,1
14488,Neutral-CoT,R1,1
14488,Neutral-CoT,V3,1
14532,Neutral-CoT,CN,2
14532,Neutral-CoT,CT,2
14532,Neutral-CoT,R1,2
14532,Neutral-CoT,V3,2
14550,Neutral-CoT,CN,2
14550,Neutral-CoT,CT,2
14550,Neutral-CoT,R1,2
14550,Neutral-CoT,V3,2
14557,Neutral-CoT,CN,1
14557,Neutral-CoT,CT,1
14557,Neutral-CoT,R1,1
14557,Neutral-CoT,V3,1
14581,Neutral-CoT,CN,2
14581,Neutral-CoT,CT,2
14581,Neutral-CoT,R1,2
14581,Neutral-CoT,V3,2
14617,Neutral-CoT,CN,2
14617,Neutral-CoT,CT,2
14617,Neutral-CoT,R1,2
14617,Neutral-CoT,V3,2
14707,Neutral-CoT,CN,2
14707,Neutral-CoT,V3,1
14759,Neutral-CoT,CN,2
14759,Neutral-CoT,CT,2
14759,Neutral-CoT,R1,2
14759,Neutral-CoT,V3,2
14793,Neutral-CoT,CN,1
14793,Neutral-CoT,CT,1
14793,Neutral-CoT,R1,1
14793,Neutral-CoT,V3,1
14796,Neutral-CoT,CN,2
14796,Neutral-CoT,CT,2
14796,Neutral-CoT,R1,2
14796,Neutral-CoT,V3,2
14818,Neutral-CoT,R1,1
14818,Neutral-CoT,V3,1
14845,Neutral-CoT,CN,2
14845,Neutral-CoT,CT,2
14845,Neutral-CoT,R1,2
14845,Neutral-CoT,V3,2
14858,Neutral-CoT,CN,2
14858,Neutral-CoT,CT,2
14858,Neutral-CoT,R1,2
14858,Neutral-CoT,V3,2
14868,Neutral-CoT,CN,1
14868,Neutral-CoT,CT,1
14868,Neutral-CoT,R1,1
14868,Neutral-CoT,V3,1
14900,Neutral-CoT,CN,1
14900,Neutral-CoT,CT,1
14900,Neutral-CoT,R1,1
14900,Neutral-CoT,V3,1
14932,Neutral-CoT,CN,2
14932,Neutral-CoT,CT,2
14932,Neutral-CoT,R1,2
14932,Neutral-CoT,V3,2
14970,Neutral-CoT,CN,2
14970,Neutral-CoT,CT,2
14970,Neutral-CoT,R1,2
14970,Neutral-CoT,V3,2
14988,Neutral-CoT,CN,2
14988,Neutral-CoT,CT,2
14988,Neutral-CoT,R1,2
14988,Neutral-CoT,V3,2
15035,Neutral-CoT,CN,1
15035,Neutral-CoT,CT,1
15035,Neutral-CoT,R1,1
15035,Neutral-CoT,V3,1
15066,Neutral-CoT,CN,2
15066,Neutral-CoT,CT,2
15066,Neutral-CoT,R1,2
15066,Neutral-CoT,V3,2
15131,Neutral-CoT,CN,1
15131,Neutral-CoT,CT,1
15131,Neutral-CoT,R1,1
15131,Neutral-CoT,V3,1
15133,Neutral-CoT,CN,2
15133,Neutral-CoT,CT,2
15133,Neutral-CoT,R1,2
15133,Neutral-CoT,V3,2
15176,Neutral-CoT,CN,2
15176,Neutral-CoT,CT,2
15176,Neutral-CoT,R1,2
15176,Neutral-CoT,V3,2
15189,Neutral-CoT,CN,1
15189,Neutral-CoT,CT,1
15189,Neutral-CoT,R1,1
15189,Neutral-CoT,V3,1
15254,Neutral-CoT,CN,1
15254,Neutral-CoT,CT,1
15254,Neutral-CoT,R1,1
15254,Neutral-CoT,V3,1
15290,Neutral-CoT,CN,1
15290,Neutral-CoT,CT,1
15290,Neutral-CoT,R1,1
15290,Neutral-CoT,V3,1
15363,Neutral-CoT,CN,2
15363,Neutral-CoT,CT,2
15363,Neutral-CoT,R1,2
15363,Neutral-CoT,V3,2
15452,Neutral-CoT,R1,2
15452,Neutral-CoT,V3,2
15473,Neutral-CoT,CN,2
15473,Neutral-CoT,CT,2
15473,Neutral-CoT,R1,2
15535,Neutral-CoT,CN,2
15535,Neutral-CoT,CT,2
15535,Neutral-CoT,R1,2
15535,Neutral-CoT,V3,2
15538,Neutral-CoT,CN,1
15538,Neutral-CoT,CT,1
15538,Neutral-CoT,R1,2
15538,Neutral-CoT,V3,2
15555,Neutral-CoT,CN,1
15555,Neutral-CoT,CT,1
15555,Neutral-CoT,R1,1
15555,Neutral-CoT,V3,1
15585,Neutral-CoT,CN,1
15585,Neutral-CoT,V3,2
15614,Neutral-CoT,CN,2
15614,Neutral-CoT,CT,2
15614,Neutral-CoT,R1,2
15614,Neutral-CoT,V3,2
15620,Neutral-CoT,CN,2
15620,Neutral-CoT,CT,2
15620,Neutral-CoT,R1,2
15620,Neutral-CoT,V3,2
15693,Neutral-CoT,CN,1
15693,Neutral-CoT,CT,1
15693,Neutral-CoT,R1,1
15693,Neutral-CoT,V3,1
15721,Neutral-CoT,CN,1
15721,Neutral-CoT,R1,2
15721,Neutral-CoT,V3,2
15735,Neutral-CoT,CN,1
15735,Neutral-CoT,CT,1
15735,Neutral-CoT,R1,1
15735,Neutral-CoT,V3,1
15770,Neutral-CoT,CN,1
15770,Neutral-CoT,CT,1
15770,Neutral-CoT,R1,2
15770,Neutral-CoT,V3,1
15799,Neutral-CoT,R1,2
15799,Neutral-CoT,V3,2
15810,Neutral-CoT,CN,2
15810,Neutral-CoT,CT,2
15810,Neutral-CoT,R1,2
15810,Neutral-CoT,V3,2
15822,Neutral-CoT,R1,1
15822,Neutral-CoT,V3,1
15883,Neutral-CoT,CN,1
15883,Neutral-CoT,CT,1
15883,Neutral-CoT,R1,1
15883,Neutral-CoT,V3,1
15894,Neutral-CoT,CN,2
15894,Neutral-CoT,R1,2
15894,Neutral-CoT,V3,2
15938,Neutral-CoT,CN,1
15938,Neutral-CoT,CT,1
15938,Neutral-CoT,R1,1
15980,Neutral-CoT,R1,2
15980,Neutral-CoT,V3,2
16011,Neutral-CoT,R1,1
16011,Neutral-CoT,V3,1
16114,Neutral-CoT,CN,1
16114,Neutral-CoT,CT,1
16114,Neutral-CoT,R1,1
16114,Neutral-CoT,V3,1
16120,Neutral-CoT,CN,1
16120,Neutral-CoT,CT,1
16120,Neutral-CoT,R1,1
16120,Neutral-CoT,V3,1
16170,Neutral-CoT,CN,2
16170,Neutral-CoT,CT,2
16170,Neutral-CoT,R1,1
16170,Neutral-CoT,V3,2
16174,Neutral-CoT,CN,1
16174,Neutral-CoT,CT,1
16174,Neutral-CoT,R1,1
16174,Neutral-CoT,V3,1
16204,Neutral-CoT,V3,2
16212,Neutral-CoT,CN,2
16212,Neutral-CoT,CT,2
16212,Neutral-CoT,R1,2
16212,Neutral-CoT,V3,2
16213,Neutral-CoT,CN,1
16213,Neutral-CoT,CT,1
16213,Neutral-CoT,R1,1
16213,Neutral-CoT,V3,1
16230,Neutral-CoT,CN,1
16230,Neutral-CoT,CT,1
16230,Neutral-CoT,R1,1
16230,Neutral-CoT,V3,1
16264,Neutral-CoT,CN,1
16264,Neutral-CoT,CT,1
16264,Neutral-CoT,R1,1
16264,Neutral-CoT,V3,1
16339,Neutral-CoT,CN,1
16339,Neutral-CoT,CT,1
16339,Neutral-CoT,V3,1
16355,Neutral-CoT,CN,2
16355,Neutral-CoT,CT,2
16355,Neutral-CoT,R1,2
16355,Neutral-CoT,V3,2
16386,Neutral-CoT,CN,1
16386,Neutral-CoT,CT,1
16386,Neutral-CoT,V3,2
16398,Neutral-CoT,CN,1
16398,Neutral-CoT,CT,1
16398,Neutral-CoT,R1,1
16398,Neutral-CoT,V3,1
16457,Neutral-CoT,CT,2
16457,Neutral-CoT,R1,2
16457,Neutral-CoT,V3,2
16521,Neutral-CoT,CN,2
16521,Neutral-CoT,CT,2
16521,Neutral-CoT,R1,2
16521,Neutral-CoT,V3,2
16572,Neutral-CoT,CN,1
16572,Neutral-CoT,CT,1
16572,Neutral-CoT,R1,1
16572,Neutral-CoT,V3,1
16600,Neutral-CoT,CN,1
16600,Neutral-CoT,CT,1
16600,Neutral-CoT,R1,1
16600,Neutral-CoT,V3,1
16614,Neutral-CoT,CN,1
16614,Neutral-CoT,CT,1
16614,Neutral-CoT,R1,1
16614,Neutral-CoT,V3,1
16642,Neutral-CoT,CN,1
16642,Neutral-CoT,CT,1
16642,Neutral-CoT,R1,1
16642,Neutral-CoT,V3,1
16731,Neutral-CoT,CN,1
16731,Neutral-CoT,CT,1
16731,Neutral-CoT,R1,1
16731,Neutral-CoT,V3,1
16801,Neutral-CoT,CN,2
16801,Neutral-CoT,CT,2
16801,Neutral-CoT,R1,2
16801,Neutral-CoT,V3,2
16845,Neutral-CoT,CN,1
16845,Neutral-CoT,CT,1
16845,Neutral-CoT,R1,1
16845,Neutral-CoT,V3,1
16858,Neutral-CoT,CN,2
16858,Neutral-CoT,CT,2
16858,Neutral-CoT,R1,2
16858,Neutral-CoT,V3,2
16891,Neutral-CoT,CN,1
16891,Neutral-CoT,CT,1
16891,Neutral-CoT,R1,1
16891,Neutral-CoT,V3,1
16903,Neutral-CoT,CN,1
16903,Neutral-CoT,CT,1
16977,Neutral-CoT,CN,1
16977,Neutral-CoT,CT,1
16977,Neutral-CoT,R1,1
16977,Neutral-CoT,V3,1
17002,Neutral-CoT,CN,2
17002,Neutral-CoT,CT,2
17002,Neutral-CoT,R1,2
17002,Neutral-CoT,V3,2
17048,Neutral-CoT,CN,1
17048,Neutral-CoT,CT,1
17048,Neutral-CoT,R1,1
17048,Neutral-CoT,V3,1
17079,Neutral-CoT,CN,2
17079,Neutral-CoT,CT,2
17079,Neutral-CoT,R1,2
17079,Neutral-CoT,V3,2
17082,Neutral-CoT,CN,2
17082,Neutral-CoT,CT,2
17082,Neutral-CoT,R1,2
17082,Neutral-CoT,V3,1
17121,Neutral-CoT,CN,2
17121,Neutral-CoT,CT,2
17121,Neutral-CoT,R1,2
17121,Neutral-CoT,V3,2
17165,Neutral-CoT,CN,1
17165,Neutral-CoT,CT,1
17165,Neutral-CoT,R1,2
17165,Neutral-CoT,V3,2
17212,Neutral-CoT,CN,1
17212,Neutral-CoT,CT,1
17212,Neutral-CoT,R1,1
17212,Neutral-CoT,V3,1
17227,Neutral-CoT,CN,1
17227,Neutral-CoT,CT,1
17227,Neutral-CoT,R1,1
17227,Neutral-CoT,V3,1
17241,Neutral-CoT,CN,2
17241,Neutral-CoT,CT,2
17241,Neutral-CoT,R1,2
17241,Neutral-CoT,V3,2
17280,Neutral-CoT,CN,2
17280,Neutral-CoT,CT,2
17280,Neutral-CoT,R1,1
17280,Neutral-CoT,V3,2
17322,Neutral-CoT,CN,1
17322,Neutral-CoT,R1,1
17322,Neutral-CoT,V3,1
17355,Neutral-CoT,CN,2
17355,Neutral-CoT,CT,2
17355,Neutral-CoT,R1,2
17355,Neutral-CoT,V3,2
17361,Neutral-CoT,CT,1
17361,Neutral-CoT,R1,1
17361,Neutral-CoT,V3,1
17364,Neutral-CoT,CN,2
17364,Neutral-CoT,CT,2
17364,Neutral-CoT,R1,2
17364,Neutral-CoT,V3,2
17386,Neutral-CoT,CN,2
17386,Neutral-CoT,CT,2
17386,Neutral-CoT,R1,2
17386,Neutral-CoT,V3,2
17423,Neutral-CoT,CT,2
17423,Neutral-CoT,R1,2
17423,Neutral-CoT,V3,2
17455,Neutral-CoT,CN,1
17455,Neutral-CoT,CT,1
17455,Neutral-CoT,R1,1
17455,Neutral-CoT,V3,1
17468,Neutral-CoT,CN,1
17468,Neutral-CoT,CT,1
17468,Neutral-CoT,V3,1
17475,Neutral-CoT,CN,1
17475,Neutral-CoT,CT,1
17475,Neutral-CoT,R1,1
17475,Neutral-CoT,V3,1
17553,Neutral-CoT,CN,1
17553,Neutral-CoT,CT,1
17553,Neutral-CoT,R1,1
17553,Neutral-CoT,V3,1
17585,Neutral-CoT,CN,2
17585,Neutral-CoT,R1,2
17585,Neutral-CoT,V3,2
17693,Neutral-CoT,CN,1
17693,Neutral-CoT,CT,1
17693,Neutral-CoT,R1,1
17693,Neutral-CoT,V3,1
17744,Neutral-CoT,CN,2
17744,Neutral-CoT,CT,2
17744,Neutral-CoT,R1,2
17744,Neutral-CoT,V3,2
17746,Neutral-CoT,CN,2
17746,Neutral-CoT,CT,2
17746,Neutral-CoT,R1,2
17746,Neutral-CoT,V3,2
17792,Neutral-CoT,CN,1
17792,Neutral-CoT,CT,1
17792,Neutral-CoT,R1,1
17792,Neutral-CoT,V3,1
17806,Neutral-CoT,CN,2
17806,Neutral-CoT,CT,2
17806,Neutral-CoT,R1,2
17806,Neutral-CoT,V3,2
17841,Neutral-CoT,CN,2
17841,Neutral-CoT,CT,2
17841,Neutral-CoT,V3,2
17877,Neutral-CoT,CN,1
17877,Neutral-CoT,CT,1
17877,Neutral-CoT,R1,1
17877,Neutral-CoT,V3,1
17885,Neutral-CoT,CN,2
17885,Neutral-CoT,CT,2
17885,Neutral-CoT,R1,2
17885,Neutral-CoT,V3,2
17914,Neutral-CoT,CN,2
17914,Neutral-CoT,R1,1
17914,Neutral-CoT,V3,1
17929,Neutral-CoT,CN,1
17929,Neutral-CoT,CT,1
17929,Neutral-CoT,V3,2
17963,Neutral-CoT,CN,2
17963,Neutral-CoT,CT,2
17963,Neutral-CoT,R1,2
17963,Neutral-CoT,V3,2
18223,Neutral-CoT,CN,1
18223,Neutral-CoT,R1,2
18223,Neutral-CoT,V3,2
18290,Neutral-CoT,CN,1
18290,Neutral-CoT,CT,1
18290,Neutral-CoT,R1,1
18290,Neutral-CoT,V3,1
18337,Neutral-CoT,CN,1
18337,Neutral-CoT,CT,1
18337,Neutral-CoT,R1,1
18337,Neutral-CoT,V3,1
18550,Neutral-CoT,CN,2
18550,Neutral-CoT,CT,2
18550,Neutral-CoT,R1,2
18550,Neutral-CoT,V3,2
18553,Neutral-CoT,CN,2
18553,Neutral-CoT,CT,2
18553,Neutral-CoT,R1,2
18553,Neutral-CoT,V3,2
18597,Neutral-CoT,CN,1
18597,Neutral-CoT,R1,2
18613,Neutral-CoT,CN,2
18613,Neutral-CoT,CT,2
18613,Neutral-CoT,R1,2
18613,Neutral-CoT,V3,2
18630,Neutral-CoT,CN,2
18630,Neutral-CoT,CT,2
18630,Neutral-CoT,R1,2
18630,Neutral-CoT,V3,2
18631,Neutral-CoT,CN,1
18631,Neutral-CoT,CT,1
18631,Neutral-CoT,R1,1
18631,Neutral-CoT,V3,1
18643,Neutral-CoT,CN,1
18643,Neutral-CoT,CT,1
18643,Neutral-CoT,R1,1
18643,Neutral-CoT,V3,1
18652,Neutral-CoT,CN,1
18652,Neutral-CoT,CT,1
18652,Neutral-CoT,R1,1
18652,Neutral-CoT,V3,1
18656,Neutral-CoT,CN,2
18656,Neutral-CoT,CT,2
18656,Neutral-CoT,R1,2
18656,Neutral-CoT,V3,2
18670,Neutral-CoT,CN,1
18670,Neutral-CoT,CT,1
18670,Neutral-CoT,R1,1
18670,Neutral-CoT,V3,1
18805,Neutral-CoT,CN,2
18805,Neutral-CoT,CT,2
18805,Neutral-CoT,R1,2
18805,Neutral-CoT,V3,2
18806,Neutral-CoT,CN,1
18806,Neutral-CoT,CT,1
18806,Neutral-CoT,R1,1
18806,Neutral-CoT,V3,1
18820,Neutral-CoT,CN,1
18820,Neutral-CoT,CT,1
18820,Neutral-CoT,R1,1
18820,Neutral-CoT,V3,1
18839,Neutral-CoT,CN,2
18839,Neutral-CoT,CT,2
18839,Neutral-CoT,R1,2
18839,Neutral-CoT,V3,2
18874,Neutral-CoT,CN,1
18874,Neutral-CoT,CT,1
18874,Neutral-CoT,R1,1
18874,Neutral-CoT,V3,1
18886,Neutral-CoT,CN,1
18886,Neutral-CoT,CT,1
18886,Neutral-CoT,R1,1
18886,Neutral-CoT,V3,1
18935,Neutral-CoT,CN,1
18935,Neutral-CoT,CT,1
18935,Neutral-CoT,R1,1
18935,Neutral-CoT,V3,1
18961,Neutral-CoT,CN,2
18961,Neutral-CoT,CT,2
18961,Neutral-CoT,R1,2
18961,Neutral-CoT,V3,2
18970,Neutral-CoT,CN,1
18970,Neutral-CoT,CT,1
18970,Neutral-CoT,V3,2
18998,Neutral-CoT,CN,2
18998,Neutral-CoT,CT,2
18998,Neutral-CoT,R1,2
18998,Neutral-CoT,V3,2
19036,Neutral-CoT,CN,2
19036,Neutral-CoT,CT,2
19036,Neutral-CoT,R1,2
19036,Neutral-CoT,V3,2
19045,Neutral-CoT,CN,2
19045,Neutral-CoT,CT,2
19045,Neutral-CoT,R1,2
19045,Neutral-CoT,V3,2
19113,Neutral-CoT,CN,1
19113,Neutral-CoT,V3,1
19164,Neutral-CoT,CN,1
19164,Neutral-CoT,CT,1
19164,Neutral-CoT,R1,1
19164,Neutral-CoT,V3,1
19267,Neutral-CoT,CN,2
19267,Neutral-CoT,CT,2
19267,Neutral-CoT,R1,2
19267,Neutral-CoT,V3,2
19295,Neutral-CoT,CN,1
19295,Neutral-CoT,CT,1
19295,Neutral-CoT,R1,1
19295,Neutral-CoT,V3,1
19331,Neutral-CoT,CN,2
19331,Neutral-CoT,CT,2
19331,Neutral-CoT,R1,2
19331,Neutral-CoT,V3,2
19341,Neutral-CoT,CN,1
19341,Neutral-CoT,CT,1
19341,Neutral-CoT,R1,1
19341,Neutral-CoT,V3,1
19363,Neutral-CoT,R1,2
19363,Neutral-CoT,V3,2
19383,Neutral-CoT,CN,1
19383,Neutral-CoT,CT,1
19383,Neutral-CoT,R1,1
19383,Neutral-CoT,V3,1
19385,Neutral-CoT,CN,2
19385,Neutral-CoT,CT,2
19385,Neutral-CoT,R1,2
19385,Neutral-CoT,V3,2
19395,Neutral-CoT,CN,2
19395,Neutral-CoT,CT,2
19395,Neutral-CoT,R1,2
19395,Neutral-CoT,V3,2
19486,Neutral-CoT,CN,2
19486,Neutral-CoT,CT,2
19486,Neutral-CoT,R1,2
19486,Neutral-CoT,V3,2
19496,Neutral-CoT,CN,2
19496,Neutral-CoT,CT,2
19496,Neutral-CoT,R1,2
19496,Neutral-CoT,V3,2
19519,Neutral-CoT,CN,2
19519,Neutral-CoT,CT,2
19519,Neutral-CoT,R1,2
19519,Neutral-CoT,V3,2
19532,Neutral-CoT,CN,1
19532,Neutral-CoT,CT,1
19532,Neutral-CoT,R1,1
19532,Neutral-CoT,V3,1
19538,Neutral-CoT,CN,1
19538,Neutral-CoT,CT,1
19538,Neutral-CoT,R1,1
19538,Neutral-CoT,V3,1
19593,Neutral-CoT,CN,2
19593,Neutral-CoT,CT,2
19593,Neutral-CoT,R1,2
19593,Neutral-CoT,V3,2
19599,Neutral-CoT,CN,1
19599,Neutral-CoT,CT,1
19599,Neutral-CoT,R1,1
19599,Neutral-CoT,V3,1
19643,Neutral-CoT,CN,1
19643,Neutral-CoT,CT,1
19643,Neutral-CoT,R1,1
19643,Neutral-CoT,V3,1
19686,Neutral-CoT,CN,1
19686,Neutral-CoT,CT,1
19686,Neutral-CoT,R1,1
19686,Neutral-CoT,V3,1
19738,Neutral-CoT,CN,1
19738,Neutral-CoT,CT,1
19738,Neutral-CoT,R1,1
19738,Neutral-CoT,V3,1
19794,Neutral-CoT,CN,1
19794,Neutral-CoT,CT,1
19794,Neutral-CoT,R1,1
19794,Neutral-CoT,V3,1
19811,Neutral-CoT,CT,2
19811,Neutral-CoT,R1,1
19811,Neutral-CoT,V3,1
19826,Neutral-CoT,CN,2
19826,Neutral-CoT,CT,2
19826,Neutral-CoT,R1,2
19826,Neutral-CoT,V3,2
19830,Neutral-CoT,CN,2
19830,Neutral-CoT,CT,2
19830,Neutral-CoT,R1,2
19830,Neutral-CoT,V3,2
19839,Neutral-CoT,CN,2
19839,Neutral-CoT,CT,2
19839,Neutral-CoT,R1,2
19839,Neutral-CoT,V3,2
19854,Neutral-CoT,CN,2
19854,Neutral-CoT,CT,2
19854,Neutral-CoT,R1,2
19854,Neutral-CoT,V3,2
19900,Neutral-CoT,CN,2
19900,Neutral-CoT,CT,2
19900,Neutral-CoT,R1,2
19900,Neutral-CoT,V3,2
19915,Neutral-CoT,CN,1
19915,Neutral-CoT,CT,1
19915,Neutral-CoT,R1,1
19915,Neutral-CoT,V3,1
19967,Neutral-CoT,CN,1
19967,Neutral-CoT,CT,1
19967,Neutral-CoT,R1,1
19967,Neutral-CoT,V3,1
19968,Neutral-CoT,CN,2
19968,Neutral-CoT,CT,2
19968,Neutral-CoT,R1,2
19968,Neutral-CoT,V3,2
20031,Neutral-CoT,CN,1
20031,Neutral-CoT,CT,1
20031,Neutral-CoT,R1,1
20031,Neutral-CoT,V3,1
20132,Neutral-CoT,CN,2
20132,Neutral-CoT,CT,2
20132,Neutral-CoT,V3,2
20184,Neutral-CoT,CN,1
20184,Neutral-CoT,CT,1
20184,Neutral-CoT,R1,1
20184,Neutral-CoT,V3,1
20195,Neutral-CoT,CN,1
20195,Neutral-CoT,CT,1
20195,Neutral-CoT,R1,1
20195,Neutral-CoT,V3,1
20270,Neutral-CoT,CN,1
20270,Neutral-CoT,R1,1
20270,Neutral-CoT,V3,1
20283,Neutral-CoT,CN,2
20283,Neutral-CoT,R1,2
20283,Neutral-CoT,V3,1
20299,Neutral-CoT,CN,2
20299,Neutral-CoT,CT,2
20299,Neutral-CoT,R1,2
20299,Neutral-CoT,V3,2
20338,Neutral-CoT,R1,2
20338,Neutral-CoT,V3,1
20351,Neutral-CoT,CN,1
20351,Neutral-CoT,CT,1
20380,Neutral-CoT,CN,2
20380,Neutral-CoT,CT,2
20380,Neutral-CoT,R1,2
20380,Neutral-CoT,V3,2
20407,Neutral-CoT,CN,2
20407,Neutral-CoT,CT,2
20407,Neutral-CoT,R1,2
20420,Neutral-CoT,CN,1
20420,Neutral-CoT,CT,1
20420,Neutral-CoT,R1,1
20420,Neutral-CoT,V3,1
20422,Neutral-CoT,CN,1
20422,Neutral-CoT,CT,1
20422,Neutral-CoT,R1,1
20422,Neutral-CoT,V3,1
20431,Neutral-CoT,CN,1
20431,Neutral-CoT,CT,1
20431,Neutral-CoT,R1,1
20431,Neutral-CoT,V3,1
20443,Neutral-CoT,CN,1
20443,Neutral-CoT,CT,1
20443,Neutral-CoT,R1,1
20443,Neutral-CoT,V3,1
20446,Neutral-CoT,CN,2
20446,Neutral-CoT,CT,2
20446,Neutral-CoT,R1,2
20446,Neutral-CoT,V3,2
20465,Neutral-CoT,CN,1
20465,Neutral-CoT,CT,1
20465,Neutral-CoT,R1,1
20465,Neutral-CoT,V3,1
20467,Neutral-CoT,CN,1
20467,Neutral-CoT,CT,1
20467,Neutral-CoT,R1,1
20467,Neutral-CoT,V3,1
20504,Neutral-CoT,CN,2
20504,Neutral-CoT,CT,2
20504,Neutral-CoT,R1,2
20504,Neutral-CoT,V3,2
20528,Neutral-CoT,CN,1
20528,Neutral-CoT,CT,1
20528,Neutral-CoT,R1,1
20528,Neutral-CoT,V3,1
20542,Neutral-CoT,CN,1
20542,Neutral-CoT,CT,1
20542,Neutral-CoT,R1,1
20542,Neutral-CoT,V3,1
20549,Neutral-CoT,CT,1
20609,Neutral-CoT,CN,1
20609,Neutral-CoT,CT,1
20609,Neutral-CoT,V3,1
20666,Neutral-CoT,CN,1
20666,Neutral-CoT,CT,1
20666,Neutral-CoT,R1,1
20666,Neutral-CoT,V3,1
20677,Neutral-CoT,CN,1
20677,Neutral-CoT,CT,1
20677,Neutral-CoT,R1,1
20677,Neutral-CoT,V3,1
20685,Neutral-CoT,CN,2
20685,Neutral-CoT,CT,2
20685,Neutral-CoT,R1,2
20685,Neutral-CoT,V3,2
20716,Neutral-CoT,CN,2
20716,Neutral-CoT,CT,2
20716,Neutral-CoT,R1,2
20716,Neutral-CoT,V3,2
20717,Neutral-CoT,CN,1
20717,Neutral-CoT,CT,1
20717,Neutral-CoT,V3,2
20839,Neutral-CoT,CN,2
20839,Neutral-CoT,CT,2
20839,Neutral-CoT,R1,2
20839,Neutral-CoT,V3,2
20853,Neutral-CoT,CN,1
20853,Neutral-CoT,CT,1
20853,Neutral-CoT,R1,1
20853,Neutral-CoT,V3,1
20869,Neutral-CoT,CN,2
20869,Neutral-CoT,CT,2
20869,Neutral-CoT,R1,2
20869,Neutral-CoT,V3,2
20890,Neutral-CoT,CN,2
20890,Neutral-CoT,CT,2
20890,Neutral-CoT,R1,2
20890,Neutral-CoT,V3,2
20895,Neutral-CoT,CN,1
20895,Neutral-CoT,CT,1
20895,Neutral-CoT,R1,1
20895,Neutral-CoT,V3,1
20964,Neutral-CoT,CN,1
20964,Neutral-CoT,CT,1
20964,Neutral-CoT,R1,1
20964,Neutral-CoT,V3,1
20971,Neutral-CoT,CN,2
20971,Neutral-CoT,CT,2
20971,Neutral-CoT,R1,2
20971,Neutral-CoT,V3,2
21016,Neutral-CoT,CN,1
21016,Neutral-CoT,CT,1
21016,Neutral-CoT,R1,1
21016,Neutral-CoT,V3,1
21051,Neutral-CoT,CN,2
21051,Neutral-CoT,CT,2
21051,Neutral-CoT,R1,2
21051,Neutral-CoT,V3,2
21067,Neutral-CoT,CN,1
21067,Neutral-CoT,CT,1
21067,Neutral-CoT,R1,2
21067,Neutral-CoT,V3,2
21074,Neutral-CoT,CN,1
21074,Neutral-CoT,CT,1
21074,Neutral-CoT,R1,1
21074,Neutral-CoT,V3,1
21098,Neutral-CoT,CN,2
21098,Neutral-CoT,CT,2
21098,Neutral-CoT,R1,2
21098,Neutral-CoT,V3,2
21130,Neutral-CoT,CN,2
21130,Neutral-CoT,CT,2
21130,Neutral-CoT,R1,2
21130,Neutral-CoT,V3,2
21158,Neutral-CoT,CN,1
21158,Neutral-CoT,CT,1
21158,Neutral-CoT,R1,1
21158,Neutral-CoT,V3,1
21165,Neutral-CoT,CN,1
21165,Neutral-CoT,CT,1
21165,Neutral-CoT,R1,1
21165,Neutral-CoT,V3,1
21167,Neutral-CoT,CN,1
21167,Neutral-CoT,CT,1
21167,Neutral-CoT,R1,1
21167,Neutral-CoT,V3,1
21173,Neutral-CoT,CN,1
21173,Neutral-CoT,CT,1
21173,Neutral-CoT,R1,1
21173,Neutral-CoT,V3,1
21180,Neutral-CoT,CN,2
21180,Neutral-CoT,CT,2
21180,Neutral-CoT,R1,2
21180,Neutral-CoT,V3,2
21203,Neutral-CoT,CN,2
21203,Neutral-CoT,CT,2
21203,Neutral-CoT,R1,2
21203,Neutral-CoT,V3,2
21210,Neutral-CoT,CN,1
21210,Neutral-CoT,CT,1
21210,Neutral-CoT,R1,1
21210,Neutral-CoT,V3,1
21328,Neutral-CoT,CN,1
21328,Neutral-CoT,CT,1
21328,Neutral-CoT,R1,1
21399,Neutral-CoT,CN,1
21399,Neutral-CoT,CT,1
21399,Neutral-CoT,R1,1
21399,Neutral-CoT,V3,1
21509,Neutral-CoT,CN,2
21509,Neutral-CoT,CT,2
21509,Neutral-CoT,R1,2
21509,Neutral-CoT,V3,2
21544,Neutral-CoT,CN,2
21544,Neutral-CoT,CT,2
21544,Neutral-CoT,R1,2
21544,Neutral-CoT,V3,2
21598,Neutral-CoT,CN,2
21598,Neutral-CoT,CT,2
21598,Neutral-CoT,R1,2
21598,Neutral-CoT,V3,2
21599,Neutral-CoT,CN,1
21599,Neutral-CoT,CT,1
21599,Neutral-CoT,R1,1
21599,Neutral-CoT,V3,1
21606,Neutral-CoT,CN,2
21606,Neutral-CoT,CT,2
21606,Neutral-CoT,R1,2
21606,Neutral-CoT,V3,2
21608,Neutral-CoT,CN,2
21608,Neutral-CoT,CT,2
21608,Neutral-CoT,R1,2
21608,Neutral-CoT,V3,1
21629,Neutral-CoT,CN,1
21629,Neutral-CoT,CT,1
21629,Neutral-CoT,R1,1
21629,Neutral-CoT,V3,1
21630,Neutral-CoT,CN,2
21630,Neutral-CoT,CT,2
21630,Neutral-CoT,R1,2
21630,Neutral-CoT,V3,1
21666,Neutral-CoT,CT,2
21666,Neutral-CoT,R1,2
21666,Neutral-CoT,V3,2
21691,Neutral-CoT,CN,1
21691,Neutral-CoT,CT,1
21691,Neutral-CoT,R1,1
21691,Neutral-CoT,V3,1
21847,Neutral-CoT,CN,2
21847,Neutral-CoT,CT,2
21847,Neutral-CoT,R1,2
21847,Neutral-CoT,V3,2
21910,Neutral-CoT,CN,1
21910,Neutral-CoT,CT,1
21910,Neutral-CoT,V3,2
21935,Neutral-CoT,CN,2
21935,Neutral-CoT,R1,2
21935,Neutral-CoT,V3,2
21961,Neutral-CoT,CN,1
21961,Neutral-CoT,CT,1
21961,Neutral-CoT,V3,2
21976,Neutral-CoT,CN,1
21976,Neutral-CoT,CT,1
21976,Neutral-CoT,R1,1
21976,Neutral-CoT,V3,1
21987,Neutral-CoT,CN,2
21987,Neutral-CoT,CT,2
21987,Neutral-CoT,R1,2
21987,Neutral-CoT,V3,2
22043,Neutral-CoT,CN,2
22043,Neutral-CoT,CT,2
22043,Neutral-CoT,R1,2
22043,Neutral-CoT,V3,2
22052,Neutral-CoT,CN,1
22052,Neutral-CoT,CT,1
22052,Neutral-CoT,R1,1
22052,Neutral-CoT,V3,1
22065,Neutral-CoT,CN,1
22065,Neutral-CoT,CT,1
22065,Neutral-CoT,R1,1
22065,Neutral-CoT,V3,1
22066,Neutral-CoT,CN,2
22066,Neutral-CoT,CT,2
22066,Neutral-CoT,R1,2
22066,Neutral-CoT,V3,2
22090,Neutral-CoT,CN,1
22090,Neutral-CoT,CT,1
22126,Neutral-CoT,CN,2
22126,Neutral-CoT,CT,2
22126,Neutral-CoT,R1,2
22126,Neutral-CoT,V3,2
22166,Neutral-CoT,CN,2
22166,Neutral-CoT,CT,2
22166,Neutral-CoT,R1,2
22166,Neutral-CoT,V3,2
22184,Neutral-CoT,CN,2
22184,Neutral-CoT,CT,2
22184,Neutral-CoT,R1,2
22184,Neutral-CoT,V3,2
22189,Neutral-CoT,CN,2
22189,Neutral-CoT,CT,2
22189,Neutral-CoT,R1,1
22194,Neutral-CoT,CN,2
22194,Neutral-CoT,CT,2
22194,Neutral-CoT,R1,2
22194,Neutral-CoT,V3,2
22266,Neutral-CoT,CN,1
22266,Neutral-CoT,CT,1
22266,Neutral-CoT,R1,1
22266,Neutral-CoT,V3,1
22314,Neutral-CoT,CN,2
22314,Neutral-CoT,R1,2
22314,Neutral-CoT,V3,2
22356,Neutral-CoT,CN,2
22356,Neutral-CoT,CT,2
22356,Neutral-CoT,R1,2
22356,Neutral-CoT,V3,2
22467,Neutral-CoT,CN,2
22467,Neutral-CoT,CT,2
22467,Neutral-CoT,R1,2
22467,Neutral-CoT,V3,2
22679,Neutral-CoT,CN,1
22679,Neutral-CoT,CT,1
22679,Neutral-CoT,R1,1
22679,Neutral-CoT,V3,1
22707,Neutral-CoT,CN,2
22707,Neutral-CoT,CT,2
22707,Neutral-CoT,R1,2
22707,Neutral-CoT,V3,2
22767,Neutral-CoT,CN,2
22767,Neutral-CoT,CT,2
22767,Neutral-CoT,R1,2
22767,Neutral-CoT,V3,2
22770,Neutral-CoT,CN,1
22770,Neutral-CoT,CT,1
22770,Neutral-CoT,R1,1
22770,Neutral-CoT,V3,1
22814,Neutral-CoT,CN,1
22814,Neutral-CoT,CT,1
22814,Neutral-CoT,R1,1
22814,Neutral-CoT,V3,1
22819,Neutral-CoT,CN,2
22819,Neutral-CoT,CT,2
22819,Neutral-CoT,R1,2
22819,Neutral-CoT,V3,2
22833,Neutral-CoT,R1,1
22833,Neutral-CoT,V3,1
22849,Neutral-CoT,CN,2
22849,Neutral-CoT,CT,2
22849,Neutral-CoT,R1,2
22849,Neutral-CoT,V3,2
22966,Neutral-CoT,CN,2
22966,Neutral-CoT,CT,2
22966,Neutral-CoT,R1,2
22966,Neutral-CoT,V3,2
23023,Neutral-CoT,CN,1
23023,Neutral-CoT,CT,1
23023,Neutral-CoT,R1,1
23023,Neutral-CoT,V3,1
23052,Neutral-CoT,CN,1
23052,Neutral-CoT,CT,1
23052,Neutral-CoT,R1,1
23052,Neutral-CoT,V3,1
23089,Neutral-CoT,CN,1
23089,Neutral-CoT,CT,1
23089,Neutral-CoT,R1,1
23089,Neutral-CoT,V3,1
23103,Neutral-CoT,CT,2
23103,Neutral-CoT,R1,2
23103,Neutral-CoT,V3,2
23104,Neutral-CoT,CN,2
23104,Neutral-CoT,CT,2
23104,Neutral-CoT,R1,2
23104,Neutral-CoT,V3,2
23128,Neutral-CoT,CN,1
23128,Neutral-CoT,CT,1
23128,Neutral-CoT,R1,1
23128,Neutral-CoT,V3,1
23200,Neutral-CoT,CN,1
23200,Neutral-CoT,CT,1
23200,Neutral-CoT,R1,1
23200,Neutral-CoT,V3,1
23313,Neutral-CoT,CN,2
23313,Neutral-CoT,R1,2
23313,Neutral-CoT,V3,2
23322,Neutral-CoT,CN,1
23322,Neutral-CoT,CT,1
23322,Neutral-CoT,R1,1
23322,Neutral-CoT,V3,1
23323,Neutral-CoT,CN,1
23323,Neutral-CoT,CT,1
23323,Neutral-CoT,R1,1
23323,Neutral-CoT,V3,1
23404,Neutral-CoT,R1,2
23404,Neutral-CoT,V3,2
23415,Neutral-CoT,CN,2
23415,Neutral-CoT,CT,2
23415,Neutral-CoT,R1,2
23415,Neutral-CoT,V3,1
23440,Neutral-CoT,CN,2
23440,Neutral-CoT,CT,2
23440,Neutral-CoT,R1,2
23440,Neutral-CoT,V3,2
23453,Neutral-CoT,CN,2
23453,Neutral-CoT,CT,2
23453,Neutral-CoT,R1,2
23453,Neutral-CoT,V3,2
23505,Neutral-CoT,CN,1
23505,Neutral-CoT,CT,1
23505,Neutral-CoT,R1,1
23505,Neutral-CoT,V3,1
23514,Neutral-CoT,CN,2
23514,Neutral-CoT,CT,2
23514,Neutral-CoT,R1,2
23514,Neutral-CoT,V3,2
23524,Neutral-CoT,CN,1
23524,Neutral-CoT,CT,1
23524,Neutral-CoT,R1,1
23524,Neutral-CoT,V3,1
23530,Neutral-CoT,CN,2
23530,Neutral-CoT,CT,2
23530,Neutral-CoT,R1,2
23530,Neutral-CoT,V3,2
23534,Neutral-CoT,V3,1
23574,Neutral-CoT,CN,1
23574,Neutral-CoT,CT,1
23574,Neutral-CoT,R1,1
23574,Neutral-CoT,V3,1
23584,Neutral-CoT,CN,1
23584,Neutral-CoT,CT,1
23584,Neutral-CoT,R1,1
23584,Neutral-CoT,V3,1
23605,Neutral-CoT,CN,1
23605,Neutral-CoT,CT,1
23605,Neutral-CoT,R1,1
23605,Neutral-CoT,V3,1
23620,Neutral-CoT,CN,2
23620,Neutral-CoT,CT,2
23620,Neutral-CoT,R1,2
23620,Neutral-CoT,V3,2
23648,Neutral-CoT,CN,2
23648,Neutral-CoT,CT,2
23648,Neutral-CoT,R1,2
23648,Neutral-CoT,V3,2
23699,Neutral-CoT,CN,2
23699,Neutral-CoT,CT,2
23699,Neutral-CoT,R1,2
23699,Neutral-CoT,V3,2
23713,Neutral-CoT,CN,2
23713,Neutral-CoT,CT,2
23713,Neutral-CoT,R1,2
23713,Neutral-CoT,V3,2
23779,Neutral-CoT,CN,1
23779,Neutral-CoT,CT,1
23779,Neutral-CoT,R1,1
23779,Neutral-CoT,V3,1
23871,Neutral-CoT,CN,1
23871,Neutral-CoT,CT,1
23871,Neutral-CoT,R1,1
23871,Neutral-CoT,V3,1
23873,Neutral-CoT,CN,1
23873,Neutral-CoT,CT,1
23873,Neutral-CoT,R1,1
23873,Neutral-CoT,V3,1
23901,Neutral-CoT,CN,1
23901,Neutral-CoT,CT,1
23901,Neutral-CoT,R1,1
23901,Neutral-CoT,V3,1
24026,Neutral-CoT,CN,1
24026,Neutral-CoT,CT,1
24026,Neutral-CoT,V3,2
24163,Neutral-CoT,CN,1
24163,Neutral-CoT,CT,1
24163,Neutral-CoT,R1,1
24163,Neutral-CoT,V3,1
24174,Neutral-CoT,CN,2
24174,Neutral-CoT,CT,2
24174,Neutral-CoT,R1,2
24174,Neutral-CoT,V3,2
24223,Neutral-CoT,CN,1
24223,Neutral-CoT,CT,1
24223,Neutral-CoT,R1,1
24223,Neutral-CoT,V3,1
24260,Neutral-CoT,CN,2
24260,Neutral-CoT,CT,2
24260,Neutral-CoT,V3,2
24291,Neutral-CoT,CN,2
24291,Neutral-CoT,CT,2
24291,Neutral-CoT,R1,2
24291,Neutral-CoT,V3,2
24304,Neutral-CoT,CN,1
24304,Neutral-CoT,CT,1
24304,Neutral-CoT,R1,1
24304,Neutral-CoT,V3,1
24334,Neutral-CoT,CN,2
24334,Neutral-CoT,CT,2
24334,Neutral-CoT,R1,2
24334,Neutral-CoT,V3,2
24405,Neutral-CoT,CN,2
24405,Neutral-CoT,CT,2
24405,Neutral-CoT,R1,2
24405,Neutral-CoT,V3,2
24408,Neutral-CoT,CN,1
24408,Neutral-CoT,CT,1
24408,Neutral-CoT,R1,1
24408,Neutral-CoT,V3,1
24500,Neutral-CoT,CN,2
24500,Neutral-CoT,CT,2
24500,Neutral-CoT,R1,2
24500,Neutral-CoT,V3,2
24502,Neutral-CoT,CN,2
24502,Neutral-CoT,CT,2
24502,Neutral-CoT,R1,2
24502,Neutral-CoT,V3,2
24541,Neutral-CoT,CN,2
24541,Neutral-CoT,CT,2
24541,Neutral-CoT,R1,2
24541,Neutral-CoT,V3,2
24573,Neutral-CoT,CN,1
24573,Neutral-CoT,CT,1
24573,Neutral-CoT,R1,1
24573,Neutral-CoT,V3,1
24577,Neutral-CoT,CT,1
24577,Neutral-CoT,R1,1
24577,Neutral-CoT,V3,1
24637,Neutral-CoT,CN,2
24637,Neutral-CoT,CT,2
24637,Neutral-CoT,R1,2
24637,Neutral-CoT,V3,2
24673,Neutral-CoT,CN,2
24673,Neutral-CoT,CT,2
24673,Neutral-CoT,R1,2
24673,Neutral-CoT,V3,2
24706,Neutral-CoT,CN,1
24706,Neutral-CoT,CT,1
24706,Neutral-CoT,R1,1
24706,Neutral-CoT,V3,1
24740,Neutral-CoT,CN,2
24740,Neutral-CoT,CT,2
24740,Neutral-CoT,R1,2
24740,Neutral-CoT,V3,2
24774,Neutral-CoT,CN,2
24774,Neutral-CoT,CT,2
24774,Neutral-CoT,R1,2
24774,Neutral-CoT,V3,2
24836,Neutral-CoT,CN,1
24836,Neutral-CoT,CT,1
24836,Neutral-CoT,R1,1
24836,Neutral-CoT,V3,1
24871,Neutral-CoT,CN,1
24871,Neutral-CoT,CT,1
24871,Neutral-CoT,R1,2
24871,Neutral-CoT,V3,2
24902,Neutral-CoT,CN,2
24902,Neutral-CoT,CT,2
24902,Neutral-CoT,R1,2
24902,Neutral-CoT,V3,2
24959,Neutral-CoT,CN,2
24959,Neutral-CoT,CT,2
24959,Neutral-CoT,R1,2
24959,Neutral-CoT,V3,2
24975,Neutral-CoT,CN,1
24975,Neutral-CoT,CT,1
24975,Neutral-CoT,R1,1
24975,Neutral-CoT,V3,1
24995,Neutral-CoT,CN,1
24995,Neutral-CoT,CT,1
24995,Neutral-CoT,R1,1
24995,Neutral-CoT,V3,1
25015,Neutral-CoT,CN,1
25015,Neutral-CoT,R1,2
25015,Neutral-CoT,V3,2
25038,Neutral-CoT,CN,1
25038,Neutral-CoT,CT,1
25038,Neutral-CoT,R1,1
25038,Neutral-CoT,V3,1
25109,Neutral-CoT,CN,2
25109,Neutral-CoT,CT,2
25109,Neutral-CoT,R1,2
25109,Neutral-CoT,V3,2
25137,Neutral-CoT,CN,1
25137,Neutral-CoT,CT,1
25137,Neutral-CoT,R1,1
25137,Neutral-CoT,V3,1
25155,Neutral-CoT,CN,1
25155,Neutral-CoT,CT,1
25155,Neutral-CoT,R1,1
25155,Neutral-CoT,V3,1
25239,Neutral-CoT,CN,2
25239,Neutral-CoT,CT,2
25239,Neutral-CoT,R1,2
25239,Neutral-CoT,V3,2
25270,Neutral-CoT,CN,1
25270,Neutral-CoT,CT,1
25270,Neutral-CoT,R1,1
25270,Neutral-CoT,V3,1
25302,Neutral-CoT,CN,2
25302,Neutral-CoT,CT,2
25302,Neutral-CoT,R1,2
25302,Neutral-CoT,V3,2
25337,Neutral-CoT,CN,1
25337,Neutral-CoT,CT,1
25337,Neutral-CoT,R1,1
25337,Neutral-CoT,V3,1
25348,Neutral-CoT,CN,1
25348,Neutral-CoT,CT,1
25348,Neutral-CoT,R1,1
25348,Neutral-CoT,V3,1
25369,Neutral-CoT,CN,2
25369,Neutral-CoT,CT,2
25369,Neutral-CoT,R1,2
25369,Neutral-CoT,V3,2
25380,Neutral-CoT,R1,1
25416,Neutral-CoT,CN,1
25416,Neutral-CoT,CT,1
25416,Neutral-CoT,R1,1
25416,Neutral-CoT,V3,1
25435,Neutral-CoT,CN,1
25435,Neutral-CoT,CT,1
25435,Neutral-CoT,R1,1
25435,Neutral-CoT,V3,1
25447,Neutral-CoT,CN,1
25447,Neutral-CoT,CT,1
25447,Neutral-CoT,R1,1
25447,Neutral-CoT,V3,1
25448,Neutral-CoT,R1,2
25471,Neutral-CoT,CN,2
25471,Neutral-CoT,CT,2
25471,Neutral-CoT,R1,2
25471,Neutral-CoT,V3,2
25523,Neutral-CoT,CN,2
25523,Neutral-CoT,CT,2
25523,Neutral-CoT,R1,2
25523,Neutral-CoT,V3,2
25591,Neutral-CoT,CN,1
25591,Neutral-CoT,CT,1
25591,Neutral-CoT,R1,1
25591,Neutral-CoT,V3,1
25650,Neutral-CoT,CN,1
25650,Neutral-CoT,CT,1
25650,Neutral-CoT,R1,1
25650,Neutral-CoT,V3,1
25690,Neutral-CoT,CN,1
25690,Neutral-CoT,CT,1
25690,Neutral-CoT,R1,2
25690,Neutral-CoT,V3,1
25698,Neutral-CoT,CN,2
25698,Neutral-CoT,CT,2
25698,Neutral-CoT,R1,2
25698,Neutral-CoT,V3,1
25856,Neutral-CoT,CT,1
25856,Neutral-CoT,R1,1
25856,Neutral-CoT,V3,1
25868,Neutral-CoT,CN,1
25868,Neutral-CoT,CT,1
25868,Neutral-CoT,R1,1
25868,Neutral-CoT,V3,1
25990,Neutral-CoT,CN,2
25990,Neutral-CoT,CT,2
25990,Neutral-CoT,R1,2
25990,Neutral-CoT,V3,2
26032,Neutral-CoT,CN,1
26032,Neutral-CoT,CT,1
26032,Neutral-CoT,R1,1
26032,Neutral-CoT,V3,1
26129,Neutral-CoT,CN,2
26129,Neutral-CoT,CT,2
26129,Neutral-CoT,R1,2
26129,Neutral-CoT,V3,2
26161,Neutral-CoT,CN,1
26161,Neutral-CoT,CT,1
26161,Neutral-CoT,R1,2
26161,Neutral-CoT,V3,1
26178,Neutral-CoT,R1,2
26178,Neutral-CoT,V3,2
26211,Neutral-CoT,CN,2
26211,Neutral-CoT,CT,2
26211,Neutral-CoT,R1,2
26211,Neutral-CoT,V3,2
26281,Neutral-CoT,R1,2
26281,Neutral-CoT,V3,2
26287,Neutral-CoT,CN,2
26287,Neutral-CoT,CT,2
26287,Neutral-CoT,R1,2
26287,Neutral-CoT,V3,2
26292,Neutral-CoT,CN,1
26292,Neutral-CoT,CT,1
26292,Neutral-CoT,R1,1
26292,Neutral-CoT,V3,1
26302,Neutral-CoT,CN,1
26302,Neutral-CoT,CT,1
26302,Neutral-CoT,R1,1
26302,Neutral-CoT,V3,1
26321,Neutral-CoT,CN,2
26321,Neutral-CoT,CT,2
26321,Neutral-CoT,R1,2
26321,Neutral-CoT,V3,2
26337,Neutral-CoT,CN,1
26337,Neutral-CoT,CT,1
26337,Neutral-CoT,R1,1
26337,Neutral-CoT,V3,1
26345,Neutral-CoT,CN,1
26345,Neutral-CoT,CT,1
26345,Neutral-CoT,V3,2
26480,Neutral-CoT,CN,2
26480,Neutral-CoT,CT,2
26480,Neutral-CoT,R1,2
26480,Neutral-CoT,V3,2
26492,Neutral-CoT,CN,2
26492,Neutral-CoT,CT,2
26492,Neutral-CoT,R1,2
26492,Neutral-CoT,V3,2
26528,Neutral-CoT,CN,1
26528,Neutral-CoT,CT,1
26528,Neutral-CoT,R1,1
26528,Neutral-CoT,V3,1
26546,Neutral-CoT,CN,1
26546,Neutral-CoT,CT,1
26546,Neutral-CoT,V3,1
26556,Neutral-CoT,CN,1
26556,Neutral-CoT,CT,1
26556,Neutral-CoT,R1,1
26556,Neutral-CoT,V3,1
26575,Neutral-CoT,CN,2
26575,Neutral-CoT,CT,2
26575,Neutral-CoT,R1,2
26575,Neutral-CoT,V3,2
26678,Neutral-CoT,CN,2
26678,Neutral-CoT,CT,2
26678,Neutral-CoT,R1,2
26678,Neutral-CoT,V3,2
26714,Neutral-CoT,CN,2
26714,Neutral-CoT,CT,2
26714,Neutral-CoT,R1,2
26714,Neutral-CoT,V3,2
26831,Neutral-CoT,CN,1
26831,Neutral-CoT,CT,1
26831,Neutral-CoT,R1,1
26831,Neutral-CoT,V3,1
26865,Neutral-CoT,CN,2
26865,Neutral-CoT,R1,2
26865,Neutral-CoT,V3,2
26878,Neutral-CoT,CN,2
26878,Neutral-CoT,CT,2
26878,Neutral-CoT,R1,2
26878,Neutral-CoT,V3,2
26995,Neutral-CoT,CN,1
26995,Neutral-CoT,CT,1
26995,Neutral-CoT,R1,1
26995,Neutral-CoT,V3,1
27029,Neutral-CoT,CN,1
27029,Neutral-CoT,CT,1
27029,Neutral-CoT,R1,1
27029,Neutral-CoT,V3,1
27088,Neutral-CoT,CN,1
27088,Neutral-CoT,CT,1
27088,Neutral-CoT,R1,1
27088,Neutral-CoT,V3,1
27101,Neutral-CoT,CN,1
27101,Neutral-CoT,CT,1
27101,Neutral-CoT,R1,1
27101,Neutral-CoT,V3,1
27117,Neutral-CoT,V3,2
27271,Neutral-CoT,CN,1
27271,Neutral-CoT,CT,1
27395,Neutral-CoT,CN,2
27395,Neutral-CoT,CT,2
27395,Neutral-CoT,R1,2
27395,Neutral-CoT,V3,2
27431,Neutral-CoT,CN,2
27431,Neutral-CoT,CT,2
27431,Neutral-CoT,R1,2
27431,Neutral-CoT,V3,2
27497,Neutral-CoT,CN,1
27497,Neutral-CoT,CT,1
27497,Neutral-CoT,R1,1
27497,Neutral-CoT,V3,1
27524,Neutral-CoT,CN,2
27524,Neutral-CoT,CT,2
27524,Neutral-CoT,R1,2
27524,Neutral-CoT,V3,2
27558,Neutral-CoT,CN,2
27558,Neutral-CoT,CT,2
27558,Neutral-CoT,R1,2
27558,Neutral-CoT,V3,2
27610,Neutral-CoT,CN,1
27610,Neutral-CoT,CT,1
27610,Neutral-CoT,R1,2
27668,Neutral-CoT,CN,2
27668,Neutral-CoT,CT,2
27668,Neutral-CoT,R1,2
27668,Neutral-CoT,V3,2
27688,Neutral-CoT,CN,2
27688,Neutral-CoT,CT,2
27688,Neutral-CoT,R1,2
27688,Neutral-CoT,V3,2
27740,Neutral-CoT,CN,2
27740,Neutral-CoT,CT,2
27740,Neutral-CoT,R1,2
27740,Neutral-CoT,V3,2
27786,Neutral-CoT,CN,2
27786,Neutral-CoT,R1,2
27786,Neutral-CoT,V3,2
27828,Neutral-CoT,CN,2
27828,Neutral-CoT,CT,2
27828,Neutral-CoT,R1,2
27828,Neutral-CoT,V3,2
27904,Neutral-CoT,CN,2
27904,Neutral-CoT,CT,2
27904,Neutral-CoT,R1,2
27904,Neutral-CoT,V3,2
27910,Neutral-CoT,CN,2
27910,Neutral-CoT,CT,2
27910,Neutral-CoT,R1,2
27910,Neutral-CoT,V3,2
27911,Neutral-CoT,CN,2
27911,Neutral-CoT,CT,2
27911,Neutral-CoT,R1,2
27911,Neutral-CoT,V3,2
28011,Neutral-CoT,CN,2
28011,Neutral-CoT,CT,2
28011,Neutral-CoT,R1,2
28011,Neutral-CoT,V3,2
28019,Neutral-CoT,CN,1
28019,Neutral-CoT,CT,1
28019,Neutral-CoT,R1,1
28019,Neutral-CoT,V3,1
28051,Neutral-CoT,CN,2
28051,Neutral-CoT,CT,2
28051,Neutral-CoT,R1,2
28051,Neutral-CoT,V3,2
28057,Neutral-CoT,CN,1
28057,Neutral-CoT,CT,1
28057,Neutral-CoT,R1,2
28057,Neutral-CoT,V3,2
28067,Neutral-CoT,CN,2
28067,Neutral-CoT,CT,2
28067,Neutral-CoT,R1,2
28067,Neutral-CoT,V3,2
28114,Neutral-CoT,CN,2
28114,Neutral-CoT,CT,2
28114,Neutral-CoT,R1,2
28114,Neutral-CoT,V3,2
28222,Neutral-CoT,CN,2
28222,Neutral-CoT,CT,2
28222,Neutral-CoT,R1,2
28222,Neutral-CoT,V3,2
28262,Neutral-CoT,CN,2
28262,Neutral-CoT,CT,2
28262,Neutral-CoT,R1,2
28262,Neutral-CoT,V3,2
28271,Neutral-CoT,CN,1
28271,Neutral-CoT,CT,1
28271,Neutral-CoT,R1,1
28271,Neutral-CoT,V3,1
28339,Neutral-CoT,R1,1
28339,Neutral-CoT,V3,2
28341,Neutral-CoT,CN,1
28341,Neutral-CoT,CT,1
28341,Neutral-CoT,R1,1
28341,Neutral-CoT,V3,1
28365,Neutral-CoT,CN,2
28365,Neutral-CoT,CT,2
28365,Neutral-CoT,R1,2
28365,Neutral-CoT,V3,2
28463,Neutral-CoT,CN,2
28463,Neutral-CoT,CT,2
28463,Neutral-CoT,R1,2
28463,Neutral-CoT,V3,2
28490,Neutral-CoT,CT,2
28490,Neutral-CoT,R1,1
28490,Neutral-CoT,V3,1
28550,Neutral-CoT,CN,2
28550,Neutral-CoT,CT,2
28550,Neutral-CoT,R1,2
28550,Neutral-CoT,V3,2
28574,Neutral-CoT,CN,2
28574,Neutral-CoT,CT,2
28574,Neutral-CoT,R1,2
28574,Neutral-CoT,V3,2
28656,Neutral-CoT,CN,2
28656,Neutral-CoT,CT,2
28656,Neutral-CoT,R1,2
28656,Neutral-CoT,V3,2
28674,Neutral-CoT,CN,2
28674,Neutral-CoT,CT,2
28674,Neutral-CoT,R1,2
28674,Neutral-CoT,V3,2
28728,Neutral-CoT,CN,1
28728,Neutral-CoT,CT,1
28728,Neutral-CoT,R1,1
28728,Neutral-CoT,V3,1
28789,Neutral-CoT,CN,2
28789,Neutral-CoT,CT,2
28789,Neutral-CoT,R1,2
28789,Neutral-CoT,V3,2
28790,Neutral-CoT,CN,2
28790,Neutral-CoT,V3,1
28814,Neutral-CoT,R1,2
28814,Neutral-CoT,V3,2
28822,Neutral-CoT,CN,2
28822,Neutral-CoT,CT,2
28822,Neutral-CoT,R1,2
28822,Neutral-CoT,V3,2
28963,Neutral-CoT,CN,1
28963,Neutral-CoT,CT,1
28963,Neutral-CoT,R1,1
28963,Neutral-CoT,V3,1
29070,Neutral-CoT,CN,2
29070,Neutral-CoT,CT,2
29070,Neutral-CoT,R1,2
29070,Neutral-CoT,V3,2
29105,Neutral-CoT,CN,2
29105,Neutral-CoT,CT,2
29105,Neutral-CoT,R1,2
29105,Neutral-CoT,V3,2
29132,Neutral-CoT,CN,1
29132,Neutral-CoT,CT,1
29132,Neutral-CoT,R1,1
29132,Neutral-CoT,V3,1
29144,Neutral-CoT,CN,1
29144,Neutral-CoT,CT,1
29144,Neutral-CoT,R1,1
29144,Neutral-CoT,V3,1
29184,Neutral-CoT,CN,2
29184,Neutral-CoT,CT,2
29184,Neutral-CoT,V3,1
29243,Neutral-CoT,CN,2
29243,Neutral-CoT,CT,2
29243,Neutral-CoT,R1,2
29243,Neutral-CoT,V3,2
29385,Neutral-CoT,CN,1
29385,Neutral-CoT,CT,1
29385,Neutral-CoT,R1,1
29385,Neutral-CoT,V3,1
29411,Neutral-CoT,V3,2
29417,Neutral-CoT,CN,2
29417,Neutral-CoT,CT,2
29417,Neutral-CoT,R1,2
29417,Neutral-CoT,V3,2
29454,Neutral-CoT,CN,2
29454,Neutral-CoT,CT,2
29454,Neutral-CoT,R1,2
29454,Neutral-CoT,V3,2
29465,Neutral-CoT,CT,1
29465,Neutral-CoT,R1,2
29465,Neutral-CoT,V3,2
29484,Neutral-CoT,CN,2
29484,Neutral-CoT,CT,2
29484,Neutral-CoT,R1,2
29484,Neutral-CoT,V3,2
29582,Neutral-CoT,CN,1
29629,Neutral-CoT,CN,1
29629,Neutral-CoT,CT,1
29629,Neutral-CoT,R1,1
29629,Neutral-CoT,V3,1
29644,Neutral-CoT,CN,1
29644,Neutral-CoT,CT,1
29644,Neutral-CoT,V3,1
29679,Neutral-CoT,CN,1
29679,Neutral-CoT,CT,1
29679,Neutral-CoT,V3,1
29768,Neutral-CoT,CN,1
29768,Neutral-CoT,CT,1
29768,Neutral-CoT,R1,1
29768,Neutral-CoT,V3,1
29880,Neutral-CoT,CN,1
29880,Neutral-CoT,CT,1
29880,Neutral-CoT,R1,1
29880,Neutral-CoT,V3,1
29903,Neutral-CoT,CN,1
29903,Neutral-CoT,CT,1
29903,Neutral-CoT,R1,1
29903,Neutral-CoT,V3,1
29912,Neutral-CoT,CN,1
29912,Neutral-CoT,CT,1
29912,Neutral-CoT,R1,1
29912,Neutral-CoT,V3,1
29978,Neutral-CoT,CN,1
29978,Neutral-CoT,CT,1
29978,Neutral-CoT,R1,2
29978,Neutral-CoT,V3,1
30052,Neutral-CoT,CN,1
30052,Neutral-CoT,CT,1
30052,Neutral-CoT,R1,1
30052,Neutral-CoT,V3,1
30118,Neutral-CoT,CN,1
30118,Neutral-CoT,CT,1
30118,Neutral-CoT,R1,1
30118,Neutral-CoT,V3,1
30131,Neutral-CoT,R1,2
30131,Neutral-CoT,V3,2
30137,Neutral-CoT,CN,2
30137,Neutral-CoT,CT,2
30137,Neutral-CoT,R1,2
30137,Neutral-CoT,V3,2
30143,Neutral-CoT,CN,1
30143,Neutral-CoT,CT,1
30143,Neutral-CoT,R1,1
30143,Neutral-CoT,V3,1
30180,Neutral-CoT,CN,1
30180,Neutral-CoT,CT,1
30180,Neutral-CoT,R1,1
30180,Neutral-CoT,V3,1
30259,Neutral-CoT,CN,1
30259,Neutral-CoT,CT,1
30259,Neutral-CoT,R1,1
30259,Neutral-CoT,V3,1
30273,Neutral-CoT,CN,2
30273,Neutral-CoT,CT,2
30273,Neutral-CoT,R1,2
30273,Neutral-CoT,V3,2
30285,Neutral-CoT,CN,2
30285,Neutral-CoT,CT,2
30285,Neutral-CoT,R1,2
30285,Neutral-CoT,V3,2
30328,Neutral-CoT,CN,1
30328,Neutral-CoT,CT,1
30328,Neutral-CoT,R1,1
30328,Neutral-CoT,V3,1
30329,Neutral-CoT,CN,1
30329,Neutral-CoT,CT,1
30329,Neutral-CoT,R1,1
30329,Neutral-CoT,V3,1
30336,Neutral-CoT,CN,2
30336,Neutral-CoT,CT,2
30336,Neutral-CoT,R1,2
30336,Neutral-CoT,V3,2
30340,Neutral-CoT,CN,1
30340,Neutral-CoT,CT,1
30340,Neutral-CoT,R1,1
30340,Neutral-CoT,V3,1
30352,Neutral-CoT,CN,2
30352,Neutral-CoT,CT,2
30352,Neutral-CoT,V3,2
30367,Neutral-CoT,CN,2
30367,Neutral-CoT,CT,2
30367,Neutral-CoT,R1,2
30367,Neutral-CoT,V3,2
30457,Neutral-CoT,CN,2
30457,Neutral-CoT,CT,2
30457,Neutral-CoT,V3,1
30498,Neutral-CoT,CN,1
30498,Neutral-CoT,CT,1
30498,Neutral-CoT,R1,1
30498,Neutral-CoT,V3,1
30514,Neutral-CoT,CN,1
30514,Neutral-CoT,CT,1
30514,Neutral-CoT,R1,1
30514,Neutral-CoT,V3,1
30544,Neutral-CoT,CN,1
30544,Neutral-CoT,CT,1
30544,Neutral-CoT,R1,1
30544,Neutral-CoT,V3,1
30637,Neutral-CoT,CN,1
30637,Neutral-CoT,CT,1
30694,Neutral-CoT,CN,2
30694,Neutral-CoT,CT,2
30694,Neutral-CoT,R1,2
30694,Neutral-CoT,V3,2
30701,Neutral-CoT,CN,2
30701,Neutral-CoT,CT,2
30701,Neutral-CoT,R1,2
30701,Neutral-CoT,V3,2
30710,Neutral-CoT,CN,2
30710,Neutral-CoT,CT,2
30710,Neutral-CoT,R1,2
30710,Neutral-CoT,V3,2
30794,Neutral-CoT,CN,2
30794,Neutral-CoT,CT,2
30794,Neutral-CoT,R1,2
30794,Neutral-CoT,V3,2
30807,Neutral-CoT,CN,2
30807,Neutral-CoT,CT,2
30807,Neutral-CoT,V3,1
30825,Neutral-CoT,CN,2
30825,Neutral-CoT,CT,2
30825,Neutral-CoT,R1,2
30846,Neutral-CoT,CN,1
30846,Neutral-CoT,CT,1
30846,Neutral-CoT,R1,1
30846,Neutral-CoT,V3,1
30856,Neutral-CoT,CN,2
30856,Neutral-CoT,CT,2
30856,Neutral-CoT,R1,2
30856,Neutral-CoT,V3,2
30872,Neutral-CoT,CN,2
30872,Neutral-CoT,CT,2
30872,Neutral-CoT,R1,2
30872,Neutral-CoT,V3,2
30880,Neutral-CoT,CN,1
30880,Neutral-CoT,CT,1
30880,Neutral-CoT,R1,1
30880,Neutral-CoT,V3,1
30899,Neutral-CoT,CN,1
30899,Neutral-CoT,CT,1
30899,Neutral-CoT,R1,1
30899,Neutral-CoT,V3,1
30922,Neutral-CoT,CN,2
30922,Neutral-CoT,CT,2
30922,Neutral-CoT,R1,2
30922,Neutral-CoT,V3,2
30936,Neutral-CoT,CN,2
30936,Neutral-CoT,CT,2
30936,Neutral-CoT,R1,2
30936,Neutral-CoT,V3,2
31029,Neutral-CoT,CN,1
31029,Neutral-CoT,CT,1
31029,Neutral-CoT,R1,1
31029,Neutral-CoT,V3,1
31060,Neutral-CoT,CN,1
31060,Neutral-CoT,CT,1
31060,Neutral-CoT,R1,1
31060,Neutral-CoT,V3,1
31081,Neutral-CoT,CN,2
31081,Neutral-CoT,CT,2
31081,Neutral-CoT,R1,2
31081,Neutral-CoT,V3,2
31089,Neutral-CoT,CN,1
31089,Neutral-CoT,CT,1
31089,Neutral-CoT,R1,1
31089,Neutral-CoT,V3,1
31128,Neutral-CoT,CT,2
31128,Neutral-CoT,V3,2
31129,Neutral-CoT,CN,2
31129,Neutral-CoT,CT,2
31129,Neutral-CoT,R1,2
31129,Neutral-CoT,V3,2
31138,Neutral-CoT,CN,1
31138,Neutral-CoT,CT,1
31138,Neutral-CoT,R1,1
31138,Neutral-CoT,V3,1
31148,Neutral-CoT,CN,1
31148,Neutral-CoT,CT,1
31148,Neutral-CoT,R1,1
31148,Neutral-CoT,V3,1
31247,Neutral-CoT,CN,1
31247,Neutral-CoT,CT,1
31247,Neutral-CoT,R1,1
31247,Neutral-CoT,V3,1
31266,Neutral-CoT,CN,2
31266,Neutral-CoT,CT,2
31266,Neutral-CoT,R1,2
31266,Neutral-CoT,V3,2
31350,Neutral-CoT,CN,2
31350,Neutral-CoT,CT,2
31350,Neutral-CoT,R1,2
31350,Neutral-CoT,V3,2
31386,Neutral-CoT,CN,2
31386,Neutral-CoT,CT,2
31386,Neutral-CoT,R1,2
31386,Neutral-CoT,V3,2
31470,Neutral-CoT,CN,1
31470,Neutral-CoT,V3,2
31483,Neutral-CoT,CN,2
31483,Neutral-CoT,CT,2
31483,Neutral-CoT,R1,2
31483,Neutral-CoT,V3,2
31568,Neutral-CoT,CN,2
31568,Neutral-CoT,CT,2
31568,Neutral-CoT,R1,1
31568,Neutral-CoT,V3,1
31597,Neutral-CoT,CN,1
31597,Neutral-CoT,CT,1
31597,Neutral-CoT,R1,1
31597,Neutral-CoT,V3,1
31622,Neutral-CoT,CN,1
31622,Neutral-CoT,CT,1
31622,Neutral-CoT,R1,1
31622,Neutral-CoT,V3,1
31628,Neutral-CoT,CN,1
31628,Neutral-CoT,CT,1
31628,Neutral-CoT,R1,1
31628,Neutral-CoT,V3,1
31634,Neutral-CoT,CN,1
31634,Neutral-CoT,CT,2
31634,Neutral-CoT,R1,1
31634,Neutral-CoT,V3,1
31665,Neutral-CoT,CN,1
31665,Neutral-CoT,CT,1
31665,Neutral-CoT,R1,1
31665,Neutral-CoT,V3,1
31720,Neutral-CoT,CN,1
31720,Neutral-CoT,CT,1
31720,Neutral-CoT,R1,1
31720,Neutral-CoT,V3,1
31728,Neutral-CoT,CN,1
31728,Neutral-CoT,CT,1
31728,Neutral-CoT,R1,1
31728,Neutral-CoT,V3,1
31754,Neutral-CoT,CN,2
31754,Neutral-CoT,CT,2
31754,Neutral-CoT,R1,1
31883,Neutral-CoT,CN,2
31883,Neutral-CoT,R1,2
31883,Neutral-CoT,V3,2
31907,Neutral-CoT,CN,2
31907,Neutral-CoT,CT,2
31907,Neutral-CoT,R1,2
31907,Neutral-CoT,V3,2
32003,Neutral-CoT,CN,2
32003,Neutral-CoT,CT,2
32003,Neutral-CoT,R1,2
32003,Neutral-CoT,V3,2
32090,Neutral-CoT,CN,1
32090,Neutral-CoT,CT,1
32090,Neutral-CoT,R1,1
32090,Neutral-CoT,V3,1
32112,Neutral-CoT,CN,2
32112,Neutral-CoT,CT,2
32112,Neutral-CoT,R1,2
32112,Neutral-CoT,V3,2
32116,Neutral-CoT,CN,2
32116,Neutral-CoT,CT,2
32116,Neutral-CoT,R1,2
32116,Neutral-CoT,V3,2
32131,Neutral-CoT,CN,2
32131,Neutral-CoT,CT,2
32131,Neutral-CoT,R1,2
32131,Neutral-CoT,V3,2
32167,Neutral-CoT,CN,2
32167,Neutral-CoT,CT,2
32167,Neutral-CoT,R1,2
32167,Neutral-CoT,V3,1
32177,Neutral-CoT,CT,1
32177,Neutral-CoT,R1,2
32177,Neutral-CoT,V3,2
32263,Neutral-CoT,CN,2
32263,Neutral-CoT,CT,2
32263,Neutral-CoT,R1,2
32263,Neutral-CoT,V3,2
32265,Neutral-CoT,CN,1
32265,Neutral-CoT,CT,1
32265,Neutral-CoT,R1,1
32265,Neutral-CoT,V3,1
32323,Neutral-CoT,CN,2
32323,Neutral-CoT,CT,2
32323,Neutral-CoT,R1,2
32323,Neutral-CoT,V3,2
32372,Neutral-CoT,CN,1
32372,Neutral-CoT,CT,1
32372,Neutral-CoT,R1,1
32372,Neutral-CoT,V3,1
32463,Neutral-CoT,CN,2
32463,Neutral-CoT,CT,2
32463,Neutral-CoT,R1,2
32463,Neutral-CoT,V3,2
32489,Neutral-CoT,V3,1
32518,Neutral-CoT,CN,1
32518,Neutral-CoT,CT,1
32518,Neutral-CoT,R1,1
32518,Neutral-CoT,V3,1
32558,Neutral-CoT,R1,2
32558,Neutral-CoT,V3,2
32572,Neutral-CoT,CN,2
32572,Neutral-CoT,CT,2
32572,Neutral-CoT,R1,2
32572,Neutral-CoT,V3,2
32638,Neutral-CoT,CN,1
32638,Neutral-CoT,CT,1
32638,Neutral-CoT,R1,1
32638,Neutral-CoT,V3,1
32679,Neutral-CoT,CN,1
32679,Neutral-CoT,CT,1
32679,Neutral-CoT,R1,1
32679,Neutral-CoT,V3,1
32722,Neutral-CoT,CN,2
32722,Neutral-CoT,CT,2
32722,Neutral-CoT,R1,2
32722,Neutral-CoT,V3,2
32747,Neutral-CoT,CN,1
32747,Neutral-CoT,CT,1
32747,Neutral-CoT,R1,1
32747,Neutral-CoT,V3,1
32753,Neutral-CoT,CN,2
32753,Neutral-CoT,CT,2
32753,Neutral-CoT,R1,2
32753,Neutral-CoT,V3,2
32785,Neutral-CoT,CN,1
32785,Neutral-CoT,CT,1
32785,Neutral-CoT,R1,1
32785,Neutral-CoT,V3,1
32872,Neutral-CoT,CN,2
32872,Neutral-CoT,CT,2
32872,Neutral-CoT,R1,2
32872,Neutral-CoT,V3,2
32894,Neutral-CoT,CN,2
32894,Neutral-CoT,CT,2
32894,Neutral-CoT,R1,1
32894,Neutral-CoT,V3,1
32913,Neutral-CoT,CN,1
32913,Neutral-CoT,R1,2
32913,Neutral-CoT,V3,2
32917,Neutral-CoT,CN,2
32917,Neutral-CoT,CT,2
32917,Neutral-CoT,V3,2
32963,Neutral-CoT,CN,1
32963,Neutral-CoT,CT,1
32963,Neutral-CoT,R1,1
32963,Neutral-CoT,V3,2
32972,Neutral-CoT,CN,2
32972,Neutral-CoT,CT,2
32972,Neutral-CoT,R1,2
32972,Neutral-CoT,V3,2
33026,Neutral-CoT,CN,1
33026,Neutral-CoT,CT,1
33026,Neutral-CoT,V3,1
33067,Neutral-CoT,CN,2
33067,Neutral-CoT,CT,2
33067,Neutral-CoT,R1,2
33067,Neutral-CoT,V3,2
33126,Neutral-CoT,CN,2
33126,Neutral-CoT,CT,2
33126,Neutral-CoT,R1,2
33126,Neutral-CoT,V3,2
33141,Neutral-CoT,CN,2
33141,Neutral-CoT,CT,2
33141,Neutral-CoT,R1,2
33141,Neutral-CoT,V3,2
33154,Neutral-CoT,CN,1
33154,Neutral-CoT,CT,1
33154,Neutral-CoT,R1,1
33154,Neutral-CoT,V3,1
33212,Neutral-CoT,CN,1
33212,Neutral-CoT,CT,1
33212,Neutral-CoT,R1,1
33212,Neutral-CoT,V3,1
33262,Neutral-CoT,CN,2
33262,Neutral-CoT,CT,2
33262,Neutral-CoT,R1,2
33262,Neutral-CoT,V3,2
33291,Neutral-CoT,CT,1
33291,Neutral-CoT,R1,2
33291,Neutral-CoT,V3,2
33322,Neutral-CoT,CT,2
33322,Neutral-CoT,R1,2
33322,Neutral-CoT,V3,2
33345,Neutral-CoT,CN,1
33345,Neutral-CoT,CT,1
33345,Neutral-CoT,V3,1
33390,Neutral-CoT,CN,1
33390,Neutral-CoT,V3,1
33409,Neutral-CoT,CN,2
33409,Neutral-CoT,CT,2
33409,Neutral-CoT,R1,2
33433,Neutral-CoT,CN,1
33433,Neutral-CoT,CT,1
33433,Neutral-CoT,R1,2
33433,Neutral-CoT,V3,1
33470,Neutral-CoT,CN,1
33470,Neutral-CoT,CT,1
33470,Neutral-CoT,R1,1
33470,Neutral-CoT,V3,1
33504,Neutral-CoT,CN,1
33504,Neutral-CoT,CT,1
33504,Neutral-CoT,R1,1
33504,Neutral-CoT,V3,1
33509,Neutral-CoT,CN,2
33509,Neutral-CoT,R1,1
33532,Neutral-CoT,CN,1
33532,Neutral-CoT,CT,1
33532,Neutral-CoT,R1,2
33618,Neutral-CoT,CN,2
33618,Neutral-CoT,R1,2
33618,Neutral-CoT,V3,2
33649,Neutral-CoT,CN,1
33649,Neutral-CoT,CT,1
33649,Neutral-CoT,R1,1
33649,Neutral-CoT,V3,1
33741,Neutral-CoT,V3,1
33743,Neutral-CoT,CN,2
33743,Neutral-CoT,CT,2
33743,Neutral-CoT,R1,2
33743,Neutral-CoT,V3,2
33765,Neutral-CoT,CN,2
33765,Neutral-CoT,CT,2
33765,Neutral-CoT,R1,2
33765,Neutral-CoT,V3,2
33780,Neutral-CoT,CN,1
33780,Neutral-CoT,CT,1
33780,Neutral-CoT,R1,1
33780,Neutral-CoT,V3,1
33806,Neutral-CoT,CT,1
33806,Neutral-CoT,R1,1
33806,Neutral-CoT,V3,1
33808,Neutral-CoT,CN,2
33808,Neutral-CoT,CT,2
33808,Neutral-CoT,R1,2
33808,Neutral-CoT,V3,2
33856,Neutral-CoT,CN,1
33856,Neutral-CoT,CT,1
33856,Neutral-CoT,R1,1
33856,Neutral-CoT,V3,1
33859,Neutral-CoT,CN,2
33859,Neutral-CoT,CT,2
33859,Neutral-CoT,R1,2
33859,Neutral-CoT,V3,2
33890,Neutral-CoT,CN,2
33890,Neutral-CoT,CT,2
33890,Neutral-CoT,R1,2
33890,Neutral-CoT,V3,2
33936,Neutral-CoT,R1,2
33936,Neutral-CoT,V3,2
33940,Neutral-CoT,CN,1
33940,Neutral-CoT,CT,1
33940,Neutral-CoT,R1,1
33940,Neutral-CoT,V3,1
33961,Neutral-CoT,CN,1
33961,Neutral-CoT,CT,1
33961,Neutral-CoT,R1,1
33961,Neutral-CoT,V3,1
33962,Neutral-CoT,CN,2
33962,Neutral-CoT,CT,2
33962,Neutral-CoT,R1,2
33962,Neutral-CoT,V3,2
33986,Neutral-CoT,CN,1
33986,Neutral-CoT,CT,1
33986,Neutral-CoT,R1,1
33986,Neutral-CoT,V3,1
34029,Neutral-CoT,CN,2
34029,Neutral-CoT,CT,2
34029,Neutral-CoT,R1,2
34029,Neutral-CoT,V3,2
34084,Neutral-CoT,CN,1
34084,Neutral-CoT,R1,1
34084,Neutral-CoT,V3,1
34125,Neutral-CoT,CN,2
34125,Neutral-CoT,CT,2
34125,Neutral-CoT,R1,2
34125,Neutral-CoT,V3,2
34143,Neutral-CoT,CN,2
34143,Neutral-CoT,CT,2
34143,Neutral-CoT,R1,2
34143,Neutral-CoT,V3,2
34148,Neutral-CoT,CN,1
34148,Neutral-CoT,R1,1
34171,Neutral-CoT,CN,1
34171,Neutral-CoT,CT,1
34171,Neutral-CoT,R1,1
34171,Neutral-CoT,V3,1
34215,Neutral-CoT,CN,2
34215,Neutral-CoT,CT,2
34215,Neutral-CoT,R1,2
34215,Neutral-CoT,V3,2
34276,Neutral-CoT,CN,1
34276,Neutral-CoT,CT,1
34276,Neutral-CoT,R1,1
34276,Neutral-CoT,V3,1
34332,Neutral-CoT,CN,2
34332,Neutral-CoT,CT,2
34332,Neutral-CoT,R1,2
34332,Neutral-CoT,V3,2
34354,Neutral-CoT,CN,1
34354,Neutral-CoT,CT,1
34354,Neutral-CoT,V3,1
34404,Neutral-CoT,CN,2
34404,Neutral-CoT,CT,2
34404,Neutral-CoT,R1,2
34404,Neutral-CoT,V3,2
34414,Neutral-CoT,CN,1
34414,Neutral-CoT,R1,1
34414,Neutral-CoT,V3,2
34456,Neutral-CoT,R1,2
34456,Neutral-CoT,V3,2
34460,Neutral-CoT,CN,2
34460,Neutral-CoT,CT,2
34460,Neutral-CoT,R1,2
34460,Neutral-CoT,V3,2
34500,Neutral-CoT,CN,1
34500,Neutral-CoT,CT,1
34500,Neutral-CoT,R1,1
34500,Neutral-CoT,V3,1
34573,Neutral-CoT,V3,1
34667,Neutral-CoT,CN,2
34667,Neutral-CoT,CT,2
34667,Neutral-CoT,R1,2
34667,Neutral-CoT,V3,2
34714,Neutral-CoT,CN,2
34714,Neutral-CoT,CT,2
34714,Neutral-CoT,R1,2
34714,Neutral-CoT,V3,2
34754,Neutral-CoT,CT,2
34754,Neutral-CoT,R1,2
34754,Neutral-CoT,V3,2
34812,Neutral-CoT,CN,2
34812,Neutral-CoT,CT,2
34812,Neutral-CoT,R1,2
34812,Neutral-CoT,V3,2
34915,Neutral-CoT,CT,1
34915,Neutral-CoT,R1,2
34915,Neutral-CoT,V3,1
34918,Neutral-CoT,CN,2
34918,Neutral-CoT,CT,2
34918,Neutral-CoT,R1,2
34918,Neutral-CoT,V3,2
34930,Neutral-CoT,R1,2
34930,Neutral-CoT,V3,2
34944,Neutral-CoT,CN,2
34944,Neutral-CoT,CT,2
34944,Neutral-CoT,R1,2
34944,Neutral-CoT,V3,2
34983,Neutral-CoT,CN,2
34983,Neutral-CoT,CT,2
34983,Neutral-CoT,R1,2
34983,Neutral-CoT,V3,2
35058,Neutral-CoT,CN,2
35058,Neutral-CoT,CT,2
35058,Neutral-CoT,R1,2
35058,Neutral-CoT,V3,2
35064,Neutral-CoT,CN,1
35064,Neutral-CoT,CT,1
35064,Neutral-CoT,R1,1
35064,Neutral-CoT,V3,1
35127,Neutral-CoT,CN,2
35127,Neutral-CoT,CT,2
35127,Neutral-CoT,R1,2
35127,Neutral-CoT,V3,2
35156,Neutral-CoT,CN,2
35156,Neutral-CoT,CT,2
35156,Neutral-CoT,R1,2
35156,Neutral-CoT,V3,2
35174,Neutral-CoT,CN,1
35174,Neutral-CoT,CT,1
35174,Neutral-CoT,R1,1
35174,Neutral-CoT,V3,1
35191,Neutral-CoT,CN,2
35191,Neutral-CoT,CT,2
35191,Neutral-CoT,R1,2
35191,Neutral-CoT,V3,2
35201,Neutral-CoT,CN,2
35201,Neutral-CoT,CT,2
35201,Neutral-CoT,R1,2
35201,Neutral-CoT,V3,2
35204,Neutral-CoT,CN,2
35204,Neutral-CoT,CT,2
35204,Neutral-CoT,R1,2
35204,Neutral-CoT,V3,2
35282,Neutral-CoT,CN,2
35282,Neutral-CoT,CT,2
35282,Neutral-CoT,R1,2
35282,Neutral-CoT,V3,2
35287,Neutral-CoT,CN,1
35287,Neutral-CoT,CT,1
35287,Neutral-CoT,R1,1
35287,Neutral-CoT,V3,1
35397,Neutral-CoT,CN,2
35397,Neutral-CoT,V3,2
35429,Neutral-CoT,CN,2
35429,Neutral-CoT,CT,2
35429,Neutral-CoT,R1,2
35429,Neutral-CoT,V3,2
35467,Neutral-CoT,CN,1
35467,Neutral-CoT,CT,1
35467,Neutral-CoT,V3,1
35542,Neutral-CoT,CN,2
35542,Neutral-CoT,CT,2
35542,Neutral-CoT,V3,2
35564,Neutral-CoT,CN,2
35564,Neutral-CoT,CT,2
35564,Neutral-CoT,R1,2
35564,Neutral-CoT,V3,2
35592,Neutral-CoT,CN,1
35592,Neutral-CoT,CT,1
35592,Neutral-CoT,R1,1
35592,Neutral-CoT,V3,1
35643,Neutral-CoT,CN,2
35643,Neutral-CoT,CT,2
35643,Neutral-CoT,R1,2
35643,Neutral-CoT,V3,2
35653,Neutral-CoT,CN,1
35653,Neutral-CoT,CT,1
35653,Neutral-CoT,R1,1
35653,Neutral-CoT,V3,2
35715,Neutral-CoT,CN,2
35715,Neutral-CoT,CT,2
35715,Neutral-CoT,R1,2
35715,Neutral-CoT,V3,2
35732,Neutral-CoT,CN,2
35732,Neutral-CoT,CT,2
35732,Neutral-CoT,R1,2
35732,Neutral-CoT,V3,2
35738,Neutral-CoT,CN,2
35738,Neutral-CoT,CT,2
35738,Neutral-CoT,R1,2
35738,Neutral-CoT,V3,2
35743,Neutral-CoT,CN,2
35743,Neutral-CoT,CT,2
35743,Neutral-CoT,R1,2
35743,Neutral-CoT,V3,2
35871,Neutral-CoT,CT,2
35871,Neutral-CoT,R1,2
35871,Neutral-CoT,V3,2
35880,Neutral-CoT,CN,2
35880,Neutral-CoT,CT,2
35880,Neutral-CoT,R1,2
35880,Neutral-CoT,V3,2
35907,Neutral-CoT,CN,1
35907,Neutral-CoT,CT,2
35907,Neutral-CoT,R1,2
35912,Neutral-CoT,CN,1
35912,Neutral-CoT,CT,1
35912,Neutral-CoT,R1,1
35912,Neutral-CoT,V3,1
35918,Neutral-CoT,CN,2
35918,Neutral-CoT,CT,2
35918,Neutral-CoT,R1,2
35918,Neutral-CoT,V3,2
35939,Neutral-CoT,CN,2
35939,Neutral-CoT,CT,2
35939,Neutral-CoT,R1,2
35939,Neutral-CoT,V3,2
35991,Neutral-CoT,CN,2
35991,Neutral-CoT,CT,2
35991,Neutral-CoT,R1,2
35991,Neutral-CoT,V3,2
36100,Neutral-CoT,CN,2
36100,Neutral-CoT,CT,2
36100,Neutral-CoT,R1,2
36100,Neutral-CoT,V3,2
36117,Neutral-CoT,CN,1
36117,Neutral-CoT,CT,1
36117,Neutral-CoT,R1,1
36117,Neutral-CoT,V3,1
36126,Neutral-CoT,CN,2
36126,Neutral-CoT,CT,2
36126,Neutral-CoT,R1,2
36126,Neutral-CoT,V3,2
36186,Neutral-CoT,CN,2
36186,Neutral-CoT,CT,2
36186,Neutral-CoT,R1,2
36186,Neutral-CoT,V3,2
36190,Neutral-CoT,CN,1
36190,Neutral-CoT,CT,1
36190,Neutral-CoT,R1,1
36190,Neutral-CoT,V3,1
36199,Neutral-CoT,CN,2
36199,Neutral-CoT,CT,2
36199,Neutral-CoT,R1,2
36199,Neutral-CoT,V3,2
36209,Neutral-CoT,CN,1
36209,Neutral-CoT,CT,1
36209,Neutral-CoT,R1,1
36209,Neutral-CoT,V3,1
36223,Neutral-CoT,CT,2
36223,Neutral-CoT,R1,2
36223,Neutral-CoT,V3,2
36247,Neutral-CoT,CN,1
36247,Neutral-CoT,CT,1
36247,Neutral-CoT,R1,1
36247,Neutral-CoT,V3,1
36341,Neutral-CoT,CT,2
36341,Neutral-CoT,R1,2
36341,Neutral-CoT,V3,2
36403,Neutral-CoT,CN,1
36403,Neutral-CoT,V3,2
36419,Neutral-CoT,CN,2
36419,Neutral-CoT,CT,2
36419,Neutral-CoT,R1,2
36419,Neutral-CoT,V3,2
36434,Neutral-CoT,CN,2
36434,Neutral-CoT,CT,2
36434,Neutral-CoT,R1,2
36434,Neutral-CoT,V3,2
36449,Neutral-CoT,CN,1
36449,Neutral-CoT,CT,1
36449,Neutral-CoT,R1,1
36449,Neutral-CoT,V3,1
36482,Neutral-CoT,CN,2
36482,Neutral-CoT,CT,2
36482,Neutral-CoT,R1,2
36482,Neutral-CoT,V3,2
36557,Neutral-CoT,CN,2
36557,Neutral-CoT,CT,2
36557,Neutral-CoT,R1,2
36557,Neutral-CoT,V3,2
36686,Neutral-CoT,CN,2
36686,Neutral-CoT,CT,2
36686,Neutral-CoT,R1,2
36686,Neutral-CoT,V3,2
36689,Neutral-CoT,CT,2
36689,Neutral-CoT,V3,1
36734,Neutral-CoT,CN,1
36734,Neutral-CoT,CT,1
36734,Neutral-CoT,R1,1
36734,Neutral-CoT,V3,1
36743,Neutral-CoT,CN,1
36743,Neutral-CoT,CT,1
36743,Neutral-CoT,R1,1
36743,Neutral-CoT,V3,1
36767,Neutral-CoT,R1,2
36767,Neutral-CoT,V3,2
36785,Neutral-CoT,V3,2
36812,Neutral-CoT,CN,2
36812,Neutral-CoT,CT,2
36812,Neutral-CoT,R1,2
36812,Neutral-CoT,V3,2
36819,Neutral-CoT,R1,2
36819,Neutral-CoT,V3,2
36849,Neutral-CoT,CN,2
36849,Neutral-CoT,CT,2
36849,Neutral-CoT,R1,2
36849,Neutral-CoT,V3,2
36960,Neutral-CoT,CN,2
36960,Neutral-CoT,CT,2
36960,Neutral-CoT,R1,2
36960,Neutral-CoT,V3,2
36974,Neutral-CoT,CN,2
36974,Neutral-CoT,CT,2
36974,Neutral-CoT,R1,2
36974,Neutral-CoT,V3,2
37006,Neutral-CoT,CN,2
37006,Neutral-CoT,CT,2
37006,Neutral-CoT,R1,2
37006,Neutral-CoT,V3,2
37016,Neutral-CoT,CN,2
37016,Neutral-CoT,CT,2
37016,Neutral-CoT,R1,2
37016,Neutral-CoT,V3,2
37020,Neutral-CoT,CN,1
37020,Neutral-CoT,CT,1
37020,Neutral-CoT,R1,1
37020,Neutral-CoT,V3,1
37082,Neutral-CoT,CN,2
37082,Neutral-CoT,CT,2
37082,Neutral-CoT,R1,2
37082,Neutral-CoT,V3,2
37102,Neutral-CoT,R1,2
37102,Neutral-CoT,V3,2
37114,Neutral-CoT,CN,1
37114,Neutral-CoT,CT,1
37114,Neutral-CoT,R1,2
37114,Neutral-CoT,V3,2
37124,Neutral-CoT,CN,2
37124,Neutral-CoT,CT,2
37124,Neutral-CoT,R1,2
37124,Neutral-CoT,V3,2
37184,Neutral-CoT,CN,1
37184,Neutral-CoT,CT,1
37234,Neutral-CoT,CT,1
37234,Neutral-CoT,R1,1
37245,Neutral-CoT,CN,1
37245,Neutral-CoT,CT,1
37245,Neutral-CoT,R1,1
37245,Neutral-CoT,V3,1
37249,Neutral-CoT,CN,1
37249,Neutral-CoT,CT,1
37249,Neutral-CoT,R1,1
37258,Neutral-CoT,CN,2
37258,Neutral-CoT,CT,2
37258,Neutral-CoT,R1,2
37327,Neutral-CoT,CN,1
37327,Neutral-CoT,CT,1
37327,Neutral-CoT,V3,1
37367,Neutral-CoT,CN,2
37367,Neutral-CoT,CT,2
37367,Neutral-CoT,R1,2
37367,Neutral-CoT,V3,2
37404,Neutral-CoT,CN,2
37404,Neutral-CoT,V3,1
37422,Neutral-CoT,CN,1
37422,Neutral-CoT,CT,1
37422,Neutral-CoT,R1,1
37422,Neutral-CoT,V3,1
37432,Neutral-CoT,CN,2
37432,Neutral-CoT,CT,2
37432,Neutral-CoT,R1,2
37432,Neutral-CoT,V3,2
37435,Neutral-CoT,CN,1
37435,Neutral-CoT,CT,1
37435,Neutral-CoT,R1,1
37490,Neutral-CoT,CN,1
37490,Neutral-CoT,CT,1
37490,Neutral-CoT,R1,1
37490,Neutral-CoT,V3,1
37537,Neutral-CoT,CN,2
37537,Neutral-CoT,CT,2
37537,Neutral-CoT,R1,2
37537,Neutral-CoT,V3,2
37542,Neutral-CoT,CT,2
37542,Neutral-CoT,R1,1
37542,Neutral-CoT,V3,1
37569,Neutral-CoT,CN,2
37569,Neutral-CoT,CT,2
37569,Neutral-CoT,R1,2
37569,Neutral-CoT,V3,2
37608,Neutral-CoT,CN,1
37608,Neutral-CoT,CT,1
37608,Neutral-CoT,V3,2
37614,Neutral-CoT,CN,2
37614,Neutral-CoT,CT,2
37614,Neutral-CoT,R1,2
37614,Neutral-CoT,V3,2
37617,Neutral-CoT,CN,2
37617,Neutral-CoT,CT,2
37617,Neutral-CoT,R1,2
37617,Neutral-CoT,V3,2
37679,Neutral-CoT,CN,1
37679,Neutral-CoT,CT,1
37679,Neutral-CoT,R1,1
37679,Neutral-CoT,V3,1
37723,Neutral-CoT,CN,2
37723,Neutral-CoT,CT,2
37723,Neutral-CoT,R1,2
37723,Neutral-CoT,V3,2
37725,Neutral-CoT,R1,2
37725,Neutral-CoT,V3,1
37741,Neutral-CoT,CN,1
37741,Neutral-CoT,CT,1
37741,Neutral-CoT,R1,2
37741,Neutral-CoT,V3,2
37743,Neutral-CoT,CN,2
37743,Neutral-CoT,CT,2
37743,Neutral-CoT,R1,2
37842,Neutral-CoT,CN,1
37842,Neutral-CoT,CT,1
37842,Neutral-CoT,R1,1
37842,Neutral-CoT,V3,1
37843,Neutral-CoT,CN,1
37843,Neutral-CoT,CT,1
37909,Neutral-CoT,CN,1
37909,Neutral-CoT,CT,1
37909,Neutral-CoT,R1,1
37909,Neutral-CoT,V3,1
37955,Neutral-CoT,CN,1
37955,Neutral-CoT,CT,1
37955,Neutral-CoT,R1,1
37955,Neutral-CoT,V3,1
38026,Neutral-CoT,CN,2
38026,Neutral-CoT,CT,2
38026,Neutral-CoT,R1,2
38026,Neutral-CoT,V3,2
38068,Neutral-CoT,CN,2
38068,Neutral-CoT,CT,2
38068,Neutral-CoT,R1,2
38068,Neutral-CoT,V3,2
38078,Neutral-CoT,CN,2
38078,Neutral-CoT,CT,2
38078,Neutral-CoT,R1,2
38078,Neutral-CoT,V3,2
38093,Neutral-CoT,CN,2
38093,Neutral-CoT,CT,2
38130,Neutral-CoT,CN,1
38130,Neutral-CoT,CT,1
38130,Neutral-CoT,R1,1
38130,Neutral-CoT,V3,2
38144,Neutral-CoT,CN,1
38144,Neutral-CoT,CT,1
38144,Neutral-CoT,R1,1
38144,Neutral-CoT,V3,1
38146,Neutral-CoT,CN,1
38146,Neutral-CoT,CT,1
38146,Neutral-CoT,R1,1
38146,Neutral-CoT,V3,1
38166,Neutral-CoT,CN,1
38166,Neutral-CoT,CT,1
38166,Neutral-CoT,R1,1
38166,Neutral-CoT,V3,1
38168,Neutral-CoT,CN,1
38168,Neutral-CoT,CT,1
38168,Neutral-CoT,R1,1
38168,Neutral-CoT,V3,1
38191,Neutral-CoT,CN,2
38191,Neutral-CoT,CT,2
38191,Neutral-CoT,R1,2
38191,Neutral-CoT,V3,2
38245,Neutral-CoT,CN,1
38245,Neutral-CoT,CT,1
38245,Neutral-CoT,R1,1
38245,Neutral-CoT,V3,1
38267,Neutral-CoT,CN,2
38267,Neutral-CoT,CT,2
38267,Neutral-CoT,R1,2
38267,Neutral-CoT,V3,2
38352,Neutral-CoT,CN,1
38352,Neutral-CoT,CT,1
38352,Neutral-CoT,R1,1
38352,Neutral-CoT,V3,1
38363,Neutral-CoT,CT,2
38363,Neutral-CoT,R1,2
38390,Neutral-CoT,CN,2
38390,Neutral-CoT,CT,2
38395,Neutral-CoT,CN,1
38395,Neutral-CoT,CT,1
38395,Neutral-CoT,R1,1
38395,Neutral-CoT,V3,1
38425,Neutral-CoT,CN,2
38425,Neutral-CoT,CT,2
38425,Neutral-CoT,R1,2
38425,Neutral-CoT,V3,2
38485,Neutral-CoT,CN,1
38485,Neutral-CoT,CT,1
38485,Neutral-CoT,R1,1
38485,Neutral-CoT,V3,1
38518,Neutral-CoT,CN,1
38518,Neutral-CoT,CT,1
38518,Neutral-CoT,R1,1
38518,Neutral-CoT,V3,1
38530,Neutral-CoT,CN,1
38530,Neutral-CoT,CT,1
38530,Neutral-CoT,R1,1
38530,Neutral-CoT,V3,1
38533,Neutral-CoT,CN,2
38533,Neutral-CoT,CT,2
38533,Neutral-CoT,R1,2
38533,Neutral-CoT,V3,2
38554,Neutral-CoT,CN,1
38554,Neutral-CoT,CT,1
38554,Neutral-CoT,R1,2
38554,Neutral-CoT,V3,2
38562,Neutral-CoT,CN,2
38562,Neutral-CoT,CT,2
38562,Neutral-CoT,R1,2
38562,Neutral-CoT,V3,2
38593,Neutral-CoT,CN,2
38593,Neutral-CoT,CT,2
38593,Neutral-CoT,R1,2
38593,Neutral-CoT,V3,2
38627,Neutral-CoT,CN,2
38627,Neutral-CoT,CT,2
38627,Neutral-CoT,R1,2
38627,Neutral-CoT,V3,2
38630,Neutral-CoT,CN,1
38630,Neutral-CoT,CT,1
38630,Neutral-CoT,V3,1
38721,Neutral-CoT,CN,1
38721,Neutral-CoT,CT,1
38721,Neutral-CoT,R1,1
38721,Neutral-CoT,V3,1
38773,Neutral-CoT,CN,2
38773,Neutral-CoT,CT,2
38773,Neutral-CoT,R1,2
38773,Neutral-CoT,V3,2
38802,Neutral-CoT,CN,1
38802,Neutral-CoT,R1,2
38802,Neutral-CoT,V3,2
38809,Neutral-CoT,CN,1
38809,Neutral-CoT,CT,1
38809,Neutral-CoT,R1,1
38811,Neutral-CoT,CT,1
38811,Neutral-CoT,R1,2
38811,Neutral-CoT,V3,2
38829,Neutral-CoT,CN,1
38829,Neutral-CoT,CT,1
38829,Neutral-CoT,R1,1
38829,Neutral-CoT,V3,1
38858,Neutral-CoT,CN,1
38858,Neutral-CoT,CT,1
38920,Neutral-CoT,R1,2
38928,Neutral-CoT,CN,2
38928,Neutral-CoT,CT,2
38928,Neutral-CoT,R1,2
38928,Neutral-CoT,V3,2
38947,Neutral-CoT,CN,1
38947,Neutral-CoT,CT,1
38947,Neutral-CoT,R1,1
38947,Neutral-CoT,V3,1
39000,Neutral-CoT,CN,1
39000,Neutral-CoT,CT,1
39000,Neutral-CoT,R1,1
39000,Neutral-CoT,V3,1
39152,Neutral-CoT,CN,1
39152,Neutral-CoT,CT,1
39152,Neutral-CoT,R1,1
39152,Neutral-CoT,V3,1
39199,Neutral-CoT,CN,1
39199,Neutral-CoT,CT,1
39199,Neutral-CoT,R1,1
39199,Neutral-CoT,V3,1
39321,Neutral-CoT,CN,1
39321,Neutral-CoT,CT,1
39321,Neutral-CoT,R1,1
39321,Neutral-CoT,V3,1
39356,Neutral-CoT,CN,2
39356,Neutral-CoT,CT,2
39356,Neutral-CoT,R1,2
39356,Neutral-CoT,V3,2
39388,Neutral-CoT,CN,2
39388,Neutral-CoT,CT,2
39388,Neutral-CoT,R1,2
39388,Neutral-CoT,V3,2
39457,Neutral-CoT,CN,1
39457,Neutral-CoT,CT,1
39457,Neutral-CoT,R1,1
39457,Neutral-CoT,V3,1
39466,Neutral-CoT,CN,1
39466,Neutral-CoT,CT,1
39466,Neutral-CoT,V3,1
39532,Neutral-CoT,CN,2
39532,Neutral-CoT,CT,2
39532,Neutral-CoT,R1,2
39532,Neutral-CoT,V3,2
39553,Neutral-CoT,CN,2
39553,Neutral-CoT,CT,2
39553,Neutral-CoT,R1,2
39553,Neutral-CoT,V3,2
39557,Neutral-CoT,CN,1
39557,Neutral-CoT,CT,1
39557,Neutral-CoT,R1,1
39557,Neutral-CoT,V3,1
39630,Neutral-CoT,CN,1
39630,Neutral-CoT,CT,1
39630,Neutral-CoT,V3,1
39715,Neutral-CoT,CN,1
39715,Neutral-CoT,CT,1
39715,Neutral-CoT,R1,1
39715,Neutral-CoT,V3,1
39795,Neutral-CoT,CN,2
39795,Neutral-CoT,CT,2
39795,Neutral-CoT,R1,2
39795,Neutral-CoT,V3,1
39804,Neutral-CoT,CN,1
39804,Neutral-CoT,CT,1
39804,Neutral-CoT,R1,1
39804,Neutral-CoT,V3,1
39833,Neutral-CoT,CN,2
39833,Neutral-CoT,CT,2
39833,Neutral-CoT,R1,2
39833,Neutral-CoT,V3,2
39842,Neutral-CoT,CN,1
39842,Neutral-CoT,CT,1
39842,Neutral-CoT,R1,1
39842,Neutral-CoT,V3,1
39855,Neutral-CoT,CN,1
39855,Neutral-CoT,CT,1
39855,Neutral-CoT,V3,1
39864,Neutral-CoT,CN,2
39864,Neutral-CoT,CT,2
39864,Neutral-CoT,R1,2
39864,Neutral-CoT,V3,2
39884,Neutral-CoT,CN,2
39884,Neutral-CoT,CT,2
39884,Neutral-CoT,R1,2
39884,Neutral-CoT,V3,2
39918,Neutral-CoT,CN,2
39918,Neutral-CoT,R1,2
39918,Neutral-CoT,V3,1
40029,Neutral-CoT,CN,1
40029,Neutral-CoT,CT,1
40029,Neutral-CoT,R1,1
40029,Neutral-CoT,V3,1
40068,Neutral-CoT,CN,1
40068,Neutral-CoT,CT,1
40068,Neutral-CoT,R1,1
40068,Neutral-CoT,V3,1
40135,Neutral-CoT,CN,1
40135,Neutral-CoT,CT,1
40135,Neutral-CoT,R1,1
40135,Neutral-CoT,V3,1
40145,Neutral-CoT,CN,2
40145,Neutral-CoT,CT,2
40145,Neutral-CoT,R1,2
40145,Neutral-CoT,V3,2
40164,Neutral-CoT,CN,1
40164,Neutral-CoT,CT,1
40164,Neutral-CoT,R1,1
40164,Neutral-CoT,V3,1
40169,Neutral-CoT,CN,1
40169,Neutral-CoT,CT,1
40296,Neutral-CoT,CN,2
40296,Neutral-CoT,CT,2
40296,Neutral-CoT,R1,2
40296,Neutral-CoT,V3,2
40352,Neutral-CoT,CN,2
40352,Neutral-CoT,CT,2
40376,Neutral-CoT,CN,1
40376,Neutral-CoT,CT,1
40376,Neutral-CoT,R1,1
40497,Neutral-CoT,CN,2
40497,Neutral-CoT,CT,2
40497,Neutral-CoT,R1,2
40497,Neutral-CoT,V3,2
40535,Neutral-CoT,CN,1
40535,Neutral-CoT,CT,1
40535,Neutral-CoT,R1,1
40535,Neutral-CoT,V3,1
40542,Neutral-CoT,CN,2
40542,Neutral-CoT,CT,2
40542,Neutral-CoT,R1,2
40542,Neutral-CoT,V3,2
40622,Neutral-CoT,CN,2
40622,Neutral-CoT,CT,2
40622,Neutral-CoT,R1,2
40622,Neutral-CoT,V3,2
40625,Neutral-CoT,CN,2
40625,Neutral-CoT,CT,2
40625,Neutral-CoT,R1,2
40625,Neutral-CoT,V3,2
40653,Neutral-CoT,CN,2
40653,Neutral-CoT,CT,2
40653,Neutral-CoT,R1,2
40653,Neutral-CoT,V3,2
40762,Neutral-CoT,CN,1
40762,Neutral-CoT,CT,1
40762,Neutral-CoT,R1,1
40762,Neutral-CoT,V3,1
40853,Neutral-CoT,CN,1
40853,Neutral-CoT,CT,1
40853,Neutral-CoT,R1,1
40853,Neutral-CoT,V3,1
40855,Neutral-CoT,CN,2
40855,Neutral-CoT,CT,2
40855,Neutral-CoT,R1,2
40855,Neutral-CoT,V3,2
40857,Neutral-CoT,CN,2
40857,Neutral-CoT,CT,2
40857,Neutral-CoT,R1,2
40857,Neutral-CoT,V3,2
40920,Neutral-CoT,CN,1
40920,Neutral-CoT,CT,1
40920,Neutral-CoT,R1,2
40920,Neutral-CoT,V3,1
40923,Neutral-CoT,CT,2
40923,Neutral-CoT,R1,2
40969,Neutral-CoT,CN,1
40969,Neutral-CoT,CT,1
40969,Neutral-CoT,R1,1
40969,Neutral-CoT,V3,1
40991,Neutral-CoT,CN,1
40991,Neutral-CoT,CT,1
40991,Neutral-CoT,R1,1
40991,Neutral-CoT,V3,1
41001,Neutral-CoT,CN,2
41001,Neutral-CoT,CT,2
41001,Neutral-CoT,R1,2
41001,Neutral-CoT,V3,2
41077,Neutral-CoT,CN,1
41077,Neutral-CoT,CT,1
41077,Neutral-CoT,R1,1
41077,Neutral-CoT,V3,1
41103,Neutral-CoT,CN,2
41103,Neutral-CoT,CT,2
41103,Neutral-CoT,R1,2
41103,Neutral-CoT,V3,2
41150,Neutral-CoT,V3,2
41152,Neutral-CoT,R1,2
41152,Neutral-CoT,V3,2
41237,Neutral-CoT,CN,1
41237,Neutral-CoT,CT,1
41237,Neutral-CoT,R1,1
41237,Neutral-CoT,V3,1
41239,Neutral-CoT,CN,1
41239,Neutral-CoT,CT,1
41239,Neutral-CoT,R1,1
41239,Neutral-CoT,V3,1
41273,Neutral-CoT,CN,1
41273,Neutral-CoT,CT,1
41273,Neutral-CoT,R1,1
41273,Neutral-CoT,V3,1
41360,Neutral-CoT,V3,2
41368,Neutral-CoT,CN,1
41368,Neutral-CoT,CT,1
41368,Neutral-CoT,R1,1
41368,Neutral-CoT,V3,1
41416,Neutral-CoT,CN,1
41416,Neutral-CoT,CT,1
41416,Neutral-CoT,R1,1
41416,Neutral-CoT,V3,1
41457,Neutral-CoT,CN,2
41457,Neutral-CoT,CT,2
41457,Neutral-CoT,R1,1
41457,Neutral-CoT,V3,2
41472,Neutral-CoT,CN,1
41472,Neutral-CoT,CT,1
41472,Neutral-CoT,R1,1
41472,Neutral-CoT,V3,1
41514,Neutral-CoT,CN,2
41514,Neutral-CoT,R1,2
41514,Neutral-CoT,V3,2
41581,Neutral-CoT,CN,2
41581,Neutral-CoT,CT,2
41581,Neutral-CoT,R1,2
41581,Neutral-CoT,V3,2
41590,Neutral-CoT,CN,1
41590,Neutral-CoT,CT,1
41590,Neutral-CoT,R1,1
41590,Neutral-CoT,V3,1
41607,Neutral-CoT,CN,1
41607,Neutral-CoT,R1,1
41607,Neutral-CoT,V3,2
41636,Neutral-CoT,CN,1
41636,Neutral-CoT,CT,1
41636,Neutral-CoT,R1,1
41636,Neutral-CoT,V3,1
41704,Neutral-CoT,CN,1
41704,Neutral-CoT,CT,1
41704,Neutral-CoT,R1,1
41704,Neutral-CoT,V3,1
41829,Neutral-CoT,CN,1
41829,Neutral-CoT,CT,1
41829,Neutral-CoT,V3,2
41836,Neutral-CoT,CN,1
41836,Neutral-CoT,CT,1
41836,Neutral-CoT,R1,1
41836,Neutral-CoT,V3,1
41906,Neutral-CoT,CN,2
41906,Neutral-CoT,CT,2
41906,Neutral-CoT,R1,2
41906,Neutral-CoT,V3,2
41973,Neutral-CoT,CN,2
41973,Neutral-CoT,CT,2
41973,Neutral-CoT,R1,2
41973,Neutral-CoT,V3,2
42006,Neutral-CoT,CN,2
42006,Neutral-CoT,R1,2
42006,Neutral-CoT,V3,2
42040,Neutral-CoT,CN,1
42040,Neutral-CoT,CT,1
42040,Neutral-CoT,R1,1
42040,Neutral-CoT,V3,1
42067,Neutral-CoT,CN,1
42067,Neutral-CoT,CT,1
42067,Neutral-CoT,R1,1
42067,Neutral-CoT,V3,1
42086,Neutral-CoT,CN,2
42086,Neutral-CoT,CT,2
42086,Neutral-CoT,R1,2
42086,Neutral-CoT,V3,2
42112,Neutral-CoT,CN,2
42112,Neutral-CoT,CT,2
42112,Neutral-CoT,R1,2
42112,Neutral-CoT,V3,2
42166,Neutral-CoT,CN,2
42166,Neutral-CoT,CT,2
42166,Neutral-CoT,R1,2
42166,Neutral-CoT,V3,2
42174,Neutral-CoT,CN,1
42174,Neutral-CoT,V3,2
42185,Neutral-CoT,CN,2
42185,Neutral-CoT,CT,2
42185,Neutral-CoT,R1,2
42185,Neutral-CoT,V3,2
42228,Neutral-CoT,CN,2
42228,Neutral-CoT,CT,2
42228,Neutral-CoT,R1,2
42228,Neutral-CoT,V3,2
42330,Neutral-CoT,CN,1
42330,Neutral-CoT,CT,1
42330,Neutral-CoT,R1,1
42330,Neutral-CoT,V3,1
42335,Neutral-CoT,CT,2
42335,Neutral-CoT,R1,2
42335,Neutral-CoT,V3,2
42344,Neutral-CoT,CN,2
42344,Neutral-CoT,CT,2
42344,Neutral-CoT,R1,2
42344,Neutral-CoT,V3,2
42391,Neutral-CoT,CN,2
42391,Neutral-CoT,CT,2
42391,Neutral-CoT,R1,2
42391,Neutral-CoT,V3,2
42428,Neutral-CoT,CN,1
42428,Neutral-CoT,CT,1
42428,Neutral-CoT,V3,1
42468,Neutral-CoT,CN,2
42468,Neutral-CoT,CT,2
42468,Neutral-CoT,R1,2
42468,Neutral-CoT,V3,2
42520,Neutral-CoT,CN,2
42520,Neutral-CoT,CT,2
42520,Neutral-CoT,R1,2
42520,Neutral-CoT,V3,1
42521,Neutral-CoT,CN,1
42521,Neutral-CoT,CT,1
42521,Neutral-CoT,R1,1
42521,Neutral-CoT,V3,1
42568,Neutral-CoT,CN,1
42568,Neutral-CoT,CT,1
42568,Neutral-CoT,R1,1
42572,Neutral-CoT,CN,2
42572,Neutral-CoT,CT,2
42572,Neutral-CoT,R1,2
42572,Neutral-CoT,V3,2
42585,Neutral-CoT,CN,1
42585,Neutral-CoT,CT,1
42585,Neutral-CoT,R1,1
42585,Neutral-CoT,V3,1
42609,Neutral-CoT,CT,2
42609,Neutral-CoT,R1,2
42609,Neutral-CoT,V3,2
42690,Neutral-CoT,CN,1
42690,Neutral-CoT,CT,1
42714,Neutral-CoT,CN,2
42714,Neutral-CoT,CT,2
42714,Neutral-CoT,R1,2
42714,Neutral-CoT,V3,2
42742,Neutral-CoT,CN,1
42742,Neutral-CoT,CT,1
42742,Neutral-CoT,R1,1
42860,Neutral-CoT,CN,2
42860,Neutral-CoT,CT,2
42860,Neutral-CoT,R1,2
42860,Neutral-CoT,V3,2
42886,Neutral-CoT,CN,2
42886,Neutral-CoT,CT,2
42886,Neutral-CoT,R1,2
42886,Neutral-CoT,V3,2
42922,Neutral-CoT,R1,2
42922,Neutral-CoT,V3,2
43042,Neutral-CoT,CN,1
43042,Neutral-CoT,CT,1
43042,Neutral-CoT,R1,1
43042,Neutral-CoT,V3,1
43070,Neutral-CoT,CN,2
43070,Neutral-CoT,CT,2
43070,Neutral-CoT,R1,2
43070,Neutral-CoT,V3,2
43113,Neutral-CoT,R1,1
43164,Neutral-CoT,CN,2
43164,Neutral-CoT,CT,2
43164,Neutral-CoT,V3,2
43191,Neutral-CoT,CN,1
43191,Neutral-CoT,CT,1
43191,Neutral-CoT,R1,1
43191,Neutral-CoT,V3,1
43285,Neutral-CoT,CN,1
43285,Neutral-CoT,CT,1
43285,Neutral-CoT,R1,1
43285,Neutral-CoT,V3,1
43295,Neutral-CoT,CN,2
43295,Neutral-CoT,CT,2
43295,Neutral-CoT,R1,2
43295,Neutral-CoT,V3,2
43350,Neutral-CoT,CN,2
43350,Neutral-CoT,CT,2
43350,Neutral-CoT,R1,2
43350,Neutral-CoT,V3,2
43486,Neutral-CoT,CN,1
43486,Neutral-CoT,CT,1
43486,Neutral-CoT,R1,1
43486,Neutral-CoT,V3,1
43526,Neutral-CoT,CN,2
43526,Neutral-CoT,CT,2
43526,Neutral-CoT,R1,2
43526,Neutral-CoT,V3,2
43621,Neutral-CoT,CN,2
43621,Neutral-CoT,CT,2
43621,Neutral-CoT,R1,2
43621,Neutral-CoT,V3,2
43668,Neutral-CoT,CN,2
43668,Neutral-CoT,CT,2
43668,Neutral-CoT,R1,2
43668,Neutral-CoT,V3,2
43764,Neutral-CoT,CN,2
43764,Neutral-CoT,CT,2
43764,Neutral-CoT,R1,2
43764,Neutral-CoT,V3,2
43800,Neutral-CoT,CN,1
43800,Neutral-CoT,CT,1
43800,Neutral-CoT,V3,1
43811,Neutral-CoT,CN,2
43811,Neutral-CoT,CT,2
43811,Neutral-CoT,R1,2
43811,Neutral-CoT,V3,2
43878,Neutral-CoT,CN,1
43878,Neutral-CoT,CT,1
43878,Neutral-CoT,R1,1
43878,Neutral-CoT,V3,1
44063,Neutral-CoT,CT,1
44063,Neutral-CoT,R1,2
44063,Neutral-CoT,V3,2
44064,Neutral-CoT,CN,2
44064,Neutral-CoT,CT,2
44064,Neutral-CoT,R1,2
44064,Neutral-CoT,V3,2
44147,Neutral-CoT,CT,1
44147,Neutral-CoT,R1,2
44167,Neutral-CoT,CN,2
44167,Neutral-CoT,CT,2
44167,Neutral-CoT,R1,2
44167,Neutral-CoT,V3,2
44178,Neutral-CoT,CN,2
44178,Neutral-CoT,CT,2
44178,Neutral-CoT,R1,2
44178,Neutral-CoT,V3,2
44313,Neutral-CoT,CN,2
44313,Neutral-CoT,CT,2
44313,Neutral-CoT,R1,2
44313,Neutral-CoT,V3,2
44380,Neutral-CoT,CN,1
44380,Neutral-CoT,CT,1
44380,Neutral-CoT,R1,1
44380,Neutral-CoT,V3,1
44400,Neutral-CoT,CN,2
44400,Neutral-CoT,CT,2
44400,Neutral-CoT,R1,2
44400,Neutral-CoT,V3,2
44415,Neutral-CoT,CN,2
44415,Neutral-CoT,CT,2
44415,Neutral-CoT,R1,2
44415,Neutral-CoT,V3,2
44430,Neutral-CoT,CN,2
44430,Neutral-CoT,CT,2
44430,Neutral-CoT,R1,2
44430,Neutral-CoT,V3,2
44444,Neutral-CoT,CN,2
44444,Neutral-CoT,CT,2
44444,Neutral-CoT,R1,2
44444,Neutral-CoT,V3,2
44458,Neutral-CoT,CN,2
44458,Neutral-CoT,CT,2
44458,Neutral-CoT,R1,2
44458,Neutral-CoT,V3,2
44475,Neutral-CoT,CN,1
44475,Neutral-CoT,CT,1
44475,Neutral-CoT,R1,2
44475,Neutral-CoT,V3,1
44479,Neutral-CoT,CN,2
44479,Neutral-CoT,CT,2
44479,Neutral-CoT,R1,2
44479,Neutral-CoT,V3,2
44628,Neutral-CoT,CN,1
44628,Neutral-CoT,CT,1
44628,Neutral-CoT,R1,1
44628,Neutral-CoT,V3,1
44682,Neutral-CoT,CN,1
44682,Neutral-CoT,CT,1
44682,Neutral-CoT,R1,1
44682,Neutral-CoT,V3,1
44743,Neutral-CoT,CT,2
44743,Neutral-CoT,V3,2
44812,Neutral-CoT,CN,2
44812,Neutral-CoT,CT,2
44812,Neutral-CoT,R1,2
44812,Neutral-CoT,V3,2
44833,Neutral-CoT,CN,2
44833,Neutral-CoT,CT,1
44833,Neutral-CoT,R1,1
44833,Neutral-CoT,V3,2
44841,Neutral-CoT,CN,1
44841,Neutral-CoT,CT,1
44841,Neutral-CoT,R1,1
44841,Neutral-CoT,V3,1
44887,Neutral-CoT,CN,2
44887,Neutral-CoT,CT,2
44887,Neutral-CoT,R1,2
44887,Neutral-CoT,V3,2
44967,Neutral-CoT,CN,1
44967,Neutral-CoT,CT,1
44967,Neutral-CoT,R1,1
44967,Neutral-CoT,V3,1
45012,Neutral-CoT,CN,2
45012,Neutral-CoT,CT,2
45012,Neutral-CoT,R1,2
45012,Neutral-CoT,V3,2
45024,Neutral-CoT,CN,1
45024,Neutral-CoT,CT,1
45024,Neutral-CoT,R1,1
45024,Neutral-CoT,V3,1
45075,Neutral-CoT,CN,2
45075,Neutral-CoT,CT,2
45075,Neutral-CoT,R1,2
45075,Neutral-CoT,V3,2
45117,Neutral-CoT,CN,2
45117,Neutral-CoT,CT,2
45117,Neutral-CoT,R1,2
45117,Neutral-CoT,V3,2
45137,Neutral-CoT,CN,2
45137,Neutral-CoT,CT,2
45137,Neutral-CoT,R1,2
45137,Neutral-CoT,V3,2
45175,Neutral-CoT,CN,2
45175,Neutral-CoT,CT,2
45175,Neutral-CoT,R1,2
45184,Neutral-CoT,CN,1
45184,Neutral-CoT,CT,1
45184,Neutral-CoT,R1,1
45184,Neutral-CoT,V3,1
45190,Neutral-CoT,CN,1
45190,Neutral-CoT,CT,1
45190,Neutral-CoT,R1,1
45190,Neutral-CoT,V3,1
45199,Neutral-CoT,CN,1
45199,Neutral-CoT,CT,1
45199,Neutral-CoT,R1,1
45199,Neutral-CoT,V3,1
45289,Neutral-CoT,CN,1
45289,Neutral-CoT,CT,1
45289,Neutral-CoT,R1,1
45289,Neutral-CoT,V3,2
45314,Neutral-CoT,CN,1
45314,Neutral-CoT,CT,1
45314,Neutral-CoT,V3,1
45337,Neutral-CoT,CN,1
45337,Neutral-CoT,CT,1
45337,Neutral-CoT,R1,1
45337,Neutral-CoT,V3,1
45340,Neutral-CoT,CN,2
45340,Neutral-CoT,CT,2
45340,Neutral-CoT,R1,2
45340,Neutral-CoT,V3,2
45390,Neutral-CoT,CN,2
45390,Neutral-CoT,CT,2
45390,Neutral-CoT,R1,2
45390,Neutral-CoT,V3,2
45424,Neutral-CoT,CN,2
45424,Neutral-CoT,R1,2
45424,Neutral-CoT,V3,1
45470,Neutral-CoT,CN,2
45470,Neutral-CoT,CT,2
45470,Neutral-CoT,R1,2
45470,Neutral-CoT,V3,2
45492,Neutral-CoT,CN,1
45492,Neutral-CoT,CT,1
45492,Neutral-CoT,R1,1
45492,Neutral-CoT,V3,1
45529,Neutral-CoT,CN,2
45529,Neutral-CoT,CT,2
45529,Neutral-CoT,R1,2
45529,Neutral-CoT,V3,2
45544,Neutral-CoT,CN,2
45544,Neutral-CoT,CT,2
45544,Neutral-CoT,R1,2
45544,Neutral-CoT,V3,2
45784,Neutral-CoT,CN,1
45784,Neutral-CoT,CT,1
45784,Neutral-CoT,R1,1
45784,Neutral-CoT,V3,1
45800,Neutral-CoT,CN,2
45800,Neutral-CoT,CT,2
45800,Neutral-CoT,R1,2
45800,Neutral-CoT,V3,2
45811,Neutral-CoT,CN,2
45811,Neutral-CoT,CT,2
45811,Neutral-CoT,R1,2
45811,Neutral-CoT,V3,2
45837,Neutral-CoT,CN,1
45837,Neutral-CoT,CT,1
45837,Neutral-CoT,R1,1
45837,Neutral-CoT,V3,1
45857,Neutral-CoT,CN,2
45857,Neutral-CoT,CT,2
45857,Neutral-CoT,R1,2
45857,Neutral-CoT,V3,2
45893,Neutral-CoT,CN,2
45893,Neutral-CoT,CT,2
45893,Neutral-CoT,R1,2
45893,Neutral-CoT,V3,2
45919,Neutral-CoT,R1,1
45919,Neutral-CoT,V3,1
45938,Neutral-CoT,CN,2
45938,Neutral-CoT,CT,2
45938,Neutral-CoT,R1,2
45938,Neutral-CoT,V3,2
45983,Neutral-CoT,CN,2
45983,Neutral-CoT,CT,2
45983,Neutral-CoT,R1,2
45983,Neutral-CoT,V3,2
45985,Neutral-CoT,CN,1
45985,Neutral-CoT,CT,1
45985,Neutral-CoT,R1,1
45985,Neutral-CoT,V3,1
46026,Neutral-CoT,CN,2
46026,Neutral-CoT,CT,2
46026,Neutral-CoT,R1,2
46026,Neutral-CoT,V3,1
46132,Neutral-CoT,CN,1
46132,Neutral-CoT,CT,1
46132,Neutral-CoT,R1,1
46132,Neutral-CoT,V3,1
46147,Neutral-CoT,CN,1
46147,Neutral-CoT,CT,1
46147,Neutral-CoT,R1,1
46147,Neutral-CoT,V3,1
46160,Neutral-CoT,CN,1
46160,Neutral-CoT,CT,1
46160,Neutral-CoT,R1,1
46160,Neutral-CoT,V3,1
46218,Neutral-CoT,CN,2
46218,Neutral-CoT,CT,2
46218,Neutral-CoT,R1,1
46218,Neutral-CoT,V3,2
46346,Neutral-CoT,CN,1
46346,Neutral-CoT,CT,1
46346,Neutral-CoT,R1,1
46346,Neutral-CoT,V3,1
46371,Neutral-CoT,CN,1
46372,Neutral-CoT,CN,2
46372,Neutral-CoT,CT,2
46372,Neutral-CoT,R1,2
46372,Neutral-CoT,V3,2
46555,Neutral-CoT,CN,2
46555,Neutral-CoT,CT,2
46555,Neutral-CoT,R1,2
46555,Neutral-CoT,V3,2
46569,Neutral-CoT,CN,2
46569,Neutral-CoT,CT,2
46569,Neutral-CoT,R1,2
46569,Neutral-CoT,V3,2
46595,Neutral-CoT,CN,2
46595,Neutral-CoT,CT,2
46595,Neutral-CoT,R1,2
46595,Neutral-CoT,V3,2
46674,Neutral-CoT,CN,1
46674,Neutral-CoT,CT,1
46674,Neutral-CoT,R1,1
46674,Neutral-CoT,V3,1
46707,Neutral-CoT,CN,2
46707,Neutral-CoT,CT,2
46707,Neutral-CoT,R1,2
46707,Neutral-CoT,V3,2
46710,Neutral-CoT,CN,2
46710,Neutral-CoT,CT,2
46710,Neutral-CoT,R1,2
46710,Neutral-CoT,V3,2
46751,Neutral-CoT,CN,2
46751,Neutral-CoT,CT,2
46751,Neutral-CoT,R1,2
46751,Neutral-CoT,V3,2
46756,Neutral-CoT,CN,1
46756,Neutral-CoT,CT,1
46756,Neutral-CoT,R1,1
46756,Neutral-CoT,V3,1
46758,Neutral-CoT,CT,2
46758,Neutral-CoT,R1,2
46758,Neutral-CoT,V3,2
46810,Neutral-CoT,CN,2
46810,Neutral-CoT,CT,2
46810,Neutral-CoT,R1,2
46810,Neutral-CoT,V3,2
46859,Neutral-CoT,CN,2
46859,Neutral-CoT,CT,2
46859,Neutral-CoT,R1,2
46859,Neutral-CoT,V3,2
46880,Neutral-CoT,CN,1
46880,Neutral-CoT,CT,1
46880,Neutral-CoT,R1,1
46880,Neutral-CoT,V3,1
46894,Neutral-CoT,CN,2
46894,Neutral-CoT,CT,2
46894,Neutral-CoT,R1,2
46894,Neutral-CoT,V3,2
46969,Neutral-CoT,CN,2
46969,Neutral-CoT,CT,2
46969,Neutral-CoT,R1,2
46969,Neutral-CoT,V3,2
47024,Neutral-CoT,CN,1
47024,Neutral-CoT,CT,1
47024,Neutral-CoT,R1,2
47024,Neutral-CoT,V3,1
47060,Neutral-CoT,CN,2
47060,Neutral-CoT,CT,2
47060,Neutral-CoT,R1,2
47060,Neutral-CoT,V3,2
47065,Neutral-CoT,CN,1
47065,Neutral-CoT,CT,1
47065,Neutral-CoT,R1,1
47065,Neutral-CoT,V3,1
47097,Neutral-CoT,CN,1
47097,Neutral-CoT,CT,1
47097,Neutral-CoT,R1,1
47097,Neutral-CoT,V3,1
47139,Neutral-CoT,CN,2
47139,Neutral-CoT,CT,2
47139,Neutral-CoT,R1,2
47139,Neutral-CoT,V3,2
47169,Neutral-CoT,CN,2
47169,Neutral-CoT,CT,2
47169,Neutral-CoT,R1,2
47169,Neutral-CoT,V3,2
47174,Neutral-CoT,CN,2
47174,Neutral-CoT,CT,2
47174,Neutral-CoT,R1,2
47174,Neutral-CoT,V3,1
47216,Neutral-CoT,CN,2
47216,Neutral-CoT,CT,2
47216,Neutral-CoT,R1,2
47216,Neutral-CoT,V3,2
47246,Neutral-CoT,CN,2
47246,Neutral-CoT,CT,2
47246,Neutral-CoT,R1,2
47246,Neutral-CoT,V3,2
47249,Neutral-CoT,CN,2
47249,Neutral-CoT,CT,2
47249,Neutral-CoT,R1,2
47249,Neutral-CoT,V3,2
47362,Neutral-CoT,CN,1
47362,Neutral-CoT,CT,1
47362,Neutral-CoT,R1,1
47362,Neutral-CoT,V3,1
47371,Neutral-CoT,CN,1
47371,Neutral-CoT,CT,1
47371,Neutral-CoT,R1,1
47371,Neutral-CoT,V3,1
47560,Neutral-CoT,CN,1
47560,Neutral-CoT,CT,1
47560,Neutral-CoT,R1,1
47560,Neutral-CoT,V3,1
47603,Neutral-CoT,CN,1
47603,Neutral-CoT,CT,1
47619,Neutral-CoT,CN,2
47619,Neutral-CoT,CT,2
47619,Neutral-CoT,R1,2
47619,Neutral-CoT,V3,2
47632,Neutral-CoT,CN,1
47632,Neutral-CoT,V3,1
47865,Neutral-CoT,CN,2
47865,Neutral-CoT,CT,2
47865,Neutral-CoT,R1,2
47865,Neutral-CoT,V3,2
47886,Neutral-CoT,CN,1
47886,Neutral-CoT,CT,1
48180,Neutral-CoT,CN,2
48180,Neutral-CoT,CT,2
48180,Neutral-CoT,R1,2
48180,Neutral-CoT,V3,2
48182,Neutral-CoT,CN,1
48182,Neutral-CoT,CT,1
48182,Neutral-CoT,R1,1
48182,Neutral-CoT,V3,1
48217,Neutral-CoT,CN,2
48217,Neutral-CoT,CT,2
48217,Neutral-CoT,R1,2
48217,Neutral-CoT,V3,2
48246,Neutral-CoT,CN,1
48246,Neutral-CoT,CT,1
48246,Neutral-CoT,R1,1
48246,Neutral-CoT,V3,1
48295,Neutral-CoT,CN,2
48295,Neutral-CoT,CT,2
48295,Neutral-CoT,R1,2
48329,Neutral-CoT,CN,1
48329,Neutral-CoT,CT,1
48329,Neutral-CoT,R1,1
48329,Neutral-CoT,V3,1
48352,Neutral-CoT,CN,1
48352,Neutral-CoT,CT,1
48352,Neutral-CoT,R1,1
48352,Neutral-CoT,V3,2
48355,Neutral-CoT,CN,2
48355,Neutral-CoT,CT,2
48355,Neutral-CoT,R1,2
48355,Neutral-CoT,V3,2
48359,Neutral-CoT,CN,1
48359,Neutral-CoT,CT,1
48359,Neutral-CoT,R1,1
48359,Neutral-CoT,V3,1
48434,Neutral-CoT,CT,1
48434,Neutral-CoT,R1,2
48434,Neutral-CoT,V3,2
48441,Neutral-CoT,CN,2
48441,Neutral-CoT,CT,2
48441,Neutral-CoT,R1,2
48441,Neutral-CoT,V3,2
48449,Neutral-CoT,CN,2
48449,Neutral-CoT,CT,2
48449,Neutral-CoT,R1,2
48449,Neutral-CoT,V3,2
48506,Neutral-CoT,CN,2
48506,Neutral-CoT,CT,2
48506,Neutral-CoT,R1,2
48506,Neutral-CoT,V3,2
48538,Neutral-CoT,CN,1
48538,Neutral-CoT,CT,1
48538,Neutral-CoT,R1,2
48538,Neutral-CoT,V3,2
48541,Neutral-CoT,CN,1
48541,Neutral-CoT,CT,1
48541,Neutral-CoT,R1,1
48541,Neutral-CoT,V3,1
48562,Neutral-CoT,CN,2
48562,Neutral-CoT,CT,2
48562,Neutral-CoT,R1,2
48562,Neutral-CoT,V3,2
48563,Neutral-CoT,CT,2
48563,Neutral-CoT,R1,2
48563,Neutral-CoT,V3,2
48566,Neutral-CoT,CN,1
48566,Neutral-CoT,CT,1
48566,Neutral-CoT,V3,1
48587,Neutral-CoT,CN,1
48587,Neutral-CoT,CT,1
48587,Neutral-CoT,R1,1
48587,Neutral-CoT,V3,1
48607,Neutral-CoT,CN,2
48607,Neutral-CoT,CT,2
48607,Neutral-CoT,R1,2
48607,Neutral-CoT,V3,2
48618,Neutral-CoT,CN,1
48618,Neutral-CoT,CT,1
48618,Neutral-CoT,R1,1
48618,Neutral-CoT,V3,1
48722,Neutral-CoT,CN,2
48722,Neutral-CoT,CT,2
48722,Neutral-CoT,V3,2
48728,Neutral-CoT,CN,1
48728,Neutral-CoT,CT,1
48728,Neutral-CoT,R1,1
48728,Neutral-CoT,V3,1
48859,Neutral-CoT,CN,2
48859,Neutral-CoT,CT,2
48859,Neutral-CoT,R1,2
48859,Neutral-CoT,V3,2
48898,Neutral-CoT,CN,1
48898,Neutral-CoT,CT,1
48898,Neutral-CoT,R1,1
48898,Neutral-CoT,V3,1
48976,Neutral-CoT,CN,2
48976,Neutral-CoT,CT,2
48976,Neutral-CoT,R1,2
48976,Neutral-CoT,V3,2
49004,Neutral-CoT,CN,1
49004,Neutral-CoT,CT,1
49004,Neutral-CoT,R1,1
49004,Neutral-CoT,V3,1
49029,Neutral-CoT,CN,1
49029,Neutral-CoT,CT,1
49029,Neutral-CoT,R1,1
49029,Neutral-CoT,V3,1
49047,Neutral-CoT,CN,1
49047,Neutral-CoT,CT,1
49047,Neutral-CoT,R1,1
49047,Neutral-CoT,V3,1
49052,Neutral-CoT,CN,1
49052,Neutral-CoT,CT,1
49052,Neutral-CoT,R1,1
49052,Neutral-CoT,V3,1
49095,Neutral-CoT,CN,1
49095,Neutral-CoT,CT,1
49095,Neutral-CoT,R1,1
49095,Neutral-CoT,V3,1
49132,Neutral-CoT,CN,1
49132,Neutral-CoT,CT,1
49132,Neutral-CoT,R1,1
49132,Neutral-CoT,V3,1
49146,Neutral-CoT,CN,1
49146,Neutral-CoT,CT,1
49146,Neutral-CoT,R1,1
49146,Neutral-CoT,V3,1
49168,Neutral-CoT,CT,1
49168,Neutral-CoT,R1,2
49168,Neutral-CoT,V3,2
49182,Neutral-CoT,R1,2
49182,Neutral-CoT,V3,2
49189,Neutral-CoT,CN,1
49189,Neutral-CoT,CT,1
49189,Neutral-CoT,R1,1
49189,Neutral-CoT,V3,1
49213,Neutral-CoT,CN,1
49213,Neutral-CoT,CT,1
49213,Neutral-CoT,R1,1
49213,Neutral-CoT,V3,1
49228,Neutral-CoT,CN,1
49228,Neutral-CoT,CT,1
49228,Neutral-CoT,R1,1
49228,Neutral-CoT,V3,1
49239,Neutral-CoT,CT,1
49239,Neutral-CoT,R1,1
49239,Neutral-CoT,V3,1
49242,Neutral-CoT,CN,2
49242,Neutral-CoT,CT,2
49242,Neutral-CoT,R1,2
49242,Neutral-CoT,V3,2
49325,Neutral-CoT,CN,1
49325,Neutral-CoT,CT,1
49325,Neutral-CoT,R1,1
49325,Neutral-CoT,V3,1
49400,Neutral-CoT,CN,2
49400,Neutral-CoT,CT,2
49400,Neutral-CoT,R1,2
49400,Neutral-CoT,V3,2
49460,Neutral-CoT,CN,1
49460,Neutral-CoT,CT,1
49460,Neutral-CoT,R1,1
49460,Neutral-CoT,V3,1
49550,Neutral-CoT,CN,2
49550,Neutral-CoT,V3,2
49700,Neutral-CoT,CN,1
49700,Neutral-CoT,CT,1
49700,Neutral-CoT,R1,1
49700,Neutral-CoT,V3,1
49737,Neutral-CoT,CN,1
49737,Neutral-CoT,CT,1
49737,Neutral-CoT,R1,1
49737,Neutral-CoT,V3,1
49765,Neutral-CoT,CN,2
49765,Neutral-CoT,CT,2
49765,Neutral-CoT,R1,2
49765,Neutral-CoT,V3,2
49777,Neutral-CoT,CT,1
49777,Neutral-CoT,R1,2
49777,Neutral-CoT,V3,1
49804,Neutral-CoT,CN,2
49804,Neutral-CoT,CT,2
49804,Neutral-CoT,R1,2
49804,Neutral-CoT,V3,2
49855,Neutral-CoT,CN,2
49855,Neutral-CoT,CT,2
49855,Neutral-CoT,R1,2
49855,Neutral-CoT,V3,2
49870,Neutral-CoT,CN,2
49870,Neutral-CoT,CT,2
49870,Neutral-CoT,R1,2
49870,Neutral-CoT,V3,2
49943,Neutral-CoT,CN,2
49943,Neutral-CoT,CT,2
49943,Neutral-CoT,R1,2
49943,Neutral-CoT,V3,2
49950,Neutral-CoT,CN,2
49950,Neutral-CoT,CT,2
49950,Neutral-CoT,R1,2
49950,Neutral-CoT,V3,2
49959,Neutral-CoT,CN,2
49959,Neutral-CoT,CT,2
49959,Neutral-CoT,R1,2
49959,Neutral-CoT,V3,2
49971,Neutral-CoT,CN,1
49971,Neutral-CoT,CT,1
49971,Neutral-CoT,R1,1
49971,Neutral-CoT,V3,1
